1.693952798843383789e+00,-3.134253978729248047e+00,8.033586740493774414e-01,-9.761394001543521881e-03,-1.873413845896720886e-02,-7.051039934158325195e-01,7.087891697883605957e-01,-1.025263741612434387e-01,8.381581306457519531e-02,1.795711517333984375e-01,3.357380926609039307e-01,-1.927864104509353638e-01,-1.056253723800182343e-02,3.443985478952527046e-03,-2.338728755712509155e-01,-4.724463522434234619e-01,2.782649993896484375e-01,-2.497460842132568359e-01,1.101019755005836487e-01,-1.125902980566024780e-01,-1.854827068746089935e-02,1.579345762729644775e-01,-2.693886160850524902e-01,1.563563108444213867e+00,-3.136771321296691895e-01,1.020852088928222656e+00,-2.770065367221832275e-01,1.719367057085037231e-01,6.826187372207641602e-01,-9.257874637842178345e-02,-1.481833577156066895e+00,-2.165954858064651489e-01,8.947861194610595703e-01,-2.201763540506362915e-01,2.346006035804748535e-01,-3.935879766941070557e-01
1.694070935249328613e+00,-3.134143590927124023e+00,8.027135729789733887e-01,-2.183951437473297119e-02,-2.552045695483684540e-02,-7.456976175308227539e-01,6.654373407363891602e-01,-5.151361227035522461e-02,1.350383162498474121e-01,2.930612266063690186e-01,3.721047043800354004e-01,-2.475923448801040649e-01,-2.737038210034370422e-02,-3.104090131819248199e-02,-2.005849480628967285e-01,-3.438168466091156006e-01,3.244715332984924316e-01,-2.718366682529449463e-01,9.666266292333602905e-02,-2.628783881664276123e-02,-1.377914380282163620e-02,1.919513791799545288e-01,-1.537419259548187256e-01,1.569472551345825195e+00,-1.978033483028411865e-01,1.080332040786743164e+00,-3.341937065124511719e-01,6.184650957584381104e-02,7.110783457756042480e-01,-1.832416355609893799e-01,-1.480462670326232910e+00,-1.332378685474395752e-01,9.477348327636718750e-01,-2.040577381849288940e-01,1.553581655025482178e-01,-4.378094375133514404e-01
1.694281458854675293e+00,-3.133734226226806641e+00,8.028333783149719238e-01,-2.354297041893005371e-02,-2.663679979741573334e-02,-7.580896615982055664e-01,6.511806249618530273e-01,-3.507232666015625000e-02,1.473106443881988525e-01,3.311521112918853760e-01,3.724829554557800293e-01,-2.556565999984741211e-01,-3.149246424436569214e-02,-4.408323764801025391e-02,-1.895494014024734497e-01,-3.045760095119476318e-01,3.318033218383789062e-01,-2.715481221675872803e-01,9.247676283121109009e-02,8.325044997036457062e-03,-1.270282827317714691e-02,1.988910883665084839e-01,-1.437063515186309814e-01,1.571771144866943359e+00,-1.879613250494003296e-01,1.092957615852355957e+00,-3.364148437976837158e-01,4.623649269342422485e-02,7.076070904731750488e-01,-1.917937099933624268e-01,-1.479915976524353027e+00,-1.284436881542205811e-01,9.608114361763000488e-01,-2.036184817552566528e-01,1.389665007591247559e-01,-4.393421113491058350e-01
1.694448828697204590e+00,-3.133344650268554688e+00,8.031700849533081055e-01,-2.335108257830142975e-02,-2.628649957478046417e-02,-7.616627216339111328e-01,6.470190286636352539e-01,-3.091658279299736023e-02,1.499077081680297852e-01,3.421604335308074951e-01,3.680297434329986572e-01,-2.549870312213897705e-01,-3.221308812499046326e-02,-4.794419184327125549e-02,-1.853233575820922852e-01,-2.935948669910430908e-01,3.283827900886535645e-01,-2.679198980331420898e-01,9.113089740276336670e-02,1.752525940537452698e-02,-1.277175545692443848e-02,1.998530924320220947e-01,-1.376821547746658325e-01,1.572060585021972656e+00,-1.803176701068878174e-01,1.094071626663208008e+00,-3.349448442459106445e-01,4.444484040141105652e-02,7.101641893386840820e-01,-1.966714113950729370e-01,-1.478178262710571289e+00,-1.273430287837982178e-01,9.637076854705810547e-01,-2.036008536815643311e-01,1.363760381937026978e-01,-4.392939507961273193e-01
1.694539546966552734e+00,-3.132965326309204102e+00,8.035773634910583496e-01,-2.293179742991924286e-02,-2.559337019920349121e-02,-7.628823518753051758e-01,6.456235051155090332e-01,-2.969038113951683044e-02,1.504894345998764038e-01,3.457262814044952393e-01,3.626306354999542236e-01,-2.524707019329071045e-01,-3.222006186842918396e-02,-4.877638444304466248e-02,-1.825723648071289062e-01,-2.902311682701110840e-01,3.221403360366821289e-01,-2.637643218040466309e-01,9.037391841411590576e-02,1.953525841236114502e-02,-1.280927192419767380e-02,1.994977146387100220e-01,-1.323346793651580811e-01,1.571228861808776855e+00,-1.730488687753677368e-01,1.091277360916137695e+00,-3.341054916381835938e-01,4.300555214285850525e-02,7.146096825599670410e-01,-1.987488567829132080e-01,-1.475776791572570801e+00,-1.279490888118743896e-01,9.627791643142700195e-01,-2.017893493175506592e-01,1.344535350799560547e-01,-4.421591460704803467e-01
1.694562911987304688e+00,-3.132607460021972656e+00,8.039926290512084961e-01,-2.249382250010967255e-02,-2.486418187618255615e-02,-7.633924484252929688e-01,6.450641155242919922e-01,-2.903613634407520294e-02,1.504929065704345703e-01,3.471288979053497314e-01,3.567847311496734619e-01,-2.494030445814132690e-01,-3.211516141891479492e-02,-4.861258342862129211e-02,-1.802951842546463013e-01,-2.891195714473724365e-01,3.153605163097381592e-01,-2.596878707408905029e-01,8.976633101701736450e-02,1.954642683267593384e-02,-1.283046416938304901e-02,1.986983120441436768e-01,-1.272594332695007324e-01,1.569740056991577148e+00,-1.653700768947601318e-01,1.086644172668457031e+00,-3.312266469001770020e-01,4.266892001032829285e-02,7.188016772270202637e-01,-1.983767747879028320e-01,-1.473047137260437012e+00,-1.302401572465896606e-01,9.600316286087036133e-01,-2.017935216426849365e-01,1.330563724040985107e-01,-4.439892470836639404e-01
1.694535851478576660e+00,-3.132278680801391602e+00,8.043893575668334961e-01,-2.203700877726078033e-02,-2.416501753032207489e-02,-7.636239528656005859e-01,6.448324918746948242e-01,-2.849456667900085449e-02,1.502034664154052734e-01,3.477043211460113525e-01,3.507220745086669922e-01,-2.461505979299545288e-01,-3.200658783316612244e-02,-4.817995056509971619e-02,-1.783514469861984253e-01,-2.888836562633514404e-01,3.088364303112030029e-01,-2.559214234352111816e-01,8.924438059329986572e-02,1.881751418113708496e-02,-1.282454468309879303e-02,1.976474374532699585e-01,-1.225309818983078003e-01,1.568262577056884766e+00,-1.597816646099090576e-01,1.082271099090576172e+00,-3.273291885852813721e-01,4.170368239283561707e-02,7.224159240722656250e-01,-1.962021887302398682e-01,-1.470343112945556641e+00,-1.330986768007278442e-01,9.569561481475830078e-01,-2.006122022867202759e-01,1.327404975891113281e-01,-4.466404020786285400e-01
1.694479227066040039e+00,-3.131989955902099609e+00,8.047652244567871094e-01,-2.155332639813423157e-02,-2.348487265408039093e-02,-7.637052536010742188e-01,6.447776556015014648e-01,-2.804053202271461487e-02,1.497430056333541870e-01,3.478395342826843262e-01,3.446341753005981445e-01,-2.428683638572692871e-01,-3.190470114350318909e-02,-4.765452444553375244e-02,-1.766972243785858154e-01,-2.892466485500335693e-01,3.026204705238342285e-01,-2.524502575397491455e-01,8.882360160350799561e-02,1.747635938227176666e-02,-1.259238272905349731e-02,1.963432133197784424e-01,-1.176499649882316589e-01,1.566746950149536133e+00,-1.550155431032180786e-01,1.078592419624328613e+00,-3.241564631462097168e-01,3.991151973605155945e-02,7.250361442565917969e-01,-1.941782683134078979e-01,-1.467680454254150391e+00,-1.373520195484161377e-01,9.542250037193298340e-01,-2.002802938222885132e-01,1.337650269269943237e-01,-4.487963318824768066e-01
1.694406628608703613e+00,-3.131746530532836914e+00,8.051521182060241699e-01,-2.105725556612014771e-02,-2.281360141932964325e-02,-7.636654973030090332e-01,6.448652148246765137e-01,-2.751235663890838623e-02,1.491608321666717529e-01,3.477607965469360352e-01,3.382908999919891357e-01,-2.394519895315170288e-01,-3.181383758783340454e-02,-4.683325812220573425e-02,-1.752545684576034546e-01,-2.900884449481964111e-01,2.962272167205810547e-01,-2.490110546350479126e-01,8.846841007471084595e-02,1.571497879922389984e-02,-1.210092846304178238e-02,1.947332173585891724e-01,-1.150045692920684814e-01,1.564786076545715332e+00,-1.519134044647216797e-01,1.075738191604614258e+00,-3.212201297283172607e-01,3.830406069755554199e-02,7.262461185455322266e-01,-1.941151022911071777e-01,-1.464953064918518066e+00,-1.429767310619354248e-01,9.526473879814147949e-01,-2.022869735956192017e-01,1.358592212200164795e-01,-4.480576515197753906e-01
1.694324851036071777e+00,-3.131557941436767578e+00,8.055860996246337891e-01,-2.053563669323921204e-02,-2.213650010526180267e-02,-7.635303735733032227e-01,6.450655460357666016e-01,-2.667754888534545898e-02,1.483557373285293579e-01,3.475178182125091553e-01,3.311375379562377930e-01,-2.356272935867309570e-01,-3.172459825873374939e-02,-4.551391676068305969e-02,-1.737804710865020752e-01,-2.913141250610351562e-01,2.890313565731048584e-01,-2.452590614557266235e-01,8.824326843023300171e-02,1.390405185520648956e-02,-1.144148502498865128e-02,1.928096860647201538e-01,-1.147054359316825867e-01,1.562471032142639160e+00,-1.499429196119308472e-01,1.072788953781127930e+00,-3.180219531059265137e-01,3.787590190768241882e-02,7.249931693077087402e-01,-1.963554024696350098e-01,-1.463273882865905762e+00,-1.455108672380447388e-01,9.536532163619995117e-01,-2.007113993167877197e-01,1.372321844100952148e-01,-4.451335668563842773e-01
1.694220304489135742e+00,-3.131446361541748047e+00,8.060542941093444824e-01,-1.997851021587848663e-02,-2.144927158951759338e-02,-7.633337974548339844e-01,6.453388929367065430e-01,-2.557427808642387390e-02,1.473540365695953369e-01,3.470846116542816162e-01,3.233288228511810303e-01,-2.314875274896621704e-01,-3.166050836443901062e-02,-4.377102851867675781e-02,-1.720616370439529419e-01,-2.925004661083221436e-01,2.810486555099487305e-01,-2.411957234144210815e-01,8.814395964145660400e-02,1.184313744306564331e-02,-1.059581991285085678e-02,1.902364194393157959e-01,-1.150657311081886292e-01,1.559741854667663574e+00,-1.479519158601760864e-01,1.069469332695007324e+00,-3.138450086116790771e-01,3.869546949863433838e-02,7.231153249740600586e-01,-2.018859386444091797e-01,-1.461532592773437500e+00,-1.464385837316513062e-01,9.565107822418212891e-01,-2.001592069864273071e-01,1.377882510423660278e-01,-4.414762556552886963e-01
1.694051623344421387e+00,-3.131374597549438477e+00,8.065162301063537598e-01,-1.939499750733375549e-02,-2.074547670781612396e-02,-7.631444334983825684e-01,6.456036567687988281e-01,-2.444311231374740601e-02,1.464250981807708740e-01,3.466176390647888184e-01,3.154705464839935303e-01,-2.272913306951522827e-01,-3.171791508793830872e-02,-4.201363399624824524e-02,-1.701829433441162109e-01,-2.932340800762176514e-01,2.729658782482147217e-01,-2.371407151222229004e-01,8.795826137065887451e-02,9.620417840778827667e-03,-9.466120041906833649e-03,1.870526522397994995e-01,-1.149470433592796326e-01,1.556740522384643555e+00,-1.455444246530532837e-01,1.065734505653381348e+00,-3.068729639053344727e-01,4.109996929764747620e-02,7.216742038726806641e-01,-2.080413848161697388e-01,-1.459503054618835449e+00,-1.454973220825195312e-01,9.591794013977050781e-01,-2.003151774406433105e-01,1.375138163566589355e-01,-4.392779171466827393e-01
1.693856239318847656e+00,-3.131352901458740234e+00,8.068286776542663574e-01,-1.876959577202796936e-02,-2.023339457809925079e-02,-7.629401683807373047e-01,6.458797454833984375e-01,-2.347893081605434418e-02,1.452964693307876587e-01,3.461081087589263916e-01,3.086400032043457031e-01,-2.236022651195526123e-01,-3.183033317327499390e-02,-4.119008406996726990e-02,-1.694703698158264160e-01,-2.947146594524383545e-01,2.677622437477111816e-01,-2.345345616340637207e-01,8.816970139741897583e-02,7.330656051635742188e-03,-8.319112472236156464e-03,1.839825212955474854e-01,-1.121489405632019043e-01,1.553303718566894531e+00,-1.401436626911163330e-01,1.060463547706604004e+00,-2.995200157165527344e-01,4.385630041360855103e-02,7.222982048988342285e-01,-2.088351249694824219e-01,-1.457904458045959473e+00,-1.482822746038436890e-01,9.589008092880249023e-01,-1.981623321771621704e-01,1.378694027662277222e-01,-4.385369718074798584e-01
1.693602561950683594e+00,-3.131419658660888672e+00,8.069610595703125000e-01,-1.820572465658187866e-02,-2.007814683020114899e-02,-7.627009153366088867e-01,6.461832523345947266e-01,-2.246541902422904968e-02,1.439006030559539795e-01,3.453597724437713623e-01,3.033973872661590576e-01,-2.208082526922225952e-01,-3.202157467603683472e-02,-4.133760556578636169e-02,-1.698743999004364014e-01,-2.959250211715698242e-01,2.664493024349212646e-01,-2.340328693389892578e-01,8.878799527883529663e-02,5.234457086771726608e-03,-7.621251512318849564e-03,1.818254441022872925e-01,-1.049998179078102112e-01,1.550099492073059082e+00,-1.317661702632904053e-01,1.053099155426025391e+00,-2.933827638626098633e-01,4.510605335235595703e-02,7.260906100273132324e-01,-2.051775008440017700e-01,-1.455643773078918457e+00,-1.581363826990127563e-01,9.559218287467956543e-01,-1.975573003292083740e-01,1.372193396091461182e-01,-4.394148588180541992e-01
1.693251013755798340e+00,-3.131558895111083984e+00,8.069792985916137695e-01,-1.777794025838375092e-02,-2.020237594842910767e-02,-7.624483108520507812e-01,6.464892625808715820e-01,-2.131518349051475525e-02,1.425799280405044556e-01,3.444925248622894287e-01,2.995996773242950439e-01,-2.187944501638412476e-01,-3.238739445805549622e-02,-4.197359830141067505e-02,-1.707502156496047974e-01,-2.966850399971008301e-01,2.678973376750946045e-01,-2.352773249149322510e-01,8.888290077447891235e-02,3.432712517678737640e-03,-7.263211067765951157e-03,1.805826723575592041e-01,-9.737312048673629761e-02,1.547271013259887695e+00,-1.196401342749595642e-01,1.045416593551635742e+00,-2.858527600765228271e-01,4.500860720872879028e-02,7.310795783996582031e-01,-2.006910592317581177e-01,-1.454310774803161621e+00,-1.651650816202163696e-01,9.545999765396118164e-01,-1.955353766679763794e-01,1.369975656270980835e-01,-4.413804113864898682e-01
1.692778110504150391e+00,-3.131752729415893555e+00,8.068992495536804199e-01,-1.748443953692913055e-02,-2.052192948758602142e-02,-7.621629238128662109e-01,6.468235850334167480e-01,-2.037668973207473755e-02,1.417091637849807739e-01,3.437499403953552246e-01,2.977167963981628418e-01,-2.177155464887619019e-01,-3.300482407212257385e-02,-4.278614744544029236e-02,-1.718807071447372437e-01,-2.973795533180236816e-01,2.712015211582183838e-01,-2.377115935087203979e-01,8.870768547058105469e-02,1.988073112443089485e-03,-7.086291443556547165e-03,1.796249747276306152e-01,-9.258215874433517456e-02,1.545160412788391113e+00,-1.084352582693099976e-01,1.038934350013732910e+00,-2.789160013198852539e-01,4.557082056999206543e-02,7.359178662300109863e-01,-1.954351663589477539e-01,-1.453674554824829102e+00,-1.725293695926666260e-01,9.548508524894714355e-01,-1.935519576072692871e-01,1.365712434053421021e-01,-4.424348473548889160e-01
1.692186951637268066e+00,-3.132069110870361328e+00,8.067425489425659180e-01,-1.734073273837566376e-02,-2.095188945531845093e-02,-7.617813348770141602e-01,6.472630500793457031e-01,-1.968931779265403748e-02,1.413780599832534790e-01,3.429049551486968994e-01,2.977046668529510498e-01,-2.176448553800582886e-01,-3.389181569218635559e-02,-4.332549870014190674e-02,-1.731998324394226074e-01,-2.986936569213867188e-01,2.756388485431671143e-01,-2.410553693771362305e-01,8.840057253837585449e-02,2.541550784371793270e-04,-6.835932843387126923e-03,1.781636178493499756e-01,-8.988115191459655762e-02,1.544143795967102051e+00,-1.004987955093383789e-01,1.033818125724792480e+00,-2.752148509025573730e-01,4.626632854342460632e-02,7.411794066429138184e-01,-1.906042546033859253e-01,-1.453763723373413086e+00,-1.807734072208404541e-01,9.562216401100158691e-01,-1.936672329902648926e-01,1.371341049671173096e-01,-4.442612826824188232e-01
1.691497206687927246e+00,-3.132518291473388672e+00,8.066140413284301758e-01,-1.734225079417228699e-02,-2.142511308193206787e-02,-7.612645626068115234e-01,6.478552818298339844e-01,-1.883981004357337952e-02,1.414335072040557861e-01,3.419761061668395996e-01,2.983341515064239502e-01,-2.180009633302688599e-01,-3.497132286429405212e-02,-4.294018074870109558e-02,-1.739726215600967407e-01,-2.996373772621154785e-01,2.793917059898376465e-01,-2.443899959325790405e-01,8.785295486450195312e-02,-1.916422392241656780e-03,-6.360006053000688553e-03,1.764930337667465210e-01,-9.018146991729736328e-02,1.545008063316345215e+00,-9.867374598979949951e-02,1.031523704528808594e+00,-2.744610905647277832e-01,4.668383672833442688e-02,7.442062497138977051e-01,-1.868142485618591309e-01,-1.454497098922729492e+00,-1.904444247484207153e-01,9.580683112144470215e-01,-1.928773224353790283e-01,1.372127383947372437e-01,-4.446341395378112793e-01
1.690669775009155273e+00,-3.133057355880737305e+00,8.065007925033569336e-01,-1.753313466906547546e-02,-2.194353193044662476e-02,-7.606700658798217773e-01,6.485307216644287109e-01,-1.758960820734500885e-02,1.419406831264495850e-01,3.409462571144104004e-01,2.992019057273864746e-01,-2.185411751270294189e-01,-3.631212934851646423e-02,-4.162197932600975037e-02,-1.742419302463531494e-01,-3.007458150386810303e-01,2.825121283531188965e-01,-2.476628422737121582e-01,8.708175271749496460e-02,-4.120250698179006577e-03,-5.649007856845855713e-03,1.748081594705581665e-01,-9.179154783487319946e-02,1.547181844711303711e+00,-9.912134706974029541e-02,1.031042933464050293e+00,-2.750980854034423828e-01,4.647307470440864563e-02,7.443790435791015625e-01,-1.833145618438720703e-01,-1.455885529518127441e+00,-2.001828849315643311e-01,9.592927694320678711e-01,-1.880838572978973389e-01,1.368077844381332397e-01,-4.422563910484313965e-01
1.689710736274719238e+00,-3.133683681488037109e+00,8.063671588897705078e-01,-1.788274943828582764e-02,-2.251474745571613312e-02,-7.601051926612854004e-01,6.491636037826538086e-01,-1.588811539113521576e-02,1.427977681159973145e-01,3.398368954658508301e-01,3.002507984638214111e-01,-2.193153202533721924e-01,-3.790920972824096680e-02,-3.979933634400367737e-02,-1.742028445005416870e-01,-3.019882142543792725e-01,2.856577038764953613e-01,-2.511470019817352295e-01,8.616521954536437988e-02,-5.615892354398965836e-03,-4.968814551830291748e-03,1.730730682611465454e-01,-9.355976432561874390e-02,1.550049901008605957e+00,-1.007367894053459167e-01,1.031634211540222168e+00,-2.766257822513580322e-01,4.608884453773498535e-02,7.424840927124023438e-01,-1.796365678310394287e-01,-1.458063483238220215e+00,-2.076090723276138306e-01,9.610120654106140137e-01,-1.821422129869461060e-01,1.355238854885101318e-01,-4.416527152061462402e-01
1.688626289367675781e+00,-3.134418487548828125e+00,8.062204718589782715e-01,-1.836201176047325134e-02,-2.315630018711090088e-02,-7.596397399902343750e-01,6.496722698211669922e-01,-1.353790983557701111e-02,1.437249630689620972e-01,3.383626341819763184e-01,3.010878860950469971e-01,-2.202402502298355103e-01,-3.971774131059646606e-02,-3.762382268905639648e-02,-1.738552153110504150e-01,-3.029861152172088623e-01,2.889756858348846436e-01,-2.549155056476593018e-01,8.512011915445327759e-02,-6.746799685060977936e-03,-4.393189214169979095e-03,1.712755858898162842e-01,-9.135972708463668823e-02,1.551952958106994629e+00,-9.934860467910766602e-02,1.032129883766174316e+00,-2.792700827121734619e-01,4.498922452330589294e-02,7.417673468589782715e-01,-1.762474179267883301e-01,-1.460681200027465820e+00,-2.129068225622177124e-01,9.628385305404663086e-01,-1.796928793191909790e-01,1.342684626579284668e-01,-4.442427158355712891e-01
1.687391877174377441e+00,-3.135164737701416016e+00,8.060323596000671387e-01,-1.897191442549228668e-02,-2.389194071292877197e-02,-7.591816782951354980e-01,6.501634120941162109e-01,-1.092355884611606598e-02,1.449098438024520874e-01,3.366408944129943848e-01,3.022428452968597412e-01,-2.214203774929046631e-01,-4.174224287271499634e-02,-3.531027957797050476e-02,-1.733045428991317749e-01,-3.039379119873046875e-01,2.928898930549621582e-01,-2.590829133987426758e-01,8.370128273963928223e-02,-7.974937558174133301e-03,-4.257696680724620819e-03,1.693467199802398682e-01,-8.558946102857589722e-02,1.552060484886169434e+00,-8.946081995964050293e-02,1.029995799064636230e+00,-2.805506587028503418e-01,4.452963545918464661e-02,7.429615259170532227e-01,-1.718188077211380005e-01,-1.462545037269592285e+00,-2.179418206214904785e-01,9.630366563796997070e-01,-1.745179444551467896e-01,1.325928717851638794e-01,-4.507560431957244873e-01
1.686021924018859863e+00,-3.135834693908691406e+00,8.057230114936828613e-01,-1.965919509530067444e-02,-2.474104426801204681e-02,-7.586483955383300781e-01,6.507334709167480469e-01,-8.799469098448753357e-03,1.463948935270309448e-01,3.345100581645965576e-01,3.047758042812347412e-01,-2.231618463993072510e-01,-4.392315819859504700e-02,-3.358535096049308777e-02,-1.729618757963180542e-01,-3.050253987312316895e-01,2.987317442893981934e-01,-2.642101943492889404e-01,8.191957324743270874e-02,-9.171081706881523132e-03,-4.356334451586008072e-03,1.679054498672485352e-01,-7.680291682481765747e-02,1.551554203033447266e+00,-7.591792196035385132e-02,1.025732636451721191e+00,-2.779026329517364502e-01,4.487038403749465942e-02,7.468425631523132324e-01,-1.658862531185150146e-01,-1.463847994804382324e+00,-2.268900126218795776e-01,9.607836604118347168e-01,-1.676222532987594604e-01,1.308259516954421997e-01,-4.584508538246154785e-01
1.684455752372741699e+00,-3.136447429656982422e+00,8.052714467048645020e-01,-2.042422257363796234e-02,-2.570959925651550293e-02,-7.579975724220275879e-01,6.514304280281066895e-01,-7.378095295280218124e-03,1.484155058860778809e-01,3.320651352405548096e-01,3.092292547225952148e-01,-2.256548553705215454e-01,-4.638403281569480896e-02,-3.250642120838165283e-02,-1.728993207216262817e-01,-3.064641058444976807e-01,3.069096803665161133e-01,-2.706563174724578857e-01,7.996793091297149658e-02,-1.014922000467777252e-02,-4.766405094414949417e-03,1.674532592296600342e-01,-6.819343566894531250e-02,1.550863504409790039e+00,-6.176719069480895996e-02,1.020334243774414062e+00,-2.721488177776336670e-01,4.635379463434219360e-02,7.523015141487121582e-01,-1.582059562206268311e-01,-1.464557886123657227e+00,-2.392211705446243286e-01,9.570451378822326660e-01,-1.636087447404861450e-01,1.297173500061035156e-01,-4.659024477005004883e-01
1.682690501213073730e+00,-3.137030363082885742e+00,8.047106266021728516e-01,-2.133763767778873444e-02,-2.674801275134086609e-02,-7.572398781776428223e-01,6.522399783134460449e-01,-6.807478144764900208e-03,1.512226611375808716e-01,3.292037546634674072e-01,3.160966336727142334e-01,-2.291402667760848999e-01,-4.914044588804244995e-02,-3.163646161556243896e-02,-1.725398302078247070e-01,-3.076455891132354736e-01,3.165006935596466064e-01,-2.780006825923919678e-01,7.782334834337234497e-02,-1.098099350929260254e-02,-5.432225763797760010e-03,1.677119880914688110e-01,-6.055557355284690857e-02,1.550419807434082031e+00,-4.943625256419181824e-02,1.014498829841613770e+00,-2.668673992156982422e-01,4.738532379269599915e-02,7.571620941162109375e-01,-1.494446992874145508e-01,-1.464610576629638672e+00,-2.529663741588592529e-01,9.522860050201416016e-01,-1.613827794790267944e-01,1.283581703901290894e-01,-4.739464223384857178e-01
1.680734157562255859e+00,-3.137613534927368164e+00,8.041566610336303711e-01,-2.244894392788410187e-02,-2.779480256140232086e-02,-7.564401626586914062e-01,6.530863046646118164e-01,-6.325691938400268555e-03,1.548762917518615723e-01,3.264188468456268311e-01,3.239146173000335693e-01,-2.328797727823257446e-01,-5.220666527748107910e-02,-3.008373640477657318e-02,-1.715024411678314209e-01,-3.089783191680908203e-01,3.255955278873443604e-01,-2.853296697139739990e-01,7.550847530364990234e-02,-1.163967605680227280e-02,-6.026098039001226425e-03,1.683363169431686401e-01,-5.339232087135314941e-02,1.548962473869323730e+00,-3.732698410749435425e-02,1.007345557212829590e+00,-2.610010504722595215e-01,4.864408448338508606e-02,7.606034874916076660e-01,-1.405845582485198975e-01,-1.464122772216796875e+00,-2.653977274894714355e-01,9.476281404495239258e-01,-1.598263680934906006e-01,1.270526200532913208e-01,-4.832294285297393799e-01
1.678652763366699219e+00,-3.138161897659301758e+00,8.036482930183410645e-01,-2.368935197591781616e-02,-2.879215218126773834e-02,-7.556819319725036621e-01,6.538766622543334961e-01,-5.885207559913396835e-03,1.590904891490936279e-01,3.235959112644195557e-01,3.320153653621673584e-01,-2.363957762718200684e-01,-5.549272149801254272e-02,-2.785295434296131134e-02,-1.697747707366943359e-01,-3.105040788650512695e-01,3.334407806396484375e-01,-2.921109497547149658e-01,7.303611189126968384e-02,-1.207745168358087540e-02,-6.478381343185901642e-03,1.688377708196640015e-01,-4.794540628790855408e-02,1.546335220336914062e+00,-2.859571948647499084e-02,1.000209212303161621e+00,-2.550894021987915039e-01,4.976470395922660828e-02,7.642264366149902344e-01,-1.328390091657638550e-01,-1.463090777397155762e+00,-2.741001248359680176e-01,9.439204335212707520e-01,-1.554627865552902222e-01,1.256509423255920410e-01,-4.927059113979339600e-01
1.676456332206726074e+00,-3.138625144958496094e+00,8.031786680221557617e-01,-2.496596239507198334e-02,-2.979170531034469604e-02,-7.550374865531921387e-01,6.545284986495971680e-01,-5.658937152475118637e-03,1.636861413717269897e-01,3.208821117877960205e-01,3.404861986637115479e-01,-2.392663657665252686e-01,-5.901118367910385132e-02,-2.536933310329914093e-02,-1.675386875867843628e-01,-3.118057250976562500e-01,3.403722047805786133e-01,-2.983477115631103516e-01,7.029762864112854004e-02,-1.232944242656230927e-02,-6.953620817512273788e-03,1.696458011865615845e-01,-4.297834262251853943e-02,1.543786525726318359e+00,-2.177990227937698364e-02,9.937449693679809570e-01,-2.485402226448059082e-01,5.147915706038475037e-02,7.654509544372558594e-01,-1.273534446954727173e-01,-1.461767196655273438e+00,-2.811140418052673340e-01,9.410874843597412109e-01,-1.518326252698898315e-01,1.257464736700057983e-01,-4.971554875373840332e-01
1.674080014228820801e+00,-3.138959169387817383e+00,8.027842640876770020e-01,-2.623842842876911163e-02,-3.062918223440647125e-02,-7.545487284660339355e-01,6.550035476684570312e-01,-5.599249619990587234e-03,1.689579486846923828e-01,3.185580670833587646e-01,3.486170470714569092e-01,-2.415278404951095581e-01,-6.282727420330047607e-02,-2.276703156530857086e-02,-1.641821116209030151e-01,-3.125207424163818359e-01,3.457258045673370361e-01,-3.037024736404418945e-01,6.705071032047271729e-02,-1.254432182759046555e-02,-7.423791103065013885e-03,1.707781702280044556e-01,-3.695626929402351379e-02,1.541704654693603516e+00,-1.497868075966835022e-02,9.885035157203674316e-01,-2.430796921253204346e-01,5.252114310860633850e-02,7.648420929908752441e-01,-1.248313933610916138e-01,-1.459714412689208984e+00,-2.862799763679504395e-01,9.386368989944458008e-01,-1.501145362854003906e-01,1.245848089456558228e-01,-5.001094937324523926e-01
1.671523094177246094e+00,-3.139163494110107422e+00,8.024888634681701660e-01,-2.746877819299697876e-02,-3.120284900069236755e-02,-7.542622089385986328e-01,6.552559733390808105e-01,-5.592836067080497742e-03,1.750444620847702026e-01,3.169488608837127686e-01,3.558463752269744873e-01,-2.429562807083129883e-01,-6.697936356067657471e-02,-2.007599733769893646e-02,-1.596310138702392578e-01,-3.129746913909912109e-01,3.490916490554809570e-01,-3.079596161842346191e-01,6.332360953092575073e-02,-1.271354872733354568e-02,-7.674771826714277267e-03,1.715676188468933105e-01,-3.163976222276687622e-02,1.539776802062988281e+00,-9.814104065299034119e-03,9.852398037910461426e-01,-2.392541766166687012e-01,5.347692966461181641e-02,7.641838788986206055e-01,-1.248219758272171021e-01,-1.457458376884460449e+00,-2.879979908466339111e-01,9.367749691009521484e-01,-1.504029184579849243e-01,1.223482117056846619e-01,-5.022416710853576660e-01
1.668800830841064453e+00,-3.139195203781127930e+00,8.023947477340698242e-01,-2.860445156693458557e-02,-3.136125206947326660e-02,-7.541652917861938477e-01,6.553113460540771484e-01,-5.378662142902612686e-03,1.814520359039306641e-01,3.151375353336334229e-01,3.604653477668762207e-01,-2.426840513944625854e-01,-7.130692899227142334e-02,-1.708090305328369141e-02,-1.537872105836868286e-01,-3.139697313308715820e-01,3.493324816226959229e-01,-3.105001449584960938e-01,5.914957821369171143e-02,-1.291720569133758545e-02,-7.494187448173761368e-03,1.717985719442367554e-01,-2.763964235782623291e-02,1.537580370903015137e+00,-5.917144939303398132e-03,9.835531115531921387e-01,-2.372661381959915161e-01,5.494206771254539490e-02,7.643190026283264160e-01,-1.274040937423706055e-01,-1.455120086669921875e+00,-2.850587964057922363e-01,9.354472756385803223e-01,-1.512076258659362793e-01,1.206142529845237732e-01,-5.045313835144042969e-01
1.665878534317016602e+00,-3.139053344726562500e+00,8.024694919586181641e-01,-2.967118844389915466e-02,-3.120344504714012146e-02,-7.543019056320190430e-01,6.551141738891601562e-01,-4.502800293266773224e-03,1.883546561002731323e-01,3.138378262519836426e-01,3.622312545776367188e-01,-2.407082468271255493e-01,-7.599791139364242554e-02,-1.370179653167724609e-02,-1.466374099254608154e-01,-3.150941729545593262e-01,3.465593457221984863e-01,-3.114176690578460693e-01,5.448510125279426575e-02,-1.310635637491941452e-02,-7.076072040945291519e-03,1.716939955949783325e-01,-2.415124885737895966e-02,1.534890174865722656e+00,-2.082786057144403458e-03,9.823305010795593262e-01,-2.381861656904220581e-01,5.570864677429199219e-02,7.640807032585144043e-01,-1.316569894552230835e-01,-1.452233791351318359e+00,-2.797546684741973877e-01,9.342312812805175781e-01,-1.526275128126144409e-01,1.191523224115371704e-01,-5.048245191574096680e-01
1.662779211997985840e+00,-3.138760328292846680e+00,8.025693893432617188e-01,-3.073582425713539124e-02,-3.097889199852943420e-02,-7.546280622482299805e-01,6.546999812126159668e-01,-3.013431560248136520e-03,1.954762339591979980e-01,3.128345906734466553e-01,3.623816370964050293e-01,-2.378572672605514526e-01,-8.095289766788482666e-02,-9.977334178984165192e-03,-1.387069672346115112e-01,-3.160571455955505371e-01,3.421221375465393066e-01,-3.118642568588256836e-01,4.939957708120346069e-02,-1.270477008074522018e-02,-6.777284666895866394e-03,1.716453433036804199e-01,-2.233671955764293671e-02,1.531891942024230957e+00,9.610784472897648811e-04,9.813587069511413574e-01,-2.378941327333450317e-01,5.728548020124435425e-02,7.637334465980529785e-01,-1.357815563678741455e-01,-1.448687314987182617e+00,-2.752628624439239502e-01,9.324397444725036621e-01,-1.532770544290542603e-01,1.171981170773506165e-01,-5.052016377449035645e-01
1.659558415412902832e+00,-3.138301610946655273e+00,8.026962280273437500e-01,-3.178235515952110291e-02,-3.066095337271690369e-02,-7.550344467163085938e-01,6.541962623596191406e-01,-1.295516500249505043e-03,2.024084329605102539e-01,3.110179007053375244e-01,3.611243367195129395e-01,-2.343353331089019775e-01,-8.600474894046783447e-02,-6.364396773278713226e-03,-1.302311420440673828e-01,-3.168951272964477539e-01,3.369079828262329102e-01,-3.118682801723480225e-01,4.402188956737518311e-02,-1.206349954009056091e-02,-6.335457321256399155e-03,1.715545803308486938e-01,-2.150388620793819427e-02,1.528417944908142090e+00,2.849740674719214439e-03,9.803172349929809570e-01,-2.364903688430786133e-01,5.927531793713569641e-02,7.619070410728454590e-01,-1.393141746520996094e-01,-1.444943308830261230e+00,-2.719739973545074463e-01,9.302736520767211914e-01,-1.540841758251190186e-01,1.161852627992630005e-01,-5.048962235450744629e-01
1.656174659729003906e+00,-3.137607574462890625e+00,8.028293848037719727e-01,-3.264254704117774963e-02,-3.009799495339393616e-02,-7.553590536117553711e-01,6.538051962852478027e-01,-1.176324512925930321e-04,2.096068710088729858e-01,3.091358840465545654e-01,3.587172329425811768e-01,-2.302822768688201904e-01,-9.117215126752853394e-02,-3.447941737249493599e-03,-1.212643459439277649e-01,-3.180007040500640869e-01,3.311642408370971680e-01,-3.114784657955169678e-01,3.830119594931602478e-02,-1.196432579308748245e-02,-5.735852289944887161e-03,1.710429042577743530e-01,-2.093202620744705200e-02,1.524666786193847656e+00,3.061416326090693474e-03,9.796575307846069336e-01,-2.366258651018142700e-01,5.852262303233146667e-02,7.617473006248474121e-01,-1.430521607398986816e-01,-1.441289305686950684e+00,-2.686075568199157715e-01,9.279423952102661133e-01,-1.533797085285186768e-01,1.162499561905860901e-01,-5.043843388557434082e-01
1.652612805366516113e+00,-3.136562347412109375e+00,8.027406334877014160e-01,-3.423010185360908508e-02,-3.032116591930389404e-02,-7.550619244575500488e-01,6.540569067001342773e-01,-1.676259795203804970e-03,2.183013260364532471e-01,3.059149086475372314e-01,3.650529086589813232e-01,-2.293048501014709473e-01,-9.591317176818847656e-02,-2.571981633082032204e-03,-1.143995448946952820e-01,-3.203927278518676758e-01,3.350844085216522217e-01,-3.146554827690124512e-01,3.207005560398101807e-02,-1.359101664274930954e-02,-5.563871003687381744e-03,1.742233484983444214e-01,-2.160202898085117340e-02,1.520855784416198730e+00,3.106850897893309593e-03,9.813534617424011230e-01,-2.362684458494186401e-01,5.454760417342185974e-02,7.610717415809631348e-01,-1.467882692813873291e-01,-1.437684774398803711e+00,-2.660552859306335449e-01,9.256210327148437500e-01,-1.523105204105377197e-01,1.161797940731048584e-01,-5.055175423622131348e-01
1.648832678794860840e+00,-3.135474681854248047e+00,8.030583858489990234e-01,-3.390360623598098755e-02,-2.846094965934753418e-02,-7.550137042999267578e-01,6.542131304740905762e-01,-1.417740713804960251e-03,2.254612445831298828e-01,3.046526908874511719e-01,3.542628288269042969e-01,-2.216341793537139893e-01,-1.019023954868316650e-01,5.588908097706735134e-04,-1.026216596364974976e-01,-3.224930763244628906e-01,3.197805583477020264e-01,-3.108662664890289307e-01,2.593209967017173767e-02,-1.506863068789243698e-02,-5.361696239560842514e-03,1.700740307569503784e-01,-2.112242393195629120e-02,1.517655014991760254e+00,2.986601088196039200e-03,9.783305525779724121e-01,-2.362152338027954102e-01,5.662366375327110291e-02,7.614556550979614258e-01,-1.500657200813293457e-01,-1.433152914047241211e+00,-2.622049152851104736e-01,9.232015609741210938e-01,-1.516542881727218628e-01,1.152021437883377075e-01,-5.077778100967407227e-01
1.645003437995910645e+00,-3.134021520614624023e+00,8.030610084533691406e-01,-3.524108976125717163e-02,-2.832979708909988403e-02,-7.542602419853210449e-01,6.550167798995971680e-01,-4.612979013472795486e-03,2.344457656145095825e-01,3.001341223716735840e-01,3.592048585414886475e-01,-2.182974666357040405e-01,-1.069617792963981628e-01,1.416302751749753952e-03,-9.465464204549789429e-02,-3.256892561912536621e-01,3.208712637424468994e-01,-3.124127089977264404e-01,1.903710514307022095e-02,-1.778544858098030090e-02,-5.885841790586709976e-03,1.730944067239761353e-01,-2.388707175850868225e-02,1.514817714691162109e+00,1.937463646754622459e-03,9.795230031013488770e-01,-2.348631322383880615e-01,5.476834625005722046e-02,7.601855993270874023e-01,-1.518173217773437500e-01,-1.428380846977233887e+00,-2.638250589370727539e-01,9.209171533584594727e-01,-1.530208140611648560e-01,1.148607581853866577e-01,-5.074476003646850586e-01
1.641090154647827148e+00,-3.132602691650390625e+00,8.034121394157409668e-01,-3.440396487712860107e-02,-2.607848495244979858e-02,-7.538666129112243652e-01,6.556076407432556152e-01,-5.794309079647064209e-03,2.411001920700073242e-01,2.978848218917846680e-01,3.462538719177246094e-01,-2.094231247901916504e-01,-1.127175018191337585e-01,3.578980220481753349e-03,-8.253338932991027832e-02,-3.282795250415802002e-01,3.036958873271942139e-01,-3.073851764202117920e-01,1.279591768980026245e-02,-1.974153704941272736e-02,-6.438776385039091110e-03,1.680638343095779419e-01,-2.685457468032836914e-02,1.512562394142150879e+00,-1.017621136270463467e-03,9.764703512191772461e-01,-2.344266474246978760e-01,5.795584619045257568e-02,7.595210671424865723e-01,-1.527907997369766235e-01,-1.423254609107971191e+00,-2.646556794643402100e-01,9.190263748168945312e-01,-1.543809920549392700e-01,1.145489066839218140e-01,-5.048977732658386230e-01
1.637246012687683105e+00,-3.130856513977050781e+00,8.034436702728271484e-01,-3.553996980190277100e-02,-2.555561065673828125e-02,-7.529785633087158203e-01,6.565874814987182617e-01,-9.677924215793609619e-03,2.499562799930572510e-01,2.927190959453582764e-01,3.490314185619354248e-01,-2.051080763339996338e-01,-1.176762804388999939e-01,3.755421377718448639e-03,-7.404299080371856689e-02,-3.320178389549255371e-01,3.033074438571929932e-01,-3.079796135425567627e-01,6.115742959082126617e-03,-2.254299260675907135e-02,-7.135513238608837128e-03,1.708683520555496216e-01,-3.052593953907489777e-02,1.510228991508483887e+00,-1.061487244442105293e-03,9.771636724472045898e-01,-2.336111366748809814e-01,5.570789799094200134e-02,7.574671506881713867e-01,-1.541029065847396851e-01,-1.418822050094604492e+00,-2.657919824123382568e-01,9.184040427207946777e-01,-1.536124497652053833e-01,1.140174120664596558e-01,-5.040592551231384277e-01
1.633426189422607422e+00,-3.129155158996582031e+00,8.037937879562377930e-01,-3.423328697681427002e-02,-2.312725596129894257e-02,-7.527160644531250000e-01,6.570477485656738281e-01,-1.139026973396539688e-02,2.557962834835052490e-01,2.909029126167297363e-01,3.342064917087554932e-01,-1.954457759857177734e-01,-1.230150386691093445e-01,4.291323013603687286e-03,-6.236368417739868164e-02,-3.339810073375701904e-01,2.859064042568206787e-01,-3.022767603397369385e-01,2.593653043732047081e-04,-2.380331605672836304e-02,-8.363113738596439362e-03,1.659616231918334961e-01,-3.160279616713523865e-02,1.507796764373779297e+00,5.220805178396403790e-04,9.721471071243286133e-01,-2.314098030328750610e-01,6.010531261563301086e-02,7.573656439781188965e-01,-1.539956182241439819e-01,-1.414468884468078613e+00,-2.653725147247314453e-01,9.183577895164489746e-01,-1.503360122442245483e-01,1.121830493211746216e-01,-5.053440928459167480e-01
1.629692912101745605e+00,-3.127133131027221680e+00,8.037396073341369629e-01,-3.519646078348159790e-02,-2.238728478550910950e-02,-7.518540024757385254e-01,6.580087542533874512e-01,-1.617271080613136292e-02,2.644093632698059082e-01,2.853262722492218018e-01,3.364372551441192627e-01,-1.907075643539428711e-01,-1.278282999992370605e-01,3.062967676669359207e-03,-5.401040613651275635e-02,-3.377359807491302490e-01,2.859215140342712402e-01,-3.022113740444183350e-01,-6.885325070470571518e-03,-2.640082128345966339e-02,-8.955241180956363678e-03,1.696321964263916016e-01,-3.251927718520164490e-02,1.505369186401367188e+00,2.449859865009784698e-03,9.714356660842895508e-01,-2.286456525325775146e-01,5.861414223909378052e-02,7.581791281700134277e-01,-1.534430831670761108e-01,-1.411142230033874512e+00,-2.675686776638031006e-01,9.174771308898925781e-01,-1.474447697401046753e-01,1.119823455810546875e-01,-5.074393153190612793e-01
1.625971317291259766e+00,-3.125011444091796875e+00,8.037130832672119141e-01,-3.516032174229621887e-02,-2.086484804749488831e-02,-7.511101961135864258e-01,6.589096188545227051e-01,-2.136104553937911987e-02,2.719770669937133789e-01,2.804594337940216064e-01,3.336235880851745605e-01,-1.854565441608428955e-01,-1.327210515737533569e-01,9.067337960004806519e-04,-4.476102814078330994e-02,-3.410757482051849365e-01,2.812643647193908691e-01,-3.011948466300964355e-01,-1.357507705688476562e-02,-2.903040498495101929e-02,-9.473519399762153625e-03,1.705607175827026367e-01,-3.104625456035137177e-02,1.503152608871459961e+00,3.593743545934557915e-03,9.686273336410522461e-01,-2.261755168437957764e-01,5.782498046755790710e-02,7.606082558631896973e-01,-1.523799151182174683e-01,-1.408123731613159180e+00,-2.698206603527069092e-01,9.158856868743896484e-01,-1.444597244262695312e-01,1.117129623889923096e-01,-5.091973543167114258e-01
1.622299909591674805e+00,-3.122769355773925781e+00,8.036592006683349609e-01,-3.476655483245849609e-02,-1.902114599943161011e-02,-7.504699826240539551e-01,6.597152948379516602e-01,-2.735294029116630554e-02,2.794031500816345215e-01,2.758483290672302246e-01,3.298800587654113770e-01,-1.795325726270675659e-01,-1.374764442443847656e-01,-2.312670694664120674e-03,-3.532497584819793701e-02,-3.441299200057983398e-01,2.757212519645690918e-01,-2.991586923599243164e-01,-2.044384740293025970e-02,-3.150412440299987793e-02,-9.820506907999515533e-03,1.709960103034973145e-01,-3.050816617906093597e-02,1.500779509544372559e+00,5.689158570021390915e-03,9.658450484275817871e-01,-2.218204587697982788e-01,5.845914781093597412e-02,7.614986896514892578e-01,-1.519907265901565552e-01,-1.405173182487487793e+00,-2.717556357383728027e-01,9.141727685928344727e-01,-1.430909633636474609e-01,1.113712787628173828e-01,-5.104615092277526855e-01
1.618724942207336426e+00,-3.120432615280151367e+00,8.035282492637634277e-01,-3.419546410441398621e-02,-1.696453988552093506e-02,-7.498628497123718262e-01,6.604911684989929199e-01,-3.448896855115890503e-02,2.869623303413391113e-01,2.712988853454589844e-01,3.268711268901824951e-01,-1.738476008176803589e-01,-1.420902460813522339e-01,-6.587380543351173401e-03,-2.590822055935859680e-02,-3.468897938728332520e-01,2.705173194408416748e-01,-2.968438565731048584e-01,-2.737007662653923035e-02,-3.402123600244522095e-02,-1.002410892397165298e-02,1.711582541465759277e-01,-3.120063245296478271e-02,1.498739361763000488e+00,7.084708660840988159e-03,9.631167650222778320e-01,-2.185558527708053589e-01,5.903740599751472473e-02,7.619488835334777832e-01,-1.529384553432464600e-01,-1.402259945869445801e+00,-2.717900574207305908e-01,9.126070737838745117e-01,-1.419366896152496338e-01,1.102035567164421082e-01,-5.128911137580871582e-01
1.615266799926757812e+00,-3.118174791336059570e+00,8.034821748733520508e-01,-3.146299719810485840e-02,-1.373135857284069061e-02,-7.500429749488830566e-01,6.604975461959838867e-01,-4.139537364244461060e-02,2.924998402595520020e-01,2.713189423084259033e-01,3.147727251052856445e-01,-1.660182178020477295e-01,-1.463477611541748047e-01,-1.323916111141443253e-02,-1.575625874102115631e-02,-3.466355204582214355e-01,2.575089335441589355e-01,-2.911297082901000977e-01,-3.337263315916061401e-02,-3.438461199402809143e-02,-1.110883429646492004e-02,1.652596145868301392e-01,-3.261753916740417480e-02,1.497326254844665527e+00,6.246773526072502136e-03,9.575410485267639160e-01,-2.172887921333312988e-01,6.363654881715774536e-02,7.637530565261840820e-01,-1.545684933662414551e-01,-1.399337172508239746e+00,-2.690247893333435059e-01,9.120224714279174805e-01,-1.409884542226791382e-01,1.085723638534545898e-01,-5.179854035377502441e-01
1.611894607543945312e+00,-3.116608381271362305e+00,8.047447204589843750e-01,-3.021235391497612000e-02,-1.332463324069976807e-02,-7.490980029106140137e-01,6.616357564926147461e-01,-3.923418745398521423e-02,2.918496131896972656e-01,2.665676772594451904e-01,3.022144734859466553e-01,-1.707445383071899414e-01,-1.504635661840438843e-01,-1.059837173670530319e-02,-7.684517186135053635e-03,-3.400165140628814697e-01,2.456760257482528687e-01,-2.957403957843780518e-01,-3.195239976048469543e-02,-3.679445013403892517e-02,-1.542701106518507004e-02,1.728261113166809082e-01,-3.917708992958068848e-02,1.497434377670288086e+00,7.199237123131752014e-03,9.528734087944030762e-01,-2.161133587360382080e-01,6.505858153104782104e-02,7.618319988250732422e-01,-1.572242379188537598e-01,-1.396588683128356934e+00,-2.725937962532043457e-01,9.106830358505249023e-01,-1.422254443168640137e-01,1.074741184711456299e-01,-5.210076570510864258e-01
1.608904123306274414e+00,-3.113646984100341797e+00,8.025752902030944824e-01,-3.250007703900337219e-02,-1.203261874616146088e-02,-7.484946846961975098e-01,6.622346043586730957e-01,-5.319024994969367981e-02,3.076051771640777588e-01,2.630670070648193359e-01,3.189142942428588867e-01,-1.602279096841812134e-01,-1.542820334434509277e-01,-1.919835433363914490e-02,-1.215284224599599838e-03,-3.523910045623779297e-01,2.576305270195007324e-01,-2.899561822414398193e-01,-4.632167518138885498e-02,-3.815397992730140686e-02,-1.143036037683486938e-02,1.738415807485580444e-01,-4.423523321747779846e-02,1.496389627456665039e+00,-2.942274790257215500e-03,9.578585028648376465e-01,-2.171309888362884521e-01,6.163323298096656799e-02,7.639679908752441406e-01,-1.579738259315490723e-01,-1.396114826202392578e+00,-2.666341960430145264e-01,9.106154441833496094e-01,-1.412492394447326660e-01,1.079933643341064453e-01,-5.267515182495117188e-01
1.605984926223754883e+00,-3.111717700958251953e+00,8.021574020385742188e-01,-3.031820990145206451e-02,-8.354185149073600769e-03,-7.483751773834228516e-01,6.625297069549560547e-01,-6.650299578905105591e-02,3.154796063899993896e-01,2.598326206207275391e-01,3.202592134475708008e-01,-1.586567014455795288e-01,-1.581884473562240601e-01,-2.909423969686031342e-02,7.733869832009077072e-03,-3.534855246543884277e-01,2.536551952362060547e-01,-2.888592481613159180e-01,-5.160539224743843079e-02,-3.835857287049293518e-02,-1.010326016694307327e-02,1.686569154262542725e-01,-4.941532388329505920e-02,1.496179580688476562e+00,-9.041030891239643097e-03,9.575003385543823242e-01,-2.167856842279434204e-01,6.251815706491470337e-02,7.631185054779052734e-01,-1.594803482294082642e-01,-1.395391464233398438e+00,-2.646448612213134766e-01,9.102456569671630859e-01,-1.417856514453887939e-01,1.070243865251541138e-01,-5.302116870880126953e-01
1.603235244750976562e+00,-3.109932661056518555e+00,8.017190098762512207e-01,-2.946059592068195343e-02,-6.405718624591827393e-03,-7.479774951934814453e-01,6.630389690399169922e-01,-7.657953351736068726e-02,3.224367201328277588e-01,2.561066150665283203e-01,3.244074881076812744e-01,-1.561752855777740479e-01,-1.616851389408111572e-01,-3.583855554461479187e-02,1.426178961992263794e-02,-3.553119003772735596e-01,2.540155351161956787e-01,-2.887646555900573730e-01,-5.704959481954574585e-02,-3.933927416801452637e-02,-9.910072200000286102e-03,1.686690151691436768e-01,-5.274394527077674866e-02,1.496286273002624512e+00,-1.275669783353805542e-02,9.575138092041015625e-01,-2.170392572879791260e-01,6.365931779146194458e-02,7.608983516693115234e-01,-1.616677343845367432e-01,-1.394385695457458496e+00,-2.640249431133270264e-01,9.092752933502197266e-01,-1.450140178203582764e-01,1.067820787429809570e-01,-5.307552218437194824e-01
1.600779771804809570e+00,-3.108418703079223633e+00,8.013890385627746582e-01,-2.885285578668117523e-02,-5.075703375041484833e-03,-7.477213144302368164e-01,6.633660793304443359e-01,-8.335845917463302612e-02,3.279541134834289551e-01,2.537203729152679443e-01,3.260331451892852783e-01,-1.533368676900863647e-01,-1.646357774734497070e-01,-4.096551612019538879e-02,1.953614503145217896e-02,-3.568568825721740723e-01,2.545554935932159424e-01,-2.889674603939056396e-01,-6.173029914498329163e-02,-4.010203480720520020e-02,-1.009667199105024338e-02,1.695339679718017578e-01,-5.465788021683692932e-02,1.496099352836608887e+00,-1.499823760241270065e-02,9.572705626487731934e-01,-2.175660133361816406e-01,6.490430980920791626e-02,7.587762475013732910e-01,-1.631137281656265259e-01,-1.393226265907287598e+00,-2.631547749042510986e-01,9.079515337944030762e-01,-1.475868523120880127e-01,1.077017262578010559e-01,-5.298821330070495605e-01
1.598544716835021973e+00,-3.107218027114868164e+00,8.011659979820251465e-01,-2.827555686235427856e-02,-4.172536544501781464e-03,-7.477292418479919434e-01,6.633883714675903320e-01,-8.714862167835235596e-02,3.320891857147216797e-01,2.525087893009185791e-01,3.247902095317840576e-01,-1.497790217399597168e-01,-1.672886461019515991e-01,-4.496216773986816406e-02,2.390577271580696106e-02,-3.576102256774902344e-01,2.548560202121734619e-01,-2.891804277896881104e-01,-6.579970568418502808e-02,-4.041980952024459839e-02,-1.069480925798416138e-02,1.702643483877182007e-01,-5.548486486077308655e-02,1.495707035064697266e+00,-1.596437208354473114e-02,9.572895169258117676e-01,-2.168859243392944336e-01,6.623447686433792114e-02,7.582795023918151855e-01,-1.649245768785476685e-01,-1.392088294029235840e+00,-2.602660953998565674e-01,9.069075584411621094e-01,-1.488482803106307983e-01,1.073277816176414490e-01,-5.278645157814025879e-01
1.596544981002807617e+00,-3.106232166290283203e+00,8.010570406913757324e-01,-2.765205688774585724e-02,-3.577623981982469559e-03,-7.479328513145446777e-01,6.631885170936584473e-01,-8.850694447755813599e-02,3.347734510898590088e-01,2.519478797912597656e-01,3.206081390380859375e-01,-1.452590376138687134e-01,-1.696383208036422729e-01,-4.819078743457794189e-02,2.739766240119934082e-02,-3.578539192676544189e-01,2.548007965087890625e-01,-2.892064154148101807e-01,-6.927969306707382202e-02,-4.032863676548004150e-02,-1.138359215110540390e-02,1.705954223871231079e-01,-5.529448017477989197e-02,1.494815587997436523e+00,-1.554422732442617416e-02,9.569576978683471680e-01,-2.162138074636459351e-01,6.745685636997222900e-02,7.592595815658569336e-01,-1.675475984811782837e-01,-1.391458272933959961e+00,-2.565576136112213135e-01,9.066303968429565430e-01,-1.477880179882049561e-01,1.061386242508888245e-01,-5.269304513931274414e-01
1.594797492027282715e+00,-3.105399608612060547e+00,8.010209202766418457e-01,-2.703446522355079651e-02,-3.228267654776573181e-03,-7.482540011405944824e-01,6.628534197807312012e-01,-8.820474147796630859e-02,3.363993167877197266e-01,2.519809305667877197e-01,3.146888315677642822e-01,-1.402342766523361206e-01,-1.716679483652114868e-01,-5.080286785960197449e-02,3.020223043859004974e-02,-3.575444817543029785e-01,2.545179724693298340e-01,-2.890529930591583252e-01,-7.225330919027328491e-02,-3.975114226341247559e-02,-1.207612641155719757e-02,1.707128733396530151e-01,-5.534943565726280212e-02,1.493824601173400879e+00,-1.504799071699380875e-02,9.564967751502990723e-01,-2.160407006740570068e-01,6.739326566457748413e-02,7.594985961914062500e-01,-1.706007570028305054e-01,-1.391219258308410645e+00,-2.530452311038970947e-01,9.068065881729125977e-01,-1.474186778068542480e-01,1.051867902278900146e-01,-5.262438058853149414e-01
1.593343257904052734e+00,-3.104746103286743164e+00,8.010293841361999512e-01,-2.637976408004760742e-02,-3.034512978047132492e-03,-7.485703229904174805e-01,6.625235080718994141e-01,-8.712873607873916626e-02,3.371509611606597900e-01,2.523922920227050781e-01,3.081843852996826172e-01,-1.352656930685043335e-01,-1.733831763267517090e-01,-5.303264036774635315e-02,3.225157782435417175e-02,-3.568787574768066406e-01,2.542400360107421875e-01,-2.888861298561096191e-01,-7.467538118362426758e-02,-3.905297815799713135e-02,-1.309942826628684998e-02,1.706694662570953369e-01,-5.549713224172592163e-02,1.493316531181335449e+00,-1.438294909894466400e-02,9.560188055038452148e-01,-2.163224071264266968e-01,6.634745746850967407e-02,7.590098381042480469e-01,-1.719669252634048462e-01,-1.391200661659240723e+00,-2.516410946846008301e-01,9.063601493835449219e-01,-1.482710987329483032e-01,1.043496578931808472e-01,-5.253177285194396973e-01
1.592083454132080078e+00,-3.104203224182128906e+00,8.010458946228027344e-01,-2.574498392641544342e-02,-3.009467618539929390e-03,-7.487522959709167480e-01,6.623429656028747559e-01,-8.564657717943191528e-02,3.374309837818145752e-01,2.532761693000793457e-01,3.015924990177154541e-01,-1.304227262735366821e-01,-1.749580055475234985e-01,-5.486275255680084229e-02,3.352823853492736816e-02,-3.565843105316162109e-01,2.542200386524200439e-01,-2.888964414596557617e-01,-7.662569731473922729e-02,-3.902069851756095886e-02,-1.402368396520614624e-02,1.705174744129180908e-01,-5.478334799408912659e-02,1.492518544197082520e+00,-1.275409851223230362e-02,9.552921652793884277e-01,-2.169945836067199707e-01,6.555848568677902222e-02,7.589702010154724121e-01,-1.725570112466812134e-01,-1.391429066658020020e+00,-2.509877085685729980e-01,9.050589203834533691e-01,-1.493171900510787964e-01,1.032901853322982788e-01,-5.252568721771240234e-01
1.591017723083496094e+00,-3.103795528411865234e+00,8.010638356208801270e-01,-2.520710602402687073e-02,-3.074540989473462105e-03,-7.487487196922302246e-01,6.623673439025878906e-01,-8.410450071096420288e-02,3.374002873897552490e-01,2.540234625339508057e-01,2.954666018486022949e-01,-1.260182261466979980e-01,-1.762996613979339600e-01,-5.615687370300292969e-02,3.425985202193260193e-02,-3.568507432937622070e-01,2.543109357357025146e-01,-2.891009449958801270e-01,-7.812990993261337280e-02,-3.963835909962654114e-02,-1.467513199895620346e-02,1.703964620828628540e-01,-5.426091328263282776e-02,1.491729974746704102e+00,-1.191360596567392349e-02,9.550333619117736816e-01,-2.170828580856323242e-01,6.529955565929412842e-02,7.601564526557922363e-01,-1.726641803979873657e-01,-1.391604781150817871e+00,-2.507427632808685303e-01,9.032107591629028320e-01,-1.502391993999481201e-01,1.025163531303405762e-01,-5.253478288650512695e-01
1.590172648429870605e+00,-3.103527069091796875e+00,8.010715842247009277e-01,-2.477916702628135681e-02,-3.211421426385641098e-03,-7.485870718955993652e-01,6.625655293464660645e-01,-8.274528384208679199e-02,3.371216356754302979e-01,2.544770538806915283e-01,2.903551459312438965e-01,-1.223641112446784973e-01,-1.773755848407745361e-01,-5.698601156473159790e-02,3.447737544775009155e-02,-3.576028347015380859e-01,2.546226382255554199e-01,-2.895407080650329590e-01,-7.923220098018646240e-02,-4.045818746089935303e-02,-1.508503686636686325e-02,1.704908013343811035e-01,-5.421516671776771545e-02,1.491090655326843262e+00,-1.173491589725017548e-02,9.543904662132263184e-01,-2.159682512283325195e-01,6.622640788555145264e-02,7.609512805938720703e-01,-1.716858893632888794e-01,-1.391387820243835449e+00,-2.527928054332733154e-01,9.008343815803527832e-01,-1.499477177858352661e-01,1.021567285060882568e-01,-5.254333019256591797e-01
1.589543938636779785e+00,-3.103355169296264648e+00,8.010525703430175781e-01,-2.448094636201858521e-02,-3.418622305616736412e-03,-7.483753561973571777e-01,6.628147363662719727e-01,-8.169546723365783691e-02,3.367737233638763428e-01,2.547797262668609619e-01,2.867537140846252441e-01,-1.197175979614257812e-01,-1.782148480415344238e-01,-5.753572657704353333e-02,3.434847667813301086e-02,-3.583467900753021240e-01,2.553310692310333252e-01,-2.902121245861053467e-01,-8.003208041191101074e-02,-4.123497009277343750e-02,-1.528957113623619080e-02,1.706878393888473511e-01,-5.494610592722892761e-02,1.490583658218383789e+00,-1.251338142901659012e-02,9.534159898757934570e-01,-2.147711515426635742e-01,6.755087524652481079e-02,7.609325647354125977e-01,-1.704903393983840942e-01,-1.391121864318847656e+00,-2.553602457046508789e-01,8.987041115760803223e-01,-1.490755826234817505e-01,1.016590446233749390e-01,-5.253182649612426758e-01
1.589106559753417969e+00,-3.103270053863525391e+00,8.010202646255493164e-01,-2.426182292401790619e-02,-3.669733414426445961e-03,-7.481616735458374023e-01,6.630625724792480469e-01,-8.088707178831100464e-02,3.363531529903411865e-01,2.550572752952575684e-01,2.843473553657531738e-01,-1.179286241531372070e-01,-1.788648366928100586e-01,-5.795890837907791138e-02,3.397484123706817627e-02,-3.588103353977203369e-01,2.563753724098205566e-01,-2.910527884960174561e-01,-8.062426745891571045e-02,-4.191834107041358948e-02,-1.532842312008142471e-02,1.708816289901733398e-01,-5.703487992286682129e-02,1.490142941474914551e+00,-1.502006314694881439e-02,9.526807069778442383e-01,-2.134803235530853271e-01,6.880405545234680176e-02,7.605384588241577148e-01,-1.697342246770858765e-01,-1.391135811805725098e+00,-2.567042410373687744e-01,8.976132273674011230e-01,-1.493492722511291504e-01,1.010608077049255371e-01,-5.259181261062622070e-01
1.588853001594543457e+00,-3.103274583816528320e+00,8.009818196296691895e-01,-2.412554249167442322e-02,-3.964791540056467056e-03,-7.479925751686096191e-01,6.632565855979919434e-01,-8.007083088159561157e-02,3.358401954174041748e-01,2.554148733615875244e-01,2.828013002872467041e-01,-1.168471500277519226e-01,-1.793304383754730225e-01,-5.829726532101631165e-02,3.329425305128097534e-02,-3.591447472572326660e-01,2.578877210617065430e-01,-2.920314073562622070e-01,-8.097729831933975220e-02,-4.254813119769096375e-02,-1.523636002093553543e-02,1.710156649351119995e-01,-6.001032516360282898e-02,1.489731073379516602e+00,-1.878289133310317993e-02,9.521636366844177246e-01,-2.134349495172500610e-01,6.906685978174209595e-02,7.601157426834106445e-01,-1.698714792728424072e-01,-1.391505599021911621e+00,-2.566556036472320557e-01,8.974106907844543457e-01,-1.495351046323776245e-01,1.011332422494888306e-01,-5.262224674224853516e-01
1.588841557502746582e+00,-3.103384971618652344e+00,8.009393215179443359e-01,-2.406825870275497437e-02,-4.377360921353101730e-03,-7.479300498962402344e-01,6.633266210556030273e-01,-7.890915870666503906e-02,3.350286781787872314e-01,2.560945451259613037e-01,2.818872928619384766e-01,-1.164198443293571472e-01,-1.795333325862884521e-01,-5.852178856730461121e-02,3.206088021397590637e-02,-3.592737019062042236e-01,2.600596547126770020e-01,-2.932858467102050781e-01,-8.101051300764083862e-02,-4.293252527713775635e-02,-1.490552164614200592e-02,1.711401194334030151e-01,-6.262411177158355713e-02,1.489322900772094727e+00,-2.197000011801719666e-02,9.519876241683959961e-01,-2.143555581569671631e-01,6.824483722448348999e-02,7.594107389450073242e-01,-1.708515435457229614e-01,-1.392360925674438477e+00,-2.552794218063354492e-01,8.977594971656799316e-01,-1.512894630432128906e-01,1.020717620849609375e-01,-5.251761078834533691e-01
1.589004278182983398e+00,-3.103570222854614258e+00,8.008884191513061523e-01,-2.405937574803829193e-02,-4.846972413361072540e-03,-7.479858398437500000e-01,6.632607579231262207e-01,-7.758771628141403198e-02,3.340760469436645508e-01,2.570066750049591064e-01,2.816025614738464355e-01,-1.165652275085449219e-01,-1.795705407857894897e-01,-5.877329409122467041e-02,3.052598424255847931e-02,-3.590786457061767578e-01,2.627587318420410156e-01,-2.947795987129211426e-01,-8.100589364767074585e-02,-4.302322119474411011e-02,-1.449124142527580261e-02,1.711894273757934570e-01,-6.554241478443145752e-02,1.489302992820739746e+00,-2.584134601056575775e-02,9.532765150070190430e-01,-2.146398872137069702e-01,6.753642857074737549e-02,7.584469914436340332e-01,-1.720795333385467529e-01,-1.393693923950195312e+00,-2.532797753810882568e-01,8.982440233230590820e-01,-1.514286249876022339e-01,1.030902117490768433e-01,-5.243357419967651367e-01
1.589292407035827637e+00,-3.103816986083984375e+00,8.008038401603698730e-01,-2.405867353081703186e-02,-5.378267262130975723e-03,-7.481108903884887695e-01,6.631156802177429199e-01,-7.628034800291061401e-02,3.329432606697082520e-01,2.579715847969055176e-01,2.819849252700805664e-01,-1.172418594360351562e-01,-1.794849187135696411e-01,-5.924356356263160706e-02,2.858356200158596039e-02,-3.586677908897399902e-01,2.663045227527618408e-01,-2.966201007366180420e-01,-8.055793493986129761e-02,-4.293905198574066162e-02,-1.391339581459760666e-02,1.711828708648681641e-01,-6.922688335180282593e-02,1.489832401275634766e+00,-3.094680793583393097e-02,9.556926488876342773e-01,-2.167651355266571045e-01,6.684230268001556396e-02,7.573882937431335449e-01,-1.727340668439865112e-01,-1.395148992538452148e+00,-2.519530057907104492e-01,8.990182280540466309e-01,-1.516329497098922729e-01,1.028879508376121521e-01,-5.239679217338562012e-01
1.589696288108825684e+00,-3.104104757308959961e+00,8.007324337959289551e-01,-2.403584681451320648e-02,-5.915015470236539841e-03,-7.482237219810485840e-01,6.629846096038818359e-01,-7.507727295160293579e-02,3.315674066543579102e-01,2.588160634040832520e-01,2.826063036918640137e-01,-1.181634441018104553e-01,-1.792398095130920410e-01,-5.975304171442985535e-02,2.636893279850482941e-02,-3.582342565059661865e-01,2.699872255325317383e-01,-2.984929978847503662e-01,-7.983794808387756348e-02,-4.287682846188545227e-02,-1.328546926379203796e-02,1.711149364709854126e-01,-7.284812629222869873e-02,1.490588784217834473e+00,-3.574417531490325928e-02,9.584393501281738281e-01,-2.201443761587142944e-01,6.631480157375335693e-02,7.560271620750427246e-01,-1.732062846422195435e-01,-1.396558403968811035e+00,-2.510308325290679932e-01,8.999009728431701660e-01,-1.512793898582458496e-01,1.026191338896751404e-01,-5.239369273185729980e-01
1.590187311172485352e+00,-3.104428052902221680e+00,8.006910681724548340e-01,-2.400207519531250000e-02,-6.425774656236171722e-03,-7.483243346214294434e-01,6.628674864768981934e-01,-7.389224320650100708e-02,3.300529420375823975e-01,2.596316337585449219e-01,2.832180559635162354e-01,-1.191820278763771057e-01,-1.788728386163711548e-01,-6.010913103818893433e-02,2.409996837377548218e-02,-3.577607572078704834e-01,2.732868790626525879e-01,-3.001424670219421387e-01,-7.891944795846939087e-02,-4.309465363621711731e-02,-1.265615876764059067e-02,1.709733456373214722e-01,-7.544759660959243774e-02,1.491466045379638672e+00,-3.938021138310432434e-02,9.613799452781677246e-01,-2.237341850996017456e-01,6.656540185213088989e-02,7.546985745429992676e-01,-1.740351021289825439e-01,-1.398050189018249512e+00,-2.503519356250762939e-01,9.007992148399353027e-01,-1.512113511562347412e-01,1.031896173954010010e-01,-5.236835479736328125e-01
1.590732097625732422e+00,-3.104827404022216797e+00,8.006870746612548828e-01,-2.398272603750228882e-02,-6.908771116286516190e-03,-7.483713030815124512e-01,6.628102660179138184e-01,-7.256674021482467651e-02,3.284478187561035156e-01,2.603568136692047119e-01,2.835881710052490234e-01,-1.202209591865539551e-01,-1.784534752368927002e-01,-6.001354008913040161e-02,2.190672978758811951e-02,-3.573631644248962402e-01,2.758120596408843994e-01,-3.014692664146423340e-01,-7.783702760934829712e-02,-4.352907091379165649e-02,-1.196369249373674393e-02,1.705727577209472656e-01,-7.722312957048416138e-02,1.492467284202575684e+00,-4.228290170431137085e-02,9.644370675086975098e-01,-2.264087498188018799e-01,6.659202277660369873e-02,7.539119720458984375e-01,-1.746155470609664917e-01,-1.399555921554565430e+00,-2.499962747097015381e-01,9.015491604804992676e-01,-1.510036587715148926e-01,1.039627194404602051e-01,-5.227224826812744141e-01
1.591318845748901367e+00,-3.105279445648193359e+00,8.007184267044067383e-01,-2.397206798195838928e-02,-7.350654806941747665e-03,-7.483790516853332520e-01,6.627971529960632324e-01,-7.115875929594039917e-02,3.268326520919799805e-01,2.611120939254760742e-01,2.837527096271514893e-01,-1.212557926774024963e-01,-1.779834181070327759e-01,-5.954658612608909607e-02,1.985969766974449158e-02,-3.569278120994567871e-01,2.775634527206420898e-01,-3.024392426013946533e-01,-7.666201144456863403e-02,-4.387156292796134949e-02,-1.138558145612478256e-02,1.699229627847671509e-01,-7.856310158967971802e-02,1.493403196334838867e+00,-4.436051100492477417e-02,9.669388532638549805e-01,-2.275508493185043335e-01,6.522146612405776978e-02,7.530757784843444824e-01,-1.745311170816421509e-01,-1.401028394699096680e+00,-2.499571442604064941e-01,9.024240970611572266e-01,-1.505090147256851196e-01,1.052884906530380249e-01,-5.221444368362426758e-01
1.591967344284057617e+00,-3.105751752853393555e+00,8.007557988166809082e-01,-2.402702905237674713e-02,-7.734965533018112183e-03,-7.483937144279479980e-01,6.627742052078247070e-01,-7.001332938671112061e-02,3.253861665725708008e-01,2.617426812648773193e-01,2.845592796802520752e-01,-1.226499304175376892e-01,-1.774223893880844116e-01,-5.884279683232307434e-02,1.803479343652725220e-02,-3.563844561576843262e-01,2.788358926773071289e-01,-3.031289279460906982e-01,-7.544989138841629028e-02,-4.404024779796600342e-02,-1.075542345643043518e-02,1.692861467599868774e-01,-7.893493771553039551e-02,1.494107007980346680e+00,-4.434561729431152344e-02,9.682694077491760254e-01,-2.280157059431076050e-01,6.342464685440063477e-02,7.532923221588134766e-01,-1.742348819971084595e-01,-1.402505517005920410e+00,-2.498359978199005127e-01,9.034730195999145508e-01,-1.492498070001602173e-01,1.063712760806083679e-01,-5.218877792358398438e-01
1.592695951461791992e+00,-3.106240987777709961e+00,8.007817268371582031e-01,-2.407843992114067078e-02,-8.086415939033031464e-03,-7.484024763107299805e-01,6.627583503723144531e-01,-6.918572634458541870e-02,3.239284753799438477e-01,2.622970044612884521e-01,2.859146296977996826e-01,-1.243764087557792664e-01,-1.767271161079406738e-01,-5.825596302747726440e-02,1.610261201858520508e-02,-3.558418750762939453e-01,2.802747488021850586e-01,-3.038481473922729492e-01,-7.414017617702484131e-02,-4.408003389835357666e-02,-1.009911950677633286e-02,1.685772687196731567e-01,-7.798376679420471191e-02,1.494611978530883789e+00,-4.289567470550537109e-02,9.680191874504089355e-01,-2.267958968877792358e-01,6.239575892686843872e-02,7.542753219604492188e-01,-1.720634400844573975e-01,-1.403947472572326660e+00,-2.520663738250732422e-01,9.043412804603576660e-01,-1.483821272850036621e-01,1.068259477615356445e-01,-5.215499997138977051e-01
1.593427300453186035e+00,-3.106767892837524414e+00,8.007737994194030762e-01,-2.420263737440109253e-02,-8.442134596407413483e-03,-7.483641505241394043e-01,6.627926230430603027e-01,-6.853037327527999878e-02,3.226394057273864746e-01,2.626846730709075928e-01,2.878901958465576172e-01,-1.264618784189224243e-01,-1.760236173868179321e-01,-5.756584927439689636e-02,1.410152204334735870e-02,-3.556618094444274902e-01,2.820135056972503662e-01,-3.047945201396942139e-01,-7.277469336986541748e-02,-4.408565908670425415e-02,-9.333821944892406464e-03,1.680763065814971924e-01,-7.508490979671478271e-02,1.495197296142578125e+00,-3.980327397584915161e-02,9.666569828987121582e-01,-2.252712696790695190e-01,6.292253732681274414e-02,7.555597424507141113e-01,-1.678749918937683105e-01,-1.405305743217468262e+00,-2.565242350101470947e-01,9.049987196922302246e-01,-1.484971493482589722e-01,1.063344851136207581e-01,-5.214489698410034180e-01
1.594176650047302246e+00,-3.107327222824096680e+00,8.007366061210632324e-01,-2.437872998416423798e-02,-8.821558207273483276e-03,-7.482970356941223145e-01,6.628569960594177246e-01,-6.795605272054672241e-02,3.213706314563751221e-01,2.628552317619323730e-01,2.903008162975311279e-01,-1.288194060325622559e-01,-1.752867996692657471e-01,-5.685271695256233215e-02,1.196743175387382507e-02,-3.557208478450775146e-01,2.841704785823822021e-01,-3.060200214385986328e-01,-7.135588675737380981e-02,-4.416532814502716064e-02,-8.631159551441669464e-03,1.677209585905075073e-01,-7.187005132436752319e-02,1.495794892311096191e+00,-3.522917255759239197e-02,9.648299813270568848e-01,-2.236137688159942627e-01,6.369279325008392334e-02,7.555961012840270996e-01,-1.623949408531188965e-01,-1.406503200531005859e+00,-2.623201906681060791e-01,9.048525691032409668e-01,-1.478986144065856934e-01,1.063109412789344788e-01,-5.231052637100219727e-01
1.594937086105346680e+00,-3.107921361923217773e+00,8.006853461265563965e-01,-2.459416911005973816e-02,-9.243883192539215088e-03,-7.482161521911621094e-01,6.629346013069152832e-01,-6.730415672063827515e-02,3.200725913047790527e-01,2.629705965518951416e-01,2.928928732872009277e-01,-1.313131898641586304e-01,-1.744557619094848633e-01,-5.605704337358474731e-02,9.754249826073646545e-03,-3.557843565940856934e-01,2.865753471851348877e-01,-3.074533641338348389e-01,-6.992139667272567749e-02,-4.439876973628997803e-02,-8.046219125390052795e-03,1.673274636268615723e-01,-6.907487660646438599e-02,1.496234893798828125e+00,-3.072152286767959595e-02,9.630708694458007812e-01,-2.219993323087692261e-01,6.454757601022720337e-02,7.553120851516723633e-01,-1.585132628679275513e-01,-1.407464385032653809e+00,-2.663991153240203857e-01,9.048518538475036621e-01,-1.475922167301177979e-01,1.067136898636817932e-01,-5.250220894813537598e-01
1.595696330070495605e+00,-3.108565568923950195e+00,8.006391525268554688e-01,-2.481969818472862244e-02,-9.688148275017738342e-03,-7.481189966201782227e-01,6.630294919013977051e-01,-6.648942083120346069e-02,3.187460601329803467e-01,2.631919980049133301e-01,2.953912317752838135e-01,-1.338152885437011719e-01,-1.735209375619888306e-01,-5.509530752897262573e-02,7.532079704105854034e-03,-3.558269739151000977e-01,2.889119386672973633e-01,-3.089576065540313721e-01,-6.849754601716995239e-02,-4.481576755642890930e-02,-7.484097033739089966e-03,1.666881442070007324e-01,-6.754189729690551758e-02,1.496745944023132324e+00,-2.860075049102306366e-02,9.623059034347534180e-01,-2.221032530069351196e-01,6.558011472225189209e-02,7.556034922599792480e-01,-1.559393107891082764e-01,-1.408248782157897949e+00,-2.691659331321716309e-01,9.050454497337341309e-01,-1.475687623023986816e-01,1.068054512143135071e-01,-5.255675911903381348e-01
1.596467494964599609e+00,-3.109260082244873047e+00,8.005945086479187012e-01,-2.506070025265216827e-02,-1.017372310161590576e-02,-7.480502724647521973e-01,6.630907058715820312e-01,-6.538283824920654297e-02,3.173818290233612061e-01,2.636419534683227539e-01,2.977688610553741455e-01,-1.363831311464309692e-01,-1.725821346044540405e-01,-5.398023501038551331e-02,5.273709539324045181e-03,-3.557453751564025879e-01,2.912426292896270752e-01,-3.105216324329376221e-01,-6.707124412059783936e-02,-4.541005939245223999e-02,-6.893699057400226593e-03,1.657714396715164185e-01,-6.702574342489242554e-02,1.497019648551940918e+00,-2.819447033107280731e-02,9.618816971778869629e-01,-2.234321385622024536e-01,6.590980291366577148e-02,7.558345794677734375e-01,-1.547121852636337280e-01,-1.409031391143798828e+00,-2.703698873519897461e-01,9.052567481994628906e-01,-1.472420841455459595e-01,1.063831895589828491e-01,-5.254530906677246094e-01
1.597284078598022461e+00,-3.110009670257568359e+00,8.005608320236206055e-01,-2.533913217484951019e-02,-1.075153239071369171e-02,-7.481083273887634277e-01,6.630054712295532227e-01,-6.363565474748611450e-02,3.158750832080841064e-01,2.644920647144317627e-01,2.998161017894744873e-01,-1.389937251806259155e-01,-1.716640740633010864e-01,-5.268160998821258545e-02,2.926199464127421379e-03,-3.552713394165039062e-01,2.936338186264038086e-01,-3.121151328086853027e-01,-6.558077037334442139e-02,-4.580962285399436951e-02,-6.289117969572544098e-03,1.649479269981384277e-01,-6.793479621410369873e-02,1.496996045112609863e+00,-2.975790016353130341e-02,9.621050953865051270e-01,-2.249411791563034058e-01,6.537311524152755737e-02,7.561316490173339844e-01,-1.542995870113372803e-01,-1.409689307212829590e+00,-2.704061865806579590e-01,9.052150845527648926e-01,-1.456061452627182007e-01,1.055778414011001587e-01,-5.243394970893859863e-01
1.598122239112854004e+00,-3.110762119293212891e+00,8.005375266075134277e-01,-2.565241977572441101e-02,-1.140756346285343170e-02,-7.482993006706237793e-01,6.627668738365173340e-01,-6.133060157299041748e-02,3.142897188663482666e-01,2.657459676265716553e-01,3.014903366565704346e-01,-1.415237635374069214e-01,-1.707323789596557617e-01,-5.127044767141342163e-02,5.728393443860113621e-04,-3.544087707996368408e-01,2.960166335105895996e-01,-3.136529028415679932e-01,-6.406471133232116699e-02,-4.582901298999786377e-02,-5.755563732236623764e-03,1.643257886171340942e-01,-7.013799995183944702e-02,1.496562123298645020e+00,-3.269877284765243530e-02,9.627345800399780273e-01,-2.250614166259765625e-01,6.487162411212921143e-02,7.562044858932495117e-01,-1.546049267053604126e-01,-1.410077810287475586e+00,-2.696260213851928711e-01,9.051139950752258301e-01,-1.460085213184356689e-01,1.053483113646507263e-01,-5.232121944427490234e-01
1.598936557769775391e+00,-3.111463069915771484e+00,8.005203008651733398e-01,-2.596711553633213043e-02,-1.206528488546609879e-02,-7.485166788101196289e-01,6.624975204467773438e-01,-5.897247046232223511e-02,3.127218782901763916e-01,2.670371234416961670e-01,3.029560744762420654e-01,-1.438852250576019287e-01,-1.698094457387924194e-01,-4.988376051187515259e-02,-1.647685887292027473e-03,-3.535187244415283203e-01,2.982432544231414795e-01,-3.150416016578674316e-01,-6.255084276199340820e-02,-4.568566754460334778e-02,-5.353436339646577835e-03,1.638201624155044556e-01,-7.285842299461364746e-02,1.496054887771606445e+00,-3.612747043371200562e-02,9.632650017738342285e-01,-2.245604693889617920e-01,6.434903293848037720e-02,7.556884884834289551e-01,-1.548173129558563232e-01,-1.409830927848815918e+00,-2.698678374290466309e-01,9.045841693878173828e-01,-1.470230370759963989e-01,1.055102422833442688e-01,-5.227065682411193848e-01
1.599725127220153809e+00,-3.112114429473876953e+00,8.005132079124450684e-01,-2.627104148268699646e-02,-1.268409751355648041e-02,-7.487556934356689453e-01,6.622037887573242188e-01,-5.669302865862846375e-02,3.112337589263916016e-01,2.683346569538116455e-01,3.043003082275390625e-01,-1.461041122674942017e-01,-1.689050495624542236e-01,-4.853435605764389038e-02,-3.761346917599439621e-03,-3.525167107582092285e-01,3.001913726329803467e-01,-3.162291347980499268e-01,-6.110808998346328735e-02,-4.534927383065223694e-02,-4.986371379345655441e-03,1.633701473474502563e-01,-7.559593021869659424e-02,1.495908856391906738e+00,-3.982987254858016968e-02,9.636188745498657227e-01,-2.244707643985748291e-01,6.354694068431854248e-02,7.542463541030883789e-01,-1.547393649816513062e-01,-1.409612536430358887e+00,-2.702089846134185791e-01,9.042015075683593750e-01,-1.470348834991455078e-01,1.057445779442787170e-01,-5.223785042762756348e-01
1.600455641746520996e+00,-3.112718582153320312e+00,8.005127906799316406e-01,-2.653812430799007416e-02,-1.322897616773843765e-02,-7.490112781524658203e-01,6.618933081626892090e-01,-5.460170283913612366e-02,3.099056780338287354e-01,2.696233689785003662e-01,3.055370151996612549e-01,-1.481617838144302368e-01,-1.680709421634674072e-01,-4.729284718632698059e-02,-5.650087259709835052e-03,-3.514845669269561768e-01,3.018139600753784180e-01,-3.171994388103485107e-01,-5.973795801401138306e-02,-4.485974088311195374e-02,-4.628717433661222458e-03,1.628917008638381958e-01,-7.828852534294128418e-02,1.496174693107604980e+00,-4.343401268124580383e-02,9.637954235076904297e-01,-2.239596396684646606e-01,6.295379996299743652e-02,7.527243494987487793e-01,-1.547005027532577515e-01,-1.409729003906250000e+00,-2.699311971664428711e-01,9.045465588569641113e-01,-1.462279111146926880e-01,1.059006005525588989e-01,-5.222159028053283691e-01
1.601110458374023438e+00,-3.113271713256835938e+00,8.005262613296508789e-01,-2.675486728549003601e-02,-1.366102602332830429e-02,-7.492438554763793945e-01,6.616125702857971191e-01,-5.282820388674736023e-02,3.087665438652038574e-01,2.707551717758178711e-01,3.066168725490570068e-01,-1.499791592359542847e-01,-1.673318594694137573e-01,-4.615032300353050232e-02,-7.223746739327907562e-03,-3.506391346454620361e-01,3.029517829418182373e-01,-3.178876340389251709e-01,-5.845613405108451843e-02,-4.459350556135177612e-02,-4.314396996051073074e-03,1.624085307121276855e-01,-8.028678596019744873e-02,1.496799707412719727e+00,-4.617299884557723999e-02,9.636592864990234375e-01,-2.239812314510345459e-01,6.223302707076072693e-02,7.520967125892639160e-01,-1.547156870365142822e-01,-1.409908413887023926e+00,-2.694520056247711182e-01,9.052650332450866699e-01,-1.453970223665237427e-01,1.061260327696800232e-01,-5.220284461975097656e-01
1.601696610450744629e+00,-3.113761425018310547e+00,8.005499839782714844e-01,-2.691499888896942139e-02,-1.396813802421092987e-02,-7.494185566902160645e-01,6.614017486572265625e-01,-5.147998780012130737e-02,3.077789843082427979e-01,2.715885341167449951e-01,3.075543344020843506e-01,-1.515395194292068481e-01,-1.666646301746368408e-01,-4.516787827014923096e-02,-8.543081581592559814e-03,-3.500423729419708252e-01,3.036817610263824463e-01,-3.183293342590332031e-01,-5.728337913751602173e-02,-4.463524743914604187e-02,-3.968711011111736298e-03,1.620042026042938232e-01,-8.155546337366104126e-02,1.497686862945556641e+00,-4.827849939465522766e-02,9.633546471595764160e-01,-2.251788228750228882e-01,6.255777180194854736e-02,7.527208328247070312e-01,-1.547473669052124023e-01,-1.410070180892944336e+00,-2.689473032951354980e-01,9.060629606246948242e-01,-1.447009295225143433e-01,1.064540520310401917e-01,-5.217811465263366699e-01
1.602219104766845703e+00,-3.114184141159057617e+00,8.005839586257934570e-01,-2.701975964009761810e-02,-1.415249519050121307e-02,-7.495384812355041504e-01,6.612576246261596680e-01,-5.052296072244644165e-02,3.069283366203308105e-01,2.721389532089233398e-01,3.082922697067260742e-01,-1.528238952159881592e-01,-1.660599708557128906e-01,-4.437127336859703064e-02,-9.625227190554141998e-03,-3.496819138526916504e-01,3.040603995323181152e-01,-3.185468018054962158e-01,-5.622323602437973022e-02,-4.479002207517623901e-02,-3.622042480856180191e-03,1.616797745227813721e-01,-8.260636776685714722e-02,1.498349189758300781e+00,-4.905306547880172729e-02,9.624846577644348145e-01,-2.250099033117294312e-01,6.329809874296188354e-02,7.541205883026123047e-01,-1.546979397535324097e-01,-1.410094380378723145e+00,-2.686473429203033447e-01,9.066843390464782715e-01,-1.434658914804458618e-01,1.065670177340507507e-01,-5.216085910797119141e-01
1.602689385414123535e+00,-3.114536285400390625e+00,8.006239533424377441e-01,-2.705636434257030487e-02,-1.421110704541206360e-02,-7.496430873870849609e-01,6.611363291740417480e-01,-4.998079314827919006e-02,3.062542676925659180e-01,2.725705206394195557e-01,3.089328110218048096e-01,-1.538855880498886108e-01,-1.655076891183853149e-01,-4.385580122470855713e-02,-1.048561651259660721e-02,-3.494547009468078613e-01,3.041777312755584717e-01,-3.185526132583618164e-01,-5.527677386999130249e-02,-4.495912417769432068e-02,-3.271020250394940376e-03,1.614539474248886108e-01,-8.246182650327682495e-02,1.498570203781127930e+00,-4.759994521737098694e-02,9.609112739562988281e-01,-2.239536494016647339e-01,6.412440538406372070e-02,7.547485828399658203e-01,-1.550408601760864258e-01,-1.409938693046569824e+00,-2.683042883872985840e-01,9.070622920989990234e-01,-1.417146474123001099e-01,1.064461171627044678e-01,-5.218477845191955566e-01
1.603141546249389648e+00,-3.114822149276733398e+00,8.006747364997863770e-01,-2.700199373066425323e-02,-1.416016183793544769e-02,-7.497720122337341309e-01,6.609933972358703613e-01,-4.980105906724929810e-02,3.056745529174804688e-01,2.730463445186614990e-01,3.094768524169921875e-01,-1.547630131244659424e-01,-1.649542897939682007e-01,-4.368907585740089417e-02,-1.122040301561355591e-02,-3.492317497730255127e-01,3.041016757488250732e-01,-3.183379769325256348e-01,-5.440281704068183899e-02,-4.509964585304260254e-02,-3.025022102519869804e-03,1.612556725740432739e-01,-8.174570649862289429e-02,1.498438954353332520e+00,-4.554994404315948486e-02,9.591738581657409668e-01,-2.217094749212265015e-01,6.480841338634490967e-02,7.547274827957153320e-01,-1.549970358610153198e-01,-1.409490227699279785e+00,-2.690077722072601318e-01,9.072180390357971191e-01,-1.412197649478912354e-01,1.065703257918357849e-01,-5.220426321029663086e-01
1.603576183319091797e+00,-3.115080118179321289e+00,8.007164001464843750e-01,-2.690823376178741455e-02,-1.407834049314260483e-02,-7.499334812164306641e-01,6.608157753944396973e-01,-4.976266250014305115e-02,3.051567673683166504e-01,2.736123502254486084e-01,3.100759685039520264e-01,-1.556089520454406738e-01,-1.644118577241897583e-01,-4.370889812707901001e-02,-1.195128355175256729e-02,-3.489942252635955811e-01,3.041473627090454102e-01,-3.181233704090118408e-01,-5.356276035308837891e-02,-4.507001116871833801e-02,-2.833776874467730522e-03,1.613263487815856934e-01,-8.119669556617736816e-02,1.498105645179748535e+00,-4.387330263853073120e-02,9.582500457763671875e-01,-2.188159972429275513e-01,6.549348682165145874e-02,7.557855248451232910e-01,-1.544179767370223999e-01,-1.408683061599731445e+00,-2.710818648338317871e-01,9.070507287979125977e-01,-1.419920176267623901e-01,1.067019402980804443e-01,-5.223570466041564941e-01
1.603989481925964355e+00,-3.115345001220703125e+00,8.007439374923706055e-01,-2.684237435460090637e-02,-1.400752738118171692e-02,-7.501199245452880859e-01,6.606083512306213379e-01,-4.973193258047103882e-02,3.047592639923095703e-01,2.742477059364318848e-01,3.108724057674407959e-01,-1.565714329481124878e-01,-1.639084517955780029e-01,-4.378275945782661438e-02,-1.261967886239290237e-02,-3.486877083778381348e-01,3.042865693569183350e-01,-3.179700970649719238e-01,-5.275390669703483582e-02,-4.495461657643318176e-02,-2.705407328903675079e-03,1.614931672811508179e-01,-8.178726583719253540e-02,1.497672319412231445e+00,-4.450963065028190613e-02,9.583384990692138672e-01,-2.187888026237487793e-01,6.522648781538009644e-02,7.573838829994201660e-01,-1.539163887500762939e-01,-1.408147335052490234e+00,-2.718192934989929199e-01,9.070886969566345215e-01,-1.425208151340484619e-01,1.065560877323150635e-01,-5.225639939308166504e-01
1.604359149932861328e+00,-3.115627527236938477e+00,8.007491827011108398e-01,-2.682952210307121277e-02,-1.396560203284025192e-02,-7.502859830856323242e-01,6.604211330413818359e-01,-4.965759813785552979e-02,3.045095503330230713e-01,2.748258709907531738e-01,3.119862377643585205e-01,-1.577151268720626831e-01,-1.634826809167861938e-01,-4.370849952101707458e-02,-1.320690847933292389e-02,-3.483860790729522705e-01,3.045766651630401611e-01,-3.179786801338195801e-01,-5.200530961155891418e-02,-4.485206678509712219e-02,-2.643314423039555550e-03,1.616110801696777344e-01,-8.321968466043472290e-02,1.497449398040771484e+00,-4.646728187799453735e-02,9.590432643890380859e-01,-2.208076417446136475e-01,6.381235271692276001e-02,7.580610513687133789e-01,-1.539877802133560181e-01,-1.407685875892639160e+00,-2.716896235942840576e-01,9.072208404541015625e-01,-1.423041820526123047e-01,1.062263622879981995e-01,-5.223090648651123047e-01
1.604659557342529297e+00,-3.115926265716552734e+00,8.007270097732543945e-01,-2.689060941338539124e-02,-1.396977063268423080e-02,-7.504382729530334473e-01,6.602454781532287598e-01,-4.953843727707862854e-02,3.044228553771972656e-01,2.752708792686462402e-01,3.133952021598815918e-01,-1.590186506509780884e-01,-1.631759703159332275e-01,-4.350570216774940491e-02,-1.365450676530599594e-02,-3.480174839496612549e-01,3.050877749919891357e-01,-3.182056844234466553e-01,-5.137826129794120789e-02,-4.474498704075813293e-02,-2.619058592244982719e-03,1.618051826953887939e-01,-8.467714488506317139e-02,1.497150301933288574e+00,-4.790275916457176208e-02,9.595835208892822266e-01,-2.222324907779693604e-01,6.299360096454620361e-02,7.566791772842407227e-01,-1.545768231153488159e-01,-1.407226681709289551e+00,-2.713968157768249512e-01,9.075438380241394043e-01,-1.423190087080001831e-01,1.061265394091606140e-01,-5.213921666145324707e-01
1.604888439178466797e+00,-3.116245031356811523e+00,8.006719946861267090e-01,-2.702692523598670959e-02,-1.401718333363533020e-02,-7.505766749382019043e-01,6.600815653800964355e-01,-4.936965182423591614e-02,3.045279085636138916e-01,2.755948007106781006e-01,3.151537775993347168e-01,-1.605173647403717041e-01,-1.629981994628906250e-01,-4.320164024829864502e-02,-1.395525597035884857e-02,-3.475448489189147949e-01,3.058920800685882568e-01,-3.187041878700256348e-01,-5.088307708501815796e-02,-4.463508352637290955e-02,-2.633106429129838943e-03,1.621396690607070923e-01,-8.549987524747848511e-02,1.496596217155456543e+00,-4.890693724155426025e-02,9.600887298583984375e-01,-2.210175395011901855e-01,6.441363692283630371e-02,7.537921667098999023e-01,-1.548860967159271240e-01,-1.406744003295898438e+00,-2.718930840492248535e-01,9.076817035675048828e-01,-1.428244709968566895e-01,1.060876026749610901e-01,-5.203067660331726074e-01
1.605058073997497559e+00,-3.116600036621093750e+00,8.005844354629516602e-01,-2.722593955695629120e-02,-1.411308441311120987e-02,-7.506266236305236816e-01,6.600145697593688965e-01,-4.923936352133750916e-02,3.047497570514678955e-01,2.757008075714111328e-01,3.172796070575714111e-01,-1.622194051742553711e-01,-1.629112213850021362e-01,-4.275164753198623657e-02,-1.424647029489278793e-02,-3.472405076026916504e-01,3.070327937602996826e-01,-3.195453882217407227e-01,-5.045520514249801636e-02,-4.470767453312873840e-02,-2.726441482082009315e-03,1.625113338232040405e-01,-8.543533831834793091e-02,1.495965719223022461e+00,-4.944706708192825317e-02,9.602475166320800781e-01,-2.199091762304306030e-01,6.607445329427719116e-02,7.511660456657409668e-01,-1.547221839427947998e-01,-1.406143188476562500e+00,-2.727492749691009521e-01,9.076097607612609863e-01,-1.435172706842422485e-01,1.053439080715179443e-01,-5.193663835525512695e-01
1.605172753334045410e+00,-3.116990327835083008e+00,8.004842400550842285e-01,-2.746587619185447693e-02,-1.423449069261550903e-02,-7.505496740341186523e-01,6.600895524024963379e-01,-4.917409643530845642e-02,3.050153553485870361e-01,2.754983007907867432e-01,3.195552825927734375e-01,-1.639943122863769531e-01,-1.628894060850143433e-01,-4.210214689373970032e-02,-1.454632729291915894e-02,-3.472579419612884521e-01,3.082830607891082764e-01,-3.206217885017395020e-01,-5.008561909198760986e-02,-4.483673349022865295e-02,-2.896119374781847000e-03,1.628555804491043091e-01,-8.546085655689239502e-02,1.495291590690612793e+00,-5.019597336649894714e-02,9.600151777267456055e-01,-2.193100899457931519e-01,6.756421923637390137e-02,7.488386034965515137e-01,-1.536134779453277588e-01,-1.405242204666137695e+00,-2.733193635940551758e-01,9.076207280158996582e-01,-1.443364769220352173e-01,1.054546907544136047e-01,-5.194899439811706543e-01
1.605237245559692383e+00,-3.117399215698242188e+00,8.003876209259033203e-01,-2.772175334393978119e-02,-1.434825360774993896e-02,-7.503869533538818359e-01,6.602613329887390137e-01,-4.913750663399696350e-02,3.053258359432220459e-01,2.751042842864990234e-01,3.217352032661437988e-01,-1.656919717788696289e-01,-1.629241108894348145e-01,-4.128685966134071350e-02,-1.477135717868804932e-02,-3.475154042243957520e-01,3.093951940536499023e-01,-3.217530548572540283e-01,-4.982674494385719299e-02,-4.503511264920234680e-02,-3.200765699148178101e-03,1.631604731082916260e-01,-8.550447225570678711e-02,1.494474530220031738e+00,-5.105428770184516907e-02,9.597450494766235352e-01,-2.193392515182495117e-01,6.804658472537994385e-02,7.472609877586364746e-01,-1.515735685825347900e-01,-1.404416203498840332e+00,-2.750292122364044189e-01,9.076359272003173828e-01,-1.449976861476898193e-01,1.057471558451652527e-01,-5.199289321899414062e-01
1.605246186256408691e+00,-3.117814064025878906e+00,8.003022670745849609e-01,-2.797071635723114014e-02,-1.443503797054290771e-02,-7.501837611198425293e-01,6.604797840118408203e-01,-4.905475303530693054e-02,3.056837320327758789e-01,2.746059894561767578e-01,3.236093819141387939e-01,-1.671902984380722046e-01,-1.630335748195648193e-01,-4.035636410117149353e-02,-1.487444713711738586e-02,-3.479601144790649414e-01,3.102425038814544678e-01,-3.228238523006439209e-01,-4.967695102095603943e-02,-4.530085250735282898e-02,-3.559275297448039055e-03,1.634021550416946411e-01,-8.530788868665695190e-02,1.493770122528076172e+00,-5.172582343220710754e-02,9.598122239112854004e-01,-2.197487056255340576e-01,6.743609160184860229e-02,7.461100220680236816e-01,-1.491451263427734375e-01,-1.403622746467590332e+00,-2.781891822814941406e-01,9.077409505844116211e-01,-1.458031237125396729e-01,1.059370860457420349e-01,-5.202634930610656738e-01
1.605184674263000488e+00,-3.118225574493408203e+00,8.002360463142395020e-01,-2.818211540579795837e-02,-1.448096055537462234e-02,-7.499738335609436035e-01,6.607081890106201172e-01,-4.885782301425933838e-02,3.060522973537445068e-01,2.740563154220581055e-01,3.249237239360809326e-01,-1.683481335639953613e-01,-1.632381081581115723e-01,-3.938847035169601440e-02,-1.482932921499013901e-02,-3.485143184661865234e-01,3.107624948024749756e-01,-3.237690031528472900e-01,-4.962192848324775696e-02,-4.569875821471214294e-02,-4.057827871292829514e-03,1.635218262672424316e-01,-8.461746573448181152e-02,1.493049144744873047e+00,-5.158574506640434265e-02,9.601161479949951172e-01,-2.195446193218231201e-01,6.670452654361724854e-02,7.455543279647827148e-01,-1.467193514108657837e-01,-1.402732849121093750e+00,-2.815930843353271484e-01,9.080234766006469727e-01,-1.457366645336151123e-01,1.060767248272895813e-01,-5.207758545875549316e-01
1.605072379112243652e+00,-3.118623733520507812e+00,8.001886606216430664e-01,-2.833749726414680481e-02,-1.449365727603435516e-02,-7.497735619544982910e-01,6.609285473823547363e-01,-4.853440821170806885e-02,3.063668906688690186e-01,2.735098898410797119e-01,3.256282806396484375e-01,-1.691366732120513916e-01,-1.635060757398605347e-01,-3.847547620534896851e-02,-1.470469776540994644e-02,-3.491075634956359863e-01,3.110512495040893555e-01,-3.245882093906402588e-01,-4.960123449563980103e-02,-4.625773802399635315e-02,-4.712750203907489777e-03,1.635783314704895020e-01,-8.229140192270278931e-02,1.492391347885131836e+00,-4.924915730953216553e-02,9.600593447685241699e-01,-2.200420349836349487e-01,6.571415811777114868e-02,7.463045120239257812e-01,-1.444807797670364380e-01,-1.401676416397094727e+00,-2.845806181430816650e-01,9.084252715110778809e-01,-1.448073983192443848e-01,1.064288020133972168e-01,-5.215696096420288086e-01
1.604928016662597656e+00,-3.119003772735595703e+00,8.001471757888793945e-01,-2.846214734017848969e-02,-1.448361855000257492e-02,-7.495838403701782227e-01,6.611385941505432129e-01,-4.819582030177116394e-02,3.066518008708953857e-01,2.728931903839111328e-01,3.260577917098999023e-01,-1.697288453578948975e-01,-1.638194322586059570e-01,-3.763148188591003418e-02,-1.452135760337114334e-02,-3.497006595134735107e-01,3.112415671348571777e-01,-3.253325819969177246e-01,-4.958432167768478394e-02,-4.676413536071777344e-02,-5.429197102785110474e-03,1.637202948331832886e-01,-7.900105416774749756e-02,1.491819500923156738e+00,-4.577522724866867065e-02,9.600656628608703613e-01,-2.207704037427902222e-01,6.497453153133392334e-02,7.472384572029113770e-01,-1.420611888170242310e-01,-1.400650143623352051e+00,-2.874152362346649170e-01,9.090330600738525391e-01,-1.430474519729614258e-01,1.062457114458084106e-01,-5.221344232559204102e-01
1.604768633842468262e+00,-3.119366884231567383e+00,8.001125454902648926e-01,-2.856432460248470306e-02,-1.446210499852895737e-02,-7.494116425514221191e-01,6.613298058509826660e-01,-4.783095791935920715e-02,3.069069683551788330e-01,2.722710371017456055e-01,3.262916505336761475e-01,-1.701897829771041870e-01,-1.641516089439392090e-01,-3.684152290225028992e-02,-1.430258899927139282e-02,-3.502610921859741211e-01,3.113515973091125488e-01,-3.260059654712677002e-01,-4.961041361093521118e-02,-4.723217710852622986e-02,-6.161986384540796280e-03,1.639375835657119751e-01,-7.533072680234909058e-02,1.491299152374267578e+00,-4.212008789181709290e-02,9.604628086090087891e-01,-2.203755676746368408e-01,6.548940390348434448e-02,7.480400800704956055e-01,-1.394675672054290771e-01,-1.399732470512390137e+00,-2.900467216968536377e-01,9.098423123359680176e-01,-1.414258480072021484e-01,1.057931035757064819e-01,-5.233572125434875488e-01
1.604604959487915039e+00,-3.119714260101318359e+00,8.000866174697875977e-01,-2.864526957273483276e-02,-1.441224664449691772e-02,-7.492548823356628418e-01,6.615050435066223145e-01,-4.747942090034484863e-02,3.071757555007934570e-01,2.716676890850067139e-01,3.264100849628448486e-01,-1.705647259950637817e-01,-1.644879430532455444e-01,-3.608493879437446594e-02,-1.402983535081148148e-02,-3.507954478263854980e-01,3.113268017768859863e-01,-3.265726268291473389e-01,-4.962574690580368042e-02,-4.769971594214439392e-02,-6.826814729720354080e-03,1.641976386308670044e-01,-7.136151939630508423e-02,1.490734577178955078e+00,-3.846059739589691162e-02,9.609168171882629395e-01,-2.203631401062011719e-01,6.557025015354156494e-02,7.485604882240295410e-01,-1.364762336015701294e-01,-1.398897409439086914e+00,-2.931007146835327148e-01,9.103331565856933594e-01,-1.420215815305709839e-01,1.061060950160026550e-01,-5.232102274894714355e-01
1.604442477226257324e+00,-3.120035886764526367e+00,8.000647425651550293e-01,-2.871880307793617249e-02,-1.435322407633066177e-02,-7.491068840026855469e-01,6.616706848144531250e-01,-4.718163609504699707e-02,3.074869215488433838e-01,2.710658907890319824e-01,3.265097439289093018e-01,-1.708935946226119995e-01,-1.647955030202865601e-01,-3.537729755043983459e-02,-1.372691337019205093e-02,-3.512977659702301025e-01,3.112207949161529541e-01,-3.270491659641265869e-01,-4.960322007536888123e-02,-4.811456799507141113e-02,-7.477766368538141251e-03,1.644284427165985107e-01,-6.751802563667297363e-02,1.490169882774353027e+00,-3.515778481960296631e-02,9.613243341445922852e-01,-2.208447158336639404e-01,6.543735414743423462e-02,7.487238645553588867e-01,-1.335441470146179199e-01,-1.397976279258728027e+00,-2.964048683643341064e-01,9.103207588195800781e-01,-1.427587121725082397e-01,1.064904257655143738e-01,-5.207776427268981934e-01
1.604276418685913086e+00,-3.120323181152343750e+00,8.000208139419555664e-01,-2.879038825631141663e-02,-1.430770941078662872e-02,-7.489224672317504883e-01,6.618772745132446289e-01,-4.703264310956001282e-02,3.077671527862548828e-01,2.703831195831298828e-01,3.268629610538482666e-01,-1.712865233421325684e-01,-1.651264429092407227e-01,-3.483493998646736145e-02,-1.351605542004108429e-02,-3.519251048564910889e-01,3.113853037357330322e-01,-3.276209235191345215e-01,-4.961658269166946411e-02,-4.860484600067138672e-02,-8.054742589592933655e-03,1.646027415990829468e-01,-6.458818912506103516e-02,1.489515066146850586e+00,-3.308016806840896606e-02,9.616676568984985352e-01,-2.217360287904739380e-01,6.588014215230941772e-02,7.481844425201416016e-01,-1.307943612337112427e-01,-1.397035956382751465e+00,-2.994380295276641846e-01,9.101250767707824707e-01,-1.425675451755523682e-01,1.067910790443420410e-01,-5.185500979423522949e-01
1.604106545448303223e+00,-3.120607852935791016e+00,7.999613285064697266e-01,-2.885191887617111206e-02,-1.427018363028764725e-02,-7.487281560897827148e-01,6.620951890945434570e-01,-4.703323915600776672e-02,3.080638647079467773e-01,2.696643471717834473e-01,3.274029493331909180e-01,-1.717629730701446533e-01,-1.654469072818756104e-01,-3.438641503453254700e-02,-1.337432209402322769e-02,-3.525566160678863525e-01,3.118005990982055664e-01,-3.283256590366363525e-01,-4.962926730513572693e-02,-4.906538501381874084e-02,-8.557633496820926666e-03,1.647242903709411621e-01,-6.312657147645950317e-02,1.488748908042907715e+00,-3.230915591120719910e-02,9.618435502052307129e-01,-2.222252786159515381e-01,6.702109426259994507e-02,7.474883198738098145e-01,-1.282962560653686523e-01,-1.396073698997497559e+00,-3.018951416015625000e-01,9.100642800331115723e-01,-1.423239856958389282e-01,1.068227142095565796e-01,-5.169114470481872559e-01
1.603935122489929199e+00,-3.120893955230712891e+00,7.998883724212646484e-01,-2.891173027455806732e-02,-1.425308175384998322e-02,-7.485296130180358887e-01,6.623174548149108887e-01,-4.713593050837516785e-02,3.083578646183013916e-01,2.689488530158996582e-01,3.281063139438629150e-01,-1.723270863294601440e-01,-1.657680422067642212e-01,-3.401844948530197144e-02,-1.327754743397235870e-02,-3.531033694744110107e-01,3.124592006206512451e-01,-3.291677534580230713e-01,-4.965268447995185852e-02,-4.949470981955528259e-02,-9.026009589433670044e-03,1.647973805665969849e-01,-6.327285617589950562e-02,1.487733602523803711e+00,-3.284280747175216675e-02,9.620854258537292480e-01,-2.220620363950729370e-01,6.808680295944213867e-02,7.468311190605163574e-01,-1.264280676841735840e-01,-1.395041942596435547e+00,-3.029142320156097412e-01,9.105884432792663574e-01,-1.427848488092422485e-01,1.065820455551147461e-01,-5.169783234596252441e-01
1.603758811950683594e+00,-3.121181964874267578e+00,7.998077869415283203e-01,-2.897555194795131683e-02,-1.425710786134004593e-02,-7.483137249946594238e-01,6.625584959983825684e-01,-4.729181155562400818e-02,3.086348176002502441e-01,2.682001292705535889e-01,3.289083540439605713e-01,-1.729466766119003296e-01,-1.660881042480468750e-01,-3.367595747113227844e-02,-1.321017183363437653e-02,-3.535996973514556885e-01,3.132734000682830811e-01,-3.301164209842681885e-01,-4.969497770071029663e-02,-4.992859438061714172e-02,-9.501416236162185669e-03,1.648665070533752441e-01,-6.460651010274887085e-02,1.486569404602050781e+00,-3.425908088684082031e-02,9.623917341232299805e-01,-2.215462625026702881e-01,6.865382939577102661e-02,7.463186383247375488e-01,-1.248536109924316406e-01,-1.393998026847839355e+00,-3.035891354084014893e-01,9.111772179603576660e-01,-1.425674408674240112e-01,1.060418710112571716e-01,-5.172715187072753906e-01
1.603576183319091797e+00,-3.121466636657714844e+00,7.997311353683471680e-01,-2.904020063579082489e-02,-1.426432654261589050e-02,-7.480718493461608887e-01,6.628285646438598633e-01,-4.746066033840179443e-02,3.088941276073455811e-01,2.673749923706054688e-01,3.296956121921539307e-01,-1.735483109951019287e-01,-1.664069741964340210e-01,-3.330005332827568054e-02,-1.313163340091705322e-02,-3.541264832019805908e-01,3.140394389629364014e-01,-3.310634195804595947e-01,-4.976201802492141724e-02,-5.042421445250511169e-02,-9.996737353503704071e-03,1.649691760540008545e-01,-6.646788865327835083e-02,1.485505104064941406e+00,-3.582099452614784241e-02,9.623956084251403809e-01,-2.210131287574768066e-01,6.850679963827133179e-02,7.461277842521667480e-01,-1.231564134359359741e-01,-1.392977356910705566e+00,-3.048176169395446777e-01,9.114907383918762207e-01,-1.418801546096801758e-01,1.051857545971870422e-01,-5.174826979637145996e-01
1.603388667106628418e+00,-3.121729850769042969e+00,7.996672987937927246e-01,-2.909773215651512146e-02,-1.425259280949831009e-02,-7.478147149085998535e-01,6.631163358688354492e-01,-4.764092713594436646e-02,3.091496229171752930e-01,2.664824724197387695e-01,3.303850591182708740e-01,-1.740628927946090698e-01,-1.667214930057525635e-01,-3.288977220654487610e-02,-1.299947313964366913e-02,-3.547106683254241943e-01,3.145865499973297119e-01,-3.318891525268554688e-01,-4.986574500799179077e-02,-5.096050351858139038e-02,-1.047784555703401566e-02,1.651087701320648193e-01,-6.813436001539230347e-02,1.484747409820556641e+00,-3.659034892916679382e-02,9.618621468544006348e-01,-2.200031131505966187e-01,6.829007714986801147e-02,7.456254363059997559e-01,-1.214772015810012817e-01,-1.392075061798095703e+00,-3.067938387393951416e-01,9.115962982177734375e-01,-1.419942378997802734e-01,1.047712936997413635e-01,-5.175904035568237305e-01
1.603209972381591797e+00,-3.121944904327392578e+00,7.996232509613037109e-01,-2.913168817758560181e-02,-1.419795956462621689e-02,-7.475514411926269531e-01,6.634128689765930176e-01,-4.796576127409934998e-02,3.093982636928558350e-01,2.655384540557861328e-01,3.309491276741027832e-01,-1.744299083948135376e-01,-1.670016646385192871e-01,-3.251348808407783508e-02,-1.280090212821960449e-02,-3.553884327411651611e-01,3.148168921470642090e-01,-3.324835598468780518e-01,-4.999036341905593872e-02,-5.154200270771980286e-02,-1.091161556541919708e-02,1.653182357549667358e-01,-6.916847825050354004e-02,1.484336495399475098e+00,-3.627143800258636475e-02,9.610092639923095703e-01,-2.177392244338989258e-01,6.877070665359497070e-02,7.438105344772338867e-01,-1.199071630835533142e-01,-1.391394138336181641e+00,-3.091978430747985840e-01,9.116404056549072266e-01,-1.427118331193923950e-01,1.048696413636207581e-01,-5.174275636672973633e-01
1.603059530258178711e+00,-3.122132301330566406e+00,7.995990514755249023e-01,-2.912523783743381500e-02,-1.410460378974676132e-02,-7.473344206809997559e-01,6.636596322059631348e-01,-4.832120984792709351e-02,3.096234798431396484e-01,2.647580504417419434e-01,3.313359022140502930e-01,-1.746818572282791138e-01,-1.672341078519821167e-01,-3.222312778234481812e-02,-1.257656048983335495e-02,-3.559916317462921143e-01,3.147607743740081787e-01,-3.328597843647003174e-01,-5.010021850466728210e-02,-5.205105245113372803e-02,-1.126690581440925598e-02,1.655654311180114746e-01,-6.933994591236114502e-02,1.484526395797729492e+00,-3.642226010560989380e-02,9.604841470718383789e-01,-2.168632596731185913e-01,6.932758539915084839e-02,7.431871294975280762e-01,-1.185205802321434021e-01,-1.391006231307983398e+00,-3.111293315887451172e-01,9.116290211677551270e-01,-1.433777511119842529e-01,1.051489561796188354e-01,-5.168856978416442871e-01
1.602942466735839844e+00,-3.122300624847412109e+00,7.995899319648742676e-01,-2.907593548297882080e-02,-1.398520544171333313e-02,-7.471825480461120605e-01,6.638352274894714355e-01,-4.864666983485221863e-02,3.098217546939849854e-01,2.642468214035034180e-01,3.315509855747222900e-01,-1.748459637165069580e-01,-1.674155890941619873e-01,-3.204363957047462463e-02,-1.236530300229787827e-02,-3.564783930778503418e-01,3.145757019519805908e-01,-3.330810964107513428e-01,-5.018917471170425415e-02,-5.246959254145622253e-02,-1.153151411563158035e-02,1.658434569835662842e-01,-6.831291317939758301e-02,1.484767198562622070e+00,-3.574684634804725647e-02,9.599248766899108887e-01,-2.170199006795883179e-01,7.017943263053894043e-02,7.435329556465148926e-01,-1.170857548713684082e-01,-1.390901923179626465e+00,-3.128440678119659424e-01,9.115703701972961426e-01,-1.438008397817611694e-01,1.053041443228721619e-01,-5.162905454635620117e-01
1.602848410606384277e+00,-3.122452497482299805e+00,7.995881438255310059e-01,-2.899285964667797089e-02,-1.384941767901182175e-02,-7.471024394035339355e-01,6.639319062232971191e-01,-4.892573505640029907e-02,3.099825084209442139e-01,2.639160752296447754e-01,3.316366970539093018e-01,-1.749515235424041748e-01,-1.675668954849243164e-01,-3.200223669409751892e-02,-1.217749807983636856e-02,-3.568017482757568359e-01,3.144123852252960205e-01,-3.332213461399078369e-01,-5.026228725910186768e-02,-5.279131606221199036e-02,-1.167155336588621140e-02,1.661451309919357300e-01,-6.601427495479583740e-02,1.484971165657043457e+00,-3.355915099382400513e-02,9.590227007865905762e-01,-2.178999185562133789e-01,7.085049897432327271e-02,7.446016669273376465e-01,-1.158891618251800537e-01,-1.390994906425476074e+00,-3.142092823982238770e-01,9.114546775817871094e-01,-1.437040120363235474e-01,1.050825491547584534e-01,-5.160923600196838379e-01
1.602781057357788086e+00,-3.122592687606811523e+00,7.995822429656982422e-01,-2.887872606515884399e-02,-1.371403131633996964e-02,-7.470946311950683594e-01,6.639484763145446777e-01,-4.918428882956504822e-02,3.101492822170257568e-01,2.638884782791137695e-01,3.317586481571197510e-01,-1.750922501087188721e-01,-1.676878631114959717e-01,-3.213923797011375427e-02,-1.206491142511367798e-02,-3.569693863391876221e-01,3.143611550331115723e-01,-3.333557546138763428e-01,-5.030426383018493652e-02,-5.291481688618659973e-02,-1.174874510616064072e-02,1.664364784955978394e-01,-6.300220638513565063e-02,1.485127925872802734e+00,-3.050916269421577454e-02,9.583493471145629883e-01,-2.183337509632110596e-01,7.140104472637176514e-02,7.442183494567871094e-01,-1.151551231741905212e-01,-1.391173243522644043e+00,-3.150304555892944336e-01,9.112419486045837402e-01,-1.432432085275650024e-01,1.049734279513359070e-01,-5.161067247390747070e-01
1.602749943733215332e+00,-3.122707366943359375e+00,7.995631098747253418e-01,-2.875873073935508728e-02,-1.360262557864189148e-02,-7.471650242805480957e-01,6.638767719268798828e-01,-4.942728206515312195e-02,3.103008866310119629e-01,2.641230821609497070e-01,3.320640623569488525e-01,-1.753391623497009277e-01,-1.677649766206741333e-01,-3.247414901852607727e-02,-1.205681078135967255e-02,-3.569346666336059570e-01,3.146146237850189209e-01,-3.335466682910919189e-01,-5.032591894268989563e-02,-5.293224379420280457e-02,-1.177593972533941269e-02,1.667469888925552368e-01,-6.122900545597076416e-02,1.485231280326843262e+00,-2.816416136920452118e-02,9.581233859062194824e-01,-2.178377807140350342e-01,7.147397845983505249e-02,7.429190874099731445e-01,-1.147861704230308533e-01,-1.391484022140502930e+00,-3.153764903545379639e-01,9.110185503959655762e-01,-1.432130336761474609e-01,1.053361967206001282e-01,-5.165599584579467773e-01
1.602762818336486816e+00,-3.122788190841674805e+00,7.995247840881347656e-01,-2.862250246107578278e-02,-1.352106127887964249e-02,-7.473247647285461426e-01,6.637045145034790039e-01,-4.970858618617057800e-02,3.104369044303894043e-01,2.645396590232849121e-01,3.326315879821777344e-01,-1.757290810346603394e-01,-1.677870899438858032e-01,-3.311101347208023071e-02,-1.219890452921390533e-02,-3.566300272941589355e-01,3.153317570686340332e-01,-3.338500261306762695e-01,-5.033451691269874573e-02,-5.292297527194023132e-02,-1.174600888043642044e-02,1.671290248632431030e-01,-6.105132773518562317e-02,1.485592007637023926e+00,-2.772400714457035065e-02,9.583567380905151367e-01,-2.176381647586822510e-01,7.050764560699462891e-02,7.417051196098327637e-01,-1.151925474405288696e-01,-1.392017960548400879e+00,-3.149195909500122070e-01,9.109028577804565430e-01,-1.429806351661682129e-01,1.055412963032722473e-01,-5.169650912284851074e-01
1.602807760238647461e+00,-3.122871160507202148e+00,7.994785904884338379e-01,-2.847856096923351288e-02,-1.345785427838563919e-02,-7.475116848945617676e-01,6.635014414787292480e-01,-5.003098398447036743e-02,3.104827702045440674e-01,2.649496793746948242e-01,3.333929479122161865e-01,-1.762572377920150757e-01,-1.677588522434234619e-01,-3.386911749839782715e-02,-1.245483011007308960e-02,-3.562276065349578857e-01,3.163088560104370117e-01,-3.342540264129638672e-01,-5.031642690300941467e-02,-5.290296673774719238e-02,-1.167092937976121902e-02,1.674567461013793945e-01,-6.221024692058563232e-02,1.485706090927124023e+00,-3.007668443024158478e-02,9.591609239578247070e-01,-2.184858173131942749e-01,6.944314390420913696e-02,7.413536310195922852e-01,-1.157029569149017334e-01,-1.392783641815185547e+00,-3.142431974411010742e-01,9.109131097793579102e-01,-1.423352509737014771e-01,1.053154394030570984e-01,-5.171193480491638184e-01
1.602864384651184082e+00,-3.122982501983642578e+00,7.994352579116821289e-01,-2.834370918571949005e-02,-1.341098267585039139e-02,-7.476372122764587402e-01,6.633667349815368652e-01,-5.038729310035705566e-02,3.104269504547119141e-01,2.651549577713012695e-01,3.342258036136627197e-01,-1.768576353788375854e-01,-1.676983088254928589e-01,-3.452194482088088989e-02,-1.277566794306039810e-02,-3.559192121028900146e-01,3.172957897186279297e-01,-3.347203731536865234e-01,-5.027237907052040100e-02,-5.290097743272781372e-02,-1.160317659378051758e-02,1.677111983299255371e-01,-6.415283679962158203e-02,1.485299825668334961e+00,-3.298450633883476257e-02,9.596344232559204102e-01,-2.187829464673995972e-01,6.918103247880935669e-02,7.415504455566406250e-01,-1.167527884244918823e-01,-1.393648266792297363e+00,-3.129469156265258789e-01,9.112771749496459961e-01,-1.418264806270599365e-01,1.048826724290847778e-01,-5.172334313392639160e-01
1.602922081947326660e+00,-3.123123645782470703e+00,7.993918061256408691e-01,-2.821521833539009094e-02,-1.338320598006248474e-02,-7.476673722267150879e-01,6.633387207984924316e-01,-5.081217363476753235e-02,3.103098273277282715e-01,2.651436626911163330e-01,3.351232111454010010e-01,-1.775079816579818726e-01,-1.676234602928161621e-01,-3.505327180027961731e-02,-1.312200818210840225e-02,-3.556981384754180908e-01,3.182709515094757080e-01,-3.352499306201934814e-01,-5.021278187632560730e-02,-5.306851491332054138e-02,-1.159449201077222824e-02,1.678349375724792480e-01,-6.606270372867584229e-02,1.484348416328430176e+00,-3.455962985754013062e-02,9.591252207756042480e-01,-2.179151475429534912e-01,6.955401599407196045e-02,7.420475482940673828e-01,-1.180023476481437683e-01,-1.394532799720764160e+00,-3.117325305938720703e-01,9.117039442062377930e-01,-1.428131014108657837e-01,1.046261638402938843e-01,-5.168408155441284180e-01
1.602972865104675293e+00,-3.123291254043579102e+00,7.993352413177490234e-01,-2.808903157711029053e-02,-1.336965523660182953e-02,-7.476185560226440430e-01,6.633993983268737793e-01,-5.133827775716781616e-02,3.101750314235687256e-01,2.650500833988189697e-01,3.361883163452148438e-01,-1.782543063163757324e-01,-1.675523072481155396e-01,-3.555317223072052002e-02,-1.356874499469995499e-02,-3.555630743503570557e-01,3.194147348403930664e-01,-3.359274864196777344e-01,-5.017367005348205566e-02,-5.346562340855598450e-02,-1.164426840841770172e-02,1.679128259420394897e-01,-6.753259152173995972e-02,1.483577847480773926e+00,-3.569493070244789124e-02,9.583323001861572266e-01,-2.170976698398590088e-01,6.937368959188461304e-02,7.419824600219726562e-01,-1.190889030694961548e-01,-1.395552039146423340e+00,-3.107994496822357178e-01,9.117004275321960449e-01,-1.447434574365615845e-01,1.049395650625228882e-01,-5.160934925079345703e-01
1.603013157844543457e+00,-3.123479604721069336e+00,7.992590665817260742e-01,-2.795490622520446777e-02,-1.337327156215906143e-02,-7.475362420082092285e-01,6.634977459907531738e-01,-5.193618685007095337e-02,3.100631237030029297e-01,2.649881541728973389e-01,3.374367654323577881e-01,-1.791072040796279907e-01,-1.674993634223937988e-01,-3.612491488456726074e-02,-1.417445112019777298e-02,-3.556929826736450195e-01,3.209052383899688721e-01,-3.367986381053924561e-01,-5.007319524884223938e-02,-5.394798889756202698e-02,-1.169672887772321701e-02,1.679833531379699707e-01,-6.898024678230285645e-02,1.483242750167846680e+00,-3.770690783858299255e-02,9.583252668380737305e-01,-2.172779291868209839e-01,6.956533342599868774e-02,7.410505414009094238e-01,-1.200313568115234375e-01,-1.396824002265930176e+00,-3.096712827682495117e-01,9.112616181373596191e-01,-1.452559977769851685e-01,1.049997583031654358e-01,-5.160772800445556641e-01
1.603037118911743164e+00,-3.123689651489257812e+00,7.991732954978942871e-01,-2.782145701348781586e-02,-1.338769681751728058e-02,-7.474474310874938965e-01,6.636031270027160645e-01,-5.251204222440719604e-02,3.099573552608489990e-01,2.649054229259490967e-01,3.387379944324493408e-01,-1.800139695405960083e-01,-1.674755960702896118e-01,-3.672946617007255554e-02,-1.485337689518928528e-02,-3.559200167655944824e-01,3.226163089275360107e-01,-3.378050029277801514e-01,-4.995790868997573853e-02,-5.440673232078552246e-02,-1.173021178692579269e-02,1.679931730031967163e-01,-7.080410420894622803e-02,1.483148932456970215e+00,-4.000756889581680298e-02,9.588741064071655273e-01,-2.170579433441162109e-01,7.042340189218521118e-02,7.402943968772888184e-01,-1.206732243299484253e-01,-1.398174285888671875e+00,-3.087103068828582764e-01,9.107761979103088379e-01,-1.439327448606491089e-01,1.045395508408546448e-01,-5.173120498657226562e-01
1.603037834167480469e+00,-3.123927354812622070e+00,7.990811467170715332e-01,-2.768828161060810089e-02,-1.340997125953435898e-02,-7.473821043968200684e-01,6.636818051338195801e-01,-5.297876521944999695e-02,3.098575174808502197e-01,2.648169994354248047e-01,3.399888575077056885e-01,-1.809378415346145630e-01,-1.674990653991699219e-01,-3.735081478953361511e-02,-1.554778870195150375e-02,-3.561520278453826904e-01,3.244777619838714600e-01,-3.389191627502441406e-01,-4.984854161739349365e-02,-5.477259680628776550e-02,-1.169884018599987030e-02,1.679471284151077271e-01,-7.261732965707778931e-02,1.483336329460144043e+00,-4.220616444945335388e-02,9.596391320228576660e-01,-2.169097363948822021e-01,7.153318822383880615e-02,7.405644059181213379e-01,-1.210307329893112183e-01,-1.399453282356262207e+00,-3.078241348266601562e-01,9.107738733291625977e-01,-1.429367065429687500e-01,1.037321388721466064e-01,-5.192244648933410645e-01
1.603018522262573242e+00,-3.124201059341430664e+00,7.989886403083801270e-01,-2.755228243768215179e-02,-1.343550533056259155e-02,-7.473511695861816406e-01,6.637217402458190918e-01,-5.327578261494636536e-02,3.097435534000396729e-01,2.647651433944702148e-01,3.410872817039489746e-01,-1.818399727344512939e-01,-1.675614863634109497e-01,-3.795741870999336243e-02,-1.622379943728446960e-02,-3.563258349895477295e-01,3.264015913009643555e-01,-3.401038944721221924e-01,-4.974216967821121216e-02,-5.498239398002624512e-02,-1.164633408188819885e-02,1.678571403026580811e-01,-7.376908510923385620e-02,1.483733415603637695e+00,-4.409878700971603394e-02,9.602828621864318848e-01,-2.175783365964889526e-01,7.153411209583282471e-02,7.414235472679138184e-01,-1.209584400057792664e-01,-1.400692224502563477e+00,-3.067780435085296631e-01,9.112859964370727539e-01,-1.436746865510940552e-01,1.039162874221801758e-01,-5.195906758308410645e-01
1.602986097335815430e+00,-3.124524116516113281e+00,7.989061474800109863e-01,-2.740951441228389740e-02,-1.349902339279651642e-02,-7.473876476287841797e-01,6.636853218078613281e-01,-5.324455350637435913e-02,3.096103668212890625e-01,2.649815082550048828e-01,3.419778048992156982e-01,-1.826110333204269409e-01,-1.676536500453948975e-01,-3.845445439219474792e-02,-1.691939495503902435e-02,-3.563186228275299072e-01,3.283060193061828613e-01,-3.413165509700775146e-01,-4.960530251264572144e-02,-5.501494556665420532e-02,-1.164751313626766205e-02,1.676227301359176636e-01,-7.440848648548126221e-02,1.484049797058105469e+00,-4.508628323674201965e-02,9.606905579566955566e-01,-2.190849035978317261e-01,7.099400460720062256e-02,7.417083978652954102e-01,-1.205275654792785645e-01,-1.401570439338684082e+00,-3.064806759357452393e-01,9.115917086601257324e-01,-1.441948115825653076e-01,1.043089479207992554e-01,-5.193954110145568848e-01
1.602941036224365234e+00,-3.124895095825195312e+00,7.988213896751403809e-01,-2.729515545070171356e-02,-1.358455326408147812e-02,-7.474591732025146484e-01,6.636077761650085449e-01,-5.303989350795745850e-02,3.095205426216125488e-01,2.652843594551086426e-01,3.428801298141479492e-01,-1.834187656641006470e-01,-1.678007841110229492e-01,-3.881679475307464600e-02,-1.756788603961467743e-02,-3.562298715114593506e-01,3.301715552806854248e-01,-3.425592482089996338e-01,-4.943710938096046448e-02,-5.491347610950469971e-02,-1.166455633938312531e-02,1.672798246145248413e-01,-7.448084652423858643e-02,1.484291911125183105e+00,-4.512747749686241150e-02,9.607502222061157227e-01,-2.209708094596862793e-01,6.916536390781402588e-02,7.424010634422302246e-01,-1.199520602822303772e-01,-1.402033805847167969e+00,-3.068863153457641602e-01,9.116420745849609375e-01,-1.443385332822799683e-01,1.046822443604469299e-01,-5.188665390014648438e-01
1.602885842323303223e+00,-3.125301837921142578e+00,7.987245321273803711e-01,-2.722859010100364685e-02,-1.367156952619552612e-02,-7.475376725196838379e-01,6.635202169418334961e-01,-5.282802879810333252e-02,3.095590770244598389e-01,2.655412852764129639e-01,3.440946936607360840e-01,-1.844042241573333740e-01,-1.679966449737548828e-01,-3.902236372232437134e-02,-1.812379062175750732e-02,-3.561254143714904785e-01,3.320281505584716797e-01,-3.438544273376464844e-01,-4.924522712826728821e-02,-5.473833531141281128e-02,-1.168765127658843994e-02,1.669273674488067627e-01,-7.378734648227691650e-02,1.484505295753479004e+00,-4.355817660689353943e-02,9.602574110031127930e-01,-2.206374853849411011e-01,6.786848604679107666e-02,7.432389855384826660e-01,-1.189453750848770142e-01,-1.402199625968933105e+00,-3.068375885486602783e-01,9.114608764648437500e-01,-1.429170519113540649e-01,1.051424816250801086e-01,-5.191932320594787598e-01
1.602818846702575684e+00,-3.125735282897949219e+00,7.986199259757995605e-01,-2.719897404313087463e-02,-1.375887915492057800e-02,-7.476149797439575195e-01,6.634325385093688965e-01,-5.262034758925437927e-02,3.097473680973052979e-01,2.658686935901641846e-01,3.455564081668853760e-01,-1.855280548334121704e-01,-1.682060509920120239e-01,-3.909707069396972656e-02,-1.859663054347038269e-02,-3.560211956501007080e-01,3.338446021080017090e-01,-3.451757431030273438e-01,-4.903715848922729492e-02,-5.448649823665618896e-02,-1.165354158729314804e-02,1.666069924831390381e-01,-7.254357635974884033e-02,1.484684467315673828e+00,-4.084548726677894592e-02,9.592976570129394531e-01,-2.185729146003723145e-01,6.839084625244140625e-02,7.436159253120422363e-01,-1.174663156270980835e-01,-1.402217984199523926e+00,-3.084004819393157959e-01,9.110102653503417969e-01,-1.430200934410095215e-01,1.055829226970672607e-01,-5.186330676078796387e-01
1.602742075920104980e+00,-3.126183271408081055e+00,7.985100746154785156e-01,-2.719686366617679596e-02,-1.383672282099723816e-02,-7.477315664291381836e-01,6.632996201515197754e-01,-5.240327119827270508e-02,3.100332319736480713e-01,2.661647200584411621e-01,3.472006320953369141e-01,-1.867595613002777100e-01,-1.685012131929397583e-01,-3.909625485539436340e-02,-1.894700899720191956e-02,-3.558164834976196289e-01,3.355982601642608643e-01,-3.464799523353576660e-01,-4.883160814642906189e-02,-5.402648076415061951e-02,-1.156950369477272034e-02,1.662548631429672241e-01,-7.158012688159942627e-02,1.484973788261413574e+00,-3.972717747092247009e-02,9.588142037391662598e-01,-2.185016721487045288e-01,6.859505921602249146e-02,7.436230778694152832e-01,-1.167660802602767944e-01,-1.402163147926330566e+00,-3.092756867408752441e-01,9.112368822097778320e-01,-1.435955464839935303e-01,1.058721169829368591e-01,-5.182703733444213867e-01
1.602671861648559570e+00,-3.126641273498535156e+00,7.983999848365783691e-01,-2.720923162996768951e-02,-1.390450354665517807e-02,-7.478538751602172852e-01,6.631597876548767090e-01,-5.221358686685562134e-02,3.103190362453460693e-01,2.663336992263793945e-01,3.489376008510589600e-01,-1.880356818437576294e-01,-1.688486337661743164e-01,-3.906541690230369568e-02,-1.925105042755603790e-02,-3.555756807327270508e-01,3.373040556907653809e-01,-3.477605581283569336e-01,-4.860502108931541443e-02,-5.347659066319465637e-02,-1.142570748925209045e-02,1.659427583217620850e-01,-7.066632062196731567e-02,1.485421657562255859e+00,-4.005591943860054016e-02,9.591385722160339355e-01,-2.189949452877044678e-01,6.879202276468276978e-02,7.429821491241455078e-01,-1.162851378321647644e-01,-1.402215242385864258e+00,-3.098972141742706299e-01,9.117035865783691406e-01,-1.446492969989776611e-01,1.063500642776489258e-01,-5.177611112594604492e-01
1.602633357048034668e+00,-3.127101182937622070e+00,7.982913255691528320e-01,-2.722102589905261993e-02,-1.397512201219797134e-02,-7.479207515716552734e-01,6.630823612213134766e-01,-5.211145058274269104e-02,3.105965554714202881e-01,2.665511071681976318e-01,3.507842123508453369e-01,-1.893490999937057495e-01,-1.691002845764160156e-01,-3.901166841387748718e-02,-1.963184028863906860e-02,-3.554192483425140381e-01,3.390058577060699463e-01,-3.490343093872070312e-01,-4.831548035144805908e-02,-5.298671871423721313e-02,-1.127210538834333420e-02,1.657033115625381470e-01,-7.012637704610824585e-02,1.485639452934265137e+00,-4.061974957585334778e-02,9.597221016883850098e-01,-2.193883806467056274e-01,6.902430206537246704e-02,7.423524260520935059e-01,-1.159290894865989685e-01,-1.402441740036010742e+00,-3.102085590362548828e-01,9.122564792633056641e-01,-1.450348645448684692e-01,1.066901683807373047e-01,-5.169134736061096191e-01
1.602627515792846680e+00,-3.127559185028076172e+00,7.981882691383361816e-01,-2.722647041082382202e-02,-1.404800452291965485e-02,-7.479407191276550293e-01,6.630581021308898926e-01,-5.207969993352890015e-02,3.108001351356506348e-01,2.667154669761657715e-01,3.526506125926971436e-01,-1.906545609235763550e-01,-1.692989170551300049e-01,-3.892438858747482300e-02,-2.009075134992599487e-02,-3.553284704685211182e-01,3.406741917133331299e-01,-3.502800464630126953e-01,-4.797276481986045837e-02,-5.247487500309944153e-02,-1.108733471482992172e-02,1.655727326869964600e-01,-7.007782906293869019e-02,1.485587835311889648e+00,-4.143463820219039917e-02,9.602586627006530762e-01,-2.193157672882080078e-01,6.906016916036605835e-02,7.422776818275451660e-01,-1.155280843377113342e-01,-1.402862191200256348e+00,-3.101868629455566406e-01,9.129424691200256348e-01,-1.439423114061355591e-01,1.064970567822456360e-01,-5.166057348251342773e-01
1.602643609046936035e+00,-3.128013134002685547e+00,7.980940341949462891e-01,-2.722281590104103088e-02,-1.412605121731758118e-02,-7.479301095008850098e-01,6.630685925483703613e-01,-5.208089575171470642e-02,3.109015822410583496e-01,2.668107450008392334e-01,3.544209301471710205e-01,-1.918986588716506958e-01,-1.694270372390747070e-01,-3.881471231579780579e-02,-2.058728598058223724e-02,-3.552674651145935059e-01,3.422705531120300293e-01,-3.514803946018218994e-01,-4.761123657226562500e-02,-5.202378332614898682e-02,-1.079638116061687469e-02,1.655203402042388916e-01,-7.046896219253540039e-02,1.485353112220764160e+00,-4.261101782321929932e-02,9.606304764747619629e-01,-2.193418890237808228e-01,6.891375780105590820e-02,7.416387796401977539e-01,-1.154231950640678406e-01,-1.403476953506469727e+00,-3.093036115169525146e-01,9.137825369834899902e-01,-1.431670784950256348e-01,1.057549491524696350e-01,-5.170440077781677246e-01
1.602674245834350586e+00,-3.128458738327026367e+00,7.980133295059204102e-01,-2.721321024000644684e-02,-1.420415844768285751e-02,-7.478746175765991211e-01,6.631298661231994629e-01,-5.211062729358673096e-02,3.109447360038757324e-01,2.668215334415435791e-01,3.560241162776947021e-01,-1.930345147848129272e-01,-1.695401817560195923e-01,-3.864456713199615479e-02,-2.110168896615505219e-02,-3.551689386367797852e-01,3.437073528766632080e-01,-3.525953590869903564e-01,-4.725397378206253052e-02,-5.162135884165763855e-02,-1.042850781232118607e-02,1.654815971851348877e-01,-7.148987054824829102e-02,1.484945297241210938e+00,-4.419325292110443115e-02,9.607938528060913086e-01,-2.197327762842178345e-01,6.877157837152481079e-02,7.403737902641296387e-01,-1.156164407730102539e-01,-1.404226779937744141e+00,-3.076848685741424561e-01,9.147410988807678223e-01,-1.423541009426116943e-01,1.046085730195045471e-01,-5.182343125343322754e-01
1.602702379226684570e+00,-3.128892183303833008e+00,7.979402542114257812e-01,-2.719758823513984680e-02,-1.427685748785734177e-02,-7.477735280990600586e-01,6.632429361343383789e-01,-5.217601358890533447e-02,3.108810782432556152e-01,2.667199671268463135e-01,3.574542105197906494e-01,-1.940440684556961060e-01,-1.697165817022323608e-01,-3.842877596616744995e-02,-2.164482511579990387e-02,-3.552952110767364502e-01,3.450306653976440430e-01,-3.536581397056579590e-01,-4.691163450479507446e-02,-5.130059644579887390e-02,-1.004218496382236481e-02,1.654606759548187256e-01,-7.250808179378509521e-02,1.484517455101013184e+00,-4.550917819142341614e-02,9.607633352279663086e-01,-2.193685621023178101e-01,6.888969987630844116e-02,7.390121817588806152e-01,-1.157352030277252197e-01,-1.404902815818786621e+00,-3.065626323223114014e-01,9.153699874877929688e-01,-1.413728296756744385e-01,1.043464392423629761e-01,-5.191574096679687500e-01
1.602719783782958984e+00,-3.129312753677368164e+00,7.978779673576354980e-01,-2.715807408094406128e-02,-1.433159038424491882e-02,-7.476119399070739746e-01,6.634255051612854004e-01,-5.227278918027877808e-02,3.107710182666778564e-01,2.664560675621032715e-01,3.586551547050476074e-01,-1.948965787887573242e-01,-1.699011027812957764e-01,-3.818644583225250244e-02,-2.224476635456085205e-02,-3.557177484035491943e-01,3.462101519107818604e-01,-3.546630144119262695e-01,-4.659985005855560303e-02,-5.125287920236587524e-02,-9.696646593511104584e-03,1.654501855373382568e-01,-7.331211119890213013e-02,1.484185814857482910e+00,-4.677958041429519653e-02,9.607673883438110352e-01,-2.190175652503967285e-01,6.910182535648345947e-02,7.382905483245849609e-01,-1.156730428338050842e-01,-1.405348896980285645e+00,-3.066890239715576172e-01,9.151995182037353516e-01,-1.409811675548553467e-01,1.048586964607238770e-01,-5.194860100746154785e-01
1.602725386619567871e+00,-3.129727840423583984e+00,7.978343367576599121e-01,-2.707291021943092346e-02,-1.434929296374320984e-02,-7.473802566528320312e-01,6.636896133422851562e-01,-5.245518311858177185e-02,3.105714023113250732e-01,2.660491764545440674e-01,3.595346510410308838e-01,-1.955554038286209106e-01,-1.699905395507812500e-01,-3.793048486113548279e-02,-2.286094799637794495e-02,-3.563860654830932617e-01,3.471500873565673828e-01,-3.555746972560882568e-01,-4.633877053856849670e-02,-5.133286118507385254e-02,-9.355107322335243225e-03,1.654587835073471069e-01,-7.312825322151184082e-02,1.483867645263671875e+00,-4.652053117752075195e-02,9.604148268699645996e-01,-2.184279710054397583e-01,6.957566738128662109e-02,7.381469011306762695e-01,-1.153044477105140686e-01,-1.405430078506469727e+00,-3.083218336105346680e-01,9.143935441970825195e-01,-1.416189223527908325e-01,1.055559217929840088e-01,-5.191093087196350098e-01
1.602719902992248535e+00,-3.130162239074707031e+00,7.978139519691467285e-01,-2.695372700691223145e-02,-1.432359963655471802e-02,-7.471560239791870117e-01,6.639474630355834961e-01,-5.253148451447486877e-02,3.103431463241577148e-01,2.656794786453247070e-01,3.600069582462310791e-01,-1.960467100143432617e-01,-1.701166331768035889e-01,-3.763364627957344055e-02,-2.337937243282794952e-02,-3.570322394371032715e-01,3.477662503719329834e-01,-3.563432991504669189e-01,-4.611621797084808350e-02,-5.143982172012329102e-02,-9.014719165861606598e-03,1.654338538646697998e-01,-7.203180342912673950e-02,1.483578562736511230e+00,-4.462215676903724670e-02,9.596590399742126465e-01,-2.181482315063476562e-01,7.054129987955093384e-02,7.384746670722961426e-01,-1.148278489708900452e-01,-1.405383229255676270e+00,-3.101910054683685303e-01,9.135758280754089355e-01,-1.435988843441009521e-01,1.068688035011291504e-01,-5.187369585037231445e-01
1.602696895599365234e+00,-3.130617141723632812e+00,7.978194952011108398e-01,-2.680410072207450867e-02,-1.425171922892332077e-02,-7.469816803932189941e-01,6.641511917114257812e-01,-5.239110067486763000e-02,3.101088404655456543e-01,2.654159963130950928e-01,3.599640429019927979e-01,-1.963438540697097778e-01,-1.702710092067718506e-01,-3.731389343738555908e-02,-2.371963672339916229e-02,-3.574978411197662354e-01,3.480384349822998047e-01,-3.569301366806030273e-01,-4.593376442790031433e-02,-5.139831453561782837e-02,-8.685216307640075684e-03,1.654073894023895264e-01,-7.049684971570968628e-02,1.483464837074279785e+00,-4.261237755417823792e-02,9.592784643173217773e-01,-2.184428274631500244e-01,7.139998674392700195e-02,7.391901612281799316e-01,-1.143870651721954346e-01,-1.405328392982482910e+00,-3.112415671348571777e-01,9.130837917327880859e-01,-1.436684280633926392e-01,1.071869060397148132e-01,-5.186715722084045410e-01
1.602668642997741699e+00,-3.131081342697143555e+00,7.978592514991760254e-01,-2.663656882941722870e-02,-1.416579820215702057e-02,-7.468320727348327637e-01,6.643279790878295898e-01,-5.193784087896347046e-02,3.097088634967803955e-01,2.650731503963470459e-01,3.592182993888854980e-01,-1.963579505681991577e-01,-1.704127788543701172e-01,-3.686474636197090149e-02,-2.398584224283695221e-02,-3.579309582710266113e-01,3.479037582874298096e-01,-3.573003113269805908e-01,-4.572087526321411133e-02,-5.122589319944381714e-02,-8.402725681662559509e-03,1.653719246387481689e-01,-6.863671541213989258e-02,1.483644008636474609e+00,-4.081768915057182312e-02,9.596134424209594727e-01,-2.190884500741958618e-01,7.161897420883178711e-02,7.397683262825012207e-01,-1.140744909644126892e-01,-1.405171036720275879e+00,-3.111079037189483643e-01,9.132971167564392090e-01,-1.418085396289825439e-01,1.065540760755538940e-01,-5.188335776329040527e-01
1.602641940116882324e+00,-3.131527900695800781e+00,7.978973388671875000e-01,-2.646080963313579559e-02,-1.408655941486358643e-02,-7.466580867767333984e-01,6.645322442054748535e-01,-5.142411217093467712e-02,3.092591464519500732e-01,2.647716104984283447e-01,3.582435548305511475e-01,-1.963013112545013428e-01,-1.705133616924285889e-01,-3.640654310584068298e-02,-2.428797818720340729e-02,-3.584159910678863525e-01,3.477143645286560059e-01,-3.576177656650543213e-01,-4.543326422572135925e-02,-5.103022605180740356e-02,-8.183293975889682770e-03,1.654013991355895996e-01,-6.676548719406127930e-02,1.484061837196350098e+00,-3.902784362435340881e-02,9.602737426757812500e-01,-2.199680805206298828e-01,7.092123478651046753e-02,7.396836280822753906e-01,-1.136213615536689758e-01,-1.404857635498046875e+00,-3.107674419879913330e-01,9.139510393142700195e-01,-1.398682147264480591e-01,1.055893674492835999e-01,-5.190983414649963379e-01
1.602629184722900391e+00,-3.131958961486816406e+00,7.979208827018737793e-01,-2.630060166120529175e-02,-1.401507761329412460e-02,-7.464439868927001953e-01,6.647805571556091309e-01,-5.104069039225578308e-02,3.088647127151489258e-01,2.644948661327362061e-01,3.574904203414916992e-01,-1.963629275560379028e-01,-1.705724745988845825e-01,-3.593593463301658630e-02,-2.465483546257019043e-02,-3.590326905250549316e-01,3.475849330425262451e-01,-3.579280674457550049e-01,-4.497252032160758972e-02,-5.076185241341590881e-02,-8.023752830922603607e-03,1.654772013425827026e-01,-6.502840667963027954e-02,1.484493255615234375e+00,-3.698687627911567688e-02,9.609110355377197266e-01,-2.201871126890182495e-01,7.018565386533737183e-02,7.392858862876892090e-01,-1.122691407799720764e-01,-1.404335141181945801e+00,-3.116135597229003906e-01,9.145259261131286621e-01,-1.390959620475769043e-01,1.047793403267860413e-01,-5.193198323249816895e-01
1.602640032768249512e+00,-3.132394790649414062e+00,7.979242205619812012e-01,-2.620337344706058502e-02,-1.396540086716413498e-02,-7.461903691291809082e-01,6.650701165199279785e-01,-5.080468952655792236e-02,3.084968924522399902e-01,2.639317512512207031e-01,3.572175800800323486e-01,-1.966726481914520264e-01,-1.706064045429229736e-01,-3.535907715559005737e-02,-2.505698055028915405e-02,-3.597673177719116211e-01,3.475994169712066650e-01,-3.583291471004486084e-01,-4.446585848927497864e-02,-5.039570480585098267e-02,-7.817258127033710480e-03,1.656081527471542358e-01,-6.419688463211059570e-02,1.484651803970336914e+00,-3.533975407481193542e-02,9.612494111061096191e-01,-2.195040583610534668e-01,6.944676488637924194e-02,7.389557361602783203e-01,-1.104464232921600342e-01,-1.403622627258300781e+00,-3.133466839790344238e-01,9.148904085159301758e-01,-1.397477686405181885e-01,1.044792979955673218e-01,-5.192919373512268066e-01
1.602672934532165527e+00,-3.132840394973754883e+00,7.979084253311157227e-01,-2.617973275482654572e-02,-1.395952794700860977e-02,-7.458837032318115234e-01,6.654150485992431641e-01,-5.064762383699417114e-02,3.081556558609008789e-01,2.631604969501495361e-01,3.573894202709197998e-01,-1.972066760063171387e-01,-1.706075519323348999e-01,-3.464644402265548706e-02,-2.552537992596626282e-02,-3.606476783752441406e-01,3.478362560272216797e-01,-3.588912487030029297e-01,-4.407785087823867798e-02,-5.011349916458129883e-02,-7.505226414650678635e-03,1.658953726291656494e-01,-6.358285993337631226e-02,1.484307527542114258e+00,-3.320015594363212585e-02,9.609453082084655762e-01,-2.181740254163742065e-01,6.896005570888519287e-02,7.385919690132141113e-01,-1.089979410171508789e-01,-1.402726769447326660e+00,-3.154760599136352539e-01,9.150402545928955078e-01,-1.414193063974380493e-01,1.046435683965682983e-01,-5.190364718437194824e-01
1.602746248245239258e+00,-3.133301258087158203e+00,7.978755235671997070e-01,-2.619852870702743530e-02,-1.397942565381526947e-02,-7.455255389213562012e-01,6.658152341842651367e-01,-5.055450275540351868e-02,3.077554702758789062e-01,2.621985673904418945e-01,3.578421175479888916e-01,-1.980015039443969727e-01,-1.705589741468429565e-01,-3.389006480574607849e-02,-2.608372084796428680e-02,-3.615892529487609863e-01,3.483139574527740479e-01,-3.595978021621704102e-01,-4.370990023016929626e-02,-4.994561895728111267e-02,-7.070066872984170914e-03,1.660657972097396851e-01,-6.233770772814750671e-02,1.483409047126770020e+00,-3.072940744459629059e-02,9.600599408149719238e-01,-2.172887921333312988e-01,6.912085413932800293e-02,7.384139299392700195e-01,-1.074176505208015442e-01,-1.401706695556640625e+00,-3.178147077560424805e-01,9.147396683692932129e-01,-1.432076841592788696e-01,1.050615832209587097e-01,-5.185819268226623535e-01
1.602876901626586914e+00,-3.133778333663940430e+00,7.978106141090393066e-01,-2.624743245542049408e-02,-1.404273603111505508e-02,-7.451298236846923828e-01,6.662547588348388672e-01,-5.058265849947929382e-02,3.073176741600036621e-01,2.612276673316955566e-01,3.587851524353027344e-01,-1.991374194622039795e-01,-1.704146713018417358e-01,-3.320554271340370178e-02,-2.686293609440326691e-02,-3.625637292861938477e-01,3.493023812770843506e-01,-3.605557382106781006e-01,-4.326711222529411316e-02,-4.984230175614356995e-02,-6.623157765716314316e-03,1.662442088127136230e-01,-6.093289703130722046e-02,1.482375979423522949e+00,-2.855587750673294067e-02,9.590780138969421387e-01,-2.176886498928070068e-01,6.938567012548446655e-02,7.386058568954467773e-01,-1.054894030094146729e-01,-1.400526046752929688e+00,-3.204621374607086182e-01,9.141082763671875000e-01,-1.445341408252716064e-01,1.052607521414756775e-01,-5.180693268775939941e-01
1.603068113327026367e+00,-3.134279727935791016e+00,7.976758480072021484e-01,-2.631882578134536743e-02,-1.419121865183115005e-02,-7.447256445884704590e-01,6.667005419731140137e-01,-5.081766098737716675e-02,3.068454265594482422e-01,2.603242397308349609e-01,3.606058955192565918e-01,-2.007794380187988281e-01,-1.701814532279968262e-01,-3.277177363634109497e-02,-2.809861861169338226e-02,-3.636691272258758545e-01,3.513758480548858643e-01,-3.620466589927673340e-01,-4.264714941382408142e-02,-4.976060613989830017e-02,-6.089723203331232071e-03,1.665275394916534424e-01,-5.907775089144706726e-02,1.481134653091430664e+00,-2.614898607134819031e-02,9.583495259284973145e-01,-2.184713482856750488e-01,6.967459619045257568e-02,7.389425635337829590e-01,-1.032210960984230042e-01,-1.399522304534912109e+00,-3.232665657997131348e-01,9.132566452026367188e-01,-1.450709849596023560e-01,1.047729849815368652e-01,-5.184347033500671387e-01
1.603270530700683594e+00,-3.134788513183593750e+00,7.974826097488403320e-01,-2.644406445324420929e-02,-1.441319752484560013e-02,-7.442882061004638672e-01,6.671791672706604004e-01,-5.130979791283607483e-02,3.063666820526123047e-01,2.590891420841217041e-01,3.633268177509307861e-01,-2.028459310531616211e-01,-1.699766665697097778e-01,-3.256752714514732361e-02,-2.954130433499813080e-02,-3.646874725818634033e-01,3.544636964797973633e-01,-3.640392720699310303e-01,-4.200609028339385986e-02,-4.970823228359222412e-02,-5.335846450179815292e-03,1.670483052730560303e-01,-5.642298981547355652e-02,1.479764819145202637e+00,-2.356285415589809418e-02,9.585883021354675293e-01,-2.201103270053863525e-01,6.867139041423797607e-02,7.387199401855468750e-01,-1.008735075592994690e-01,-1.398985624313354492e+00,-3.259303569793701172e-01,9.123307466506958008e-01,-1.451433897018432617e-01,1.049390733242034912e-01,-5.195477604866027832e-01
1.603457212448120117e+00,-3.135312795639038086e+00,7.972535490989685059e-01,-2.661873586475849152e-02,-1.469856780022382736e-02,-7.438029050827026367e-01,6.677069664001464844e-01,-5.196937918663024902e-02,3.058896362781524658e-01,2.575248777866363525e-01,3.667077124118804932e-01,-2.051730304956436157e-01,-1.698547005653381348e-01,-3.243415057659149170e-02,-3.109088167548179626e-02,-3.656683266162872314e-01,3.582127690315246582e-01,-3.663888275623321533e-01,-4.138235747814178467e-02,-4.971487075090408325e-02,-4.504750017076730728e-03,1.677732020616531372e-01,-5.422481149435043335e-02,1.478889226913452148e+00,-2.267764136195182800e-02,9.607248306274414062e-01,-2.213574051856994629e-01,6.691064685583114624e-02,7.394427061080932617e-01,-9.891661256551742554e-02,-1.398668646812438965e+00,-3.287924826145172119e-01,9.119601845741271973e-01,-1.467011421918869019e-01,1.053327023983001709e-01,-5.199542045593261719e-01
1.603620886802673340e+00,-3.135860204696655273e+00,7.969942688941955566e-01,-2.680620178580284119e-02,-1.507039181888103485e-02,-7.432679533958435059e-01,6.682866811752319336e-01,-5.273700132966041565e-02,3.053551614284515381e-01,2.557978630065917969e-01,3.705970942974090576e-01,-2.076168060302734375e-01,-1.698134392499923706e-01,-3.234590962529182434e-02,-3.279836103320121765e-02,-3.665489554405212402e-01,3.625331521034240723e-01,-3.691014051437377930e-01,-4.077063128352165222e-02,-4.979209229350090027e-02,-3.845287952572107315e-03,1.685970127582550049e-01,-5.269888788461685181e-02,1.478971123695373535e+00,-2.323506772518157959e-02,9.634969234466552734e-01,-2.225532084703445435e-01,6.602015346288681030e-02,7.378358244895935059e-01,-9.724784642457962036e-02,-1.398054957389831543e+00,-3.316518962383270264e-01,9.118014574050903320e-01,-1.480187624692916870e-01,1.055595427751541138e-01,-5.201456546783447266e-01
1.603715658187866211e+00,-3.136441946029663086e+00,7.967419624328613281e-01,-2.698563598096370697e-02,-1.549437083303928375e-02,-7.426163554191589355e-01,6.689937710762023926e-01,-5.364119261503219604e-02,3.048121333122253418e-01,2.538852989673614502e-01,3.746695220470428467e-01,-2.098649442195892334e-01,-1.699044108390808105e-01,-3.198560327291488647e-02,-3.454758599400520325e-02,-3.676874637603759766e-01,3.667104840278625488e-01,-3.719328939914703369e-01,-4.018008708953857422e-02,-4.999138787388801575e-02,-3.374455496668815613e-03,1.692552417516708374e-01,-5.185518786311149597e-02,1.479031205177307129e+00,-2.267845161259174347e-02,9.644388556480407715e-01,-2.202103286981582642e-01,6.948662549257278442e-02,7.340144515037536621e-01,-9.529508650302886963e-02,-1.396904945373535156e+00,-3.335706293582916260e-01,9.114354252815246582e-01,-1.463307738304138184e-01,1.033051833510398865e-01,-5.243837833404541016e-01
1.603758215904235840e+00,-3.137062549591064453e+00,7.965170145034790039e-01,-2.718792296946048737e-02,-1.591973751783370972e-02,-7.417889833450317383e-01,6.698929071426391602e-01,-5.488499253988265991e-02,3.044735193252563477e-01,2.518891096115112305e-01,3.791353106498718262e-01,-2.118378579616546631e-01,-1.701174527406692505e-01,-3.103513643145561218e-02,-3.622854873538017273e-02,-3.694370388984680176e-01,3.701121509075164795e-01,-3.746058940887451172e-01,-3.954325243830680847e-02,-5.044434219598770142e-02,-3.140880493447184563e-03,1.696935296058654785e-01,-5.196529626846313477e-02,1.479230165481567383e+00,-2.344425767660140991e-02,9.641820192337036133e-01,-2.194938957691192627e-01,7.103943079710006714e-02,7.353532910346984863e-01,-9.315709024667739868e-02,-1.395194411277770996e+00,-3.357674479484558105e-01,9.108614921569824219e-01,-1.425387412309646606e-01,1.020020991563796997e-01,-5.260279178619384766e-01
1.603744387626647949e+00,-3.137716531753540039e+00,7.963826060295104980e-01,-2.736610360443592072e-02,-1.629737950861454010e-02,-7.408863902091979980e-01,6.708746552467346191e-01,-5.605235323309898376e-02,3.041084706783294678e-01,2.497152537107467651e-01,3.829792737960815430e-01,-2.131097018718719482e-01,-1.704499721527099609e-01,-2.945358864963054657e-02,-3.753077983856201172e-02,-3.713072836399078369e-01,3.720459342002868652e-01,-3.767531216144561768e-01,-3.896371647715568542e-02,-5.073928460478782654e-02,-3.029385581612586975e-03,1.698027700185775757e-01,-5.254856869578361511e-02,1.478366971015930176e+00,-2.569187805056571960e-02,9.620750546455383301e-01,-2.208323031663894653e-01,7.026534527540206909e-02,7.378284931182861328e-01,-8.901026844978332520e-02,-1.392551183700561523e+00,-3.378267586231231689e-01,9.092382192611694336e-01,-1.428964436054229736e-01,1.035394966602325439e-01,-5.248485803604125977e-01
1.603659868240356445e+00,-3.138378381729125977e+00,7.963707447052001953e-01,-2.742464095354080200e-02,-1.659757830202579498e-02,-7.401260733604431152e-01,6.717036962509155273e-01,-5.662124603986740112e-02,3.036113381385803223e-01,2.479375749826431274e-01,3.852185010910034180e-01,-2.133631855249404907e-01,-1.709144115447998047e-01,-2.759945765137672424e-02,-3.829992562532424927e-02,-3.725879788398742676e-01,3.723914623260498047e-01,-3.781054615974426270e-01,-3.855653479695320129e-02,-5.042396858334541321e-02,-3.098655492067337036e-03,1.692751199007034302e-01,-5.282156169414520264e-02,1.473387360572814941e+00,-2.342843450605869293e-02,9.553563594818115234e-01,-2.195813357830047607e-01,6.979744136333465576e-02,7.398951053619384766e-01,-8.105997741222381592e-02,-1.384692311286926270e+00,-3.415775001049041748e-01,9.021565318107604980e-01,-1.428687274456024170e-01,1.018297523260116577e-01,-5.268920063972473145e-01
1.603339314460754395e+00,-3.139598369598388672e+00,7.979285717010498047e-01,-2.669575437903404236e-02,-1.726873219013214111e-02,-7.388994097709655762e-01,6.730652451515197754e-01,-4.948266223073005676e-02,2.975012660026550293e-01,2.456741183996200562e-01,3.748418986797332764e-01,-2.188327908515930176e-01,-1.717395931482315063e-01,-1.933436281979084015e-02,-3.644003719091415405e-02,-3.668162524700164795e-01,3.610691130161285400e-01,-3.828526437282562256e-01,-3.294576704502105713e-02,-5.150572955608367920e-02,-5.259122699499130249e-03,1.741164624691009521e-01,-5.420830845832824707e-02,1.463097095489501953e+00,-1.490587089210748672e-02,9.443280696868896484e-01,-2.141759842634201050e-01,6.790180504322052002e-02,7.422327399253845215e-01,-7.191074639558792114e-02,-1.370744705200195312e+00,-3.455707132816314697e-01,8.921714425086975098e-01,-1.505733430385589600e-01,9.873951226472854614e-02,-5.295932888984680176e-01
1.603061437606811523e+00,-3.140294075012207031e+00,7.982167005538940430e-01,-2.714518643915653229e-02,-1.866762898862361908e-02,-7.383953928947448730e-01,6.735628247261047363e-01,-4.344297200441360474e-02,2.950674295425415039e-01,2.458453029394149780e-01,3.697743713855743408e-01,-2.175071388483047485e-01,-1.722599267959594727e-01,-1.239356305450201035e-02,-3.683757036924362183e-02,-3.670330941677093506e-01,3.553611636161804199e-01,-3.825124204158782959e-01,-3.181455284357070923e-02,-5.118802934885025024e-02,-5.934453103691339493e-03,1.752375960350036621e-01,-4.697241634130477905e-02,1.444744110107421875e+00,-8.387038484215736389e-03,9.306390285491943359e-01,-2.058053910732269287e-01,6.855601817369461060e-02,7.439405918121337891e-01,-5.955129489302635193e-02,-1.348511934280395508e+00,-3.466558754444122314e-01,8.778812289237976074e-01,-1.603915542364120483e-01,9.637115150690078735e-02,-5.301021337509155273e-01
1.602733135223388672e+00,-3.140815496444702148e+00,7.983344793319702148e-01,-2.783985808491706848e-02,-1.979376375675201416e-02,-7.380174398422241211e-01,6.739164590835571289e-01,-3.904473409056663513e-02,2.940218150615692139e-01,2.452423870563507080e-01,3.670448064804077148e-01,-2.148772478103637695e-01,-1.730490922927856445e-01,-7.376139517873525620e-03,-3.697006776928901672e-02,-3.677291274070739746e-01,3.527513444423675537e-01,-3.816457092761993408e-01,-3.208055719733238220e-02,-5.132529512047767639e-02,-5.396720021963119507e-03,1.769604682922363281e-01,-3.500061854720115662e-02,1.418347001075744629e+00,-6.028253119438886642e-03,9.147881865501403809e-01,-1.896726489067077637e-01,7.246676087379455566e-02,7.450408935546875000e-01,-4.997534304857254028e-02,-1.317052006721496582e+00,-3.486720323562622070e-01,8.580514788627624512e-01,-1.610368043184280396e-01,8.849573135375976562e-02,-5.292138457298278809e-01
1.602384924888610840e+00,-3.141214132308959961e+00,7.983707189559936523e-01,-2.847600169479846954e-02,-2.058730460703372955e-02,-7.377724051475524902e-01,6.741343736648559570e-01,-3.549494594335556030e-02,2.935563325881958008e-01,2.444979995489120483e-01,3.647020459175109863e-01,-2.126427590847015381e-01,-1.739467382431030273e-01,-3.791801631450653076e-03,-3.674862906336784363e-02,-3.683167695999145508e-01,3.514175713062286377e-01,-3.811928331851959229e-01,-3.261775895953178406e-02,-5.211671814322471619e-02,-4.203575197607278824e-03,1.787001341581344604e-01,-2.543484419584274292e-02,1.384230971336364746e+00,-8.975566364824771881e-03,8.985444307327270508e-01,-1.709902733564376831e-01,7.812227308750152588e-02,7.422557473182678223e-01,-4.534114152193069458e-02,-1.281125545501708984e+00,-3.489882946014404297e-01,8.424647450447082520e-01,-1.721374392509460449e-01,8.293959498405456543e-02,-5.164559483528137207e-01
1.601993799209594727e+00,-3.141500234603881836e+00,7.983698844909667969e-01,-2.905605360865592957e-02,-2.124453522264957428e-02,-7.376090884208679199e-01,6.742679476737976074e-01,-3.257823735475540161e-02,2.935628592967987061e-01,2.441228032112121582e-01,3.628382980823516846e-01,-2.103731930255889893e-01,-1.749027818441390991e-01,-1.159760518930852413e-03,-3.645965084433555603e-02,-3.688661158084869385e-01,3.510645627975463867e-01,-3.810538053512573242e-01,-3.335661068558692932e-02,-5.314896628260612488e-02,-2.901077736169099808e-03,1.809679865837097168e-01,-1.751043088734149933e-02,1.341697216033935547e+00,-8.035868406295776367e-03,8.825808167457580566e-01,-1.524634957313537598e-01,8.484183251857757568e-02,7.300424575805664062e-01,-4.470032453536987305e-02,-1.240356922149658203e+00,-3.435294330120086670e-01,8.287371993064880371e-01,-1.819762289524078369e-01,7.548891752958297729e-02,-5.034868121147155762e-01
1.601490736007690430e+00,-3.141658067703247070e+00,7.983084917068481445e-01,-2.968922816216945648e-02,-2.188611030578613281e-02,-7.376050949096679688e-01,6.742241978645324707e-01,-3.047424927353858948e-02,2.941275537014007568e-01,2.434883564710617065e-01,3.625099658966064453e-01,-2.076615542173385620e-01,-1.761096715927124023e-01,8.083357824943959713e-04,-3.604792803525924683e-02,-3.693423271179199219e-01,3.517559170722961426e-01,-3.811431527137756348e-01,-3.443950414657592773e-02,-5.475877970457077026e-02,-1.842630095779895782e-03,1.838560551404953003e-01,-7.091840263456106186e-03,1.292096972465515137e+00,-1.045257691293954849e-02,8.667771816253662109e-01,-1.385520994663238525e-01,8.992061764001846313e-02,7.231764197349548340e-01,-4.594873264431953430e-02,-1.191397786140441895e+00,-3.365525901317596436e-01,8.134013414382934570e-01,-1.859274953603744507e-01,6.304395943880081177e-02,-4.873554408550262451e-01
1.600846529006958008e+00,-3.141644954681396484e+00,7.981963157653808594e-01,-3.033279813826084137e-02,-2.247063629329204559e-02,-7.376208901405334473e-01,6.741590499877929688e-01,-2.945257164537906647e-02,2.955224514007568359e-01,2.431877106428146362e-01,3.637160062789916992e-01,-2.047811001539230347e-01,-1.776048839092254639e-01,2.077984623610973358e-03,-3.541024029254913330e-02,-3.698208332061767578e-01,3.532541692256927490e-01,-3.814251124858856201e-01,-3.591423854231834412e-02,-5.742450430989265442e-02,-1.196239027194678783e-03,1.874797642230987549e-01,8.220523595809936523e-03,1.234051942825317383e+00,-1.645576953887939453e-02,8.518317341804504395e-01,-1.238743662834167480e-01,9.679418802261352539e-02,7.182137966156005859e-01,-4.922025278210639954e-02,-1.134461522102355957e+00,-3.266992568969726562e-01,8.003273010253906250e-01,-1.904470324516296387e-01,5.503672361373901367e-02,-4.702112376689910889e-01
1.600041270256042480e+00,-3.141489982604980469e+00,7.980490922927856445e-01,-3.093103505671024323e-02,-2.296141535043716431e-02,-7.377876639366149902e-01,6.739327907562255859e-01,-2.928766608238220215e-02,2.976295053958892822e-01,2.431993633508682251e-01,3.661283254623413086e-01,-2.018579393625259399e-01,-1.795967966318130493e-01,2.643858548253774643e-03,-3.430528193712234497e-02,-3.697502315044403076e-01,3.551656305789947510e-01,-3.819003701210021973e-01,-3.774139285087585449e-02,-6.233131885528564453e-02,-1.062401803210377693e-03,1.913958042860031128e-01,2.914808690547943115e-02,1.166730999946594238e+00,-2.283880487084388733e-02,8.344578742980957031e-01,-1.136918514966964722e-01,1.029358655214309692e-01,7.097589969635009766e-01,-5.259903147816658020e-02,-1.070136785507202148e+00,-3.159931302070617676e-01,7.814846634864807129e-01,-1.958045363426208496e-01,4.145975410938262939e-02,-4.456386864185333252e-01
1.599120140075683594e+00,-3.141290903091430664e+00,7.978917956352233887e-01,-3.147591277956962585e-02,-2.328226715326309204e-02,-7.381533384323120117e-01,6.734959483146667480e-01,-2.983222343027591705e-02,3.004067242145538330e-01,2.434225827455520630e-01,3.695396184921264648e-01,-1.989146769046783447e-01,-1.819917261600494385e-01,2.638089004904031754e-03,-3.274359181523323059e-02,-3.693592846393585205e-01,3.572378754615783691e-01,-3.824921548366546631e-01,-3.983492404222488403e-02,-6.852280348539352417e-02,-1.301506417803466320e-03,1.956836432218551636e-01,5.211291834712028503e-02,1.091509699821472168e+00,-4.144505411386489868e-02,8.183560967445373535e-01,-1.011898368597030640e-01,1.107366085052490234e-01,6.993007063865661621e-01,-5.062841996550559998e-02,-1.002601027488708496e+00,-2.970457971096038818e-01,7.597752809524536133e-01,-2.091985344886779785e-01,2.781769633293151855e-02,-4.153696298599243164e-01
1.598087668418884277e+00,-3.141151189804077148e+00,7.977150082588195801e-01,-3.189515694975852966e-02,-2.334660850465297699e-02,-7.387365698814392090e-01,6.728342175483703613e-01,-3.075303137302398682e-02,3.037342429161071777e-01,2.439505308866500854e-01,3.732575476169586182e-01,-1.964590549468994141e-01,-1.846014410257339478e-01,2.210177946835756302e-03,-3.073508851230144501e-02,-3.688994348049163818e-01,3.590603768825531006e-01,-3.832586705684661865e-01,-4.194914922118186951e-02,-7.443194091320037842e-02,-1.591984881088137627e-03,2.003504782915115356e-01,7.602140307426452637e-02,1.012681841850280762e+00,-6.776093691587448120e-02,7.992560267448425293e-01,-8.136348426342010498e-02,1.160588115453720093e-01,6.789553165435791016e-01,-4.374948143959045410e-02,-9.355377554893493652e-01,-2.610654830932617188e-01,7.387792468070983887e-01,-2.239542901515960693e-01,2.004538662731647491e-02,-3.883932232856750488e-01
1.596926569938659668e+00,-3.141057491302490234e+00,7.974672913551330566e-01,-3.230065479874610901e-02,-2.322789840400218964e-02,-7.397147417068481445e-01,6.717434525489807129e-01,-3.170613944530487061e-02,3.075839877128601074e-01,2.444875985383987427e-01,3.775215148925781250e-01,-1.946200877428054810e-01,-1.872788518667221069e-01,1.422961475327610970e-03,-2.816551737487316132e-02,-3.680407106876373291e-01,3.609093129634857178e-01,-3.841501474380493164e-01,-4.415134340524673462e-02,-7.988221943378448486e-02,-1.559033640660345554e-03,2.048696577548980713e-01,1.012005209922790527e-01,9.332459568977355957e-01,-1.082047298550605774e-01,7.838973402976989746e-01,-5.643151700496673584e-02,1.287014782428741455e-01,6.469755172729492188e-01,-3.621639311313629150e-02,-8.706818222999572754e-01,-2.111498862504959106e-01,7.200211286544799805e-01,-2.422091513872146606e-01,1.520709693431854248e-02,-3.675682544708251953e-01
1.595594048500061035e+00,-3.140882253646850586e+00,7.971525788307189941e-01,-3.277310356497764587e-02,-2.296689338982105255e-02,-7.411224842071533203e-01,6.701760292053222656e-01,-3.276674821972846985e-02,3.121225535869598389e-01,2.450304776430130005e-01,3.826095163822174072e-01,-1.933030933141708374e-01,-1.898473203182220459e-01,1.869369007181376219e-04,-2.471692673861980438e-02,-3.662641048431396484e-01,3.628524541854858398e-01,-3.851116001605987549e-01,-4.660220816731452942e-02,-8.448723703622817993e-02,-1.751313451677560806e-03,2.093325406312942505e-01,1.236152872443199158e-01,8.559169173240661621e-01,-1.631776392459869385e-01,7.653871178627014160e-01,-2.761599794030189514e-02,1.368427425622940063e-01,6.134413480758666992e-01,-2.797319926321506500e-02,-8.057526350021362305e-01,-1.511370390653610229e-01,7.063997983932495117e-01,-2.425694912672042847e-01,1.398448552936315536e-02,-3.426711857318878174e-01
1.594153404235839844e+00,-3.140655040740966797e+00,7.967277169227600098e-01,-3.332236036658287048e-02,-2.264275029301643372e-02,-7.429409027099609375e-01,6.681434512138366699e-01,-3.394606336951255798e-02,3.172622919082641602e-01,2.457850128412246704e-01,3.889650702476501465e-01,-1.925426870584487915e-01,-1.922423839569091797e-01,-1.396999345161020756e-03,-2.060033567249774933e-02,-3.634909987449645996e-01,3.651001155376434326e-01,-3.863102495670318604e-01,-4.924566671252250671e-02,-8.802128583192825317e-02,-2.040781779214739799e-03,2.138666659593582153e-01,1.414389014244079590e-01,7.816394567489624023e-01,-2.318371385335922241e-01,7.519031167030334473e-01,8.064173161983489990e-03,1.496097892522811890e-01,5.779017210006713867e-01,-2.258847281336784363e-02,-7.370753288269042969e-01,-8.934713900089263916e-02,6.986822485923767090e-01,-2.455887049436569214e-01,1.352982781827449799e-02,-3.068289756774902344e-01
1.592527747154235840e+00,-3.140358209609985352e+00,7.961568236351013184e-01,-3.399299830198287964e-02,-2.237551473081111908e-02,-7.449500560760498047e-01,6.658778190612792969e-01,-3.559754788875579834e-02,3.232539296150207520e-01,2.468024641275405884e-01,3.972967267036437988e-01,-1.921661496162414551e-01,-1.953824162483215332e-01,-3.105779644101858139e-03,-1.591601967811584473e-02,-3.600172996520996094e-01,3.679090738296508789e-01,-3.879543542861938477e-01,-5.219131708145141602e-02,-9.005326032638549805e-02,-2.751245396211743355e-03,2.188429832458496094e-01,1.530155539512634277e-01,7.121660113334655762e-01,-3.162048459053039551e-01,7.400696277618408203e-01,3.333044424653053284e-02,1.615745872259140015e-01,5.491123795509338379e-01,-1.618913933634757996e-02,-6.702762842178344727e-01,-2.858020924031734467e-02,6.932990550994873047e-01,-2.680327296257019043e-01,1.315262541174888611e-02,-2.743242979049682617e-01
1.590657472610473633e+00,-3.139946222305297852e+00,7.955166101455688477e-01,-3.472266718745231628e-02,-2.227758057415485382e-02,-7.469928860664367676e-01,6.635507941246032715e-01,-3.760633990168571472e-02,3.299975395202636719e-01,2.485726922750473022e-01,4.071387946605682373e-01,-1.919491738080978394e-01,-1.990753263235092163e-01,-4.442240577191114426e-03,-1.080615818500518799e-02,-3.561144173145294189e-01,3.705400526523590088e-01,-3.900304734706878662e-01,-5.524600297212600708e-02,-9.014287590980529785e-02,-3.692973637953400612e-03,2.239267528057098389e-01,1.559515446424484253e-01,6.442450284957885742e-01,-3.950073122978210449e-01,7.330279350280761719e-01,6.851325184106826782e-02,1.727695614099502563e-01,5.138723254203796387e-01,-9.184534661471843719e-03,-6.072720289230346680e-01,3.354835510253906250e-02,6.941889524459838867e-01,-2.941652536392211914e-01,1.286536734551191330e-02,-2.345048189163208008e-01
1.588449716567993164e+00,-3.139230728149414062e+00,7.947658896446228027e-01,-3.557379916310310364e-02,-2.242146618664264679e-02,-7.489361763000488281e-01,6.613066196441650391e-01,-4.078911989927291870e-02,3.376470208168029785e-01,2.504426240921020508e-01,4.192126095294952393e-01,-1.912894099950790405e-01,-2.027747929096221924e-01,-5.518025252968072891e-03,-5.050232168287038803e-03,-3.516425192356109619e-01,3.731183707714080811e-01,-3.923220932483673096e-01,-5.872972309589385986e-02,-8.879756927490234375e-02,-4.860836546868085861e-03,2.297308444976806641e-01,1.527168154716491699e-01,5.755475759506225586e-01,-4.613607823848724365e-01,7.338552474975585938e-01,1.002235338091850281e-01,1.847215443849563599e-01,4.734640419483184814e-01,-4.283752292394638062e-03,-5.452430844306945801e-01,8.769723773002624512e-02,7.044789195060729980e-01,-3.181135058403015137e-01,1.601909659802913666e-02,-1.895532459020614624e-01
1.585904002189636230e+00,-3.138147830963134766e+00,7.939321398735046387e-01,-3.662778064608573914e-02,-2.288753539323806763e-02,-7.506840825080871582e-01,6.592480540275573730e-01,-4.651997610926628113e-02,3.461833894252777100e-01,2.505721449851989746e-01,4.358310103416442871e-01,-1.887744218111038208e-01,-2.061659395694732666e-01,-6.273239385336637497e-03,1.158732688054442406e-03,-3.470961153507232666e-01,3.759566843509674072e-01,-3.947839736938476562e-01,-6.289398670196533203e-02,-8.629405498504638672e-02,-6.761147640645503998e-03,2.366343289613723755e-01,1.446346640586853027e-01,5.083994865417480469e-01,-5.185825228691101074e-01,7.427049875259399414e-01,1.346624791622161865e-01,2.002492696046829224e-01,4.444228708744049072e-01,1.670786878094077110e-04,-4.905292391777038574e-01,1.408747583627700806e-01,7.174816727638244629e-01,-3.314439058303833008e-01,1.779545657336711884e-02,-1.479136198759078979e-01
1.583265900611877441e+00,-3.136853694915771484e+00,7.931162714958190918e-01,-3.780291602015495300e-02,-2.374638803303241730e-02,-7.522932887077331543e-01,6.573141217231750488e-01,-5.562236532568931580e-02,3.551299870014190674e-01,2.493081986904144287e-01,4.586088359355926514e-01,-1.831934899091720581e-01,-2.082346230745315552e-01,-6.349049974232912064e-03,6.994253490120172501e-03,-3.429304063320159912e-01,3.787719309329986572e-01,-3.975006043910980225e-01,-6.733275949954986572e-02,-8.236813545227050781e-02,-8.230948820710182190e-03,2.441851645708084106e-01,1.298080533742904663e-01,4.489472806453704834e-01,-5.736049413681030273e-01,7.548272609710693359e-01,1.523241549730300903e-01,2.099923789501190186e-01,4.299319386482238770e-01,4.876131191849708557e-03,-4.454655051231384277e-01,1.939981132745742798e-01,7.307265996932983398e-01,-3.402835130691528320e-01,2.101171948015689850e-02,-1.256119608879089355e-01
1.580671548843383789e+00,-3.135315895080566406e+00,7.922133803367614746e-01,-3.886987268924713135e-02,-2.466725930571556091e-02,-7.536710500717163086e-01,6.556375026702880859e-01,-6.836762279272079468e-02,3.642150759696960449e-01,2.475026845932006836e-01,4.861749410629272461e-01,-1.762102842330932617e-01,-2.071049958467483521e-01,-6.406377069652080536e-03,1.266826968640089035e-02,-3.389433026313781738e-01,3.810853064060211182e-01,-4.006184935569763184e-01,-7.166122645139694214e-02,-7.666336745023727417e-02,-8.289947174489498138e-03,2.512695491313934326e-01,1.089283823966979980e-01,3.956471979618072510e-01,-6.227271556854248047e-01,7.721844911575317383e-01,1.366876065731048584e-01,2.089220881462097168e-01,4.304112195968627930e-01,7.770002353936433792e-03,-4.029528498649597168e-01,2.286272197961807251e-01,7.508870363235473633e-01,-3.526271283626556396e-01,2.760462276637554169e-02,-1.126171350479125977e-01
1.578076004981994629e+00,-3.133671760559082031e+00,7.911568284034729004e-01,-3.978640586137771606e-02,-2.562276087701320648e-02,-7.549069523811340332e-01,6.541223526000976562e-01,-8.541547507047653198e-02,3.735876679420471191e-01,2.445797771215438843e-01,5.194522142410278320e-01,-1.671613305807113647e-01,-2.014890015125274658e-01,-6.947456859052181244e-03,1.801732555031776428e-02,-3.351346254348754883e-01,3.839914500713348389e-01,-4.044944941997528076e-01,-7.614433765411376953e-02,-6.874469667673110962e-02,-7.710626348853111267e-03,2.576941549777984619e-01,8.561053872108459473e-02,3.498226404190063477e-01,-6.646846532821655273e-01,7.947564721107482910e-01,9.582647681236267090e-02,2.015984803438186646e-01,4.450199306011199951e-01,9.811174124479293823e-03,-3.640006184577941895e-01,2.500169575214385986e-01,7.770490050315856934e-01,-3.522222042083740234e-01,4.215489327907562256e-02,-1.165916472673416138e-01
1.575224161148071289e+00,-3.131788730621337891e+00,7.898823618888854980e-01,-4.075933992862701416e-02,-2.657329849898815155e-02,-7.558334469795227051e-01,6.529535651206970215e-01,-1.075142249464988708e-01,3.841791450977325439e-01,2.404495924711227417e-01,5.591918230056762695e-01,-1.559030562639236450e-01,-1.905458122491836548e-01,-8.168905042111873627e-03,2.366061508655548096e-02,-3.319594264030456543e-01,3.881909549236297607e-01,-4.090920984745025635e-01,-8.143913745880126953e-02,-6.113221496343612671e-02,-6.442776415497064590e-03,2.642832994461059570e-01,5.993704870343208313e-02,3.136571645736694336e-01,-7.081081271171569824e-01,8.195791244506835938e-01,5.229773372411727905e-02,1.871632039546966553e-01,4.675384461879730225e-01,9.784932248294353485e-03,-3.330343365669250488e-01,2.651887536048889160e-01,8.040962815284729004e-01,-3.376674652099609375e-01,5.896266177296638489e-02,-1.355307996273040771e-01
1.572091698646545410e+00,-3.129635810852050781e+00,7.884053587913513184e-01,-4.227795824408531189e-02,-2.758515812456607819e-02,-7.563664913177490234e-01,6.521973013877868652e-01,-1.341570615768432617e-01,3.963244855403900146e-01,2.338041961193084717e-01,6.052833199501037598e-01,-1.414753198623657227e-01,-1.764735430479049683e-01,-9.860978461802005768e-03,3.020753711462020874e-02,-3.292439281940460205e-01,3.947428166866302490e-01,-4.139288663864135742e-01,-8.791188150644302368e-02,-5.517920479178428650e-02,-4.320420790463685989e-03,2.721148133277893066e-01,3.072075918316841125e-02,2.887432873249053955e-01,-7.576033473014831543e-01,8.454799652099609375e-01,1.702914200723171234e-02,1.741741895675659180e-01,4.900998771190643311e-01,7.125644013285636902e-03,-3.132135868072509766e-01,2.891101241111755371e-01,8.301043510437011719e-01,-3.182660043239593506e-01,7.240332663059234619e-02,-1.537234783172607422e-01
1.568747878074645996e+00,-3.128128290176391602e+00,7.879046797752380371e-01,-3.562260791659355164e-02,-2.148739434778690338e-02,-7.575749754905700684e-01,6.514211297035217285e-01,-1.849312037229537964e-01,4.083035290241241455e-01,2.279590666294097900e-01,6.515564918518066406e-01,-1.258479654788970947e-01,-1.604726314544677734e-01,-2.661136724054813385e-02,4.109111800789833069e-02,-3.219528794288635254e-01,3.838795125484466553e-01,-4.184830188751220703e-01,-8.914485573768615723e-02,-4.964287206530570984e-02,1.804866362363100052e-03,2.569657564163208008e-01,3.341981209814548492e-03,2.723285555839538574e-01,-8.083533644676208496e-01,8.762348890304565430e-01,-1.629816927015781403e-02,1.532210260629653931e-01,5.091954469680786133e-01,2.809621626511216164e-03,-3.074015080928802490e-01,3.255625367164611816e-01,8.603930473327636719e-01,-2.876990139484405518e-01,7.884954661130905151e-02,-1.657738536596298218e-01
1.565398693084716797e+00,-3.125876665115356445e+00,7.864500880241394043e-01,-3.454573825001716614e-02,-1.972196251153945923e-02,-7.575019001960754395e-01,6.516198515892028809e-01,-2.344443798065185547e-01,4.247747659683227539e-01,2.185868024826049805e-01,7.127856016159057617e-01,-9.285257011651992798e-02,-1.466403603553771973e-01,-3.603144362568855286e-02,4.813206940889358521e-02,-3.225353062152862549e-01,3.891055285930633545e-01,-4.218013584613800049e-01,-9.576004743576049805e-02,-4.804023727774620056e-02,6.091684103012084961e-03,2.577835619449615479e-01,-2.341458946466445923e-02,2.684653997421264648e-01,-8.581492304801940918e-01,8.818197846412658691e-01,-5.552745889872312546e-03,1.499126702547073364e-01,5.138912796974182129e-01,-3.163316752761602402e-03,-3.070470392704010010e-01,3.671971857547760010e-01,8.826204538345336914e-01,-2.802198529243469238e-01,8.639300614595413208e-02,-1.611567884683609009e-01
1.561962485313415527e+00,-3.123372077941894531e+00,7.847787141799926758e-01,-3.541786596179008484e-02,-1.887967996299266815e-02,-7.566477656364440918e-01,6.525896787643432617e-01,-2.879609763622283936e-01,4.442284405231475830e-01,2.127554714679718018e-01,7.814735174179077148e-01,-5.270645767450332642e-02,-1.260268092155456543e-01,-4.186563938856124878e-02,5.551945418119430542e-02,-3.265114128589630127e-01,3.966755568981170654e-01,-4.271908104419708252e-01,-1.029266268014907837e-01,-4.927743226289749146e-02,1.125190872699022293e-02,2.633126974105834961e-01,-5.045726895332336426e-02,2.773127853870391846e-01,-9.119265079498291016e-01,8.683350682258605957e-01,1.271014753729104996e-02,1.492722332477569580e-01,5.167312622070312500e-01,-8.677924051880836487e-03,-3.094418346881866455e-01,4.045542180538177490e-01,8.984918594360351562e-01,-2.726618945598602295e-01,8.903110027313232422e-02,-1.633240878582000732e-01
1.558428406715393066e+00,-3.120857715606689453e+00,7.832912802696228027e-01,-3.672897443175315857e-02,-1.795898936688899994e-02,-7.553231716156005859e-01,6.540759205818176270e-01,-3.448422551155090332e-01,4.721921384334564209e-01,2.203127592802047729e-01,8.546454310417175293e-01,-1.171915419399738312e-02,-1.136629059910774231e-01,-4.588950425386428833e-02,6.392703950405120850e-02,-3.318794667720794678e-01,4.018601477146148682e-01,-4.321290850639343262e-01,-1.105089262127876282e-01,-5.222595110535621643e-02,1.775307580828666687e-02,2.701724171638488770e-01,-7.880101352930068970e-02,2.902125120162963867e-01,-9.641191363334655762e-01,8.504918813705444336e-01,3.020882420241832733e-02,1.571263372898101807e-01,5.155977606773376465e-01,-1.362757291644811630e-02,-3.128015398979187012e-01,4.350965917110443115e-01,9.099502563476562500e-01,-2.640021741390228271e-01,8.942032605409622192e-02,-1.705946177244186401e-01
1.555050253868103027e+00,-3.118895053863525391e+00,7.820317745208740234e-01,-3.877208009362220764e-02,-1.605139486491680145e-02,-7.542454600334167480e-01,6.552502512931823730e-01,-4.006035923957824707e-01,5.101266503334045410e-01,2.414112687110900879e-01,9.264774918556213379e-01,2.101001702249050140e-02,-9.291575103998184204e-02,-4.769794270396232605e-02,7.618734985589981079e-02,-3.359369933605194092e-01,4.027723073959350586e-01,-4.364716112613677979e-01,-1.186456605792045593e-01,-5.437457561492919922e-02,2.797192893922328949e-02,2.769040167331695557e-01,-1.036430001258850098e-01,3.016801178455352783e-01,-1.000263214111328125e+00,8.277128934860229492e-01,6.584336608648300171e-02,1.632713079452514648e-01,5.142329931259155273e-01,-1.645100302994251251e-02,-3.160245418548583984e-01,4.545109868049621582e-01,9.167212843894958496e-01,-2.559841573238372803e-01,9.015101194381713867e-02,-1.786308586597442627e-01
1.552254319190979004e+00,-3.117406129837036133e+00,7.809455990791320801e-01,-4.101771861314773560e-02,-1.332263648509979248e-02,-7.533279061317443848e-01,6.562294363975524902e-01,-4.465500712394714355e-01,5.531257987022399902e-01,2.782769203186035156e-01,9.883463978767395020e-01,2.345778606832027435e-02,-6.865940243005752563e-02,-4.924253374338150024e-02,8.964730054140090942e-02,-3.396641612052917480e-01,4.021590948104858398e-01,-4.406485259532928467e-01,-1.264911293983459473e-01,-5.814656615257263184e-02,3.972354531288146973e-02,2.824063003063201904e-01,-1.209123656153678894e-01,3.069741129875183105e-01,-1.012777090072631836e+00,8.105258345603942871e-01,8.602856099605560303e-02,1.604205965995788574e-01,5.111217498779296875e-01,-1.606125198304653168e-02,-3.207622170448303223e-01,4.633173346519470215e-01,9.141018986701965332e-01,-2.541535198688507080e-01,9.255453199148178101e-02,-1.859098225831985474e-01
1.550635337829589844e+00,-3.116276741027832031e+00,7.797178030014038086e-01,-4.303357750177383423e-02,-1.070126425474882126e-02,-7.537901997566223145e-01,6.556171774864196777e-01,-4.779925942420959473e-01,5.778453350067138672e-01,3.148502111434936523e-01,1.029310941696166992e+00,-3.034188970923423767e-02,-2.599233761429786682e-02,-5.257137119770050049e-02,1.003649681806564331e-01,-3.412388861179351807e-01,4.046170711517333984e-01,-4.431017041206359863e-01,-1.318269520998001099e-01,-6.197782605886459351e-02,5.294695124030113220e-02,2.872664034366607666e-01,-1.284388154745101929e-01,3.043228685855865479e-01,-9.989331960678100586e-01,8.008518218994140625e-01,8.738359808921813965e-02,1.623236238956451416e-01,5.204160809516906738e-01,-1.391565985977649689e-02,-3.281490504741668701e-01,4.644911885261535645e-01,8.996010422706604004e-01,-2.567574083805084229e-01,9.079638123512268066e-02,-1.992101669311523438e-01
1.550381541252136230e+00,-3.115740299224853516e+00,7.791457176208496094e-01,-4.287786409258842468e-02,-9.235062636435031891e-03,-7.561540603637695312e-01,6.529220938682556152e-01,-4.989402890205383301e-01,5.689081549644470215e-01,3.327770233154296875e-01,1.042859077453613281e+00,-9.979648143053054810e-02,-3.341737017035484314e-02,-5.772708728909492493e-02,1.041032671928405762e-01,-3.370898365974426270e-01,4.066722393035888672e-01,-4.402678310871124268e-01,-1.319792121648788452e-01,-6.494824588298797607e-02,6.371951103210449219e-02,2.887149751186370850e-01,-1.267936080694198608e-01,3.017678260803222656e-01,-9.778692722320556641e-01,7.902573943138122559e-01,6.784079223871231079e-02,1.627639234066009521e-01,5.442622900009155273e-01,-1.289395801723003387e-02,-3.377658426761627197e-01,4.596248865127563477e-01,8.815436363220214844e-01,-2.633342146873474121e-01,8.528503775596618652e-02,-2.115446627140045166e-01
1.550996541976928711e+00,-3.116184234619140625e+00,7.793821692466735840e-01,-4.150117188692092896e-02,-7.754605729132890701e-03,-7.599422335624694824e-01,6.486179828643798828e-01,-5.111277103424072266e-01,5.360891819000244141e-01,3.391302824020385742e-01,1.018835902214050293e+00,-1.415270268917083740e-01,-5.536348745226860046e-02,-6.180499121546745300e-02,1.060132607817649841e-01,-3.281860351562500000e-01,4.040666818618774414e-01,-4.347795844078063965e-01,-1.289390772581100464e-01,-6.696017831563949585e-02,7.259438186883926392e-02,2.860956490039825439e-01,-1.181821748614311218e-01,3.023786842823028564e-01,-9.603123068809509277e-01,7.858439087867736816e-01,4.431413486599922180e-02,1.550133228302001953e-01,5.702609419822692871e-01,-1.173144578933715820e-02,-3.465763628482818604e-01,4.529399275779724121e-01,8.615766167640686035e-01,-2.665309309959411621e-01,7.950188219547271729e-02,-2.256691157817840576e-01
1.552412867546081543e+00,-3.117631196975708008e+00,7.805776596069335938e-01,-3.912524878978729248e-02,-6.218048743903636932e-03,-7.646417617797851562e-01,6.432367563247680664e-01,-5.052005052566528320e-01,4.896477460861206055e-01,3.501635789871215820e-01,9.472914934158325195e-01,-1.701472848653793335e-01,-8.158610761165618896e-02,-6.406544148921966553e-02,1.067717000842094421e-01,-3.154108226299285889e-01,3.957668542861938477e-01,-4.265659153461456299e-01,-1.243430823087692261e-01,-6.875268369913101196e-02,7.919643819332122803e-02,2.797069847583770752e-01,-1.014623343944549561e-01,3.114755451679229736e-01,-9.461963176727294922e-01,7.822065949440002441e-01,2.456423453986644745e-02,1.483813524246215820e-01,5.912335515022277832e-01,-1.217999029904603958e-02,-3.510517776012420654e-01,4.433085024356842041e-01,8.451920151710510254e-01,-2.606916725635528564e-01,7.572624832391738892e-02,-2.373709529638290405e-01
1.554605364799499512e+00,-3.119992494583129883e+00,7.832785248756408691e-01,-3.486370667815208435e-02,-5.972343031316995621e-03,-7.713516950607299805e-01,6.354253888130187988e-01,-4.767116010189056396e-01,4.346511960029602051e-01,3.691951930522918701e-01,8.268328309059143066e-01,-1.725804209709167480e-01,-1.137579679489135742e-01,-6.307163834571838379e-02,1.035700961947441101e-01,-2.955477535724639893e-01,3.791540861129760742e-01,-4.143155813217163086e-01,-1.173244565725326538e-01,-6.730364263057708740e-02,8.196775615215301514e-02,2.693356871604919434e-01,-7.801160216331481934e-02,3.221597075462341309e-01,-9.373796582221984863e-01,7.866622805595397949e-01,3.392842598259449005e-03,1.420250236988067627e-01,5.985732078552246094e-01,-1.633713766932487488e-02,-3.522129058837890625e-01,4.373511373996734619e-01,8.357338905334472656e-01,-2.524503767490386963e-01,7.550949603319168091e-02,-2.439152747392654419e-01
1.557279825210571289e+00,-3.123239755630493164e+00,7.868878245353698730e-01,-2.655269764363765717e-02,-1.185663044452667236e-02,-7.826765775680541992e-01,6.217489242553710938e-01,-3.999346792697906494e-01,3.623198568820953369e-01,4.096825718879699707e-01,6.250062584877014160e-01,-1.222180500626564026e-01,-1.480158418416976929e-01,-5.614270642399787903e-02,8.665107190608978271e-02,-2.591125667095184326e-01,3.551898002624511719e-01,-3.985576331615447998e-01,-1.041829809546470642e-01,-5.669629201292991638e-02,7.062986493110656738e-02,2.563736736774444580e-01,-4.566349461674690247e-02,3.304010331630706787e-01,-9.260407090187072754e-01,8.011847734451293945e-01,-9.673734195530414581e-03,1.359769999980926514e-01,5.922356843948364258e-01,-2.271595969796180725e-02,-3.543082475662231445e-01,4.376534521579742432e-01,8.262781500816345215e-01,-2.508179545402526855e-01,7.692746818065643311e-02,-2.393560260534286499e-01
1.559571146965026855e+00,-3.125906467437744141e+00,7.905063033103942871e-01,-2.493624575436115265e-02,-1.002742536365985870e-02,-7.921519875526428223e-01,6.097317934036254883e-01,-3.580965697765350342e-01,3.223355114459991455e-01,4.253488481044769287e-01,4.900011718273162842e-01,-6.147660315036773682e-02,-3.547861427068710327e-02,-5.124344304203987122e-02,9.144383668899536133e-02,-2.358834147453308105e-01,3.343821167945861816e-01,-3.874604403972625732e-01,-1.010527461767196655e-01,-5.843341723084449768e-02,8.165234327316284180e-02,2.444580495357513428e-01,-6.961032282561063766e-03,3.330163359642028809e-01,-9.111695885658264160e-01,8.167339563369750977e-01,-2.972608245909214020e-02,1.317802667617797852e-01,5.893232822418212891e-01,-3.471570834517478943e-02,-3.622034788131713867e-01,4.417924880981445312e-01,8.179913163185119629e-01,-2.552310526371002197e-01,7.768197357654571533e-02,-2.248710840940475464e-01
1.562172532081604004e+00,-3.126255750656127930e+00,7.897899150848388672e-01,-2.786973677575588226e-02,-6.515794433653354645e-03,-8.004887700080871582e-01,5.986639857292175293e-01,-3.193317353725433350e-01,3.242783248424530029e-01,4.549107253551483154e-01,4.199208319187164307e-01,-3.084358759224414825e-02,1.400504913181066513e-02,-7.128645479679107666e-02,9.754575788974761963e-02,-2.330912500619888306e-01,3.610890507698059082e-01,-3.686712980270385742e-01,-1.136387586593627930e-01,-6.912157684564590454e-02,9.368925541639328003e-02,2.356968671083450317e-01,3.316530957818031311e-02,3.396774232387542725e-01,-9.128369092941284180e-01,8.498079180717468262e-01,-7.759253680706024170e-02,1.115104034543037415e-01,5.970943570137023926e-01,-4.898256063461303711e-02,-3.698627650737762451e-01,4.510829150676727295e-01,8.038721680641174316e-01,-2.738000750541687012e-01,7.965090870857238770e-02,-1.999125331640243530e-01
1.563858985900878906e+00,-3.129720211029052734e+00,7.942042350769042969e-01,-2.033383771777153015e-02,-1.185772567987442017e-02,-8.109829425811767578e-01,5.845960974693298340e-01,-2.708279788494110107e-01,2.934801578521728516e-01,4.857937097549438477e-01,3.560829162597656250e-01,-4.715074971318244934e-02,9.889204055070877075e-03,-5.673940107226371765e-02,8.473510295152664185e-02,-1.929195076227188110e-01,3.307984769344329834e-01,-3.746640384197235107e-01,-9.168756008148193359e-02,-7.171946763992309570e-02,9.630061686038970947e-02,2.262345105409622192e-01,5.931805819272994995e-02,3.281061947345733643e-01,-9.356128573417663574e-01,8.860303759574890137e-01,-1.390448659658432007e-01,9.814199060201644897e-02,5.958259105682373047e-01,-6.957551836967468262e-02,-3.977539837360382080e-01,4.587238430976867676e-01,7.865695357322692871e-01,-2.928609848022460938e-01,7.516529411077499390e-02,-1.826050430536270142e-01
1.563991427421569824e+00,-3.131586551666259766e+00,7.937384247779846191e-01,-2.160580456256866455e-02,-1.748675294220447540e-02,-8.191012144088745117e-01,5.729752182960510254e-01,-2.499473243951797485e-01,2.920021712779998779e-01,4.945844411849975586e-01,3.579601049423217773e-01,-4.824090749025344849e-02,7.151681929826736450e-03,-5.060720071196556091e-02,8.064144104719161987e-02,-1.690646559000015259e-01,3.404845297336578369e-01,-3.786047697067260742e-01,-8.911657333374023438e-02,-7.853052765130996704e-02,9.290874749422073364e-02,2.308241426944732666e-01,7.505913823843002319e-02,3.332160413265228271e-01,-9.754220247268676758e-01,9.326606988906860352e-01,-1.955280303955078125e-01,8.686215430498123169e-02,5.771167278289794922e-01,-8.604221791028976440e-02,-4.078509807586669922e-01,4.666216075420379639e-01,7.723619937896728516e-01,-3.007421493530273438e-01,7.374162971973419189e-02,-1.861576437950134277e-01
1.562723278999328613e+00,-3.133178710937500000e+00,7.915446162223815918e-01,-2.598319388926029205e-02,-2.013342082500457764e-02,-8.243572711944580078e-01,5.651146769523620605e-01,-2.568534314632415771e-01,3.125510215759277344e-01,4.840009212493896484e-01,4.127852022647857666e-01,-5.660725012421607971e-02,-8.165888488292694092e-03,-4.449618607759475708e-02,8.625934273004531860e-02,-1.548453420400619507e-01,3.560567200183868408e-01,-3.886570036411285400e-01,-9.094078093767166138e-02,-8.784294128417968750e-02,9.295795112848281860e-02,2.394667118787765503e-01,8.450547605752944946e-02,3.470976650714874268e-01,-1.010569810867309570e+00,9.671242833137512207e-01,-1.962579488754272461e-01,1.000800281763076782e-01,5.463279485702514648e-01,-9.564862400293350220e-02,-4.091142714023590088e-01,4.642003178596496582e-01,7.604557275772094727e-01,-3.024688363075256348e-01,7.113278657197952271e-02,-2.022552341222763062e-01
1.561040997505187988e+00,-3.133726119995117188e+00,7.882917523384094238e-01,-3.100042790174484253e-02,-1.996746473014354706e-02,-8.268315196037292480e-01,5.612396001815795898e-01,-2.861196100711822510e-01,3.483432233333587646e-01,4.685400426387786865e-01,4.980223476886749268e-01,-6.142468377947807312e-02,-3.079074434936046600e-02,-4.308118671178817749e-02,9.734364598989486694e-02,-1.483275890350341797e-01,3.750006556510925293e-01,-4.008079171180725098e-01,-9.460044652223587036e-02,-9.752512723207473755e-02,9.618820995092391968e-02,2.493313103914260864e-01,9.264145046472549438e-02,3.658706843852996826e-01,-1.037885546684265137e+00,9.747341871261596680e-01,-1.673486381769180298e-01,9.543749690055847168e-02,5.199216008186340332e-01,-9.644962102174758911e-02,-4.045946002006530762e-01,4.476181864738464355e-01,7.440339922904968262e-01,-3.045932650566101074e-01,6.725459545850753784e-02,-2.161878198385238647e-01
1.559504032135009766e+00,-3.133587837219238281e+00,7.851728796958923340e-01,-3.422049805521965027e-02,-1.840715482831001282e-02,-8.281047940254211426e-01,5.592249631881713867e-01,-3.295287191867828369e-01,3.890568017959594727e-01,4.559474289417266846e-01,5.908988714218139648e-01,-5.000191181898117065e-02,-4.997423291206359863e-02,-4.799358919262886047e-02,1.072312146425247192e-01,-1.466881930828094482e-01,3.947645425796508789e-01,-4.123210608959197998e-01,-9.764836728572845459e-02,-1.029439792037010193e-01,9.976199269294738770e-02,2.568855583667755127e-01,9.692122787237167358e-02,3.785666227340698242e-01,-1.035739541053771973e+00,9.683389067649841309e-01,-1.246008351445198059e-01,8.706426620483398438e-02,5.242552161216735840e-01,-8.758003264665603638e-02,-4.013181328773498535e-01,4.147697687149047852e-01,7.215798497200012207e-01,-3.091759681701660156e-01,6.457906961441040039e-02,-2.222290635108947754e-01
1.558537960052490234e+00,-3.133726119995117188e+00,7.823134660720825195e-01,-3.516685962677001953e-02,-1.710811443626880646e-02,-8.282368183135986328e-01,5.590119361877441406e-01,-3.774870038032531738e-01,4.245196580886840820e-01,4.468422234058380127e-01,6.761156320571899414e-01,-2.226393483579158783e-02,-6.160502135753631592e-02,-5.763721093535423279e-02,1.106331646442413330e-01,-1.495651751756668091e-01,4.172649979591369629e-01,-4.245885908603668213e-01,-9.868978708982467651e-02,-1.018288284540176392e-01,1.004038304090499878e-01,2.608463466167449951e-01,8.828146010637283325e-02,3.868822753429412842e-01,-1.011511683464050293e+00,9.503434300422668457e-01,-1.256328821182250977e-01,8.540105819702148438e-02,5.362485647201538086e-01,-7.102473080158233643e-02,-3.996172249317169189e-01,3.921592831611633301e-01,7.062620520591735840e-01,-3.030695319175720215e-01,6.265512853860855103e-02,-2.363718450069427490e-01
1.557553291320800781e+00,-3.133790969848632812e+00,7.803981900215148926e-01,-3.549971804022789001e-02,-1.622002013027667999e-02,-8.265488743782043457e-01,5.615100860595703125e-01,-4.186306595802307129e-01,4.491440653800964355e-01,4.394997954368591309e-01,7.382953166961669922e-01,7.644869852811098099e-03,-6.277018785476684570e-02,-6.457847356796264648e-02,1.112418994307518005e-01,-1.570559293031692505e-01,4.332768023014068604e-01,-4.338371157646179199e-01,-9.997896850109100342e-02,-9.285122156143188477e-02,9.808615595102310181e-02,2.648361027240753174e-01,6.417150050401687622e-02,3.891296386718750000e-01,-9.807295203208923340e-01,9.308145046234130859e-01,-1.250076293945312500e-01,7.912715524435043335e-02,5.532285571098327637e-01,-4.641608521342277527e-02,-3.961611688137054443e-01,3.716723024845123291e-01,6.990361809730529785e-01,-2.875550687313079834e-01,5.888699367642402649e-02,-2.543720602989196777e-01
1.556612610816955566e+00,-3.134533882141113281e+00,7.794421911239624023e-01,-3.605992347002029419e-02,-1.512276660650968552e-02,-8.233334422111511230e-01,5.662093758583068848e-01,-4.483590722084045410e-01,4.640595614910125732e-01,4.349681735038757324e-01,7.774923443794250488e-01,3.010107763111591339e-02,-5.916114151477813721e-02,-6.567817926406860352e-02,1.118671670556068420e-01,-1.670829504728317261e-01,4.397379457950592041e-01,-4.397992789745330811e-01,-1.013223752379417419e-01,-8.353661000728607178e-02,9.569287300109863281e-02,2.691105902194976807e-01,3.430766612291336060e-02,3.843565881252288818e-01,-9.444266557693481445e-01,9.071432948112487793e-01,-1.068708747625350952e-01,8.313661068677902222e-02,5.795458555221557617e-01,-1.794230751693248749e-02,-3.933482468128204346e-01,3.567957580089569092e-01,7.003262639045715332e-01,-2.780357599258422852e-01,5.722718313336372375e-02,-2.645214498043060303e-01
1.555881500244140625e+00,-3.135974645614624023e+00,7.799159884452819824e-01,-3.609318286180496216e-02,-1.404553093016147614e-02,-8.189061880111694336e-01,5.726191401481628418e-01,-4.611847102642059326e-01,4.660299420356750488e-01,4.374358654022216797e-01,7.875826954841613770e-01,4.007687047123908997e-02,-4.836488515138626099e-02,-6.144448369741439819e-02,1.118528768420219421e-01,-1.772165894508361816e-01,4.348873198032379150e-01,-4.413792490959167480e-01,-1.025335341691970825e-01,-7.629792392253875732e-02,9.218531101942062378e-02,2.711009085178375244e-01,1.332724001258611679e-03,3.726890981197357178e-01,-9.089800715446472168e-01,8.754348754882812500e-01,-8.817447721958160400e-02,8.499788492918014526e-02,6.136487722396850586e-01,8.320603519678115845e-03,-3.907370865345001221e-01,3.529627621173858643e-01,7.157461047172546387e-01,-2.722230553627014160e-01,6.107304245233535767e-02,-2.693530321121215820e-01
1.555706143379211426e+00,-3.138456344604492188e+00,7.812974452972412109e-01,-3.537004441022872925e-02,-1.291389763355255127e-02,-8.134677410125732422e-01,5.803899168968200684e-01,-4.538710415363311768e-01,4.532571136951446533e-01,4.471935629844665527e-01,7.662128210067749023e-01,3.066998347640037537e-02,-3.315581008791923523e-02,-5.392900481820106506e-02,1.096680164337158203e-01,-1.887891739606857300e-01,4.229931235313415527e-01,-4.405863881111145020e-01,-1.027868241071701050e-01,-6.978867948055267334e-02,8.769703656435012817e-02,2.683970332145690918e-01,-3.006287291646003723e-02,3.562940657138824463e-01,-8.777527213096618652e-01,8.364477157592773438e-01,-7.040951400995254517e-02,8.318812400102615356e-02,6.439778208732604980e-01,3.537113964557647705e-02,-3.855991661548614502e-01,3.536926209926605225e-01,7.419390678405761719e-01,-2.634150087833404541e-01,6.696478277444839478e-02,-2.677967250347137451e-01
1.555987000465393066e+00,-3.141387939453125000e+00,7.836815118789672852e-01,-3.344178572297096252e-02,-1.313840970396995544e-02,-8.074694275856018066e-01,5.888141989707946777e-01,-4.263750016689300537e-01,4.234248995780944824e-01,4.627091884613037109e-01,7.129662632942199707e-01,6.582588423043489456e-03,-1.460976805537939072e-02,-4.383873566985130310e-02,1.025115028023719788e-01,-2.008952200412750244e-01,4.063664972782135010e-01,-4.380049109458923340e-01,-1.018862724304199219e-01,-6.435604393482208252e-02,7.940927892923355103e-02,2.632252871990203857e-01,-6.075653806328773499e-02,3.347719311714172363e-01,-8.469730615615844727e-01,7.974854707717895508e-01,-4.267226159572601318e-02,8.723248541355133057e-02,6.663624048233032227e-01,6.075487658381462097e-02,-3.737760782241821289e-01,3.416927456855773926e-01,7.767747640609741211e-01,-2.600297033786773682e-01,7.170763611793518066e-02,-2.586964666843414307e-01
1.556972861289978027e+00,-3.144936323165893555e+00,7.858306765556335449e-01,-3.087838180363178253e-02,-1.402735337615013123e-02,-8.016890883445739746e-01,5.967783331871032715e-01,-3.790784776210784912e-01,3.782379627227783203e-01,4.779512286186218262e-01,6.277345418930053711e-01,-4.142645001411437988e-02,7.556035183370113373e-03,-3.450025990605354309e-02,9.117327630519866943e-02,-2.141867429018020630e-01,3.926371037960052490e-01,-4.358195662498474121e-01,-9.868968278169631958e-02,-6.078049167990684509e-02,7.036260515451431274e-02,2.551634311676025391e-01,-8.708379417657852173e-02,3.115529716014862061e-01,-8.203452825546264648e-01,7.535070776939392090e-01,-5.718047730624675751e-03,9.263671189546585083e-02,6.828681230545043945e-01,8.404831588268280029e-02,-3.579292595386505127e-01,3.215285241603851318e-01,8.170930743217468262e-01,-2.533504664897918701e-01,7.928500324487686157e-02,-2.494739890098571777e-01
1.558371186256408691e+00,-3.148672342300415039e+00,7.886533141136169434e-01,-2.697920054197311401e-02,-1.608259789645671844e-02,-7.965533733367919922e-01,6.037517189979553223e-01,-3.194983005523681641e-01,3.199680149555206299e-01,4.887180030345916748e-01,5.124894380569458008e-01,-8.571338653564453125e-02,2.665055915713310242e-02,-2.569472044706344604e-02,7.540999352931976318e-02,-2.258725017309188843e-01,3.790168762207031250e-01,-4.330543577671051025e-01,-9.401115030050277710e-02,-5.910843610763549805e-02,5.938968807458877563e-02,2.430020421743392944e-01,-1.084248945116996765e-01,2.889269292354583740e-01,-7.992016077041625977e-01,7.081641554832458496e-01,3.338475525379180908e-02,1.008511036634445190e-01,6.964302062988281250e-01,1.069967001676559448e-01,-3.427607715129852295e-01,3.043322861194610596e-01,8.534374833106994629e-01,-2.345414161682128906e-01,8.111650496721267700e-02,-2.467175871133804321e-01
1.559413909912109375e+00,-3.152383804321289062e+00,7.922498583793640137e-01,-2.199503779411315918e-02,-2.227613702416419983e-02,-7.917456030845642090e-01,6.100482940673828125e-01,-2.627415657043457031e-01,2.593963444232940674e-01,4.969501495361328125e-01,3.984748423099517822e-01,-8.306050300598144531e-02,3.467069566249847412e-02,-1.361890975385904312e-02,5.192104354500770569e-02,-2.332628518342971802e-01,3.668679893016815186e-01,-4.293726086616516113e-01,-8.814036101102828979e-02,-6.078040972352027893e-02,4.129837825894355774e-02,2.327641397714614868e-01,-1.268741339445114136e-01,2.674318253993988037e-01,-7.863647937774658203e-01,6.668142676353454590e-01,6.709511578083038330e-02,1.087665557861328125e-01,7.078057527542114258e-01,1.273152083158493042e-01,-3.325767219066619873e-01,2.956725358963012695e-01,8.803242444992065430e-01,-2.180751860141754150e-01,7.911320775747299194e-02,-2.484733164310455322e-01
1.558997273445129395e+00,-3.153788566589355469e+00,7.916792631149291992e-01,-2.432222105562686920e-02,-2.929240465164184570e-02,-7.843265533447265625e-01,6.191787123680114746e-01,-2.362489551305770874e-01,2.311979532241821289e-01,4.911793470382690430e-01,3.478626012802124023e-01,-3.261094912886619568e-02,4.553994908928871155e-02,-1.481259986758232117e-02,2.981912158429622650e-02,-2.625251114368438721e-01,4.021587967872619629e-01,-4.267724752426147461e-01,-9.553655236959457397e-02,-7.882891595363616943e-02,2.280863933265209198e-02,2.324262857437133789e-01,-1.415706425905227661e-01,2.564976811408996582e-01,-7.925344705581665039e-01,6.429045200347900391e-01,6.904456764459609985e-02,1.101401671767234802e-01,7.332035303115844727e-01,1.457908302545547485e-01,-3.209728300571441650e-01,2.860298752784729004e-01,8.985380530357360840e-01,-2.172909379005432129e-01,7.788949459791183472e-02,-2.440520077943801880e-01
1.556712269783020020e+00,-3.157217741012573242e+00,7.945910692214965820e-01,-1.716697961091995239e-02,-3.507697954773902893e-02,-7.790353298187255859e-01,6.257625818252563477e-01,-2.159793227910995483e-01,1.909745335578918457e-01,4.782760143280029297e-01,3.019999861717224121e-01,-3.544976562261581421e-02,2.909612655639648438e-02,5.427020136266946793e-03,1.545456983149051666e-02,-2.603088915348052979e-01,3.740839660167694092e-01,-4.378337860107421875e-01,-8.512052148580551147e-02,-9.096888452768325806e-02,2.606545574963092804e-03,2.249917685985565186e-01,-1.694208979606628418e-01,2.484571784734725952e-01,-8.213475942611694336e-01,6.525380611419677734e-01,4.347512871026992798e-02,1.061924397945404053e-01,7.522376179695129395e-01,1.501196026802062988e-01,-3.131555914878845215e-01,2.644594907760620117e-01,9.058881402015686035e-01,-2.216463685035705566e-01,7.859773188829421997e-02,-2.362694293260574341e-01
1.552854895591735840e+00,-3.158219099044799805e+00,7.932347059249877930e-01,-1.844945736229419708e-02,-3.787621855735778809e-02,-7.717674970626831055e-01,6.345076560974121094e-01,-2.238181680440902710e-01,1.919370740652084351e-01,4.680898189544677734e-01,3.233315944671630859e-01,-3.545793518424034119e-02,3.006740845739841461e-02,1.819217391312122345e-02,1.319848187267780304e-02,-2.809189558029174805e-01,3.729985952377319336e-01,-4.414044618606567383e-01,-8.695653825998306274e-02,-1.139887496829032898e-01,-6.712074391543865204e-03,2.249477654695510864e-01,-1.953383088111877441e-01,2.529619932174682617e-01,-8.653259873390197754e-01,6.832140088081359863e-01,6.959092803299427032e-03,9.740921109914779663e-02,7.690055370330810547e-01,1.537029296159744263e-01,-3.027945756912231445e-01,2.433132529258728027e-01,9.089832305908203125e-01,-2.292409092187881470e-01,7.300584018230438232e-02,-2.269619852304458618e-01
1.548118710517883301e+00,-3.158271312713623047e+00,7.902222871780395508e-01,-2.196146920323371887e-02,-3.711109608411788940e-02,-7.643151879310607910e-01,6.433993577957153320e-01,-2.603570520877838135e-01,2.149578034877777100e-01,4.481993615627288818e-01,3.945507109165191650e-01,-3.913713619112968445e-02,2.974363788962364197e-02,2.656520903110504150e-02,2.416775561869144440e-02,-2.992206215858459473e-01,3.750250935554504395e-01,-4.486412107944488525e-01,-9.324977546930313110e-02,-1.383603960275650024e-01,-5.295653361827135086e-03,2.255416512489318848e-01,-2.205200195312500000e-01,2.660010159015655518e-01,-9.133480191230773926e-01,7.218161821365356445e-01,-3.131622448563575745e-02,8.525307476520538330e-02,7.628955245018005371e-01,1.549261659383773804e-01,-2.963910102844238281e-01,2.156466543674468994e-01,9.025648236274719238e-01,-2.517687082290649414e-01,6.838298588991165161e-02,-2.115777283906936646e-01
1.543765068054199219e+00,-3.157825946807861328e+00,7.862400412559509277e-01,-2.597111463546752930e-02,-3.335246071219444275e-02,-7.587980628013610840e-01,6.499528288841247559e-01,-3.153091371059417725e-01,2.528334259986877441e-01,4.298561811447143555e-01,4.933237135410308838e-01,-4.010659083724021912e-02,2.701558172702789307e-02,2.920409664511680603e-02,4.265558719635009766e-02,-3.121023774147033691e-01,3.775551319122314453e-01,-4.593012630939483643e-01,-1.013753265142440796e-01,-1.591185927391052246e-01,2.677869284525513649e-03,2.264912575483322144e-01,-2.442405223846435547e-01,2.854501605033874512e-01,-9.501882791519165039e-01,7.632448077201843262e-01,-5.536562576889991760e-02,7.700241357088088989e-02,7.499917149543762207e-01,1.508491188287734985e-01,-2.955163121223449707e-01,1.945382952690124512e-01,8.868367075920104980e-01,-2.588795721530914307e-01,6.262272596359252930e-02,-2.044215053319931030e-01
1.540468573570251465e+00,-3.156797885894775391e+00,7.823194861412048340e-01,-2.933877333998680115e-02,-2.761362120509147644e-02,-7.576768994331359863e-01,6.513850092887878418e-01,-3.797675073146820068e-01,3.010359704494476318e-01,4.146129190921783447e-01,6.014025211334228516e-01,-2.690091170370578766e-02,1.568252965807914734e-02,2.230839058756828308e-02,6.203273683786392212e-02,-3.181329071521759033e-01,3.860792219638824463e-01,-4.679704904556274414e-01,-1.081414148211479187e-01,-1.714532822370529175e-01,1.520198117941617966e-02,2.274324148893356323e-01,-2.602658867835998535e-01,3.090511858463287354e-01,-9.782274961471557617e-01,8.003051877021789551e-01,-9.073647111654281616e-02,6.871853023767471313e-02,7.257406711578369141e-01,1.377692818641662598e-01,-3.021712601184844971e-01,1.967625468969345093e-01,8.718749284744262695e-01,-2.501595914363861084e-01,5.769801884889602661e-02,-2.150559127330780029e-01
1.538417458534240723e+00,-3.155643224716186523e+00,7.793889641761779785e-01,-3.200376778841018677e-02,-2.147263474762439728e-02,-7.614599466323852539e-01,6.470652222633361816e-01,-4.401319622993469238e-01,3.506264686584472656e-01,3.983223736286163330e-01,6.973790526390075684e-01,2.186819678172469139e-03,-1.947402954101562500e-03,1.120832469314336777e-02,8.129706233739852905e-02,-3.123830854892730713e-01,3.951685726642608643e-01,-4.728156924247741699e-01,-1.136549115180969238e-01,-1.716840267181396484e-01,2.865082584321498871e-02,2.295865267515182495e-01,-2.663749158382415771e-01,3.325176835060119629e-01,-1.005300283432006836e+00,8.381534814834594727e-01,-1.250897943973541260e-01,6.294408440589904785e-02,7.007567286491394043e-01,1.145856827497482300e-01,-3.112680017948150635e-01,2.112261801958084106e-01,8.662659525871276855e-01,-2.363224476575851440e-01,5.666573345661163330e-02,-2.433714568614959717e-01
1.538023948669433594e+00,-3.154780626296997070e+00,7.778721451759338379e-01,-3.367372602224349976e-02,-1.608279161155223846e-02,-7.687497735023498535e-01,6.384600400924682617e-01,-4.855745732784271240e-01,3.933939635753631592e-01,3.850431740283966064e-01,7.675336599349975586e-01,3.629689291119575500e-02,-2.140218764543533325e-02,-4.599935709848068655e-05,9.639216214418411255e-02,-2.995972931385040283e-01,4.021118581295013428e-01,-4.736965894699096680e-01,-1.164145842194557190e-01,-1.628876775503158569e-01,3.804676234722137451e-02,2.321110367774963379e-01,-2.589769959449768066e-01,3.550432324409484863e-01,-1.033306360244750977e+00,8.791231513023376465e-01,-1.597222685813903809e-01,5.545810982584953308e-02,6.777870655059814453e-01,8.457770943641662598e-02,-3.190525472164154053e-01,2.385909557342529297e-01,8.702830076217651367e-01,-2.254614084959030151e-01,6.266906112432479858e-02,-2.694876492023468018e-01
1.539058923721313477e+00,-3.154659509658813477e+00,7.783443927764892578e-01,-3.361839056015014648e-02,-1.179022807627916336e-02,-7.777532935142517090e-01,6.275592446327209473e-01,-5.048558712005615234e-01,4.227376282215118408e-01,3.830004036426544189e-01,7.993682026863098145e-01,5.695341154932975769e-02,-3.944674879312515259e-02,-8.240494877099990845e-03,1.080050095915794373e-01,-2.782036960124969482e-01,3.992949128150939941e-01,-4.679691195487976074e-01,-1.172860041260719299e-01,-1.512536257505416870e-01,4.317695647478103638e-02,2.307820171117782593e-01,-2.377235442399978638e-01,3.751073777675628662e-01,-1.062314510345458984e+00,9.257998466491699219e-01,-2.081348598003387451e-01,5.221699550747871399e-02,6.483901143074035645e-01,5.771579965949058533e-02,-3.268155455589294434e-01,2.618063986301422119e-01,8.688442111015319824e-01,-2.245355993509292603e-01,6.325904279947280884e-02,-2.794815301895141602e-01
1.541869521141052246e+00,-3.155499935150146484e+00,7.810973525047302246e-01,-3.061754442751407623e-02,-9.875241667032241821e-03,-7.887817025184631348e-01,6.138309836387634277e-01,-4.930895268917083740e-01,4.351201355457305908e-01,4.015865325927734375e-01,7.921550869941711426e-01,5.859259516000747681e-02,-5.000287294387817383e-02,-1.292462274432182312e-02,1.106104701757431030e-01,-2.487048506736755371e-01,3.862047493457794189e-01,-4.555776119232177734e-01,-1.146895512938499451e-01,-1.345489323139190674e-01,4.101979359984397888e-02,2.238781601190567017e-01,-2.018331289291381836e-01,3.868560791015625000e-01,-1.074106216430664062e+00,9.758329391479492188e-01,-2.425811737775802612e-01,5.470970273017883301e-02,6.138747930526733398e-01,3.506883606314659119e-02,-3.341682255268096924e-01,2.862006723880767822e-01,8.609865307807922363e-01,-2.296529263257980347e-01,6.315796077251434326e-02,-2.802298963069915771e-01
1.545917630195617676e+00,-3.157306194305419922e+00,7.847099304199218750e-01,-2.665967494249343872e-02,-9.721591137349605560e-03,-8.007223010063171387e-01,5.983631610870361328e-01,-4.484148621559143066e-01,4.316176772117614746e-01,4.412359595298767090e-01,7.481643557548522949e-01,2.322000451385974884e-02,-5.072486400604248047e-02,-1.450307667255401611e-02,1.073823645710945129e-01,-2.148553431034088135e-01,3.692061007022857666e-01,-4.399076998233795166e-01,-1.094468384981155396e-01,-1.181353554129600525e-01,3.773684799671173096e-02,2.165225893259048462e-01,-1.518079787492752075e-01,3.915582299232482910e-01,-1.061214208602905273e+00,1.016343116760253906e+00,-2.752320766448974609e-01,6.419922411441802979e-02,5.712926387786865234e-01,1.327858772128820419e-02,-3.433588743209838867e-01,3.131161332130432129e-01,8.467680215835571289e-01,-2.361740022897720337e-01,5.867858603596687317e-02,-2.771535217761993408e-01
1.550714731216430664e+00,-3.160037279129028320e+00,7.891253829002380371e-01,-2.220393344759941101e-02,-1.122697256505489349e-02,-8.123616576194763184e-01,5.826229453086853027e-01,-3.789483606815338135e-01,4.117728173732757568e-01,5.001477599143981934e-01,6.684741377830505371e-01,-2.809036709368228912e-02,-3.852761536836624146e-02,-1.221216935664415359e-02,9.870050102472305298e-02,-1.801086664199829102e-01,3.480764031410217285e-01,-4.221377074718475342e-01,-1.007396131753921509e-01,-1.054576411843299866e-01,3.335847333073616028e-02,2.097804099321365356e-01,-8.992318063974380493e-02,3.900310397148132324e-01,-1.043432235717773438e+00,1.045755863189697266e+00,-3.139978945255279541e-01,7.988648116588592529e-02,5.446527004241943359e-01,-7.817471399903297424e-03,-3.565466105937957764e-01,3.529630303382873535e-01,8.262939453125000000e-01,-2.411742806434631348e-01,5.401652678847312927e-02,-2.780096232891082764e-01
1.556021571159362793e+00,-3.163306474685668945e+00,7.926519513130187988e-01,-1.831289008259773254e-02,-1.164054684340953827e-02,-8.242785930633544922e-01,5.657684803009033203e-01,-2.994112074375152588e-01,3.802943229675292969e-01,5.638133287429809570e-01,5.611293911933898926e-01,-8.586737513542175293e-02,-1.442769542336463928e-02,-1.278714090585708618e-02,9.124284982681274414e-02,-1.454403698444366455e-01,3.317357599735260010e-01,-4.062147438526153564e-01,-9.087888896465301514e-02,-9.365251660346984863e-02,3.480543196201324463e-02,2.046302407979965210e-01,-1.837395131587982178e-02,3.803229629993438721e-01,-1.021566748619079590e+00,1.063882350921630859e+00,-3.425127863883972168e-01,8.615609258413314819e-02,5.265921354293823242e-01,-2.855257689952850342e-02,-3.733270168304443359e-01,3.952476382255554199e-01,7.985489964485168457e-01,-2.543993890285491943e-01,5.339277535676956177e-02,-2.765576243400573730e-01
1.561369419097900391e+00,-3.166522264480590820e+00,7.961176037788391113e-01,-1.422535628080368042e-02,-1.337520871311426163e-02,-8.362171053886413574e-01,5.480508208274841309e-01,-2.211891859769821167e-01,3.392878174781799316e-01,6.269233226776123047e-01,4.411491155624389648e-01,-1.185818314552307129e-01,6.107998546212911606e-03,-1.536399964243173599e-02,8.060952275991439819e-02,-1.096707060933113098e-01,3.202606439590454102e-01,-3.911703526973724365e-01,-8.040946722030639648e-02,-8.133164793252944946e-02,3.825264796614646912e-02,2.025427371263504028e-01,5.735354125499725342e-02,3.608658015727996826e-01,-9.991698861122131348e-01,1.072896480560302734e+00,-3.484691977500915527e-01,8.741158992052078247e-02,5.100498199462890625e-01,-4.803011938929557800e-02,-3.925540149211883545e-01,4.315856993198394775e-01,7.634108066558837891e-01,-2.680082619190216064e-01,4.926923289895057678e-02,-2.761893570423126221e-01
1.565609812736511230e+00,-3.169272661209106445e+00,7.987185120582580566e-01,-1.118241157382726669e-02,-1.922594383358955383e-02,-8.473716378211975098e-01,5.305342674255371094e-01,-1.711061745882034302e-01,3.013266324996948242e-01,6.544318199157714844e-01,3.659186959266662598e-01,-1.087216809391975403e-01,9.498390369117259979e-03,-1.815122179687023163e-02,6.569265574216842651e-02,-7.205634564161300659e-02,3.235876560211181641e-01,-3.852314949035644531e-01,-7.255729287862777710e-02,-6.575050950050354004e-02,3.385327011346817017e-02,2.089828848838806152e-01,1.245197653770446777e-01,3.386305570602416992e-01,-9.865334033966064453e-01,1.076496601104736328e+00,-3.379812538623809814e-01,8.950179070234298706e-02,5.055430531501770020e-01,-6.489479541778564453e-02,-4.081220328807830811e-01,4.537409543991088867e-01,7.247633934020996094e-01,-2.823175191879272461e-01,4.155742749571800232e-02,-2.788889408111572266e-01
1.567672729492187500e+00,-3.171333551406860352e+00,7.996325492858886719e-01,-1.072246022522449493e-02,-2.651878632605075836e-02,-8.546793460845947266e-01,5.183676481246948242e-01,-1.387940198183059692e-01,2.783060669898986816e-01,6.691939234733581543e-01,3.329474031925201416e-01,-9.472282975912094116e-02,2.763518365100026131e-03,-1.882843486964702606e-02,5.150913074612617493e-02,-4.731093719601631165e-02,3.388268649578094482e-01,-3.875579237937927246e-01,-6.784103065729141235e-02,-5.820854380726814270e-02,2.185015752911567688e-02,2.248327583074569702e-01,1.781550794839859009e-01,3.195478916168212891e-01,-9.790354967117309570e-01,1.081532120704650879e+00,-3.125165700912475586e-01,9.024209529161453247e-02,5.016163587570190430e-01,-8.124474436044692993e-02,-4.132475554943084717e-01,4.659643471240997314e-01,6.928538084030151367e-01,-2.860796153545379639e-01,3.944246843457221985e-02,-2.841128110885620117e-01
1.567858338356018066e+00,-3.172587871551513672e+00,7.992828488349914551e-01,-1.245680171996355057e-02,-3.294528648257255554e-02,-8.587728738784790039e-01,5.111443996429443359e-01,-1.206592023372650146e-01,2.741886079311370850e-01,6.816244125366210938e-01,3.373691141605377197e-01,-9.171584248542785645e-02,-9.294211864471435547e-03,-1.598709262907505035e-02,4.154967144131660461e-02,-3.534904122352600098e-02,3.561329543590545654e-01,-3.942377269268035889e-01,-6.519047915935516357e-02,-5.093541368842124939e-02,1.081075612455606461e-02,2.416479140520095825e-01,2.147949337959289551e-01,3.056316077709197998e-01,-9.683142304420471191e-01,1.084184646606445312e+00,-2.952356636524200439e-01,8.449268341064453125e-02,4.884783327579498291e-01,-9.018909186124801636e-02,-4.084100127220153809e-01,4.614367783069610596e-01,6.700729727745056152e-01,-2.874222695827484131e-01,3.770687431097030640e-02,-2.876783907413482666e-01
1.566063880920410156e+00,-3.172086238861083984e+00,7.972103357315063477e-01,-1.604373753070831299e-02,-3.516948223114013672e-02,-8.583412170410156250e-01,5.116209983825683594e-01,-1.296867728233337402e-01,2.934876680374145508e-01,6.762087941169738770e-01,3.842213153839111328e-01,-9.936976432800292969e-02,-1.712527498602867126e-02,-1.252646185457706451e-02,4.318218305706977844e-02,-3.911599889397621155e-02,3.719035387039184570e-01,-4.043075442314147949e-01,-6.728530675172805786e-02,-5.078577250242233276e-02,9.402357041835784912e-03,2.526257932186126709e-01,2.384288311004638672e-01,2.968143522739410400e-01,-9.652298092842102051e-01,1.082177758216857910e+00,-2.965910732746124268e-01,7.591105252504348755e-02,4.814685881137847900e-01,-8.805573731660842896e-02,-3.978021442890167236e-01,4.425905048847198486e-01,6.545150876045227051e-01,-3.010481595993041992e-01,3.788885846734046936e-02,-2.835579216480255127e-01
1.563458800315856934e+00,-3.170588493347167969e+00,7.941904067993164062e-01,-2.046256139874458313e-02,-3.405182436108589172e-02,-8.533092141151428223e-01,5.198895931243896484e-01,-1.591106355190277100e-01,3.246634900569915771e-01,6.588230729103088379e-01,4.522213637828826904e-01,-1.072629839181900024e-01,-1.842027157545089722e-02,-9.748210199177265167e-03,5.188477411866188049e-02,-5.629363283514976501e-02,3.862485289573669434e-01,-4.158383607864379883e-01,-7.209584116935729980e-02,-6.189491972327232361e-02,1.524015702307224274e-02,2.594920098781585693e-01,2.437378317117691040e-01,2.928229868412017822e-01,-9.631064534187316895e-01,1.078487873077392578e+00,-2.919771671295166016e-01,6.358013302087783813e-02,4.988459944725036621e-01,-8.272752910852432251e-02,-3.907983005046844482e-01,4.203421473503112793e-01,6.429224610328674316e-01,-3.095265328884124756e-01,3.507857024669647217e-02,-2.754433453083038330e-01
1.560381412506103516e+00,-3.168359518051147461e+00,7.904706001281738281e-01,-2.494502812623977661e-02,-3.185783326625823975e-02,-8.461239933967590332e-01,5.314480066299438477e-01,-1.992367357015609741e-01,3.598444163799285889e-01,6.365610361099243164e-01,5.277804136276245117e-01,-1.082435846328735352e-01,-1.561244390904903412e-02,-9.716981090605258942e-03,6.249180063605308533e-02,-7.993334531784057617e-02,4.031665921211242676e-01,-4.286846518516540527e-01,-7.777217775583267212e-02,-6.940450519323348999e-02,2.450247667729854584e-02,2.631847262382507324e-01,2.222505658864974976e-01,2.949905991554260254e-01,-9.636309742927551270e-01,1.075943827629089355e+00,-3.119350969791412354e-01,5.166053026914596558e-02,5.170019865036010742e-01,-6.979566067457199097e-02,-3.876461982727050781e-01,3.979161977767944336e-01,6.352867484092712402e-01,-3.153757154941558838e-01,3.341062366962432861e-02,-2.693054080009460449e-01
1.557089567184448242e+00,-3.165933609008789062e+00,7.862704396247863770e-01,-2.966319397091865540e-02,-3.018562123179435730e-02,-8.384116291999816895e-01,5.433920025825500488e-01,-2.453130036592483521e-01,3.921627104282379150e-01,6.034762263298034668e-01,6.049589514732360840e-01,-9.831277281045913696e-02,-1.495999470353126526e-02,-1.111392397433519363e-02,7.152555137872695923e-02,-1.064723134040832520e-01,4.246456325054168701e-01,-4.439799487590789795e-01,-8.347853273153305054e-02,-6.858043372631072998e-02,3.389858081936836243e-02,2.657180726528167725e-01,1.787109971046447754e-01,2.955161631107330322e-01,-9.425963759422302246e-01,1.081280827522277832e+00,-3.158261179924011230e-01,4.973398149013519287e-02,5.314108729362487793e-01,-5.176341533660888672e-02,-3.856159746646881104e-01,3.770620822906494141e-01,6.372418999671936035e-01,-3.122391700744628906e-01,2.978411503136157990e-02,-2.690160572528839111e-01
1.553616762161254883e+00,-3.163603782653808594e+00,7.819687724113464355e-01,-3.410179167985916138e-02,-2.857172861695289612e-02,-8.298113942146301270e-01,5.562676787376403809e-01,-2.977581918239593506e-01,4.202718436717987061e-01,5.620409846305847168e-01,6.817263364791870117e-01,-7.949807494878768921e-02,-1.833287626504898071e-02,-1.320941653102636337e-02,7.917664945125579834e-02,-1.357945799827575684e-01,4.470485150814056396e-01,-4.610622823238372803e-01,-8.911315351724624634e-02,-6.516663730144500732e-02,4.401900619268417358e-02,2.674344778060913086e-01,1.204992756247520447e-01,2.940858006477355957e-01,-9.172738194465637207e-01,1.084944009780883789e+00,-3.371295630931854248e-01,3.709015250205993652e-02,5.685395002365112305e-01,-3.284687548875808716e-02,-3.851959705352783203e-01,3.662856817245483398e-01,6.534075140953063965e-01,-3.057269752025604248e-01,3.193120658397674561e-02,-2.718156576156616211e-01
1.550084471702575684e+00,-3.161693572998046875e+00,7.783267498016357422e-01,-3.887822106480598450e-02,-2.654379978775978088e-02,-8.204680085182189941e-01,5.697509646415710449e-01,-3.521648645401000977e-01,4.408965706825256348e-01,5.107798576354980469e-01,7.497258782386779785e-01,-5.282540246844291687e-02,-2.591129019856452942e-02,-1.146198995411396027e-02,8.841797709465026855e-02,-1.652238965034484863e-01,4.620035588741302490e-01,-4.761526882648468018e-01,-9.534928947687149048e-02,-6.000531837344169617e-02,5.425178632140159607e-02,2.704137563705444336e-01,5.272276327013969421e-02,2.934665679931640625e-01,-9.053561091423034668e-01,1.078243255615234375e+00,-3.739899396896362305e-01,2.283819764852523804e-02,6.093336343765258789e-01,-1.672577671706676483e-02,-3.832748234272003174e-01,3.614826202392578125e-01,6.836296319961547852e-01,-2.985415458679199219e-01,3.534441813826560974e-02,-2.760192155838012695e-01
1.546940445899963379e+00,-3.160159587860107422e+00,7.761212587356567383e-01,-4.266006499528884888e-02,-2.443333342671394348e-02,-8.104689717292785645e-01,5.837150216102600098e-01,-4.025177359580993652e-01,4.513192176818847656e-01,4.611373841762542725e-01,7.999797463417053223e-01,-1.917620934545993805e-02,-3.380890935659408569e-02,-6.583400536328554153e-03,9.586440026760101318e-02,-1.955802142620086670e-01,4.655569791793823242e-01,-4.855439364910125732e-01,-1.005813628435134888e-01,-5.414521694183349609e-02,6.303893029689788818e-02,2.720836102962493896e-01,-1.742403022944927216e-02,2.947107255458831787e-01,-9.029728770256042480e-01,1.054860472679138184e+00,-3.917137086391448975e-01,-1.064076554030179977e-03,6.535187959671020508e-01,-3.271119669079780579e-03,-3.777961730957031250e-01,3.564777672290802002e-01,7.265108823776245117e-01,-2.903415560722351074e-01,4.227238520979881287e-02,-2.773368358612060547e-01
1.544919729232788086e+00,-3.159033775329589844e+00,7.755357027053833008e-01,-4.512630775570869446e-02,-2.312804758548736572e-02,-8.007949590682983398e-01,5.967881679534912109e-01,-4.406482577323913574e-01,4.468511044979095459e-01,4.145881533622741699e-01,8.262758255004882812e-01,1.126557867974042892e-02,-4.603376612067222595e-02,4.923159140162169933e-04,9.938389807939529419e-02,-2.230089753866195679e-01,4.601535201072692871e-01,-4.895034134387969971e-01,-1.042530462145805359e-01,-4.507065936923027039e-02,6.834878027439117432e-02,2.726316750049591064e-01,-8.372103422880172729e-02,2.972062230110168457e-01,-9.072555303573608398e-01,1.016289949417114258e+00,-3.805637657642364502e-01,-2.447228319942951202e-02,7.079625129699707031e-01,1.044162735342979431e-02,-3.700496256351470947e-01,3.543061017990112305e-01,7.764616012573242188e-01,-2.746617496013641357e-01,5.047395080327987671e-02,-2.792529761791229248e-01
1.544224500656127930e+00,-3.158465147018432617e+00,7.765383720397949219e-01,-4.548449814319610596e-02,-2.243085205554962158e-02,-7.915005683898925781e-01,6.090606451034545898e-01,-4.609356522560119629e-01,4.273298084735870361e-01,3.784462511539459229e-01,8.251355290412902832e-01,2.640728838741779327e-02,-5.659225955605506897e-02,7.587776053696870804e-03,9.795058518648147583e-02,-2.472148537635803223e-01,4.477699100971221924e-01,-4.887128472328186035e-01,-1.060582846403121948e-01,-3.382834419608116150e-02,6.765070557594299316e-02,2.714043855667114258e-01,-1.464144140481948853e-01,3.012395799160003662e-01,-9.087558984756469727e-01,9.615674614906311035e-01,-3.399307131767272949e-01,-4.849215224385261536e-02,7.554573416709899902e-01,2.756025269627571106e-02,-3.566119968891143799e-01,3.501960337162017822e-01,8.234286308288574219e-01,-2.508212029933929443e-01,5.533408746123313904e-02,-2.833441495895385742e-01
1.544423937797546387e+00,-3.158038139343261719e+00,7.791236042976379395e-01,-4.355978593230247498e-02,-2.195805497467517853e-02,-7.822024226188659668e-01,6.211116909980773926e-01,-4.625513255596160889e-01,3.958046734333038330e-01,3.561069369316101074e-01,7.945020198822021484e-01,2.781329862773418427e-02,-5.737122520804405212e-02,1.432047970592975616e-02,9.316322207450866699e-02,-2.687109708786010742e-01,4.269908964633941650e-01,-4.824655950069427490e-01,-1.067726537585258484e-01,-2.235761284828186035e-02,6.316890567541122437e-02,2.666313648223876953e-01,-2.018149346113204956e-01,3.013547956943511963e-01,-8.930054903030395508e-01,8.954400420188903809e-01,-2.671851515769958496e-01,-5.020509660243988037e-02,7.934499382972717285e-01,5.307999998331069946e-02,-3.388997316360473633e-01,3.403051197528839111e-01,8.596373200416564941e-01,-2.301803976297378540e-01,6.001532450318336487e-02,-2.833962142467498779e-01
1.545609474182128906e+00,-3.157945871353149414e+00,7.835693955421447754e-01,-3.554876893758773804e-02,-2.354384772479534149e-02,-7.723496556282043457e-01,6.337649226188659668e-01,-4.371032416820526123e-01,3.420034050941467285e-01,3.601027131080627441e-01,7.142733335494995117e-01,1.551115419715642929e-02,-4.072709009051322937e-02,2.199170365929603577e-02,7.648311555385589600e-02,-2.877505123615264893e-01,3.893471360206604004e-01,-4.684123992919921875e-01,-1.031516417860984802e-01,-1.417184900492429733e-02,4.655211046338081360e-02,2.546538710594177246e-01,-2.450195550918579102e-01,2.945192456245422363e-01,-8.509572744369506836e-01,8.085957169532775879e-01,-1.645398736000061035e-01,-2.259080298244953156e-02,8.314191699028015137e-01,8.344946056604385376e-02,-3.216108381748199463e-01,3.325063586235046387e-01,8.849986791610717773e-01,-2.089833021163940430e-01,6.252892315387725830e-02,-2.752116024494171143e-01
1.547827720642089844e+00,-3.157345533370971680e+00,7.878057360649108887e-01,-2.809225581586360931e-02,-2.358790487051010132e-02,-7.646656036376953125e-01,6.433824300765991211e-01,-3.965485095977783203e-01,2.918544113636016846e-01,3.812926709651947021e-01,6.100556254386901855e-01,-7.972444407641887665e-03,-3.807130968198180199e-03,2.329432033002376556e-02,6.249050423502922058e-02,-3.020817339420318604e-01,3.588244616985321045e-01,-4.535169005393981934e-01,-9.985517710447311401e-02,-5.773553624749183655e-03,3.395016863942146301e-02,2.439763545989990234e-01,-2.775867283344268799e-01,2.832458615303039551e-01,-7.878343462944030762e-01,7.128173708915710449e-01,-5.152111873030662537e-02,9.598837234079837799e-03,8.546584248542785645e-01,1.129593625664710999e-01,-3.107034265995025635e-01,3.344098329544067383e-01,8.956163525581359863e-01,-2.017072439193725586e-01,6.344954669475555420e-02,-2.665069699287414551e-01
1.550521969795227051e+00,-3.156674385070800781e+00,7.916382551193237305e-01,-2.006674557924270630e-02,-2.262789756059646606e-02,-7.591472864151000977e-01,6.502159237861633301e-01,-3.434118032455444336e-01,2.413119226694107056e-01,4.134043753147125244e-01,4.798801243305206299e-01,-3.218840435147285461e-02,3.547877073287963867e-02,1.988196186721324921e-02,4.836169630289077759e-02,-3.133952021598815918e-01,3.324542641639709473e-01,-4.388760924339294434e-01,-9.458568692207336426e-02,-7.894118898548185825e-04,2.366316691040992737e-02,2.323337793350219727e-01,-2.976720929145812988e-01,2.701185643672943115e-01,-7.164828777313232422e-01,6.126785278320312500e-01,4.283936694264411926e-02,3.523344546556472778e-02,8.590328693389892578e-01,1.429827958345413208e-01,-3.078450560569763184e-01,3.449424803256988525e-01,8.896438479423522949e-01,-2.087884843349456787e-01,6.482810527086257935e-02,-2.527298927307128906e-01
1.552540779113769531e+00,-3.155559778213500977e+00,7.942820191383361816e-01,-1.551230065524578094e-02,-1.910544559359550476e-02,-7.564381957054138184e-01,6.536020636558532715e-01,-3.054229021072387695e-01,2.127444744110107422e-01,4.369145035743713379e-01,3.781932592391967773e-01,-4.103677347302436829e-02,5.359521135687828064e-02,1.171847712248563766e-02,4.472928866744041443e-02,-3.208326101303100586e-01,3.172204494476318359e-01,-4.266523122787475586e-01,-9.353411942720413208e-02,-1.121195615269243717e-03,2.306533046066761017e-02,2.242863476276397705e-01,-3.059696257114410400e-01,2.575360834598541260e-01,-6.339797973632812500e-01,5.251228809356689453e-01,1.136427968740463257e-01,4.950813204050064087e-02,8.528351187705993652e-01,1.672673970460891724e-01,-3.153928220272064209e-01,3.666888475418090820e-01,8.730605840682983398e-01,-2.218125313520431519e-01,5.973469465970993042e-02,-2.431433647871017456e-01
1.554088711738586426e+00,-3.153331756591796875e+00,7.937256097793579102e-01,-1.445877738296985626e-02,-1.695750094950199127e-02,-7.547311186790466309e-01,6.556556224822998047e-01,-2.799153029918670654e-01,1.987676620483398438e-01,4.530545771121978760e-01,2.984791398048400879e-01,1.667813630774617195e-03,6.288217008113861084e-02,-9.681089781224727631e-03,3.446429222822189331e-02,-3.433757424354553223e-01,3.401453793048858643e-01,-4.133832752704620361e-01,-1.004443168640136719e-01,-1.007598917931318283e-02,1.972208730876445770e-02,2.216574698686599731e-01,-3.073427081108093262e-01,2.568870484828948975e-01,-5.701630115509033203e-01,4.425597786903381348e-01,1.684122979640960693e-01,8.213549852371215820e-02,8.428857326507568359e-01,1.839835196733474731e-01,-3.249590098857879639e-01,3.905225098133087158e-01,8.520324826240539551e-01,-2.346650063991546631e-01,5.243467912077903748e-02,-2.369849234819412231e-01
1.553943872451782227e+00,-3.152495622634887695e+00,7.939453125000000000e-01,-1.117490138858556747e-02,-1.993373036384582520e-02,-7.531807422637939453e-01,6.574165821075439453e-01,-2.608524858951568604e-01,1.766672432422637939e-01,4.536293148994445801e-01,2.489151805639266968e-01,2.527196891605854034e-02,5.313289538025856018e-02,-1.836742088198661804e-02,1.937360316514968872e-02,-3.499106168746948242e-01,3.567521274089813232e-01,-4.187082052230834961e-01,-9.854201227426528931e-02,-2.964242175221443176e-02,5.835353862494230270e-03,2.292890250682830811e-01,-3.157957494258880615e-01,2.620954513549804688e-01,-5.339902043342590332e-01,4.072579741477966309e-01,1.794314235448837280e-01,9.149128198623657227e-02,8.477712869644165039e-01,1.816299557685852051e-01,-3.356601893901824951e-01,3.943269252777099609e-01,8.365778326988220215e-01,-2.465502172708511353e-01,4.003645479679107666e-02,-2.231807559728622437e-01
1.552092432975769043e+00,-3.151453018188476562e+00,7.925355434417724609e-01,-1.168476510792970657e-02,-2.302111685276031494e-02,-7.487251758575439453e-01,6.623775959014892578e-01,-2.638432979583740234e-01,1.689629852771759033e-01,4.381145834922790527e-01,2.528246045112609863e-01,3.077853284776210785e-02,5.082081258296966553e-02,-2.179474569857120514e-02,1.065606437623500824e-02,-3.634461164474487305e-01,3.793267607688903809e-01,-4.303301870822906494e-01,-1.003313586115837097e-01,-6.233327463269233704e-02,-7.059946656227111816e-03,2.416718453168869019e-01,-3.251742422580718994e-01,2.763108611106872559e-01,-5.403825640678405762e-01,4.241305291652679443e-01,1.521414518356323242e-01,9.296066313982009888e-02,8.635944128036499023e-01,1.683258861303329468e-01,-3.384664058685302734e-01,3.880333304405212402e-01,8.312973976135253906e-01,-2.452057898044586182e-01,3.857405856251716614e-02,-2.227179855108261108e-01
1.548591375350952148e+00,-3.152235031127929688e+00,7.927709817886352539e-01,-9.487546980381011963e-03,-2.708624862134456635e-02,-7.445701360702514648e-01,6.669270396232604980e-01,-2.697257399559020996e-01,1.562848091125488281e-01,4.168632030487060547e-01,2.706723809242248535e-01,9.133571758866310120e-03,4.583171010017395020e-02,-5.265199113637208939e-03,1.223050430417060852e-02,-3.557022213935852051e-01,3.622919917106628418e-01,-4.470496177673339844e-01,-9.476558864116668701e-02,-9.391523152589797974e-02,-2.214165404438972473e-02,2.511669397354125977e-01,-3.433034420013427734e-01,2.991386055946350098e-01,-5.859544277191162109e-01,4.803617596626281738e-01,1.026705652475357056e-01,8.807555586099624634e-02,8.821213245391845703e-01,1.461163610219955444e-01,-3.348681330680847168e-01,3.686731159687042236e-01,8.288189172744750977e-01,-2.469604760408401489e-01,4.016508162021636963e-02,-2.332106977701187134e-01
1.544294476509094238e+00,-3.151967525482177734e+00,7.891838550567626953e-01,-1.585692167282104492e-02,-2.979939803481101990e-02,-7.387726902961730957e-01,6.731088161468505859e-01,-2.920368611812591553e-01,1.745957583189010620e-01,4.013752639293670654e-01,3.364403247833251953e-01,-5.420395173132419586e-03,4.849175363779067993e-02,7.789990864694118500e-03,2.201504260301589966e-02,-3.663009107112884521e-01,3.711105883121490479e-01,-4.566448926925659180e-01,-1.011012867093086243e-01,-1.278507113456726074e-01,-2.745845913887023926e-02,2.634464800357818604e-01,-3.630701601505279541e-01,3.327830135822296143e-01,-6.702663302421569824e-01,5.653709173202514648e-01,3.435529768466949463e-02,7.777729630470275879e-02,9.078755974769592285e-01,1.298288106918334961e-01,-3.248379528522491455e-01,3.421468436717987061e-01,8.263230323791503906e-01,-2.527179718017578125e-01,4.039393737912178040e-02,-2.471543848514556885e-01
1.540874242782592773e+00,-3.152008295059204102e+00,7.846553921699523926e-01,-2.399459294974803925e-02,-2.956001274287700653e-02,-7.348617315292358398e-01,6.771475076675415039e-01,-3.291469216346740723e-01,2.080435156822204590e-01,3.852098882198333740e-01,4.300184547901153564e-01,-2.326178923249244690e-02,4.725869372487068176e-02,1.690217480063438416e-02,3.753709048032760620e-02,-3.764950335025787354e-01,3.847184479236602783e-01,-4.686982929706573486e-01,-1.067881882190704346e-01,-1.525860726833343506e-01,-2.221204899251461029e-02,2.713693976402282715e-01,-3.838108479976654053e-01,3.656884729862213135e-01,-7.621651291847229004e-01,6.651763916015625000e-01,-4.921396821737289429e-02,5.824889615178108215e-02,9.047660231590270996e-01,1.177169680595397949e-01,-3.216524720191955566e-01,3.195031881332397461e-01,8.173317313194274902e-01,-2.500715553760528564e-01,3.820241987705230713e-02,-2.601182460784912109e-01
1.539200544357299805e+00,-3.152022600173950195e+00,7.801083326339721680e-01,-3.136571124196052551e-02,-2.746068499982357025e-02,-7.352041006088256836e-01,6.765626668930053711e-01,-3.784656226634979248e-01,2.504689097404479980e-01,3.703487813472747803e-01,5.401949882507324219e-01,-3.025208227336406708e-02,3.808314353227615356e-02,1.819445006549358368e-02,5.190904065966606140e-02,-3.808653950691223145e-01,4.040433168411254883e-01,-4.815987646579742432e-01,-1.098525598645210266e-01,-1.665730923414230347e-01,-1.096591725945472717e-02,2.740146815776824951e-01,-4.026409387588500977e-01,3.937019109725952148e-01,-8.550150990486145020e-01,7.728650569915771484e-01,-1.290276199579238892e-01,3.552095592021942139e-02,8.787358999252319336e-01,1.063678637146949768e-01,-3.246429562568664551e-01,3.084534108638763428e-01,8.025255203247070312e-01,-2.450859397649765015e-01,3.110338747501373291e-02,-2.810681760311126709e-01
1.538937926292419434e+00,-3.152018308639526367e+00,7.760794758796691895e-01,-3.733740001916885376e-02,-2.426030859351158142e-02,-7.396723031997680664e-01,6.714925169944763184e-01,-4.318709075450897217e-01,2.989845573902130127e-01,3.605532944202423096e-01,6.511571407318115234e-01,-2.152608335018157959e-02,2.233873307704925537e-02,1.255318708717823029e-02,6.465487927198410034e-02,-3.764871656894683838e-01,4.268973171710968018e-01,-4.937659204006195068e-01,-1.110475733876228333e-01,-1.718776524066925049e-01,3.221021732315421104e-03,2.745594084262847900e-01,-4.128578901290893555e-01,4.157041609287261963e-01,-9.449601173400878906e-01,8.774679303169250488e-01,-2.181128263473510742e-01,1.912026293575763702e-02,8.238943219184875488e-01,8.878374099731445312e-02,-3.359594643115997314e-01,3.155780732631683350e-01,7.900485396385192871e-01,-2.430076152086257935e-01,2.501680143177509308e-02,-3.015182614326477051e-01
1.539977669715881348e+00,-3.152448415756225586e+00,7.732616662979125977e-01,-4.264501109719276428e-02,-2.019048482179641724e-02,-7.477983832359313965e-01,6.622471809387207031e-01,-4.769025743007659912e-01,3.500992357730865479e-01,3.552326560020446777e-01,7.452093958854675293e-01,-3.469840390607714653e-03,2.955120988190174103e-03,6.154020782560110092e-03,7.902989536523818970e-02,-3.622208535671234131e-01,4.438679218292236328e-01,-5.008558034896850586e-01,-1.110623925924301147e-01,-1.694679111242294312e-01,1.899899542331695557e-02,2.746269702911376953e-01,-4.100776314735412598e-01,4.327275454998016357e-01,-1.029623389244079590e+00,9.663574695587158203e-01,-3.062682449817657471e-01,9.602860547602176666e-03,7.560558319091796875e-01,6.481907516717910767e-02,-3.519205152988433838e-01,3.315146863460540771e-01,7.817707657814025879e-01,-2.494543790817260742e-01,2.058998867869377136e-02,-3.095477819442749023e-01
1.542330980300903320e+00,-3.153239250183105469e+00,7.725636363029479980e-01,-4.653850197792053223e-02,-1.633519306778907776e-02,-7.579813599586486816e-01,6.504088044166564941e-01,-5.034466385841369629e-01,3.945490717887878418e-01,3.573237657546997070e-01,8.070302009582519531e-01,1.583418250083923340e-02,-1.396291889250278473e-02,3.326228354126214981e-03,9.317184239625930786e-02,-3.392901122570037842e-01,4.464827477931976318e-01,-4.985645413398742676e-01,-1.097202673554420471e-01,-1.631868481636047363e-01,3.285202383995056152e-02,2.743401825428009033e-01,-3.930750787258148193e-01,4.438993930816650391e-01,-1.095024943351745605e+00,1.034723520278930664e+00,-3.662846684455871582e-01,2.131346799433231354e-02,6.667037010192871094e-01,3.469579294323921204e-02,-3.676806688308715820e-01,3.532972633838653564e-01,7.773402929306030273e-01,-2.514711916446685791e-01,1.909813843667507172e-02,-3.100207149982452393e-01
1.546700954437255859e+00,-3.154327630996704102e+00,7.742429375648498535e-01,-4.735993221402168274e-02,-1.451157033443450928e-02,-7.691686153411865234e-01,6.371232867240905762e-01,-5.057280659675598145e-01,4.186002612113952637e-01,3.671725094318389893e-01,8.300128579139709473e-01,2.827777713537216187e-02,-2.946125529706478119e-02,2.852329052984714508e-03,9.880635887384414673e-02,-3.093339800834655762e-01,4.380221962928771973e-01,-4.884523153305053711e-01,-1.057098135352134705e-01,-1.573657095432281494e-01,4.087638854980468750e-02,2.701523602008819580e-01,-3.569577038288116455e-01,4.449872672557830811e-01,-1.138191580772399902e+00,1.087985992431640625e+00,-3.767333328723907471e-01,5.406284704804420471e-02,5.798925161361694336e-01,1.653859158977866173e-03,-3.809449374675750732e-01,3.818753957748413086e-01,7.778372168540954590e-01,-2.513141632080078125e-01,1.616207696497440338e-02,-3.122338056564331055e-01
1.552539229393005371e+00,-3.155822515487670898e+00,7.779013514518737793e-01,-4.542247205972671509e-02,-1.464929245412349701e-02,-7.807375788688659668e-01,6.230337023735046387e-01,-4.794869720935821533e-01,4.227468967437744141e-01,3.936455845832824707e-01,8.114305138587951660e-01,2.365692146122455597e-02,-3.396675363183021545e-02,4.499725997447967529e-03,9.516046196222305298e-02,-2.771846055984497070e-01,4.207247793674468994e-01,-4.726084172725677490e-01,-9.885121881961822510e-02,-1.525545567274093628e-01,4.321220889687538147e-02,2.645846605300903320e-01,-3.016392290592193604e-01,4.384187161922454834e-01,-1.175180077552795410e+00,1.122366547584533691e+00,-3.617113530635833740e-01,8.163049817085266113e-02,5.270814895629882812e-01,-3.230310231447219849e-02,-3.888894617557525635e-01,4.138280749320983887e-01,7.832266688346862793e-01,-2.521168887615203857e-01,2.012385427951812744e-02,-3.098966181278228760e-01
1.559789657592773438e+00,-3.158025741577148438e+00,7.828731536865234375e-01,-4.068965837359428406e-02,-1.577346771955490112e-02,-7.929680943489074707e-01,6.076982617378234863e-01,-4.255721867084503174e-01,4.113751053810119629e-01,4.475390315055847168e-01,7.542032599449157715e-01,-8.068782277405261993e-03,-2.318765595555305481e-02,5.006830673664808273e-03,8.442717790603637695e-02,-2.403657138347625732e-01,3.973917365074157715e-01,-4.524050354957580566e-01,-8.892334252595901489e-02,-1.449301540851593018e-01,4.292242228984832764e-02,2.573565542697906494e-01,-2.298661768436431885e-01,4.197572767734527588e-01,-1.194419503211975098e+00,1.141723275184631348e+00,-3.397076129913330078e-01,9.142747521400451660e-02,5.005495548248291016e-01,-6.312541663646697998e-02,-3.909232914447784424e-01,4.384105503559112549e-01,7.865950465202331543e-01,-2.464029192924499512e-01,2.398358471691608429e-02,-3.071539103984832764e-01
1.567992210388183594e+00,-3.160627365112304688e+00,7.877684831619262695e-01,-3.470594808459281921e-02,-1.632061041891574860e-02,-8.059763908386230469e-01,5.907040238380432129e-01,-3.544687926769256592e-01,3.852120935916900635e-01,5.166684389114379883e-01,6.622251868247985840e-01,-6.015544012188911438e-02,4.384780302643775940e-03,1.039110473357141018e-03,7.184867560863494873e-02,-2.002687454223632812e-01,3.748617768287658691e-01,-4.317904710769653320e-01,-7.685156911611557007e-02,-1.312249600887298584e-01,4.456690698862075806e-02,2.496731281280517578e-01,-1.436496078968048096e-01,3.913289606571197510e-01,-1.178037166595458984e+00,1.142734289169311523e+00,-3.343049585819244385e-01,8.869350701570510864e-02,5.055823326110839844e-01,-8.675836026668548584e-02,-3.879758417606353760e-01,4.517009854316711426e-01,7.827244997024536133e-01,-2.470615655183792114e-01,2.597055584192276001e-02,-3.062819838523864746e-01
1.576554656028747559e+00,-3.163503885269165039e+00,7.926521897315979004e-01,-2.494584769010543823e-02,-1.999514736235141754e-02,-8.220432400703430176e-01,5.685269236564636230e-01,-2.624035477638244629e-01,3.333972096443176270e-01,6.082159280776977539e-01,5.215620398521423340e-01,-1.081470176577568054e-01,3.706590831279754639e-02,-7.686411496251821518e-03,5.008416995406150818e-02,-1.468231081962585449e-01,3.526173830032348633e-01,-4.100302457809448242e-01,-5.971053242683410645e-02,-1.022918298840522766e-01,4.096985608339309692e-02,2.404031157493591309e-01,-5.043003335595130920e-02,3.518541455268859863e-01,-1.126292109489440918e+00,1.125971078872680664e+00,-3.388113379478454590e-01,7.452137768268585205e-02,5.251436233520507812e-01,-1.006861180067062378e-01,-3.872801661491394043e-01,4.565246105194091797e-01,7.666914463043212891e-01,-2.488255351781845093e-01,2.888952009379863739e-02,-3.028124868869781494e-01
1.584234952926635742e+00,-3.166007280349731445e+00,7.952700257301330566e-01,-2.209351025521755219e-02,-1.853062584996223450e-02,-8.320860862731933594e-01,5.538964271545410156e-01,-2.159981131553649902e-01,3.010329008102416992e-01,6.408576369285583496e-01,4.353086352348327637e-01,-1.290702968835830688e-01,5.104242637753486633e-02,-1.863354258239269257e-02,4.320950433611869812e-02,-1.183354854583740234e-01,3.490056991577148438e-01,-4.002655148506164551e-01,-5.176231637597084045e-02,-8.918317407369613647e-02,5.199366435408592224e-02,2.413198351860046387e-01,3.842448070645332336e-02,3.013701438903808594e-01,-1.054776310920715332e+00,1.111139178276062012e+00,-3.406007587909698486e-01,6.026238575577735901e-02,5.423310399055480957e-01,-1.107302159070968628e-01,-3.888939321041107178e-01,4.608664810657501221e-01,7.435324788093566895e-01,-2.538713812828063965e-01,2.553250268101692200e-02,-3.049242198467254639e-01
1.589983940124511719e+00,-3.167678117752075195e+00,7.968935370445251465e-01,-1.922006346285343170e-02,-2.252011187374591827e-02,-8.412587046623229980e-01,5.398215055465698242e-01,-1.864517033100128174e-01,2.736646533012390137e-01,6.603050827980041504e-01,3.873358666896820068e-01,-1.209287792444229126e-01,5.118947848677635193e-02,-2.757335826754570007e-02,2.941311709582805634e-02,-8.743396401405334473e-02,3.558933436870574951e-01,-3.982548117637634277e-01,-4.379034042358398438e-02,-7.211817800998687744e-02,5.083731934428215027e-02,2.532481253147125244e-01,1.022203415632247925e-01,2.496276050806045532e-01,-9.763230085372924805e-01,1.101887464523315430e+00,-3.422000110149383545e-01,5.029194802045822144e-02,5.533524751663208008e-01,-1.209238171577453613e-01,-3.912021815776824951e-01,4.633105397224426270e-01,7.124894261360168457e-01,-2.616012692451477051e-01,2.313358150422573090e-02,-3.062133491039276123e-01
1.592276215553283691e+00,-3.167923450469970703e+00,7.962210774421691895e-01,-1.882113888859748840e-02,-2.802089601755142212e-02,-8.469213247299194336e-01,5.306457281112670898e-01,-1.734566241502761841e-01,2.661776542663574219e-01,6.722429394721984863e-01,3.866546154022216797e-01,-1.175301298499107361e-01,4.372068867087364197e-02,-3.406634926795959473e-02,1.834762096405029297e-02,-6.859291344881057739e-02,3.750950098037719727e-01,-4.058409035205841064e-01,-3.933633863925933838e-02,-5.921535566449165344e-02,4.206156730651855469e-02,2.693433463573455811e-01,1.377941370010375977e-01,2.127233445644378662e-01,-9.433899521827697754e-01,1.110329389572143555e+00,-3.646823465824127197e-01,4.613756388425827026e-02,5.556139349937438965e-01,-1.264562010765075684e-01,-3.910329937934875488e-01,4.613424241542816162e-01,6.835913658142089844e-01,-2.759997546672821045e-01,1.877368800342082977e-02,-3.039370775222778320e-01
1.591746211051940918e+00,-3.167240858078002930e+00,7.937338352203369141e-01,-2.189475297927856445e-02,-3.095400147140026093e-02,-8.469619154930114746e-01,5.302999019622802734e-01,-1.847001463174819946e-01,2.852481901645660400e-01,6.696385741233825684e-01,4.382926821708679199e-01,-1.232565715909004211e-01,3.329500928521156311e-02,-3.489673882722854614e-02,1.623682864010334015e-02,-7.025946676731109619e-02,3.971458971500396729e-01,-4.190216064453125000e-01,-3.923866152763366699e-02,-5.737609416246414185e-02,3.646460548043251038e-02,2.847337722778320312e-01,1.507872641086578369e-01,1.984893977642059326e-01,-9.578216075897216797e-01,1.123698592185974121e+00,-3.920916914939880371e-01,4.398093000054359436e-02,5.497449040412902832e-01,-1.243162229657173157e-01,-3.838135898113250732e-01,4.521844685077667236e-01,6.645445227622985840e-01,-2.926455736160278320e-01,1.770743727684020996e-02,-2.980519831180572510e-01
1.588954925537109375e+00,-3.165215253829956055e+00,7.897749543190002441e-01,-2.832133881747722626e-02,-2.971274778246879578e-02,-8.411582708358764648e-01,5.392289161682128906e-01,-2.238054722547531128e-01,3.255336284637451172e-01,6.407364010810852051e-01,5.286614298820495605e-01,-1.227706000208854675e-01,2.124869823455810547e-02,-3.080010786652565002e-02,2.636823244392871857e-02,-9.149053692817687988e-02,4.167447686195373535e-01,-4.334889352321624756e-01,-4.445752874016761780e-02,-6.974362581968307495e-02,4.164202883839607239e-02,2.985081672668457031e-01,1.454296112060546875e-01,2.006203234195709229e-01,-9.962725639343261719e-01,1.135376453399658203e+00,-3.858630359172821045e-01,3.956328704953193665e-02,5.585973858833312988e-01,-1.148369982838630676e-01,-3.725800514221191406e-01,4.256309866905212402e-01,6.486225724220275879e-01,-3.267703354358673096e-01,2.118466608226299286e-02,-2.816360890865325928e-01
1.585212111473083496e+00,-3.162566184997558594e+00,7.848412990570068359e-01,-3.568201512098312378e-02,-2.607090212404727936e-02,-8.311980962753295898e-01,5.542172789573669434e-01,-2.861798405647277832e-01,3.704231381416320801e-01,5.892431735992431641e-01,6.363510489463806152e-01,-1.063374429941177368e-01,9.348049759864807129e-03,-2.761690877377986908e-02,4.118528589606285095e-02,-1.250143349170684814e-01,4.379887580871582031e-01,-4.507047533988952637e-01,-5.193391814827919006e-02,-8.940818160772323608e-02,5.170367285609245300e-02,3.085397779941558838e-01,1.215744242072105408e-01,2.143342494964599609e-01,-1.028949618339538574e+00,1.141510486602783203e+00,-3.968804180622100830e-01,3.582515940070152283e-02,5.627962946891784668e-01,-1.010048687458038330e-01,-3.646124005317687988e-01,3.985916078090667725e-01,6.384062170982360840e-01,-3.531241714954376221e-01,2.436733432114124298e-02,-2.635185420513153076e-01
1.581009030342102051e+00,-3.160080671310424805e+00,7.788768410682678223e-01,-4.356999322772026062e-02,-2.127242088317871094e-02,-8.195623755455017090e-01,5.709348917007446289e-01,-3.616037964820861816e-01,4.125767946243286133e-01,5.260251164436340332e-01,7.463096380233764648e-01,-7.628356665372848511e-02,1.218814053572714329e-03,-2.694463729858398438e-02,5.798556655645370483e-02,-1.630696058273315430e-01,4.637702405452728271e-01,-4.707205295562744141e-01,-5.991105362772941589e-02,-1.030337885022163391e-01,6.504500657320022583e-02,3.147828578948974609e-01,8.373373746871948242e-02,2.348311841487884521e-01,-1.038074016571044922e+00,1.144434213638305664e+00,-4.004754722118377686e-01,3.411073610186576843e-02,5.829957723617553711e-01,-7.998207211494445801e-02,-3.641252219676971436e-01,3.758736550807952881e-01,6.346774697303771973e-01,-3.522829413414001465e-01,2.679337933659553528e-02,-2.522637844085693359e-01
1.576998591423034668e+00,-3.158233880996704102e+00,7.734880447387695312e-01,-5.135450884699821472e-02,-1.832706294953823090e-02,-8.079293966293334961e-01,5.867511630058288574e-01,-4.342936873435974121e-01,4.430218338966369629e-01,4.651583433151245117e-01,8.413420915603637695e-01,-2.909382060170173645e-02,-3.894207766279578209e-04,-2.340332046151161194e-02,7.074521481990814209e-02,-1.989085823297500610e-01,4.874849021434783936e-01,-4.896564781665802002e-01,-6.685015559196472168e-02,-1.049470752477645874e-01,7.854221761226654053e-02,3.210027515888214111e-01,3.185178712010383606e-02,2.538315057754516602e-01,-1.008681058883666992e+00,1.143212080001831055e+00,-4.202172756195068359e-01,2.769500389695167542e-02,6.082533597946166992e-01,-5.377753451466560364e-02,-3.676226139068603516e-01,3.629318177700042725e-01,6.414498090744018555e-01,-3.421349525451660156e-01,2.554996125400066376e-02,-2.561591267585754395e-01
1.573444247245788574e+00,-3.157513856887817383e+00,7.694522142410278320e-01,-5.892230570316314697e-02,-1.550380047410726547e-02,-7.955645322799682617e-01,6.027975082397460938e-01,-4.942025244235992432e-01,4.588110446929931641e-01,4.107642471790313721e-01,9.081494212150573730e-01,1.227881107479333878e-02,1.527063548564910889e-03,-1.457905489951372147e-02,8.174073696136474609e-02,-2.370302528142929077e-01,5.012662410736083984e-01,-5.053749680519104004e-01,-7.289452105760574341e-02,-9.801303595304489136e-02,9.329976141452789307e-02,3.242149353027343750e-01,-2.798625081777572632e-02,2.713218927383422852e-01,-9.749810099601745605e-01,1.129661321640014648e+00,-4.580341279506683350e-01,6.756749004125595093e-03,6.433469057083129883e-01,-2.628629654645919800e-02,-3.727378845214843750e-01,3.564046621322631836e-01,6.667659282684326172e-01,-3.266834616661071777e-01,2.591252699494361877e-02,-2.705551087856292725e-01
1.570718050003051758e+00,-3.157525300979614258e+00,7.677737474441528320e-01,-6.395158916711807251e-02,-1.279169972985982895e-02,-7.831789851188659668e-01,6.183665394783020020e-01,-5.337768197059631348e-01,4.575302302837371826e-01,3.706908226013183594e-01,9.387803673744201660e-01,3.781105577945709229e-02,6.326591596007347107e-03,-3.956678323447704315e-03,9.014251828193664551e-02,-2.715350985527038574e-01,5.007919073104858398e-01,-5.139170289039611816e-01,-7.823211699724197388e-02,-8.348975330591201782e-02,1.048842519521713257e-01,3.205104470252990723e-01,-8.574028313159942627e-02,2.867832481861114502e-01,-9.439998865127563477e-01,1.098847031593322754e+00,-4.757050871849060059e-01,-2.679772675037384033e-02,6.898709535598754883e-01,2.178271301090717316e-03,-3.744927942752838135e-01,3.463263511657714844e-01,7.092558145523071289e-01,-3.058750927448272705e-01,2.867022342979907990e-02,-2.874551117420196533e-01
1.569280385971069336e+00,-3.158429622650146484e+00,7.682108879089355469e-01,-6.682431697845458984e-02,-1.066091656684875488e-02,-7.711110115051269531e-01,6.330945491790771484e-01,-5.466891527175903320e-01,4.395102858543395996e-01,3.460232317447662354e-01,9.345145821571350098e-01,3.685984387993812561e-02,1.944319158792495728e-02,8.245991542935371399e-03,9.502087533473968506e-02,-3.014486432075500488e-01,4.898867607116699219e-01,-5.164592266082763672e-01,-8.296476304531097412e-02,-6.226149201393127441e-02,1.096534878015518188e-01,3.133023083209991455e-01,-1.353665739297866821e-01,2.992691993713378906e-01,-9.045896530151367188e-01,1.040591716766357422e+00,-4.538209140300750732e-01,-7.316019386053085327e-02,7.535431385040283203e-01,2.972785569727420807e-02,-3.673261404037475586e-01,3.431309461593627930e-01,7.656689286231994629e-01,-2.786365747451782227e-01,2.373860217630863190e-02,-3.256897032260894775e-01
1.569382190704345703e+00,-3.159940958023071289e+00,7.719798684120178223e-01,-6.174225732684135437e-02,-1.052595395594835281e-02,-7.586876749992370605e-01,6.484367251396179199e-01,-5.271416902542114258e-01,3.937079608440399170e-01,3.498890995979309082e-01,8.766921758651733398e-01,1.146146282553672791e-02,3.952835872769355774e-02,2.185591869056224823e-02,8.550637215375900269e-02,-3.286312222480773926e-01,4.542390108108520508e-01,-5.068699717521667480e-01,-8.174724876880645752e-02,-3.928669542074203491e-02,9.660442918539047241e-02,2.941077947616577148e-01,-1.741106063127517700e-01,3.086678087711334229e-01,-8.476473689079284668e-01,9.377788901329040527e-01,-3.757268190383911133e-01,-9.420324862003326416e-02,8.342038393020629883e-01,6.340109556913375854e-02,-3.508829772472381592e-01,3.321973085403442383e-01,8.232019543647766113e-01,-2.368705123662948608e-01,1.305987220257520676e-02,-3.573828637599945068e-01
1.570305824279785156e+00,-3.161482810974121094e+00,7.775127887725830078e-01,-5.473607406020164490e-02,-1.063147466629743576e-02,-7.470569014549255371e-01,6.624174714088439941e-01,-4.810788631439208984e-01,3.396556377410888672e-01,3.719090819358825684e-01,7.776820659637451172e-01,-3.252885118126869202e-02,6.810691952705383301e-02,3.375291079282760620e-02,7.459461688995361328e-02,-3.500469923019409180e-01,4.129562079906463623e-01,-4.911338984966278076e-01,-8.127846568822860718e-02,-1.705521345138549805e-02,7.592390477657318115e-02,2.734183669090270996e-01,-1.954553872346878052e-01,3.135855495929718018e-01,-7.528613805770874023e-01,7.832636833190917969e-01,-2.579669058322906494e-01,-8.269674330949783325e-02,8.766371607780456543e-01,1.006039455533027649e-01,-3.282392919063568115e-01,3.208155930042266846e-01,8.581987619400024414e-01,-2.037822902202606201e-01,1.209878735244274139e-02,-3.713575899600982666e-01
1.571717500686645508e+00,-3.162836790084838867e+00,7.848650813102722168e-01,-3.997702896595001221e-02,-1.422499492764472961e-02,-7.355780601501464844e-01,6.761097311973571777e-01,-4.137769937515258789e-01,2.576613724231719971e-01,4.032842218875885010e-01,6.217780709266662598e-01,-5.933923646807670593e-02,9.196583926677703857e-02,4.512744024395942688e-02,4.858596250414848328e-02,-3.659467101097106934e-01,3.556388318538665771e-01,-4.647085964679718018e-01,-7.594049721956253052e-02,-1.651112688705325127e-04,3.519770503044128418e-02,2.454787939786911011e-01,-2.041445821523666382e-01,3.168370127677917480e-01,-6.291855573654174805e-01,5.795901417732238770e-01,-1.197474300861358643e-01,-3.539664298295974731e-02,8.692931532859802246e-01,1.443435996770858765e-01,-3.057695031166076660e-01,3.144415020942687988e-01,8.636125922203063965e-01,-1.891603320837020874e-01,1.531789661385118961e-03,-3.818787038326263428e-01
1.573179483413696289e+00,-3.163718461990356445e+00,7.911353111267089844e-01,-2.837355621159076691e-02,-1.288208831101655960e-02,-7.254895567893981934e-01,6.875273585319519043e-01,-3.621503412723541260e-01,1.888327300548553467e-01,4.019475579261779785e-01,4.732787013053894043e-01,-6.598169356584548950e-02,9.967786818742752075e-02,4.889698699116706848e-02,3.416619077324867249e-02,-3.845945894718170166e-01,3.082369267940521240e-01,-4.421532750129699707e-01,-7.221072167158126831e-02,1.286697480827569962e-02,3.566791769117116928e-03,2.183003127574920654e-01,-2.146842777729034424e-01,3.188441991806030273e-01,-4.937678873538970947e-01,4.032904207706451416e-01,2.539081871509552002e-02,-5.895876325666904449e-03,8.019549846649169922e-01,1.869845986366271973e-01,-2.921637892723083496e-01,3.164974749088287354e-01,8.410608172416687012e-01,-1.919860392808914185e-01,-2.131230663508176804e-03,-3.788547217845916748e-01
1.574379682540893555e+00,-3.162820577621459961e+00,7.930266857147216797e-01,-2.328928560018539429e-02,-1.033105421811342239e-02,-7.135018706321716309e-01,7.001898884773254395e-01,-3.261362314224243164e-01,1.437845081090927124e-01,3.955660760402679443e-01,3.480391204357147217e-01,-1.723499409854412079e-02,1.208085641264915466e-01,3.919638693332672119e-02,1.669099740684032440e-02,-4.320519864559173584e-01,3.045769631862640381e-01,-4.178994894027709961e-01,-7.511435449123382568e-02,1.172878779470920563e-02,-2.015466615557670593e-02,2.007282823324203491e-01,-2.294766455888748169e-01,3.212238848209381104e-01,-3.636081516742706299e-01,2.507051229476928711e-01,1.811522096395492554e-01,2.365442737936973572e-02,7.105137705802917480e-01,2.230502814054489136e-01,-2.867572009563446045e-01,3.290878832340240479e-01,8.089758157730102539e-01,-2.103604972362518311e-01,-1.053205807693302631e-03,-3.651653528213500977e-01
1.574556827545166016e+00,-3.162728071212768555e+00,7.946089506149291992e-01,-1.688324660062789917e-02,-1.178704015910625458e-02,-7.046912908554077148e-01,7.092151641845703125e-01,-3.015946745872497559e-01,1.041904389858245850e-01,3.869377076625823975e-01,2.646393477916717529e-01,2.417451143264770508e-02,1.187159940600395203e-01,3.491985425353050232e-02,-2.340171020478010178e-03,-4.551655054092407227e-01,3.058636188507080078e-01,-4.176670312881469727e-01,-7.062245160341262817e-02,7.980725727975368500e-03,-4.683280736207962036e-02,2.013551145792007446e-01,-2.597759962081909180e-01,3.200961351394653320e-01,-2.462209314107894897e-01,1.458287984132766724e-01,3.190694749355316162e-01,3.211252763867378235e-02,6.237617135047912598e-01,2.317134290933609009e-01,-2.936278879642486572e-01,3.407950699329376221e-01,7.754977941513061523e-01,-2.337952703237533569e-01,-8.874483406543731689e-03,-3.398466110229492188e-01
1.573350548744201660e+00,-3.161382913589477539e+00,7.925211191177368164e-01,-1.798478886485099792e-02,-1.264054328203201294e-02,-6.962986588478088379e-01,7.174154520034790039e-01,-3.063466548919677734e-01,9.696347266435623169e-02,3.746443688869476318e-01,2.657696008682250977e-01,2.579036727547645569e-02,1.173263415694236755e-01,2.450660057365894318e-02,-1.333830971270799637e-02,-4.790655672550201416e-01,3.436455428600311279e-01,-4.337961971759796143e-01,-7.042329013347625732e-02,-2.537206048145890236e-03,-6.320144981145858765e-02,2.206547558307647705e-01,-2.985633909702301025e-01,3.240182995796203613e-01,-1.687908917665481567e-01,8.299488574266433716e-02,3.898967206478118896e-01,1.717044599354267120e-02,5.648608207702636719e-01,2.170812040567398071e-01,-3.063961267471313477e-01,3.536235988140106201e-01,7.539632916450500488e-01,-2.550484836101531982e-01,-8.667066693305969238e-03,-3.221980631351470947e-01
1.570251703262329102e+00,-3.159491062164306641e+00,7.882422804832458496e-01,-2.233880385756492615e-02,-1.310943439602851868e-02,-6.875828504562377930e-01,7.256438136100769043e-01,-3.437301516532897949e-01,1.089268103241920471e-01,3.534602820873260498e-01,3.400088846683502197e-01,4.609262105077505112e-03,1.255150586366653442e-01,1.519914995878934860e-02,-1.712586358189582825e-02,-5.039095282554626465e-01,3.889372050762176514e-01,-4.563805162906646729e-01,-7.372665405273437500e-02,-2.243068814277648926e-02,-7.668194919824600220e-02,2.449756413698196411e-01,-3.367934226989746094e-01,3.366713821887969971e-01,-1.300961226224899292e-01,5.072944611310958862e-02,3.931137919425964355e-01,1.167123578488826752e-02,5.336551666259765625e-01,1.846191585063934326e-01,-3.166459798812866211e-01,3.678086102008819580e-01,7.434980869293212891e-01,-2.760717272758483887e-01,-9.506470523774623871e-03,-3.129964768886566162e-01
1.565903782844543457e+00,-3.158149242401123047e+00,7.816029787063598633e-01,-3.204909339547157288e-02,-8.281045593321323395e-03,-6.784287095069885254e-01,7.339201569557189941e-01,-4.165581166744232178e-01,1.481352299451828003e-01,3.190113604068756104e-01,4.793055355548858643e-01,-2.956445701420307159e-02,1.273813545703887939e-01,1.059154886752367020e-02,2.152469009160995483e-03,-5.294472575187683105e-01,4.230917394161224365e-01,-4.812643826007843018e-01,-8.168706297874450684e-02,-5.061703175306320190e-02,-7.525561749935150146e-02,2.637780606746673584e-01,-3.715666830539703369e-01,3.579250574111938477e-01,-1.457305103540420532e-01,5.554062128067016602e-02,3.503043353557586670e-01,2.687400393187999725e-02,5.238621830940246582e-01,1.340479552745819092e-01,-3.240051865577697754e-01,3.810652792453765869e-01,7.500455975532531738e-01,-2.827217876911163330e-01,-1.559205912053585052e-02,-3.291334807872772217e-01
1.562236309051513672e+00,-3.158637762069702148e+00,7.774902582168579102e-01,-3.468987345695495605e-02,-5.523203872144222260e-03,-6.766388416290283203e-01,7.354766726493835449e-01,-4.930717349052429199e-01,1.831001192331314087e-01,2.969039976596832275e-01,6.181071400642395020e-01,-2.856068871915340424e-02,9.123262017965316772e-02,1.774798706173896790e-02,2.811892889440059662e-02,-5.119572281837463379e-01,4.078873395919799805e-01,-4.946039021015167236e-01,-7.508192211389541626e-02,-6.685116142034530640e-02,-8.020374923944473267e-02,2.728426158428192139e-01,-4.034244418144226074e-01,3.822581171989440918e-01,-1.956285089254379272e-01,9.307512640953063965e-02,2.808069288730621338e-01,4.845372587442398071e-02,5.309537649154663086e-01,7.193109393119812012e-02,-3.376224040985107422e-01,3.939961194992065430e-01,7.526874542236328125e-01,-2.628565132617950439e-01,-1.458425167948007584e-02,-3.568400442600250244e-01
1.560956597328186035e+00,-3.158069133758544922e+00,7.694060206413269043e-01,-4.601033031940460205e-02,-3.283638972789049149e-03,-6.788037419319152832e-01,7.328695654869079590e-01,-6.045240759849548340e-01,2.490797936916351318e-01,2.545810341835021973e-01,8.149889111518859863e-01,4.070921242237091064e-02,1.471336558461189270e-02,1.548820734024047852e-02,4.952572658658027649e-02,-5.025302171707153320e-01,4.402183294296264648e-01,-5.125592350959777832e-01,-7.694463431835174561e-02,-7.394717633724212646e-02,-6.842512637376785278e-02,2.848879992961883545e-01,-4.136349856853485107e-01,4.009659886360168457e-01,-2.383083254098892212e-01,1.293430775403976440e-01,2.874125838279724121e-01,9.903637319803237915e-02,4.943847954273223877e-01,2.282355539500713348e-02,-3.619189560413360596e-01,3.891960382461547852e-01,7.262945771217346191e-01,-2.650544643402099609e-01,-9.032365866005420685e-03,-3.544877469539642334e-01
1.563694477081298828e+00,-3.157474517822265625e+00,7.608478069305419922e-01,-5.820448324084281921e-02,-4.092004019184969366e-05,-6.879377365112304688e-01,7.234320044517517090e-01,-7.304592132568359375e-01,3.204654455184936523e-01,1.871463060379028320e-01,1.010942101478576660e+00,1.401671916246414185e-01,-1.211914196610450745e-01,5.530909169465303421e-03,6.188299134373664856e-02,-4.904882907867431641e-01,4.909463524818420410e-01,-5.337336063385009766e-01,-7.101800292730331421e-02,-7.383968681097030640e-02,-4.490564391016960144e-02,2.994400858879089355e-01,-3.916872441768646240e-01,4.064802825450897217e-01,-2.141403555870056152e-01,1.239526197314262390e-01,3.853234648704528809e-01,1.421985328197479248e-01,4.041928648948669434e-01,-1.108925044536590576e-02,-4.037134349346160889e-01,3.585810065269470215e-01,6.275395154953002930e-01,-3.375786840915679932e-01,-1.177398581057786942e-02,-2.908056080341339111e-01
1.571157693862915039e+00,-3.156543731689453125e+00,7.525074481964111328e-01,-6.836368888616561890e-02,1.916525885462760925e-03,-7.037762403488159180e-01,7.071221470832824707e-01,-8.328391313552856445e-01,3.688046038150787354e-01,9.904330968856811523e-02,1.168141484260559082e+00,1.712147891521453857e-01,-2.460237443447113037e-01,-1.300384290516376495e-02,5.575533211231231689e-02,-4.752007722854614258e-01,5.583699941635131836e-01,-5.554206371307373047e-01,-5.663287267088890076e-02,-6.030355766415596008e-02,-2.357114478945732117e-02,3.146877884864807129e-01,-3.375337421894073486e-01,3.943138122558593750e-01,-1.202969476580619812e-01,6.068363040685653687e-02,4.364360272884368896e-01,7.768692076206207275e-02,3.505434393882751465e-01,-3.150841966271400452e-02,-4.470109641551971436e-01,3.309810757637023926e-01,4.629807174205780029e-01,-4.087091088294982910e-01,-5.521403625607490540e-02,-2.979204058647155762e-01
1.581676006317138672e+00,-3.156472444534301758e+00,7.468213438987731934e-01,-7.420645654201507568e-02,4.041736945509910583e-03,-7.247085571289062500e-01,6.850361824035644531e-01,-9.035305976867675781e-01,4.449832439422607422e-01,5.491758137941360474e-02,1.308196663856506348e+00,1.087488532066345215e-01,-2.617996931076049805e-01,-4.007419571280479431e-02,4.648899659514427185e-02,-4.392226636409759521e-01,6.199212670326232910e-01,-5.713228583335876465e-01,-3.962861746549606323e-02,-4.054640606045722961e-02,-9.100827388465404510e-03,3.179045915603637695e-01,-2.684667408466339111e-01,3.586232066154479980e-01,1.031857449561357498e-03,-2.944356016814708710e-02,3.423739075660705566e-01,-1.605465449392795563e-02,3.677189648151397705e-01,-4.709419980645179749e-02,-4.713665843009948730e-01,2.930265069007873535e-01,2.684486210346221924e-01,-3.277465999126434326e-01,-1.125121936202049255e-01,-4.059580266475677490e-01
1.591443657875061035e+00,-3.157614946365356445e+00,7.453330755233764648e-01,-8.130409568548202515e-02,1.328736660070717335e-03,-7.424213290214538574e-01,6.649800539016723633e-01,-9.175350666046142578e-01,5.101514458656311035e-01,1.378710009157657623e-02,1.394875288009643555e+00,2.041655033826828003e-02,-2.617999911308288574e-01,-4.071101918816566467e-02,4.363488033413887024e-02,-3.992683291435241699e-01,6.411328315734863281e-01,-5.717007517814636230e-01,-2.804549597203731537e-02,-2.482653036713600159e-02,-4.607903305441141129e-03,3.289267718791961670e-01,-2.327892929315567017e-01,3.173120319843292236e-01,4.512386769056320190e-02,-1.261086761951446533e-01,1.951385587453842163e-01,-7.457707822322845459e-02,4.698157310485839844e-01,-6.967894732952117920e-02,-4.543621540069580078e-01,2.207869589328765869e-01,9.371192008256912231e-02,-2.253967821598052979e-01,-1.765498071908950806e-01,-5.011954307556152344e-01
1.602356672286987305e+00,-3.159646749496459961e+00,7.486712336540222168e-01,-8.395504206418991089e-02,-1.336393761448562145e-03,-7.543079853057861328e-01,6.511291861534118652e-01,-8.918553590774536133e-01,5.568251013755798340e-01,-8.239001967012882233e-03,1.420240521430969238e+00,-5.073432251811027527e-02,-2.617998421192169189e-01,-3.209882974624633789e-02,3.510912880301475525e-02,-3.672770261764526367e-01,6.286815404891967773e-01,-5.564906597137451172e-01,-1.362610794603824615e-02,-1.636016927659511566e-02,-1.136176660656929016e-02,3.308558464050292969e-01,-2.384464144706726074e-01,2.711629569530487061e-01,6.295523792505264282e-02,-2.087811380624771118e-01,1.165915280580520630e-01,-1.239628940820693970e-01,5.656656622886657715e-01,-1.091509982943534851e-01,-4.041765630245208740e-01,1.511464864015579224e-01,-4.361074790358543396e-02,-1.615537405014038086e-01,-2.234186679124832153e-01,-5.821332931518554688e-01
1.614768743515014648e+00,-3.162490129470825195e+00,7.553412318229675293e-01,-8.322658389806747437e-02,-3.614779096096754074e-03,-7.631314992904663086e-01,6.408514380455017090e-01,-8.291944265365600586e-01,5.652768611907958984e-01,-2.017905190587043762e-02,1.382189869880676270e+00,-9.982429444789886475e-02,-2.413122206926345825e-01,-1.789714954793453217e-02,2.499931491911411285e-02,-3.329182863235473633e-01,5.886935591697692871e-01,-5.253648161888122559e-01,2.795185893774032593e-03,-1.434442866593599319e-02,-2.429656684398651123e-02,3.253671526908874512e-01,-2.759530842304229736e-01,2.349278181791305542e-01,5.990286543965339661e-02,-2.606729865074157715e-01,1.111666336655616760e-01,-1.508405357599258423e-01,5.819087028503417969e-01,-1.687195450067520142e-01,-3.404896557331085205e-01,1.168780103325843811e-01,-1.334990859031677246e-01,-1.711628139019012451e-01,-2.672375738620758057e-01,-6.920055150985717773e-01
1.629878997802734375e+00,-3.166063070297241211e+00,7.639321684837341309e-01,-7.473338395357131958e-02,-5.341949407011270523e-03,-7.706108689308166504e-01,6.328864693641662598e-01,-7.344057559967041016e-01,5.012738704681396484e-01,-4.235865175724029541e-02,1.269987225532531738e+00,-1.273919045925140381e-01,-2.617985010147094727e-01,-8.837920613586902618e-03,5.402445676736533642e-04,-2.990196943283081055e-01,5.289855003356933594e-01,-4.807922840118408203e-01,2.606531232595443726e-02,-1.938230730593204498e-02,-4.341009631752967834e-02,3.044591248035430908e-01,-3.381201922893524170e-01,2.083646506071090698e-01,2.834857255220413208e-02,-2.831857502460479736e-01,1.161185279488563538e-01,-1.504930108785629272e-01,5.639721751213073730e-01,-2.386342883110046387e-01,-2.915121018886566162e-01,1.186202391982078552e-01,-1.955160647630691528e-01,-2.159713208675384521e-01,-3.018852174282073975e-01,-7.879296541213989258e-01
1.647651433944702148e+00,-3.171079635620117188e+00,7.731547951698303223e-01,-5.857839807868003845e-02,-6.021528039127588272e-03,-7.799445390701293945e-01,6.230720877647399902e-01,-6.192425489425659180e-01,3.937908411026000977e-01,-7.671529054641723633e-02,1.087512254714965820e+00,-1.230426728725433350e-01,-2.617999911308288574e-01,-9.493468329310417175e-03,-3.742091730237007141e-02,-2.600979208946228027e-01,4.569380581378936768e-01,-4.290123581886291504e-01,6.057875975966453552e-02,-2.404403872787952423e-02,-6.559276580810546875e-02,2.643320858478546143e-01,-4.210002422332763672e-01,1.895396858453750610e-01,-4.334378242492675781e-02,-2.786069810390472412e-01,1.196045726537704468e-01,-1.579990386962890625e-01,5.883652567863464355e-01,-3.088927567005157471e-01,-2.720721662044525146e-01,1.713542789220809937e-01,-2.349729686975479126e-01,-2.633275985717773438e-01,-3.359117805957794189e-01,-8.431571722030639648e-01
1.665192246437072754e+00,-3.178194046020507812e+00,7.810042500495910645e-01,-4.729110747575759888e-02,-8.284365758299827576e-03,-7.944141030311584473e-01,6.054759621620178223e-01,-4.623470902442932129e-01,2.966612279415130615e-01,-1.371149420738220215e-01,8.342761397361755371e-01,-6.045264378190040588e-02,-2.617999911308288574e-01,7.048253901302814484e-04,-7.132495194673538208e-02,-2.155638039112091064e-01,3.827602565288543701e-01,-3.852209448814392090e-01,9.547217935323715210e-02,-1.511002052575349808e-02,-8.036999404430389404e-02,2.291301190853118896e-01,-5.149327516555786133e-01,1.764083504676818848e-01,-1.377472132444381714e-01,-2.654743194580078125e-01,1.156676486134529114e-01,-1.468501836061477661e-01,5.932558774948120117e-01,-3.823737204074859619e-01,-2.837935686111450195e-01,2.743709683418273926e-01,-2.659651339054107666e-01,-3.139403164386749268e-01,-3.309109210968017578e-01,-7.838345766067504883e-01
1.681013345718383789e+00,-3.182415723800659180e+00,7.824220061302185059e-01,-5.172744393348693848e-02,-1.016834983602166176e-03,-8.036738634109497070e-01,5.928166508674621582e-01,-3.408494889736175537e-01,2.588475346565246582e-01,-2.250700592994689941e-01,6.732776761054992676e-01,-1.345681101083755493e-01,-2.617999911308288574e-01,-1.694572530686855316e-02,-7.319132983684539795e-02,-2.009735852479934692e-01,3.911743760108947754e-01,-3.710256218910217285e-01,1.004569604992866516e-01,-1.920862868428230286e-02,-6.034785881638526917e-02,2.102749198675155640e-01,-6.167906522750854492e-01,1.718679666519165039e-01,-2.557386159896850586e-01,-2.428635358810424805e-01,1.194400340318679810e-01,-1.059073209762573242e-01,5.392656326293945312e-01,-4.676805436611175537e-01,-3.085420131683349609e-01,4.172956943511962891e-01,-2.737609446048736572e-01,-3.901568949222564697e-01,-3.139117062091827393e-01,-6.838089823722839355e-01
1.695616126060485840e+00,-3.187915086746215820e+00,7.812424302101135254e-01,-6.457998603582382202e-02,1.201802957803010941e-02,-8.190717101097106934e-01,5.699180364608764648e-01,-2.234808802604675293e-01,3.079030811786651611e-01,-1.829633712768554688e-01,5.583142042160034180e-01,-2.734887599945068359e-01,-2.617969810962677002e-01,-2.504622749984264374e-02,-4.569263011217117310e-02,-1.653823554515838623e-01,3.928324878215789795e-01,-3.629674017429351807e-01,1.164980903267860413e-01,-1.488053146749734879e-02,-1.337746344506740570e-02,2.096535861492156982e-01,-7.277240753173828125e-01,1.758633404970169067e-01,-3.450334966182708740e-01,-2.169375121593475342e-01,6.725655496120452881e-02,-9.460530430078506470e-02,5.011199712753295898e-01,-5.871500372886657715e-01,-3.463163375854492188e-01,5.904845595359802246e-01,-2.623865306377410889e-01,-4.714992642402648926e-01,-2.819294929504394531e-01,-7.222509384155273438e-01
1.709420323371887207e+00,-3.192245960235595703e+00,7.791393399238586426e-01,-6.652498245239257812e-02,-3.395475214347243309e-03,-8.330945968627929688e-01,5.491049885749816895e-01,-1.535732448101043701e-01,2.854548990726470947e-01,-9.556858241558074951e-02,5.299118757247924805e-01,-3.144973516464233398e-01,-2.145869731903076172e-01,-4.844241216778755188e-02,-8.970420807600021362e-02,-1.144553199410438538e-01,4.566023349761962891e-01,-3.799185156822204590e-01,1.401246935129165649e-01,-1.403222884982824326e-02,-3.164939582347869873e-02,2.338664084672927856e-01,-7.996098399162292480e-01,1.792605221271514893e-01,-3.414603173732757568e-01,-2.056218087673187256e-01,3.393498063087463379e-02,-5.139784142374992371e-02,3.351292908191680908e-01,-6.807690858840942383e-01,-3.611266613006591797e-01,6.719728112220764160e-01,-2.502213120460510254e-01,-5.117698907852172852e-01,-2.239149510860443115e-01,-1.028263211250305176e+00
1.723626255989074707e+00,-3.195289850234985352e+00,7.722265720367431641e-01,-6.567108631134033203e-02,-1.850566267967224121e-02,-8.370226025581359863e-01,5.428977608680725098e-01,-1.729215383529663086e-01,2.318196147680282593e-01,-8.680047094821929932e-02,6.172769665718078613e-01,-3.512218296527862549e-01,-1.853300780057907104e-01,-9.807845205068588257e-02,-1.452968418598175049e-01,-8.396084606647491455e-02,5.706912279129028320e-01,-4.112794697284698486e-01,1.573196947574615479e-01,-3.584000840783119202e-02,-7.123138755559921265e-02,2.589348554611206055e-01,-8.595954775810241699e-01,2.114608138799667358e-01,-3.524751663208007812e-01,-1.869586706161499023e-01,5.682072788476943970e-02,-2.706830203533172607e-02,2.663021087646484375e-01,-6.941877007484436035e-01,-3.485998809337615967e-01,6.210390329360961914e-01,-2.413257956504821777e-01,-5.249862074851989746e-01,-2.418010681867599487e-01,-9.981704354286193848e-01
1.737774014472961426e+00,-3.199449539184570312e+00,7.631626129150390625e-01,-6.014617159962654114e-02,-2.472917549312114716e-02,-8.369607329368591309e-01,5.433853268623352051e-01,-2.346566170454025269e-01,1.952029615640640259e-01,-7.291814684867858887e-02,7.331787943840026855e-01,-3.899904191493988037e-01,-1.649142354726791382e-01,-1.698227673768997192e-01,-1.925737410783767700e-01,-6.500180065631866455e-02,6.940709352493286133e-01,-4.260368645191192627e-01,1.695523113012313843e-01,-5.116036534309387207e-02,-1.043615788221359253e-01,2.564409971237182617e-01,-8.962113857269287109e-01,2.493146955966949463e-01,-3.886343836784362793e-01,-1.562326103448867798e-01,1.017396450042724609e-01,-3.547711297869682312e-02,3.317256569862365723e-01,-6.424459815025329590e-01,-3.454340398311614990e-01,5.186524987220764160e-01,-2.284517884254455566e-01,-5.183541774749755859e-01,-2.865598201751708984e-01,-8.685226440429687500e-01
1.750609397888183594e+00,-3.203689575195312500e+00,7.542524933815002441e-01,-5.770152434706687927e-02,-2.592602558434009552e-02,-8.369525671005249023e-01,5.436071753501892090e-01,-2.840884029865264893e-01,1.841749697923660278e-01,-4.706588760018348694e-02,8.263048529624938965e-01,-4.329023361206054688e-01,-1.496451944112777710e-01,-2.462799102067947388e-01,-2.310265898704528809e-01,-5.990396440029144287e-02,8.198946118354797363e-01,-4.100280106067657471e-01,1.818445771932601929e-01,-5.768286064267158508e-02,-1.170867830514907837e-01,2.504997253417968750e-01,-9.083403944969177246e-01,2.897434234619140625e-01,-4.282079637050628662e-01,-1.146057844161987305e-01,2.189636826515197754e-01,-2.012918703258037567e-02,3.940802812576293945e-01,-5.714220404624938965e-01,-3.597201108932495117e-01,4.245758056640625000e-01,-2.145733386278152466e-01,-4.537567496299743652e-01,-3.197288215160369873e-01,-8.150942921638488770e-01
1.764078855514526367e+00,-3.209138154983520508e+00,7.515322566032409668e-01,-5.510347709059715271e-02,-2.882637456059455872e-02,-8.386352658271789551e-01,5.411317348480224609e-01,-2.583910226821899414e-01,1.738104373216629028e-01,7.509502465836703777e-04,7.935020327568054199e-01,-4.519500136375427246e-01,-1.272386610507965088e-01,-3.002517819404602051e-01,-2.723144292831420898e-01,-4.655339568853378296e-02,8.832297325134277344e-01,-3.085198402404785156e-01,2.085165381431579590e-01,-6.308028846979141235e-02,-1.328328698873519897e-01,2.402358949184417725e-01,-8.892703056335449219e-01,3.404379189014434814e-01,-4.622069597244262695e-01,-6.178378313779830933e-02,3.776060640811920166e-01,-7.362376432865858078e-03,4.184036254882812500e-01,-5.032120347023010254e-01,-3.907640874385833740e-01,3.807994127273559570e-01,-1.973091512918472290e-01,-3.799854218959808350e-01,-3.064957261085510254e-01,-8.610880970954895020e-01
1.778280138969421387e+00,-3.214097738265991211e+00,7.438462972640991211e-01,-5.426327139139175415e-02,-3.701435402035713196e-02,-8.394808769226074219e-01,5.394045710563659668e-01,-2.635192275047302246e-01,1.401764601469039917e-01,2.013002894818782806e-02,8.280377984046936035e-01,-4.728904366493225098e-01,-1.093695312738418579e-01,-4.218952357769012451e-01,-3.142929375171661377e-01,1.940742693841457367e-02,1.046331882476806641e+00,-1.775264143943786621e-01,2.614505290985107422e-01,-5.995233356952667236e-02,-1.556507796049118042e-01,2.436555176973342896e-01,-8.493176698684692383e-01,3.937288820743560791e-01,-4.966407120227813721e-01,-2.656912058591842651e-02,4.849736392498016357e-01,1.394851133227348328e-02,4.031645953655242920e-01,-4.209142327308654785e-01,-4.445109069347381592e-01,3.611168563365936279e-01,-1.844348907470703125e-01,-2.860245108604431152e-01,-2.827660739421844482e-01,-8.648276925086975098e-01
1.789354681968688965e+00,-3.217754840850830078e+00,7.393555641174316406e-01,-5.411167442798614502e-02,-3.129884228110313416e-02,-8.428328633308410645e-01,5.345325469970703125e-01,-2.762753367424011230e-01,1.340330243110656738e-01,1.999882608652114868e-02,8.432446718215942383e-01,-4.792467951774597168e-01,-1.063764095306396484e-01,-5.475592613220214844e-01,-3.320869803428649902e-01,4.626957699656486511e-02,1.168835282325744629e+00,-3.451671823859214783e-02,2.617999911308288574e-01,-4.083341732621192932e-02,-1.567870825529098511e-01,2.413245737552642822e-01,-7.689869403839111328e-01,4.547174870967864990e-01,-5.409020185470581055e-01,-1.295029371976852417e-02,4.500685632228851318e-01,1.076928060501813889e-02,3.485980927944183350e-01,-3.061082363128662109e-01,-4.978917539119720459e-01,3.418459296226501465e-01,-1.755024343729019165e-01,-2.723726332187652588e-01,-2.746192216873168945e-01,-8.178060054779052734e-01
1.797305583953857422e+00,-3.220081567764282227e+00,7.403742671012878418e-01,-5.333884432911872864e-02,-2.104276977479457855e-02,-8.455836176872253418e-01,5.307546257972717285e-01,-2.872271835803985596e-01,1.446598619222640991e-01,2.492911368608474731e-02,8.372651934623718262e-01,-4.766900539398193359e-01,-1.032219752669334412e-01,-6.416423916816711426e-01,-3.566991090774536133e-01,3.265279904007911682e-02,1.228569865226745605e+00,8.732614666223526001e-02,2.617999911308288574e-01,-1.484579592943191528e-02,-1.404296159744262695e-01,2.382815927267074585e-01,-6.378192901611328125e-01,5.164200067520141602e-01,-5.755983591079711914e-01,-3.368249535560607910e-02,3.964354693889617920e-01,-2.164597390219569206e-03,2.929618358612060547e-01,-1.609623432159423828e-01,-5.392268896102905273e-01,3.187141120433807373e-01,-1.610594391822814941e-01,-3.342588543891906738e-01,-2.719059288501739502e-01,-7.282408475875854492e-01
1.805432915687561035e+00,-3.221675395965576172e+00,7.461652755737304688e-01,-4.956923425197601318e-02,-1.223851088434457779e-02,-8.488885760307312012e-01,5.261000990867614746e-01,-2.925671637058258057e-01,1.497572958469390869e-01,3.902060166001319885e-02,8.102239966392517090e-01,-4.639352560043334961e-01,-9.229147434234619141e-02,-7.043432593345642090e-01,-4.056227207183837891e-01,-1.290222071111202240e-02,1.244018912315368652e+00,1.584589481353759766e-01,2.617999911308288574e-01,4.016203805804252625e-03,-1.265604048967361450e-01,2.310184389352798462e-01,-4.505786299705505371e-01,5.745093822479248047e-01,-5.883178114891052246e-01,-5.834623798727989197e-02,3.976148664951324463e-01,-2.102585136890411377e-02,2.758482396602630615e-01,-1.318339258432388306e-02,-5.683941841125488281e-01,3.282667696475982666e-01,-1.287933290004730225e-01,-3.748694360256195068e-01,-2.652414143085479736e-01,-6.541755199432373047e-01
1.813452959060668945e+00,-3.224254846572875977e+00,7.540086507797241211e-01,-3.927383571863174438e-02,-1.470283977687358856e-02,-8.495411872863769531e-01,5.258527994155883789e-01,-2.859094142913818359e-01,1.204844340682029724e-01,6.209704279899597168e-02,7.624647617340087891e-01,-4.450438618659973145e-01,-7.199487090110778809e-02,-7.341717481613159180e-01,-4.752250909805297852e-01,-4.563719406723976135e-02,1.225700378417968750e+00,1.230393201112747192e-01,2.617999911308288574e-01,-2.808505902066826820e-03,-1.413415670394897461e-01,2.249922454357147217e-01,-2.078299075365066528e-01,6.141460537910461426e-01,-5.539096593856811523e-01,-7.225925475358963013e-02,3.707094490528106689e-01,-2.328829094767570496e-02,2.599806785583496094e-01,1.153653338551521301e-01,-5.728873014450073242e-01,3.680602908134460449e-01,-6.710042804479598999e-02,-3.637690544128417969e-01,-2.526915967464447021e-01,-6.006706357002258301e-01
1.818697333335876465e+00,-3.227240800857543945e+00,7.647557854652404785e-01,-2.632242068648338318e-02,-1.797051727771759033e-02,-8.500416874885559082e-01,5.257502198219299316e-01,-2.679696381092071533e-01,9.129478037357330322e-02,9.052018821239471436e-02,6.899761557579040527e-01,-4.230224490165710449e-01,-5.552071705460548401e-02,-7.145978212356567383e-01,-5.487411618232727051e-01,-1.231803819537162781e-01,1.154754638671875000e+00,3.365525975823402405e-03,2.504011690616607666e-01,-1.919624395668506622e-02,-1.619787514209747314e-01,2.149348706007003784e-01,6.514796614646911621e-02,6.110683083534240723e-01,-4.745403826236724854e-01,-6.929369270801544189e-02,3.104189038276672363e-01,-2.058310061693191528e-02,2.434216141700744629e-01,2.310098260641098022e-01,-5.504828691482543945e-01,3.925810158252716064e-01,1.709405332803726196e-03,-3.661687374114990234e-01,-2.273841351270675659e-01,-5.314006805419921875e-01
1.820425391197204590e+00,-3.229624986648559570e+00,7.763557434082031250e-01,-1.496876217424869537e-02,-1.335634570568799973e-02,-8.535978198051452637e-01,5.205461978912353516e-01,-2.476953119039535522e-01,8.530945330858230591e-02,1.122605875134468079e-01,6.079500317573547363e-01,-4.059548377990722656e-01,-5.524690449237823486e-02,-6.554297804832458496e-01,-5.698647499084472656e-01,-2.519398033618927002e-01,1.016921281814575195e+00,-4.891395196318626404e-02,1.543800085783004761e-01,-2.565805055201053619e-02,-1.711822301149368286e-01,1.986583620309829712e-01,3.290706872940063477e-01,5.682539343833923340e-01,-3.616604208946228027e-01,-6.930251419544219971e-02,3.081609308719635010e-01,-3.185921907424926758e-02,2.513684630393981934e-01,3.339564204216003418e-01,-5.006309747695922852e-01,3.899305164813995361e-01,7.756099849939346313e-02,-4.244739711284637451e-01,-2.154423445463180542e-01,-4.997516274452209473e-01
1.820319771766662598e+00,-3.231999635696411133e+00,7.867732644081115723e-01,-1.640334911644458771e-02,2.279463456943631172e-03,-8.571132421493530273e-01,5.148617625236511230e-01,-2.183105796575546265e-01,1.166461855173110962e-01,1.147487610578536987e-01,5.337009429931640625e-01,-3.966917097568511963e-01,-6.003078445792198181e-02,-5.291941165924072266e-01,-4.959855675697326660e-01,-3.893314003944396973e-01,7.752801775932312012e-01,3.608659244491718709e-05,1.126227602362632751e-01,-2.305400557816028595e-02,-1.479693651199340820e-01,1.896033287048339844e-01,5.624666213989257812e-01,4.864902198314666748e-01,-2.354003787040710449e-01,-8.655936270952224731e-02,3.260897994041442871e-01,-5.238037556409835815e-02,2.335142344236373901e-01,4.301168918609619141e-01,-4.318438172340393066e-01,3.575779795646667480e-01,1.377811878919601440e-01,-4.276376664638519287e-01,-2.087302505970001221e-01,-4.683926105499267578e-01
1.818897008895874023e+00,-3.233383893966674805e+00,7.866633534431457520e-01,-1.911482401192188263e-02,-4.557016654871404171e-04,-8.590844869613647461e-01,5.114765763282775879e-01,-2.284253537654876709e-01,1.202891841530799866e-01,1.157111153006553650e-01,5.712369680404663086e-01,-3.976085782051086426e-01,-6.217006593942642212e-02,-4.264285862445831299e-01,-4.313565790653228760e-01,-4.576544165611267090e-01,5.407905578613281250e-01,1.249928548932075500e-01,1.160910651087760925e-01,-7.300376892089843750e-03,-1.441857814788818359e-01,1.878265291452407837e-01,7.432306408882141113e-01,3.974472582340240479e-01,-1.618606299161911011e-01,-1.049789190292358398e-01,2.700507044792175293e-01,-6.772753596305847168e-02,2.325939387083053589e-01,5.345264673233032227e-01,-3.577559292316436768e-01,2.843360900878906250e-01,1.687688231468200684e-01,-3.856017887592315674e-01,-1.939102709293365479e-01,-4.180172979831695557e-01
1.817937493324279785e+00,-3.235741138458251953e+00,7.883598804473876953e-01,-1.532271876931190491e-02,4.807590041309595108e-03,-8.566998839378356934e-01,5.155651569366455078e-01,-2.362003177404403687e-01,1.194750070571899414e-01,1.028863787651062012e-01,5.615431666374206543e-01,-3.982171714305877686e-01,-6.575820595026016235e-02,-2.959758043289184570e-01,-3.456880152225494385e-01,-5.445824265480041504e-01,2.699642777442932129e-01,1.208213865756988525e-01,4.710332304239273071e-02,-7.422038353979587555e-03,-1.451483964920043945e-01,1.655874252319335938e-01,8.561072945594787598e-01,3.287667334079742432e-01,-1.150363013148307800e-01,-1.351120620965957642e-01,1.890630871057510376e-01,-6.843587011098861694e-02,2.528698742389678955e-01,6.113087534904479980e-01,-2.703800201416015625e-01,2.039257287979125977e-01,1.776382923126220703e-01,-3.508749604225158691e-01,-1.970798373222351074e-01,-4.087583124637603760e-01
1.818177819252014160e+00,-3.237834215164184570e+00,7.910347580909729004e-01,-1.225432474166154861e-02,1.021891739219427109e-02,-8.511270880699157715e-01,5.247171521186828613e-01,-2.300947308540344238e-01,1.142461001873016357e-01,8.419816195964813232e-02,5.286134481430053711e-01,-4.032747149467468262e-01,-7.173218578100204468e-02,-2.113714069128036499e-01,-2.957188785076141357e-01,-5.596306324005126953e-01,1.139378249645233154e-01,7.442104071378707886e-02,1.119465455412864685e-01,-1.369828917086124420e-02,-1.601212173700332642e-01,1.614019274711608887e-01,8.847585320472717285e-01,2.910637259483337402e-01,-6.650268286466598511e-02,-1.727280765771865845e-01,2.084899097681045532e-01,-8.170203864574432373e-02,2.501625716686248779e-01,6.351430416107177734e-01,-1.756785660982131958e-01,1.258354336023330688e-01,1.768769174814224243e-01,-3.671647906303405762e-01,-1.996997594833374023e-01,-3.964566588401794434e-01
1.824869036674499512e+00,-3.236865758895874023e+00,7.843757271766662598e-01,-2.673211880028247833e-02,3.974062390625476837e-03,-8.452855348587036133e-01,5.336309671401977539e-01,-2.636149823665618896e-01,1.062485575675964355e-01,6.575471162796020508e-02,6.293770074844360352e-01,-3.967416882514953613e-01,-4.439350590109825134e-02,-1.628520488739013672e-01,-3.005639314651489258e-01,-5.997163057327270508e-01,7.214138656854629517e-02,1.430064737796783447e-01,7.518119364976882935e-02,-1.710136234760284424e-02,-1.463699638843536377e-01,1.794549375772476196e-01,8.603850007057189941e-01,2.590018808841705322e-01,-5.506034940481185913e-02,-1.891185343265533447e-01,2.430815100669860840e-01,-9.448800981044769287e-02,2.560105025768280029e-01,6.294840574264526367e-01,-1.272075921297073364e-01,5.734713748097419739e-02,1.898862570524215698e-01,-3.544583022594451904e-01,-1.968212872743606567e-01,-3.989531099796295166e-01
1.834345936775207520e+00,-3.238560199737548828e+00,7.782126665115356445e-01,-3.851987048983573914e-02,4.206993151456117630e-03,-8.471298217773437500e-01,5.299712419509887695e-01,-2.783875763416290283e-01,1.115697473287582397e-01,6.942775100469589233e-02,7.014317512512207031e-01,-4.238745570182800293e-01,-2.005294337868690491e-02,-1.807838827371597290e-01,-3.206938803195953369e-01,-5.858781337738037109e-01,1.483844965696334839e-01,1.208610162138938904e-01,8.405887335538864136e-02,-1.189702190458774567e-02,-1.158359870314598083e-01,1.986060589551925659e-01,7.616847753524780273e-01,2.097942829132080078e-01,-4.393247514963150024e-02,-1.591142117977142334e-01,2.699504494667053223e-01,-1.058494821190834045e-01,2.612000405788421631e-01,5.587853193283081055e-01,-1.479871869087219238e-01,4.838557168841362000e-02,2.173238694667816162e-01,-3.350377976894378662e-01,-1.826202571392059326e-01,-4.343665242195129395e-01
1.842372417449951172e+00,-3.243016004562377930e+00,7.730253338813781738e-01,-4.271849989891052246e-02,4.356906283646821976e-03,-8.556926250457763672e-01,5.156998038291931152e-01,-2.526699304580688477e-01,1.177378371357917786e-01,9.924378991127014160e-02,7.014628648757934570e-01,-4.611852169036865234e-01,-1.458089519292116165e-02,-2.350251972675323486e-01,-3.397109210491180420e-01,-5.198107957839965820e-01,2.571816146373748779e-01,6.016715615987777710e-02,1.067529767751693726e-01,7.256070617586374283e-03,-9.686144441366195679e-02,2.112531363964080811e-01,6.010760068893432617e-01,1.693509072065353394e-01,-3.700793161988258362e-02,-9.190656989812850952e-02,3.399804234504699707e-01,-8.563369512557983398e-02,2.902014553546905518e-01,4.567508101463317871e-01,-2.099905610084533691e-01,8.688405156135559082e-02,2.357772141695022583e-01,-3.867175877094268799e-01,-1.582347601652145386e-01,-4.691364169120788574e-01
1.850592494010925293e+00,-3.247540473937988281e+00,7.629943490028381348e-01,-5.151160806417465210e-02,-6.779201794415712357e-03,-8.664531111717224121e-01,4.965476393699645996e-01,-2.277030050754547119e-01,1.157004311680793762e-01,1.435427516698837280e-01,7.428508996963500977e-01,-4.959702491760253906e-01,-1.232852414250373840e-02,-3.284185528755187988e-01,-4.004568159580230713e-01,-4.534913003444671631e-01,4.470502138137817383e-01,6.217442080378532410e-02,1.184355914592742920e-01,3.917542845010757446e-02,-9.279501438140869141e-02,2.308365553617477417e-01,4.221833050251007080e-01,1.627972573041915894e-01,-4.364103078842163086e-02,-2.695333771407604218e-02,3.898736834526062012e-01,-7.450745999813079834e-02,3.273740708827972412e-01,3.463343679904937744e-01,-2.950097024440765381e-01,1.335454732179641724e-01,2.152535915374755859e-01,-4.195063412189483643e-01,-1.552878022193908691e-01,-4.863259792327880859e-01
1.858325719833374023e+00,-3.249652385711669922e+00,7.511788606643676758e-01,-4.430373385548591614e-02,-2.562327124178409576e-02,-8.774471282958984375e-01,4.769352078437805176e-01,-2.296642363071441650e-01,9.387668967247009277e-02,2.145029306411743164e-01,7.891938686370849609e-01,-5.314557552337646484e-01,-1.539574749767780304e-02,-5.081782341003417969e-01,-5.018511414527893066e-01,-3.509233295917510986e-01,6.932507157325744629e-01,1.040516942739486694e-01,1.702019423246383667e-01,6.734331697225570679e-02,-1.316349208354949951e-01,2.303719818592071533e-01,2.490092962980270386e-01,1.970309764146804810e-01,-3.200576454401016235e-02,-2.285302802920341492e-02,4.130318760871887207e-01,-9.452954679727554321e-02,3.872569501399993896e-01,2.239422798156738281e-01,-3.770304620265960693e-01,1.379248499870300293e-01,1.105246171355247498e-01,-4.471250474452972412e-01,-1.740474551916122437e-01,-4.621553719043731689e-01
1.864677429199218750e+00,-3.248344182968139648e+00,7.384779453277587891e-01,-4.864005371928215027e-02,-3.554927930235862732e-02,-8.752651810646057129e-01,4.798762798309326172e-01,-2.498982846736907959e-01,8.560941368341445923e-02,2.282774001359939575e-01,8.591445088386535645e-01,-5.544801950454711914e-01,-9.410635568201541901e-03,-6.147614717483520508e-01,-5.719198584556579590e-01,-2.812306880950927734e-01,8.418210744857788086e-01,1.937865912914276123e-01,2.409119307994842529e-01,5.416545271873474121e-02,-1.514756232500076294e-01,2.442718446254730225e-01,7.277567684650421143e-02,2.633908390998840332e-01,8.568979799747467041e-03,-1.130511462688446045e-01,3.304694592952728271e-01,-1.142749488353729248e-01,3.885483741760253906e-01,8.144275099039077759e-02,-4.293719828128814697e-01,9.466107189655303955e-02,-3.799413144588470459e-02,-4.479865133762359619e-01,-2.236947864294052124e-01,-4.592300057411193848e-01
1.869491696357727051e+00,-3.246385335922241211e+00,7.277941107749938965e-01,-5.777118727564811707e-02,-3.794820979237556458e-02,-8.715159893035888672e-01,4.854712486267089844e-01,-2.698200941085815430e-01,9.199047088623046875e-02,2.237199544906616211e-01,9.247071743011474609e-01,-5.716360211372375488e-01,2.950424823211506009e-05,-6.830216646194458008e-01,-6.202869415283203125e-01,-2.519417405128479004e-01,9.349808096885681152e-01,3.007460236549377441e-01,2.617979943752288818e-01,5.045530945062637329e-02,-1.511357873678207397e-01,2.595085501670837402e-01,-1.500741988420486450e-01,3.306016325950622559e-01,4.097777605056762695e-02,-2.160037308931350708e-01,2.499352544546127319e-01,-1.341689378023147583e-01,4.139651954174041748e-01,-8.757448196411132812e-02,-4.597733020782470703e-01,1.054737251251935959e-02,-1.900191605091094971e-01,-4.287873804569244385e-01,-2.523520290851593018e-01,-4.953134655952453613e-01
1.872095227241516113e+00,-3.244492769241333008e+00,7.189233899116516113e-01,-6.329593807458877563e-02,-3.625020012259483337e-02,-8.703060746192932129e-01,4.870799779891967773e-01,-2.944417893886566162e-01,1.020680218935012817e-01,2.157949805259704590e-01,9.821998476982116699e-01,-5.891574621200561523e-01,9.350922890007495880e-03,-7.344457507133483887e-01,-6.547012925148010254e-01,-2.493481487035751343e-01,9.957251548767089844e-01,3.740693032741546631e-01,2.617999911308288574e-01,5.788271501660346985e-02,-1.442604660987854004e-01,2.555240690708160400e-01,-4.082318246364593506e-01,3.824383616447448730e-01,6.588876247406005859e-02,-2.860406637191772461e-01,2.457512170076370239e-01,-1.653222888708114624e-01,4.432295262813568115e-01,-2.890443205833435059e-01,-4.939603805541992188e-01,-5.995624512434005737e-02,-3.031877577304840088e-01,-3.403545022010803223e-01,-2.710040509700775146e-01,-5.357428789138793945e-01
1.872675776481628418e+00,-3.244344949722290039e+00,7.123649120330810547e-01,-6.737239658832550049e-02,-3.684164956212043762e-02,-8.710948228836059570e-01,4.850746691226959229e-01,-3.047919869422912598e-01,1.073724329471588135e-01,2.134478241205215454e-01,1.023147344589233398e+00,-6.078044176101684570e-01,1.541785802692174911e-02,-7.694946527481079102e-01,-6.720532178878784180e-01,-2.402530461549758911e-01,1.036868691444396973e+00,4.146354794502258301e-01,2.617999911308288574e-01,6.512625515460968018e-02,-1.429706662893295288e-01,2.464490234851837158e-01,-6.520128846168518066e-01,4.192962646484375000e-01,6.503872573375701904e-02,-3.100356757640838623e-01,2.948372066020965576e-01,-1.819045245647430420e-01,5.278154611587524414e-01,-5.064598321914672852e-01,-5.205128192901611328e-01,-9.910456091165542603e-02,-3.638399243354797363e-01,-3.224460780620574951e-01,-2.808632552623748779e-01,-5.947573781013488770e-01
1.871619582176208496e+00,-3.244690179824829102e+00,7.086665034294128418e-01,-7.273874431848526001e-02,-4.027147963643074036e-02,-8.719518780708312988e-01,4.824802577495574951e-01,-3.069064617156982422e-01,1.098625510931015015e-01,2.118541300296783447e-01,1.062489509582519531e+00,-6.281044483184814453e-01,2.241745404899120331e-02,-7.839431166648864746e-01,-6.802678108215332031e-01,-2.305333018302917480e-01,1.064022898674011230e+00,4.381119012832641602e-01,2.617999911308288574e-01,6.274454295635223389e-02,-1.443802863359451294e-01,2.520833611488342285e-01,-8.471426963806152344e-01,4.484682977199554443e-01,6.570398062467575073e-02,-3.201778829097747803e-01,2.950852513313293457e-01,-1.833682060241699219e-01,5.399987697601318359e-01,-7.108131647109985352e-01,-5.243969559669494629e-01,-9.955377131700515747e-02,-3.924445807933807373e-01,-3.591622412204742432e-01,-2.849205434322357178e-01,-6.255117058753967285e-01
1.869038462638854980e+00,-3.244866609573364258e+00,7.126181721687316895e-01,-7.556977868080139160e-02,-3.370141610503196716e-02,-8.719577789306640625e-01,4.825381338596343994e-01,-2.926920354366302490e-01,1.232712641358375549e-01,2.003378868103027344e-01,1.034087181091308594e+00,-6.190826892852783203e-01,1.613598503172397614e-02,-7.484066486358642578e-01,-6.643902063369750977e-01,-2.671258151531219482e-01,1.037594199180603027e+00,4.444742500782012939e-01,2.617999911308288574e-01,5.421736836433410645e-02,-1.293572187423706055e-01,2.391294091939926147e-01,-9.863843321800231934e-01,4.670656621456146240e-01,5.837525054812431335e-02,-3.138011693954467773e-01,2.559348940849304199e-01,-1.785312443971633911e-01,5.061529278755187988e-01,-8.615980744361877441e-01,-5.089587569236755371e-01,-6.199306994676589966e-02,-4.119824469089508057e-01,-3.646146953105926514e-01,-2.994615733623504639e-01,-6.157276630401611328e-01
1.865467309951782227e+00,-3.245243549346923828e+00,7.186893820762634277e-01,-7.849364727735519409e-02,-3.020530007779598236e-02,-8.725260496139526367e-01,4.812739789485931396e-01,-2.800736725330352783e-01,1.365295201539993286e-01,1.956997066736221313e-01,1.018856644630432129e+00,-6.162986159324645996e-01,1.352939754724502563e-02,-7.092586159706115723e-01,-6.391360163688659668e-01,-2.899748086929321289e-01,1.008019685745239258e+00,4.322043061256408691e-01,2.617999911308288574e-01,5.467515066266059875e-02,-1.178533583879470825e-01,2.283944040536880493e-01,-1.082353591918945312e+00,4.735759794712066650e-01,1.848136074841022491e-02,-2.992674112319946289e-01,2.536439001560211182e-01,-1.777393817901611328e-01,5.269582271575927734e-01,-9.648298025131225586e-01,-4.877636134624481201e-01,7.999656721949577332e-03,-4.190804362297058105e-01,-3.493087291717529297e-01,-3.063159883022308350e-01,-6.259325742721557617e-01
1.860827326774597168e+00,-3.247215032577514648e+00,7.296566367149353027e-01,-8.908148854970932007e-02,-2.401523850858211517e-02,-8.737205862998962402e-01,4.775982201099395752e-01,-2.272234708070755005e-01,1.601265817880630493e-01,1.892400830984115601e-01,9.552248716354370117e-01,-5.966534614562988281e-01,6.043632165528833866e-04,-6.121263504028320312e-01,-5.854373574256896973e-01,-3.441384434700012207e-01,9.355677962303161621e-01,3.826888203620910645e-01,2.617999911308288574e-01,5.888671055436134338e-02,-9.634634852409362793e-02,2.235367894172668457e-01,-1.143155336380004883e+00,4.628773927688598633e-01,-2.928692474961280823e-02,-2.789536714553833008e-01,2.743685543537139893e-01,-1.859251409769058228e-01,5.552792549133300781e-01,-1.031062483787536621e+00,-4.490299224853515625e-01,9.351017326116561890e-02,-3.999508321285247803e-01,-3.425450325012207031e-01,-3.042359054088592529e-01,-6.425909399986267090e-01
1.853878974914550781e+00,-3.250336170196533203e+00,7.395625114440917969e-01,-1.015096008777618408e-01,-2.216212451457977295e-02,-8.762679100036621094e-01,4.704882800579071045e-01,-1.655272990465164185e-01,1.836140006780624390e-01,1.926189363002777100e-01,9.052470922470092773e-01,-5.920938849449157715e-01,-1.333346404135227203e-02,-4.959324300289154053e-01,-5.218457579612731934e-01,-4.004394710063934326e-01,8.498936295509338379e-01,2.731292247772216797e-01,2.399243563413619995e-01,6.723447144031524658e-02,-7.818368077278137207e-02,2.247974276542663574e-01,-1.189673781394958496e+00,4.439635276794433594e-01,-9.543478488922119141e-02,-2.625618875026702881e-01,2.592633068561553955e-01,-1.723048835992813110e-01,5.686737895011901855e-01,-1.079721093177795410e+00,-4.166284203529357910e-01,2.052963823080062866e-01,-3.540521860122680664e-01,-3.691685795783996582e-01,-3.064710199832916260e-01,-6.652215123176574707e-01
1.844314813613891602e+00,-3.253659486770629883e+00,7.469493150711059570e-01,-1.150173172354698181e-01,-2.133055031299591064e-02,-8.811331391334533691e-01,4.581707715988159180e-01,-1.009228304028511047e-01,2.148696929216384888e-01,2.061584889888763428e-01,8.689100146293640137e-01,-5.949265360832214355e-01,-2.984710969030857086e-02,-3.552629947662353516e-01,-4.344526827335357666e-01,-4.670995473861694336e-01,7.209850549697875977e-01,1.152570247650146484e-01,1.539486795663833618e-01,7.935399562120437622e-02,-6.241873279213905334e-02,2.257692515850067139e-01,-1.233239531517028809e+00,4.278080463409423828e-01,-1.953040361404418945e-01,-2.392789721488952637e-01,1.943344175815582275e-01,-1.555205136537551880e-01,6.038735508918762207e-01,-1.126429557800292969e+00,-3.924180567264556885e-01,3.409379720687866211e-01,-2.944374084472656250e-01,-3.533030748367309570e-01,-2.964977324008941650e-01,-6.343216300010681152e-01
1.835973620414733887e+00,-3.256785154342651367e+00,7.522246837615966797e-01,-1.250017583370208740e-01,-2.280513755977153778e-02,-8.829017877578735352e-01,4.520386755466461182e-01,-5.059564113616943359e-02,2.295130342245101929e-01,2.112722992897033691e-01,8.407326936721801758e-01,-5.964988470077514648e-01,-3.962679952383041382e-02,-2.088314741849899292e-01,-3.431681394577026367e-01,-5.076434612274169922e-01,5.445276498794555664e-01,-3.669460490345954895e-02,9.771765768527984619e-02,7.602158933877944946e-02,-6.232316046953201294e-02,2.245676964521408081e-01,-1.270228862762451172e+00,4.118398427963256836e-01,-2.691961228847503662e-01,-2.083568125963211060e-01,1.488623768091201782e-01,-1.342018991708755493e-01,5.870298147201538086e-01,-1.177933573722839355e+00,-3.766854107379913330e-01,4.656569659709930420e-01,-2.253883630037307739e-01,-3.230543434619903564e-01,-3.284034132957458496e-01,-7.716264128684997559e-01
1.831143856048583984e+00,-3.259009599685668945e+00,7.583227753639221191e-01,-1.331180334091186523e-01,-2.220386452972888947e-02,-8.804312944412231445e-01,4.545627534389495850e-01,-1.854606904089450836e-02,2.316788733005523682e-01,1.961721628904342651e-01,8.115352988243103027e-01,-5.876976847648620605e-01,-3.336033970117568970e-02,-1.056943386793136597e-01,-2.783288359642028809e-01,-5.274887084960937500e-01,3.988101780414581299e-01,-7.752972841262817383e-02,7.313745468854904175e-02,5.844382941722869873e-02,-7.064850628376007080e-02,2.215264290571212769e-01,-1.278829932212829590e+00,3.967362642288208008e-01,-2.640866339206695557e-01,-1.871588230133056641e-01,1.648532152175903320e-01,-1.209106817841529846e-01,5.192176699638366699e-01,-1.175635457038879395e+00,-3.605526089668273926e-01,4.397997260093688965e-01,-2.080230712890625000e-01,-2.942579984664916992e-01,-3.315700590610504150e-01,-8.165245056152343750e-01
1.829513788223266602e+00,-3.260796070098876953e+00,7.605036497116088867e-01,-1.440230160951614380e-01,-2.417235635221004486e-02,-8.740360736846923828e-01,4.633940458297729492e-01,6.752424873411655426e-03,2.240337729454040527e-01,1.680724322795867920e-01,7.969458103179931641e-01,-5.769201517105102539e-01,-1.116052549332380295e-02,-6.574459373950958252e-02,-2.708510756492614746e-01,-5.386592745780944824e-01,3.790691792964935303e-01,-4.252805188298225403e-02,5.858063697814941406e-02,3.934011608362197876e-02,-8.049148321151733398e-02,2.305735796689987183e-01,-1.284782648086547852e+00,3.911887109279632568e-01,-2.792250812053680420e-01,-1.759297102689743042e-01,1.732102185487747192e-01,-9.925045818090438843e-02,5.763629674911499023e-01,-1.153860449790954590e+00,-3.685615062713623047e-01,4.051748216152191162e-01,-2.127286046743392944e-01,-2.663415968418121338e-01,-3.083751201629638672e-01,-7.027165889739990234e-01
1.827845215797424316e+00,-3.262573480606079102e+00,7.543241977691650391e-01,-1.464507430791854858e-01,-3.014807589352130890e-02,-8.701192140579223633e-01,4.696123898029327393e-01,2.949922578409314156e-03,2.084778249263763428e-01,1.495024114847183228e-01,8.268112540245056152e-01,-5.870988368988037109e-01,-3.980020526796579361e-03,-9.384043514728546143e-02,-3.139946162700653076e-01,-5.315718054771423340e-01,4.817110896110534668e-01,-7.276655733585357666e-02,5.657215788960456848e-02,2.660246752202510834e-02,-8.958577364683151245e-02,2.295039445161819458e-01,-1.274990320205688477e+00,3.993019163608551025e-01,-2.867859601974487305e-01,-1.816720366477966309e-01,1.931282430887222290e-01,-9.841306507587432861e-02,5.827648639678955078e-01,-1.156033754348754883e+00,-4.084594845771789551e-01,4.273774325847625732e-01,-2.134266346693038940e-01,-2.264872640371322632e-01,-3.200484514236450195e-01,-6.430580019950866699e-01
1.827320933341979980e+00,-3.263974189758300781e+00,7.457764148712158203e-01,-1.405039131641387939e-01,-3.115477599203586578e-02,-8.702225685119628906e-01,4.711694717407226562e-01,-2.808683179318904877e-02,2.014932632446289062e-01,1.433774381875991821e-01,8.746873736381530762e-01,-6.083396077156066895e-01,-9.447882883250713348e-03,-1.728962212800979614e-01,-3.677376806735992432e-01,-5.063894987106323242e-01,6.221377253532409668e-01,-7.973358780145645142e-02,7.814221084117889404e-02,2.191825956106185913e-02,-9.568212926387786865e-02,2.132325023412704468e-01,-1.267297148704528809e+00,4.238759577274322510e-01,-2.803267240524291992e-01,-1.965378671884536743e-01,2.231450825929641724e-01,-9.823906421661376953e-02,5.716066360473632812e-01,-1.161165118217468262e+00,-4.631245434284210205e-01,4.400235712528228760e-01,-2.212361544370651245e-01,-2.218647301197052002e-01,-3.328027725219726562e-01,-6.133443713188171387e-01
1.828532218933105469e+00,-3.264786481857299805e+00,7.374190688133239746e-01,-1.334307640790939331e-01,-3.433107584714889526e-02,-8.714140653610229492e-01,4.708026051521301270e-01,-5.641600117087364197e-02,1.961748152971267700e-01,1.555771827697753906e-01,9.187508225440979004e-01,-6.290758848190307617e-01,-1.503310166299343109e-02,-2.702264189720153809e-01,-4.271965920925140381e-01,-4.623319804668426514e-01,7.644090652465820312e-01,-4.243559762835502625e-02,1.035095453262329102e-01,3.719780966639518738e-02,-1.096834912896156311e-01,2.046838551759719849e-01,-1.249721288681030273e+00,4.450609385967254639e-01,-2.793380022048950195e-01,-2.080280482769012451e-01,2.730799019336700439e-01,-9.375836700201034546e-02,5.395180583000183105e-01,-1.138095855712890625e+00,-5.276788473129272461e-01,4.225967824459075928e-01,-2.477614581584930420e-01,-1.989344358444213867e-01,-3.382686078548431396e-01,-6.270604133605957031e-01
1.831164360046386719e+00,-3.264212131500244141e+00,7.290796637535095215e-01,-1.281953901052474976e-01,-4.182785376906394958e-02,-8.697891235351562500e-01,4.746401906013488770e-01,-7.959213852882385254e-02,1.821946352720260620e-01,1.661253273487091064e-01,9.574712514877319336e-01,-6.435579061508178711e-01,-1.691302843391895294e-02,-3.706440627574920654e-01,-5.024142861366271973e-01,-4.178502857685089111e-01,9.014269709587097168e-01,4.297532141208648682e-02,1.289408802986145020e-01,5.862320587038993835e-02,-1.284495741128921509e-01,2.162158787250518799e-01,-1.206377029418945312e+00,4.723311662673950195e-01,-2.702899277210235596e-01,-2.300132066011428833e-01,3.290490508079528809e-01,-8.934052288532257080e-02,4.993498325347900391e-01,-1.079070925712585449e+00,-6.002016067504882812e-01,3.829034268856048584e-01,-2.949877679347991943e-01,-1.505942940711975098e-01,-3.342794179916381836e-01,-6.666468977928161621e-01
1.834902167320251465e+00,-3.262777805328369141e+00,7.224880456924438477e-01,-1.215908676385879517e-01,-4.864212870597839355e-02,-8.643553853034973145e-01,4.855299890041351318e-01,-1.102212741971015930e-01,1.586638092994689941e-01,1.627779006958007812e-01,9.877263903617858887e-01,-6.484841704368591309e-01,-1.585061848163604736e-02,-4.529527425765991211e-01,-5.868473052978515625e-01,-3.966508507728576660e-01,1.000361919403076172e+00,1.377383917570114136e-01,1.599939316511154175e-01,7.421951740980148315e-02,-1.430712044239044189e-01,2.336456328630447388e-01,-1.130212068557739258e+00,5.092106461524963379e-01,-2.613331675529479980e-01,-2.634291946887969971e-01,3.568845093250274658e-01,-8.670102804899215698e-02,4.821943938732147217e-01,-9.876128435134887695e-01,-6.844282150268554688e-01,3.213016390800476074e-01,-3.505619168281555176e-01,-1.109015196561813354e-01,-3.245365023612976074e-01,-6.830118894577026367e-01
1.837939739227294922e+00,-3.261343240737915039e+00,7.204937338829040527e-01,-1.101782992482185364e-01,-4.991537705063819885e-02,-8.562970161437988281e-01,5.021201968193054199e-01,-1.491101086139678955e-01,1.302088201045989990e-01,1.455149799585342407e-01,9.931680560111999512e-01,-6.378118395805358887e-01,-1.234674453735351562e-02,-5.182918906211853027e-01,-6.606947779655456543e-01,-3.854980170726776123e-01,1.052241325378417969e+00,2.365399450063705444e-01,2.117146700620651245e-01,7.700341194868087769e-02,-1.494038403034210205e-01,2.411216050386428833e-01,-1.008920431137084961e+00,5.585512518882751465e-01,-2.583025097846984863e-01,-3.108803331851959229e-01,3.426048755645751953e-01,-8.994463831186294556e-02,4.332547485828399658e-01,-8.587700724601745605e-01,-7.788354158401489258e-01,2.599614262580871582e-01,-4.203353524208068848e-01,-1.239454820752143860e-01,-3.136662542819976807e-01,-6.967755556106567383e-01
1.839922070503234863e+00,-3.259158849716186523e+00,7.219147086143493652e-01,-1.030213162302970886e-01,-4.769832268357276917e-02,-8.504866957664489746e-01,5.135989785194396973e-01,-1.751073896884918213e-01,1.158648058772087097e-01,1.297024935483932495e-01,9.856001734733581543e-01,-6.225846409797668457e-01,-1.147192064672708511e-02,-5.477609634399414062e-01,-6.953453421592712402e-01,-3.837933838367462158e-01,1.064303517341613770e+00,2.929957509040832520e-01,2.481178939342498779e-01,8.527896553277969360e-02,-1.351107954978942871e-01,2.523852586746215820e-01,-8.261563181877136230e-01,6.030044555664062500e-01,-2.642020881175994873e-01,-3.511465191841125488e-01,3.206878602504730225e-01,-8.672261238098144531e-02,3.687328696250915527e-01,-6.831424832344055176e-01,-8.673225045204162598e-01,2.163465470075607300e-01,-4.831887483596801758e-01,-1.549863219261169434e-01,-3.170743584632873535e-01,-6.849410533905029297e-01
1.839611530303955078e+00,-3.256556034088134766e+00,7.284039258956909180e-01,-9.402171522378921509e-02,-4.295383393764495850e-02,-8.475934863090515137e-01,5.204806923866271973e-01,-1.915115863084793091e-01,1.078504920005798340e-01,1.181379109621047974e-01,9.517546892166137695e-01,-5.982859134674072266e-01,-1.433580741286277771e-02,-5.444409251213073730e-01,-6.847814321517944336e-01,-3.884789943695068359e-01,1.031731486320495605e+00,2.925153672695159912e-01,2.578716576099395752e-01,9.133442491292953491e-02,-1.171213462948799133e-01,2.538309693336486816e-01,-5.869581103324890137e-01,6.366883516311645508e-01,-2.744966149330139160e-01,-3.492176532745361328e-01,3.017244338989257812e-01,-7.162044942378997803e-02,2.995553910732269287e-01,-4.701228737831115723e-01,-9.242355823516845703e-01,1.966594755649566650e-01,-5.186923146247863770e-01,-1.806684136390686035e-01,-3.127685189247131348e-01,-6.246413588523864746e-01
1.836087822914123535e+00,-3.253217697143554688e+00,7.389742732048034668e-01,-7.801709324121475220e-02,-3.632768243551254272e-02,-8.458670377731323242e-01,5.264053940773010254e-01,-2.103579491376876831e-01,9.777316451072692871e-02,1.074585393071174622e-01,8.929548263549804688e-01,-5.625047087669372559e-01,-1.732918620109558105e-02,-5.114716291427612305e-01,-6.411796212196350098e-01,-4.024986922740936279e-01,9.513568282127380371e-01,2.151440232992172241e-01,2.617996633052825928e-01,8.470889925956726074e-02,-1.095734387636184692e-01,2.390454262495040894e-01,-3.143678903579711914e-01,6.229472160339355469e-01,-2.788555026054382324e-01,-2.754358947277069092e-01,3.020975291728973389e-01,-4.572728648781776428e-02,2.498634308576583862e-01,-2.398430109024047852e-01,-9.268054366111755371e-01,2.040356844663619995e-01,-5.066599249839782715e-01,-2.103266268968582153e-01,-2.907756268978118896e-01,-5.225948691368103027e-01
1.829290390014648438e+00,-3.250099182128906250e+00,7.531232833862304688e-01,-6.176948547363281250e-02,-2.855562791228294373e-02,-8.441603779792785645e-01,5.317540764808654785e-01,-2.104048728942871094e-01,9.404378384351730347e-02,9.792084991931915283e-02,7.993168830871582031e-01,-5.161200165748596191e-01,-2.827335707843303680e-02,-4.306113123893737793e-01,-5.540113449096679688e-01,-4.214579761028289795e-01,7.937988638877868652e-01,9.337358921766281128e-02,2.372692674398422241e-01,6.195138394832611084e-02,-1.096578389406204224e-01,2.227580994367599487e-01,-5.766104534268379211e-02,5.546122789382934570e-01,-2.757945060729980469e-01,-1.191401258111000061e-01,3.654999136924743652e-01,-2.602064609527587891e-02,2.949276864528656006e-01,-5.460587888956069946e-02,-8.684257864952087402e-01,2.586265504360198975e-01,-4.234986007213592529e-01,-2.579418420791625977e-01,-2.528280615806579590e-01,-4.278803765773773193e-01
1.820921897888183594e+00,-3.247313976287841797e+00,7.683416604995727539e-01,-4.589543119072914124e-02,-2.154827117919921875e-02,-8.402619957923889160e-01,5.398046374320983887e-01,-2.016398310661315918e-01,8.710305392742156982e-02,8.017306029796600342e-02,6.914202570915222168e-01,-4.693036675453186035e-01,-5.444067344069480896e-02,-3.169471919536590576e-01,-4.475201964378356934e-01,-4.459385871887207031e-01,5.565916895866394043e-01,-1.506032142788171768e-02,1.272564679384231567e-01,2.622152678668498993e-02,-1.207709759473800659e-01,2.085341960191726685e-01,1.597757190465927124e-01,4.433120191097259521e-01,-2.836444377899169922e-01,6.646825373172760010e-02,4.667285382747650146e-01,1.456697657704353333e-02,3.996963500976562500e-01,6.380312144756317139e-02,-7.527404427528381348e-01,3.221166133880615234e-01,-2.616868019104003906e-01,-3.432368040084838867e-01,-2.537770271301269531e-01,-4.103251099586486816e-01
1.812736153602600098e+00,-3.245178461074829102e+00,7.835084795951843262e-01,-3.038642182946205139e-02,-6.291080266237258911e-03,-8.326057195663452148e-01,5.529962182044982910e-01,-1.999132782220840454e-01,9.509872645139694214e-02,5.293786898255348206e-02,5.763811469078063965e-01,-4.283174872398376465e-01,-8.907739073038101196e-02,-2.104199975728988647e-01,-3.273414671421051025e-01,-4.817703366279602051e-01,2.732572257518768311e-01,-3.700682148337364197e-02,-3.876483067870140076e-02,-1.383933145552873611e-02,-1.208714321255683899e-01,1.844050139188766479e-01,3.123466372489929199e-01,3.354304432868957520e-01,-3.565826714038848877e-01,2.370913326740264893e-01,4.597087204456329346e-01,9.270964562892913818e-02,5.499316453933715820e-01,1.509491354227066040e-01,-5.909616947174072266e-01,3.188323080539703369e-01,-7.834947854280471802e-02,-3.688958585262298584e-01,-2.289704233407974243e-01,-3.719598650932312012e-01
1.807312965393066406e+00,-3.244003295898437500e+00,7.945607304573059082e-01,-1.767055504024028778e-02,1.963421469554305077e-03,-8.186902999877929688e-01,5.739599466323852539e-01,-2.025047391653060913e-01,9.645754098892211914e-02,4.356309399008750916e-02,4.976912736892700195e-01,-4.116412401199340820e-01,-1.017656996846199036e-01,-1.594735383987426758e-01,-2.899632751941680908e-01,-4.954865574836730957e-01,1.271715164184570312e-01,1.516719255596399307e-02,-1.731012575328350067e-02,-4.201900959014892578e-02,-1.217311844229698181e-01,1.764849871397018433e-01,4.366546571254730225e-01,2.482737153768539429e-01,-3.535956442356109619e-01,3.070364296436309814e-01,3.959637284278869629e-01,1.188102886080741882e-01,6.360943317413330078e-01,2.304093390703201294e-01,-4.005776643753051758e-01,2.373263835906982422e-01,8.330288529396057129e-02,-4.076053500175476074e-01,-1.777433604001998901e-01,-3.886888623237609863e-01
1.803480982780456543e+00,-3.241841554641723633e+00,7.970913052558898926e-01,-1.270725857466459274e-02,8.871408179402351379e-03,-8.016320466995239258e-01,5.976168513298034668e-01,-2.139872014522552490e-01,1.212218850851058960e-01,6.204230710864067078e-02,4.630506336688995361e-01,-3.968034386634826660e-01,-1.186196804046630859e-01,-1.151325181126594543e-01,-3.062028884887695312e-01,-5.743995308876037598e-01,8.543399721384048462e-02,2.812550403177738190e-02,1.953516900539398193e-01,-4.707605019211769104e-02,-9.331538528203964233e-02,1.844190061092376709e-01,5.206035971641540527e-01,1.991390585899353027e-01,-3.450410366058349609e-01,3.130159974098205566e-01,2.041467577219009399e-01,4.842443764209747314e-02,6.732048392295837402e-01,3.044834136962890625e-01,-2.101948708295822144e-01,9.151758998632431030e-02,2.120827883481979370e-01,-4.170454144477844238e-01,-1.418187618255615234e-01,-4.022320806980133057e-01
1.801885604858398438e+00,-3.237039804458618164e+00,7.934090495109558105e-01,-1.741799898445606232e-02,1.901418156921863556e-02,-7.922825813293457031e-01,6.096091866493225098e-01,-2.551181912422180176e-01,1.551543921232223511e-01,5.550915002822875977e-02,4.960508048534393311e-01,-3.626430332660675049e-01,-1.410128921270370483e-01,-1.373022794723510742e-01,-3.260723054409027100e-01,-6.013050675392150879e-01,1.791487336158752441e-01,-1.612583734095096588e-02,2.617947459220886230e-01,-3.006105870008468628e-02,-2.567986957728862762e-02,1.997727751731872559e-01,5.636691451072692871e-01,1.599685996770858765e-01,-3.341932296752929688e-01,2.945704758167266846e-01,7.767958194017410278e-02,-4.356848949100822210e-04,6.878399252891540527e-01,3.502812385559082031e-01,-9.247171133756637573e-02,-1.872526854276657104e-02,2.774285674095153809e-01,-2.664151787757873535e-01,-1.311863809823989868e-01,-4.026440382003784180e-01
1.802349448204040527e+00,-3.232614278793334961e+00,7.827153205871582031e-01,-2.645050920546054840e-02,2.160052955150604248e-02,-7.951592803001403809e-01,6.054382920265197754e-01,-3.021788299083709717e-01,1.821473687887191772e-01,5.833303555846214294e-02,5.932660698890686035e-01,-3.540654182434082031e-01,-1.018690764904022217e-01,-2.099943011999130249e-01,-3.691152930259704590e-01,-5.689116716384887695e-01,3.646081686019897461e-01,-5.208908021450042725e-02,2.617999911308288574e-01,7.772290147840976715e-03,4.760199040174484253e-02,2.301422804594039917e-01,5.838062167167663574e-01,1.179329231381416321e-01,-2.931685149669647217e-01,2.660334706306457520e-01,1.415078192949295044e-01,-1.406740862876176834e-02,6.578081846237182617e-01,3.658714592456817627e-01,-1.020822152495384216e-01,6.047390867024660110e-03,2.812139689922332764e-01,-2.587566971778869629e-01,-1.285926550626754761e-01,-4.551550447940826416e-01
1.803098082542419434e+00,-3.232469558715820312e+00,7.684684395790100098e-01,-2.402314357459545135e-02,1.738785766065120697e-02,-8.042424321174621582e-01,5.935609936714172363e-01,-3.486109673976898193e-01,1.901074051856994629e-01,7.642223685979843140e-02,7.071300745010375977e-01,-4.012890458106994629e-01,-8.198856562376022339e-02,-4.063210487365722656e-01,-4.463921487331390381e-01,-3.999209702014923096e-01,6.813304424285888672e-01,-2.131967246532440186e-02,2.617999911308288574e-01,6.310539692640304565e-02,8.284011483192443848e-02,2.363462001085281372e-01,6.014003157615661621e-01,9.489008784294128418e-02,-1.879595071077346802e-01,1.891151219606399536e-01,2.713398933410644531e-01,-5.527898669242858887e-02,5.680419802665710449e-01,3.706693053245544434e-01,-1.753588020801544189e-01,7.528104633092880249e-02,2.274666875600814819e-01,-3.418744504451751709e-01,-1.340268850326538086e-01,-4.401892125606536865e-01
1.799651384353637695e+00,-3.230823278427124023e+00,7.540704011917114258e-01,-2.180666849017143250e-02,8.000236004590988159e-03,-8.169191479682922363e-01,5.762842893600463867e-01,-3.572633564472198486e-01,2.029185146093368530e-01,1.054888367652893066e-01,7.700955271720886230e-01,-4.344584941864013672e-01,-1.024123653769493103e-01,-5.947530269622802734e-01,-4.948289096355438232e-01,-2.586008906364440918e-01,9.213004708290100098e-01,7.490956038236618042e-02,2.617999911308288574e-01,1.290511488914489746e-01,8.217819780111312866e-02,2.462315410375595093e-01,5.803823471069335938e-01,1.124320402741432190e-01,-2.988049574196338654e-02,7.692360132932662964e-02,3.694767355918884277e-01,-9.558876603841781616e-02,4.700453281402587891e-01,3.215317428112030029e-01,-2.473374754190444946e-01,1.309106796979904175e-01,1.449762880802154541e-01,-3.709149956703186035e-01,-1.608626693487167358e-01,-3.922772705554962158e-01
1.794541716575622559e+00,-3.226582765579223633e+00,7.440684437751770020e-01,-2.227806299924850464e-02,4.212414380162954330e-03,-8.174309730529785156e-01,5.755801796913146973e-01,-3.725298643112182617e-01,2.155645191669464111e-01,1.059338003396987915e-01,8.062833547592163086e-01,-4.471771419048309326e-01,-1.214990243315696716e-01,-7.214907407760620117e-01,-5.108578205108642578e-01,-1.501978337764739990e-01,1.056815505027770996e+00,2.000749260187149048e-01,2.617999911308288574e-01,1.496558636426925659e-01,8.200700581073760986e-02,2.493756264448165894e-01,4.893199801445007324e-01,1.589796692132949829e-01,7.521075755357742310e-02,-2.018122188746929169e-02,3.597462773323059082e-01,-1.239340454339981079e-01,4.509612619876861572e-01,2.115281075239181519e-01,-2.988359034061431885e-01,1.841138899326324463e-01,6.964544951915740967e-02,-4.376655220985412598e-01,-1.800553947687149048e-01,-3.796104788780212402e-01
1.786931633949279785e+00,-3.222739696502685547e+00,7.368962764739990234e-01,-2.717201784253120422e-02,4.148612264543771744e-03,-8.100736737251281738e-01,5.856834650039672852e-01,-3.907214701175689697e-01,2.267985045909881592e-01,7.607062160968780518e-02,8.349876999855041504e-01,-4.516403079032897949e-01,-1.411917060613632202e-01,-7.789103388786315918e-01,-5.072862505912780762e-01,-7.969345897436141968e-02,1.116468429565429688e+00,3.079317808151245117e-01,2.617999911308288574e-01,1.477562785148620605e-01,1.000396758317947388e-01,2.460630983114242554e-01,3.440357148647308350e-01,2.161554247140884399e-01,1.825062334537506104e-01,-9.359900653362274170e-02,3.328508138656616211e-01,-1.475229263305664062e-01,4.538254737854003906e-01,7.430798560380935669e-02,-3.418239057064056396e-01,2.363046258687973022e-01,-2.266402915120124817e-02,-4.944108426570892334e-01,-2.081599980592727661e-01,-4.228558838367462158e-01
1.775689005851745605e+00,-3.220238685607910156e+00,7.314532995223999023e-01,-3.070486709475517273e-02,2.188947284594178200e-03,-7.999425530433654785e-01,5.992864966392517090e-01,-4.033980667591094971e-01,2.304530590772628784e-01,4.021290317177772522e-02,8.530876636505126953e-01,-4.545993506908416748e-01,-1.613081544637680054e-01,-7.855369448661804199e-01,-4.774910509586334229e-01,-1.445987448096275330e-02,1.138268589973449707e+00,3.571812808513641357e-01,2.617999911308288574e-01,1.462857276201248169e-01,1.142879799008369446e-01,2.346864342689514160e-01,1.551477909088134766e-01,2.708127796649932861e-01,2.753586173057556152e-01,-1.571600735187530518e-01,3.212368488311767578e-01,-1.478049010038375854e-01,4.680840969085693359e-01,-7.707165926694869995e-02,-3.705550432205200195e-01,2.459801286458969116e-01,-1.264167875051498413e-01,-4.825386106967926025e-01,-2.358403950929641724e-01,-4.500851929187774658e-01
1.760296702384948730e+00,-3.215950727462768555e+00,7.280821800231933594e-01,-3.016155026853084564e-02,-1.405532588250935078e-03,-7.917099595069885254e-01,6.101505160331726074e-01,-4.114891886711120605e-01,2.333844602108001709e-01,9.137117303907871246e-03,8.521180152893066406e-01,-4.485612213611602783e-01,-1.862255483865737915e-01,-7.594499588012695312e-01,-4.433023035526275635e-01,2.107910253107547760e-02,1.142035961151123047e+00,3.309750258922576904e-01,2.617999911308288574e-01,1.562827974557876587e-01,1.123696118593215942e-01,2.262542247772216797e-01,-5.718595162034034729e-02,3.228798210620880127e-01,3.424617052078247070e-01,-2.222359776496887207e-01,2.859851419925689697e-01,-1.665764153003692627e-01,4.725188016891479492e-01,-2.507468461990356445e-01,-3.727689385414123535e-01,2.208199799060821533e-01,-2.192930877208709717e-01,-4.764538705348968506e-01,-2.570114731788635254e-01,-4.989896714687347412e-01
1.741833686828613281e+00,-3.211803436279296875e+00,7.271621823310852051e-01,-2.784430421888828278e-02,-5.018823314458131790e-03,-7.832383513450622559e-01,6.210774183273315430e-01,-4.118449091911315918e-01,2.358642518520355225e-01,-2.390733920037746429e-02,8.297542333602905273e-01,-4.336647093296051025e-01,-2.162312567234039307e-01,-7.006213665008544922e-01,-3.837095201015472412e-01,6.238336116075515747e-02,1.128733992576599121e+00,2.116213589906692505e-01,2.617999911308288574e-01,1.583427190780639648e-01,9.957737475633621216e-02,2.189907282590866089e-01,-2.638272345066070557e-01,3.782173693180084229e-01,3.712647855281829834e-01,-2.890655100345611572e-01,2.211694568395614624e-01,-1.883579641580581665e-01,4.697491824626922607e-01,-4.371070861816406250e-01,-3.581337928771972656e-01,2.025585174560546875e-01,-2.797566950321197510e-01,-4.575395584106445312e-01,-2.654389441013336182e-01,-5.504978299140930176e-01
1.721632361412048340e+00,-3.208338975906372070e+00,7.302106618881225586e-01,-2.629507705569267273e-02,-7.949356921017169952e-03,-7.703694105148315430e-01,6.370057463645935059e-01,-4.032760858535766602e-01,2.333848774433135986e-01,-6.664780527353286743e-02,7.832295894622802734e-01,-4.099802374839782715e-01,-2.414130568504333496e-01,-5.993253588676452637e-01,-2.988053262233734131e-01,1.185104846954345703e-01,1.088545203208923340e+00,7.060843519866466522e-03,2.617999911308288574e-01,1.455888301134109497e-01,8.734043687582015991e-02,2.107606232166290283e-01,-4.571234583854675293e-01,4.236359298229217529e-01,3.509179353713989258e-01,-3.353716731071472168e-01,1.863134205341339111e-01,-2.013861089944839478e-01,4.723721742630004883e-01,-6.134339570999145508e-01,-3.234227001667022705e-01,1.971187740564346313e-01,-3.117917478084564209e-01,-4.339011907577514648e-01,-2.760193645954132080e-01,-5.962411165237426758e-01
1.703363299369812012e+00,-3.205424547195434570e+00,7.361426353454589844e-01,-2.536436542868614197e-02,-1.850758120417594910e-02,-7.536777853965759277e-01,6.564936637878417969e-01,-3.777223229408264160e-01,2.088494598865509033e-01,-1.068300530314445496e-01,7.234770059585571289e-01,-3.780405223369598389e-01,-2.468702197074890137e-01,-4.667771160602569580e-01,-2.459275424480438232e-01,1.638719290494918823e-01,1.023550033569335938e+00,-2.416106462478637695e-01,2.617999911308288574e-01,1.255324333906173706e-01,7.085232436656951904e-02,2.135093063116073608e-01,-6.349062323570251465e-01,4.447461366653442383e-01,2.881195545196533203e-01,-3.689604699611663818e-01,1.653383821249008179e-01,-2.016465812921524048e-01,4.774080812931060791e-01,-7.637652754783630371e-01,-2.809113264083862305e-01,2.097973674535751343e-01,-3.201627433300018311e-01,-4.407636523246765137e-01,-2.849833071231842041e-01,-6.256684064865112305e-01
1.685714483261108398e+00,-3.202168941497802734e+00,7.429340481758117676e-01,-2.009596116840839386e-02,-4.407163709402084351e-02,-7.362394332885742188e-01,6.749854683876037598e-01,-3.311052024364471436e-01,1.534286737442016602e-01,-1.314340680837631226e-01,6.542902588844299316e-01,-3.317008018493652344e-01,-2.446787953376770020e-01,-3.302556574344635010e-01,-2.819711565971374512e-01,1.318778842687606812e-01,9.296199083328247070e-01,-4.287372529506683350e-01,2.617999911308288574e-01,1.061336621642112732e-01,3.295773640275001526e-02,2.328437119722366333e-01,-7.967242598533630371e-01,4.441218972206115723e-01,1.991362422704696655e-01,-3.776127099990844727e-01,1.362830847501754761e-01,-1.928728073835372925e-01,4.475793242454528809e-01,-8.893124461174011230e-01,-2.444189339876174927e-01,2.571092247962951660e-01,-3.035471141338348389e-01,-4.636321067810058594e-01,-2.868614792823791504e-01,-6.232051253318786621e-01
1.666385173797607422e+00,-3.199094295501708984e+00,7.457910180091857910e-01,-1.046473160386085510e-02,-5.970444157719612122e-02,-7.186786532402038574e-01,6.926953792572021484e-01,-3.346489667892456055e-01,1.028337553143501282e-01,-1.769745498895645142e-01,6.319052577018737793e-01,-2.808941304683685303e-01,-2.454404085874557495e-01,-2.360884994268417358e-01,-3.446712195873260498e-01,-3.370294114574790001e-03,8.405148983001708984e-01,-5.736182928085327148e-01,2.364252954721450806e-01,9.037233144044876099e-02,3.906496334820985794e-03,2.342992573976516724e-01,-9.430499076843261719e-01,4.328478872776031494e-01,8.526729047298431396e-02,-3.628745675086975098e-01,1.109683290123939514e-01,-1.701674759387969971e-01,4.390407204627990723e-01,-1.005710244178771973e+00,-2.290395349264144897e-01,3.407874107360839844e-01,-2.610212564468383789e-01,-4.832522273063659668e-01,-2.932122647762298584e-01,-6.089975237846374512e-01
1.645464897155761719e+00,-3.199646949768066406e+00,7.578403353691101074e-01,-2.402017265558242798e-02,-4.849294573068618774e-02,-7.026230692863464355e-01,7.095014452934265137e-01,-2.849955260753631592e-01,1.526798009872436523e-01,-2.341178506612777710e-01,5.024601221084594727e-01,-2.085484564304351807e-01,-2.589029073715209961e-01,-1.239726915955543518e-01,-2.804923057556152344e-01,-1.012247279286384583e-01,6.990363001823425293e-01,-5.638765692710876465e-01,1.881277263164520264e-01,7.259559631347656250e-02,3.902856260538101196e-02,2.201392203569412231e-01,-1.054422020912170410e+00,4.259709715843200684e-01,-4.861408472061157227e-02,-3.284634947776794434e-01,8.322703093290328979e-02,-1.599395126104354858e-01,4.413027465343475342e-01,-1.105642676353454590e+00,-2.214530259370803833e-01,4.428302049636840820e-01,-1.913190335035324097e-01,-4.927760660648345947e-01,-2.752810418605804443e-01,-5.652720332145690918e-01
1.624607920646667480e+00,-3.199629783630371094e+00,7.613732218742370605e-01,-4.361175373196601868e-02,-4.819589108228683472e-02,-6.841277480125427246e-01,7.264601588249206543e-01,-2.593965232372283936e-01,1.972151696681976318e-01,-2.667320370674133301e-01,4.676975607872009277e-01,-1.628957539796829224e-01,-2.617994844913482666e-01,-5.894006416201591492e-02,-2.129674106836318970e-01,-1.468401700258255005e-01,6.690028905868530273e-01,-5.484898090362548828e-01,1.367870867252349854e-01,4.212399572134017944e-02,7.816178351640701294e-02,2.395760864019393921e-01,-1.119621634483337402e+00,4.070784747600555420e-01,-7.369270175695419312e-02,-3.044095635414123535e-01,5.182266607880592346e-02,-1.324979215860366821e-01,4.358726143836975098e-01,-1.186743140220642090e+00,-2.142821699380874634e-01,5.226480960845947266e-01,-1.231821402907371521e-01,-4.507037103176116943e-01,-2.982473671436309814e-01,-8.163484930992126465e-01
1.606384038925170898e+00,-3.199585199356079102e+00,7.594248652458190918e-01,-5.536432191729545593e-02,-5.352471396327018738e-02,-6.614987254142761230e-01,7.459821105003356934e-01,-2.960616350173950195e-01,2.325879335403442383e-01,-1.982366889715194702e-01,5.431740283966064453e-01,-1.388309895992279053e-01,-2.617999911308288574e-01,-1.907945610582828522e-02,-1.914444118738174438e-01,-2.034970372915267944e-01,6.875414252281188965e-01,-5.676324367523193359e-01,1.288736462593078613e-01,4.647505003958940506e-03,9.668010473251342773e-02,2.577968239784240723e-01,-1.149198055267333984e+00,3.954806625843048096e-01,-6.419880688190460205e-02,-2.893979251384735107e-01,5.753476917743682861e-02,-1.160857528448104858e-01,4.132825732231140137e-01,-1.196154117584228516e+00,-2.101490050554275513e-01,4.650487601757049561e-01,-1.251630783081054688e-01,-4.377289414405822754e-01,-2.832528054714202881e-01,-7.122222185134887695e-01
1.588780403137207031e+00,-3.200475931167602539e+00,7.579182386398315430e-01,-6.045170500874519348e-02,-5.847248062491416931e-02,-6.372518539428710938e-01,7.660526633262634277e-01,-3.386650979518890381e-01,2.742190062999725342e-01,-9.057661890983581543e-02,6.059456467628479004e-01,-1.062830537557601929e-01,-2.612966001033782959e-01,4.766573384404182434e-02,-1.903337538242340088e-01,-3.036222457885742188e-01,6.455002427101135254e-01,-5.759524106979370117e-01,1.380510032176971436e-01,-2.803320065140724182e-02,9.986082464456558228e-02,2.567114531993865967e-01,-1.159798383712768555e+00,3.996529579162597656e-01,-9.349837899208068848e-02,-2.677355408668518066e-01,4.914042726159095764e-02,-1.141851246356964111e-01,4.843696355819702148e-01,-1.183986544609069824e+00,-2.343295663595199585e-01,4.346491992473602295e-01,-1.407120674848556519e-01,-3.963851332664489746e-01,-2.733240425586700439e-01,-5.978289246559143066e-01
1.570636034011840820e+00,-3.199553489685058594e+00,7.494940757751464844e-01,-6.792994588613510132e-02,-5.965798348188400269e-02,-6.100037693977355957e-01,7.872241139411926270e-01,-4.448810219764709473e-01,3.208914101123809814e-01,-1.541339512914419174e-02,7.308279275894165039e-01,-4.931795224547386169e-02,-2.402187138795852661e-01,6.481651216745376587e-02,-1.851054430007934570e-01,-3.942185640335083008e-01,6.915178894996643066e-01,-6.103599667549133301e-01,1.325351744890213013e-01,-6.565693020820617676e-02,1.103750318288803101e-01,2.563974559307098389e-01,-1.158458948135375977e+00,4.165426194667816162e-01,-1.320821195840835571e-01,-2.477924674749374390e-01,7.051818817853927612e-02,-1.219653189182281494e-01,5.129483938217163086e-01,-1.180128812789916992e+00,-2.882892191410064697e-01,4.430314302444458008e-01,-1.407308429479598999e-01,-3.299870193004608154e-01,-2.760102152824401855e-01,-5.449402928352355957e-01
1.552256226539611816e+00,-3.198614120483398438e+00,7.392737865447998047e-01,-7.610353827476501465e-02,-5.932939797639846802e-02,-5.918484330177307129e-01,8.002522587776184082e-01,-5.632578134536743164e-01,3.910740613937377930e-01,5.215468630194664001e-02,8.610464930534362793e-01,3.286027163267135620e-02,-2.441753000020980835e-01,5.756220966577529907e-02,-1.595235913991928101e-01,-4.342511594295501709e-01,7.516875267028808594e-01,-6.457531452178955078e-01,1.129663586616516113e-01,-8.530090749263763428e-02,1.281657367944717407e-01,2.600360512733459473e-01,-1.136018037796020508e+00,4.361032843589782715e-01,-1.561993360519409180e-01,-2.387384325265884399e-01,1.116587966680526733e-01,-1.210030093789100647e-01,4.878795444965362549e-01,-1.161464214324951172e+00,-3.575988411903381348e-01,4.570967853069305420e-01,-1.498776078224182129e-01,-3.072147071361541748e-01,-2.844962775707244873e-01,-5.383794903755187988e-01
1.535282254219055176e+00,-3.197951555252075195e+00,7.289847731590270996e-01,-8.431386947631835938e-02,-6.134239211678504944e-02,-5.822629332542419434e-01,8.062866330146789551e-01,-6.769249439239501953e-01,4.658258557319641113e-01,9.302145242691040039e-02,9.883071184158325195e-01,1.338325738906860352e-01,-2.514878809452056885e-01,4.960308969020843506e-02,-1.310859471559524536e-01,-4.545467495918273926e-01,8.042836785316467285e-01,-6.848872303962707520e-01,8.377468585968017578e-02,-8.808455616235733032e-02,1.425769329071044922e-01,2.696423232555389404e-01,-1.092985033988952637e+00,4.648188948631286621e-01,-1.835905015468597412e-01,-2.412918508052825928e-01,1.498263925313949585e-01,-1.242844834923744202e-01,4.620037972927093506e-01,-1.121424436569213867e+00,-4.294699132442474365e-01,4.513362646102905273e-01,-1.780550479888916016e-01,-3.039888143539428711e-01,-2.844959795475006104e-01,-5.528447628021240234e-01
1.521078228950500488e+00,-3.197310924530029297e+00,7.196615934371948242e-01,-9.240973740816116333e-02,-6.484026461839675903e-02,-5.751342177391052246e-01,8.102325797080993652e-01,-7.877711057662963867e-01,5.227067470550537109e-01,9.741058200597763062e-02,1.121937394142150879e+00,1.749881207942962646e-01,-2.617987096309661865e-01,4.725201427936553955e-02,-1.062215939164161682e-01,-4.720117151737213135e-01,8.459772467613220215e-01,-7.192395329475402832e-01,5.292795225977897644e-02,-9.574142843484878540e-02,1.554576903581619263e-01,2.843601107597351074e-01,-1.014638543128967285e+00,5.014538168907165527e-01,-1.991049051284790039e-01,-2.603023350238800049e-01,1.543080955743789673e-01,-1.149808093905448914e-01,4.460700154304504395e-01,-1.059529662132263184e+00,-4.961652755737304688e-01,4.554320275783538818e-01,-2.133041024208068848e-01,-3.018705546855926514e-01,-2.858344614505767822e-01,-6.235297918319702148e-01
1.510693430900573730e+00,-3.197023153305053711e+00,7.102336883544921875e-01,-9.793353080749511719e-02,-7.044588774442672729e-02,-5.717269182205200195e-01,8.115261793136596680e-01,-8.982444405555725098e-01,5.158530473709106445e-01,3.925590589642524719e-02,1.272150039672851562e+00,1.335258036851882935e-01,-2.257767319679260254e-01,4.217960685491561890e-02,-9.431497007608413696e-02,-4.786768257617950439e-01,8.935831189155578613e-01,-7.514881491661071777e-01,2.992837131023406982e-02,-1.044019013643264771e-01,1.622443199157714844e-01,3.019462525844573975e-01,-8.968780040740966797e-01,5.479798316955566406e-01,-2.123063802719116211e-01,-2.930639982223510742e-01,1.800833493471145630e-01,-1.136200651526451111e-01,4.443635046482086182e-01,-9.769951105117797852e-01,-5.615773797035217285e-01,4.618630409240722656e-01,-2.565264403820037842e-01,-3.440537750720977783e-01,-2.824042141437530518e-01,-6.923578977584838867e-01
1.503757834434509277e+00,-3.196267843246459961e+00,7.040731906890869141e-01,-9.901989996433258057e-02,-7.455611228942871094e-02,-5.710248947143554688e-01,8.115214109420776367e-01,-9.904412627220153809e-01,5.318557024002075195e-01,2.277724072337150574e-02,1.410881757736206055e+00,5.930322781205177307e-02,-1.698332726955413818e-01,3.275624662637710571e-02,-9.588249027729034424e-02,-4.843455553054809570e-01,9.330937266349792480e-01,-7.762616872787475586e-01,1.733043789863586426e-02,-1.095477342605590820e-01,1.640214025974273682e-01,3.108758628368377686e-01,-7.312554717063903809e-01,5.900102853775024414e-01,-2.284876257181167603e-01,-3.311047255992889404e-01,2.123492658138275146e-01,-1.106821000576019287e-01,4.361873269081115723e-01,-8.533405661582946777e-01,-6.212056279182434082e-01,4.628713726997375488e-01,-3.018544912338256836e-01,-3.911674022674560547e-01,-2.834023833274841309e-01,-7.159255743026733398e-01
1.499202132225036621e+00,-3.194502830505371094e+00,7.041691541671752930e-01,-9.062697738409042358e-02,-7.219610363245010376e-02,-5.809129476547241211e-01,8.056765198707580566e-01,-1.058525681495666504e+00,5.904878377914428711e-01,5.430951341986656189e-02,1.509779691696166992e+00,4.057961050420999527e-03,-1.012994870543479919e-01,3.777502570301294327e-03,-9.977167099714279175e-02,-4.686269462108612061e-01,9.415047764778137207e-01,-7.787114977836608887e-01,1.028473302721977234e-02,-9.775424003601074219e-02,1.631107628345489502e-01,2.952795326709747314e-01,-5.197199583053588867e-01,6.220836639404296875e-01,-2.442074418067932129e-01,-3.566647768020629883e-01,2.414563894271850586e-01,-9.118427336215972900e-02,3.952114880084991455e-01,-6.961210966110229492e-01,-6.664164066314697266e-01,4.732954502105712891e-01,-3.386305272579193115e-01,-4.356764554977416992e-01,-2.767160832881927490e-01,-6.882487535476684570e-01
1.496465444564819336e+00,-3.192041158676147461e+00,7.076514959335327148e-01,-8.248337358236312866e-02,-7.279356569051742554e-02,-5.932052731513977051e-01,7.974992394447326660e-01,-1.075577735900878906e+00,6.371273398399353027e-01,8.720209449529647827e-02,1.556817412376403809e+00,-2.223053015768527985e-02,-7.714597135782241821e-02,-1.673967950046062469e-02,-1.051103100180625916e-01,-4.447010755538940430e-01,9.351759552955627441e-01,-7.703033685684204102e-01,6.842998322099447250e-03,-9.603693336248397827e-02,1.592563092708587646e-01,2.926096618175506592e-01,-2.736318111419677734e-01,6.206882596015930176e-01,-2.496421635150909424e-01,-3.388353288173675537e-01,2.876575887203216553e-01,-9.502170979976654053e-02,3.610405623912811279e-01,-5.327504873275756836e-01,-6.995378136634826660e-01,5.026018023490905762e-01,-3.498636186122894287e-01,-4.458030164241790771e-01,-2.743723392486572266e-01,-6.109251379966735840e-01
1.496247172355651855e+00,-3.190029621124267578e+00,7.146474123001098633e-01,-7.277777791023254395e-02,-7.429467886686325073e-02,-6.076973080635070801e-01,7.873294949531555176e-01,-1.036038637161254883e+00,6.637953519821166992e-01,1.355938464403152466e-01,1.543736696243286133e+00,-2.600418217480182648e-02,-8.684235066175460815e-02,-3.089746274054050446e-02,-1.142140254378318787e-01,-4.145688116550445557e-01,9.107618331909179688e-01,-7.469845414161682129e-01,9.353853762149810791e-03,-9.218635410070419312e-02,1.525409817695617676e-01,2.925195395946502686e-01,-2.084573358297348022e-02,5.703082084655761719e-01,-2.604717016220092773e-01,-2.819277346134185791e-01,2.421590089797973633e-01,-6.462641060352325439e-02,3.506459295749664307e-01,-3.572284579277038574e-01,-7.058639526367187500e-01,5.215574502944946289e-01,-3.236520886421203613e-01,-4.763879477977752686e-01,-2.649768590927124023e-01,-5.139640569686889648e-01
1.498262763023376465e+00,-3.189036846160888672e+00,7.244032621383666992e-01,-6.141766905784606934e-02,-7.922053337097167969e-02,-6.216614842414855957e-01,7.768455147743225098e-01,-9.275638461112976074e-01,6.663500070571899414e-01,2.251788973808288574e-01,1.460278272628784180e+00,-1.371774543076753616e-02,-8.439401537179946899e-02,-3.486115485429763794e-02,-1.312874555587768555e-01,-3.794488310813903809e-01,8.751282095909118652e-01,-7.199506759643554688e-01,1.723398268222808838e-02,-8.292214572429656982e-02,1.349519342184066772e-01,2.947427630424499512e-01,2.087014764547348022e-01,4.766681194305419922e-01,-2.677621245384216309e-01,-1.892279684543609619e-01,1.872626096010208130e-01,-6.760132312774658203e-02,3.542918860912322998e-01,-1.822522729635238647e-01,-6.722912788391113281e-01,5.153766274452209473e-01,-2.392859607934951782e-01,-4.957010746002197266e-01,-2.541692256927490234e-01,-4.457062184810638428e-01
1.502655267715454102e+00,-3.189742803573608398e+00,7.354304790496826172e-01,-4.810013994574546814e-02,-8.584950119256973267e-02,-6.356062293052673340e-01,7.657160162925720215e-01,-7.646561861038208008e-01,6.298868656158447266e-01,3.436785936355590820e-01,1.289699912071228027e+00,3.280807659029960632e-02,-1.022101938724517822e-01,-3.441633284091949463e-02,-1.560905873775482178e-01,-3.394474387168884277e-01,8.348183631896972656e-01,-6.930665969848632812e-01,2.960908785462379456e-02,-6.215861067175865173e-02,1.130009442567825317e-01,2.910036742687225342e-01,3.944696784019470215e-01,3.530359268188476562e-01,-2.644925713539123535e-01,-6.656418740749359131e-02,2.991456091403961182e-01,-7.432703673839569092e-02,4.133448600769042969e-01,-1.463451981544494629e-02,-5.841677188873291016e-01,4.647745192050933838e-01,-1.125890091061592102e-01,-5.027942657470703125e-01,-2.358292639255523682e-01,-4.079953134059906006e-01
1.508950233459472656e+00,-3.192046165466308594e+00,7.465567588806152344e-01,-3.608884662389755249e-02,-9.674716740846633911e-02,-6.487873196601867676e-01,7.539314031600952148e-01,-5.691806077957153320e-01,5.422680377960205078e-01,4.559807479381561279e-01,1.020367860794067383e+00,1.401545107364654541e-01,-1.299665719270706177e-01,-2.248365804553031921e-02,-1.877874284982681274e-01,-2.969484329223632812e-01,7.942945361137390137e-01,-6.697130799293518066e-01,4.512685164809226990e-02,-2.768238820135593414e-02,9.648451954126358032e-02,2.890360355377197266e-01,5.300511121749877930e-01,2.300408631563186646e-01,-2.536267638206481934e-01,3.014440834522247314e-02,2.544237375259399414e-01,-7.228449732065200806e-02,3.831867277622222900e-01,1.496545076370239258e-01,-4.572117924690246582e-01,3.403940498828887939e-01,7.122571114450693130e-03,-4.915417432785034180e-01,-1.980852335691452026e-01,-3.457026183605194092e-01
1.514844536781311035e+00,-3.195169925689697266e+00,7.561733722686767578e-01,-2.622714638710021973e-02,-1.074449941515922546e-01,-6.570276021957397461e-01,7.457093596458435059e-01,-3.886792957782745361e-01,4.120911955833435059e-01,5.209507942199707031e-01,6.913073062896728516e-01,3.001019656658172607e-01,-1.347912102937698364e-01,-6.132389418780803680e-03,-2.187479436397552490e-01,-2.648220062255859375e-01,7.588143348693847656e-01,-6.525951623916625977e-01,5.857037380337715149e-02,2.302075037732720375e-03,9.413748234510421753e-02,2.863300144672393799e-01,6.273937821388244629e-01,1.338667869567871094e-01,-2.455621510744094849e-01,6.746896356344223022e-02,1.827758401632308960e-01,-7.265371084213256836e-02,3.912331163883209229e-01,3.039599657058715820e-01,-3.058278858661651611e-01,1.602394133806228638e-01,7.113876938819885254e-02,-5.102111697196960449e-01,-1.676285415887832642e-01,-2.808717489242553711e-01
1.517287850379943848e+00,-3.198513031005859375e+00,7.587873935699462891e-01,-3.165751695632934570e-02,-1.115797013044357300e-01,-6.562184095382690430e-01,7.456039190292358398e-01,-2.576470375061035156e-01,3.184079527854919434e-01,5.180105566978454590e-01,5.176519155502319336e-01,1.120076328516006470e-01,-8.100804686546325684e-02,2.078010514378547668e-02,-2.141774892807006836e-01,-2.637884914875030518e-01,7.461039423942565918e-01,-6.550751328468322754e-01,5.424306169152259827e-02,2.548919990658760071e-03,1.214297041296958923e-01,2.965440452098846436e-01,6.908268332481384277e-01,6.868142634630203247e-02,-1.820306032896041870e-01,3.662765771150588989e-02,2.353258430957794189e-01,-8.428615331649780273e-02,3.224475681781768799e-01,4.148861467838287354e-01,-1.658379286527633667e-01,-8.484830148518085480e-03,7.669006288051605225e-02,-4.685281217098236084e-01,-1.782663017511367798e-01,-2.441892921924591064e-01
1.516328454017639160e+00,-3.201114892959594727e+00,7.583968639373779297e-01,-4.014715924859046936e-02,-1.186637356877326965e-01,-6.518966555595397949e-01,7.478889226913452148e-01,-1.895159184932708740e-01,2.653682231903076172e-01,4.844354093074798584e-01,4.252120554447174072e-01,5.605228990316390991e-02,-2.269910462200641632e-02,5.286386236548423767e-02,-2.018088698387145996e-01,-2.635007202625274658e-01,7.436063289642333984e-01,-6.622662544250488281e-01,4.055342823266983032e-02,-2.041479945182800293e-02,1.397572159767150879e-01,3.130721151828765869e-01,6.914027333259582520e-01,5.789629742503166199e-02,-1.341951936483383179e-01,5.710166413336992264e-03,3.020142614841461182e-01,-1.026901602745056152e-01,3.567219674587249756e-01,4.777737557888031006e-01,-9.775409847497940063e-02,-8.792947977781295776e-02,5.065770819783210754e-02,-4.378443956375122070e-01,-1.789665669202804565e-01,-2.606488764286041260e-01
1.508708000183105469e+00,-3.200774192810058594e+00,7.532835006713867188e-01,-4.976801574230194092e-02,-1.210187375545501709e-01,-6.478025317192077637e-01,7.504861354827880859e-01,-2.186800539493560791e-01,2.925378978252410889e-01,4.382415413856506348e-01,4.877731800079345703e-01,6.067847833037376404e-02,-3.507958725094795227e-02,6.335167586803436279e-02,-1.719781756401062012e-01,-2.671933174133300781e-01,7.618834972381591797e-01,-6.756269335746765137e-01,1.587356626987457275e-02,-4.758459329605102539e-02,1.536579430103302002e-01,3.242608904838562012e-01,6.397342085838317871e-01,8.920060843229293823e-02,-9.395804256200790405e-02,-3.175148367881774902e-02,2.729808986186981201e-01,-1.099012345075607300e-01,3.664549291133880615e-01,4.922271072864532471e-01,-9.426085650920867920e-02,-9.849242120981216431e-02,1.718466356396675110e-02,-4.415304660797119141e-01,-1.842063665390014648e-01,-2.698458433151245117e-01
1.500470161437988281e+00,-3.199627161026000977e+00,7.432832121849060059e-01,-6.059392914175987244e-02,-1.177501156926155090e-01,-6.391093134880065918e-01,7.576295733451843262e-01,-3.237491846084594727e-01,3.557137846946716309e-01,3.652186095714569092e-01,6.511881947517395020e-01,9.517444670200347900e-02,-7.523486763238906860e-02,6.374277919530868530e-02,-1.429883688688278198e-01,-2.955998778343200684e-01,7.947755455970764160e-01,-6.985917091369628906e-01,-1.568766776472330093e-03,-8.367024362087249756e-02,1.621745228767395020e-01,3.250941336154937744e-01,5.666892528533935547e-01,1.390414237976074219e-01,-3.644083067774772644e-02,-7.884677499532699585e-02,2.750643491744995117e-01,-1.326466202735900879e-01,3.774078190326690674e-01,4.637818634510040283e-01,-1.263749003410339355e-01,-5.994587391614913940e-02,-5.014465656131505966e-03,-4.166286289691925049e-01,-1.856088489294052124e-01,-2.692315578460693359e-01
1.493332147598266602e+00,-3.197874069213867188e+00,7.309172749519348145e-01,-6.795144826173782349e-02,-9.945537894964218140e-02,-6.213204860687255859e-01,7.742429375648498535e-01,-5.419178009033203125e-01,4.062778353691101074e-01,2.129284143447875977e-01,8.675575256347656250e-01,2.047151178121566772e-01,-1.486255377531051636e-01,3.333733603358268738e-02,-1.117916405200958252e-01,-3.535090684890747070e-01,8.396291136741638184e-01,-7.300413846969604492e-01,-1.539139542728662491e-02,-1.264300197362899780e-01,1.851105540990829468e-01,2.947421371936798096e-01,4.556805789470672607e-01,2.050733268260955811e-01,1.346091087907552719e-02,-1.291668564081192017e-01,3.030346930027008057e-01,-1.433143019676208496e-01,4.284588992595672607e-01,3.975139856338500977e-01,-1.825035065412521362e-01,3.513952018693089485e-03,-3.275754675269126892e-02,-4.283657073974609375e-01,-1.853725463151931763e-01,-2.720509767532348633e-01
1.487462997436523438e+00,-3.195517539978027344e+00,7.192455530166625977e-01,-7.185203582048416138e-02,-8.845306187868118286e-02,-6.076959371566772461e-01,7.859510183334350586e-01,-7.459991574287414551e-01,4.192090332508087158e-01,8.496315032243728638e-02,1.039788842201232910e+00,3.655882477760314941e-01,-2.099300026893615723e-01,3.404085990041494370e-03,-1.008640453219413757e-01,-3.956449627876281738e-01,8.909152746200561523e-01,-7.585573792457580566e-01,-2.283505722880363464e-02,-1.472618877887725830e-01,2.008333802223205566e-01,2.717518210411071777e-01,3.150634169578552246e-01,2.477079331874847412e-01,7.207263261079788208e-02,-1.874425560235977173e-01,3.038027584552764893e-01,-1.669795811176300049e-01,4.513678848743438721e-01,2.925188541412353516e-01,-2.677812874317169189e-01,8.975897729396820068e-02,-8.262340724468231201e-02,-4.171768426895141602e-01,-1.972450613975524902e-01,-2.872068285942077637e-01
1.484112858772277832e+00,-3.192151784896850586e+00,7.071176171302795410e-01,-7.511699944734573364e-02,-8.380483835935592651e-02,-6.073304414749145508e-01,7.864375114440917969e-01,-9.025776386260986328e-01,4.702440798282623291e-01,3.654624894261360168e-02,1.181810259819030762e+00,4.717276096343994141e-01,-2.547387778759002686e-01,-3.088958002626895905e-02,-9.913395345211029053e-02,-4.055933952331542969e-01,9.550828933715820312e-01,-7.861633896827697754e-01,-2.717651054263114929e-02,-1.396003514528274536e-01,2.131378203630447388e-01,2.668121159076690674e-01,1.476094126701354980e-01,2.558689117431640625e-01,1.540521532297134399e-01,-2.588931620121002197e-01,3.126097619533538818e-01,-1.855500042438507080e-01,4.992972612380981445e-01,1.515826433897018433e-01,-3.657413423061370850e-01,1.870792806148529053e-01,-1.574361324310302734e-01,-4.124008417129516602e-01,-2.233795523643493652e-01,-3.161635994911193848e-01
1.481731534004211426e+00,-3.187701940536499023e+00,6.959669589996337891e-01,-7.745189219713211060e-02,-8.791409432888031006e-02,-6.219518184661865234e-01,7.742404341697692871e-01,-9.998538494110107422e-01,5.526893138885498047e-01,2.132184989750385284e-02,1.296032190322875977e+00,4.553561806678771973e-01,-2.446509897708892822e-01,-6.430628895759582520e-02,-1.002075523138046265e-01,-3.788459002971649170e-01,1.023008584976196289e+00,-8.109377622604370117e-01,-3.497995808720588684e-02,-1.089521571993827820e-01,2.173079103231430054e-01,2.833269536495208740e-01,-2.695525437593460083e-02,2.487948834896087646e-01,2.480437308549880981e-01,-3.392224013805389404e-01,2.985726892948150635e-01,-2.151032686233520508e-01,5.496008396148681641e-01,-2.619275264441967010e-02,-4.357304871082305908e-01,2.711451649665832520e-01,-2.484211772680282593e-01,-4.449789822101593018e-01,-2.481154948472976685e-01,-3.547900617122650146e-01
1.481160759925842285e+00,-3.184215068817138672e+00,6.865156292915344238e-01,-8.023834973573684692e-02,-9.144572913646697998e-02,-6.390292644500732422e-01,7.595005631446838379e-01,-1.069029092788696289e+00,6.225529313087463379e-01,-7.929025217890739441e-03,1.370916962623596191e+00,4.302325546741485596e-01,-2.252220809459686279e-01,-9.271165728569030762e-02,-9.624753147363662720e-02,-3.482706248760223389e-01,1.078764677047729492e+00,-8.306165337562561035e-01,-4.254859685897827148e-02,-8.755885064601898193e-02,2.246912270784378052e-01,3.009561300277709961e-01,-1.883507221937179565e-01,2.447132617235183716e-01,3.531437516212463379e-01,-4.283820092678070068e-01,2.707447707653045654e-01,-2.218534946441650391e-01,5.672336816787719727e-01,-2.233017534017562866e-01,-4.557107090950012207e-01,3.362841904163360596e-01,-3.245627284049987793e-01,-4.507835507392883301e-01,-2.806343138217926025e-01,-4.399597644805908203e-01
1.484121084213256836e+00,-3.181448221206665039e+00,6.811712980270385742e-01,-8.033335208892822266e-02,-9.407421946525573730e-02,-6.492245793342590332e-01,7.504692077636718750e-01,-1.100931644439697266e+00,6.480277776718139648e-01,-3.529719635844230652e-02,1.402074217796325684e+00,4.196344614028930664e-01,-2.241636365652084351e-01,-1.140177696943283081e-01,-1.009729653596878052e-01,-3.241525292396545410e-01,1.115743041038513184e+00,-8.418108820915222168e-01,-4.318099841475486755e-02,-8.125256001949310303e-02,2.282422184944152832e-01,3.138101696968078613e-01,-3.367433249950408936e-01,2.583624422550201416e-01,4.170733988285064697e-01,-4.966341555118560791e-01,3.149929642677307129e-01,-2.352634519338607788e-01,5.751634836196899414e-01,-4.116340875625610352e-01,-4.155156612396240234e-01,3.602766394615173340e-01,-3.692172169685363770e-01,-4.646961688995361328e-01,-2.847340703010559082e-01,-5.074223279953002930e-01
1.489632725715637207e+00,-3.179227828979492188e+00,6.802985072135925293e-01,-7.966470718383789062e-02,-9.976021945476531982e-02,-6.520014405250549316e-01,7.473924756050109863e-01,-1.070159912109375000e+00,6.359207034111022949e-01,-3.652339428663253784e-02,1.389382123947143555e+00,3.877413570880889893e-01,-2.139423489570617676e-01,-1.184954941272735596e-01,-1.175456196069717407e-01,-3.065802752971649170e-01,1.132873058319091797e+00,-8.438262343406677246e-01,-3.619042038917541504e-02,-7.698865234851837158e-02,2.259202301502227783e-01,3.312543034553527832e-01,-4.674172699451446533e-01,2.717225551605224609e-01,4.397449791431427002e-01,-5.348722338676452637e-01,3.600524663925170898e-01,-2.478888481855392456e-01,5.593513250350952148e-01,-5.663011670112609863e-01,-3.416127264499664307e-01,3.400033116340637207e-01,-3.777596354484558105e-01,-4.477200508117675781e-01,-2.919464409351348877e-01,-5.484516620635986328e-01
1.497354030609130859e+00,-3.178241491317749023e+00,6.842052340507507324e-01,-7.894036918878555298e-02,-1.089489907026290894e-01,-6.536213755607604980e-01,7.447668313980102539e-01,-9.695039987564086914e-01,5.991725921630859375e-01,-1.486124563962221146e-02,1.318158030509948730e+00,3.761961162090301514e-01,-2.111517190933227539e-01,-1.061797663569450378e-01,-1.383427828550338745e-01,-2.830664217472076416e-01,1.127851843833923340e+00,-8.358178138732910156e-01,-2.309610694646835327e-02,-6.642676144838333130e-02,2.194935530424118042e-01,3.536479771137237549e-01,-5.748807787895202637e-01,2.722277045249938965e-01,4.218270182609558105e-01,-5.503134727478027344e-01,3.582062721252441406e-01,-2.441359311342239380e-01,5.575469732284545898e-01,-6.770946979522705078e-01,-2.525012493133544922e-01,3.104747831821441650e-01,-3.748110234737396240e-01,-4.379750192165374756e-01,-3.008995354175567627e-01,-5.807988643646240234e-01
1.506562352180480957e+00,-3.177952527999877930e+00,6.932911872863769531e-01,-7.203923165798187256e-02,-1.220997348427772522e-01,-6.538975238800048828e-01,7.431823611259460449e-01,-8.036456108093261719e-01,5.269495844841003418e-01,3.863308578729629517e-02,1.161987423896789551e+00,4.033314585685729980e-01,-2.138552814722061157e-01,-8.562409877777099609e-02,-1.784445047378540039e-01,-2.567842900753021240e-01,1.101897239685058594e+00,-8.175042271614074707e-01,-2.926371991634368896e-03,-5.780825018882751465e-02,2.011639773845672607e-01,3.675475716590881348e-01,-6.380259990692138672e-01,2.578605115413665771e-01,3.771330416202545166e-01,-5.449482798576354980e-01,3.341572582721710205e-01,-2.471267879009246826e-01,5.668603777885437012e-01,-7.458024621009826660e-01,-1.664797514677047729e-01,3.019192814826965332e-01,-3.490458130836486816e-01,-4.573201537132263184e-01,-3.011156320571899414e-01,-5.934962630271911621e-01
1.518016457557678223e+00,-3.180187702178955078e+00,7.071775197982788086e-01,-6.413795799016952515e-02,-1.429924517869949341e-01,-6.545653343200683594e-01,7.395834326744079590e-01,-5.779291391372680664e-01,4.167542159557342529e-01,9.070608019828796387e-02,9.197136163711547852e-01,4.471264779567718506e-01,-2.459830343723297119e-01,-4.209241643548011780e-02,-2.344098538160324097e-01,-2.265536934137344360e-01,1.057461619377136230e+00,-7.950766086578369141e-01,2.281532250344753265e-02,-4.926526546478271484e-02,1.712537258863449097e-01,3.891488313674926758e-01,-6.696627140045166016e-01,2.330437600612640381e-01,3.153717815876007080e-01,-5.295198559761047363e-01,2.969101369380950928e-01,-2.342603057622909546e-01,5.498518943786621094e-01,-7.897214293479919434e-01,-9.409317374229431152e-02,3.282285630702972412e-01,-3.101821839809417725e-01,-4.505716860294342041e-01,-3.048450648784637451e-01,-5.745768547058105469e-01
1.527140855789184570e+00,-3.183600664138793945e+00,7.221022844314575195e-01,-5.635646730661392212e-02,-1.597918868064880371e-01,-6.570285558700561523e-01,7.345774173736572266e-01,-3.690106272697448730e-01,3.303704261779785156e-01,1.543342769145965576e-01,7.027145624160766602e-01,3.469651043415069580e-01,-2.043379694223403931e-01,-2.164662582799792290e-03,-2.752684652805328369e-01,-1.983110606670379639e-01,1.004414081573486328e+00,-7.728119492530822754e-01,3.638959303498268127e-02,-3.584693744778633118e-02,1.483461856842041016e-01,3.948910534381866455e-01,-6.837935447692871094e-01,2.183739989995956421e-01,2.066631466150283813e-01,-4.983469843864440918e-01,2.306243628263473511e-01,-2.064748257398605347e-01,5.176612138748168945e-01,-8.179406523704528809e-01,-4.564459249377250671e-02,4.099078178405761719e-01,-2.505981624126434326e-01,-4.541822671890258789e-01,-2.975752949714660645e-01,-5.404572486877441406e-01
1.535231113433837891e+00,-3.187551975250244141e+00,7.320195436477661133e-01,-5.448498204350471497e-02,-1.664524078369140625e-01,-6.599997878074645996e-01,7.305650115013122559e-01,-1.756827682256698608e-01,2.816686928272247314e-01,2.620668709278106689e-01,4.887803494930267334e-01,1.626851260662078857e-01,-1.681459993124008179e-01,2.556728012859821320e-02,-2.872256040573120117e-01,-1.774389594793319702e-01,9.639257192611694336e-01,-7.588096261024475098e-01,3.767225891351699829e-02,-2.620838955044746399e-02,1.457424759864807129e-01,3.836584687232971191e-01,-7.034879326820373535e-01,2.271015048027038574e-01,7.659894227981567383e-02,-4.490116536617279053e-01,1.766675412654876709e-01,-1.883322298526763916e-01,4.512707889080047607e-01,-8.550937175750732422e-01,-3.010306693613529205e-02,5.240226984024047852e-01,-1.780534088611602783e-01,-4.658174514770507812e-01,-2.833994328975677490e-01,-4.899571835994720459e-01
1.536891102790832520e+00,-3.189897775650024414e+00,7.399169206619262695e-01,-4.764052852988243103e-02,-1.796111315488815308e-01,-6.637194156646728516e-01,7.245321273803710938e-01,-5.463623628020286560e-02,2.351054847240447998e-01,3.637702763080596924e-01,3.146460950374603271e-01,1.958694905042648315e-01,-1.353272795677185059e-01,4.920074343681335449e-02,-3.065370619297027588e-01,-1.473474353551864624e-01,9.281675815582275391e-01,-7.419467568397521973e-01,3.132320567965507507e-02,-2.042146399617195129e-02,1.217566430568695068e-01,3.753454685211181641e-01,-7.128772139549255371e-01,2.271201908588409424e-01,6.798414885997772217e-02,-4.105872213840484619e-01,4.165611043572425842e-02,-1.367821246385574341e-01,3.358789384365081787e-01,-8.883525133132934570e-01,-3.308168053627014160e-02,6.063369512557983398e-01,-1.082680299878120422e-01,-4.875315725803375244e-01,-2.875623703002929688e-01,-8.002366423606872559e-01
1.536829113960266113e+00,-3.190709114074707031e+00,7.384343147277832031e-01,-4.751151427626609802e-02,-1.848543286323547363e-01,-6.619404554367065430e-01,7.248492240905761719e-01,-3.304198384284973145e-02,2.274952679872512817e-01,3.679590821266174316e-01,2.966637909412384033e-01,1.847714930772781372e-01,-1.492529809474945068e-01,5.482317879796028137e-02,-3.113052248954772949e-01,-1.391889005899429321e-01,9.374870657920837402e-01,-7.464931011199951172e-01,2.600744739174842834e-02,-3.355158865451812744e-02,1.054185628890991211e-01,3.695877194404602051e-01,-7.253349423408508301e-01,2.397651076316833496e-01,6.036752462387084961e-02,-3.690634071826934814e-01,5.005054920911788940e-02,-9.760811924934387207e-02,2.776549160480499268e-01,-8.752027153968811035e-01,-3.530842438340187073e-02,5.809606909751892090e-01,-8.980259299278259277e-02,-4.506674110889434814e-01,-2.856265306472778320e-01,-7.316772937774658203e-01
1.533371686935424805e+00,-3.188353300094604492e+00,7.313501238822937012e-01,-5.044353753328323364e-02,-1.831636130809783936e-01,-6.469686031341552734e-01,7.384701371192932129e-01,-1.074652001261711121e-01,2.514467537403106689e-01,3.343737423419952393e-01,4.026768803596496582e-01,1.643379777669906616e-01,-1.507939845323562622e-01,5.482575297355651855e-02,-3.096784055233001709e-01,-1.716568619012832642e-01,9.651980996131896973e-01,-7.603418827056884766e-01,2.139763720333576202e-02,-6.752458959817886353e-02,9.049645811319351196e-02,3.666862547397613525e-01,-7.423180341720581055e-01,2.739882171154022217e-01,1.508625503629446030e-02,-3.223585188388824463e-01,9.950002282857894897e-02,-9.609451889991760254e-02,3.255668878555297852e-01,-8.474596142768859863e-01,-6.042754277586936951e-02,5.225512385368347168e-01,-1.100064739584922791e-01,-4.615707993507385254e-01,-2.561228871345520020e-01,-5.967839360237121582e-01
1.527024388313293457e+00,-3.185285806655883789e+00,7.196598649024963379e-01,-6.203250959515571594e-02,-1.635577380657196045e-01,-6.173520088195800781e-01,7.669923901557922363e-01,-3.115280568599700928e-01,3.051461577415466309e-01,2.296476662158966064e-01,6.263868212699890137e-01,1.948999464511871338e-01,-1.212210282683372498e-01,5.471763014793395996e-02,-2.779296934604644775e-01,-2.634413838386535645e-01,9.883886575698852539e-01,-7.757566571235656738e-01,1.364652439951896667e-02,-1.285679489374160767e-01,1.055338755249977112e-01,3.529802262783050537e-01,-7.457666993141174316e-01,3.050051331520080566e-01,-4.200996086001396179e-02,-2.722549736499786377e-01,2.150741070508956909e-01,-9.115657210350036621e-02,3.526620268821716309e-01,-8.099203109741210938e-01,-1.083623245358467102e-01,4.661779105663299561e-01,-1.392810791730880737e-01,-4.603009521961212158e-01,-2.439258098602294922e-01,-5.451007485389709473e-01
1.519686341285705566e+00,-3.183350563049316406e+00,7.072901725769042969e-01,-7.666602730751037598e-02,-1.406227797269821167e-01,-5.910190939903259277e-01,7.905972003936767578e-01,-5.652284026145935059e-01,3.685760498046875000e-01,1.358830928802490234e-01,8.632835149765014648e-01,3.398553431034088135e-01,-1.490040272474288940e-01,4.987356439232826233e-02,-2.359328716993331909e-01,-3.535629808902740479e-01,1.010048031806945801e+00,-7.918996810913085938e-01,7.601263467222452164e-03,-1.713756322860717773e-01,1.357768028974533081e-01,3.426572084426879883e-01,-7.342757582664489746e-01,3.287442326545715332e-01,-9.929735213518142700e-02,-2.311445176601409912e-01,3.935530483722686768e-01,-7.554852962493896484e-02,3.294129371643066406e-01,-7.405760288238525391e-01,-1.850433498620986938e-01,4.254194498062133789e-01,-1.706417500972747803e-01,-4.496114552021026611e-01,-2.333476543426513672e-01,-5.754801630973815918e-01
1.512570142745971680e+00,-3.181222677230834961e+00,6.955074667930603027e-01,-8.589689433574676514e-02,-1.186771541833877563e-01,-5.693046450614929199e-01,8.089682459831237793e-01,-8.136542439460754395e-01,4.034060239791870117e-01,6.093952432274818420e-02,1.089064002037048340e+00,3.655901849269866943e-01,-1.799765974283218384e-01,2.770222909748554230e-02,-2.076194137334823608e-01,-4.288057684898376465e-01,1.041209459304809570e+00,-8.093242049217224121e-01,4.813366103917360306e-03,-1.948473006486892700e-01,1.598085314035415649e-01,3.254437744617462158e-01,-7.089160680770874023e-01,3.461273014545440674e-01,-1.620615422725677490e-01,-2.070265412330627441e-01,5.617963075637817383e-01,-5.492542684078216553e-02,2.834504246711730957e-01,-6.424914598464965820e-01,-2.833669483661651611e-01,3.970715403556823730e-01,-2.044591903686523438e-01,-4.371562600135803223e-01,-2.308850586414337158e-01,-6.414833068847656250e-01
1.508776903152465820e+00,-3.179572105407714844e+00,6.852357387542724609e-01,-9.058487415313720703e-02,-1.079211980104446411e-01,-5.602599978446960449e-01,8.162451386451721191e-01,-1.011431455612182617e+00,4.144200980663299561e-01,1.301600225269794464e-02,1.326212406158447266e+00,2.898759245872497559e-01,-1.544439196586608887e-01,5.373480729758739471e-03,-2.012671083211898804e-01,-4.648874700069427490e-01,1.082177996635437012e+00,-8.280710577964782715e-01,5.994545295834541321e-03,-1.848819851875305176e-01,1.639498472213745117e-01,3.179736733436584473e-01,-6.611970663070678711e-01,3.654713034629821777e-01,-2.423246949911117554e-01,-1.938832551240921021e-01,6.812950968742370605e-01,-5.497726052999496460e-02,3.271763622760772705e-01,-5.183499455451965332e-01,-3.856359124183654785e-01,3.727022111415863037e-01,-2.358790487051010132e-01,-4.120298326015472412e-01,-2.343760877847671509e-01,-6.884581446647644043e-01
1.506235837936401367e+00,-3.177965402603149414e+00,6.782165169715881348e-01,-9.552844613790512085e-02,-1.105992570519447327e-01,-5.633688569068908691e-01,8.131774663925170898e-01,-1.133848905563354492e+00,4.514493942260742188e-01,-4.154548514634370804e-03,1.542932868003845215e+00,2.301238030195236206e-01,-1.407674700021743774e-01,-1.031994703225791454e-03,-2.006475329399108887e-01,-4.659833014011383057e-01,1.115890145301818848e+00,-8.418655395507812500e-01,2.594494260847568512e-03,-1.619848757982254028e-01,1.509145945310592651e-01,3.390109241008758545e-01,-5.681648850440979004e-01,3.990222215652465820e-01,-3.042081296443939209e-01,-2.093351334333419800e-01,6.890060901641845703e-01,-5.910433828830718994e-02,3.585914671421051025e-01,-3.907277882099151611e-01,-4.572251439094543457e-01,3.541810214519500732e-01,-2.382142692804336548e-01,-3.640512228012084961e-01,-2.498505264520645142e-01,-6.835397481918334961e-01
1.506407737731933594e+00,-3.175896167755126953e+00,6.753633618354797363e-01,-9.518110007047653198e-02,-1.100755482912063599e-01,-5.796813964843750000e-01,8.017439842224121094e-01,-1.227177381515502930e+00,5.106997489929199219e-01,-2.345165424048900604e-02,1.749704003334045410e+00,1.478747129440307617e-01,-9.975980222225189209e-02,-2.713278867304325104e-02,-1.958660632371902466e-01,-4.346478283405303955e-01,1.135095477104187012e+00,-8.400070667266845703e-01,2.146678511053323746e-03,-1.315405666828155518e-01,1.330688297748565674e-01,3.513771891593933105e-01,-4.083868265151977539e-01,4.344015717506408691e-01,-3.249437808990478516e-01,-2.362635880708694458e-01,5.563894510269165039e-01,-7.956028729677200317e-02,3.305372297763824463e-01,-2.573882341384887695e-01,-4.899985194206237793e-01,3.601307868957519531e-01,-2.001023292541503906e-01,-3.203875422477722168e-01,-2.520682513713836670e-01,-6.721042990684509277e-01
1.509074211120605469e+00,-3.172716379165649414e+00,6.770699620246887207e-01,-9.039673954248428345e-02,-1.084649711847305298e-01,-5.954550504684448242e-01,7.908837199211120605e-01,-1.260634303092956543e+00,5.544726252555847168e-01,-3.273626789450645447e-02,1.899148464202880859e+00,6.652228534221649170e-02,-5.041386559605598450e-02,-5.652447789907455444e-02,-2.009543478488922119e-01,-4.037349820137023926e-01,1.139821052551269531e+00,-8.272404074668884277e-01,4.860629327595233917e-03,-1.143838763236999512e-01,1.036524027585983276e-01,3.531202971935272217e-01,-2.006923556327819824e-01,4.539633393287658691e-01,-3.194715678691864014e-01,-2.440859079360961914e-01,4.214273691177368164e-01,-7.750202715396881104e-02,3.042452633380889893e-01,-1.147526130080223083e-01,-4.843641817569732666e-01,3.640875220298767090e-01,-1.458225250244140625e-01,-3.285410702228546143e-01,-2.389817833900451660e-01,-6.493268013000488281e-01
1.514346241950988770e+00,-3.168872594833374023e+00,6.825275421142578125e-01,-8.533505350351333618e-02,-9.992469847202301025e-02,-6.112589836120605469e-01,7.804456949234008789e-01,-1.246576309204101562e+00,5.754533410072326660e-01,-4.555300250649452209e-02,1.995111227035522461e+00,-1.263608341105282307e-03,-5.309042707085609436e-02,-9.162567555904388428e-02,-1.963337957859039307e-01,-3.746177256107330322e-01,1.123536229133605957e+00,-8.007931709289550781e-01,9.609906934201717377e-03,-1.066378504037857056e-01,8.456135541200637817e-02,3.430710434913635254e-01,3.638248518109321594e-02,4.374827146530151367e-01,-2.821616232395172119e-01,-2.219197154045104980e-01,3.112744688987731934e-01,-7.343424111604690552e-02,2.602826356887817383e-01,3.207919374108314514e-02,-4.541892409324645996e-01,3.425983786582946777e-01,-1.027224361896514893e-01,-3.327976167201995850e-01,-2.174403816461563110e-01,-5.510205626487731934e-01
1.522321581840515137e+00,-3.163687229156494141e+00,6.917931437492370605e-01,-7.441291213035583496e-02,-9.014460444450378418e-02,-6.272372603416442871e-01,7.700065374374389648e-01,-1.161145806312561035e+00,5.550619363784790039e-01,-3.178539127111434937e-02,2.018829345703125000e+00,-4.456954821944236755e-02,-1.237299442291259766e-01,-1.343698799610137939e-01,-1.976968050003051758e-01,-3.351837396621704102e-01,1.089785099029541016e+00,-7.592413425445556641e-01,2.050188183784484863e-02,-9.998707473278045654e-02,6.160008534789085388e-02,3.212784230709075928e-01,2.778987586498260498e-01,3.808107674121856689e-01,-2.223631441593170166e-01,-1.885223239660263062e-01,2.613049745559692383e-01,-7.188169658184051514e-02,2.321408987045288086e-01,1.797328144311904907e-01,-4.090221822261810303e-01,3.007201254367828369e-01,-7.417772710323333740e-02,-3.972708284854888916e-01,-2.153611928224563599e-01,-4.589388668537139893e-01
1.533744931221008301e+00,-3.157831668853759766e+00,7.034748792648315430e-01,-5.949556455016136169e-02,-8.155042678117752075e-02,-6.443449854850769043e-01,7.580431103706359863e-01,-1.009565830230712891e+00,4.751100540161132812e-01,3.098923247307538986e-03,1.957661747932434082e+00,-5.041965842247009277e-02,-2.458591908216476440e-01,-1.784718483686447144e-01,-2.073004096746444702e-01,-2.852054238319396973e-01,1.043840765953063965e+00,-7.095818519592285156e-01,3.953766077756881714e-02,-8.140673488378524780e-02,3.760832175612449646e-02,2.942687571048736572e-01,4.852297306060791016e-01,3.000088632106781006e-01,-1.518631428480148315e-01,-1.671141386032104492e-01,2.842814326286315918e-01,-7.541049271821975708e-02,2.432117015123367310e-01,3.267912566661834717e-01,-3.601082861423492432e-01,2.522147595882415771e-01,-6.315297633409500122e-02,-4.203785061836242676e-01,-2.090517133474349976e-01,-4.030893743038177490e-01
1.551169395446777344e+00,-3.152612447738647461e+00,7.159827351570129395e-01,-4.072662442922592163e-02,-7.611375302076339722e-02,-6.617724895477294922e-01,7.447181940078735352e-01,-8.241853713989257812e-01,3.386013209819793701e-01,5.356626585125923157e-02,1.803011178970336914e+00,-2.806958556175231934e-02,-2.617999911308288574e-01,-2.172161936759948730e-01,-2.323556095361709595e-01,-2.234691232442855835e-01,9.825527071952819824e-01,-6.502196192741394043e-01,7.599068433046340942e-02,-4.935926944017410278e-02,1.190849114209413528e-02,2.651399970054626465e-01,6.435534954071044922e-01,2.169364988803863525e-01,-8.931373059749603271e-02,-1.588117033243179321e-01,3.358103632926940918e-01,-7.477281242609024048e-02,2.464244514703750610e-01,4.699469208717346191e-01,-3.006569147109985352e-01,1.874581277370452881e-01,-6.114574894309043884e-02,-3.810462951660156250e-01,-1.798568069934844971e-01,-3.106538057327270508e-01
1.569633007049560547e+00,-3.151240587234497070e+00,7.278583645820617676e-01,-2.938682585954666138e-02,-7.711876928806304932e-02,-6.889120340347290039e-01,7.201314568519592285e-01,-6.031366586685180664e-01,1.564829349517822266e-01,3.714692965149879456e-02,1.549412250518798828e+00,3.147402405738830566e-02,-2.617999911308288574e-01,-2.366231977939605713e-01,-2.417918592691421509e-01,-1.421491056680679321e-01,9.229306578636169434e-01,-6.070075631141662598e-01,1.099743321537971497e-01,7.149109151214361191e-03,-9.733292274177074432e-03,2.513865828514099121e-01,7.568892836570739746e-01,1.487479507923126221e-01,-4.747962951660156250e-02,-1.584452837705612183e-01,3.211187422275543213e-01,-6.714453548192977905e-02,2.319335043430328369e-01,5.943493247032165527e-01,-2.467308342456817627e-01,1.259463429450988770e-01,-6.383319944143295288e-02,-4.169523417949676514e-01,-1.627638638019561768e-01,-2.084190249443054199e-01
1.584185957908630371e+00,-3.151645183563232422e+00,7.363662719726562500e-01,-2.906863950192928314e-02,-7.546147704124450684e-02,-7.214222550392150879e-01,6.877576112747192383e-01,-3.743221461772918701e-01,4.394545976538211107e-04,-4.736020043492317200e-02,1.259108543395996094e+00,-1.915286295115947723e-02,-2.617999911308288574e-01,-2.514820694923400879e-01,-2.173831164836883545e-01,-6.445528566837310791e-02,8.821224570274353027e-01,-5.848203897476196289e-01,1.241803392767906189e-01,7.158262282609939575e-02,-9.631635621190071106e-03,2.441214174032211304e-01,8.294192552566528320e-01,1.047080159187316895e-01,-2.839631401002407074e-02,-1.705336719751358032e-01,2.773251831531524658e-01,-7.112756371498107910e-02,2.412699162960052490e-01,6.745211482048034668e-01,-2.296808362007141113e-01,8.920022100210189819e-02,-6.012856960296630859e-02,-4.954966306686401367e-01,-1.560478806495666504e-01,-1.744201183319091797e-01
1.594269156455993652e+00,-3.148698568344116211e+00,7.361240386962890625e-01,-4.615059122443199158e-02,-5.980937927961349487e-02,-7.478846907615661621e-01,6.595160365104675293e-01,-1.846245825290679932e-01,1.555117871612310410e-02,-7.170508056879043579e-02,1.113087892532348633e+00,-4.151185154914855957e-01,-2.306750416755676270e-01,-2.818407416343688965e-01,-1.432393640279769897e-01,-2.607680857181549072e-02,8.939921855926513672e-01,-5.685573816299438477e-01,1.058566272258758545e-01,1.067404672503471375e-01,3.182032331824302673e-02,2.391823530197143555e-01,8.622537255287170410e-01,8.673617988824844360e-02,-2.679921872913837433e-02,-1.836971193552017212e-01,2.623942494392395020e-01,-7.070771604776382446e-02,2.582288980484008789e-01,7.086192369461059570e-01,-2.532639205455780029e-01,7.491938769817352295e-02,-5.285199359059333801e-02,-5.246095657348632812e-01,-1.589547097682952881e-01,-2.020018994808197021e-01
1.602983236312866211e+00,-3.146551132202148438e+00,7.341860532760620117e-01,-5.861404538154602051e-02,-5.558334290981292725e-02,-7.680321335792541504e-01,6.352964639663696289e-01,-3.978864103555679321e-02,6.681425124406814575e-02,8.039939403533935547e-02,9.531732797622680664e-01,-6.065074801445007324e-01,-2.635109983384609222e-02,-3.061724007129669189e-01,-1.003401651978492737e-01,6.500459276139736176e-03,9.228308796882629395e-01,-5.493782758712768555e-01,9.716182947158813477e-02,1.220252439379692078e-01,4.404404759407043457e-02,2.482027858495712280e-01,8.458473086357116699e-01,8.246698975563049316e-02,-3.006318584084510803e-02,-2.162386626005172729e-01,2.955068945884704590e-01,-7.321550697088241577e-02,2.727571725845336914e-01,6.842620968818664551e-01,-2.802273333072662354e-01,4.807918891310691833e-02,-4.234701395034790039e-02,-5.023195147514343262e-01,-1.779540926218032837e-01,-2.144480943679809570e-01
1.611208200454711914e+00,-3.143005609512329102e+00,7.312502264976501465e-01,-6.731732189655303955e-02,-6.064604967832565308e-02,-7.760486006736755371e-01,6.241306066513061523e-01,3.773230314254760742e-02,8.164892345666885376e-02,2.011217921972274780e-01,8.746514916419982910e-01,-6.842292547225952148e-01,4.921989142894744873e-02,-3.377568125724792480e-01,-1.051763519644737244e-01,5.509616807103157043e-03,9.836417436599731445e-01,-5.023342967033386230e-01,8.612738549709320068e-02,1.056040376424789429e-01,2.091809734702110291e-02,2.704237401485443115e-01,7.596679925918579102e-01,1.182944998145103455e-01,-3.440354391932487488e-02,-2.409329563379287720e-01,3.698243796825408936e-01,-9.009698778390884399e-02,3.139315843582153320e-01,6.014905571937561035e-01,-2.794399261474609375e-01,1.244244445115327835e-02,-1.037169713526964188e-02,-4.369972646236419678e-01,-2.107996642589569092e-01,-2.652758061885833740e-01
1.617190361022949219e+00,-3.134850025177001953e+00,7.269151806831359863e-01,-8.032330125570297241e-02,-5.677945166826248169e-02,-7.700897455215454102e-01,6.303063035011291504e-01,2.183157019317150116e-02,9.478520601987838745e-02,1.634497493505477905e-01,9.116910696029663086e-01,-7.044992446899414062e-01,4.323436692357063293e-02,-3.968760371208190918e-01,-1.134508401155471802e-01,-3.021146543323993683e-02,1.076986908912658691e+00,-3.909593224525451660e-01,8.894208073616027832e-02,4.908152297139167786e-02,6.134234368801116943e-03,2.834456264972686768e-01,6.057957410812377930e-01,1.919237375259399414e-01,-4.232574999332427979e-02,-2.604174613952636719e-01,3.342551589012145996e-01,-1.110256314277648926e-01,3.589092195034027100e-01,4.860946834087371826e-01,-2.529375255107879639e-01,-4.662926495075225830e-02,4.603109322488307953e-03,-4.038590490818023682e-01,-2.005847841501235962e-01,-3.734174966812133789e-01
1.622806787490844727e+00,-3.126854896545410156e+00,7.200868129730224609e-01,-9.743538498878479004e-02,-4.198890551924705505e-02,-7.628082036972045898e-01,6.378611922264099121e-01,-1.302047725766897202e-02,1.438918858766555786e-01,1.199413836002349854e-01,9.724622964859008789e-01,-7.408170104026794434e-01,5.197691731154918671e-03,-5.009851455688476562e-01,-1.198049262166023254e-01,-7.530485838651657104e-02,1.204548716545104980e+00,-1.997747570276260376e-01,1.638184189796447754e-01,1.018050359562039375e-03,1.889166049659252167e-02,2.852887511253356934e-01,3.865624666213989258e-01,2.848786115646362305e-01,-4.367637261748313904e-02,-2.731566131114959717e-01,3.270812630653381348e-01,-1.209300532937049866e-01,3.859136104583740234e-01,3.356842696666717529e-01,-2.286387830972671509e-01,-1.156854629516601562e-01,-7.240168284624814987e-03,-3.868110179901123047e-01,-2.099985778331756592e-01,-4.824085533618927002e-01
1.627241492271423340e+00,-3.122043371200561523e+00,7.145552039146423340e-01,-1.137847006320953369e-01,-3.941435739398002625e-02,-7.713557481765747070e-01,6.249078512191772461e-01,5.275756586343050003e-03,2.073822319507598877e-01,1.715499013662338257e-01,1.002287030220031738e+00,-7.653228640556335449e-01,-3.089645504951477051e-02,-6.162909865379333496e-01,-1.569546312093734741e-01,-1.109260544180870056e-01,1.347589254379272461e+00,-3.652499755844473839e-03,2.617982327938079834e-01,2.991459565237164497e-03,1.911391317844390869e-02,2.990789711475372314e-01,1.226064637303352356e-01,3.496345281600952148e-01,-2.685065194964408875e-02,-3.026573657989501953e-01,3.470653593540191650e-01,-1.345686763525009155e-01,4.384636580944061279e-01,1.675439476966857910e-01,-2.379877418279647827e-01,-1.696512550115585327e-01,-8.022338896989822388e-02,-3.911729454994201660e-01,-2.325595170259475708e-01,-5.569054484367370605e-01
1.632839441299438477e+00,-3.120357036590576172e+00,7.058167457580566406e-01,-1.326991021633148193e-01,-4.968263953924179077e-02,-7.893195748329162598e-01,5.974087119102478027e-01,6.273749470710754395e-02,2.494932115077972412e-01,2.556104958057403564e-01,1.038933157920837402e+00,-7.931295633316040039e-01,-4.389935731887817383e-02,-7.109035849571228027e-01,-2.394384294748306274e-01,-1.572661399841308594e-01,1.527477622032165527e+00,5.779609456658363342e-02,2.617999911308288574e-01,2.977849915623664856e-02,7.900865748524665833e-03,3.350562751293182373e-01,-1.736606955528259277e-01,4.005702733993530273e-01,-5.498162005096673965e-03,-3.470879495143890381e-01,3.284573853015899658e-01,-1.572978943586349487e-01,5.187899470329284668e-01,-2.402615547180175781e-02,-2.955594658851623535e-01,-1.701873987913131714e-01,-1.827088147401809692e-01,-3.979824483394622803e-01,-2.445353716611862183e-01,-6.206533908843994141e-01
1.640142917633056641e+00,-3.122949361801147461e+00,6.982409954071044922e-01,-1.612419039011001587e-01,-7.027854025363922119e-02,-8.029035925865173340e-01,5.695680379867553711e-01,1.678096354007720947e-01,2.538763880729675293e-01,3.226163089275360107e-01,1.049707412719726562e+00,-8.191159963607788086e-01,-3.798278793692588806e-02,-7.568452954292297363e-01,-3.066098392009735107e-01,-1.557477414608001709e-01,1.706648468971252441e+00,1.981848292052745819e-02,2.143425643444061279e-01,4.580454528331756592e-02,-9.189239703118801117e-03,4.007175564765930176e-01,-4.693672060966491699e-01,4.404112100601196289e-01,8.488474413752555847e-03,-3.752157986164093018e-01,4.071658253669738770e-01,-1.748780310153961182e-01,5.801852941513061523e-01,-2.509808540344238281e-01,-3.601795136928558350e-01,-1.360361576080322266e-01,-2.632019519805908203e-01,-4.074169695377349854e-01,-2.626068592071533203e-01,-6.645377278327941895e-01
1.647295832633972168e+00,-3.127223491668701172e+00,6.949383020401000977e-01,-1.846131831407546997e-01,-9.048958122730255127e-02,-8.152111768722534180e-01,5.414428710937500000e-01,2.754286825656890869e-01,2.285523414611816406e-01,3.823604285717010498e-01,1.022808432579040527e+00,-8.307672142982482910e-01,-2.304961532354354858e-02,-7.913742065429687500e-01,-3.613453805446624756e-01,-1.397816389799118042e-01,1.830302238464355469e+00,8.882427355274558067e-04,1.260661184787750244e-01,6.536626070737838745e-02,-3.260719031095504761e-02,4.488284587860107422e-01,-7.180657386779785156e-01,4.685215353965759277e-01,-5.619206465780735016e-03,-3.739441335201263428e-01,5.041770339012145996e-01,-1.827534586191177368e-01,6.121583580970764160e-01,-4.725044667720794678e-01,-4.059669375419616699e-01,-9.063065797090530396e-02,-3.003839254379272461e-01,-4.366120100021362305e-01,-2.827445566654205322e-01,-6.680240035057067871e-01
1.653340816497802734e+00,-3.130891323089599609e+00,6.972814798355102539e-01,-1.985090374946594238e-01,-9.284096956253051758e-02,-8.237197399139404297e-01,5.229344964027404785e-01,3.316638171672821045e-01,2.168977260589599609e-01,4.132678210735321045e-01,9.900862574577331543e-01,-8.300042748451232910e-01,-3.786653280258178711e-03,-8.002603054046630859e-01,-4.088029861450195312e-01,-1.642497926950454712e-01,1.842599153518676758e+00,2.088769339025020599e-02,7.117256522178649902e-02,6.296192854642868042e-02,-2.984657138586044312e-02,4.473125338554382324e-01,-8.991121649742126465e-01,4.665190875530242920e-01,-3.670260682702064514e-02,-3.323437869548797607e-01,5.162081718444824219e-01,-1.825513243675231934e-01,6.217328310012817383e-01,-6.650608777999877930e-01,-4.328774213790893555e-01,-4.048230499029159546e-02,-3.015969395637512207e-01,-4.389488101005554199e-01,-2.891331315040588379e-01,-6.474557518959045410e-01
1.656622290611267090e+00,-3.135045528411865234e+00,7.032645344734191895e-01,-2.060383558273315430e-01,-8.631677180528640747e-02,-8.337227106094360352e-01,5.049792528152465820e-01,3.696000277996063232e-01,2.166986763477325439e-01,4.418966770172119141e-01,9.474437832832336426e-01,-8.186789751052856445e-01,5.800394341349601746e-03,-7.660588622093200684e-01,-4.238869845867156982e-01,-2.289193570613861084e-01,1.733431339263916016e+00,2.728022821247577667e-02,4.542613029479980469e-02,5.270828679203987122e-02,-1.218019891530275345e-02,4.142647087574005127e-01,-1.017869114875793457e+00,4.540572762489318848e-01,-7.473832368850708008e-02,-2.681673467159271240e-01,4.303933680057525635e-01,-1.894972473382949829e-01,6.335986256599426270e-01,-8.206235170364379883e-01,-4.395709037780761719e-01,2.428311295807361603e-02,-2.794488072395324707e-01,-3.630322217941284180e-01,-2.919325232505798340e-01,-6.191787719726562500e-01
1.657178401947021484e+00,-3.137619495391845703e+00,7.114008665084838867e-01,-2.108832895755767822e-01,-7.598665356636047363e-02,-8.446339964866638184e-01,4.861559867858886719e-01,3.966178894042968750e-01,2.299991995096206665e-01,4.719014167785644531e-01,9.079151153564453125e-01,-7.983098030090332031e-01,-7.984114927239716053e-05,-6.884086728096008301e-01,-3.693481981754302979e-01,-2.983454167842864990e-01,1.516113519668579102e+00,7.397264125756919384e-04,8.746255189180374146e-02,3.492305055260658264e-02,5.882317665964365005e-03,3.701446354389190674e-01,-1.094252586364746094e+00,4.462871849536895752e-01,-1.121350005269050598e-01,-2.134346663951873779e-01,2.952565550804138184e-01,-1.858356297016143799e-01,6.166201233863830566e-01,-9.534162282943725586e-01,-4.228412806987762451e-01,1.047635748982429504e-01,-2.322267889976501465e-01,-2.759886384010314941e-01,-2.965501844882965088e-01,-6.317601203918457031e-01
1.656603813171386719e+00,-3.139017820358276367e+00,7.206189632415771484e-01,-2.162684798240661621e-01,-6.461157649755477905e-02,-8.497589230537414551e-01,4.764063656330108643e-01,4.150900244712829590e-01,2.482175827026367188e-01,4.783514142036437988e-01,8.711466789245605469e-01,-7.781302928924560547e-01,-1.111587136983871460e-02,-5.774307847023010254e-01,-2.841773331165313721e-01,-3.393630981445312500e-01,1.192305207252502441e+00,1.127273514866828918e-01,1.581858992576599121e-01,2.607270143926143646e-04,1.628530956804752350e-02,3.312317430973052979e-01,-1.170392751693725586e+00,4.433951675891876221e-01,-1.772834658622741699e-01,-1.562432795763015747e-01,1.707027405500411987e-01,-1.590837389230728149e-01,6.128706932067871094e-01,-1.060546636581420898e+00,-4.070650637149810791e-01,1.837462037801742554e-01,-1.765352785587310791e-01,-2.147658616304397583e-01,-3.015599846839904785e-01,-6.177347898483276367e-01
1.656501889228820801e+00,-3.138101339340209961e+00,7.318201065063476562e-01,-2.203789204359054565e-01,-5.322897061705589294e-02,-8.484700918197631836e-01,4.782240986824035645e-01,4.226691722869873047e-01,2.677038013935089111e-01,4.670758843421936035e-01,8.272677659988403320e-01,-7.512416243553161621e-01,-1.997180283069610596e-02,-4.051422178745269775e-01,-2.581430077552795410e-01,-4.494445323944091797e-01,7.968297004699707031e-01,3.756966590881347656e-01,2.617999613285064697e-01,-4.096115380525588989e-02,1.152243465185165405e-02,3.017363846302032471e-01,-1.262057304382324219e+00,4.383795857429504395e-01,-2.782012224197387695e-01,-9.712308645248413086e-02,7.908891141414642334e-02,-1.284241974353790283e-01,5.984456539154052734e-01,-1.148276329040527344e+00,-4.251467287540435791e-01,2.865545749664306641e-01,-1.314390599727630615e-01,-1.971828937530517578e-01,-3.202470242977142334e-01,-6.214681267738342285e-01
1.656719923019409180e+00,-3.134289503097534180e+00,7.384401559829711914e-01,-2.160891890525817871e-01,-4.332342371344566345e-02,-8.466053605079650879e-01,4.844460189342498779e-01,3.969206213951110840e-01,2.875341475009918213e-01,4.555467665195465088e-01,8.154584169387817383e-01,-7.358359098434448242e-01,-2.691812440752983093e-02,-2.585828006267547607e-01,-2.117719203233718872e-01,-5.176256299018859863e-01,4.524128139019012451e-01,4.486251771450042725e-01,2.617999911308288574e-01,-6.951305270195007324e-02,-7.914224639534950256e-03,2.636352181434631348e-01,-1.361673712730407715e+00,4.329997301101684570e-01,-4.114969968795776367e-01,-3.059047646820545197e-02,1.893375627696514130e-02,-1.259219348430633545e-01,5.745091438293457031e-01,-1.226148366928100586e+00,-4.787358939647674561e-01,4.223332405090332031e-01,-1.122237443923950195e-01,-2.123730033636093140e-01,-3.279184103012084961e-01,-6.842387914657592773e-01
1.658417224884033203e+00,-3.131021499633789062e+00,7.388218045234680176e-01,-2.138967365026473999e-01,-4.153972864151000977e-02,-8.392860293388366699e-01,4.981180131435394287e-01,3.689783513545989990e-01,2.953259050846099854e-01,4.319436848163604736e-01,8.314028382301330566e-01,-7.443127036094665527e-01,-2.481879293918609619e-02,-1.584420055150985718e-01,-1.870522499084472656e-01,-4.896064102649688721e-01,3.077247738838195801e-01,4.238862097263336182e-01,2.617999911308288574e-01,-9.465042501688003540e-02,-3.697783127427101135e-02,2.444858103990554810e-01,-1.424901366233825684e+00,4.180014431476593018e-01,-4.663041532039642334e-01,-2.864310517907142639e-03,-9.774859994649887085e-02,-1.043085008859634399e-01,4.914092123508453369e-01,-1.280247569084167480e+00,-5.402672886848449707e-01,4.877558946609497070e-01,-1.046671494841575623e-01,-2.475548386573791504e-01,-2.863932251930236816e-01,-9.635931849479675293e-01
1.658774614334106445e+00,-3.131306648254394531e+00,7.298875451087951660e-01,-2.154515087604522705e-01,-4.957094788551330566e-02,-8.297809362411499023e-01,5.124323368072509766e-01,3.473792374134063721e-01,2.910590767860412598e-01,4.000720679759979248e-01,8.930996060371398926e-01,-7.792341709136962891e-01,-2.103843353688716888e-02,-1.060977876186370850e-01,-1.402405798435211182e-01,-2.691368460655212402e-01,3.026726841926574707e-01,2.149071544408798218e-01,2.567722797393798828e-01,-1.055987849831581116e-01,-6.560543924570083618e-02,2.538402080535888672e-01,-1.477368712425231934e+00,4.197821915149688721e-01,-4.578063786029815674e-01,-3.954741172492504120e-03,-7.318337261676788330e-02,-9.188097715377807617e-02,4.595966339111328125e-01,-1.311104059219360352e+00,-6.007305383682250977e-01,4.783542752265930176e-01,-1.099855378270149231e-01,-2.329500913619995117e-01,-2.912721633911132812e-01,-9.171893000602722168e-01
1.660441160202026367e+00,-3.132344722747802734e+00,7.195551991462707520e-01,-2.196505516767501831e-01,-5.829813703894615173e-02,-8.332017064094543457e-01,5.041129589080810547e-01,3.533391058444976807e-01,2.874563038349151611e-01,4.185405075550079346e-01,9.483711123466491699e-01,-8.106973171234130859e-01,-2.077964879572391510e-02,-8.477887511253356934e-02,-1.323079764842987061e-01,-2.196273505687713623e-01,3.160819113254547119e-01,7.690134644508361816e-02,2.617993652820587158e-01,-7.347254455089569092e-02,-7.428922504186630249e-02,2.714937329292297363e-01,-1.506843328475952148e+00,4.543554484844207764e-01,-4.480512440204620361e-01,-2.001281082630157471e-02,-2.812018152326345444e-03,-9.330014884471893311e-02,4.979850947856903076e-01,-1.336966753005981445e+00,-6.487023234367370605e-01,4.677703082561492920e-01,-1.279852390289306641e-01,-2.133499383926391602e-01,-3.097129464149475098e-01,-8.134058117866516113e-01
1.665242195129394531e+00,-3.131372451782226562e+00,7.132503390312194824e-01,-2.280429899692535400e-01,-6.316551566123962402e-02,-8.377312421798706055e-01,4.921512603759765625e-01,3.690186440944671631e-01,2.908773124217987061e-01,4.465295076370239258e-01,9.824332594871520996e-01,-8.259257078170776367e-01,-1.695630326867103577e-02,-1.058905124664306641e-01,-1.296571195125579834e-01,-1.919882297515869141e-01,3.618947565555572510e-01,8.576820045709609985e-02,2.617999911308288574e-01,-5.073235556483268738e-02,-6.683593988418579102e-02,2.991200983524322510e-01,-1.506319165229797363e+00,5.141611099243164062e-01,-4.289335906505584717e-01,-4.963997378945350647e-02,8.901122957468032837e-02,-8.797569572925567627e-02,4.972640573978424072e-01,-1.350567579269409180e+00,-6.866023540496826172e-01,4.622864723205566406e-01,-1.518509685993194580e-01,-2.019242644309997559e-01,-3.220113515853881836e-01,-7.209980487823486328e-01
1.669272065162658691e+00,-3.131815195083618164e+00,7.022659778594970703e-01,-2.286275625228881836e-01,-7.519314438104629517e-02,-8.418167233467102051e-01,4.831356704235076904e-01,3.750939369201660156e-01,2.697598338127136230e-01,4.704109132289886475e-01,1.023284196853637695e+00,-8.465577363967895508e-01,-7.223278284072875977e-03,-2.037225514650344849e-01,-1.731579154729843140e-01,-1.744164228439331055e-01,5.380142331123352051e-01,8.364337682723999023e-02,2.617999911308288574e-01,-1.893302425742149353e-02,-7.762204855680465698e-02,3.280916213989257812e-01,-1.508249521255493164e+00,5.838007926940917969e-01,-4.151713848114013672e-01,-8.252934366464614868e-02,2.529846131801605225e-01,-5.380854383111000061e-02,4.773343801498413086e-01,-1.339291214942932129e+00,-7.419853210449218750e-01,4.305937886238098145e-01,-1.929888427257537842e-01,-2.198912799358367920e-01,-3.224566578865051270e-01,-7.283578515052795410e-01
1.671686768531799316e+00,-3.130977392196655273e+00,6.913991570472717285e-01,-2.285389155149459839e-01,-7.949032634496688843e-02,-8.477618694305419922e-01,4.719650447368621826e-01,3.724373579025268555e-01,2.640284001827239990e-01,4.912328422069549561e-01,1.058763861656188965e+00,-8.681659102439880371e-01,-1.362178591080009937e-03,-3.423209488391876221e-01,-2.237774580717086792e-01,-2.004893422126770020e-01,7.594479918479919434e-01,1.386676877737045288e-01,2.617999911308288574e-01,1.546281296759843826e-02,-7.661446183919906616e-02,3.583998978137969971e-01,-1.500096678733825684e+00,6.686589121818542480e-01,-3.934593200683593750e-01,-1.200627014040946960e-01,4.789709150791168213e-01,-4.388791695237159729e-02,5.502821207046508789e-01,-1.309142112731933594e+00,-8.108485341072082520e-01,3.744148612022399902e-01,-2.493114471435546875e-01,-2.352196723222732544e-01,-3.134292960166931152e-01,-7.930327057838439941e-01
1.674315214157104492e+00,-3.128847837448120117e+00,6.821616888046264648e-01,-2.308264970779418945e-01,-8.432017266750335693e-02,-8.511750102043151855e-01,4.637999236583709717e-01,3.676724433898925781e-01,2.632658481597900391e-01,5.056816935539245605e-01,1.097194552421569824e+00,-8.701643943786621094e-01,6.445654667913913727e-03,-4.840071499347686768e-01,-2.580630481243133545e-01,-1.842160820960998535e-01,1.037959814071655273e+00,1.084655970335006714e-01,2.617999911308288574e-01,3.907616436481475830e-02,-7.224365323781967163e-02,4.034069776535034180e-01,-1.485863566398620605e+00,7.827937602996826172e-01,-3.819859921932220459e-01,-1.585084795951843262e-01,5.749415159225463867e-01,-7.243066281080245972e-02,7.228255271911621094e-01,-1.282931923866271973e+00,-8.957152366638183594e-01,3.185371458530426025e-01,-2.994206547737121582e-01,-2.385432273149490356e-01,-3.037618100643157959e-01,-8.444657325744628906e-01
1.679457664489746094e+00,-3.125270843505859375e+00,6.755649447441101074e-01,-2.376503646373748779e-01,-8.840064704418182373e-02,-8.490024209022521973e-01,4.635758399963378906e-01,3.632547855377197266e-01,2.661527693271636963e-01,5.099542140960693359e-01,1.131958484649658203e+00,-8.706046342849731445e-01,2.467466890811920166e-02,-6.075122952461242676e-01,-2.771275341510772705e-01,-1.415112018585205078e-01,1.342552304267883301e+00,2.803742513060569763e-02,2.617999911308288574e-01,4.531151428818702698e-02,-6.032099202275276184e-02,4.557081460952758789e-01,-1.481645941734313965e+00,8.937522768974304199e-01,-3.879379034042358398e-01,-1.616155207157135010e-01,6.371398568153381348e-01,-1.137502789497375488e-01,9.451294541358947754e-01,-1.279417872428894043e+00,-9.979109168052673340e-01,2.929440140724182129e-01,-2.893866598606109619e-01,-3.895427584648132324e-01,-3.009648025035858154e-01,-9.718466401100158691e-01
1.686639666557312012e+00,-3.119715929031372070e+00,6.743941307067871094e-01,-2.407445609569549561e-01,-8.947788923978805542e-02,-8.465091586112976074e-01,4.663239121437072754e-01,3.495515882968902588e-01,2.612313926219940186e-01,5.089997649192810059e-01,1.142219543457031250e+00,-8.706874251365661621e-01,5.007774382829666138e-02,-7.038537263870239258e-01,-3.265965580940246582e-01,-1.331049054861068726e-01,1.618853807449340820e+00,-5.494662746787071228e-02,2.013926804065704346e-01,4.476323351263999939e-02,-5.209729820489883423e-02,4.929920136928558350e-01,-1.499700784683227539e+00,9.836345314979553223e-01,-4.189758896827697754e-01,-1.202420368790626526e-01,7.615290880203247070e-01,-1.142506003379821777e-01,1.055929780006408691e+00,-1.290982961654663086e+00,-1.088247060775756836e+00,2.740243971347808838e-01,-2.073916643857955933e-01,-6.155861020088195801e-01,-2.678355276584625244e-01,-1.058472275733947754e+00
1.694336891174316406e+00,-3.111713171005249023e+00,6.765513420104980469e-01,-2.366642057895660400e-01,-8.184097707271575928e-02,-8.464877009391784668e-01,4.698411524295806885e-01,3.102185428142547607e-01,2.642104327678680420e-01,5.023449659347534180e-01,1.142432928085327148e+00,-8.691524863243103027e-01,7.288743555545806885e-02,-7.905826568603515625e-01,-3.520492911338806152e-01,-1.215237826108932495e-01,1.843721151351928711e+00,-1.139295622706413269e-01,1.302382797002792358e-01,3.749179840087890625e-02,-3.966598585247993469e-02,5.047905445098876953e-01,-1.547852993011474609e+00,1.055515289306640625e+00,-4.869067966938018799e-01,-4.324410483241081238e-02,8.670791387557983398e-01,-6.000756472349166870e-02,1.073583841323852539e+00,-1.349421858787536621e+00,-1.159559130668640137e+00,3.093030750751495361e-01,-7.223913818597793579e-02,-7.068648338317871094e-01,-2.319643199443817139e-01,-1.081037163734436035e+00
1.702471852302551270e+00,-3.101305246353149414e+00,6.835296154022216797e-01,-2.270326167345046997e-01,-6.633665412664413452e-02,-8.500632047653198242e-01,4.705827832221984863e-01,2.518022656440734863e-01,2.793017923831939697e-01,4.978442192077636719e-01,1.130149126052856445e+00,-8.453675508499145508e-01,8.916950970888137817e-02,-8.705204129219055176e-01,-3.078134953975677490e-01,-1.004981324076652527e-01,1.999616622924804688e+00,-1.207311302423477173e-01,9.324604272842407227e-02,2.900708280503749847e-02,-1.925171352922916412e-02,4.932051897048950195e-01,-1.647515058517456055e+00,1.110431075096130371e+00,-7.482595443725585938e-01,8.853060752153396606e-02,8.690944910049438477e-01,8.075383305549621582e-02,1.162266612052917480e+00,-1.462131142616271973e+00,-1.199926137924194336e+00,4.559662342071533203e-01,1.068599596619606018e-01,-7.474666237831115723e-01,-1.487634629011154175e-01,-1.128376245498657227e+00
1.710886359214782715e+00,-3.090112447738647461e+00,6.932617425918579102e-01,-2.145399749279022217e-01,-5.031987279653549194e-02,-8.563410639762878418e-01,4.670336544513702393e-01,1.916462033987045288e-01,2.907739877700805664e-01,4.976807832717895508e-01,1.105815052986145020e+00,-8.108044862747192383e-01,1.022526249289512634e-01,-9.348272681236267090e-01,-2.311475723981857300e-01,-8.753263205289840698e-02,2.084972143173217773e+00,-8.260252326726913452e-02,7.175069302320480347e-02,2.686806209385395050e-02,2.618263533804565668e-04,4.773201942443847656e-01,-1.780183196067810059e+00,1.140116214752197266e+00,-1.074056982994079590e+00,2.646265625953674316e-01,7.724112272262573242e-01,2.264379560947418213e-01,1.280061244964599609e+00,-1.598277807235717773e+00,-1.210347890853881836e+00,6.911221146583557129e-01,3.160706460475921631e-01,-7.313433885574340820e-01,-3.761976212263107300e-02,-1.201164245605468750e+00
1.719517588615417480e+00,-3.078966856002807617e+00,7.048269510269165039e-01,-1.971544027328491211e-01,-3.539160266518592834e-02,-8.648116588592529297e-01,4.604111313819885254e-01,1.320152878761291504e-01,2.907819151878356934e-01,5.016968846321105957e-01,1.062371730804443359e+00,-7.700120210647583008e-01,1.136617511510848999e-01,-9.686877727508544922e-01,-1.528126895427703857e-01,-9.290511906147003174e-02,2.081707715988159180e+00,-4.541150853037834167e-02,6.068690493702888489e-02,3.049963526427745819e-02,2.622279524803161621e-02,4.526202380657196045e-01,-1.906821608543395996e+00,1.141175627708435059e+00,-1.399999976158142090e+00,4.917748570442199707e-01,5.564035177230834961e-01,2.826994061470031738e-01,1.384917855262756348e+00,-1.748567342758178711e+00,-1.202392578125000000e+00,9.481441378593444824e-01,5.433487296104431152e-01,-5.753688216209411621e-01,2.668914385139942169e-02,-1.210560202598571777e+00
1.728321909904479980e+00,-3.069576263427734375e+00,7.174335718154907227e-01,-1.741076409816741943e-01,-3.390143811702728271e-02,-8.723648190498352051e-01,4.555401504039764404e-01,8.080597221851348877e-02,2.492601424455642700e-01,5.026621818542480469e-01,1.003580212593078613e+00,-7.448588609695434570e-01,1.246300637722015381e-01,-9.421976208686828613e-01,-9.476518630981445312e-02,-6.898353248834609985e-02,1.975299835205078125e+00,-4.048541188240051270e-02,1.093381345272064209e-01,-2.589137107133865356e-02,1.853764802217483521e-01,3.810108006000518799e-01,-1.752464294433593750e+00,1.156298398971557617e+00,-1.399999976158142090e+00,6.920609474182128906e-01,3.691748380661010742e-01,3.055659830570220947e-01,1.299799561500549316e+00,-1.992819190025329590e+00,-1.106631755828857422e+00,1.395425558090209961e+00,7.533653378486633301e-01,-3.678826391696929932e-01,7.698637247085571289e-02,-1.042290329933166504e+00
1.732466459274291992e+00,-3.060878515243530273e+00,7.207276225090026855e-01,-1.675295680761337280e-01,-4.357575625181198120e-02,-8.892794847488403320e-01,4.233402609825134277e-01,6.854698807001113892e-02,2.367264628410339355e-01,5.230104327201843262e-01,1.011870026588439941e+00,-7.447445988655090332e-01,1.229923143982887268e-01,-9.413995742797851562e-01,-6.480857729911804199e-02,-6.124661490321159363e-02,1.944952726364135742e+00,-3.885243833065032959e-02,1.028852760791778564e-01,-1.483506411314010620e-01,1.948928683996200562e-01,3.738823831081390381e-01,-1.585483074188232422e+00,1.294436097145080566e+00,-1.399999976158142090e+00,7.319667935371398926e-01,3.430596888065338135e-01,3.178142607212066650e-01,1.273712873458862305e+00,-1.961307764053344727e+00,-8.937307596206665039e-01,1.399988532066345215e+00,7.894991636276245117e-01,-3.534308671951293945e-01,9.104018658399581909e-02,-1.015938758850097656e+00
1.731445670127868652e+00,-3.055950164794921875e+00,7.297123074531555176e-01,-1.329416781663894653e-01,-3.920075297355651855e-02,-9.022503495216369629e-01,4.083309173583984375e-01,6.238034460693597794e-03,2.156980633735656738e-01,5.177095532417297363e-01,9.919236898422241211e-01,-7.553663849830627441e-01,1.125049740076065063e-01,-8.887732625007629395e-01,1.616822369396686554e-02,-2.788695320487022400e-02,1.773164272308349609e+00,-2.023705840110778809e-02,1.251107007265090942e-01,-2.504183053970336914e-01,1.782069206237792969e-01,3.836227953433990479e-01,-1.499211192131042480e+00,1.417243957519531250e+00,-1.399999976158142090e+00,8.795974850654602051e-01,2.011044621467590332e-01,3.327809870243072510e-01,1.166879653930664062e+00,-2.013466358184814453e+00,-7.671681642532348633e-01,1.399999976158142090e+00,9.664249420166015625e-01,-3.079065382480621338e-01,1.533073186874389648e-01,-9.120033383369445801e-01
1.738419532775878906e+00,-3.047649621963500977e+00,7.343496680259704590e-01,-1.115973517298698425e-01,-3.545127436518669128e-02,-9.215129613876342773e-01,3.702743351459503174e-01,-4.387719556689262390e-02,1.957589834928512573e-01,5.444792509078979492e-01,9.826520085334777832e-01,-7.571559548377990723e-01,1.027386412024497986e-01,-8.434694409370422363e-01,6.463760137557983398e-02,-3.098650835454463959e-03,1.586725473403930664e+00,5.345807224512100220e-02,1.695268750190734863e-01,-4.259268343448638916e-01,1.392019987106323242e-01,3.605578243732452393e-01,-1.324882984161376953e+00,1.612269759178161621e+00,-1.399999976158142090e+00,9.936910867691040039e-01,1.092765182256698608e-01,3.462568521499633789e-01,1.093756079673767090e+00,-2.054882049560546875e+00,-5.196882486343383789e-01,1.399999976158142090e+00,1.022216677665710449e+00,-2.673641145229339600e-01,1.599508374929428101e-01,-8.695364594459533691e-01
1.742313742637634277e+00,-3.040912151336669922e+00,7.378090023994445801e-01,-9.149599075317382812e-02,-3.376285731792449951e-02,-8.999282121658325195e-01,4.249915182590484619e-01,-1.045122444629669189e-01,1.897573620080947876e-01,5.274472236633300781e-01,9.698950648307800293e-01,-7.440544366836547852e-01,1.040185913443565369e-01,-7.455151677131652832e-01,6.089998781681060791e-02,3.263588994741439819e-02,1.423120260238647461e+00,3.467511385679244995e-02,2.175515443086624146e-01,-2.812711596488952637e-01,1.616461873054504395e-01,3.347501456737518311e-01,-1.506175756454467773e+00,1.389472842216491699e+00,-1.399999976158142090e+00,1.028223514556884766e+00,3.925104811787605286e-02,3.187157809734344482e-01,1.062565922737121582e+00,-1.992180943489074707e+00,-7.892665863037109375e-01,1.399999976158142090e+00,1.036413073539733887e+00,-2.455473393201828003e-01,1.448944807052612305e-01,-8.476843833923339844e-01
1.753308892250061035e+00,-3.031254529953002930e+00,7.366454601287841797e-01,-7.793281972408294678e-02,-2.634617872536182404e-02,-8.975707888603210449e-01,4.331269860267639160e-01,-1.729996204376220703e-01,1.853334605693817139e-01,5.376067757606506348e-01,9.643259644508361816e-01,-7.153531908988952637e-01,1.178151145577430725e-01,-6.499022245407104492e-01,6.400703638792037964e-02,6.083886325359344482e-02,1.241609692573547363e+00,-9.097394347190856934e-02,2.195885032415390015e-01,-2.454009950160980225e-01,1.389081329107284546e-01,3.038865625858306885e-01,-1.532047510147094727e+00,1.362719058990478516e+00,-1.399999976158142090e+00,1.007563233375549316e+00,6.079238373786211014e-03,2.652636766433715820e-01,1.064628481864929199e+00,-1.953875899314880371e+00,-8.544762730598449707e-01,1.399999976158142090e+00,1.021882176399230957e+00,-2.297418266534805298e-01,1.175205856561660767e-01,-8.499025702476501465e-01
1.759719371795654297e+00,-3.025490045547485352e+00,7.378883361816406250e-01,-6.562075763940811157e-02,-2.317148447036743164e-02,-8.968092203140258789e-01,4.369098544120788574e-01,-2.170053571462631226e-01,1.783581972122192383e-01,5.499291419982910156e-01,9.565216302871704102e-01,-6.721279025077819824e-01,1.358984261751174927e-01,-5.642931461334228516e-01,3.770275413990020752e-02,6.736109405755996704e-02,1.067742466926574707e+00,-2.353915274143218994e-01,2.168698757886886597e-01,-1.909675449132919312e-01,1.452175825834274292e-01,2.697120308876037598e-01,-1.563651800155639648e+00,1.312347650527954102e+00,-1.399999976158142090e+00,9.424700736999511719e-01,-2.040068991482257843e-02,1.833108067512512207e-01,1.074534416198730469e+00,-1.938725590705871582e+00,-9.177322387695312500e-01,1.399999976158142090e+00,9.532704949378967285e-01,-1.913713514804840088e-01,5.889321491122245789e-02,-8.703322410583496094e-01
1.766794443130493164e+00,-3.023151636123657227e+00,7.332607507705688477e-01,-6.643424928188323975e-02,-1.947672478854656219e-02,-8.917063474655151367e-01,4.472884535789489746e-01,-2.233810573816299438e-01,1.773933619260787964e-01,5.656816363334655762e-01,9.440319538116455078e-01,-6.238766908645629883e-01,1.500796228647232056e-01,-5.102417469024658203e-01,1.944043301045894623e-02,6.674535572528839111e-02,9.925511479377746582e-01,-3.315367400646209717e-01,2.532676458358764648e-01,-1.207822114229202271e-01,1.363372653722763062e-01,2.399188429117202759e-01,-1.637103676795959473e+00,1.236932396888732910e+00,-1.399999976158142090e+00,8.219508528709411621e-01,-6.411594897508621216e-02,7.739504426717758179e-02,1.102661371231079102e+00,-1.930950999259948730e+00,-1.022832870483398438e+00,1.399999976158142090e+00,8.157259225845336914e-01,-1.783196032047271729e-01,-3.125005960464477539e-02,-9.121949672698974609e-01
1.774162054061889648e+00,-3.020958662033081055e+00,7.245874404907226562e-01,-7.267996668815612793e-02,-1.820271462202072144e-02,-8.891758918762207031e-01,4.513894915580749512e-01,-2.230193614959716797e-01,1.935300827026367188e-01,5.882766842842102051e-01,9.665084481239318848e-01,-6.015821695327758789e-01,1.656474918127059937e-01,-5.389962792396545410e-01,-3.166669234633445740e-02,-4.249544814229011536e-03,1.146659493446350098e+00,-3.327783048152923584e-01,2.617999911308288574e-01,2.640056982636451721e-02,4.263709858059883118e-02,3.318371772766113281e-01,-1.836785912513732910e+00,1.131131291389465332e+00,-1.399999976158142090e+00,6.461555957794189453e-01,-5.634537711739540100e-02,1.482514850795269012e-02,1.152445912361145020e+00,-1.887590408325195312e+00,-1.249607443809509277e+00,1.233355760574340820e+00,6.101838946342468262e-01,-2.913792133331298828e-01,-6.408264487981796265e-02,-9.765467047691345215e-01
1.781932830810546875e+00,-3.019468545913696289e+00,7.166106104850769043e-01,-7.732068002223968506e-02,-2.748905122280120850e-02,-9.006050825119018555e-01,4.268212020397186279e-01,-2.072654366493225098e-01,1.969597339630126953e-01,6.417469978332519531e-01,9.917081594467163086e-01,-6.176759600639343262e-01,1.917465627193450928e-01,-5.932323932647705078e-01,-1.262485831975936890e-01,-6.155854836106300354e-02,1.422544956207275391e+00,-3.814804852008819580e-01,1.660226881504058838e-01,5.694416165351867676e-02,-5.778773501515388489e-02,3.739205896854400635e-01,-1.806064009666442871e+00,1.167066097259521484e+00,-1.198552250862121582e+00,4.088653028011322021e-01,3.964326530694961548e-02,1.262913551181554794e-02,1.134243369102478027e+00,-1.640102267265319824e+00,-1.235714435577392578e+00,7.960448861122131348e-01,3.600927889347076416e-01,-4.262906908988952637e-01,-8.839018642902374268e-02,-9.775379896163940430e-01
1.788559436798095703e+00,-3.017509698867797852e+00,7.103309035301208496e-01,-7.606785744428634644e-02,-3.688053041696548462e-02,-9.062857627868652344e-01,4.141251146793365479e-01,-2.048663198947906494e-01,1.838943511247634888e-01,6.794080138206481934e-01,1.002388238906860352e+00,-6.275030970573425293e-01,2.161080241203308105e-01,-6.216678023338317871e-01,-2.424966841936111450e-01,-1.021516546607017517e-01,1.688990950584411621e+00,-4.107213914394378662e-01,2.638601325452327728e-02,6.844579428434371948e-02,-7.489013671875000000e-02,3.816266655921936035e-01,-1.659134387969970703e+00,1.134732723236083984e+00,-8.337501287460327148e-01,2.079263180494308472e-01,1.451360285282135010e-01,-2.538629807531833649e-02,1.045776247978210449e+00,-1.503688573837280273e+00,-1.172230958938598633e+00,4.880736470222473145e-01,1.568897068500518799e-01,-4.466697871685028076e-01,-1.699565201997756958e-01,-9.243038296699523926e-01
1.794112682342529297e+00,-3.013923168182373047e+00,7.057764530181884766e-01,-7.613672316074371338e-02,-3.931196779012680054e-02,-9.073603153228759766e-01,4.115276932716369629e-01,-2.172482460737228394e-01,1.810777187347412109e-01,6.921690106391906738e-01,1.014987707138061523e+00,-6.276527047157287598e-01,2.378010004758834839e-01,-6.144679784774780273e-01,-3.165337443351745605e-01,-1.261002123355865479e-01,1.896286487579345703e+00,-4.283912777900695801e-01,-7.853641360998153687e-02,6.035568937659263611e-02,-7.670985907316207886e-02,3.903372883796691895e-01,-1.584897637367248535e+00,1.054433703422546387e+00,-5.604450702667236328e-01,9.789872169494628906e-02,9.639175236225128174e-02,-1.131727993488311768e-01,9.070689678192138672e-01,-1.438153505325317383e+00,-1.086263775825500488e+00,2.763912677764892578e-01,6.450438871979713440e-03,-3.794649243354797363e-01,-2.449933886528015137e-01,-8.835127949714660645e-01
1.798760890960693359e+00,-3.007195949554443359e+00,7.058812975883483887e-01,-7.282732427120208740e-02,-3.362696617841720581e-02,-9.085150957107543945e-01,4.100801050662994385e-01,-2.449477612972259521e-01,1.895150095224380493e-01,6.889322996139526367e-01,1.010711908340454102e+00,-6.116359829902648926e-01,2.541847825050354004e-01,-5.882696509361267090e-01,-3.223364949226379395e-01,-1.580626666545867920e-01,2.009808778762817383e+00,-4.831215441226959229e-01,-1.301489323377609253e-01,4.451493918895721436e-02,-6.538060307502746582e-02,3.861533701419830322e-01,-1.562005400657653809e+00,9.580434560775756836e-01,-3.716826736927032471e-01,3.386630490422248840e-02,5.467835348099470139e-03,-1.582322567701339722e-01,7.987599372863769531e-01,-1.439013957977294922e+00,-9.900439381599426270e-01,1.872103065252304077e-01,-1.044208332896232605e-01,-3.319826424121856689e-01,-2.720392048358917236e-01,-9.004129171371459961e-01
1.804353117942810059e+00,-2.998204708099365234e+00,7.096703648567199707e-01,-6.933844089508056641e-02,-2.825001999735832214e-02,-9.120828509330749512e-01,4.031116664409637451e-01,-2.699220478534698486e-01,1.998596787452697754e-01,6.883313655853271484e-01,9.927936792373657227e-01,-5.817419290542602539e-01,2.611409127712249756e-01,-5.516991019248962402e-01,-2.967142760753631592e-01,-1.989543288946151733e-01,2.002409696578979492e+00,-5.073246359825134277e-01,-1.585478484630584717e-01,3.610224649310112000e-02,-5.537874996662139893e-02,3.872380256652832031e-01,-1.576384186744689941e+00,8.691705465316772461e-01,-2.541782259941101074e-01,-3.687141928821802139e-03,-8.626686781644821167e-02,-1.742998510599136353e-01,7.375102043151855469e-01,-1.470081448554992676e+00,-8.983834981918334961e-01,1.371129155158996582e-01,-1.772609800100326538e-01,-2.942578196525573730e-01,-2.837040722370147705e-01,-9.045158624649047852e-01
1.812363505363464355e+00,-2.986817836761474609e+00,7.185342311859130859e-01,-5.976494401693344116e-02,-2.136483788490295410e-02,-9.175487160682678223e-01,3.925252556800842285e-01,-2.982808649539947510e-01,1.986107975244522095e-01,6.900972127914428711e-01,9.359199404716491699e-01,-5.370031595230102539e-01,2.613990604877471924e-01,-5.145731568336486816e-01,-2.757352888584136963e-01,-2.492546737194061279e-01,1.859229683876037598e+00,-5.024491548538208008e-01,-1.508975178003311157e-01,2.862582728266716003e-02,-4.857167229056358337e-02,3.807975053787231445e-01,-1.590195894241333008e+00,7.933260202407836914e-01,-1.487844586372375488e-01,-3.146058693528175354e-02,-1.759568452835083008e-01,-1.843439638614654541e-01,6.484538316726684570e-01,-1.508798003196716309e+00,-8.194179534912109375e-01,1.302479505538940430e-01,-2.233144640922546387e-01,-2.408716678619384766e-01,-2.865104377269744873e-01,-9.031816124916076660e-01
1.822098374366760254e+00,-2.973695516586303711e+00,7.302162647247314453e-01,-4.327028617262840271e-02,-1.589909009635448456e-02,-9.225624203681945801e-01,3.830841779708862305e-01,-3.345981240272521973e-01,1.745251268148422241e-01,6.815617084503173828e-01,8.483090400695800781e-01,-4.830809831619262695e-01,2.615385949611663818e-01,-4.751251041889190674e-01,-2.431804537773132324e-01,-2.874464988708496094e-01,1.598976612091064453e+00,-4.732469618320465088e-01,-1.384135633707046509e-01,1.674233376979827881e-02,-5.383230745792388916e-02,3.668187856674194336e-01,-1.616388440132141113e+00,7.480299472808837891e-01,-1.032486557960510254e-01,-6.582274287939071655e-02,-2.476198524236679077e-01,-1.837170869112014771e-01,6.124829649925231934e-01,-1.555323243141174316e+00,-7.618914246559143066e-01,1.715902537107467651e-01,-2.362636178731918335e-01,-2.026353329420089722e-01,-2.959005534648895264e-01,-9.065833687782287598e-01
1.831129193305969238e+00,-2.960115671157836914e+00,7.431563138961791992e-01,-2.730347588658332825e-02,-8.589681237936019897e-03,-9.273915886878967285e-01,3.729954659938812256e-01,-3.673888444900512695e-01,1.522807627916336060e-01,6.628025174140930176e-01,7.518669962882995605e-01,-4.286675453186035156e-01,2.615951001644134521e-01,-3.951047956943511963e-01,-1.896295994520187378e-01,-3.266963660717010498e-01,1.220161795616149902e+00,-3.847520649433135986e-01,-9.611396491527557373e-02,5.061107687652111053e-03,-5.734399333596229553e-02,3.571860492229461670e-01,-1.650435924530029297e+00,7.220610976219177246e-01,-1.234585419297218323e-01,-1.005409508943557739e-01,-2.822865843772888184e-01,-1.772902011871337891e-01,5.941407084465026855e-01,-1.623980045318603516e+00,-7.293930053710937500e-01,2.665825486183166504e-01,-1.982139796018600464e-01,-2.398615032434463501e-01,-2.974893450736999512e-01,-8.913202285766601562e-01
1.840061664581298828e+00,-2.945778131484985352e+00,7.507485747337341309e-01,-6.369024515151977539e-03,-6.745187565684318542e-03,-9.336820840835571289e-01,3.579828441143035889e-01,-4.120513796806335449e-01,1.328919231891632080e-01,6.566290855407714844e-01,6.827064752578735352e-01,-3.903243541717529297e-01,2.617999911308288574e-01,-3.053175508975982666e-01,-1.402746140956878662e-01,-3.603047132492065430e-01,9.392908215522766113e-01,-5.415784120559692383e-01,-5.299982801079750061e-02,1.239513140171766281e-02,-7.306202501058578491e-02,3.395578563213348389e-01,-1.693973541259765625e+00,7.081067562103271484e-01,-2.031739354133605957e-01,-1.249920651316642761e-01,-3.179509341716766357e-01,-1.595449149608612061e-01,5.535151362419128418e-01,-1.712207794189453125e+00,-7.306440472602844238e-01,4.255448877811431885e-01,-1.216018646955490112e-01,-2.981753647327423096e-01,-2.812712490558624268e-01,-8.472524881362915039e-01
1.847703456878662109e+00,-2.932584285736083984e+00,7.577012777328491211e-01,8.111554197967052460e-03,1.589453546330332756e-03,-9.359297156333923340e-01,3.520898222923278809e-01,-4.524190127849578857e-01,1.289224177598953247e-01,6.347367167472839355e-01,6.266088485717773438e-01,-3.441946208477020264e-01,2.617999911308288574e-01,-2.498017400503158569e-01,-7.122738659381866455e-02,-3.612817525863647461e-01,7.195098996162414551e-01,-6.204172968864440918e-01,-6.790019571781158447e-02,1.149748545140028000e-02,-7.199543714523315430e-02,3.201635479927062988e-01,-1.739988207817077637e+00,7.057470083236694336e-01,-3.460862636566162109e-01,-1.452202647924423218e-01,-3.201338350772857666e-01,-1.350694149732589722e-01,5.355818271636962891e-01,-1.800146102905273438e+00,-7.442362904548645020e-01,6.202823519706726074e-01,-3.745947405695915222e-02,-3.431490063667297363e-01,-2.909237444400787354e-01,-8.205938935279846191e-01
1.856225132942199707e+00,-2.919855117797851562e+00,7.621221542358398438e-01,1.029334869235754013e-02,8.144490420818328857e-03,-9.384528994560241699e-01,3.451577723026275635e-01,-4.887480437755584717e-01,1.472318470478057861e-01,5.879721641540527344e-01,6.235712170600891113e-01,-2.747637927532196045e-01,2.384801805019378662e-01,-2.649258375167846680e-01,-3.461833298206329346e-02,-3.534397184848785400e-01,6.647961139678955078e-01,-5.734764337539672852e-01,-9.141729027032852173e-02,1.060098968446254730e-02,-5.919006094336509705e-02,3.290382325649261475e-01,-1.753945231437683105e+00,7.021927237510681152e-01,-3.986803591251373291e-01,-1.305797696113586426e-01,-1.037118434906005859e-01,-9.943100064992904663e-02,5.499255061149597168e-01,-1.866789579391479492e+00,-7.494574189186096191e-01,7.755492329597473145e-01,4.281629994511604309e-02,-2.870379388332366943e-01,-3.250747025012969971e-01,-1.133589744567871094e+00
1.864755988121032715e+00,-2.909424304962158203e+00,7.611332535743713379e-01,3.929330501705408096e-03,2.162356395274400711e-03,-9.438996911048889160e-01,3.302018642425537109e-01,-5.382462143898010254e-01,1.669368147850036621e-01,4.821993112564086914e-01,7.104401588439941406e-01,-1.913940459489822388e-01,1.711393147706985474e-01,-2.863292098045349121e-01,-4.758311063051223755e-02,-3.530397117137908936e-01,6.967290639877319336e-01,-5.463218688964843750e-01,-8.513307571411132812e-02,1.570789702236652374e-02,-6.490342319011688232e-02,3.636592030525207520e-01,-1.763351321220397949e+00,7.136453986167907715e-01,-4.078731536865234375e-01,-9.294086694717407227e-02,-1.466894894838333130e-01,-9.370108693838119507e-02,5.133806467056274414e-01,-1.870848894119262695e+00,-7.609916925430297852e-01,7.724756598472595215e-01,7.534149289131164551e-02,-3.326406776905059814e-01,-2.974345684051513672e-01,-1.049239158630371094e+00
1.867836475372314453e+00,-2.901051044464111328e+00,7.563609480857849121e-01,-1.806943328119814396e-03,6.519263144582509995e-03,-9.473475217819213867e-01,3.201358020305633545e-01,-6.550368070602416992e-01,1.833557039499282837e-01,2.887544929981231689e-01,8.807148337364196777e-01,-8.775961399078369141e-02,1.069388836622238159e-01,-2.861675322055816650e-01,-3.064450435340404510e-02,-3.700514435768127441e-01,6.970896124839782715e-01,-5.617262125015258789e-01,-9.312169998884201050e-02,6.270885001868009567e-03,-5.485625937581062317e-02,3.660365939140319824e-01,-1.761054635047912598e+00,7.377578020095825195e-01,-4.631574153900146484e-01,-2.807931043207645416e-02,-2.602614760398864746e-01,-9.039122611284255981e-02,5.691338181495666504e-01,-1.844056248664855957e+00,-7.826143503189086914e-01,7.601448893547058105e-01,6.335157155990600586e-02,-2.934592366218566895e-01,-2.610124945640563965e-01,-8.550708293914794922e-01
1.869190335273742676e+00,-2.893939495086669922e+00,7.500773072242736816e-01,-1.070573367178440094e-02,-1.032912550726905465e-04,-9.485892057418823242e-01,3.163288533687591553e-01,-7.681101560592651367e-01,1.560311615467071533e-01,1.424394547939300537e-01,1.067689299583435059e+00,2.700741589069366455e-02,1.130654513835906982e-01,-2.850068509578704834e-01,-2.386543154716491699e-02,-3.507037460803985596e-01,7.242597341537475586e-01,-5.816498398780822754e-01,-1.032222360372543335e-01,3.826551372185349464e-03,-6.074456498026847839e-02,3.667325973510742188e-01,-1.735043764114379883e+00,7.562774419784545898e-01,-5.635214447975158691e-01,3.627608343958854675e-02,-2.178273350000381470e-01,-6.261254847049713135e-02,5.921033024787902832e-01,-1.797177314758300781e+00,-8.277897238731384277e-01,7.648091912269592285e-01,5.989374220371246338e-02,-2.655811011791229248e-01,-2.393934875726699829e-01,-7.742605209350585938e-01
1.870116353034973145e+00,-2.887013912200927734e+00,7.377185821533203125e-01,-2.013117447495460510e-02,5.638008471578359604e-03,-9.464472532272338867e-01,3.221808969974517822e-01,-9.328047037124633789e-01,1.394169032573699951e-01,2.450441941618919373e-02,1.348314166069030762e+00,5.978219956159591675e-02,1.397145390510559082e-01,-3.063402175903320312e-01,-2.700809389352798462e-03,-3.582362532615661621e-01,7.890684008598327637e-01,-6.158494353294372559e-01,-1.321816444396972656e-01,-1.297316979616880417e-02,-3.807477280497550964e-02,3.637668788433074951e-01,-1.681196451187133789e+00,7.929974198341369629e-01,-6.024296879768371582e-01,4.744076728820800781e-02,4.131884127855300903e-02,3.919106349349021912e-02,5.433548688888549805e-01,-1.733142375946044922e+00,-8.926026821136474609e-01,7.455451488494873047e-01,2.334295213222503662e-02,-2.722094655036926270e-01,-2.077668756246566772e-01,-8.091274499893188477e-01
1.870542764663696289e+00,-2.883179426193237305e+00,7.231848239898681641e-01,-4.014568030834197998e-02,5.284185055643320084e-03,-9.471102952957153320e-01,3.183432817459106445e-01,-1.062761664390563965e+00,9.554505348205566406e-02,-5.960250273346900940e-02,1.656522750854492188e+00,-5.159216932952404022e-03,1.178866252303123474e-01,-3.048003315925598145e-01,8.523565717041492462e-03,-3.597391247749328613e-01,8.667455315589904785e-01,-6.459162831306457520e-01,-1.486797630786895752e-01,-2.507122233510017395e-02,-1.480277068912982941e-02,3.882279694080352783e-01,-1.566528201103210449e+00,8.510155081748962402e-01,-5.231474041938781738e-01,-1.698763109743595123e-02,2.984645068645477295e-01,5.747246742248535156e-02,5.224274396896362305e-01,-1.630446314811706543e+00,-9.475907683372497559e-01,6.770844459533691406e-01,-4.909622296690940857e-02,-3.270679414272308350e-01,-1.818716526031494141e-01,-8.425413370132446289e-01
1.869900822639465332e+00,-2.882801294326782227e+00,7.103940248489379883e-01,-6.137756630778312683e-02,-4.961219965480268002e-04,-9.491853117942810059e-01,3.086742460727691650e-01,-1.165347695350646973e+00,3.801872208714485168e-02,-7.905036956071853638e-02,1.917516708374023438e+00,-4.701425507664680481e-02,1.024052575230598450e-01,-2.896257340908050537e-01,7.963590323925018311e-03,-3.529424667358398438e-01,9.398393034934997559e-01,-6.777448654174804688e-01,-1.493518501520156860e-01,-3.530012816190719604e-02,-8.256436325609683990e-03,4.112740755081176758e-01,-1.386287450790405273e+00,9.040747880935668945e-01,-4.431145191192626953e-01,-1.139096245169639587e-01,4.809792041778564453e-01,2.446310967206954956e-02,5.832229256629943848e-01,-1.463371634483337402e+00,-9.837523698806762695e-01,5.719332695007324219e-01,-1.487897634506225586e-01,-3.643261194229125977e-01,-1.769891828298568726e-01,-8.754371404647827148e-01
1.869059324264526367e+00,-2.884059190750122070e+00,7.013371586799621582e-01,-7.502400130033493042e-02,-7.973292842507362366e-03,-9.524865746498107910e-01,2.950883805751800537e-01,-1.256160855293273926e+00,4.382267966866493225e-02,-1.898566074669361115e-02,2.075671434402465820e+00,-5.257647112011909485e-02,9.510916471481323242e-02,-2.787118852138519287e-01,-3.798463512794114649e-05,-3.412327170372009277e-01,9.937510490417480469e-01,-7.031484246253967285e-01,-1.477070301771163940e-01,-3.800246492028236389e-02,-9.323926642537117004e-03,4.124702811241149902e-01,-1.123728156089782715e+00,9.374022483825683594e-01,-3.364572227001190186e-01,-2.456444650888442993e-01,5.634658932685852051e-01,-1.921224640682339668e-03,5.386329889297485352e-01,-1.235705852508544922e+00,-1.001312732696533203e+00,4.442051351070404053e-01,-2.667421996593475342e-01,-3.937444090843200684e-01,-1.751114428043365479e-01,-8.743753433227539062e-01
1.867972254753112793e+00,-2.886865854263305664e+00,6.971955299377441406e-01,-8.500581979751586914e-02,-1.336301025003194809e-02,-9.571136236190795898e-01,2.766387164592742920e-01,-1.310831785202026367e+00,8.350602537393569946e-02,7.224632799625396729e-02,2.119339942932128906e+00,-4.758097976446151733e-02,8.142691105604171753e-02,-2.638287842273712158e-01,6.781171396141871810e-05,-3.206195533275604248e-01,1.016960263252258301e+00,-7.126889228820800781e-01,-1.416521966457366943e-01,-3.682429715991020203e-02,-7.879903540015220642e-03,4.138012230396270752e-01,-7.830416560173034668e-01,9.369998574256896973e-01,-2.207324206829071045e-01,-3.674193322658538818e-01,5.191236138343811035e-01,-2.432751469314098358e-02,4.468604624271392822e-01,-9.967461824417114258e-01,-9.969912171363830566e-01,3.358492851257324219e-01,-3.705302774906158447e-01,-4.072421491146087646e-01,-1.685914099216461182e-01,-8.400685191154479980e-01
1.867384195327758789e+00,-2.891177177429199219e+00,6.981323957443237305e-01,-9.505474567413330078e-02,-1.505066733807325363e-02,-9.620682001113891602e-01,2.552701830863952637e-01,-1.315387487411499023e+00,9.700710326433181763e-02,1.557790935039520264e-01,2.045568466186523438e+00,2.565647708252072334e-03,6.125487014651298523e-02,-2.398388236761093140e-01,1.161820255219936371e-02,-2.930532097816467285e-01,1.011838674545288086e+00,-7.057166695594787598e-01,-1.261372119188308716e-01,-3.849281743168830872e-02,1.108561875298619270e-03,4.193131923675537109e-01,-4.254796802997589111e-01,8.763101696968078613e-01,-1.455200761556625366e-01,-4.116196632385253906e-01,5.602003931999206543e-01,-5.880172178149223328e-02,4.241896271705627441e-01,-7.607516646385192871e-01,-9.735206961631774902e-01,2.828318178653717041e-01,-4.404664933681488037e-01,-4.493685662746429443e-01,-1.813700646162033081e-01,-8.058896064758300781e-01
1.867732524871826172e+00,-2.896286964416503906e+00,7.041072249412536621e-01,-9.919001907110214233e-02,-1.328041870146989822e-02,-9.679964184761047363e-01,2.301475256681442261e-01,-1.269137382507324219e+00,9.065999835729598999e-02,2.055993229150772095e-01,1.859281182289123535e+00,9.986154735088348389e-02,-1.409661397337913513e-02,-2.217077463865280151e-01,2.834865264594554901e-02,-2.615306079387664795e-01,9.829199910163879395e-01,-6.862041354179382324e-01,-1.097567528486251831e-01,-3.819312155246734619e-02,1.270757708698511124e-02,4.161940217018127441e-01,-9.560649842023849487e-02,7.625839710235595703e-01,-9.807826578617095947e-02,-3.776604235172271729e-01,5.668353438377380371e-01,-6.134201213717460632e-02,4.303900599479675293e-01,-5.484138131141662598e-01,-9.372010827064514160e-01,3.094705045223236084e-01,-4.754489660263061523e-01,-4.795984029769897461e-01,-2.026615589857101440e-01,-7.474341392517089844e-01
1.868880629539489746e+00,-2.900574207305908203e+00,7.161530256271362305e-01,-9.448549896478652954e-02,-6.919370498508214951e-03,-9.752072691917419434e-01,1.999884843826293945e-01,-1.169426918029785156e+00,8.758623898029327393e-02,2.149256020784378052e-01,1.570780396461486816e+00,2.513991594314575195e-01,-1.226713731884956360e-01,-2.103744596242904663e-01,6.119113042950630188e-02,-2.210543006658554077e-01,9.129553437232971191e-01,-6.471998095512390137e-01,-9.977657347917556763e-02,-2.832008339464664459e-02,3.115760535001754761e-02,3.986615836620330811e-01,1.742099821567535400e-01,6.037286520004272461e-01,-7.086491584777832031e-02,-2.973223328590393066e-01,5.429897904396057129e-01,-7.606335729360580444e-02,4.238878488540649414e-01,-3.569201231002807617e-01,-8.766581416130065918e-01,3.636026382446289062e-01,-4.681675434112548828e-01,-5.413076877593994141e-01,-2.253751754760742188e-01,-7.184811830520629883e-01
1.870809555053710938e+00,-2.905155181884765625e+00,7.322260737419128418e-01,-8.922545611858367920e-02,-6.004290189594030380e-03,-9.819871783256530762e-01,1.664450168609619141e-01,-1.000065207481384277e+00,9.201950579881668091e-02,2.244518846273422241e-01,1.187390089035034180e+00,4.503350257873535156e-01,-2.003111243247985840e-01,-1.857280284166336060e-01,8.220907300710678101e-02,-1.702963113784790039e-01,8.201444149017333984e-01,-6.033492684364318848e-01,-8.052063733339309692e-02,1.901887124404311180e-03,3.779181465506553650e-02,3.879979848861694336e-01,3.709262013435363770e-01,4.384272098541259766e-01,-6.938116997480392456e-02,-1.865100413560867310e-01,5.781182646751403809e-01,-8.742494881153106689e-02,4.495302438735961914e-01,-1.706970930099487305e-01,-7.755525112152099609e-01,3.932619988918304443e-01,-4.027884304523468018e-01,-5.929403901100158691e-01,-2.452967017889022827e-01,-6.862888932228088379e-01
1.870498657226562500e+00,-2.912269592285156250e+00,7.487271428108215332e-01,-9.285984188318252563e-02,-1.411592401564121246e-02,-9.871383905410766602e-01,1.293660849332809448e-01,-7.649088501930236816e-01,9.099683165550231934e-02,2.678165137767791748e-01,7.706416249275207520e-01,5.232720971107482910e-01,-2.203925698995590210e-01,-1.302553862333297729e-01,6.939111649990081787e-02,-1.232797577977180481e-01,7.311390638351440430e-01,-5.780158638954162598e-01,-3.137578442692756653e-02,5.587940663099288940e-02,3.552393242716789246e-02,4.043299555778503418e-01,5.083302855491638184e-01,3.134650886058807373e-01,-9.076612442731857300e-02,-8.923705667257308960e-02,4.916031658649444580e-01,-9.537857770919799805e-02,4.666426181793212891e-01,-1.470686309039592743e-02,-6.406245827674865723e-01,3.703064024448394775e-01,-2.908259928226470947e-01,-6.554117798805236816e-01,-2.751167416572570801e-01,-6.204308271408081055e-01
1.870228171348571777e+00,-2.919691801071166992e+00,7.552495598793029785e-01,-1.095486432313919067e-01,-1.007172185927629471e-02,-9.903087019920349121e-01,8.477243781089782715e-02,-5.860900282859802246e-01,9.385329484939575195e-02,2.186445444822311401e-01,5.106803178787231445e-01,5.235974192619323730e-01,-2.276841104030609131e-01,-1.102543324232101440e-01,6.828023493289947510e-02,-1.102851778268814087e-01,7.548134326934814453e-01,-5.788006186485290527e-01,-1.822477579116821289e-02,1.156787499785423279e-01,6.918981671333312988e-02,4.165730476379394531e-01,6.479799151420593262e-01,2.180611342191696167e-01,-1.048579886555671692e-01,-4.292260110378265381e-02,4.338709414005279541e-01,-8.805777877569198608e-02,4.765287637710571289e-01,1.083280593156814575e-01,-5.062081813812255859e-01,3.394553959369659424e-01,-1.526727974414825439e-01,-6.712941527366638184e-01,-2.697545886039733887e-01,-6.306143403053283691e-01
1.871300697326660156e+00,-2.923810720443725586e+00,7.583200335502624512e-01,-9.976949542760848999e-02,-9.770654141902923584e-03,-9.938563704490661621e-01,4.690503329038619995e-02,-4.653288424015045166e-01,5.315792188048362732e-02,1.075131818652153015e-01,3.076741993427276611e-01,5.220726728439331055e-01,-1.566291302442550659e-01,-1.340283304452896118e-01,5.719639733433723450e-02,-1.022773534059524536e-01,7.491087913513183594e-01,-5.664860606193542480e-01,-9.022599086165428162e-03,1.461948007345199585e-01,8.126476407051086426e-02,3.870767354965209961e-01,7.696408033370971680e-01,1.442673057317733765e-01,-9.670132398605346680e-02,-5.087011307477951050e-02,4.560388624668121338e-01,-1.120173782110214233e-01,4.580277204513549805e-01,1.744559854269027710e-01,-4.105316400527954102e-01,3.036902546882629395e-01,-3.322711959481239319e-02,-6.164091229438781738e-01,-2.726606130599975586e-01,-5.806503295898437500e-01
1.873292803764343262e+00,-2.924933195114135742e+00,7.522294521331787109e-01,-9.947913885116577148e-02,-1.309027895331382751e-02,-9.947394132614135742e-01,2.064002119004726410e-02,-4.153908491134643555e-01,5.649257078766822815e-02,9.962102770805358887e-02,2.990688681602478027e-01,3.692986369132995605e-01,-1.102694049477577209e-01,-1.730030924081802368e-01,5.336000770330429077e-02,-8.187363296747207642e-02,8.106364011764526367e-01,-5.795866250991821289e-01,1.524920458905398846e-03,1.392566561698913574e-01,8.724952489137649536e-02,3.806124627590179443e-01,8.342002034187316895e-01,1.271347403526306152e-01,-1.310489177703857422e-01,-8.301582187414169312e-02,4.025522172451019287e-01,-1.275772005319595337e-01,4.586305022239685059e-01,2.124152183532714844e-01,-3.640100955963134766e-01,2.719676494598388672e-01,2.754622325301170349e-02,-5.746608972549438477e-01,-2.694166600704193115e-01,-5.419664382934570312e-01
1.878085017204284668e+00,-2.919500112533569336e+00,7.425191998481750488e-01,-9.815194457769393921e-02,-1.504966150969266891e-02,-9.947360157966613770e-01,2.529684081673622131e-02,-4.562446475028991699e-01,5.964489281177520752e-02,8.585727959871292114e-02,3.555961549282073975e-01,3.299069702625274658e-01,-1.356194168329238892e-01,-2.182647436857223511e-01,5.099436268210411072e-02,-9.226311743259429932e-02,8.841207623481750488e-01,-6.088923215866088867e-01,2.892427146434783936e-03,8.296759426593780518e-02,7.995970547199249268e-02,3.777814507484436035e-01,8.049821257591247559e-01,1.617069840431213379e-01,-1.482271850109100342e-01,-1.118561625480651855e-01,4.194682836532592773e-01,-1.426700055599212646e-01,4.539126157760620117e-01,2.230768650770187378e-01,-3.246795237064361572e-01,2.518843412399291992e-01,4.781769588589668274e-02,-5.602490901947021484e-01,-2.587916254997253418e-01,-5.826061367988586426e-01
1.882509708404541016e+00,-2.912967205047607422e+00,7.288668751716613770e-01,-9.574844688177108765e-02,-7.975410670042037964e-03,-9.939516186714172363e-01,5.318650603294372559e-02,-5.761005282402038574e-01,4.755228757858276367e-02,2.081911638379096985e-02,5.087819099426269531e-01,3.283765316009521484e-01,-1.869897842407226562e-01,-2.614154517650604248e-01,5.513020232319831848e-02,-1.364370286464691162e-01,9.565981626510620117e-01,-6.464925408363342285e-01,-1.023074705153703690e-02,1.278604567050933838e-02,8.488333970308303833e-02,3.707330524921417236e-01,7.099702358245849609e-01,2.281054705381393433e-01,-1.370011717081069946e-01,-1.306364834308624268e-01,4.578219354152679443e-01,-1.604022383689880371e-01,4.373277425765991211e-01,2.154782414436340332e-01,-2.935652732849121094e-01,2.320731580257415771e-01,6.261583417654037476e-02,-5.623192191123962402e-01,-2.570946216583251953e-01,-6.280031800270080566e-01
1.884868979454040527e+00,-2.907854795455932617e+00,7.202351689338684082e-01,-8.947582542896270752e-02,-6.626528687775135040e-03,-9.928541779518127441e-01,7.868093252182006836e-02,-6.955922245979309082e-01,2.475902251899242401e-02,-1.628680713474750519e-02,6.535933017730712891e-01,3.491345942020416260e-01,-2.252931892871856689e-01,-2.538194656372070312e-01,5.269960686564445496e-02,-1.607773005962371826e-01,9.274415373802185059e-01,-6.548976898193359375e-01,-2.178242243826389313e-02,-3.614988550543785095e-02,8.878661692142486572e-02,3.733341395854949951e-01,5.416436195373535156e-01,2.898362874984741211e-01,-1.334944516420364380e-01,-1.405881792306900024e-01,4.548023045063018799e-01,-1.736308634281158447e-01,4.908823668956756592e-01,1.603668779134750366e-01,-2.919391393661499023e-01,2.231036126613616943e-01,8.234839886426925659e-02,-5.529599189758300781e-01,-2.494464963674545288e-01,-6.798498630523681641e-01
1.890595316886901855e+00,-2.903954505920410156e+00,7.081032991409301758e-01,-9.301064163446426392e-02,-4.940466489642858505e-03,-9.907788038253784180e-01,9.839712083339691162e-02,-8.460870981216430664e-01,1.616277918219566345e-02,-2.623587101697921753e-02,8.832321763038635254e-01,3.804547190666198730e-01,-2.290648967027664185e-01,-2.770414352416992188e-01,5.051698908209800720e-02,-1.832554489374160767e-01,9.744430184364318848e-01,-6.632441878318786621e-01,-4.633005335927009583e-02,-7.971166074275970459e-02,1.033701598644256592e-01,3.867148458957672119e-01,3.459012806415557861e-01,3.125081658363342285e-01,-1.248606592416763306e-01,-1.373498290777206421e-01,4.312063157558441162e-01,-1.787195652723312378e-01,5.512212514877319336e-01,1.009230762720108032e-01,-3.190951049327850342e-01,2.106710225343704224e-01,6.665435433387756348e-02,-5.397434234619140625e-01,-2.547396421432495117e-01,-6.961609721183776855e-01
1.896159052848815918e+00,-2.901687622070312500e+00,6.974477767944335938e-01,-9.196460992097854614e-02,-2.845604671165347099e-03,-9.902746081352233887e-01,1.043580994009971619e-01,-1.019965767860412598e+00,4.187738522887229919e-02,-1.800426095724105835e-02,1.176285386085510254e+00,3.088486790657043457e-01,-1.379764676094055176e-01,-3.187714517116546631e-01,5.339727178215980530e-02,-1.930482238531112671e-01,1.031484961509704590e+00,-6.737013459205627441e-01,-7.413373887538909912e-02,-9.878155589103698730e-02,1.208342313766479492e-01,3.954277038574218750e-01,1.318566203117370605e-01,2.939763069152832031e-01,-9.826621413230895996e-02,-1.107089892029762268e-01,3.914841413497924805e-01,-1.852050125598907471e-01,6.031351089477539062e-01,4.288285970687866211e-02,-3.552965223789215088e-01,1.836476027965545654e-01,-2.855565026402473450e-02,-6.105132699012756348e-01,-2.546437978744506836e-01,-7.535401582717895508e-01
1.902935266494750977e+00,-2.901270389556884766e+00,6.886548399925231934e-01,-9.797675907611846924e-02,-6.797020323574542999e-03,-9.906733036041259766e-01,9.444967657327651978e-02,-1.156239986419677734e+00,6.445311754941940308e-02,-4.049871116876602173e-02,1.457651138305664062e+00,2.813007533550262451e-01,-1.078786104917526245e-01,-3.454680442810058594e-01,5.502512678503990173e-02,-1.790175288915634155e-01,1.082263469696044922e+00,-6.753702163696289062e-01,-9.416200965642929077e-02,-9.470088779926300049e-02,1.269180625677108765e-01,4.215041995048522949e-01,-5.165636911988258362e-02,2.558623552322387695e-01,-3.801979869604110718e-02,-9.280343353748321533e-02,4.510042071342468262e-01,-2.015629559755325317e-01,6.857767701148986816e-01,-2.800770103931427002e-02,-3.945206999778747559e-01,1.715568602085113525e-01,-1.592805534601211548e-01,-6.580024957656860352e-01,-2.668719291687011719e-01,-8.074516654014587402e-01
1.912678360939025879e+00,-2.905873775482177734e+00,6.838644146919250488e-01,-9.945207089185714722e-02,-2.183186076581478119e-02,-9.916135668754577637e-01,7.959415763616561890e-02,-1.254375576972961426e+00,2.811549045145511627e-02,-6.673800945281982422e-02,1.703379869461059570e+00,2.986367344856262207e-01,-1.228910759091377258e-01,-3.812301456928253174e-01,2.706282958388328552e-02,-1.408041119575500488e-01,1.126599788665771484e+00,-6.674857139587402344e-01,-8.837734162807464600e-02,-9.867399185895919800e-02,1.076569855213165283e-01,4.386179149150848389e-01,-1.843539327383041382e-01,2.148204743862152100e-01,4.264612495899200439e-02,-1.010374203324317932e-01,4.321412146091461182e-01,-2.121941149234771729e-01,7.056596279144287109e-01,-1.285676211118698120e-01,-4.373188614845275879e-01,2.067859321832656860e-01,-2.652418017387390137e-01,-6.380223035812377930e-01,-2.828303873538970947e-01,-8.338330984115600586e-01
1.924005508422851562e+00,-2.910396099090576172e+00,6.851355433464050293e-01,-9.172782301902770996e-02,-3.592078387737274170e-02,-9.933485984802246094e-01,5.961790680885314941e-02,-1.312692999839782715e+00,4.088513180613517761e-02,-5.967751145362854004e-02,1.930425524711608887e+00,3.172898888587951660e-01,-1.255456507205963135e-01,-4.311413168907165527e-01,5.763774737715721130e-03,-9.686700254678726196e-02,1.143686652183532715e+00,-6.448720097541809082e-01,-7.572727650403976440e-02,-1.091967299580574036e-01,8.390872180461883545e-02,4.431160390377044678e-01,-2.682558894157409668e-01,1.974344402551651001e-01,1.151241213083267212e-01,-1.247050911188125610e-01,3.319433331489562988e-01,-2.172901481389999390e-01,6.330270171165466309e-01,-2.468265891075134277e-01,-4.600245356559753418e-01,2.603359818458557129e-01,-3.372040987014770508e-01,-5.807660222053527832e-01,-2.822003066539764404e-01,-7.864199876785278320e-01
1.935667037963867188e+00,-2.915771722793579102e+00,6.921919584274291992e-01,-7.765443623065948486e-02,-4.834139719605445862e-02,-9.953148365020751953e-01,3.132567182183265686e-02,-1.289428472518920898e+00,9.504836797714233398e-02,-3.347421437501907349e-02,2.104089975357055664e+00,3.612437248229980469e-01,-1.831455826759338379e-01,-4.857896566390991211e-01,-3.159505547955632210e-03,-4.777083173394203186e-02,1.129832386970520020e+00,-6.041595339775085449e-01,-6.276592612266540527e-02,-9.732641279697418213e-02,6.599832326173782349e-02,4.402061998844146729e-01,-3.307281732559204102e-01,1.880825757980346680e-01,1.636084169149398804e-01,-1.500556021928787231e-01,3.173950016498565674e-01,-2.309446036815643311e-01,5.586974620819091797e-01,-3.520489931106567383e-01,-4.422731697559356689e-01,2.930171191692352295e-01,-3.579312562942504883e-01,-5.213484168052673340e-01,-2.787607610225677490e-01,-7.393023371696472168e-01
1.946978807449340820e+00,-2.921783924102783203e+00,7.049440145492553711e-01,-5.690880119800567627e-02,-5.556400865316390991e-02,-9.968306422233581543e-01,1.628102036193013191e-03,-1.180437207221984863e+00,1.183034703135490417e-01,3.361706808209419250e-02,2.174973249435424805e+00,4.300011694431304932e-01,-2.471995055675506592e-01,-5.302379727363586426e-01,2.997205592691898346e-03,-6.204225355759263039e-04,1.061791419982910156e+00,-5.369686484336853027e-01,-3.811064362525939941e-02,-7.670622318983078003e-02,6.547319144010543823e-02,4.244221150875091553e-01,-3.817932903766632080e-01,1.759646683931350708e-01,1.718714088201522827e-01,-1.534673571586608887e-01,3.404771089553833008e-01,-2.256187647581100464e-01,5.626863837242126465e-01,-4.344199001789093018e-01,-4.022000133991241455e-01,3.116872012615203857e-01,-3.165305554866790771e-01,-4.471069276332855225e-01,-2.727975249290466309e-01,-7.187766432762145996e-01
1.958931446075439453e+00,-2.929397344589233398e+00,7.209944725036621094e-01,-3.004292957484722137e-02,-5.397444218397140503e-02,-9.978399872779846191e-01,-2.234923467040061951e-02,-1.034541845321655273e+00,9.985675662755966187e-02,1.289610564708709717e-01,2.136138677597045898e+00,4.743715226650238037e-01,-2.527187466621398926e-01,-5.691022872924804688e-01,1.780940592288970947e-02,2.963733859360218048e-02,9.594559073448181152e-01,-4.647041559219360352e-01,-1.883776974864304066e-03,-6.318867206573486328e-02,8.277418464422225952e-02,3.986294567584991455e-01,-4.194781184196472168e-01,1.664873659610748291e-01,1.488533765077590942e-01,-1.303610503673553467e-01,3.061197400093078613e-01,-2.362436354160308838e-01,5.905501842498779297e-01,-4.960703551769256592e-01,-3.411046266555786133e-01,3.251170814037322998e-01,-2.280403971672058105e-01,-3.860216140747070312e-01,-2.654545605182647705e-01,-7.055708765983581543e-01
1.970396161079406738e+00,-2.936222076416015625e+00,7.402414679527282715e-01,-5.971883423626422882e-03,-5.150993913412094116e-02,-9.974837303161621094e-01,-4.834550246596336365e-02,-8.553943037986755371e-01,5.745951831340789795e-02,2.181941419839859009e-01,1.965577244758605957e+00,5.009263753890991211e-01,-2.198458462953567505e-01,-5.821970701217651367e-01,3.339179977774620056e-02,5.463612079620361328e-02,8.276543021202087402e-01,-3.977020382881164551e-01,5.087481811642646790e-02,-4.540556296706199646e-02,9.756881743669509888e-02,3.814511895179748535e-01,-4.452780187129974365e-01,1.550336033105850220e-01,1.010629385709762573e-01,-1.068543195724487305e-01,2.200804799795150757e-01,-2.309022247791290283e-01,6.199440360069274902e-01,-5.474830269813537598e-01,-2.657559216022491455e-01,3.446133434772491455e-01,-1.087370067834854126e-01,-3.751834630966186523e-01,-2.674824893474578857e-01,-7.268259525299072266e-01
1.980065584182739258e+00,-2.939496994018554688e+00,7.611415386199951172e-01,1.216765679419040680e-02,-5.494476482272148132e-02,-9.954295754432678223e-01,-7.715529203414916992e-02,-6.434819102287292480e-01,2.782871946692466736e-02,2.931061685085296631e-01,1.657297492027282715e+00,5.080808401107788086e-01,-2.504784166812896729e-01,-5.691978335380554199e-01,3.773255273699760437e-02,7.480072230100631714e-02,6.845318675041198730e-01,-3.472726345062255859e-01,9.569763392210006714e-02,-1.797086186707019806e-02,8.870673179626464844e-02,3.686759769916534424e-01,-4.685028493404388428e-01,1.454147845506668091e-01,3.453492745757102966e-02,-7.532840967178344727e-02,1.736211180686950684e-01,-2.132637500762939453e-01,6.258087754249572754e-01,-5.845460295677185059e-01,-2.031990587711334229e-01,4.008301198482513428e-01,1.102036610245704651e-02,-3.719798326492309570e-01,-3.010317087173461914e-01,-7.507083415985107422e-01
1.988032102584838867e+00,-2.940948724746704102e+00,7.720841169357299805e-01,2.908878959715366364e-02,-5.102914571762084961e-02,-9.928862452507019043e-01,-1.035698726773262024e-01,-4.737577736377716064e-01,7.353083044290542603e-02,4.093391001224517822e-01,1.354050397872924805e+00,4.742815196514129639e-01,-1.558728814125061035e-01,-5.909919142723083496e-01,7.136703282594680786e-02,9.123329818248748779e-02,6.009194850921630859e-01,-2.386486828327178955e-01,9.102538228034973145e-02,1.316652167588472366e-02,9.005575627088546753e-02,3.481911420822143555e-01,-4.947086870670318604e-01,1.502151489257812500e-01,-7.893329113721847534e-02,-3.711022809147834778e-02,1.000711992383003235e-01,-1.977358758449554443e-01,6.231978535652160645e-01,-6.188716888427734375e-01,-1.828293651342391968e-01,5.277261734008789062e-01,9.189487248659133911e-02,-3.855476379394531250e-01,-2.880765497684478760e-01,-7.554094195365905762e-01
1.993889808654785156e+00,-2.941551685333251953e+00,7.804713845252990723e-01,4.934039711952209473e-02,-4.563714936375617981e-02,-9.909661412239074707e-01,-1.160556599497795105e-01,-3.297848105430603027e-01,2.866042032837867737e-02,4.771911501884460449e-01,1.081528067588806152e+00,5.008839964866638184e-01,-1.211945638060569763e-01,-5.916286110877990723e-01,1.020404696464538574e-01,9.823277592658996582e-02,4.860977828502655029e-01,-1.439411789178848267e-01,4.773114249110221863e-02,2.228624001145362854e-02,1.003727540373802185e-01,3.177395164966583252e-01,-5.411940813064575195e-01,1.609527170658111572e-01,-2.508861720561981201e-01,1.050171256065368652e-02,3.824095055460929871e-02,-1.677780300378799438e-01,6.308917403221130371e-01,-6.657648682594299316e-01,-1.897684335708618164e-01,6.840284466743469238e-01,1.396284997463226318e-01,-4.093602895736694336e-01,-2.667402625083923340e-01,-7.108752131462097168e-01
2.003739356994628906e+00,-2.939799308776855469e+00,7.801756858825683594e-01,6.517859548330307007e-02,-4.807522892951965332e-02,-9.905281066894531250e-01,-1.108809784054756165e-01,-2.516187131404876709e-01,-4.548296332359313965e-02,4.874286055564880371e-01,1.017300367355346680e+00,2.290653996169567108e-02,1.185550689697265625e-01,-6.226536035537719727e-01,1.057033017277717590e-01,9.588956832885742188e-02,4.423167407512664795e-01,-8.416063338518142700e-02,8.864960633218288422e-03,9.288706933148205280e-04,9.219894558191299438e-02,2.919642329216003418e-01,-5.808667540550231934e-01,1.711556911468505859e-01,-3.529386520385742188e-01,6.252548843622207642e-02,-4.152164235711097717e-02,-1.421248018741607666e-01,6.308397650718688965e-01,-7.085938453674316406e-01,-2.012078315019607544e-01,7.822566032409667969e-01,1.611936241388320923e-01,-3.459688425064086914e-01,-2.255350202322006226e-01,-9.524419307708740234e-01
2.014519691467285156e+00,-2.934360027313232422e+00,7.748929858207702637e-01,7.428418844938278198e-02,-3.924499824643135071e-02,-9.919415116310119629e-01,-9.483520686626434326e-02,-1.971386373043060303e-01,-7.060920447111129761e-02,4.567237496376037598e-01,9.365900158882141113e-01,-9.446199238300323486e-02,2.861642092466354370e-02,-6.670823097229003906e-01,1.237602084875106812e-01,7.312368601560592651e-02,4.580777287483215332e-01,-5.305871367454528809e-02,-2.097455784678459167e-02,-3.150636702775955200e-02,1.020530089735984802e-01,2.864020764827728271e-01,-6.335176825523376465e-01,2.073134779930114746e-01,-4.536051452159881592e-01,1.265530288219451904e-01,-7.560766767710447311e-03,-1.145274713635444641e-01,6.809570193290710449e-01,-7.267531156539916992e-01,-2.113129049539566040e-01,7.664970159530639648e-01,1.907395869493484497e-01,-2.787999510765075684e-01,-2.192895412445068359e-01,-9.070975780487060547e-01
2.020144462585449219e+00,-2.927031755447387695e+00,7.676306962966918945e-01,7.995216548442840576e-02,-1.735205948352813721e-02,-9.942238330841064453e-01,-6.946560740470886230e-02,-1.137482821941375732e-01,-5.290639400482177734e-02,4.150990843772888184e-01,8.073021769523620605e-01,-2.168795466423034668e-01,3.540897741913795471e-02,-7.095806598663330078e-01,1.421354115009307861e-01,2.586331451311707497e-03,5.128588080406188965e-01,-8.776979893445968628e-02,-3.083033487200737000e-02,-7.027849555015563965e-02,1.502802073955535889e-01,2.841847240924835205e-01,-7.107709646224975586e-01,2.533779144287109375e-01,-6.072634458541870117e-01,2.378437966108322144e-01,6.413666158914566040e-02,-6.832861900329589844e-02,8.662152290344238281e-01,-7.309727072715759277e-01,-2.455628216266632080e-01,7.005047202110290527e-01,2.262132912874221802e-01,-2.802279889583587646e-01,-2.288356274366378784e-01,-8.270044326782226562e-01
2.025943040847778320e+00,-2.919672489166259766e+00,7.500145435333251953e-01,7.141284644603729248e-02,-6.693226750940084457e-03,-9.964482784271240234e-01,-4.411613568663597107e-02,-6.195627525448799133e-02,-2.515647187829017639e-02,3.984065651893615723e-01,8.003384470939636230e-01,-3.729185760021209717e-01,6.586326658725738525e-02,-7.816162705421447754e-01,1.148155257105827332e-01,-8.894940465688705444e-02,6.656065583229064941e-01,-1.131600290536880493e-01,-2.589140646159648895e-02,-1.123664081096649170e-01,1.683687120676040649e-01,3.076460957527160645e-01,-7.828347086906433105e-01,3.015060126781463623e-01,-7.240551114082336426e-01,3.492869734764099121e-01,1.598759889602661133e-01,-2.816474065184593201e-02,1.012856364250183105e+00,-7.518541812896728516e-01,-2.923679649829864502e-01,6.570928096771240234e-01,2.771418392658233643e-01,-3.018336296081542969e-01,-2.122927606105804443e-01,-9.212331175804138184e-01
2.031102418899536133e+00,-2.913648366928100586e+00,7.290165424346923828e-01,5.832939967513084412e-02,-5.321201868355274200e-03,-9.980816245079040527e-01,-2.005964890122413635e-02,-1.242157164961099625e-02,-6.481197662651538849e-03,4.196092486381530762e-01,8.137045502662658691e-01,-5.231982469558715820e-01,8.352072536945343018e-02,-8.555730581283569336e-01,6.502394378185272217e-02,-1.491995155811309814e-01,8.361627459526062012e-01,-1.159596592187881470e-01,-1.930867321789264679e-02,-1.382188796997070312e-01,1.544160246849060059e-01,3.341449201107025146e-01,-8.430190682411193848e-01,3.528667390346527100e-01,-7.931856513023376465e-01,4.034294784069061279e-01,1.837639212608337402e-01,4.070429422426968813e-04,1.047434329986572266e+00,-7.413307428359985352e-01,-3.432809710502624512e-01,6.001404523849487305e-01,3.185598254203796387e-01,-2.968067526817321777e-01,-2.047259956598281860e-01,-9.662005305290222168e-01
2.036427736282348633e+00,-2.907986879348754883e+00,7.080756425857543945e-01,4.109589383006095886e-02,-6.346343085169792175e-03,-9.990882277488708496e-01,9.673947468400001526e-03,3.273663297295570374e-02,1.185868121683597565e-02,4.383238255977630615e-01,8.473107814788818359e-01,-6.737809777259826660e-01,8.685977011919021606e-02,-9.130860567092895508e-01,1.017528772354125977e-02,-1.796592921018600464e-01,9.971783757209777832e-01,-1.334824711084365845e-01,-1.158890500664710999e-02,-1.683805435895919800e-01,1.335466653108596802e-01,3.687227964401245117e-01,-8.850948810577392578e-01,3.898162543773651123e-01,-7.948564887046813965e-01,4.036366343498229980e-01,1.645991206169128418e-01,-1.367779169231653214e-02,1.069551944732666016e+00,-6.766443848609924316e-01,-4.008402824401855469e-01,5.259531736373901367e-01,3.237648010253906250e-01,-3.381981551647186279e-01,-2.077112644910812378e-01,-9.828940629959106445e-01
2.042829751968383789e+00,-2.903570175170898438e+00,6.913290619850158691e-01,2.308582141995429993e-02,-6.025752518326044083e-03,-9.988797307014465332e-01,4.086630418896675110e-02,6.638190895318984985e-02,2.057420089840888977e-02,4.128793478012084961e-01,8.778768181800842285e-01,-8.141121864318847656e-01,7.740674912929534912e-02,-9.434838294982910156e-01,-4.758372157812118530e-02,-2.122264504432678223e-01,1.117412567138671875e+00,-1.570779681205749512e-01,-2.130760066211223602e-02,-2.005730271339416504e-01,1.201434209942817688e-01,4.114771485328674316e-01,-9.098796248435974121e-01,4.048207104206085205e-01,-6.883200407028198242e-01,3.378694057464599609e-01,2.043695002794265747e-01,-2.922644652426242828e-02,1.045002460479736328e+00,-5.602209568023681641e-01,-4.538586139678955078e-01,4.234696924686431885e-01,2.740564048290252686e-01,-3.418972790241241455e-01,-2.100635170936584473e-01,-9.541085362434387207e-01
2.053221464157104492e+00,-2.901570558547973633e+00,6.835361719131469727e-01,1.693877205252647400e-02,-6.021706853061914444e-03,-9.984351396560668945e-01,5.295310169458389282e-02,7.539495825767517090e-02,3.956775180995464325e-03,3.784533441066741943e-01,8.554071784019470215e-01,-8.726640343666076660e-01,8.353528380393981934e-02,-9.786475896835327148e-01,-7.294280081987380981e-02,-2.216852009296417236e-01,1.163252949714660645e+00,-1.166720911860466003e-01,-1.995147019624710083e-02,-2.041341811418533325e-01,1.093109473586082458e-01,4.411548078060150146e-01,-9.245049953460693359e-01,4.197523891925811768e-01,-4.779540896415710449e-01,2.116317749023437500e-01,2.709420323371887207e-01,-5.856794491410255432e-02,9.327172040939331055e-01,-4.102779626846313477e-01,-4.886184334754943848e-01,3.303030729293823242e-01,2.090443521738052368e-01,-3.504599034786224365e-01,-2.182469815015792847e-01,-9.016706943511962891e-01
2.065658092498779297e+00,-2.899410247802734375e+00,6.872035861015319824e-01,2.512922696769237518e-02,-1.066380995325744152e-03,-9.981724023818969727e-01,5.494769290089607239e-02,5.004385113716125488e-02,-1.089955121278762817e-02,3.300561308860778809e-01,8.073583841323852539e-01,-8.726699948310852051e-01,8.859053999185562134e-02,-1.036696553230285645e+00,-6.557615846395492554e-02,-2.054147869348526001e-01,1.149416446685791016e+00,2.565748430788516998e-02,4.367037862539291382e-02,-2.079279422760009766e-01,1.139675676822662354e-01,4.509562253952026367e-01,-9.245642423629760742e-01,4.400648474693298340e-01,-2.349810451269149780e-01,7.278088480234146118e-02,2.638298273086547852e-01,-1.217641457915306091e-01,7.920047640800476074e-01,-2.550499737262725830e-01,-5.097232460975646973e-01,2.854366898536682129e-01,1.780788153409957886e-01,-3.871821463108062744e-01,-2.224958688020706177e-01,-8.488521575927734375e-01
2.081252098083496094e+00,-2.895531415939331055e+00,7.030301690101623535e-01,4.803115874528884888e-02,1.484569627791643143e-02,-9.974861145019531250e-01,4.994080588221549988e-02,-2.137106284499168396e-02,2.013793028891086578e-02,3.182268142700195312e-01,7.805745601654052734e-01,-8.726699948310852051e-01,8.557473868131637573e-02,-1.105991244316101074e+00,-1.185544859617948532e-02,-1.559288054704666138e-01,1.057332754135131836e+00,2.537313997745513916e-01,2.403849959373474121e-01,-2.085220217704772949e-01,1.412651687860488892e-01,4.500468671321868896e-01,-9.300472736358642578e-01,4.771148562431335449e-01,9.247462265193462372e-03,-4.974490776658058167e-02,2.108968198299407959e-01,-1.729494482278823853e-01,6.538597941398620605e-01,-1.171419546008110046e-01,-5.068689584732055664e-01,2.812203466892242432e-01,1.843177229166030884e-01,-3.741108775138854980e-01,-2.253409177064895630e-01,-8.201196193695068359e-01
2.095459222793579102e+00,-2.889832496643066406e+00,7.261620759963989258e-01,8.780869841575622559e-02,3.775757923722267151e-02,-9.948918223381042480e-01,3.246990591287612915e-02,-1.056903302669525146e-01,7.773619145154953003e-02,3.341177105903625488e-01,6.999743580818176270e-01,-8.068575263023376465e-01,6.227524951100349426e-02,-1.148896455764770508e+00,4.377789795398712158e-02,-1.618257761001586914e-01,8.823021650314331055e-01,4.464228451251983643e-01,2.617999911308288574e-01,-1.964352279901504517e-01,1.875782907009124756e-01,4.184869527816772461e-01,-9.306059479713439941e-01,5.401424765586853027e-01,1.476422250270843506e-01,-1.618623435497283936e-01,1.406281441450119019e-01,-1.931566298007965088e-01,5.988636612892150879e-01,7.483999710530042648e-03,-5.000185370445251465e-01,3.022330403327941895e-01,1.973856538534164429e-01,-3.473631143569946289e-01,-2.304756939411163330e-01,-7.917128205299377441e-01
2.105013132095336914e+00,-2.889969825744628906e+00,7.470014095306396484e-01,1.316762566566467285e-01,4.953831806778907776e-02,-9.898378849029541016e-01,2.069376595318317413e-02,-1.780229210853576660e-01,8.927740901708602905e-02,3.434905111789703369e-01,5.850152373313903809e-01,-7.359588146209716797e-01,6.232578679919242859e-02,-1.156829714775085449e+00,1.186880916357040405e-01,-7.738292962312698364e-02,7.182185053825378418e-01,4.123780429363250732e-01,2.617999911308288574e-01,-2.062693536281585693e-01,2.177885919809341431e-01,3.677689433097839355e-01,-9.292180538177490234e-01,6.210744976997375488e-01,2.784471809864044189e-01,-2.441911995410919189e-01,7.030369341373443604e-02,-2.135011851787567139e-01,5.518755912780761719e-01,1.276692897081375122e-01,-4.980483651161193848e-01,3.324871957302093506e-01,2.094875574111938477e-01,-3.630494475364685059e-01,-2.384671419858932495e-01,-7.933115959167480469e-01
2.112064361572265625e+00,-2.896268129348754883e+00,7.610874176025390625e-01,1.724405735731124878e-01,4.277046769857406616e-02,-9.840811491012573242e-01,4.389656707644462585e-03,-2.332752645015716553e-01,4.263918101787567139e-02,3.659600317478179932e-01,4.637582302093505859e-01,-6.711369752883911133e-01,9.455489367246627808e-02,-1.119307279586791992e+00,1.052680388092994690e-01,-7.792631536722183228e-02,5.885059237480163574e-01,2.766695022583007812e-01,2.617999911308288574e-01,-2.092546224594116211e-01,2.141851633787155151e-01,3.098967671394348145e-01,-9.486595392227172852e-01,7.019577622413635254e-01,4.016290009021759033e-01,-3.015824556350708008e-01,5.829434096813201904e-02,-2.263107895851135254e-01,5.261937379837036133e-01,2.340530455112457275e-01,-5.003755688667297363e-01,3.539941012859344482e-01,2.296852916479110718e-01,-3.562444448471069336e-01,-2.432383447885513306e-01,-7.773379087448120117e-01
2.113109350204467773e+00,-2.897139310836791992e+00,7.627859711647033691e-01,1.905276328325271606e-01,2.670718170702457428e-02,-9.813180565834045410e-01,-9.027296327985823154e-04,-2.536731064319610596e-01,-7.059343624860048294e-03,3.718823790550231934e-01,4.092560112476348877e-01,-6.458247900009155273e-01,1.007978394627571106e-01,-1.010299086570739746e+00,8.798843622207641602e-02,-7.690166682004928589e-02,4.753473103046417236e-01,1.564151234924793243e-02,9.338676184415817261e-02,-2.307463735342025757e-01,1.746459603309631348e-01,2.768756449222564697e-01,-9.943891763687133789e-01,7.753534317016601562e-01,4.820334017276763916e-01,-3.325591683387756348e-01,3.143772110342979431e-02,-2.214462310075759888e-01,4.892225563526153564e-01,3.272455632686614990e-01,-4.853338599205017090e-01,3.598007857799530029e-01,2.603821754455566406e-01,-3.517585992813110352e-01,-2.483272254467010498e-01,-7.791066765785217285e-01
2.120491981506347656e+00,-2.893742561340332031e+00,7.651562094688415527e-01,1.828834563493728638e-01,2.489031990990042686e-03,-9.830988645553588867e-01,8.003983646631240845e-03,-2.738265097141265869e-01,-5.362184345722198486e-02,3.626871109008789062e-01,4.390259683132171631e-01,-5.973425507545471191e-01,1.092972010374069214e-01,-9.170941710472106934e-01,5.126876011490821838e-02,-4.865667596459388733e-02,3.221915364265441895e-01,7.634818553924560547e-02,3.337772935628890991e-02,-2.627336680889129639e-01,1.042552441358566284e-01,2.749349772930145264e-01,-1.045957207679748535e+00,8.073253035545349121e-01,4.991430342197418213e-01,-3.294622302055358887e-01,2.303903177380561829e-02,-2.219908833503723145e-01,4.887265264987945557e-01,4.087375700473785400e-01,-4.413800239562988281e-01,3.370451927185058594e-01,2.986738085746765137e-01,-3.515162467956542969e-01,-2.489578723907470703e-01,-7.744989395141601562e-01
2.126156091690063477e+00,-2.891358852386474609e+00,7.651548385620117188e-01,1.684676408767700195e-01,-8.593605831265449524e-03,-9.856119155883789062e-01,1.067332644015550613e-02,-2.845046818256378174e-01,-6.649184226989746094e-02,3.347701430320739746e-01,5.097023248672485352e-01,-5.772895216941833496e-01,9.981873631477355957e-02,-8.986153006553649902e-01,4.875100776553153992e-02,-4.992544418200850487e-04,3.275882899761199951e-01,1.004039645195007324e-01,8.215841837227344513e-03,-2.630750536918640137e-01,5.467849969863891602e-02,3.031378984451293945e-01,-1.107211470603942871e+00,8.154354095458984375e-01,4.754201471805572510e-01,-3.153009712696075439e-01,6.452630460262298584e-02,-2.290656566619873047e-01,5.114435553550720215e-01,4.488002657890319824e-01,-3.844246566295623779e-01,2.920113801956176758e-01,3.447719514369964600e-01,-3.295756280422210693e-01,-2.534042894840240479e-01,-7.645151019096374512e-01
2.122767686843872070e+00,-2.892518520355224609e+00,7.611725926399230957e-01,1.602571159601211548e-01,1.091788336634635925e-02,-9.870142936706542969e-01,1.107087940908968449e-03,-2.659931182861328125e-01,-1.644583418965339661e-02,3.159884810447692871e-01,5.521663427352905273e-01,-6.157453060150146484e-01,6.986507028341293335e-02,-9.339970946311950684e-01,8.209560811519622803e-02,-5.655420199036598206e-02,4.409830570220947266e-01,3.590236976742744446e-02,-1.322386227548122406e-02,-2.323264330625534058e-01,7.784033566713333130e-02,3.308901190757751465e-01,-1.159989356994628906e+00,8.096780180931091309e-01,4.342668950557708740e-01,-2.992919385433197021e-01,9.149969369173049927e-02,-2.188442498445510864e-01,5.104948282241821289e-01,4.428123831748962402e-01,-3.535419404506683350e-01,2.789950966835021973e-01,3.765817284584045410e-01,-2.853174507617950439e-01,-2.521124482154846191e-01,-7.838355302810668945e-01
2.117819547653198242e+00,-2.894431114196777344e+00,7.497765421867370605e-01,1.376999318599700928e-01,1.688257418572902679e-02,-9.902266860008239746e-01,-1.431034691631793976e-02,-2.334565222263336182e-01,1.306205615401268005e-02,3.383009731769561768e-01,6.362227797508239746e-01,-6.671369075775146484e-01,6.290865689516067505e-02,-9.930752515792846680e-01,1.045037806034088135e-01,-6.688188761472702026e-02,6.213504672050476074e-01,7.250995934009552002e-02,-6.057070568203926086e-03,-2.220553010702133179e-01,6.816506385803222656e-02,3.511992096900939941e-01,-1.147572278976440430e+00,8.047984838485717773e-01,3.961432278156280518e-01,-2.697276175022125244e-01,1.285916119813919067e-01,-2.153487801551818848e-01,5.228115916252136230e-01,4.145986139774322510e-01,-3.573176860809326172e-01,3.145510852336883545e-01,3.965291678905487061e-01,-2.323854267597198486e-01,-2.399994581937789917e-01,-8.010100722312927246e-01
2.111583709716796875e+00,-2.896025180816650391e+00,7.336888909339904785e-01,1.065656989812850952e-01,1.753845810890197754e-02,-9.938818216323852539e-01,-2.313138730823993683e-02,-1.667591929435729980e-01,2.498585544526576996e-02,3.651407361030578613e-01,7.007572650909423828e-01,-7.417895197868347168e-01,6.158965453505516052e-02,-1.057755470275878906e+00,1.162653565406799316e-01,-5.791661515831947327e-02,8.244277238845825195e-01,1.548591107130050659e-01,2.952342666685581207e-02,-2.218054085969924927e-01,4.626403748989105225e-02,3.739445805549621582e-01,-1.095506668090820312e+00,7.752578854560852051e-01,3.691729307174682617e-01,-2.570207417011260986e-01,1.474842727184295654e-01,-2.056068032979965210e-01,5.096425414085388184e-01,3.653608262538909912e-01,-3.789883852005004883e-01,3.721838593482971191e-01,4.110350310802459717e-01,-2.051220238208770752e-01,-2.373581975698471069e-01,-8.058660626411437988e-01
2.106528997421264648e+00,-2.896869421005249023e+00,7.159203290939331055e-01,6.924433261156082153e-02,1.299369614571332932e-02,-9.972829222679138184e-01,-2.152154594659805298e-02,-8.374760299921035767e-02,1.975161954760551453e-02,3.780698478221893311e-01,7.541747093200683594e-01,-8.228905200958251953e-01,6.190671026706695557e-02,-1.098111152648925781e+00,1.114612668752670288e-01,-3.893551975488662720e-02,9.999113082885742188e-01,2.422469705343246460e-01,8.118074387311935425e-02,-2.247545123100280762e-01,1.180247217416763306e-02,4.067911207675933838e-01,-1.029081344604492188e+00,7.274870276451110840e-01,3.315819203853607178e-01,-2.679078280925750732e-01,1.209535747766494751e-01,-2.001359909772872925e-01,4.924791455268859863e-01,3.063906431198120117e-01,-3.916541635990142822e-01,4.085471630096435547e-01,4.209601283073425293e-01,-2.428384721279144287e-01,-2.227354049682617188e-01,-8.142440319061279297e-01
2.101372241973876953e+00,-2.896848678588867188e+00,7.000333070755004883e-01,3.320420905947685242e-02,8.218429982662200928e-03,-9.992698431015014648e-01,-1.702057383954524994e-02,-1.557411998510360718e-02,1.381135918200016022e-02,3.743235766887664795e-01,8.224406838417053223e-01,-8.725598454475402832e-01,6.102155148983001709e-02,-1.108415603637695312e+00,1.108821704983711243e-01,-1.498517394065856934e-02,1.125614404678344727e+00,3.111377954483032227e-01,1.320939213037490845e-01,-2.236517220735549927e-01,-1.752992719411849976e-02,4.395636022090911865e-01,-9.571370482444763184e-01,6.728931665420532227e-01,2.937685251235961914e-01,-2.921822667121887207e-01,9.663967788219451904e-02,-2.073857337236404419e-01,4.840162992477416992e-01,2.514156401157379150e-01,-3.938573896884918213e-01,4.198911488056182861e-01,4.316805899143218994e-01,-3.329513370990753174e-01,-1.974466145038604736e-01,-8.078568577766418457e-01
2.096630096435546875e+00,-2.896469593048095703e+00,6.910867691040039062e-01,1.260729879140853882e-02,9.775484912097454071e-03,-9.997674226760864258e-01,-1.451245043426752090e-02,2.595240809023380280e-02,2.368332073092460632e-02,3.746022880077362061e-01,8.604976534843444824e-01,-8.726699948310852051e-01,5.672049149870872498e-02,-1.111159920692443848e+00,1.248735040426254272e-01,1.357137574814260006e-03,1.184791207313537598e+00,3.747577667236328125e-01,1.837492883205413818e-01,-2.141181081533432007e-01,-2.083091251552104950e-02,4.618330001831054688e-01,-9.140077233314514160e-01,6.308130621910095215e-01,2.653838396072387695e-01,-3.286537826061248779e-01,9.034282714128494263e-02,-2.119242697954177856e-01,4.781634509563446045e-01,2.126870304346084595e-01,-3.735642731189727783e-01,3.661519587039947510e-01,4.412889182567596436e-01,-4.062543213367462158e-01,-1.872907429933547974e-01,-7.990006804466247559e-01
2.091918230056762695e+00,-2.896955966949462891e+00,6.883583664894104004e-01,1.211769995279610157e-04,1.428577583283185959e-02,-9.997035861015319824e-01,-1.971542648971080780e-02,7.328959554433822632e-02,3.331587091088294983e-02,3.883339464664459229e-01,8.445503711700439453e-01,-8.726699948310852051e-01,5.307057499885559082e-02,-1.107653260231018066e+00,1.523743718862533569e-01,1.578683592379093170e-02,1.199460387229919434e+00,4.494557082653045654e-01,2.367476075887680054e-01,-1.982021480798721313e-01,-1.459111552685499191e-02,4.841068685054779053e-01,-8.984233736991882324e-01,6.190160512924194336e-01,2.599334418773651123e-01,-3.739407360553741455e-01,8.166851103305816650e-02,-2.195255756378173828e-01,4.468710422515869141e-01,2.092757970094680786e-01,-3.694215416908264160e-01,3.316829800605773926e-01,4.136498570442199707e-01,-3.395031094551086426e-01,-1.929994374513626099e-01,-7.723910808563232422e-01
2.088811397552490234e+00,-2.898005485534667969e+00,6.928193569183349609e-01,-3.187011461704969406e-03,2.041589841246604919e-02,-9.993377327919006348e-01,-2.995129115879535675e-02,1.062141954898834229e-01,3.503624722361564636e-02,3.957397639751434326e-01,7.995190620422363281e-01,-8.726699948310852051e-01,5.466701835393905640e-02,-1.102758526802062988e+00,1.731604039669036865e-01,1.653230376541614532e-02,1.177479505538940430e+00,5.215156078338623047e-01,2.617961168289184570e-01,-1.861207783222198486e-01,-3.879179246723651886e-03,5.000014305114746094e-01,-9.213426709175109863e-01,6.473100185394287109e-01,2.730855643749237061e-01,-4.081172049045562744e-01,1.099010109901428223e-01,-2.312935888767242432e-01,4.599862098693847656e-01,2.246036678552627563e-01,-3.867838978767395020e-01,3.269560933113098145e-01,3.650626242160797119e-01,-3.073215186595916748e-01,-2.012513428926467896e-01,-7.515702247619628906e-01
2.087248563766479492e+00,-2.898696660995483398e+00,7.053642868995666504e-01,1.140220183879137039e-02,3.546851500868797302e-02,-9.984948635101318359e-01,-4.024881124496459961e-02,1.001502051949501038e-01,5.292475223541259766e-02,3.917736709117889404e-01,7.367656230926513672e-01,-8.726699948310852051e-01,5.941984057426452637e-02,-1.102695584297180176e+00,1.891606599092483521e-01,-1.158900000154972076e-02,1.118250489234924316e+00,5.235995650291442871e-01,2.617999911308288574e-01,-1.882841736078262329e-01,3.310354426503181458e-02,4.986598193645477295e-01,-9.416519403457641602e-01,6.943765878677368164e-01,3.062091469764709473e-01,-4.469313621520996094e-01,9.048482775688171387e-02,-2.276469022035598755e-01,4.645175337791442871e-01,2.453294396400451660e-01,-4.144891202449798584e-01,3.262025117874145508e-01,3.219352960586547852e-01,-3.844320774078369141e-01,-1.881292760372161865e-01,-7.380536794662475586e-01
2.087161302566528320e+00,-2.901524782180786133e+00,7.245733141899108887e-01,4.234667122364044189e-02,4.833976179361343384e-02,-9.964953064918518066e-01,-5.354531109333038330e-02,6.827627867460250854e-02,6.291118264198303223e-02,4.017345607280731201e-01,6.316338777542114258e-01,-8.282232880592346191e-01,7.130535691976547241e-02,-1.103776216506958008e+00,2.107942253351211548e-01,-3.436035290360450745e-02,1.012087106704711914e+00,5.235926508903503418e-01,2.617999911308288574e-01,-1.961272507905960083e-01,7.832375913858413696e-02,4.704212248325347900e-01,-9.532188773155212402e-01,7.440467476844787598e-01,3.636404871940612793e-01,-4.708653390407562256e-01,3.827234730124473572e-02,-2.213859856128692627e-01,4.507555067539215088e-01,2.706204652786254883e-01,-4.448972642421722412e-01,3.224973380565643311e-01,2.988350391387939453e-01,-4.516850411891937256e-01,-1.980060636997222900e-01,-7.126637697219848633e-01
2.086040019989013672e+00,-2.906430006027221680e+00,7.461172342300415039e-01,8.640607446432113647e-02,5.743814632296562195e-02,-9.919137954711914062e-01,-7.308838516473770142e-02,2.580126747488975525e-02,5.663022771477699280e-02,4.248238205909729004e-01,4.796810448169708252e-01,-7.417710423469543457e-01,8.649714291095733643e-02,-1.095651626586914062e+00,2.113677710294723511e-01,-1.022842228412628174e-01,8.637403249740600586e-01,5.175202488899230957e-01,1.671200692653656006e-01,-1.939572691917419434e-01,1.256634294986724854e-01,4.146765470504760742e-01,-9.479950666427612305e-01,7.942363023757934570e-01,4.329132437705993652e-01,-4.754262864589691162e-01,1.361046638339757919e-02,-2.199218571186065674e-01,4.495461583137512207e-01,2.979472577571868896e-01,-4.713122248649597168e-01,3.179829418659210205e-01,2.918126285076141357e-01,-4.638137817382812500e-01,-1.933714002370834351e-01,-7.037131786346435547e-01
2.080444812774658203e+00,-2.911702394485473633e+00,7.635551095008850098e-01,1.348128318786621094e-01,5.904281139373779297e-02,-9.850308299064636230e-01,-8.974245935678482056e-02,-1.644507609307765961e-02,2.956893667578697205e-02,4.405686557292938232e-01,3.145377337932586670e-01,-6.421317458152770996e-01,9.833954274654388428e-02,-1.051563739776611328e+00,1.797952353954315186e-01,-2.223640978336334229e-01,7.210111618041992188e-01,3.275640904903411865e-01,8.509916812181472778e-02,-2.018606513738632202e-01,1.648993492126464844e-01,3.377169072628021240e-01,-9.284850358963012695e-01,8.563396334648132324e-01,5.003988742828369141e-01,-4.488690793514251709e-01,3.170138457790017128e-03,-2.125128060579299927e-01,4.574476778507232666e-01,3.316853940486907959e-01,-4.977166652679443359e-01,3.045507669448852539e-01,2.918874919414520264e-01,-4.325133860111236572e-01,-2.044597715139389038e-01,-7.028051018714904785e-01
2.073280572891235352e+00,-2.913664340972900391e+00,7.719429731369018555e-01,1.650509834289550781e-01,3.838637098670005798e-02,-9.810645580291748047e-01,-9.379203617572784424e-02,-4.079704731702804565e-02,-3.442744910717010498e-02,4.511089324951171875e-01,1.937431246042251587e-01,-5.128743052482604980e-01,9.380620718002319336e-02,-9.419581890106201172e-01,1.206036582589149475e-01,-3.388784825801849365e-01,5.652345418930053711e-01,1.550559252500534058e-01,-3.551968932151794434e-02,-2.481000274419784546e-01,1.486141681671142578e-01,2.708066999912261963e-01,-8.939602375030517578e-01,9.250534176826477051e-01,5.515543818473815918e-01,-3.843442499637603760e-01,3.050878178328275681e-03,-1.888714283704757690e-01,4.618965685367584229e-01,3.666853606700897217e-01,-5.138314366340637207e-01,2.874343395233154297e-01,2.868341207504272461e-01,-4.023294746875762939e-01,-2.192754298448562622e-01,-7.080945968627929688e-01
2.058104991912841797e+00,-2.912626028060913086e+00,7.714437842369079590e-01,1.812684386968612671e-01,3.067347966134548187e-02,-9.796611666679382324e-01,-8.040457218885421753e-02,-2.403233014047145844e-02,-6.549350172281265259e-02,3.899894654750823975e-01,1.223479434847831726e-01,-4.321261644363403320e-01,7.925912737846374512e-02,-8.209012150764465332e-01,1.459534317255020142e-01,-2.658590078353881836e-01,4.189351499080657959e-01,-9.326368570327758789e-02,-9.600234031677246094e-02,-3.046705126762390137e-01,1.646042764186859131e-01,2.296035736799240112e-01,-8.858414292335510254e-01,9.721255898475646973e-01,5.261838436126708984e-01,-2.525226473808288574e-01,3.984202072024345398e-02,-1.586885303258895874e-01,4.833054244518280029e-01,4.106326401233673096e-01,-5.101007223129272461e-01,2.235715687274932861e-01,2.657009661197662354e-01,-3.456570208072662354e-01,-2.270135581493377686e-01,-6.873558163642883301e-01
2.047712087631225586e+00,-2.909337997436523438e+00,7.755870819091796875e-01,1.794757544994354248e-01,3.071440383791923523e-02,-9.810928702354431152e-01,-6.558849662542343140e-02,1.090417336672544479e-02,-5.778517574071884155e-02,3.140494525432586670e-01,1.633910387754440308e-01,-3.923833966255187988e-01,7.424377650022506714e-02,-7.481520771980285645e-01,1.447930932044982910e-01,-2.758819460868835449e-01,3.382777571678161621e-01,-1.420839726924896240e-01,-9.432232379913330078e-02,-3.311311900615692139e-01,1.705564707517623901e-01,2.195822000503540039e-01,-9.014687538146972656e-01,9.878852367401123047e-01,3.845477998256683350e-01,-5.200448632240295410e-02,5.180230364203453064e-02,-5.080057308077812195e-02,4.640370607376098633e-01,4.507502913475036621e-01,-4.583587646484375000e-01,1.344403028488159180e-01,2.403934448957443237e-01,-2.699044644832611084e-01,-2.297640293836593628e-01,-6.632108688354492188e-01
2.041181564331054688e+00,-2.907754898071289062e+00,7.705829143524169922e-01,1.583151370286941528e-01,1.955305412411689758e-02,-9.854121804237365723e-01,-5.930249765515327454e-02,1.832999475300312042e-02,-5.118197202682495117e-02,3.000440001487731934e-01,3.999226689338684082e-01,-4.266459941864013672e-01,7.921557128429412842e-02,-7.580182552337646484e-01,1.038007214665412903e-01,-2.664020359516143799e-01,4.725697934627532959e-01,-1.950489878654479980e-01,-8.634754270315170288e-02,-3.020073771476745605e-01,1.375139355659484863e-01,2.428960353136062622e-01,-1.015879154205322266e+00,1.026177287101745605e+00,-2.172181010246276855e-01,2.381425350904464722e-01,-1.492309719324111938e-01,1.822056435048580170e-02,6.045722961425781250e-01,4.733929932117462158e-01,-3.658640384674072266e-01,4.185523837804794312e-02,2.215222716331481934e-01,-1.867773830890655518e-01,-2.305061072111129761e-01,-6.429370045661926270e-01
2.024382591247558594e+00,-2.905990600585937500e+00,7.614669203758239746e-01,1.336864233016967773e-01,3.093093074858188629e-02,-9.885132312774658203e-01,-6.334640830755233765e-02,2.724054269492626190e-02,5.400443915277719498e-03,2.909040451049804688e-01,7.370034456253051758e-01,-4.728962481021881104e-01,9.570615738630294800e-02,-7.246564030647277832e-01,1.070537865161895752e-01,-3.055082559585571289e-01,5.863242745399475098e-01,-2.958293259143829346e-01,-1.117435842752456665e-01,-2.593793272972106934e-01,1.684687286615371704e-01,2.947111129760742188e-01,-1.165313243865966797e+00,1.043414115905761719e+00,-8.368651866912841797e-01,5.979629158973693848e-01,-3.172296583652496338e-01,-4.359971731901168823e-03,6.176866888999938965e-01,4.335674643516540527e-01,-3.115774393081665039e-01,7.106335833668708801e-03,2.119212001562118530e-01,-1.703903973102569580e-01,-2.249431312084197998e-01,-6.285315752029418945e-01
2.007157087326049805e+00,-2.905317783355712891e+00,7.477220892906188965e-01,1.042231544852256775e-01,2.543761953711509705e-02,-9.914116263389587402e-01,-7.478898763656616211e-02,-1.297003310173749924e-02,3.442084044218063354e-02,2.981345653533935547e-01,1.198164463043212891e+00,-5.231181979179382324e-01,1.328450441360473633e-01,-6.931015253067016602e-01,1.111186295747756958e-01,-2.611688375473022461e-01,7.078413367271423340e-01,-3.850924968719482422e-01,-1.185144484043121338e-01,-2.423980385065078735e-01,1.524279713630676270e-01,3.190892040729522705e-01,-1.257410883903503418e+00,1.022366881370544434e+00,-1.338624477386474609e+00,8.685464262962341309e-01,-3.470878005027770996e-01,5.748898163437843323e-02,4.762967824935913086e-01,3.689199686050415039e-01,-3.206756412982940674e-01,7.955838739871978760e-02,1.769957393407821655e-01,-1.731438636779785156e-01,-2.098640650510787964e-01,-5.843254327774047852e-01
1.986249804496765137e+00,-2.902148723602294922e+00,7.372548580169677734e-01,8.523566275835037231e-02,2.843306865543127060e-03,-9.924410581588745117e-01,-8.824682235717773438e-02,-5.881615355610847473e-02,2.525278180837631226e-02,2.998498082160949707e-01,1.568544626235961914e+00,-5.193520784378051758e-01,1.536248326301574707e-01,-6.416612267494201660e-01,8.587947487831115723e-02,-2.121538668870925903e-01,7.683828473091125488e-01,-4.603244662284851074e-01,-1.182895079255104065e-01,-3.648656904697418213e-01,2.521234154701232910e-01,3.636710047721862793e-01,-1.094900488853454590e+00,9.540492892265319824e-01,-1.399999976158142090e+00,9.741609096527099609e-01,1.272074691951274872e-02,1.741608977317810059e-01,3.266385793685913086e-01,1.979631930589675903e-01,-5.578864216804504395e-01,2.393928915262222290e-01,1.257576495409011841e-01,-1.627399921417236328e-01,-2.244286239147186279e-01,-5.412189364433288574e-01
1.964076757431030273e+00,-2.895657777786254883e+00,7.304326891899108887e-01,6.824174523353576660e-02,-1.640662178397178650e-02,-9.922723174095153809e-01,-1.023208647966384888e-01,-1.181276589632034302e-01,2.440953627228736877e-02,2.804971635341644287e-01,1.883541107177734375e+00,-5.214641094207763672e-01,1.694063097238540649e-01,-5.721174478530883789e-01,6.255033612251281738e-02,-1.756242364645004272e-01,7.975780963897705078e-01,-5.123627781867980957e-01,-1.118250787258148193e-01,-4.322692453861236572e-01,2.696856558322906494e-01,4.020474255084991455e-01,-9.648982286453247070e-01,8.135923743247985840e-01,-1.399999976158142090e+00,1.072839140892028809e+00,1.461726427078247070e-01,2.209009230136871338e-01,2.677861452102661133e-01,-3.181747347116470337e-02,-6.794416904449462891e-01,4.691558480262756348e-01,7.199448347091674805e-02,-1.554860472679138184e-01,-2.414278984069824219e-01,-5.056666135787963867e-01
1.954561233520507812e+00,-2.894570350646972656e+00,7.186338305473327637e-01,2.357908710837364197e-02,-1.075532101094722748e-02,-9.977214336395263672e-01,-6.229190528392791748e-02,-2.633350193500518799e-01,5.427654087543487549e-02,1.819729655981063843e-01,2.320146799087524414e+00,-5.946076512336730957e-01,1.910853087902069092e-01,-4.852392375469207764e-01,2.353702671825885773e-02,-2.213388085365295410e-01,8.724305629730224609e-01,-5.704112052917480469e-01,-1.164086461067199707e-01,-3.695962131023406982e-01,1.778522878885269165e-01,4.432274699211120605e-01,-9.549912810325622559e-01,6.449096798896789551e-01,-1.399999976158142090e+00,1.142579197883605957e+00,2.627870440483093262e-02,2.290337383747100830e-01,2.658955156803131104e-01,-1.683573871850967407e-01,-5.605607628822326660e-01,5.230585336685180664e-01,5.440453067421913147e-03,-1.625803261995315552e-01,-2.400866746902465820e-01,-4.766193926334381104e-01
1.944382667541503906e+00,-2.893947839736938477e+00,7.060352563858032227e-01,-6.418108241632580757e-04,2.488377038389444351e-03,-9.999778270721435547e-01,-6.146859843283891678e-03,-5.388978719711303711e-01,6.501607596874237061e-02,4.278165102005004883e-02,2.647881984710693359e+00,-6.418485641479492188e-01,2.074530273675918579e-01,-4.521453678607940674e-01,-1.803176291286945343e-02,-3.082782030105590820e-01,9.853764176368713379e-01,-6.373786926269531250e-01,-1.262738853693008423e-01,-2.191495299339294434e-01,7.543882727622985840e-02,4.320087730884552002e-01,-8.709530234336853027e-01,5.293866991996765137e-01,-1.322035670280456543e+00,1.084452509880065918e+00,-1.311790943145751953e-01,1.750669628381729126e-01,3.407073915004730225e-01,-2.432521283626556396e-01,-3.773205578327178955e-01,4.015716612339019775e-01,-7.483998686075210571e-02,-2.033752650022506714e-01,-2.309695929288864136e-01,-4.696143269538879395e-01
1.930323719978332520e+00,-2.895475625991821289e+00,6.982689499855041504e-01,-2.350074425339698792e-02,-4.159992095082998276e-03,-9.997144341468811035e-01,-1.192121184431016445e-03,-8.422477841377258301e-01,6.418591737747192383e-02,1.912513189017772675e-02,2.697841405868530273e+00,-5.324645042419433594e-01,2.037699371576309204e-01,-4.014880359172821045e-01,-4.443087801337242126e-02,-3.055185377597808838e-01,1.047959566116333008e+00,-6.895139813423156738e-01,-1.211562529206275940e-01,-1.398684084415435791e-01,5.106438696384429932e-02,4.643889665603637695e-01,-6.796646118164062500e-01,4.418265819549560547e-01,-1.097948908805847168e+00,9.790998697280883789e-01,-7.575424760580062866e-02,1.892684698104858398e-01,3.727711439132690430e-01,-3.936113417148590088e-01,-3.633771538734436035e-01,3.588150143623352051e-01,-1.639109700918197632e-01,-2.215549647808074951e-01,-2.469529956579208374e-01,-4.724073410034179688e-01
1.914893627166748047e+00,-2.897336959838867188e+00,6.942109465599060059e-01,-4.479936882853507996e-02,-1.110982988029718399e-02,-9.989110827445983887e-01,-6.795898545533418655e-03,-1.099852919578552246e+00,8.597965538501739502e-02,2.497491799294948578e-02,2.561111211776733398e+00,-3.449995815753936768e-01,1.719128191471099854e-01,-3.450152575969696045e-01,-5.879249051213264465e-02,-2.868373692035675049e-01,1.089097857475280762e+00,-7.361853122711181641e-01,-1.141214668750762939e-01,-4.597186297178268433e-02,2.808978408575057983e-02,4.930747151374816895e-01,-5.103086233139038086e-01,3.891508281230926514e-01,-1.098058223724365234e+00,9.501090645790100098e-01,-1.067175492644309998e-01,1.868451386690139771e-01,5.066795945167541504e-01,-5.501093268394470215e-01,-3.648054003715515137e-01,3.048300147056579590e-01,-2.400922626256942749e-01,-2.686672508716583252e-01,-2.622378468513488770e-01,-5.261415839195251465e-01
1.897054910659790039e+00,-2.896607398986816406e+00,6.979971528053283691e-01,-5.598887056112289429e-02,-1.544434390962123871e-02,-9.983024001121520996e-01,-4.363621585071086884e-03,-1.232172250747680664e+00,1.345290988683700562e-01,3.210102021694183350e-02,2.277702808380126953e+00,-1.250559687614440918e-01,1.124885380268096924e-01,-2.764070034027099609e-01,-6.262254714965820312e-02,-2.837679982185363770e-01,1.070703983306884766e+00,-7.661706805229187012e-01,-1.117504835128784180e-01,3.824073448777198792e-02,1.608057692646980286e-02,4.971086680889129639e-01,-3.631797730922698975e-01,3.750420808792114258e-01,-1.209761619567871094e+00,9.716765880584716797e-01,-1.650059670209884644e-01,1.727316975593566895e-01,6.222578883171081543e-01,-6.921445131301879883e-01,-3.854802846908569336e-01,2.337826639413833618e-01,-2.850086688995361328e-01,-3.215520381927490234e-01,-2.584779858589172363e-01,-5.543156266212463379e-01
1.876609086990356445e+00,-2.894784450531005859e+00,7.058198451995849609e-01,-5.868995934724807739e-02,-1.204189844429492950e-02,-9.980953335762023926e-01,1.470255386084318161e-02,-1.251310586929321289e+00,1.435397863388061523e-01,6.095082312822341919e-02,1.919484496116638184e+00,8.206485211849212646e-02,2.413390390574932098e-02,-1.969711333513259888e-01,-5.300024151802062988e-02,-3.110892474651336670e-01,1.006516575813293457e+00,-7.817903161048889160e-01,-1.084162816405296326e-01,9.972052276134490967e-02,1.645918935537338257e-02,4.795752763748168945e-01,-2.117278277873992920e-01,4.079234600067138672e-01,-1.282306551933288574e+00,9.671569466590881348e-01,-1.287361383438110352e-01,1.944595426321029663e-01,5.502638220787048340e-01,-8.050613403320312500e-01,-4.353640675544738770e-01,1.523986458778381348e-01,-2.960750460624694824e-01,-4.027602672576904297e-01,-2.557740211486816406e-01,-5.688645243644714355e-01
1.853535175323486328e+00,-2.895251035690307617e+00,7.129178047180175781e-01,-5.852450802922248840e-02,-6.531489081680774689e-03,-9.972988367080688477e-01,4.390104487538337708e-02,-1.184248447418212891e+00,3.560661897063255310e-02,6.376636028289794922e-02,1.508094310760498047e+00,3.247754573822021484e-01,-4.122285917401313782e-02,-1.176206916570663452e-01,-4.592222720384597778e-02,-3.516101539134979248e-01,9.381232261657714844e-01,-7.872725129127502441e-01,-8.655957877635955811e-02,1.542823165655136108e-01,2.135415747761726379e-02,4.472474753856658936e-01,-5.870980769395828247e-02,4.780261516571044922e-01,-1.278936266899108887e+00,9.367182254791259766e-01,1.945344172418117523e-02,2.352776229381561279e-01,3.579149246215820312e-01,-8.738800883293151855e-01,-5.277695655822753906e-01,7.562968134880065918e-02,-2.877618968486785889e-01,-4.672107994556427002e-01,-2.723746299743652344e-01,-6.261094212532043457e-01
1.826781392097473145e+00,-2.894227981567382812e+00,7.210939526557922363e-01,-5.990089848637580872e-02,1.127270748838782310e-03,-9.955947995185852051e-01,7.212200760841369629e-02,-1.032020926475524902e+00,1.079753506928682327e-03,7.026058435440063477e-02,1.100478649139404297e+00,5.221977233886718750e-01,-1.044656708836555481e-01,-2.314883656799793243e-02,-1.757829077541828156e-02,-3.949650228023529053e-01,8.452178835868835449e-01,-7.828822135925292969e-01,-7.411080598831176758e-02,2.117843329906463623e-01,2.684531733393669128e-02,4.067868292331695557e-01,8.284625411033630371e-02,5.756093859672546387e-01,-1.281341314315795898e+00,9.148074388504028320e-01,1.226238235831260681e-01,2.417275905609130859e-01,2.084024101495742798e-01,-9.017601609230041504e-01,-6.414620876312255859e-01,1.762245967984199524e-02,-2.744565010070800781e-01,-4.241864383220672607e-01,-2.711236178874969482e-01,-6.723092794418334961e-01
1.798186898231506348e+00,-2.894832372665405273e+00,7.269027829170227051e-01,-6.246685236692428589e-02,3.253425704315304756e-03,-9.939030408859252930e-01,9.079661220312118530e-02,-8.791955709457397461e-01,-4.321890417486429214e-03,1.174154356122016907e-01,8.559592962265014648e-01,5.235999822616577148e-01,-9.934265911579132080e-02,6.911312043666839600e-02,4.128450062125921249e-03,-4.218887388706207275e-01,7.630820274353027344e-01,-7.825537919998168945e-01,-6.018320471048355103e-02,2.761583626270294189e-01,2.086032927036285400e-02,3.567927181720733643e-01,2.379476726055145264e-01,6.898665428161621094e-01,-1.249357700347900391e+00,8.834900856018066406e-01,1.662558317184448242e-01,2.432927936315536499e-01,1.408147960901260376e-01,-8.947356939315795898e-01,-7.612598538398742676e-01,-2.064471691846847534e-02,-2.797700166702270508e-01,-4.438901543617248535e-01,-2.712770104408264160e-01,-7.406114935874938965e-01
1.775825262069702148e+00,-2.897830009460449219e+00,7.244271039962768555e-01,-6.174042820930480957e-02,7.107693701982498169e-03,-9.911205768585205078e-01,1.175481155514717102e-01,-7.550274133682250977e-01,-3.821757063269615173e-02,1.347315460443496704e-01,7.801131010055541992e-01,3.337615430355072021e-01,5.791030079126358032e-02,9.959533810615539551e-02,2.622717758640646935e-03,-4.642691314220428467e-01,7.839597463607788086e-01,-7.805538773536682129e-01,-3.912207856774330139e-02,3.142284452915191650e-01,1.945726014673709869e-02,2.986331284046173096e-01,4.156020879745483398e-01,7.991858124732971191e-01,-1.109454393386840820e+00,8.377449512481689453e-01,1.850899159908294678e-01,2.376108616590499878e-01,1.221967190504074097e-01,-8.742205500602722168e-01,-8.895449042320251465e-01,-5.522919818758964539e-02,-3.206333816051483154e-01,-3.927467465400695801e-01,-2.772906720638275146e-01,-7.237618565559387207e-01
1.760371327400207520e+00,-2.897694826126098633e+00,7.224038839340209961e-01,-6.535208225250244141e-02,5.090984050184488297e-04,-9.875601530075073242e-01,1.430166363716125488e-01,-6.951221823692321777e-01,-6.179760023951530457e-02,1.801526099443435669e-01,7.661198377609252930e-01,2.008858919143676758e-01,1.564968675374984741e-01,1.066970005631446838e-01,-2.037818729877471924e-02,-4.786095619201660156e-01,8.502740263938903809e-01,-7.475602030754089355e-01,-2.414476871490478516e-02,3.281524777412414551e-01,-1.451726770028471947e-03,2.730537056922912598e-01,6.044514775276184082e-01,8.695415854454040527e-01,-8.733153939247131348e-01,7.993928194046020508e-01,1.422020643949508667e-01,2.206495255231857300e-01,1.259235590696334839e-01,-8.679818511009216309e-01,-9.915673136711120605e-01,-7.183803617954254150e-02,-3.786675333976745605e-01,-2.418774962425231934e-01,-2.828300595283508301e-01,-6.407890319824218750e-01
1.745710730552673340e+00,-2.893358230590820312e+00,7.150704860687255859e-01,-6.365201622247695923e-02,-4.713002592325210571e-03,-9.801775813102722168e-01,1.875583976507186890e-01,-7.228040695190429688e-01,-1.025071442127227783e-01,1.982362419366836548e-01,8.282189965248107910e-01,1.896000951528549194e-01,2.036040425300598145e-01,1.046898886561393738e-01,-3.169449046254158020e-02,-5.226338505744934082e-01,9.152163863182067871e-01,-7.418748140335083008e-01,-4.843194037675857544e-02,3.063973486423492432e-01,-3.669857233762741089e-02,2.612182796001434326e-01,7.626356482505798340e-01,9.021721482276916504e-01,-5.780540108680725098e-01,7.952594757080078125e-01,1.891736127436161041e-02,1.965348869562149048e-01,1.307161450386047363e-01,-8.553299307823181152e-01,-1.094931125640869141e+00,-1.071993559598922729e-01,-4.463372528553009033e-01,-1.730026155710220337e-01,-2.753539383411407471e-01,-6.311162710189819336e-01
1.732859015464782715e+00,-2.887857437133789062e+00,7.063456177711486816e-01,-5.524269118905067444e-02,-2.585032023489475250e-03,-9.691125154495239258e-01,2.403383105993270874e-01,-8.022869825363159180e-01,-1.501515507698059082e-01,1.831135749816894531e-01,9.173141121864318848e-01,2.440764158964157104e-01,1.993817239999771118e-01,1.078861504793167114e-01,-1.810296624898910522e-02,-5.951794385910034180e-01,9.306414127349853516e-01,-7.580477595329284668e-01,-6.326036155223846436e-02,2.918686866760253906e-01,-5.682086572051048279e-02,2.548739612102508545e-01,8.109225034713745117e-01,8.917278647422790527e-01,-3.097646832466125488e-01,8.297652006149291992e-01,-1.217650771141052246e-01,1.694828867912292480e-01,2.031073272228240967e-01,-7.635455727577209473e-01,-1.207815408706665039e+00,-2.344669550657272339e-01,-5.246818065643310547e-01,-2.142934799194335938e-01,-2.721749544143676758e-01,-6.357952356338500977e-01
1.723810791969299316e+00,-2.882210254669189453e+00,6.954248547554016113e-01,-4.249821230769157410e-02,1.947363023646175861e-03,-9.582524299621582031e-01,2.827409505844116211e-01,-8.936745524406433105e-01,-2.003217786550521851e-01,1.560417264699935913e-01,9.936408996582031250e-01,3.029421269893646240e-01,1.799380928277969360e-01,1.189641281962394714e-01,1.399328373372554779e-02,-6.669147610664367676e-01,8.935106396675109863e-01,-8.263564109802246094e-01,-6.317249685525894165e-02,3.007515370845794678e-01,-6.599111855030059814e-02,2.532096207141876221e-01,7.646105289459228516e-01,8.366943001747131348e-01,-4.055996239185333252e-02,8.440399169921875000e-01,-1.671108007431030273e-01,1.417427808046340942e-01,3.433259427547454834e-01,-5.990861654281616211e-01,-1.303592205047607422e+00,-4.241871535778045654e-01,-6.131880879402160645e-01,-1.979684978723526001e-01,-2.614939212799072266e-01,-6.071081757545471191e-01
1.718806624412536621e+00,-2.877771854400634766e+00,6.876928210258483887e-01,-2.275747247040271759e-02,7.211621850728988647e-03,-9.497795701026916504e-01,3.120077848434448242e-01,-9.669626951217651367e-01,-2.432335168123245239e-01,1.392525136470794678e-01,1.027941226959228516e+00,3.123620450496673584e-01,1.748178154230117798e-01,1.164026558399200439e-01,5.317474901676177979e-02,-7.196775674819946289e-01,8.097834587097167969e-01,-8.726697564125061035e-01,-7.905887812376022339e-02,3.245314061641693115e-01,-8.165673911571502686e-02,2.487622201442718506e-01,6.717799305915832520e-01,7.441526055335998535e-01,2.442657500505447388e-01,7.640606164932250977e-01,-9.806667268276214600e-02,1.335493624210357666e-01,5.162280201911926270e-01,-3.792087435722351074e-01,-1.350021004676818848e+00,-6.256323456764221191e-01,-7.167783975601196289e-01,-1.837471574544906616e-01,-2.558632791042327881e-01,-6.327287554740905762e-01
1.718240380287170410e+00,-2.875362634658813477e+00,6.825661063194274902e-01,-5.600815173238515854e-03,7.601374760270118713e-03,-9.466838836669921875e-01,3.220255374908447266e-01,-1.017491579055786133e+00,-2.636356353759765625e-01,1.390556991100311279e-01,1.036175370216369629e+00,3.186387419700622559e-01,1.549152731895446777e-01,1.002732515335083008e-01,7.029051333665847778e-02,-7.300553321838378906e-01,7.453042864799499512e-01,-8.726699948310852051e-01,-9.316647797822952271e-02,3.672715127468109131e-01,-1.041998267173767090e-01,2.611857354640960693e-01,5.729964375495910645e-01,6.312192082405090332e-01,5.335463285446166992e-01,5.978119969367980957e-01,7.372589409351348877e-02,1.743456125259399414e-01,5.644751191139221191e-01,-1.766250729560852051e-01,-1.344740271568298340e+00,-7.835804820060729980e-01,-7.988260388374328613e-01,-3.186122775077819824e-01,-2.684478759765625000e-01,-7.368258237838745117e-01
1.719583034515380859e+00,-2.873867034912109375e+00,6.821159720420837402e-01,1.262900698930025101e-02,4.768727812916040421e-03,-9.456502795219421387e-01,3.249050974845886230e-01,-1.074808597564697266e+00,-2.727327942848205566e-01,1.489585638046264648e-01,1.031876564025878906e+00,3.838227987289428711e-01,1.060068011283874512e-01,6.519909948110580444e-02,5.727006122469902039e-02,-7.315732240676879883e-01,7.320122122764587402e-01,-8.726699948310852051e-01,-1.013079136610031128e-01,4.040457010269165039e-01,-1.356256902217864990e-01,2.854085564613342285e-01,5.108860135078430176e-01,5.175665616989135742e-01,7.093091011047363281e-01,4.268862605094909668e-01,2.010650187730789185e-01,2.030607312917709351e-01,5.464878082275390625e-01,-7.744858413934707642e-02,-1.319613575935363770e+00,-8.542801737785339355e-01,-8.401635885238647461e-01,-5.012974143028259277e-01,-2.803791761398315430e-01,-7.957048416137695312e-01
1.719091176986694336e+00,-2.870957136154174805e+00,6.869795322418212891e-01,3.635412827134132385e-02,3.585821716114878654e-03,-9.411888122558593750e-01,3.359005749225616455e-01,-1.150025844573974609e+00,-2.640213370323181152e-01,1.825712025165557861e-01,1.014784216880798340e+00,5.216336846351623535e-01,2.843416854739189148e-02,2.713273279368877411e-02,4.257342219352722168e-02,-7.570116519927978516e-01,7.041404843330383301e-01,-8.726699948310852051e-01,-9.837431460618972778e-02,4.201526641845703125e-01,-1.770421564579010010e-01,3.055726885795593262e-01,4.852501451969146729e-01,4.259877800941467285e-01,7.738607525825500488e-01,3.172321617603302002e-01,2.762451469898223877e-01,2.052004337310791016e-01,4.746504426002502441e-01,-1.611631922423839569e-02,-1.311723470687866211e+00,-9.128056764602661133e-01,-8.288346529006958008e-01,-6.280025839805603027e-01,-2.643031477928161621e-01,-8.664975762367248535e-01
1.712535262107849121e+00,-2.867914915084838867e+00,6.981734037399291992e-01,5.801883339881896973e-02,2.982465783134102821e-03,-9.345021843910217285e-01,3.511845171451568604e-01,-1.200979948043823242e+00,-2.309015095233917236e-01,2.355584055185317993e-01,1.022118806838989258e+00,5.235999822616577148e-01,-8.925557881593704224e-02,1.136130839586257935e-02,4.843568056821823120e-02,-7.837758660316467285e-01,6.349110603332519531e-01,-8.726699948310852051e-01,-8.963038772344589233e-02,4.367841184139251709e-01,-2.249541729688644409e-01,3.308595120906829834e-01,4.704963564872741699e-01,3.690571188926696777e-01,7.664404511451721191e-01,2.622048258781433105e-01,4.021752476692199707e-01,2.027532905340194702e-01,3.831979334354400635e-01,6.571400165557861328e-02,-1.311039328575134277e+00,-1.033849358558654785e+00,-7.641333937644958496e-01,-7.592177391052246094e-01,-2.564178705215454102e-01,-9.553685188293457031e-01
1.701629996299743652e+00,-2.863701820373535156e+00,7.115067839622497559e-01,8.395443111658096313e-02,8.705035783350467682e-03,-9.220616817474365234e-01,3.777275383472442627e-01,-1.195528626441955566e+00,-1.871583759784698486e-01,3.121109902858734131e-01,9.667518138885498047e-01,4.790430068969726562e-01,-1.637865900993347168e-01,-1.163445971906185150e-02,8.296022564172744751e-02,-8.214175701141357422e-01,5.354121923446655273e-01,-8.705110549926757812e-01,-9.883681684732437134e-02,4.374575912952423096e-01,-2.790804207324981689e-01,3.344025015830993652e-01,4.486362934112548828e-01,3.500464558601379395e-01,7.009815573692321777e-01,2.438515275716781616e-01,5.549218654632568359e-01,2.207475304603576660e-01,3.606536090373992920e-01,1.670839637517929077e-01,-1.310225844383239746e+00,-1.200181245803833008e+00,-6.410252451896667480e-01,-8.768647313117980957e-01,-2.435158342123031616e-01,-9.988142848014831543e-01
1.686520218849182129e+00,-2.861007452011108398e+00,7.285878658294677734e-01,1.153351813554763794e-01,1.349285338073968887e-02,-9.093489646911621094e-01,3.994999229907989502e-01,-1.131327152252197266e+00,-9.298539161682128906e-02,4.837092757225036621e-01,9.066512584686279297e-01,2.861689627170562744e-01,6.732432544231414795e-02,-3.207146376371383667e-02,1.374658942222595215e-01,-8.137244582176208496e-01,3.714638054370880127e-01,-7.874426841735839844e-01,-1.168183907866477966e-01,4.276131689548492432e-01,-3.555889725685119629e-01,3.216534256935119629e-01,4.277102053165435791e-01,3.378748893737792969e-01,6.588250994682312012e-01,2.302573323249816895e-01,6.840291619300842285e-01,2.405593246221542358e-01,3.511043190956115723e-01,2.262055426836013794e-01,-1.328066110610961914e+00,-1.337326288223266602e+00,-4.380073249340057373e-01,-9.717099666595458984e-01,-2.213317900896072388e-01,-1.048169732093811035e+00
1.671810388565063477e+00,-2.863374948501586914e+00,7.413340806961059570e-01,1.404129564762115479e-01,2.017780765891075134e-02,-8.953276276588439941e-01,4.222149550914764404e-01,-9.987114071846008301e-01,-2.069522626698017120e-02,6.878834962844848633e-01,7.941423058509826660e-01,3.167023882269859314e-02,2.605178058147430420e-01,-5.725182965397834778e-02,1.714847832918167114e-01,-7.273938059806823730e-01,2.923566699028015137e-01,-6.940961480140686035e-01,-1.225121766328811646e-01,3.976626992225646973e-01,-4.203083515167236328e-01,2.986525595188140869e-01,4.230678677558898926e-01,3.256004154682159424e-01,6.424064636230468750e-01,2.126966714859008789e-01,6.919667124748229980e-01,2.374633252620697021e-01,3.674178719520568848e-01,2.770468294620513916e-01,-1.404109716415405273e+00,-1.438684105873107910e+00,-1.492709219455718994e-01,-9.102275967597961426e-01,-1.556827425956726074e-01,-1.003626942634582520e+00
1.662255883216857910e+00,-2.871097564697265625e+00,7.477767467498779297e-01,1.466308385133743286e-01,2.675717324018478394e-02,-8.880395293235778809e-01,4.349358975887298584e-01,-9.059201478958129883e-01,-4.640688747167587280e-02,6.702966094017028809e-01,6.715435981750488281e-01,1.109923701733350754e-02,2.609837651252746582e-01,-8.069846779108047485e-02,1.683789342641830444e-01,-5.879409909248352051e-01,3.643748462200164795e-01,-6.106896996498107910e-01,-1.046042665839195251e-01,3.829433023929595947e-01,-4.376103878021240234e-01,2.867676317691802979e-01,4.296097159385681152e-01,2.933045029640197754e-01,6.488497853279113770e-01,1.967985332012176514e-01,6.532211303710937500e-01,2.167860567569732666e-01,3.690831959247589111e-01,3.550947010517120361e-01,-1.552384018898010254e+00,-1.426448225975036621e+00,2.057867199182510376e-01,-6.397855877876281738e-01,4.244678840041160583e-02,-8.444913625717163086e-01
1.651693344116210938e+00,-2.879400253295898438e+00,7.424465417861938477e-01,1.384180337190628052e-01,3.617898374795913696e-02,-8.864504098892211914e-01,4.401558935642242432e-01,-8.536252975463867188e-01,-9.781324118375778198e-02,5.427812337875366211e-01,6.293702125549316406e-01,-1.613733023405075073e-01,2.617960274219512939e-01,-8.616612106561660767e-02,1.768067330121994019e-01,-4.835226535797119141e-01,4.678662419319152832e-01,-5.930716991424560547e-01,-6.337571144104003906e-02,3.724555075168609619e-01,-4.159873127937316895e-01,2.716864645481109619e-01,4.446510374546051025e-01,2.457323372364044189e-01,6.731862425804138184e-01,1.826605498790740967e-01,6.538829803466796875e-01,1.987863183021545410e-01,3.535291254520416260e-01,6.504799127578735352e-01,-1.727705955505371094e+00,-1.503800392150878906e+00,6.088459491729736328e-01,-2.470637857913970947e-01,1.781146079301834106e-01,-8.237809538841247559e-01
1.637292623519897461e+00,-2.882850408554077148e+00,7.357251048088073730e-01,1.291131228208541870e-01,3.758749738335609436e-02,-8.780508637428283691e-01,4.592860341072082520e-01,-8.333902359008789062e-01,-9.468470513820648193e-02,5.342537164688110352e-01,6.725649237632751465e-01,-2.281082272529602051e-01,2.617999911308288574e-01,-7.663916796445846558e-02,1.899958252906799316e-01,-4.350608587265014648e-01,5.264149308204650879e-01,-5.925933718681335449e-01,-1.695797592401504517e-02,3.346907794475555420e-01,-4.146784543991088867e-01,2.756697535514831543e-01,4.396225512027740479e-01,2.265321910381317139e-01,6.937633156776428223e-01,1.735953241586685181e-01,6.908291578292846680e-01,1.903096735477447510e-01,3.575901687145233154e-01,1.096721529960632324e+00,-1.772891163825988770e+00,-1.867303013801574707e+00,8.051636219024658203e-01,-1.927859932184219360e-01,1.345445662736892700e-01,-7.611339688301086426e-01
1.619891405105590820e+00,-2.885040283203125000e+00,7.295686006546020508e-01,1.288556158542633057e-01,3.333252295851707458e-02,-8.594977259635925293e-01,4.935066401958465576e-01,-8.363946080207824707e-01,-9.208626300096511841e-02,5.776222348213195801e-01,7.370643615722656250e-01,-2.255905270576477051e-01,2.617999911308288574e-01,-7.481271773576736450e-02,2.005139738321304321e-01,-4.416496455669403076e-01,5.524510145187377930e-01,-5.857217311859130859e-01,-1.054903026670217514e-03,3.027069270610809326e-01,-4.202675521373748779e-01,2.986297607421875000e-01,4.114103615283966064e-01,2.345471531152725220e-01,6.711189746856689453e-01,1.597520262002944946e-01,7.319937944412231445e-01,1.818535327911376953e-01,3.477308452129364014e-01,1.148965954780578613e+00,-1.722771763801574707e+00,-1.844714283943176270e+00,7.885030508041381836e-01,-1.751561462879180908e-01,1.157602891325950623e-01,-7.889769077301025391e-01
1.602619051933288574e+00,-2.890882015228271484e+00,7.200978398323059082e-01,1.319526731967926025e-01,2.794454246759414673e-02,-8.386471867561340332e-01,5.277106165885925293e-01,-8.767181634902954102e-01,-1.269908845424652100e-01,5.311101675033569336e-01,8.365237116813659668e-01,-2.345982939004898071e-01,2.617999911308288574e-01,-6.538538634777069092e-02,2.044572830200195312e-01,-5.013809204101562500e-01,5.594130158424377441e-01,-5.826320052146911621e-01,-3.087668679654598236e-02,2.792208194732666016e-01,-4.253390729427337646e-01,3.005110025405883789e-01,4.044556021690368652e-01,2.595272958278656006e-01,6.173515915870666504e-01,1.429314166307449341e-01,7.556703686714172363e-01,1.778586357831954956e-01,3.332004547119140625e-01,1.089871048927307129e+00,-1.686805009841918945e+00,-1.795988678932189941e+00,7.913491129875183105e-01,-2.036336958408355713e-01,1.120579019188880920e-01,-7.891186475753784180e-01
1.587376117706298828e+00,-2.898911476135253906e+00,7.097713947296142578e-01,1.332750022411346436e-01,2.731681242585182190e-02,-8.238271474838256836e-01,5.502730607986450195e-01,-9.126819372177124023e-01,-1.490613371133804321e-01,4.866167306900024414e-01,9.319809675216674805e-01,-2.734971642494201660e-01,2.617999911308288574e-01,-4.808449372649192810e-02,2.186745852231979370e-01,-5.599961280822753906e-01,5.518121719360351562e-01,-5.815528631210327148e-01,-6.902150064706802368e-02,2.754676342010498047e-01,-4.317193627357482910e-01,2.935468554496765137e-01,3.994077146053314209e-01,3.092997670173645020e-01,5.799015164375305176e-01,1.254944503307342529e-01,7.894698977470397949e-01,1.602802425622940063e-01,3.051206469535827637e-01,1.017682909965515137e+00,-1.648604512214660645e+00,-1.720140457153320312e+00,7.984621524810791016e-01,-2.165973633527755737e-01,1.126485168933868408e-01,-7.875325083732604980e-01
1.573765993118286133e+00,-2.907661199569702148e+00,7.033782601356506348e-01,1.326191425323486328e-01,2.818633988499641418e-02,-8.172647953033447266e-01,5.600856542587280273e-01,-9.062541723251342773e-01,-1.560416668653488159e-01,4.617155492305755615e-01,9.742035269737243652e-01,-3.504636883735656738e-01,2.616786360740661621e-01,-3.964818641543388367e-02,2.327190041542053223e-01,-5.732985138893127441e-01,5.638468861579895020e-01,-5.556557178497314453e-01,-7.290015369653701782e-02,2.947514057159423828e-01,-4.345583021640777588e-01,2.902040183544158936e-01,4.036485552787780762e-01,3.617802858352661133e-01,5.674170255661010742e-01,9.003295749425888062e-02,8.191279768943786621e-01,1.321709156036376953e-01,2.515261173248291016e-01,9.172543883323669434e-01,-1.590545296669006348e+00,-1.610359787940979004e+00,7.326527237892150879e-01,-2.293458282947540283e-01,9.584772586822509766e-02,-8.245961666107177734e-01
1.558358550071716309e+00,-2.918134927749633789e+00,7.037383913993835449e-01,1.277877986431121826e-01,2.728024683892726898e-02,-8.138310909271240234e-01,5.662199258804321289e-01,-8.716854453086853027e-01,-1.585341840982437134e-01,4.314894378185272217e-01,9.905079603195190430e-01,-4.147793352603912354e-01,2.485333830118179321e-01,-5.300059542059898376e-02,2.263291478157043457e-01,-5.519824624061584473e-01,6.369758844375610352e-01,-4.576883018016815186e-01,-1.974208513274788857e-03,3.043671846389770508e-01,-4.404940605163574219e-01,2.937232255935668945e-01,4.367170035839080811e-01,4.033524096012115479e-01,5.853482484817504883e-01,1.890857331454753876e-02,8.493916988372802734e-01,7.660224288702011108e-02,1.280900537967681885e-01,7.801736593246459961e-01,-1.495421648025512695e+00,-1.515921711921691895e+00,5.546412467956542969e-01,-3.169147372245788574e-01,5.287747457623481750e-02,-7.536243796348571777e-01
1.542018651962280273e+00,-2.926726102828979492e+00,7.090113162994384766e-01,1.129525601863861084e-01,3.310333192348480225e-02,-8.062511086463928223e-01,5.797457098960876465e-01,-8.337928652763366699e-01,-1.508176326751708984e-01,3.675641119480133057e-01,1.005242705345153809e+00,-4.305380582809448242e-01,2.159746289253234863e-01,-1.274480670690536499e-01,2.057069838047027588e-01,-5.230733752250671387e-01,8.190399408340454102e-01,-2.561920285224914551e-01,1.636375188827514648e-01,2.773101031780242920e-01,-4.123194217681884766e-01,3.081434071063995361e-01,4.937100708484649658e-01,4.287932813167572021e-01,5.551307797431945801e-01,-6.987303495407104492e-02,8.491085767745971680e-01,4.333455488085746765e-02,4.558796808123588562e-02,7.174286246299743652e-01,-1.363725781440734863e+00,-1.514366388320922852e+00,2.821398079395294189e-01,-2.965857088565826416e-01,-3.488738089799880981e-02,-4.796231687068939209e-01
1.523364782333374023e+00,-2.934470891952514648e+00,7.197698950767517090e-01,8.927278965711593628e-02,4.771998524665832520e-02,-7.974231243133544922e-01,5.948693752288818359e-01,-7.759323716163635254e-01,-1.196842417120933533e-01,2.808088362216949463e-01,9.940215349197387695e-01,-4.434402883052825928e-01,1.762319058179855347e-01,-2.738719582557678223e-01,2.133413404226303101e-01,-4.640556573867797852e-01,1.083324193954467773e+00,-3.639848157763481140e-02,2.240020185708999634e-01,2.297319918870925903e-01,-3.522052168846130371e-01,3.223276138305664062e-01,5.737001299858093262e-01,4.361587762832641602e-01,4.749698340892791748e-01,-1.608041375875473022e-01,8.396937251091003418e-01,3.099712356925010681e-02,1.759664528071880341e-02,7.181122899055480957e-01,-1.233744382858276367e+00,-1.506665587425231934e+00,2.481509232893586159e-03,-1.418198198080062866e-01,-1.299510598182678223e-01,-1.248081102967262268e-01
1.506021022796630859e+00,-2.942339420318603516e+00,7.324061989784240723e-01,6.261944770812988281e-02,5.913203582167625427e-02,-7.915691733360290527e-01,6.049796938896179199e-01,-6.971523761749267578e-01,-8.395928889513015747e-02,1.992948353290557861e-01,9.537938237190246582e-01,-4.509612023830413818e-01,1.434642821550369263e-01,-3.953375816345214844e-01,1.601406484842300415e-01,-4.702889621257781982e-01,1.364823579788208008e+00,3.496705740690231323e-02,2.116190791130065918e-01,1.744916588068008423e-01,-2.889347374439239502e-01,3.441092073917388916e-01,6.563051939010620117e-01,4.485201835632324219e-01,3.316099643707275391e-01,-2.382042109966278076e-01,8.434539437294006348e-01,3.708224976435303688e-03,9.153346763923764229e-04,7.593456506729125977e-01,-1.164535522460937500e+00,-1.302950024604797363e+00,-2.559149861335754395e-01,-3.928770124912261963e-02,-1.720324307680130005e-01,2.990296296775341034e-02
1.488605976104736328e+00,-2.950562477111816406e+00,7.489723563194274902e-01,3.906719386577606201e-02,7.215710729360580444e-02,-7.809532880783081055e-01,6.191761493682861328e-01,-6.224532723426818848e-01,-5.296429991722106934e-02,1.111163720488548279e-01,8.908517956733703613e-01,-4.270547926425933838e-01,1.141988858580589294e-01,-4.960051178932189941e-01,2.833470702171325684e-02,-4.993160068988800049e-01,1.610801935195922852e+00,6.795524153858423233e-03,2.691496536135673523e-02,1.087228581309318542e-01,-2.290520071983337402e-01,3.696333467960357666e-01,6.991022825241088867e-01,4.892544150352478027e-01,1.261651813983917236e-01,-2.813856601715087891e-01,8.434382677078247070e-01,-1.118580996990203857e-02,1.493079494684934616e-02,7.822029590606689453e-01,-1.157156586647033691e+00,-9.873856306076049805e-01,-4.620540142059326172e-01,-1.902674585580825806e-01,-2.172474861145019531e-01,2.733370102941989899e-02
1.469486832618713379e+00,-2.959314823150634766e+00,7.661755681037902832e-01,1.965640857815742493e-02,8.693815767765045166e-02,-7.647126317024230957e-01,6.381770968437194824e-01,-5.720849037170410156e-01,-1.764067076146602631e-02,2.523409388959407806e-02,8.420729637145996094e-01,-3.892000913619995117e-01,8.292353898286819458e-02,-5.994709730148315430e-01,-9.006974101066589355e-02,-4.745538532733917236e-01,1.742124795913696289e+00,-5.726274475455284119e-02,-9.800504893064498901e-02,4.365010932087898254e-02,-1.738169342279434204e-01,3.963272571563720703e-01,6.840148568153381348e-01,5.380491018295288086e-01,-8.676454424858093262e-02,-2.964346110820770264e-01,8.750003576278686523e-01,-1.446477696299552917e-02,7.613357901573181152e-02,7.236127853393554688e-01,-1.190234422683715820e+00,-5.236330628395080566e-01,-5.418946146965026855e-01,-4.046828150749206543e-01,-2.422391325235366821e-01,-3.164748847484588623e-02
1.446003794670104980e+00,-2.967800378799438477e+00,7.815973758697509766e-01,9.735419880598783493e-04,1.039720699191093445e-01,-7.413987517356872559e-01,6.629606485366821289e-01,-5.573354363441467285e-01,2.727118693292140961e-02,-6.445790827274322510e-02,8.314401507377624512e-01,-3.421297669410705566e-01,4.411197453737258911e-02,-7.042770385742187500e-01,-1.432086974382400513e-01,-4.251666665077209473e-01,1.709717273712158203e+00,-9.667352586984634399e-02,-1.532795280218124390e-01,-2.194919437170028687e-02,-1.126268729567527771e-01,4.207914173603057861e-01,6.152244806289672852e-01,5.698216557502746582e-01,-2.640003263950347900e-01,-2.841919362545013428e-01,9.067906737327575684e-01,-9.605120867490768433e-03,1.197283118963241577e-01,5.045247077941894531e-01,-1.185077190399169922e+00,-1.073309313505887985e-02,-4.771981239318847656e-01,-5.088482499122619629e-01,-2.429444342851638794e-01,-6.040578708052635193e-03
1.421502828598022461e+00,-2.977144718170166016e+00,7.940056324005126953e-01,-1.455050054937601089e-02,1.216413900256156921e-01,-7.144995927810668945e-01,6.888265013694763184e-01,-5.612126588821411133e-01,8.190516382455825806e-02,-1.212791576981544495e-01,8.280914425849914551e-01,-3.072281181812286377e-01,1.813875697553157806e-02,-7.764621376991271973e-01,-1.483637392520904541e-01,-3.707551062107086182e-01,1.520353555679321289e+00,-9.364547580480575562e-02,-1.330775916576385498e-01,-8.000762760639190674e-02,-5.498350784182548523e-02,4.341255128383636475e-01,5.188691616058349609e-01,5.694416761398315430e-01,-3.892268240451812744e-01,-2.683560550212860107e-01,9.434350132942199707e-01,-9.898628108203411102e-03,1.266745328903198242e-01,2.599537372589111328e-01,-1.086542606353759766e+00,3.998406529426574707e-01,-3.150157034397125244e-01,-5.515435338020324707e-01,-2.201342284679412842e-01,-6.063817068934440613e-02
1.398918271064758301e+00,-2.989062309265136719e+00,7.992922067642211914e-01,-2.402422763407230377e-02,1.326245665550231934e-01,-6.893333196640014648e-01,7.117957472801208496e-01,-5.605064034461975098e-01,1.306165307760238647e-01,-1.279367953538894653e-01,8.236352205276489258e-01,-3.112453818321228027e-01,7.987829856574535370e-03,-7.831274271011352539e-01,-1.346811503171920776e-01,-2.967997491359710693e-01,1.200316071510314941e+00,-5.929494649171829224e-02,-9.813490509986877441e-02,-1.234270259737968445e-01,-7.805719971656799316e-03,4.369077086448669434e-01,3.945235908031463623e-01,5.338785648345947266e-01,-4.706407785415649414e-01,-2.471656352281570435e-01,9.768766760826110840e-01,-4.589154850691556931e-03,1.358588337898254395e-01,1.227666139602661133e-01,-9.314079284667968750e-01,5.765457153320312500e-01,-1.273396164178848267e-01,-6.042532920837402344e-01,-2.111479043960571289e-01,-1.185247078537940979e-01
1.379050850868225098e+00,-3.005312919616699219e+00,7.953360676765441895e-01,-2.157181873917579651e-02,1.275942772626876831e-01,-6.654112339019775391e-01,7.351749539375305176e-01,-5.352990031242370605e-01,1.391460597515106201e-01,-9.473861008882522583e-02,8.139525651931762695e-01,-3.543943762779235840e-01,5.360283702611923218e-02,-7.122194766998291016e-01,-1.780508309602737427e-01,-2.487111985683441162e-01,8.068135976791381836e-01,4.006618633866310120e-02,-5.787648260593414307e-02,-1.487655639648437500e-01,-2.728233812376856804e-03,4.299851655960083008e-01,2.626341283321380615e-01,4.715810716152191162e-01,-4.983073770999908447e-01,-2.276610583066940308e-01,9.846878051757812500e-01,-1.499204616993665695e-02,1.312430649995803833e-01,7.678323984146118164e-02,-7.330212593078613281e-01,5.637126564979553223e-01,3.882693126797676086e-02,-6.625077128410339355e-01,-1.766537874937057495e-01,-2.122645229101181030e-01
1.360193610191345215e+00,-3.020340919494628906e+00,7.807897925376892090e-01,-2.336964569985866547e-02,1.107408106327056885e-01,-6.437179446220397949e-01,7.568470835685729980e-01,-5.409138798713684082e-01,1.224004253745079041e-01,-1.166028901934623718e-01,9.030025601387023926e-01,-4.175134003162384033e-01,4.684201627969741821e-02,-6.364297866821289062e-01,-1.985288560390472412e-01,-1.419543921947479248e-01,4.418217241764068604e-01,3.390541970729827881e-01,4.624069109559059143e-02,-1.499280482530593872e-01,-1.195511966943740845e-02,4.078871607780456543e-01,1.760832518339157104e-01,3.955363333225250244e-01,-5.016110539436340332e-01,-2.262160032987594604e-01,1.007074713706970215e+00,-1.555507350713014603e-02,1.410712301731109619e-01,8.358141034841537476e-02,-5.355654954910278320e-01,4.987953007221221924e-01,1.801830083131790161e-01,-6.309517025947570801e-01,-1.365151554346084595e-01,-2.924450933933258057e-01
1.348579764366149902e+00,-3.035345792770385742e+00,7.716125249862670898e-01,-3.205561265349388123e-02,1.022492572665214539e-01,-6.234219074249267578e-01,7.745079994201660156e-01,-5.102238059043884277e-01,1.037769392132759094e-01,-1.875536590814590454e-01,9.374278187751770020e-01,-4.956063926219940186e-01,2.619980648159980774e-02,-5.482940077781677246e-01,-1.348444819450378418e-01,1.432997584342956543e-01,2.303727567195892334e-01,4.358583986759185791e-01,9.673019498586654663e-02,-1.439402252435684204e-01,-9.156213141977787018e-03,3.822364807128906250e-01,1.370647698640823364e-01,3.311383724212646484e-01,-4.571475684642791748e-01,-2.384827435016632080e-01,9.747939705848693848e-01,-4.430125281214714050e-02,1.268821656703948975e-01,9.353368729352951050e-02,-3.750934898853302002e-01,3.972872197628021240e-01,2.954750955104827881e-01,-6.255837678909301758e-01,-1.189702972769737244e-01,-2.733802497386932373e-01
1.332927227020263672e+00,-3.049416303634643555e+00,7.588803768157958984e-01,-3.494242951273918152e-02,8.583157509565353394e-02,-6.160874366760253906e-01,7.822073101997375488e-01,-4.600241780281066895e-01,8.947328478097915649e-02,-2.312671840190887451e-01,9.630862474441528320e-01,-5.492233037948608398e-01,3.896482521668076515e-03,-4.776873588562011719e-01,-1.630385667085647583e-01,1.203529164195060730e-01,2.911850214004516602e-01,1.841140687465667725e-01,2.617870867252349854e-01,-1.038715615868568420e-01,-4.480097815394401550e-02,3.873366713523864746e-01,1.156673431396484375e-01,3.117716610431671143e-01,-3.911302685737609863e-01,-2.640468776226043701e-01,9.324287176132202148e-01,-6.670638173818588257e-02,1.397682279348373413e-01,9.226683527231216431e-02,-2.815108001232147217e-01,3.556302487850189209e-01,3.472125232219696045e-01,-5.722004771232604980e-01,-1.102422848343849182e-01,-2.752490341663360596e-01
1.315597534179687500e+00,-3.059431076049804688e+00,7.428193092346191406e-01,-4.423968866467475891e-02,7.615885883569717407e-02,-6.152431964874267578e-01,7.834018468856811523e-01,-4.687282741069793701e-01,9.954969584941864014e-02,-2.734077572822570801e-01,1.064741015434265137e+00,-5.633656978607177734e-01,-2.996371313929557800e-02,-4.917722344398498535e-01,-1.704717129468917847e-01,3.513064235448837280e-02,4.217151999473571777e-01,3.710287064313888550e-02,2.617999911308288574e-01,-3.981784731149673462e-02,-5.164784565567970276e-02,3.976494073867797852e-01,1.067523434758186340e-01,3.204971253871917725e-01,-3.181165158748626709e-01,-3.239141404628753662e-01,9.300296902656555176e-01,-9.644836187362670898e-02,1.630275249481201172e-01,1.023150980472564697e-01,-2.959743738174438477e-01,4.064816236495971680e-01,3.265327811241149902e-01,-5.441203713417053223e-01,-9.214004874229431152e-02,-2.352441549301147461e-01
1.302534937858581543e+00,-3.072335958480834961e+00,7.336689829826354980e-01,-4.854690283536911011e-02,7.218303531408309937e-02,-6.167327165603637695e-01,7.823513150215148926e-01,-4.729625582695007324e-01,1.108217313885688782e-01,-3.044304847717285156e-01,1.134607434272766113e+00,-5.645901560783386230e-01,-5.353301391005516052e-02,-5.512731671333312988e-01,-1.726970970630645752e-01,-1.367811951786279678e-02,5.898284316062927246e-01,-4.541510343551635742e-02,2.617999911308288574e-01,2.275994606316089630e-02,-5.816212669014930725e-02,3.909555673599243164e-01,9.601097553968429565e-02,3.314005136489868164e-01,-2.522641718387603760e-01,-3.907808959484100342e-01,9.259093403816223145e-01,-1.164269223809242249e-01,1.751120090484619141e-01,1.039736270904541016e-01,-3.379586338996887207e-01,4.545314908027648926e-01,2.960610687732696533e-01,-5.848915576934814453e-01,-7.852881401777267456e-02,-1.861015111207962036e-01
1.292570710182189941e+00,-3.083956956863403320e+00,7.257903814315795898e-01,-4.015011340379714966e-02,6.139386817812919617e-02,-6.164503097534179688e-01,7.839692831039428711e-01,-4.586662650108337402e-01,9.440456330776214600e-02,-3.089605569839477539e-01,1.155951261520385742e+00,-5.669721364974975586e-01,-6.592135876417160034e-02,-6.476300954818725586e-01,-1.929787248373031616e-01,9.845358319580554962e-03,7.871105074882507324e-01,-4.904848709702491760e-02,2.617999911308288574e-01,7.767253369092941284e-02,-1.107186153531074524e-01,3.790441155433654785e-01,5.925301834940910339e-02,3.489335477352142334e-01,-1.992805451154708862e-01,-4.562746882438659668e-01,8.932610750198364258e-01,-1.446385681629180908e-01,2.174189984798431396e-01,1.220512315630912781e-01,-3.418439328670501709e-01,4.652736485004425049e-01,2.900449633598327637e-01,-5.923663377761840820e-01,-6.973453611135482788e-02,-1.537381410598754883e-01
1.282821536064147949e+00,-3.093279123306274414e+00,7.212213873863220215e-01,-1.844062469899654388e-02,5.080733448266983032e-02,-6.069852709770202637e-01,7.928729057312011719e-01,-4.399783313274383545e-01,6.730980426073074341e-02,-2.906781136989593506e-01,1.110440731048583984e+00,-5.798227190971374512e-01,-7.109768688678741455e-02,-7.794434428215026855e-01,-2.399353533983230591e-01,5.628802254796028137e-02,9.780090451240539551e-01,3.274093568325042725e-02,2.617999911308288574e-01,1.190351471304893494e-01,-1.903875470161437988e-01,3.616330027580261230e-01,-4.106944426894187927e-02,3.723613321781158447e-01,-1.673202514648437500e-01,-5.255178809165954590e-01,8.656126260757446289e-01,-1.611554473638534546e-01,2.837129831314086914e-01,1.585098654031753540e-01,-3.193617463111877441e-01,4.535393416881561279e-01,2.954750657081604004e-01,-5.855194330215454102e-01,-7.725065946578979492e-02,-1.984348446130752563e-01
1.270243883132934570e+00,-3.102293729782104492e+00,7.215427160263061523e-01,-7.143602706491947174e-03,4.972159862518310547e-02,-5.859035253524780273e-01,8.088225126266479492e-01,-4.255816936492919922e-01,7.254190742969512939e-02,-2.980487346649169922e-01,1.040280222892761230e+00,-5.952398180961608887e-01,-8.783071488142013550e-02,-8.803539276123046875e-01,-2.912765741348266602e-01,5.760294198989868164e-02,1.104202747344970703e+00,1.734838932752609253e-01,2.617999911308288574e-01,1.498580574989318848e-01,-2.344683110713958740e-01,3.509686589241027832e-01,-2.026942968368530273e-01,3.778307735919952393e-01,-1.599477380514144897e-01,-6.038548350334167480e-01,8.513770103454589844e-01,-1.769051402807235718e-01,3.762768805027008057e-01,2.058574855327606201e-01,-2.841188013553619385e-01,4.208439290523529053e-01,3.061138987541198730e-01,-5.830269455909729004e-01,-8.413410186767578125e-02,-2.810990214347839355e-01
1.255353331565856934e+00,-3.111122846603393555e+00,7.266778349876403809e-01,-2.766082528978586197e-03,5.594053864479064941e-02,-5.588148236274719238e-01,8.273988962173461914e-01,-4.224111735820770264e-01,1.002082005143165588e-01,-3.223012387752532959e-01,9.554952979087829590e-01,-5.855266451835632324e-01,-1.203571707010269165e-01,-9.521775841712951660e-01,-3.516127169132232666e-01,3.106890618801116943e-02,1.170147418975830078e+00,3.421905040740966797e-01,2.617999911308288574e-01,1.564517170190811157e-01,-2.498866319656372070e-01,3.351500928401947021e-01,-4.024254083633422852e-01,3.558547496795654297e-01,-1.502611488103866577e-01,-6.651472449302673340e-01,8.231939673423767090e-01,-1.785555183887481689e-01,5.113466978073120117e-01,2.573483884334564209e-01,-2.568290233612060547e-01,3.836292922496795654e-01,3.027177453041076660e-01,-5.488083362579345703e-01,-9.468254446983337402e-02,-3.377429842948913574e-01
1.238496661186218262e+00,-3.120625495910644531e+00,7.330482006072998047e-01,1.269001746550202370e-03,6.307829171419143677e-02,-5.309683680534362793e-01,8.450397253036499023e-01,-4.235512018203735352e-01,1.258612424135208130e-01,-3.614687919616699219e-01,8.649009466171264648e-01,-5.582568049430847168e-01,-1.657374948263168335e-01,-9.976873993873596191e-01,-4.056222736835479736e-01,1.240283250808715820e-02,1.195166230201721191e+00,4.822939038276672363e-01,2.617999911308288574e-01,1.501044631004333496e-01,-2.634865939617156982e-01,3.146680891513824463e-01,-5.999512076377868652e-01,3.295997679233551025e-01,-1.210468485951423645e-01,-7.125037312507629395e-01,8.540042042732238770e-01,-1.720796078443527222e-01,6.431146264076232910e-01,3.020212054252624512e-01,-2.376835942268371582e-01,3.628858625888824463e-01,2.986016273498535156e-01,-5.239235162734985352e-01,-1.153135076165199280e-01,-3.785259723663330078e-01
1.219799518585205078e+00,-3.132557868957519531e+00,7.401231527328491211e-01,7.368007209151983261e-03,7.023898512125015259e-02,-5.063632130622863770e-01,8.594233393669128418e-01,-4.209683835506439209e-01,1.518395841121673584e-01,-4.013046622276306152e-01,7.636522054672241211e-01,-5.228393077850341797e-01,-2.090128809213638306e-01,-1.010271430015563965e+00,-4.239303767681121826e-01,8.165864273905754089e-03,1.204874873161315918e+00,5.215886831283569336e-01,2.617999911308288574e-01,1.310391873121261597e-01,-2.841649651527404785e-01,2.851926386356353760e-01,-7.644051909446716309e-01,3.339360654354095459e-01,-8.858942985534667969e-02,-7.454339265823364258e-01,8.894521594047546387e-01,-1.715526282787322998e-01,7.945582270622253418e-01,3.361307978630065918e-01,-2.309266179800033569e-01,3.712809383869171143e-01,3.029971420764923096e-01,-5.227712392807006836e-01,-1.276680529117584229e-01,-4.032231867313385010e-01
1.200312495231628418e+00,-3.147582530975341797e+00,7.488529086112976074e-01,1.235183328390121460e-02,7.450616359710693359e-02,-4.880708754062652588e-01,8.695303797721862793e-01,-3.918484449386596680e-01,1.866303980350494385e-01,-4.359309971332550049e-01,6.368035078048706055e-01,-4.851221740245819092e-01,-2.469634413719177246e-01,-9.829291105270385742e-01,-4.071026444435119629e-01,-8.027695002965629101e-04,1.201684832572937012e+00,4.944377541542053223e-01,2.617999911308288574e-01,9.777495265007019043e-02,-3.008641302585601807e-01,2.591363787651062012e-01,-8.982203006744384766e-01,3.832869231700897217e-01,-6.226228922605514526e-02,-7.697917222976684570e-01,8.961678743362426758e-01,-1.895058900117874146e-01,9.569687843322753906e-01,3.398051559925079346e-01,-2.339505702257156372e-01,4.021103084087371826e-01,3.256468176841735840e-01,-5.141111016273498535e-01,-1.266008019447326660e-01,-3.931185603141784668e-01
1.179624795913696289e+00,-3.165737628936767578e+00,7.586785554885864258e-01,1.461017783731222153e-02,7.530241459608078003e-02,-4.749068319797515869e-01,8.766866922378540039e-01,-3.360396623611450195e-01,2.325202971696853638e-01,-4.636972546577453613e-01,4.868796765804290771e-01,-4.277445971965789795e-01,-2.617988288402557373e-01,-9.087434411048889160e-01,-3.437510132789611816e-01,-1.010221603792160749e-04,1.180287957191467285e+00,3.697387278079986572e-01,2.617999911308288574e-01,5.413146689534187317e-02,-3.108171522617340088e-01,2.331416606903076172e-01,-9.950853586196899414e-01,4.856503009796142578e-01,-1.168431341648101807e-02,-7.644892930984497070e-01,9.683976173400878906e-01,-2.068595588207244873e-01,1.090526938438415527e+00,3.182604908943176270e-01,-2.379786372184753418e-01,4.449244737625122070e-01,3.657976686954498291e-01,-5.015151500701904297e-01,-1.194818988442420959e-01,-3.505383729934692383e-01
1.159327745437622070e+00,-3.187213897705078125e+00,7.656740546226501465e-01,1.082054898142814636e-02,6.956789642572402954e-02,-4.623424708843231201e-01,8.839019536972045898e-01,-2.605353891849517822e-01,2.919861674308776855e-01,-4.761729836463928223e-01,3.380697369575500488e-01,-3.518318533897399902e-01,-2.617999911308288574e-01,-7.800327539443969727e-01,-2.332823425531387329e-01,3.781783953309059143e-02,1.131996035575866699e+00,1.515239477157592773e-01,2.617999911308288574e-01,-1.728382310830056667e-03,-3.051599264144897461e-01,2.130187749862670898e-01,-1.060877919197082520e+00,6.232610344886779785e-01,8.230368047952651978e-02,-6.775201559066772461e-01,1.069852113723754883e+00,-1.982120722532272339e-01,1.148551940917968750e+00,2.849932610988616943e-01,-2.457558363676071167e-01,4.968471527099609375e-01,4.170372784137725830e-01,-4.838334619998931885e-01,-9.420759230852127075e-02,-3.004950284957885742e-01
1.146228790283203125e+00,-3.205890178680419922e+00,7.680515050888061523e-01,8.163187652826309204e-03,5.297911912202835083e-02,-4.591756761074066162e-01,8.867267370223999023e-01,-1.552309691905975342e-01,3.525778949260711670e-01,-3.370895683765411377e-01,2.117132395505905151e-01,-2.717718183994293213e-01,-2.617999911308288574e-01,-6.147008538246154785e-01,-1.336149871349334717e-01,1.126005575060844421e-01,1.033528804779052734e+00,-8.594110608100891113e-02,2.617999911308288574e-01,-5.879718810319900513e-02,-2.989004850387573242e-01,1.880221068859100342e-01,-1.100936889648437500e+00,7.834936380386352539e-01,1.804893016815185547e-01,-4.750770032405853271e-01,1.119400143623352051e+00,-1.305464506149291992e-01,1.108693599700927734e+00,2.384340614080429077e-01,-2.758960723876953125e-01,5.698537826538085938e-01,4.682235121726989746e-01,-4.521664977073669434e-01,-7.184030860662460327e-02,-2.559704184532165527e-01
1.134938597679138184e+00,-3.215671777725219727e+00,7.603004574775695801e-01,3.078860789537429810e-02,1.896589808166027069e-02,-4.640679955482482910e-01,8.850611448287963867e-01,-9.292948246002197266e-02,3.375634849071502686e-01,-9.492489695549011230e-02,2.866261005401611328e-01,-2.276086360216140747e-01,-2.617999911308288574e-01,-4.939162731170654297e-01,-1.827909946441650391e-01,1.191413402557373047e-01,9.781452417373657227e-01,-3.656120896339416504e-01,2.617999911308288574e-01,-1.199351251125335693e-01,-3.286697268486022949e-01,1.566103249788284302e-01,-1.156294584274291992e+00,9.647991061210632324e-01,1.672357022762298584e-01,-1.786235421895980835e-01,1.065097928047180176e+00,5.444144830107688904e-02,9.194649457931518555e-01,1.732800602912902832e-01,-3.460711538791656494e-01,6.365242600440979004e-01,4.815684258937835693e-01,-4.522635638713836670e-01,-4.708804562687873840e-02,-2.202183902263641357e-01
1.122061967849731445e+00,-3.225455760955810547e+00,7.567613124847412109e-01,3.858448937535285950e-02,-1.185625442303717136e-03,-4.551779627799987793e-01,8.895633220672607422e-01,-4.228860139846801758e-02,3.979299664497375488e-01,1.793096661567687988e-01,3.955191075801849365e-01,-1.963375955820083618e-01,-2.617999911308288574e-01,-3.387556970119476318e-01,-2.461670041084289551e-01,-1.524816825985908508e-02,8.206620216369628906e-01,-5.562294125556945801e-01,1.722543090581893921e-01,-1.986410915851593018e-01,-3.373261094093322754e-01,1.135168820619583130e-01,-1.318664193153381348e+00,1.147182703018188477e+00,-3.215183913707733154e-01,2.142523825168609619e-01,8.559366464614868164e-01,5.259355902671813965e-01,8.456166386604309082e-01,1.257696002721786499e-01,-3.795445561408996582e-01,6.307768821716308594e-01,4.609776735305786133e-01,-4.810884892940521240e-01,-2.872853912413120270e-02,-1.544221788644790649e-01
1.104129314422607422e+00,-3.237143039703369141e+00,7.592052817344665527e-01,1.518955733627080917e-02,1.649813028052449226e-03,-4.433750212192535400e-01,8.962059617042541504e-01,-5.233100615441799164e-03,5.310205221176147461e-01,3.615102767944335938e-01,5.067320466041564941e-01,-1.889209300279617310e-01,-2.617999911308288574e-01,-2.421434819698333740e-01,-1.648769974708557129e-01,-6.725995987653732300e-02,7.038359045982360840e-01,-5.537017583847045898e-01,1.422027498483657837e-01,-2.599025666713714600e-01,-2.700917124748229980e-01,1.066411063075065613e-01,-1.607764005661010742e+00,1.247046351432800293e+00,-1.030510067939758301e+00,8.346734046936035156e-01,2.668133005499839783e-02,4.384184181690216064e-01,1.038554072380065918e+00,8.998493850231170654e-02,-3.808256685733795166e-01,5.178582668304443359e-01,4.164909422397613525e-01,-5.215305685997009277e-01,-2.592851594090461731e-02,-3.445531055331230164e-02
1.086723446846008301e+00,-3.249916791915893555e+00,7.529561519622802734e-01,-8.892001584172248840e-03,8.422512561082839966e-03,-4.341531097888946533e-01,9.007558226585388184e-01,-6.221826747059822083e-02,5.999487638473510742e-01,3.122474253177642822e-01,6.839904785156250000e-01,-2.350899428129196167e-01,-2.617999911308288574e-01,-2.725076675415039062e-01,-6.273427605628967285e-02,-4.303549975156784058e-02,7.871608138084411621e-01,-5.212047100067138672e-01,1.366545855998992920e-01,-3.007797002792358398e-01,-1.675224155187606812e-01,1.118556559085845947e-01,-1.773638725280761719e+00,1.303875684738159180e+00,-1.290745139122009277e+00,1.109640359878540039e+00,-1.440471112728118896e-01,3.331870436668395996e-01,7.484605312347412109e-01,7.679735869169235229e-02,-4.036173224449157715e-01,3.804979324340820312e-01,3.615813553333282471e-01,-5.698115825653076172e-01,-3.230645507574081421e-02,2.724814414978027344e-02
1.077722787857055664e+00,-3.257560014724731445e+00,7.448536753654479980e-01,-1.123875100165605545e-02,7.485536392778158188e-03,-4.279112815856933594e-01,9.037198424339294434e-01,-9.106550365686416626e-02,5.997424125671386719e-01,3.224077522754669189e-01,7.630214095115661621e-01,-2.474416047334671021e-01,-2.617999911308288574e-01,-3.107509315013885498e-01,-5.244974792003631592e-02,-5.518121644854545593e-02,8.780072331428527832e-01,-5.192329883575439453e-01,1.478351056575775146e-01,-3.337221443653106689e-01,-1.592834293842315674e-02,1.059230491518974304e-01,-1.659645557403564453e+00,1.374157905578613281e+00,-1.399999260902404785e+00,1.167011499404907227e+00,-1.470258831977844238e-01,3.468897938728332520e-01,7.058247923851013184e-01,9.054733812808990479e-02,-5.100337862968444824e-01,2.484289556741714478e-01,3.066533207893371582e-01,-5.800705552101135254e-01,-4.094206541776657104e-02,1.470553129911422729e-02
1.068850874900817871e+00,-3.264721632003784180e+00,7.351703643798828125e-01,-1.086224708706140518e-02,1.028499845415353775e-02,-4.230715930461883545e-01,9.059727787971496582e-01,-1.204427555203437805e-01,6.293191909790039062e-01,3.396129012107849121e-01,7.943249940872192383e-01,-2.618162035942077637e-01,-2.617999911308288574e-01,-3.258242011070251465e-01,-6.330654025077819824e-02,-1.056044399738311768e-01,9.198440313339233398e-01,-5.762057304382324219e-01,1.551471501588821411e-01,-3.460133075714111328e-01,6.467313319444656372e-02,1.061839833855628967e-01,-1.555512428283691406e+00,1.400075554847717285e+00,-1.399999976158142090e+00,1.160284161567687988e+00,-2.272545248270034790e-01,2.988746464252471924e-01,8.026127815246582031e-01,1.097474843263626099e-01,-5.271772146224975586e-01,1.292767971754074097e-01,2.687220871448516846e-01,-5.434055924415588379e-01,-5.607336759567260742e-02,-2.520306594669818878e-02
1.058151483535766602e+00,-3.270139217376708984e+00,7.237716913223266602e-01,-1.243765093386173248e-02,1.762074977159500122e-02,-4.119488894939422607e-01,9.109516739845275879e-01,-1.697889864444732666e-01,6.610336899757385254e-01,3.106749057769775391e-01,8.162261247634887695e-01,-2.941364645957946777e-01,-2.617999911308288574e-01,-3.298974931240081787e-01,-6.733882427215576172e-02,-1.633160263299942017e-01,9.349319934844970703e-01,-6.725975275039672852e-01,1.635102778673171997e-01,-3.102362751960754395e-01,6.472716480493545532e-02,1.041567996144294739e-01,-1.622411370277404785e+00,1.362438440322875977e+00,-1.399999976158142090e+00,1.130701065063476562e+00,-1.389415115118026733e-01,2.761799097061157227e-01,8.606036901473999023e-01,1.622704118490219116e-01,-4.492196738719940186e-01,2.234914340078830719e-03,2.448831349611282349e-01,-5.123227238655090332e-01,-7.940679043531417847e-02,-7.468825578689575195e-02
1.048317074775695801e+00,-3.274388790130615234e+00,7.141300439834594727e-01,-7.362736389040946960e-03,1.531678438186645508e-02,-4.097767770290374756e-01,9.120275378227233887e-01,-1.924921721220016479e-01,6.601232290267944336e-01,2.725064158439636230e-01,8.352862596511840820e-01,-3.068654537200927734e-01,-2.617999911308288574e-01,-3.382706344127655029e-01,-8.114072680473327637e-02,-1.930988579988479614e-01,9.620867371559143066e-01,-7.184308171272277832e-01,1.498650610446929932e-01,-2.759044468402862549e-01,1.199786737561225891e-01,1.235664188861846924e-01,-1.586075305938720703e+00,1.344887375831604004e+00,-1.399999976158142090e+00,1.118205785751342773e+00,-1.261145919561386108e-01,2.658884823322296143e-01,8.904753923416137695e-01,1.935867816209793091e-01,-4.728967547416687012e-01,-7.121149450540542603e-02,2.236272841691970825e-01,-5.047619342803955078e-01,-9.840996563434600830e-02,-1.110341101884841919e-01
1.041446447372436523e+00,-3.277249813079833984e+00,7.065187692642211914e-01,-4.802196752279996872e-03,9.573511779308319092e-03,-4.193634092807769775e-01,9.077552556991577148e-01,-1.983136832714080811e-01,6.562123298645019531e-01,2.251415550708770752e-01,8.675505518913269043e-01,-2.950397431850433350e-01,-2.617999911308288574e-01,-3.571636080741882324e-01,-8.290288597345352173e-02,-1.905403286218643188e-01,1.009094238281250000e+00,-7.335456013679504395e-01,1.346011161804199219e-01,-2.558960616588592529e-01,1.501269936561584473e-01,1.521648019552230835e-01,-1.534886956214904785e+00,1.374692797660827637e+00,-1.399999976158142090e+00,1.101344108581542969e+00,-1.353848278522491455e-01,2.551810741424560547e-01,9.168811440467834473e-01,1.945132017135620117e-01,-5.121226310729980469e-01,-5.203816667199134827e-02,2.117194980382919312e-01,-4.814250767230987549e-01,-1.060593798756599426e-01,-1.307753026485443115e-01
1.039239645004272461e+00,-3.281601667404174805e+00,7.051153182983398438e-01,-6.396609824150800705e-03,3.152966732159256935e-03,-4.416001439094543457e-01,8.971835970878601074e-01,-2.088360786437988281e-01,6.487365365028381348e-01,1.514785438776016235e-01,9.359539747238159180e-01,-2.299718409776687622e-01,-2.617999911308288574e-01,-3.611576557159423828e-01,-4.796437174081802368e-02,-1.445393264293670654e-01,1.031776309013366699e+00,-7.496804594993591309e-01,1.150633916258811951e-01,-2.534760832786560059e-01,1.471002548933029175e-01,1.696072518825531006e-01,-1.431798577308654785e+00,1.446274876594543457e+00,-1.399999976158142090e+00,1.067279100418090820e+00,-1.452681422233581543e-01,2.162747085094451904e-01,9.539996385574340820e-01,1.721801757812500000e-01,-5.361793637275695801e-01,3.407910093665122986e-02,2.015054225921630859e-01,-4.509303569793701172e-01,-1.110922545194625854e-01,-1.382336914539337158e-01
1.037739872932434082e+00,-3.287720680236816406e+00,7.094927430152893066e-01,-1.130667142570018768e-02,-2.586493967100977898e-03,-4.707004427909851074e-01,8.822168707847595215e-01,-2.691916227340698242e-01,6.190082430839538574e-01,4.298625979572534561e-03,1.067966222763061523e+00,-8.855531364679336548e-02,-2.617999911308288574e-01,-3.333088159561157227e-01,1.576663926243782043e-02,-8.667852729558944702e-02,9.980871677398681641e-01,-7.562795877456665039e-01,7.197549939155578613e-02,-2.709636688232421875e-01,1.714648902416229248e-01,1.949170231819152832e-01,-1.200271368026733398e+00,1.539564371109008789e+00,-1.399999976158142090e+00,1.052900552749633789e+00,-1.398210078477859497e-01,2.025598138570785522e-01,8.521104454994201660e-01,1.325722038745880127e-01,-5.741665959358215332e-01,1.343491077423095703e-01,1.767617166042327881e-01,-5.017854571342468262e-01,-1.142627075314521790e-01,-1.173347309231758118e-01
1.039618492126464844e+00,-3.291496276855468750e+00,7.190847396850585938e-01,-5.009031854569911957e-03,-8.897271007299423218e-03,-4.969340562820434570e-01,8.677282333374023438e-01,-3.567637205123901367e-01,4.554628133773803711e-01,-1.771554797887802124e-01,1.294456243515014648e+00,-4.252576082944869995e-02,-1.673562675714492798e-01,-3.040071427822113037e-01,4.393443092703819275e-02,-1.504557300359010696e-02,9.443054795265197754e-01,-7.307832837104797363e-01,4.026683792471885681e-02,-3.204308450222015381e-01,1.774641424417495728e-01,2.376706302165985107e-01,-8.426280021667480469e-01,1.612544417381286621e+00,-1.399999976158142090e+00,1.056592345237731934e+00,-4.284124821424484253e-02,2.133307605981826782e-01,6.802730560302734375e-01,5.720792710781097412e-02,-6.092400550842285156e-01,2.489618957042694092e-01,1.436594128608703613e-01,-5.458934903144836426e-01,-1.169987171888351440e-01,-7.731602340936660767e-02
1.044285655021667480e+00,-3.293084144592285156e+00,7.298507690429687500e-01,4.899323452264070511e-03,-1.747713051736354828e-02,-5.099476575851440430e-01,8.600139021873474121e-01,-4.570500850677490234e-01,3.110373616218566895e-01,-2.085537016391754150e-01,1.565203070640563965e+00,-7.384084165096282959e-02,-1.265324652194976807e-01,-2.703399062156677246e-01,2.751318551599979401e-02,2.308150939643383026e-02,8.900487422943115234e-01,-7.005581855773925781e-01,2.076591737568378448e-02,-3.853493630886077881e-01,1.312088668346405029e-01,2.877945303916931152e-01,-4.833672940731048584e-01,1.617565870285034180e+00,-1.399999976158142090e+00,1.041726350784301758e+00,1.361259608529508114e-03,1.737713068723678589e-01,5.496407747268676758e-01,-1.998262293636798859e-02,-5.927702784538269043e-01,3.738445341587066650e-01,1.213207617402076721e-01,-5.364691019058227539e-01,-1.109909936785697937e-01,-5.258062854409217834e-02
1.051105499267578125e+00,-3.295181274414062500e+00,7.421990633010864258e-01,1.196173112839460373e-02,-3.097204864025115967e-02,-5.166721343994140625e-01,8.555393218994140625e-01,-5.769595503807067871e-01,2.252392023801803589e-01,-1.327835023403167725e-01,1.816024899482727051e+00,-1.153808608651161194e-01,-2.816080115735530853e-02,-2.229257076978683472e-01,-6.343746092170476913e-03,3.386225923895835876e-02,8.390408158302307129e-01,-6.714779138565063477e-01,4.520906077232211828e-04,-4.307752549648284912e-01,7.995350658893585205e-02,3.412257730960845947e-01,-2.725239098072052002e-01,1.508058309555053711e+00,-1.399999976158142090e+00,1.033921241760253906e+00,3.163255751132965088e-02,1.358012557029724121e-01,4.636127650737762451e-01,-7.839158922433853149e-02,-5.606795549392700195e-01,4.844700396060943604e-01,1.175947710871696472e-01,-4.912034273147583008e-01,-1.012624055147171021e-01,-5.750948563218116760e-02
1.060227870941162109e+00,-3.296588182449340820e+00,7.552143335342407227e-01,1.063890196382999420e-02,-4.336952045559883118e-02,-5.214462876319885254e-01,8.521147966384887695e-01,-6.886882781982421875e-01,1.766803115606307983e-01,4.768459184560924768e-04,1.947490215301513672e+00,-1.067426279187202454e-01,1.327864732593297958e-02,-1.839378029108047485e-01,-3.685592114925384521e-02,1.483495254069566727e-02,8.169027566909790039e-01,-6.376649737358093262e-01,-9.762759320437908173e-03,-4.554404318332672119e-01,6.709542870521545410e-02,3.914045691490173340e-01,-1.990339756011962891e-01,1.311220765113830566e+00,-1.399999976158142090e+00,1.034489512443542480e+00,6.117527186870574951e-02,1.195806339383125305e-01,4.388458728790283203e-01,-1.072702258825302124e-01,-5.364287495613098145e-01,5.701305270195007324e-01,1.348081380128860474e-01,-4.518367052078247070e-01,-9.022357314825057983e-02,-6.129187345504760742e-02
1.074136495590209961e+00,-3.297327756881713867e+00,7.658836245536804199e-01,1.060070097446441650e-02,-5.639212206006050110e-02,-5.229085683822631836e-01,8.504552841186523438e-01,-7.728328108787536621e-01,1.004117652773857117e-01,1.657795906066894531e-01,1.894949436187744141e+00,-5.936435889452695847e-03,-3.296255599707365036e-03,-1.680320799350738525e-01,-1.021828278899192810e-01,-4.678683355450630188e-02,8.332155346870422363e-01,-5.597648024559020996e-01,1.609469880349934101e-03,-4.306476414203643799e-01,7.751670479774475098e-02,4.081563651561737061e-01,-2.177397012710571289e-01,1.079420804977416992e+00,-1.399999976158142090e+00,1.033798575401306152e+00,3.172024339437484741e-02,8.907291293144226074e-02,4.615791141986846924e-01,-9.159745275974273682e-02,-5.189968943595886230e-01,6.064512133598327637e-01,1.762950122356414795e-01,-4.142523407936096191e-01,-8.042557537555694580e-02,-4.060686752200126648e-02
1.089727759361267090e+00,-3.296580553054809570e+00,7.736245989799499512e-01,2.670289948582649231e-02,-8.908677846193313599e-02,-5.189399719238281250e-01,8.497362732887268066e-01,-7.819267511367797852e-01,-4.576001688838005066e-02,3.173215985298156738e-01,1.598919272422790527e+00,3.107064962387084961e-01,-1.114420592784881592e-01,-1.560888886451721191e-01,-2.702369391918182373e-01,-1.641720831394195557e-01,8.727084398269653320e-01,-4.862720668315887451e-01,1.012926250696182251e-01,-2.314327508211135864e-01,5.256045237183570862e-02,3.572770357131958008e-01,-3.028552234172821045e-01,8.402180671691894531e-01,-1.399999976158142090e+00,1.022503733634948730e+00,-1.628762856125831604e-02,6.012945994734764099e-02,5.103041529655456543e-01,4.183222353458404541e-02,-4.426658749580383301e-01,4.876252412796020508e-01,2.424648255109786987e-01,-3.940463662147521973e-01,-6.409420073032379150e-02,-2.365536242723464966e-02
1.103162288665771484e+00,-3.302393913269042969e+00,7.736653089523315430e-01,1.624100841581821442e-02,-9.660600125789642334e-02,-5.538556575775146484e-01,8.268297314643859863e-01,-7.058097124099731445e-01,-4.232038557529449463e-02,3.643291592597961426e-01,1.268253564834594727e+00,4.523032903671264648e-01,-1.868977844715118408e-01,-1.127222031354904175e-01,-3.357972800731658936e-01,-3.549713492393493652e-01,8.370789289474487305e-01,-5.042956471443176270e-01,6.436072289943695068e-02,-5.242064967751502991e-02,8.855991065502166748e-02,3.480155467987060547e-01,-2.419842183589935303e-01,6.483619213104248047e-01,-1.213803052902221680e+00,9.292668700218200684e-01,8.871340751647949219e-02,6.560332328081130981e-02,5.749059319496154785e-01,8.035744726657867432e-02,-3.845268189907073975e-01,4.608029723167419434e-01,3.250895142555236816e-01,-3.963516354560852051e-01,-5.220207571983337402e-02,-2.838495187461376190e-02
1.110739588737487793e+00,-3.308848142623901367e+00,7.683041095733642578e-01,1.436950452625751495e-02,-9.590867161750793457e-02,-5.972827672958374023e-01,7.961459159851074219e-01,-6.432669758796691895e-01,9.118195623159408569e-03,4.008425474166870117e-01,1.031541585922241211e+00,5.222406983375549316e-01,-3.796150535345077515e-02,-7.998206466436386108e-02,-3.476974964141845703e-01,-4.751825630664825439e-01,7.811114788055419922e-01,-5.775944590568542480e-01,-1.793315447866916656e-02,4.142173379659652710e-02,1.090853139758110046e-01,3.259590566158294678e-01,-1.368964463472366333e-01,4.696778059005737305e-01,-1.013171792030334473e+00,8.465756773948669434e-01,2.274332791566848755e-01,1.044293493032455444e-01,6.470965743064880371e-01,4.076968505978584290e-02,-3.780701160430908203e-01,5.402607321739196777e-01,4.198393523693084717e-01,-3.434179425239562988e-01,-3.899582102894783020e-02,-5.464892461895942688e-02
1.115351319313049316e+00,-3.316558361053466797e+00,7.495667338371276855e-01,6.715371739119291306e-03,-9.453269094228744507e-02,-6.277617216110229492e-01,7.726148366928100586e-01,-6.342502236366271973e-01,4.451321903616189957e-03,3.188577592372894287e-01,1.141175627708435059e+00,3.155012726783752441e-01,-7.240043580532073975e-02,-1.162450835108757019e-01,-3.124388456344604492e-01,-3.753316700458526611e-01,8.537747263908386230e-01,-6.524936556816101074e-01,-3.360795555636286736e-03,7.870379835367202759e-02,1.208651661872863770e-01,3.004712760448455811e-01,-4.058495908975601196e-02,3.190235793590545654e-01,-8.386412262916564941e-01,7.759153246879577637e-01,2.315901368856430054e-01,9.699098020792007446e-02,7.005112767219543457e-01,-2.332827448844909668e-02,-3.672509789466857910e-01,6.394391059875488281e-01,5.244212746620178223e-01,-2.085431069135665894e-01,-6.449574138969182968e-03,-1.124294474720954895e-01
1.116798520088195801e+00,-3.323309183120727539e+00,7.264276146888732910e-01,-6.958205252885818481e-03,-1.050406992435455322e-01,-6.446419358253479004e-01,7.572019696235656738e-01,-6.583697199821472168e-01,-3.493007645010948181e-02,2.199802398681640625e-01,1.318717122077941895e+00,2.417354136705398560e-01,-4.518276453018188477e-02,-1.574554890394210815e-01,-2.837457358837127686e-01,-2.645564377307891846e-01,1.002007484436035156e+00,-7.126145362854003906e-01,2.357297390699386597e-02,5.376575887203216553e-02,1.235910952091217041e-01,3.229545056819915771e-01,3.116788528859615326e-02,2.149215340614318848e-01,-6.784011721611022949e-01,6.568328738212585449e-01,3.038498759269714355e-01,1.035917624831199646e-01,7.344273328781127930e-01,-1.101562827825546265e-01,-3.354254662990570068e-01,6.909641027450561523e-01,6.318032741546630859e-01,-1.810826659202575684e-01,8.456002920866012573e-03,-1.920012831687927246e-01
1.117308735847473145e+00,-3.330373764038085938e+00,7.068562507629394531e-01,-2.224496193230152130e-02,-1.110772863030433655e-01,-6.416490077972412109e-01,7.585865259170532227e-01,-7.399107813835144043e-01,-5.054097250103950500e-02,1.375244408845901489e-01,1.488373875617980957e+00,3.070893287658691406e-01,-2.097937911748886108e-01,-1.409593075513839722e-01,-2.950777113437652588e-01,-2.978793382644653320e-01,1.096901655197143555e+00,-7.836356759071350098e-01,1.882079243659973145e-02,-1.359084527939558029e-02,1.213433369994163513e-01,3.520647585391998291e-01,5.207828432321548462e-02,2.110384404659271240e-01,-6.526754498481750488e-01,5.035471916198730469e-01,3.972140550613403320e-01,1.100920587778091431e-01,7.918316721916198730e-01,-1.623378694057464600e-01,-2.996020913124084473e-01,6.423582434654235840e-01,6.495832204818725586e-01,-2.666060626506805420e-01,1.137490104883909225e-02,-2.854352295398712158e-01
1.116727590560913086e+00,-3.336644411087036133e+00,6.904731988906860352e-01,-3.425442799925804138e-02,-1.103395372629165649e-01,-6.333405375480651855e-01,7.652003765106201172e-01,-8.490424156188964844e-01,-1.756204292178153992e-02,9.190756082534790039e-02,1.637130260467529297e+00,3.075783252716064453e-01,-2.617785036563873291e-01,-1.244574636220932007e-01,-3.064406216144561768e-01,-3.434283733367919922e-01,1.166668534278869629e+00,-8.306792378425598145e-01,2.575456723570823669e-02,-6.568417698144912720e-02,1.181386262178421021e-01,3.637478649616241455e-01,2.904298901557922363e-02,2.705047428607940674e-01,-5.745329856872558594e-01,2.982915341854095459e-01,6.399013996124267578e-01,1.213431730866432190e-01,7.428673505783081055e-01,-1.613038778305053711e-01,-2.891515195369720459e-01,5.506181120872497559e-01,5.157522559165954590e-01,-3.217539787292480469e-01,-2.996573224663734436e-02,-3.536610603332519531e-01
1.116818428039550781e+00,-3.341750144958496094e+00,6.756618618965148926e-01,-3.912749886512756348e-02,-1.084666848182678223e-01,-6.455984711647033691e-01,7.549215555191040039e-01,-9.494993686676025391e-01,1.429389119148254395e-01,1.081236302852630615e-01,1.762397766113281250e+00,2.289806306362152100e-01,-1.522698402404785156e-01,-1.465134620666503906e-01,-3.019185662269592285e-01,-3.319641947746276855e-01,1.237643599510192871e+00,-8.684845566749572754e-01,2.373722754418849945e-02,-5.782672390341758728e-02,1.103519499301910400e-01,3.630997538566589355e-01,-1.735843345522880554e-02,3.254982233047485352e-01,-2.676748037338256836e-01,3.592037782073020935e-02,7.823390364646911621e-01,-2.456998080015182495e-02,5.806289911270141602e-01,-1.596763283014297485e-01,-3.316756188869476318e-01,4.821587800979614258e-01,2.741146981716156006e-01,-4.535317718982696533e-01,-1.066132411360740662e-01,-4.025467336177825928e-01
1.117400169372558594e+00,-3.347351312637329102e+00,6.650499701499938965e-01,-4.731316491961479187e-02,-1.074355393648147583e-01,-6.721349358558654785e-01,7.310634255409240723e-01,-1.015964984893798828e+00,4.056318104267120361e-01,1.283421218395233154e-01,1.843871355056762695e+00,1.422288268804550171e-01,-3.985118120908737183e-02,-1.622738093137741089e-01,-2.717736363410949707e-01,-2.950609326362609863e-01,1.273902654647827148e+00,-8.726699948310852051e-01,1.585961133241653442e-02,-3.142369538545608521e-02,1.113501712679862976e-01,3.679402172565460205e-01,-1.173377484083175659e-01,3.971785902976989746e-01,-5.491413921117782593e-02,-2.143501043319702148e-01,5.659160017967224121e-01,-1.205012127757072449e-01,5.423630475997924805e-01,-2.040894925594329834e-01,-4.110969305038452148e-01,4.091135859489440918e-01,-1.197393145412206650e-02,-5.014787912368774414e-01,-1.788472682237625122e-01,-4.029126465320587158e-01
1.122413158416748047e+00,-3.356323957443237305e+00,6.590237021446228027e-01,-5.968250706791877747e-02,-1.095067858695983887e-01,-6.940625309944152832e-01,7.090299129486083984e-01,-1.061937451362609863e+00,6.209312081336975098e-01,1.156227514147758484e-01,1.859225034713745117e+00,1.015469655394554138e-01,1.799374818801879883e-02,-1.473608016967773438e-01,-2.587778866291046143e-01,-2.734050154685974121e-01,1.294249176979064941e+00,-8.726699948310852051e-01,2.402390725910663605e-02,-1.941806077957153320e-02,1.155165731906890869e-01,3.681305646896362305e-01,-2.721663415431976318e-01,4.916850924491882324e-01,1.112933978438377380e-01,-4.255165755748748779e-01,4.107688665390014648e-01,-1.609263569116592407e-01,5.530577898025512695e-01,-3.070485591888427734e-01,-4.926155805587768555e-01,3.325290977954864502e-01,-2.830173373222351074e-01,-5.095471739768981934e-01,-2.361508011817932129e-01,-4.349804520606994629e-01
1.129916548728942871e+00,-3.368788242340087891e+00,6.559011340141296387e-01,-7.035244256258010864e-02,-1.138888970017433167e-01,-7.033790349960327148e-01,6.980958580970764160e-01,-1.091411828994750977e+00,7.501184344291687012e-01,8.727022260427474976e-02,1.792939782142639160e+00,1.223337575793266296e-01,2.992619760334491730e-02,-1.117581352591514587e-01,-2.770351171493530273e-01,-2.766247987747192383e-01,1.309723258018493652e+00,-8.726699948310852051e-01,4.595140740275382996e-02,-2.619919367134571075e-02,1.063124537467956543e-01,3.458619415760040283e-01,-4.703096151351928711e-01,6.064328551292419434e-01,2.181239873170852661e-01,-5.704821944236755371e-01,5.346748828887939453e-01,-1.970857977867126465e-01,6.819225549697875977e-01,-4.789824783802032471e-01,-5.554625391960144043e-01,2.169402241706848145e-01,-4.581489861011505127e-01,-5.191792845726013184e-01,-2.696222364902496338e-01,-5.409291386604309082e-01
1.139861464500427246e+00,-3.384713172912597656e+00,6.561753153800964355e-01,-8.381672203540802002e-02,-1.174543127417564392e-01,-7.085756659507751465e-01,6.907240748405456543e-01,-1.046587586402893066e+00,8.512515425682067871e-01,9.612534195184707642e-02,1.641795277595520020e+00,1.088312268257141113e-01,1.227338053286075592e-02,-5.824389681220054626e-02,-2.895499765872955322e-01,-2.778929173946380615e-01,1.306187272071838379e+00,-8.720195889472961426e-01,7.516875118017196655e-02,-3.590158000588417053e-02,1.040627211332321167e-01,3.167982697486877441e-01,-7.009778618812561035e-01,7.213714122772216797e-01,2.011624425649642944e-01,-6.440487504005432129e-01,6.089770197868347168e-01,-2.151363939046859741e-01,8.535638451576232910e-01,-6.774177551269531250e-01,-6.105275154113769531e-01,1.015725135803222656e-01,-5.208224058151245117e-01,-5.149614214897155762e-01,-2.887550890445709229e-01,-7.029181122779846191e-01
1.151849269866943359e+00,-3.402294874191284180e+00,6.611353754997253418e-01,-9.174300730228424072e-02,-1.271341443061828613e-01,-7.138743996620178223e-01,6.824979782104492188e-01,-8.663968443870544434e-01,9.126594066619873047e-01,2.014946490526199341e-01,1.386534333229064941e+00,1.356768310070037842e-01,-7.387454155832529068e-03,-1.466031372547149658e-02,-3.215923607349395752e-01,-2.594387829303741455e-01,1.311956167221069336e+00,-8.469027280807495117e-01,1.026087924838066101e-01,-2.770856022834777832e-02,9.168261289596557617e-02,2.846713066101074219e-01,-9.212540984153747559e-01,7.856690287590026855e-01,1.410998553037643433e-01,-6.154711842536926270e-01,7.423233389854431152e-01,-2.412652224302291870e-01,1.033788681030273438e+00,-8.641883134841918945e-01,-6.656529903411865234e-01,1.344795152544975281e-02,-4.861215054988861084e-01,-5.083252787590026855e-01,-3.038124442100524902e-01,-7.999786138534545898e-01
1.166990995407104492e+00,-3.420959711074829102e+00,6.667989492416381836e-01,-9.973633289337158203e-02,-1.392807364463806152e-01,-7.177024483680725098e-01,6.749494671821594238e-01,-5.919287204742431641e-01,8.923540711402893066e-01,3.309088647365570068e-01,1.033050537109375000e+00,1.869836300611495972e-01,-4.164351895451545715e-02,2.257197722792625427e-02,-3.616875112056732178e-01,-2.292555123567581177e-01,1.324598908424377441e+00,-7.937451004981994629e-01,1.305416375398635864e-01,-1.729704253375530243e-02,8.403471112251281738e-02,2.554335892200469971e-01,-1.109619855880737305e+00,8.200910091400146484e-01,5.229454487562179565e-02,-4.721221029758453369e-01,8.698230981826782227e-01,-2.261305451393127441e-01,1.109620690345764160e+00,-1.050848007202148438e+00,-7.302073836326599121e-01,2.170685678720474243e-02,-3.477239608764648438e-01,-5.458822846412658691e-01,-3.099579513072967529e-01,-8.921676278114318848e-01
1.184835910797119141e+00,-3.440055608749389648e+00,6.696611642837524414e-01,-1.078881025314331055e-01,-1.490937471389770508e-01,-7.187066078186035156e-01,6.705162525177001953e-01,-3.106156289577484131e-01,8.081544041633605957e-01,4.135794937610626221e-01,6.385658979415893555e-01,7.044158875942230225e-02,9.472365491092205048e-03,7.243579626083374023e-02,-3.901128470897674561e-01,-1.998346149921417236e-01,1.317093968391418457e+00,-7.774932980537414551e-01,1.575997024774551392e-01,-1.540043950080871582e-02,9.108407050371170044e-02,2.226004451513290405e-01,-1.283137202262878418e+00,8.452705740928649902e-01,-1.083238646388053894e-01,-2.158353775739669800e-01,9.276149272918701172e-01,-1.218439862132072449e-01,1.085368514060974121e+00,-1.256999373435974121e+00,-7.952465415000915527e-01,1.318407654762268066e-01,-1.058854162693023682e-01,-6.703221201896667480e-01,-2.746725082397460938e-01,-9.647566080093383789e-01
1.201428055763244629e+00,-3.456389188766479492e+00,6.683886647224426270e-01,-1.106555461883544922e-01,-1.512749046087265015e-01,-7.183107137680053711e-01,6.700007319450378418e-01,-1.338059902191162109e-01,7.089756131172180176e-01,3.728199005126953125e-01,3.384486138820648193e-01,-4.144103452563285828e-02,1.463727504014968872e-01,1.116112396121025085e-01,-4.098813235759735107e-01,-1.969987750053405762e-01,1.304924488067626953e+00,-7.964107394218444824e-01,1.575290709733963013e-01,-1.478229183703660965e-02,1.031558215618133545e-01,1.624966114759445190e-01,-1.489835262298583984e+00,8.661185503005981445e-01,-5.681794285774230957e-01,1.307964324951171875e-01,8.121554255485534668e-01,1.983166038990020752e-01,1.093318939208984375e+00,-1.503000378608703613e+00,-8.439459800720214844e-01,4.678678214550018311e-01,2.452336996793746948e-01,-6.580964326858520508e-01,-1.051920875906944275e-01,-9.742209911346435547e-01
1.212555408477783203e+00,-3.468196153640747070e+00,6.634302139282226562e-01,-1.103734299540519714e-01,-1.562101244926452637e-01,-7.232381701469421387e-01,6.635832190513610840e-01,-6.421659141778945923e-02,6.005930304527282715e-01,1.770073920488357544e-01,2.456890046596527100e-01,-5.051505565643310547e-02,1.278773695230484009e-01,1.342159658670425415e-01,-4.263522624969482422e-01,-1.942979246377944946e-01,1.307375669479370117e+00,-8.423368930816650391e-01,1.119611412286758423e-01,-5.890635773539543152e-03,1.105471998453140259e-01,1.167492717504501343e-01,-1.731591224670410156e+00,8.591228723526000977e-01,-1.199338316917419434e+00,6.103818416595458984e-01,2.590202391147613525e-01,4.031333327293395996e-01,1.064814448356628418e+00,-1.771638631820678711e+00,-8.347711563110351562e-01,9.511488080024719238e-01,6.618965864181518555e-01,-2.239823788404464722e-01,4.124992713332176208e-02,-7.372179627418518066e-01
1.220149874687194824e+00,-3.478005170822143555e+00,6.594713330268859863e-01,-9.986634552478790283e-02,-1.828164309263229370e-01,-7.340732216835021973e-01,6.463291645050048828e-01,-1.217273250222206116e-02,5.140687227249145508e-01,9.142833948135375977e-02,2.440733462572097778e-01,1.171401963802054524e-04,4.560500755906105042e-02,1.664195954799652100e-01,-4.595590233802795410e-01,-1.397643983364105225e-01,1.269898056983947754e+00,-8.726344704627990723e-01,5.418219044804573059e-02,-3.153148666024208069e-02,2.062665522098541260e-01,-2.808589674532413483e-02,-1.672883749008178711e+00,8.606797456741333008e-01,-1.399999976158142090e+00,9.562674760818481445e-01,-1.918500810861587524e-01,3.188606500625610352e-01,7.177120447158813477e-01,-1.824077248573303223e+00,-6.506293416023254395e-01,1.399999976158142090e+00,9.546099901199340820e-01,-1.076189950108528137e-01,1.316763311624526978e-01,-5.328851342201232910e-01
1.228326559066772461e+00,-3.482088804244995117e+00,6.555647850036621094e-01,-9.206452220678329468e-02,-1.913914829492568970e-01,-7.208646535873413086e-01,6.597329974174499512e-01,-5.187971889972686768e-02,5.365082621574401855e-01,1.974818408489227295e-01,2.995265424251556396e-01,1.801457442343235016e-02,-6.758146453648805618e-03,1.844679862260818481e-01,-4.700536429882049561e-01,-1.555538326501846313e-01,1.246490478515625000e+00,-8.726699948310852051e-01,7.231738418340682983e-03,-4.615529254078865051e-02,1.913774162530899048e-01,-2.134616486728191376e-02,-1.710786819458007812e+00,8.300438523292541504e-01,-1.399999976158142090e+00,1.104007244110107422e+00,-6.550604104995727539e-02,3.842755556106567383e-01,6.009245514869689941e-01,-1.828530669212341309e+00,-6.670094728469848633e-01,1.399999976158142090e+00,9.671408534049987793e-01,-1.094759851694107056e-01,1.250701099634170532e-01,-5.501502752304077148e-01
1.234080910682678223e+00,-3.487174510955810547e+00,6.530678868293762207e-01,-7.475194334983825684e-02,-1.967743784189224243e-01,-7.162197828292846680e-01,6.653730273246765137e-01,-9.441167116165161133e-02,5.583827495574951172e-01,3.224223256111145020e-01,3.784131109714508057e-01,2.395244129002094269e-02,-1.683366368524730206e-03,1.970591247081756592e-01,-5.061297416687011719e-01,-1.817675232887268066e-01,1.228081345558166504e+00,-8.726699948310852051e-01,-4.731063172221183777e-02,-1.209073737263679504e-01,2.544353306293487549e-01,5.239438731223344803e-03,-1.645141005516052246e+00,9.597021937370300293e-01,-1.399999976158142090e+00,1.041848540306091309e+00,-6.766060739755630493e-02,3.012232482433319092e-01,6.614380478858947754e-01,-1.930081725120544434e+00,-5.903326869010925293e-01,1.399999976158142090e+00,9.379815459251403809e-01,-1.568573564291000366e-01,1.005894467234611511e-01,-5.394926667213439941e-01
1.240654468536376953e+00,-3.490288019180297852e+00,6.498099565505981445e-01,-8.307133615016937256e-02,-1.952000558376312256e-01,-7.078939676284790039e-01,6.737077832221984863e-01,-1.230682134628295898e-01,5.902903676033020020e-01,3.548662066459655762e-01,4.399528801441192627e-01,1.458679977804422379e-02,2.344901114702224731e-02,2.242595702409744263e-01,-5.094144344329833984e-01,-2.020908892154693604e-01,1.229699492454528809e+00,-8.726699948310852051e-01,-6.146922335028648376e-02,-1.010081470012664795e-01,2.034857720136642456e-01,-8.655778132379055023e-03,-1.664374589920043945e+00,9.269277453422546387e-01,-1.399999976158142090e+00,9.909057021141052246e-01,-3.725804015994071960e-02,2.570717036724090576e-01,7.159118652343750000e-01,-1.918746590614318848e+00,-6.421655416488647461e-01,1.399999976158142090e+00,9.507111310958862305e-01,-1.613204330205917358e-01,1.009191721677780151e-01,-5.470068454742431641e-01
1.245406508445739746e+00,-3.494122266769409180e+00,6.468965411186218262e-01,-8.087617158889770508e-02,-1.977084279060363770e-01,-7.068802118301391602e-01,6.743076443672180176e-01,-1.407408714294433594e-01,5.802038311958312988e-01,3.251089751720428467e-01,4.745009839534759521e-01,9.896117262542247772e-03,1.465981919318437576e-02,2.383539229631423950e-01,-5.185413360595703125e-01,-1.945268809795379639e-01,1.224567651748657227e+00,-8.726699948310852051e-01,-4.162999987602233887e-02,-8.006668835878372192e-02,2.250068783760070801e-01,-2.411749679595232010e-03,-1.649891614913940430e+00,9.089826941490173340e-01,-1.399999976158142090e+00,1.009070277214050293e+00,-3.684351965785026550e-02,2.555406093597412109e-01,7.272076010704040527e-01,-1.926145911216735840e+00,-6.604462862014770508e-01,1.399999976158142090e+00,9.512259364128112793e-01,-1.659437566995620728e-01,9.797398000955581665e-02,-5.591100454330444336e-01
1.247871637344360352e+00,-3.496503591537475586e+00,6.432695984840393066e-01,-8.070040494203567505e-02,-1.973755657672882080e-01,-7.092646956443786621e-01,6.719180941581726074e-01,-1.610820144414901733e-01,5.775672793388366699e-01,2.818180918693542480e-01,5.108785033226013184e-01,5.908114369958639145e-03,-4.129040054976940155e-03,2.462764978408813477e-01,-5.285346508026123047e-01,-1.895651966333389282e-01,1.222655773162841797e+00,-8.726699948310852051e-01,-1.085958629846572876e-02,-7.382219284772872925e-02,2.494691163301467896e-01,1.495726779103279114e-02,-1.631425261497497559e+00,9.391939043998718262e-01,-1.399999976158142090e+00,1.005079150199890137e+00,-1.927884854376316071e-02,2.462924718856811523e-01,7.289971709251403809e-01,-1.942001461982727051e+00,-6.676201224327087402e-01,1.399999976158142090e+00,9.208580851554870605e-01,-1.834868043661117554e-01,7.896792888641357422e-02,-5.776823163032531738e-01
1.249344706535339355e+00,-3.494621515274047852e+00,6.404032707214355469e-01,-8.635695278644561768e-02,-1.908333450555801392e-01,-7.096931934356689453e-01,6.726520061492919922e-01,-1.965762376785278320e-01,6.023479700088500977e-01,2.555864453315734863e-01,5.514921545982360840e-01,3.975688479840755463e-03,-1.910835318267345428e-02,2.453121393918991089e-01,-5.302929282188415527e-01,-1.998869776725769043e-01,1.229210853576660156e+00,-8.726699948310852051e-01,2.020080015063285828e-02,-8.884979784488677979e-02,2.516444921493530273e-01,6.186236068606376648e-02,-1.619682312011718750e+00,1.011506676673889160e+00,-1.399999976158142090e+00,9.068935513496398926e-01,2.023359760642051697e-02,2.054660618305206299e-01,7.783670425415039062e-01,-1.969351172447204590e+00,-7.199073433876037598e-01,1.399999976158142090e+00,8.239682316780090332e-01,-2.205669432878494263e-01,4.407267645001411438e-02,-6.391443610191345215e-01
1.247354507446289062e+00,-3.485392808914184570e+00,6.395524144172668457e-01,-1.022872775793075562e-01,-1.760831922292709351e-01,-6.962000727653503418e-01,6.883584856986999512e-01,-2.591861784458160400e-01,6.424219012260437012e-01,2.138793319463729858e-01,5.630951523780822754e-01,1.531649474054574966e-02,-2.370406128466129303e-02,2.400201857089996338e-01,-5.049633979797363281e-01,-2.491383999586105347e-01,1.259131073951721191e+00,-8.726699948310852051e-01,3.821524605154991150e-02,-2.559064887464046478e-03,1.915343105792999268e-01,1.580484509468078613e-01,-1.747858285903930664e+00,1.006282210350036621e+00,-1.399999976158142090e+00,6.385745406150817871e-01,1.157943680882453918e-01,1.679804474115371704e-01,8.328943848609924316e-01,-2.012162208557128906e+00,-1.001310467720031738e+00,1.381679534912109375e+00,5.951303243637084961e-01,-2.554147839546203613e-01,-2.996123861521482468e-03,-6.726890802383422852e-01
1.240669131278991699e+00,-3.475405454635620117e+00,6.450838446617126465e-01,-1.197222620248794556e-01,-1.560403853654861450e-01,-7.004880309104919434e-01,6.860280632972717285e-01,-2.733643651008605957e-01,6.913000345230102539e-01,1.757868230342864990e-01,5.190352797508239746e-01,1.737343147397041321e-02,-2.639080397784709930e-02,2.203899472951889038e-01,-4.562231004238128662e-01,-2.872955203056335449e-01,1.265812993049621582e+00,-8.722084760665893555e-01,4.592460393905639648e-02,-3.285393863916397095e-02,4.997758939862251282e-02,2.365917861461639404e-01,-1.822135090827941895e+00,1.178576946258544922e+00,-1.304263591766357422e+00,2.419598251581192017e-01,3.196692466735839844e-01,1.712968796491622925e-01,6.305122971534729004e-01,-1.775774478912353516e+00,-1.159292578697204590e+00,9.507203102111816406e-01,2.548059523105621338e-01,-2.626767456531524658e-01,-5.165557190775871277e-02,-4.552025794982910156e-01
1.234829783439636230e+00,-3.463455200195312500e+00,6.527806520462036133e-01,-1.330887973308563232e-01,-1.269262582063674927e-01,-6.973627805709838867e-01,6.927208900451660156e-01,-3.565437495708465576e-01,7.181463241577148438e-01,7.437223941087722778e-02,5.128166079521179199e-01,-5.473389849066734314e-02,-1.141902897506952286e-02,1.815682202577590942e-01,-4.033315777778625488e-01,-3.327636122703552246e-01,1.283899426460266113e+00,-8.726699948310852051e-01,8.361508697271347046e-02,-7.271894067525863647e-02,8.330971747636795044e-02,2.597195506095886230e-01,-1.588999271392822266e+00,1.357709288597106934e+00,-8.389646410942077637e-01,-9.079383313655853271e-02,3.545870780944824219e-01,-2.850664407014846802e-02,2.296946197748184204e-01,-1.578213334083557129e+00,-1.288667440414428711e+00,7.380629181861877441e-01,-5.074398592114448547e-02,-1.575577259063720703e-01,-1.598375737667083740e-01,-1.602323502302169800e-01
1.231447100639343262e+00,-3.451995134353637695e+00,6.740851998329162598e-01,-9.920787066221237183e-02,-1.134985163807868958e-01,-7.064320445060729980e-01,6.915414929389953613e-01,-2.687331438064575195e-01,6.535925269126892090e-01,1.972897499799728394e-01,3.362812697887420654e-01,-1.513287127017974854e-01,5.592838674783706665e-02,1.397716552019119263e-01,-3.884843587875366211e-01,-3.080827593803405762e-01,1.136540174484252930e+00,-8.553200960159301758e-01,1.552671194076538086e-01,-5.561297014355659485e-02,5.540501326322555542e-02,2.362049669027328491e-01,-1.262196779251098633e+00,1.510066986083984375e+00,-6.034377217292785645e-01,-4.011565148830413818e-01,1.421516835689544678e-01,-7.633049786090850830e-02,-3.032864630222320557e-02,-1.325440287590026855e+00,-1.417780995368957520e+00,6.291216611862182617e-01,-3.926812708377838135e-01,-3.792870417237281799e-02,-1.554151624441146851e-01,6.437455117702484131e-02
1.230227947235107422e+00,-3.441187858581542969e+00,6.917707324028015137e-01,-8.027584850788116455e-02,-8.678050339221954346e-02,-7.063003182411193848e-01,6.979718804359436035e-01,-3.179643154144287109e-01,6.268662810325622559e-01,2.219286710023880005e-01,3.199492394924163818e-01,-2.457167059183120728e-01,1.228533610701560974e-01,9.891051054000854492e-02,-3.556741774082183838e-01,-3.263003826141357422e-01,1.026401638984680176e+00,-8.181626796722412109e-01,1.836806684732437134e-01,-5.345086008310317993e-02,5.756319314241409302e-02,2.008881270885467529e-01,-8.058067560195922852e-01,1.577968120574951172e+00,-4.443163275718688965e-01,-6.114198565483093262e-01,6.283957511186599731e-02,-9.337411075830459595e-02,-2.303415685892105103e-01,-9.052795767784118652e-01,-1.496900439262390137e+00,5.112611055374145508e-01,-6.351561546325683594e-01,-5.158486217260360718e-02,-1.629104614257812500e-01,1.977247893810272217e-01
1.227059721946716309e+00,-3.429199457168579102e+00,7.160434126853942871e-01,-6.268440186977386475e-02,-6.917007267475128174e-02,-7.019938826560974121e-01,7.060387730598449707e-01,-4.120053946971893311e-01,6.006326675415039062e-01,2.200796604156494141e-01,4.990944266319274902e-01,-2.186301946640014648e-01,-5.429562646895647049e-03,8.046820014715194702e-02,-3.318988680839538574e-01,-3.645169138908386230e-01,8.989760875701904297e-01,-7.417400479316711426e-01,1.766168773174285889e-01,-3.623333945870399475e-02,4.929631948471069336e-02,1.906934231519699097e-01,-4.988342225551605225e-01,1.508882641792297363e+00,-5.690776109695434570e-01,-6.274586319923400879e-01,2.561481595039367676e-01,-1.046601459383964539e-01,-3.110482692718505859e-01,-4.018674790859222412e-01,-1.486387372016906738e+00,4.430668056011199951e-01,-7.082998752593994141e-01,-3.010945022106170654e-01,-2.123065739870071411e-01,2.462947666645050049e-01
1.226898550987243652e+00,-3.418425559997558594e+00,7.400497198104858398e-01,-4.649323225021362305e-02,-5.452502146363258362e-02,-6.958585977554321289e-01,7.145951390266418457e-01,-5.244856476783752441e-01,5.257261395454406738e-01,1.638305783271789551e-01,8.192146420478820801e-01,-2.502084970474243164e-01,-5.143746733665466309e-02,7.806540280580520630e-02,-3.056098222732543945e-01,-3.980780243873596191e-01,7.494419217109680176e-01,-6.443973779678344727e-01,1.539424359798431396e-01,-2.482593990862369537e-02,4.290230944752693176e-02,1.900985985994338989e-01,-3.459430336952209473e-01,1.319291234016418457e+00,-7.549914717674255371e-01,-4.130886495113372803e-01,4.404186010360717773e-01,-6.966026872396469116e-02,-2.647180855274200439e-01,-1.092014610767364502e-01,-1.331677436828613281e+00,4.796792268753051758e-01,-5.696520805358886719e-01,-4.377183020114898682e-01,-1.976520568132400513e-01,3.756564557552337646e-01
1.228258371353149414e+00,-3.408949613571166992e+00,7.622734308242797852e-01,-2.552480250597000122e-02,-4.439563676714897156e-02,-6.964967250823974609e-01,7.157302498817443848e-01,-5.732613205909729004e-01,4.113689064979553223e-01,1.590501219034194946e-01,1.092652678489685059e+00,-2.753981947898864746e-01,-1.303303092718124390e-01,6.626668572425842285e-02,-2.830176949501037598e-01,-3.895499408245086670e-01,5.997699499130249023e-01,-5.543825030326843262e-01,1.040971875190734863e-01,-1.636035740375518799e-02,2.642999403178691864e-02,1.889122873544692993e-01,-2.246478050947189331e-01,1.030617475509643555e+00,-7.808166742324829102e-01,-5.937461182475090027e-02,6.040439009666442871e-01,2.861623093485832214e-02,-1.401775330305099487e-01,-2.208795957267284393e-02,-1.094994306564331055e+00,4.901197254657745361e-01,-2.828465104103088379e-01,-4.991621971130371094e-01,-1.490330100059509277e-01,4.401583075523376465e-01
1.232415080070495605e+00,-3.402652978897094727e+00,7.791150212287902832e-01,-1.204099855385720730e-03,-3.355505689978599548e-02,-7.055287361145019531e-01,7.078854441642761230e-01,-5.631966590881347656e-01,2.374082058668136597e-01,1.598347723484039307e-01,1.211940050125122070e+00,-2.968257069587707520e-01,-2.180437296628952026e-01,2.864551357924938202e-02,-2.567756175994873047e-01,-3.216688930988311768e-01,4.835306406021118164e-01,-4.990649819374084473e-01,1.427199784666299820e-02,3.802213817834854126e-03,3.553073038347065449e-04,1.799889802932739258e-01,-1.891767084598541260e-01,7.242169380187988281e-01,-9.755098819732666016e-01,3.634053170680999756e-01,6.276661157608032227e-01,3.036312758922576904e-01,3.572780489921569824e-01,-4.516026750206947327e-02,-8.259727954864501953e-01,4.530483484268188477e-01,8.566853404045104980e-02,-5.007145404815673828e-01,-7.761339098215103149e-02,2.414548248052597046e-01
1.237197279930114746e+00,-3.398952484130859375e+00,7.872457504272460938e-01,1.211825292557477951e-02,-2.587442658841609955e-02,-7.190051674842834473e-01,6.944171786308288574e-01,-4.884264171123504639e-01,9.175814688205718994e-02,1.913383603096008301e-01,1.161805629730224609e+00,-2.466920912265777588e-01,-2.039252221584320068e-01,-5.455898120999336243e-03,-2.086550593376159668e-01,-2.045329809188842773e-01,4.554996490478515625e-01,-4.777709841728210449e-01,1.293673552572727203e-02,2.920740656554698944e-02,-1.863331720232963562e-02,1.729892939329147339e-01,-1.941119581460952759e-01,4.736234843730926514e-01,-9.634259343147277832e-01,7.826435565948486328e-01,2.153836339712142944e-01,2.403068095445632935e-01,8.228538632392883301e-01,-1.442253738641738892e-01,-5.715658068656921387e-01,5.060218572616577148e-01,5.351527929306030273e-01,-1.932298243045806885e-01,-3.937254473567008972e-02,-3.757840096950531006e-01
1.240942597389221191e+00,-3.395828485488891602e+00,7.829189300537109375e-01,1.082155015319585800e-02,-1.621941663324832916e-02,-7.353067994117736816e-01,6.774538755416870117e-01,-3.592155277729034424e-01,4.296683520078659058e-02,2.833629548549652100e-01,9.620909094810485840e-01,-1.329485923051834106e-01,-3.953689709305763245e-02,-3.212074562907218933e-02,-1.921486705541610718e-01,-2.183748781681060791e-01,5.139300823211669922e-01,-4.886841773986816406e-01,1.018685773015022278e-01,5.543399602174758911e-02,-1.240349933505058289e-02,1.592555642127990723e-01,-2.039315700531005859e-01,3.223299086093902588e-01,-7.029670476913452148e-01,9.302961230278015137e-01,-3.296996951103210449e-01,-1.652384549379348755e-02,7.410223484039306641e-01,-2.546353042125701904e-01,-3.488257825374603271e-01,3.273787200450897217e-01,9.094486832618713379e-01,4.036705195903778076e-01,-1.024883091449737549e-01,-8.282346725463867188e-01
1.244485020637512207e+00,-3.393431425094604492e+00,7.726001143455505371e-01,5.765055771917104721e-03,-1.995898550376296043e-03,-7.422219514846801758e-01,6.701263189315795898e-01,-2.170757651329040527e-01,3.307318314909934998e-02,3.634244203567504883e-01,7.565275430679321289e-01,-4.169485569000244141e-01,1.004722118377685547e-01,-7.943741977214813232e-02,-1.903747469186782837e-01,-2.631580531597137451e-01,5.856366753578186035e-01,-5.340169072151184082e-01,1.154170110821723938e-01,6.388323009014129639e-02,3.890286665409803391e-03,1.441249549388885498e-01,-2.200283855199813843e-01,2.516086399555206299e-01,-6.724897027015686035e-01,9.673052430152893066e-01,-3.563356101512908936e-01,2.296752855181694031e-02,6.965420246124267578e-01,-2.929444909095764160e-01,-2.164784669876098633e-01,7.747867703437805176e-02,1.048284173011779785e+00,4.470579922199249268e-01,5.798783153295516968e-03,-7.307308912277221680e-01
1.248063564300537109e+00,-3.390272378921508789e+00,7.581198811531066895e-01,2.300583291798830032e-03,-8.368587121367454529e-03,-7.444408535957336426e-01,6.676319837570190430e-01,-1.384809464216232300e-01,-1.354708615690469742e-02,3.665408492088317871e-01,6.502732634544372559e-01,-5.703588724136352539e-01,1.383616626262664795e-01,-2.056344300508499146e-01,-2.428704798221588135e-01,-2.254017591476440430e-01,8.539913296699523926e-01,-5.218576192855834961e-01,1.409912407398223877e-01,5.485800653696060181e-02,-2.297817915678024292e-02,1.779881119728088379e-01,-2.541072368621826172e-01,2.681050896644592285e-01,-8.179798722267150879e-01,9.309888482093811035e-01,-1.210549548268318176e-01,9.602530300617218018e-02,5.535075664520263672e-01,-2.613984346389770508e-01,-2.427614629268646240e-01,2.976180911064147949e-01,9.603170156478881836e-01,6.581274420022964478e-02,1.234258431941270828e-02,-3.996237218379974365e-01
1.250399827957153320e+00,-3.388471364974975586e+00,7.469907999038696289e-01,7.355032023042440414e-03,-2.154492214322090149e-02,-7.317627072334289551e-01,6.811791658401489258e-01,-1.672489196062088013e-01,-6.696926057338714600e-02,3.154278397560119629e-01,7.093950510025024414e-01,-5.841498374938964844e-01,1.542401164770126343e-01,-4.021996855735778809e-01,-3.100993931293487549e-01,-1.400379240512847900e-01,1.194348931312561035e+00,-3.662588000297546387e-01,1.138833165168762207e-01,5.358012858778238297e-03,-8.053673803806304932e-02,2.206279784440994263e-01,-3.039895892143249512e-01,3.296575248241424561e-01,-1.032620310783386230e+00,8.242367506027221680e-01,7.840515114367008209e-03,1.318401843309402466e-01,4.422896504402160645e-01,-1.928433924913406372e-01,-2.735216915607452393e-01,7.002558708190917969e-01,6.611469388008117676e-01,5.701033025979995728e-02,-8.730433881282806396e-02,-4.882342517375946045e-01
1.248912930488586426e+00,-3.388903856277465820e+00,7.409794926643371582e-01,-2.733283210545778275e-03,-2.212959714233875275e-02,-7.201820015907287598e-01,6.934267878532409668e-01,-2.043000161647796631e-01,-2.356795594096183777e-02,3.211194872856140137e-01,8.248455524444580078e-01,-5.695919394493103027e-01,1.414995044469833374e-01,-5.799944996833801270e-01,-3.045118153095245361e-01,-6.628377735614776611e-02,1.486601829528808594e+00,-2.790984511375427246e-01,5.449831858277320862e-02,-2.738851867616176605e-02,-7.083520293235778809e-02,2.671597599983215332e-01,-3.710216879844665527e-01,3.877751231193542480e-01,-1.264336943626403809e+00,7.030360698699951172e-01,1.281280666589736938e-01,1.727550625801086426e-01,4.682377576828002930e-01,-1.209256872534751892e-01,-2.831184864044189453e-01,6.977524757385253906e-01,3.818972408771514893e-01,1.338236480951309204e-01,-1.131127700209617615e-01,-3.995097279548645020e-01
1.248494625091552734e+00,-3.392087221145629883e+00,7.372969985008239746e-01,-2.018361166119575500e-02,-1.894582249224185944e-02,-7.198650240898132324e-01,6.935618519783020020e-01,-2.110679149627685547e-01,4.190277308225631714e-02,3.425833582878112793e-01,9.098095893859863281e-01,-5.630044341087341309e-01,1.350868344306945801e-01,-7.324274182319641113e-01,-2.606400549411773682e-01,-7.294409442692995071e-03,1.743658542633056641e+00,-2.510719895362854004e-01,4.840807989239692688e-02,-3.671285137534141541e-02,-2.450430206954479218e-02,3.175126314163208008e-01,-4.232148826122283936e-01,4.205767512321472168e-01,-1.399999976158142090e+00,5.709322690963745117e-01,2.940125763416290283e-01,2.191642522811889648e-01,4.717610478401184082e-01,-8.196260035037994385e-02,-3.062652051448822021e-01,5.949894189834594727e-01,1.557399183511734009e-01,-2.706250175833702087e-02,-1.349897533655166626e-01,-1.697902381420135498e-01
1.249055027961730957e+00,-3.395635366439819336e+00,7.331576347351074219e-01,-4.266510531306266785e-02,-1.335552800446748734e-02,-7.197705507278442383e-01,6.927710175514221191e-01,-1.891878545284271240e-01,9.812624007463455200e-02,3.434637784957885742e-01,9.494935274124145508e-01,-5.965056419372558594e-01,1.345761865377426147e-01,-8.561411499977111816e-01,-2.155504375696182251e-01,1.524023618549108505e-02,1.966843962669372559e+00,-2.410105913877487183e-01,6.501074135303497314e-02,-5.328048765659332275e-02,3.309898078441619873e-02,3.623555004596710205e-01,-3.999544084072113037e-01,4.311157166957855225e-01,-1.367998600006103516e+00,4.441374838352203369e-01,4.705547988414764404e-01,2.392175495624542236e-01,3.950027823448181152e-01,-7.965798676013946533e-02,-3.826867043972015381e-01,5.460292696952819824e-01,-7.820120453834533691e-02,-2.921434938907623291e-01,-2.062799781560897827e-01,-1.914937235414981842e-02
1.249475479125976562e+00,-3.399581670761108398e+00,7.306222915649414062e-01,-5.864086374640464783e-02,-3.499987069517374039e-03,-7.169187664985656738e-01,6.946772933006286621e-01,-1.640045493841171265e-01,1.386073678731918335e-01,3.386448919773101807e-01,9.464299082756042480e-01,-6.535408496856689453e-01,1.347351670265197754e-01,-9.720049500465393066e-01,-1.777227073907852173e-01,1.348806824535131454e-02,2.137657642364501953e+00,-2.342479825019836426e-01,7.477001100778579712e-02,-8.819610625505447388e-02,8.465376496315002441e-02,3.869637548923492432e-01,-3.051609396934509277e-01,4.336667358875274658e-01,-1.239038705825805664e+00,3.285438716411590576e-01,5.888748168945312500e-01,2.258940041065216064e-01,3.636212944984436035e-01,-1.152205020189285278e-01,-4.909644424915313721e-01,4.606066048145294189e-01,-2.859580516815185547e-01,-3.713704049587249756e-01,-2.362209409475326538e-01,3.919975832104682922e-02
1.249220013618469238e+00,-3.404223680496215820e+00,7.324226498603820801e-01,-7.400282472372055054e-02,1.087921205908060074e-02,-7.095142602920532227e-01,7.007101774215698242e-01,-1.570589840412139893e-01,1.821061819791793823e-01,3.136171400547027588e-01,9.464173913002014160e-01,-6.777030825614929199e-01,1.311747878789901733e-01,-1.046202898025512695e+00,-1.596344113349914551e-01,-3.068207763135433197e-02,2.219477653503417969e+00,-2.209537774324417114e-01,6.312137842178344727e-02,-1.284962743520736694e-01,1.440936774015426636e-01,4.093441069126129150e-01,-1.857225447893142700e-01,4.309978187084197998e-01,-1.110499024391174316e+00,2.476796209812164307e-01,5.909041762351989746e-01,1.803891658782958984e-01,3.904164731502532959e-01,-1.655637770891189575e-01,-5.917257666587829590e-01,2.741330564022064209e-01,-4.103566408157348633e-01,-3.364276289939880371e-01,-2.445108592510223389e-01,1.238350849598646164e-02
1.250479578971862793e+00,-3.408663511276245117e+00,7.384781241416931152e-01,-9.240879118442535400e-02,3.031428530812263489e-02,-7.032564282417297363e-01,7.042528390884399414e-01,-1.567357480525970459e-01,2.316168993711471558e-01,2.751652002334594727e-01,9.385724663734436035e-01,-6.718930006027221680e-01,1.277908384799957275e-01,-1.069687128067016602e+00,-1.635742187500000000e-01,-1.199704110622406006e-01,2.211060047149658203e+00,-2.205270528793334961e-01,4.118176922202110291e-02,-1.605516672134399414e-01,2.137242555618286133e-01,4.383797645568847656e-01,-7.012884318828582764e-02,4.317387342453002930e-01,-1.025123476982116699e+00,2.191072404384613037e-01,5.159135460853576660e-01,1.399697959423065186e-01,4.545759260654449463e-01,-2.183399945497512817e-01,-6.434472799301147461e-01,4.967682063579559326e-02,-4.083397984504699707e-01,-1.980843693017959595e-01,-2.421884983777999878e-01,-6.733946502208709717e-02
1.252656698226928711e+00,-3.413242816925048828e+00,7.480956315994262695e-01,-9.755544364452362061e-02,4.430649802088737488e-02,-7.020680308341979980e-01,7.040030956268310547e-01,-1.447897404432296753e-01,2.463853508234024048e-01,2.571575939655303955e-01,8.855238556861877441e-01,-6.558530926704406738e-01,1.284570991992950439e-01,-1.070122480392456055e+00,-1.713114976882934570e-01,-2.058566808700561523e-01,2.131545066833496094e+00,-2.212971001863479614e-01,1.534476410597562790e-02,-1.748637109994888306e-01,2.479248493909835815e-01,4.466875195503234863e-01,5.158521980047225952e-02,4.399545788764953613e-01,-9.466952085494995117e-01,2.139183133840560913e-01,4.890906214714050293e-01,1.212545558810234070e-01,4.769217669963836670e-01,-2.812042534351348877e-01,-6.427826285362243652e-01,-1.338781416416168213e-01,-2.839439213275909424e-01,2.502325922250747681e-02,-2.283748537302017212e-01,-1.437899023294448853e-01
1.254995465278625488e+00,-3.417185544967651367e+00,7.615703344345092773e-01,-8.684169501066207886e-02,5.299600586295127869e-02,-7.047845125198364258e-01,7.020888328552246094e-01,-1.239661127328872681e-01,2.256809920072555542e-01,2.640143036842346191e-01,7.823694348335266113e-01,-6.213732361793518066e-01,1.319053918123245239e-01,-1.056966185569763184e+00,-1.613890826702117920e-01,-2.738812267780303955e-01,1.982734203338623047e+00,-2.101318836212158203e-01,1.393197569996118546e-02,-1.791562438011169434e-01,2.462189942598342896e-01,4.317676126956939697e-01,1.805873662233352661e-01,4.593489766120910645e-01,-8.280352354049682617e-01,1.739379018545150757e-01,5.287007093429565430e-01,1.085283160209655762e-01,4.112452864646911621e-01,-3.624689877033233643e-01,-6.033915281295776367e-01,-2.794315516948699951e-01,-8.420328050851821899e-02,9.371649473905563354e-02,-2.082065790891647339e-01,-2.710328698158264160e-01
1.258605241775512695e+00,-3.420650720596313477e+00,7.746674418449401855e-01,-6.396398693323135376e-02,5.744607746601104736e-02,-7.081190347671508789e-01,7.008394598960876465e-01,-1.073970645666122437e-01,1.730808466672897339e-01,2.788700461387634277e-01,6.569311022758483887e-01,-5.681402683258056641e-01,1.385210007429122925e-01,-1.034190297126770020e+00,-1.297390311956405640e-01,-3.063001036643981934e-01,1.771675109863281250e+00,-1.761323809623718262e-01,5.156061798334121704e-02,-1.851803809404373169e-01,2.231818288564682007e-01,4.009694457054138184e-01,3.051167726516723633e-01,4.801166057586669922e-01,-6.598166823387145996e-01,1.037388741970062256e-01,4.820020198822021484e-01,3.190772235393524170e-02,2.617990076541900635e-01,-4.534594118595123291e-01,-5.403944253921508789e-01,-3.456459045410156250e-01,1.500826030969619751e-01,4.625906050205230713e-02,-2.145363837480545044e-01,-4.939329922199249268e-01
1.264713644981384277e+00,-3.426466226577758789e+00,7.848178148269653320e-01,-3.694615885615348816e-02,5.116290226578712463e-02,-7.131030559539794922e-01,6.982129812240600586e-01,-6.878618150949478149e-02,9.073989093303680420e-02,3.040616810321807861e-01,5.139574408531188965e-01,-5.004165768623352051e-01,1.491905301809310913e-01,-9.725875258445739746e-01,-8.898519724607467651e-02,-2.915554046630859375e-01,1.505129098892211914e+00,-1.341229975223541260e-01,1.198823228478431702e-01,-1.734591126441955566e-01,1.852320879697799683e-01,3.710135519504547119e-01,3.689288496971130371e-01,4.847741425037384033e-01,-5.162848234176635742e-01,3.817507298663258553e-03,4.440188109874725342e-01,-3.329691011458635330e-03,9.501688182353973389e-02,-5.265697240829467773e-01,-4.711512625217437744e-01,-3.556345105171203613e-01,3.814619481563568115e-01,1.266022324562072754e-01,-2.279280573129653931e-01,-7.908318042755126953e-01
1.272931098937988281e+00,-3.434446573257446289e+00,7.926394939422607422e-01,-1.396971382200717926e-02,4.422953724861145020e-02,-7.207577228546142578e-01,6.916335225105285645e-01,-1.171418000012636185e-02,6.177133414894342422e-03,3.184310495853424072e-01,3.524806201457977295e-01,-4.244093000888824463e-01,1.497910916805267334e-01,-8.589778542518615723e-01,-7.191388309001922607e-02,-2.941982746124267578e-01,1.179230809211730957e+00,-1.642391458153724670e-02,1.476927548646926880e-01,-1.277597546577453613e-01,1.552303284406661987e-01,3.406404256820678711e-01,3.394199907779693604e-01,4.643127322196960449e-01,-4.171003103256225586e-01,-1.215236857533454895e-01,4.946003258228302002e-01,-2.313409186899662018e-02,-2.484664320945739746e-02,-5.345327854156494141e-01,-4.372673034667968750e-01,-3.594604134559631348e-01,5.737117528915405273e-01,4.566300213336944580e-01,-2.968662679195404053e-01,-9.612463712692260742e-01
1.277804613113403320e+00,-3.443371295928955078e+00,7.914659380912780762e-01,3.546864259988069534e-03,2.765514329075813293e-02,-7.313435077667236328e-01,6.814391613006591797e-01,2.705676294863224030e-02,-6.709741055965423584e-02,3.140708804130554199e-01,2.836565971374511719e-01,-3.781532943248748779e-01,1.442649811506271362e-01,-7.091423273086547852e-01,-9.055418521165847778e-02,-3.388017117977142334e-01,8.525636792182922363e-01,1.651295125484466553e-01,1.201765239238739014e-01,-6.570211797952651978e-02,1.156514286994934082e-01,3.130589425563812256e-01,2.408705502748489380e-01,4.000820815563201904e-01,-3.269484639167785645e-01,-2.537055611610412598e-01,6.001338362693786621e-01,-4.149670526385307312e-02,-1.238150373101234436e-01,-4.263755083084106445e-01,-4.694295227527618408e-01,-2.593684196472167969e-01,7.051604986190795898e-01,4.974266886711120605e-01,-2.078996300697326660e-01,-8.285646438598632812e-01
1.278203606605529785e+00,-3.450503110885620117e+00,7.868664264678955078e-01,1.433699298650026321e-02,1.963167637586593628e-02,-7.288347482681274414e-01,6.842579841613769531e-01,1.083183009177446365e-02,-8.874502778053283691e-02,2.998736202716827393e-01,3.326708376407623291e-01,-3.983583450317382812e-01,1.176212579011917114e-01,-5.669537782669067383e-01,-4.683177173137664795e-02,-3.259004354476928711e-01,6.621744036674499512e-01,-5.318311974406242371e-02,-3.466819971799850464e-02,-2.408339828252792358e-02,8.662585169076919556e-02,3.023123145103454590e-01,6.975886970758438110e-02,3.090512752532958984e-01,-2.523215115070343018e-01,-3.611145317554473877e-01,7.161583900451660156e-01,-6.899499893188476562e-02,-9.672329574823379517e-02,-2.595624625682830811e-01,-5.511178970336914062e-01,-2.018335275352001190e-02,6.745101809501647949e-01,2.534538507461547852e-01,-8.245878666639328003e-02,-4.749067723751068115e-01
1.271605491638183594e+00,-3.450734138488769531e+00,7.812457084655761719e-01,2.161846309900283813e-02,7.302125915884971619e-03,-7.067627310752868652e-01,7.070825695991516113e-01,-8.047545701265335083e-02,-7.729136943817138672e-02,3.068583309650421143e-01,5.340859293937683105e-01,-4.150187075138092041e-01,1.157836690545082092e-01,-4.659691154956817627e-01,-4.796629399061203003e-02,-3.274871110916137695e-01,5.387125015258789062e-01,-2.121691256761550903e-01,-1.327127069234848022e-01,-3.554598242044448853e-02,3.747438266873359680e-02,3.209351003170013428e-01,-1.417129486799240112e-01,2.201856821775436401e-01,-1.546141654253005981e-01,-3.962306082248687744e-01,6.842586994171142578e-01,-6.972856819629669189e-02,6.398885697126388550e-02,-1.014669090509414673e-01,-6.494962573051452637e-01,3.167057633399963379e-01,4.600209593772888184e-01,9.407722204923629761e-02,-6.355126947164535522e-02,-3.159831762313842773e-01
1.261321067810058594e+00,-3.449089050292968750e+00,7.766367197036743164e-01,9.240596555173397064e-03,7.108244113624095917e-03,-6.792337298393249512e-01,7.338294386863708496e-01,-2.672270238399505615e-01,8.618889376521110535e-03,2.958632707595825195e-01,8.965469002723693848e-01,-2.891224026679992676e-01,1.342132091522216797e-01,-4.036380350589752197e-01,-3.357092291116714478e-02,-3.926899135112762451e-01,4.767298996448516846e-01,-2.530866861343383789e-01,-1.779781132936477661e-01,-6.520126760005950928e-02,2.320817671716213226e-02,3.663543462753295898e-01,-3.336087763309478760e-01,1.853404492139816284e-01,-9.396416693925857544e-02,-3.083357512950897217e-01,5.660952925682067871e-01,-1.057683527469635010e-01,4.367330670356750488e-01,-2.665880136191844940e-03,-6.943818926811218262e-01,4.708368182182312012e-01,1.975191384553909302e-01,-5.447446927428245544e-02,-1.121751666069030762e-01,-1.542837172746658325e-01
1.253263592720031738e+00,-3.454905033111572266e+00,7.751089930534362793e-01,4.009375348687171936e-03,2.453444898128509521e-02,-6.607756614685058594e-01,7.501716613769531250e-01,-5.022594928741455078e-01,9.977371990680694580e-02,2.408030629158020020e-01,1.236327767372131348e+00,-9.476524591445922852e-02,-2.815040200948715210e-02,-3.941703140735626221e-01,1.310673914849758148e-02,-4.015628099441528320e-01,4.427122771739959717e-01,-2.954610288143157959e-01,-1.836380660533905029e-01,-1.324265152215957642e-01,4.628358781337738037e-02,3.819484710693359375e-01,-4.669169485569000244e-01,1.617241054773330688e-01,-6.472961604595184326e-02,-1.254463344812393188e-01,6.130726337432861328e-01,-1.299020946025848389e-01,9.477798342704772949e-01,5.368216708302497864e-02,-6.839084625244140625e-01,4.254764616489410400e-01,-4.300179705023765564e-02,-2.318865209817886353e-01,-2.184430807828903198e-01,1.901236921548843384e-01
1.250935196876525879e+00,-3.462332963943481445e+00,7.685288786888122559e-01,5.925006233155727386e-03,2.776331640779972076e-02,-6.497018933296203613e-01,7.596588134765625000e-01,-7.851312160491943359e-01,9.789411723613739014e-02,1.615677475929260254e-01,1.627813577651977539e+00,-6.792979687452316284e-02,-2.333126403391361237e-02,-4.122394025325775146e-01,4.510357975959777832e-03,-4.039767086505889893e-01,4.910975098609924316e-01,-3.348007798194885254e-01,-1.924682557582855225e-01,-2.140071690082550049e-01,5.408412963151931763e-02,3.905773460865020752e-01,-5.503104925155639648e-01,1.771140396595001221e-01,-7.625491172075271606e-02,6.336759030818939209e-02,5.250652432441711426e-01,-8.817611262202262878e-03,1.030868172645568848e+00,8.855467289686203003e-02,-6.591222882270812988e-01,3.215039968490600586e-01,-3.245270550251007080e-01,-3.110195398330688477e-01,-2.562573552131652832e-01,2.765558362007141113e-01
1.250825881958007812e+00,-3.469915866851806641e+00,7.610585093498229980e-01,-3.277987998444586992e-04,1.252689119428396225e-02,-6.465952396392822266e-01,7.627303600311279297e-01,-9.944917559623718262e-01,1.050478145480155945e-01,1.290679723024368286e-01,1.957548975944519043e+00,-8.805160224437713623e-02,1.085482724010944366e-02,-3.920237720012664795e-01,-1.792234741151332855e-02,-4.026110470294952393e-01,5.530235767364501953e-01,-3.745721280574798584e-01,-1.889409869909286499e-01,-2.706565856933593750e-01,5.615265294909477234e-02,4.252926707267761230e-01,-6.409505605697631836e-01,2.716388702392578125e-01,-3.484196364879608154e-01,3.127879798412322998e-01,1.326474100351333618e-01,1.468944698572158813e-01,1.009377002716064453e+00,7.995309680700302124e-02,-5.988107323646545410e-01,1.013579741120338440e-01,-5.505998134613037109e-01,-3.003958165645599365e-01,-2.815752923488616943e-01,1.640414893627166748e-01
1.253533482551574707e+00,-3.477508306503295898e+00,7.517570853233337402e-01,-1.136069372296333313e-02,-3.780135011766105890e-04,-6.485613584518432617e-01,7.610774636268615723e-01,-1.187466502189636230e+00,1.459309905767440796e-01,8.995214104652404785e-02,2.240784883499145508e+00,-1.371403038501739502e-01,5.234222486615180969e-02,-3.761262297630310059e-01,-4.361620172858238220e-02,-4.240157306194305420e-01,6.390222907066345215e-01,-4.244215786457061768e-01,-1.869482845067977905e-01,-2.998741269111633301e-01,6.556180864572525024e-02,4.568863511085510254e-01,-7.404237389564514160e-01,4.229188263416290283e-01,-7.356587052345275879e-01,6.427639126777648926e-01,-2.606676518917083740e-01,1.257828027009963989e-01,8.406795263290405273e-01,-4.426365252584218979e-03,-4.902261197566986084e-01,-1.551703512668609619e-01,-6.410040259361267090e-01,-1.773720085620880127e-01,-2.667654752731323242e-01,-2.483264775946736336e-03
1.260575056076049805e+00,-3.486477136611938477e+00,7.433413863182067871e-01,-2.334752120077610016e-02,-1.915203034877777100e-02,-6.682871580123901367e-01,7.432902455329895020e-01,-1.321144580841064453e+00,2.187558710575103760e-01,4.817200824618339539e-02,2.423580646514892578e+00,-1.686111539602279663e-01,1.126291602849960327e-01,-3.521066009998321533e-01,-5.920574441552162170e-02,-4.062665402889251709e-01,7.190349698066711426e-01,-4.640812277793884277e-01,-1.803794056177139282e-01,-2.896245121955871582e-01,4.932291060686111450e-02,4.931959211826324463e-01,-8.207769393920898438e-01,5.664517283439636230e-01,-1.128219008445739746e+00,8.424213528633117676e-01,-2.227096259593963623e-01,1.752335131168365479e-01,5.828012228012084961e-01,-1.584207266569137573e-01,-3.635444641113281250e-01,-3.913916647434234619e-01,-5.943846702575683594e-01,2.246360993012785912e-03,-2.760920822620391846e-01,-1.787783205509185791e-01
1.270142912864685059e+00,-3.496247529983520508e+00,7.399172186851501465e-01,-2.550315484404563904e-02,-3.486467525362968445e-02,-7.049015164375305176e-01,7.079886198043823242e-01,-1.387518048286437988e+00,3.480649590492248535e-01,1.047763414680957794e-02,2.476929903030395508e+00,-2.148185819387435913e-01,1.740081310272216797e-01,-3.461233675479888916e-01,-5.211585387587547302e-02,-3.295916318893432617e-01,7.649859786033630371e-01,-4.838564991950988770e-01,-1.702432781457901001e-01,-3.031332790851593018e-01,3.411043807864189148e-02,5.171605348587036133e-01,-7.488148808479309082e-01,6.514192819595336914e-01,-1.399999976158142090e+00,8.901649117469787598e-01,1.007219403982162476e-01,2.651514410972595215e-01,5.814522504806518555e-01,-3.521929085254669189e-01,-2.731573581695556641e-01,-5.348365902900695801e-01,-4.480222761631011963e-01,1.737339347600936890e-01,-2.893206477165222168e-01,-3.427099287509918213e-01
1.282771110534667969e+00,-3.507126569747924805e+00,7.450510263442993164e-01,-1.184106059372425079e-02,-3.208844363689422607e-02,-7.448110580444335938e-01,6.663982272148132324e-01,-1.393668532371520996e+00,4.291988611221313477e-01,2.072048373520374298e-03,2.380787849426269531e+00,-2.481164634227752686e-01,1.589466333389282227e-01,-3.655456602573394775e-01,-3.477777168154716492e-02,-2.471286356449127197e-01,7.490391135215759277e-01,-4.769961237907409668e-01,-1.493721306324005127e-01,-3.919023871421813965e-01,3.097812086343765259e-02,5.175594091415405273e-01,-5.356234908103942871e-01,6.711747050285339355e-01,-1.399999976158142090e+00,9.122705459594726562e-01,7.814866304397583008e-02,2.658849060535430908e-01,7.942061424255371094e-01,-5.566753745079040527e-01,-1.894301027059555054e-01,-5.376980900764465332e-01,-2.285906970500946045e-01,2.596800029277801514e-01,-2.616170644760131836e-01,-4.980540871620178223e-01
1.300177097320556641e+00,-3.512489795684814453e+00,7.547098398208618164e-01,-1.031074859201908112e-02,-4.482148587703704834e-02,-7.705076932907104492e-01,6.357693076133728027e-01,-1.304614663124084473e+00,4.723141491413116455e-01,5.598511174321174622e-02,2.200307607650756836e+00,-2.111243605613708496e-01,9.983133524656295776e-02,-3.585894405841827393e-01,-4.633546248078346252e-02,-1.716415733098983765e-01,7.351066470146179199e-01,-4.236306250095367432e-01,-1.152414903044700623e-01,-1.809548139572143555e-01,-1.131992693990468979e-02,4.750083684921264648e-01,-3.773857951164245605e-01,6.216736435890197754e-01,-1.353147745132446289e+00,9.034119248390197754e-01,-3.123579919338226318e-01,6.387726217508316040e-02,9.724883437156677246e-01,-5.820974707603454590e-01,-1.642359644174575806e-01,-6.417552828788757324e-01,7.610228657722473145e-02,4.241092503070831299e-01,-2.802148163318634033e-01,-7.210452556610107422e-01
1.318087100982666016e+00,-3.520821809768676758e+00,7.685545086860656738e-01,1.098904642276465893e-03,-4.186228290200233459e-02,-7.955477237701416016e-01,6.044420003890991211e-01,-1.162229776382446289e+00,4.491690993309020996e-01,9.874834120273590088e-02,1.898091316223144531e+00,-1.014998331665992737e-01,-5.211862549185752869e-02,-3.622707724571228027e-01,-6.161613762378692627e-02,-1.381383389234542847e-01,6.742507219314575195e-01,-3.666956424713134766e-01,-7.597340643405914307e-02,-1.086864396929740906e-01,-1.912712678313255310e-02,4.441886544227600098e-01,-1.470467597246170044e-01,5.250630378723144531e-01,-9.334128499031066895e-01,7.827212810516357422e-01,-3.504657447338104248e-01,3.635178133845329285e-02,9.010699391365051270e-01,-5.848520398139953613e-01,-2.745364904403686523e-01,-2.804800570011138916e-01,4.682639241218566895e-01,8.409551978111267090e-01,-3.324327170848846436e-01,-7.580328583717346191e-01
1.337514281272888184e+00,-3.533020019531250000e+00,7.822180390357971191e-01,1.478654425591230392e-02,-4.404675215482711792e-02,-8.211991786956787109e-01,5.687469840049743652e-01,-9.544661045074462891e-01,3.676423132419586182e-01,1.251059919595718384e-01,1.480490207672119141e+00,7.846646755933761597e-02,-2.027093172073364258e-01,-3.713469803333282471e-01,-1.233783885836601257e-01,-1.869294941425323486e-01,6.304007768630981445e-01,-3.154988586902618408e-01,-2.102603577077388763e-02,-2.631524577736854553e-03,-4.106258600950241089e-02,4.112851321697235107e-01,5.573756247758865356e-02,4.098353087902069092e-01,-5.886355042457580566e-01,6.280866265296936035e-01,-1.497060954570770264e-01,8.913029730319976807e-02,8.266080617904663086e-01,-5.498366355895996094e-01,-4.395644366741180420e-01,6.396345794200897217e-02,8.474115729331970215e-01,7.469158172607421875e-01,-1.075178533792495728e-01,-3.972055912017822266e-01
1.353817701339721680e+00,-3.549830675125122070e+00,7.895159125328063965e-01,2.769405394792556763e-02,-4.732454195618629456e-02,-8.527685403823852539e-01,5.194027423858642578e-01,-6.987399458885192871e-01,2.806894481182098389e-01,9.020664542913436890e-02,9.638460278511047363e-01,2.156500220298767090e-01,-1.339185535907745361e-01,-3.859417736530303955e-01,-2.195322364568710327e-01,-3.425123989582061768e-01,6.357389688491821289e-01,-3.133859634399414062e-01,3.760800510644912720e-02,1.372248977422714233e-01,-4.222770780324935913e-02,3.765066266059875488e-01,2.349514216184616089e-01,3.082580268383026123e-01,-3.921505212783813477e-01,4.485056102275848389e-01,-5.738270469009876251e-03,6.835296750068664551e-02,7.231612205505371094e-01,-5.479410886764526367e-01,-6.232188940048217773e-01,6.293640136718750000e-01,9.392003417015075684e-01,-7.940609939396381378e-03,4.722743295133113861e-03,-8.783224225044250488e-02
1.363573908805847168e+00,-3.570268630981445312e+00,7.883853912353515625e-01,3.643310815095901489e-02,-4.943909123539924622e-02,-8.823452591896057129e-01,4.665782749652862549e-01,-4.591022729873657227e-01,2.409793138504028320e-01,-5.179111845791339874e-03,5.096158981323242188e-01,4.051756858825683594e-01,-1.867383420467376709e-01,-3.893238008022308350e-01,-2.859300374984741211e-01,-4.577186405658721924e-01,6.920395493507385254e-01,-3.654892146587371826e-01,1.369711593724787235e-03,3.563303947448730469e-01,-5.443967506289482117e-02,3.634887337684631348e-01,3.812757134437561035e-01,2.842335104942321777e-01,-2.573413848876953125e-01,2.474742233753204346e-01,4.867210984230041504e-02,4.014382883906364441e-02,5.335454344749450684e-01,-5.560159683227539062e-01,-7.741146087646484375e-01,1.399999976158142090e+00,6.997970342636108398e-01,-3.625425696372985840e-01,-9.156440943479537964e-02,-2.688968777656555176e-01
1.369820356369018555e+00,-3.591611146926879883e+00,7.708057761192321777e-01,5.682528764009475708e-02,-3.337580338120460510e-02,-8.841454982757568359e-01,4.625405073165893555e-01,-3.483981788158416748e-01,1.815511286258697510e-01,-1.814115643501281738e-01,3.827313780784606934e-01,1.147954910993576050e-01,-2.617999911308288574e-01,-4.184639155864715576e-01,-2.836060225963592529e-01,-4.784533083438873291e-01,6.853112578392028809e-01,-4.445447325706481934e-01,-7.056277245283126831e-02,6.211684942245483398e-01,-6.756715476512908936e-02,3.617092370986938477e-01,4.425213038921356201e-01,3.746277689933776855e-01,-1.535356938838958740e-01,7.242567092180252075e-02,1.280200183391571045e-01,-4.332127794623374939e-02,3.304887115955352783e-01,-3.882565796375274658e-01,-8.841785192489624023e-01,1.399999976158142090e+00,4.612950682640075684e-01,-5.413938760757446289e-01,-1.407290995121002197e-01,-3.858822882175445557e-01
1.372399449348449707e+00,-3.601312160491943359e+00,7.562808394432067871e-01,2.391698956489562988e-02,-5.297771841287612915e-02,-9.170717597007751465e-01,3.944626152515411377e-01,-1.606898903846740723e-01,2.388662546873092651e-01,3.215358033776283264e-02,3.762238621711730957e-01,-1.339203715324401855e-01,-2.617999911308288574e-01,-4.249243140220642090e-01,-2.498313337564468384e-01,-3.628528118133544922e-01,8.152964711189270020e-01,-5.459634661674499512e-01,-9.780173748731613159e-02,5.022175312042236328e-01,-2.030747756361961365e-02,3.293552398681640625e-01,6.904009580612182617e-01,1.276735961437225342e-01,5.084410309791564941e-03,-9.404824674129486084e-02,2.266008257865905762e-01,-8.009079098701477051e-02,2.675364911556243896e-01,-4.200206398963928223e-01,-8.526598811149597168e-01,1.399999737739562988e+00,2.913723886013031006e-01,-4.809084832668304443e-01,-1.666887700557708740e-01,-3.555563092231750488e-01
1.373210549354553223e+00,-3.602564334869384766e+00,7.390296459197998047e-01,-1.029074075631797314e-03,-9.482175856828689575e-02,-9.241570234298706055e-01,3.700562119483947754e-01,-6.005397066473960876e-02,2.265726923942565918e-01,1.683264672756195068e-01,4.390571117401123047e-01,-2.614285349845886230e-01,-2.617999911308288574e-01,-4.442060887813568115e-01,-2.980940043926239014e-01,-2.479057908058166504e-01,9.858926534652709961e-01,-6.134678721427917480e-01,-7.918178290128707886e-02,4.163415431976318359e-01,-3.909547626972198486e-02,3.978824615478515625e-01,7.444069981575012207e-01,7.668785750865936279e-03,4.309396073222160339e-02,-1.897193193435668945e-01,2.933811247348785400e-01,-7.469465583562850952e-02,2.551684379577636719e-01,-3.257831037044525146e-01,-7.811312675476074219e-01,1.150231003761291504e+00,1.648260354995727539e-01,-3.686575889587402344e-01,-1.856651306152343750e-01,-2.889611423015594482e-01
1.373487472534179688e+00,-3.600051164627075195e+00,7.284923195838928223e-01,-5.495960358530282974e-03,-9.792657196521759033e-02,-9.013493657112121582e-01,4.218405783176422119e-01,-1.606697291135787964e-01,2.131988257169723511e-01,7.607022672891616821e-02,5.569776296615600586e-01,-3.054695427417755127e-01,-2.617999911308288574e-01,-4.233341217041015625e-01,-3.820725977420806885e-01,-3.307086825370788574e-01,1.047045946121215820e+00,-6.563223004341125488e-01,-6.463801860809326172e-02,2.628214657306671143e-01,-6.175848096609115601e-02,3.995935618877410889e-01,6.466091871261596680e-01,3.189462050795555115e-02,5.068757385015487671e-02,-2.177119851112365723e-01,3.259667158126831055e-01,-4.678042232990264893e-02,2.136988192796707153e-01,-1.659564226865768433e-01,-6.334540843963623047e-01,8.420303463935852051e-01,8.031614124774932861e-02,-3.138750493526458740e-01,-1.947671771049499512e-01,-2.631861269474029541e-01
1.372496724128723145e+00,-3.596380233764648438e+00,7.195135354995727539e-01,-1.105723995715379715e-02,-8.925154060125350952e-02,-8.764874935150146484e-01,4.729498624801635742e-01,-2.862217724323272705e-01,2.387494146823883057e-01,4.020464047789573669e-02,6.906507015228271484e-01,-3.053945600986480713e-01,-2.617999911308288574e-01,-3.832603096961975098e-01,-4.320365786552429199e-01,-4.334754049777984619e-01,1.075597047805786133e+00,-6.818572282791137695e-01,-5.528712272644042969e-02,1.375304758548736572e-01,-6.106200814247131348e-02,3.899881541728973389e-01,4.837167263031005859e-01,1.192983314394950867e-01,4.695466160774230957e-02,-2.290357053279876709e-01,3.970401585102081299e-01,-3.848431631922721863e-02,1.868571937084197998e-01,-1.277185231447219849e-02,-4.250331223011016846e-01,5.570871233940124512e-01,4.019309207797050476e-02,-3.013217449188232422e-01,-1.989759653806686401e-01,-2.800642848014831543e-01
1.368644237518310547e+00,-3.593120813369750977e+00,7.129116654396057129e-01,-2.568634971976280212e-02,-7.965993881225585938e-02,-8.538112640380859375e-01,5.138100981712341309e-01,-3.775831162929534912e-01,2.980829775333404541e-01,7.117985188961029053e-02,8.041096925735473633e-01,-2.685602605342864990e-01,-2.576489448547363281e-01,-3.217489421367645264e-01,-4.401189684867858887e-01,-5.226736664772033691e-01,1.087576150894165039e+00,-6.998594403266906738e-01,-5.827587097883224487e-02,3.797265142202377319e-02,-3.402825444936752319e-02,3.965621888637542725e-01,2.850319147109985352e-01,1.994127780199050903e-01,3.643274307250976562e-02,-2.559436857700347900e-01,4.817814826965332031e-01,-3.751530125737190247e-02,1.554650366306304932e-01,8.425460010766983032e-02,-2.315888851881027222e-01,3.521322906017303467e-01,2.465636841952800751e-02,-1.874419599771499634e-01,-1.678470075130462646e-01,-3.407922983169555664e-01
1.365885853767395020e+00,-3.591827630996704102e+00,7.068893909454345703e-01,-4.799530655145645142e-02,-7.471462339162826538e-02,-8.475680947303771973e-01,5.232040882110595703e-01,-3.891673982143402100e-01,3.393325507640838623e-01,4.868575558066368103e-02,8.602637648582458496e-01,-2.806610763072967529e-01,-2.612720131874084473e-01,-2.709434926509857178e-01,-4.080094993114471436e-01,-5.533207058906555176e-01,1.091424107551574707e+00,-7.058562636375427246e-01,-6.635069847106933594e-02,-9.898617863655090332e-03,1.796231837943196297e-03,4.293242990970611572e-01,6.588038802146911621e-02,2.555287480354309082e-01,1.979423873126506805e-02,-2.916682958602905273e-01,5.033745169639587402e-01,-3.932901844382286072e-02,1.528789401054382324e-01,1.182912141084671021e-01,-1.887115687131881714e-01,2.894015610218048096e-01,-1.706825755536556244e-02,1.916432380676269531e-02,-1.166965886950492859e-01,-3.670101165771484375e-01
