2.7852840423583984,0.3074340522289276,0.6317650675773621,-0.026110578328371048,-0.004619233310222626,-0.45364776253700256,-0.8907865285873413,-0.43028536438941956,-0.06,-0.13617493212223053,0.8906762599945068,0.1644073724746704,-0.4172811806201935,-0.7982555031776428,-0.27217617630958557,0.21097077429294586,1.3695584535598755,0.10175131261348724,-0.3603665828704834,0.673625648021698,-1.6506054401397705,0.03,-1.171876311302185,0.3739963173866272,0.4078269600868225,-0.32424747943878174,0.13550247251987457,0.4507809281349182
2.7886803150177,0.3083517551422119,0.6292383670806885,-0.026417599990963936,-0.0041490099392831326,-0.45617422461509705,-0.8894885182380676,-0.4349583685398102,-0.06,-0.14081181585788727,0.9135662317276001,0.16239102184772491,-0.43367937207221985,-0.8334380388259888,-0.25769057869911194,0.24608364701271057,1.379107117652893,0.1117226704955101,-0.3640690743923187,0.6584356427192688,-1.642547607421875,0.03,-1.1938389539718628,0.3871380388736725,0.39972758293151855,-0.32173222303390503,0.16411690413951874,0.45780861377716064
2.7923760414123535,0.3090149760246277,0.6265438795089722,-0.0268875639885664,-0.003792192554101348,-0.45871976017951965,-0.8881660103797913,-0.44003626704216003,-0.06,-0.14599332213401794,0.9371436834335327,0.15963031351566315,-0.45048391819000244,-0.865101158618927,-0.24601541459560394,0.2802794277667999,1.3803212642669678,0.12298065423965454,-0.3698413372039795,0.642687201499939,-1.6337276697158813,0.03,-1.21492338180542,0.39901018142700195,0.3915477991104126,-0.3215084373950958,0.19529348611831665,0.4648803174495697
2.796359062194824,0.30941298604011536,0.6236960887908936,-0.027513090521097183,-0.003648347919806838,-0.46116527915000916,-0.8868799805641174,-0.4456250071525574,-0.06,-0.15155242383480072,0.9611439108848572,0.15608616173267365,-0.46756160259246826,-0.8933735489845276,-0.23706071078777313,0.31313711404800415,1.3739670515060425,0.13509708642959595,-0.376521497964859,0.6270928382873535,-1.6240431070327759,0.03,-1.2335941791534424,0.41060709953308105,0.3826030492782593,-0.32352903485298157,0.22845976054668427,0.47100916504859924
2.800612688064575,0.30954694747924805,0.6207195520401001,-0.028347864747047424,-0.0038239711429923773,-0.46328139305114746,-0.8857493996620178,-0.4516678750514984,-0.06,-0.15702876448631287,0.9851123094558716,0.15174612402915955,-0.48475757241249084,-0.91822749376297,-0.23064115643501282,0.34397128224372864,1.3609962463378906,0.14590702950954437,-0.3829933702945709,0.6128082871437073,-1.612842321395874,0.03,-1.2489635944366455,0.42157626152038574,0.3727969527244568,-0.32779741287231445,0.2625356614589691,0.4753915071487427
2.8051209449768066,0.30940940976142883,0.6176139712333679,-0.029420211911201477,-0.004446855280548334,-0.46485793590545654,-0.8848851919174194,-0.45830675959587097,-0.06,-0.16200363636016846,1.008832335472107,0.14661289751529694,-0.5019960999488831,-0.9393857717514038,-0.226291686296463,0.3719441890716553,1.3423993587493896,0.1535453498363495,-0.3889946937561035,0.6010156869888306,-1.599644660949707,0.03,-1.2603824138641357,0.43156033754348755,0.362337589263916,-0.3340921401977539,0.296023428440094,0.478119820356369
2.8098690509796143,0.3090052008628845,0.6143402457237244,-0.03073500655591488,-0.005600770469754934,-0.4657914638519287,-0.8843427300453186,-0.4657677710056305,-0.06,-0.16619394719600677,1.0324467420578003,0.14077544212341309,-0.5194041728973389,-0.9564323425292969,-0.22349514067173004,0.3964823782444,1.319144368171692,0.15797288715839386,-0.39511677622795105,0.5924690961837769,-1.5847307443618774,0.03,-1.2676234245300293,0.4406983554363251,0.3519836962223053,-0.342164546251297,0.3280215561389923,0.4795635938644409
2.814854860305786,0.3083704710006714,0.6108445525169373,-0.0323241725564003,-0.0072634899988770485,-0.4660400152206421,-0.884143054485321,-0.4740280508995056,-0.06,-0.1693994104862213,1.0562235116958618,0.13431976735591888,-0.537214994430542,-0.969127357006073,-0.2219197005033493,0.4175504148006439,1.292322039604187,0.1599060446023941,-0.4021819829940796,0.5873802304267883,-1.568755865097046,0.03,-1.2713587284088135,0.4491085112094879,0.34294018149375916,-0.3517601490020752,0.35866814851760864,0.48050418496131897
2.820080041885376,0.30754944682121277,0.6070672273635864,-0.034238286316394806,-0.009380603209137917,-0.4655856192111969,-0.8842905759811401,-0.48295384645462036,-0.06,-0.17140866816043854,1.080431342124939,0.12745818495750427,-0.5557447075843811,-0.9776643514633179,-0.22138555347919464,0.43558451533317566,1.2631433010101318,0.15973171591758728,-0.4103584289550781,0.5854921936988831,-1.5523463487625122,0.03,-1.2729592323303223,0.45680683851242065,0.3362198770046234,-0.362695574760437,0.3886556625366211,0.48227640986442566
2.825532913208008,0.3065710961818695,0.6029205918312073,-0.0364794060587883,-0.01194093655794859,-0.4643275737762451,-0.8848313689231873,-0.49268868565559387,-0.06,-0.17213867604732513,1.1055829524993896,0.11993975192308426,-0.5752233266830444,-0.9823296666145325,-0.22160707414150238,0.45096972584724426,1.2318377494812012,0.15727533400058746,-0.4182591438293457,0.5864887237548828,-1.535888671875,0.03,-1.2738527059555054,0.463656485080719,0.33218255639076233,-0.3747078776359558,0.41830363869667053,0.48610708117485046
2.8311660289764404,0.3054548501968384,0.5982526540756226,-0.039072271436452866,-0.015008068643510342,-0.46219366788864136,-0.8857906460762024,-0.5037299394607544,-0.06,-0.17102602124214172,1.1325113773345947,0.11237394064664841,-0.5900000000000001,-0.9829888343811035,-0.22270792722702026,0.46341124176979065,1.1965528726577759,0.15206393599510193,-0.4236140549182892,0.5898045897483826,-1.5193514823913574,0.03,-1.2749369144439697,0.469452828168869,0.33044639229774475,-0.38754788041114807,0.4476310610771179,0.4923200309276581
2.836918830871582,0.3042035698890686,0.5928266048431396,-0.04195525497198105,-0.01864355057477951,-0.4590820074081421,-0.8872066736221313,-0.5168759226799011,-0.06,-0.16790618002414703,1.1625159978866577,0.10472298413515091,-0.5900000000000001,-0.9803404808044434,-0.22404655814170837,0.47232404351234436,1.1582982540130615,0.14545442163944244,-0.420971542596817,0.5947659611701965,-1.5029293298721313,0.03,-1.2770111560821533,0.4745086133480072,0.32983025908470154,-0.40112823247909546,0.47723230719566345,0.4999683201313019
2.8425371646881104,0.30293765664100647,0.5875071883201599,-0.04452675208449364,-0.022206909954547882,-0.4562626779079437,-0.8884528279304504,-0.529589831829071,-0.06,-0.16639991104602814,1.1913143396377563,0.09653089940547943,-0.5900000000000001,-0.9849523901939392,-0.21951927244663239,0.48002108931541443,1.150123953819275,0.16218456625938416,-0.3543398082256317,0.5974134802818298,-1.4861929416656494,0.03,-1.282932996749878,0.480608731508255,0.32837963104248047,-0.41457048058509827,0.5081548690795898,0.507911741733551
2.8482258319854736,0.30201640725135803,0.5829600095748901,-0.04727431759238243,-0.024352936074137688,-0.4551348090171814,-0.8888330459594727,-0.5364030599594116,-0.06,-0.16752807796001434,1.2153782844543457,0.08983071893453598,-0.5900000000000001,-0.9923315048217773,-0.21129168570041656,0.49056756496429443,1.16281259059906,0.17393676936626434,-0.30775898694992065,0.5939202308654785,-1.4679797887802124,0.03,-1.2952927350997925,0.4913589358329773,0.3241344094276428,-0.4275134205818176,0.541242241859436,0.5150437951087952
2.8536767959594727,0.30147042870521545,0.5795629024505615,-0.05021076649427414,-0.02548811584711075,-0.455238401889801,-0.8885871767997742,-0.5374760031700134,-0.06,-0.16939716041088104,1.232407569885254,0.0855926051735878,-0.5900000000000001,-0.9993059635162354,-0.20310989022254944,0.502914309501648,1.1873695850372314,0.19186964631080627,-0.3005363643169403,0.5853906869888306,-1.4475429058074951,0.03,-1.3104979991912842,0.5035771727561951,0.3155212700366974,-0.44126251339912415,0.5753991007804871,0.5157301425933838
2.8585352897644043,0.3010227084159851,0.5774834156036377,-0.05276242643594742,-0.026463590562343597,-0.45640239119529724,-0.8878133893013,-0.5358490943908691,-0.06,-0.17127612233161926,1.2414350509643555,0.08130306005477905,-0.5900000000000001,-1.0026881694793701,-0.19851304590702057,0.5114772915840149,1.2094097137451172,0.20991593599319458,-0.3180195391178131,0.5731465220451355,-1.42616605758667,0.03,-1.3234760761260986,0.5187520980834961,0.3018498122692108,-0.45522236824035645,0.6084323525428772,0.505225658416748
2.8629698753356934,0.30077821016311646,0.5766791105270386,-0.05506644770503044,-0.02683212421834469,-0.4586185812950134,-0.8865193128585815,-0.5300790071487427,-0.06,-0.17343947291374207,1.2424721717834473,0.07400871813297272,-0.5900000000000001,-1.0000426769256592,-0.1985311508178711,0.5138444304466248,1.2234143018722534,0.22492370009422302,-0.33266139030456543,0.5570365786552429,-1.406977653503418,0.03,-1.3347753286361694,0.5415503978729248,0.2847341299057007,-0.46795156598091125,0.6425078511238098,0.48669251799583435
2.867138147354126,0.3007938265800476,0.5769513845443726,-0.05724009871482849,-0.026705319061875343,-0.4614173471927643,-0.8849318027496338,-0.520612895488739,-0.06,-0.1769390106201172,1.2373713254928589,0.06703914701938629,-0.5900000000000001,-0.9923988580703735,-0.20227262377738953,0.5112416744232178,1.2306896448135376,0.23854251205921173,-0.3448276221752167,0.5382773280143738,-1.3914324045181274,0.03,-1.3440678119659424,0.566201388835907,0.2642287611961365,-0.48006120324134827,0.6797187924385071,0.46477243304252625
2.8710246086120605,0.3008458912372589,0.5779312252998352,-0.05896439775824547,-0.02687535621225834,-0.4641610085964203,-0.883377194404602,-0.510624885559082,-0.06,-0.18147343397140503,1.2281264066696167,0.05887876823544502,-0.5900000000000001,-0.9834604263305664,-0.20728269219398499,0.5060971975326538,1.2327290773391724,0.24,-0.353964239358902,0.518562912940979,-1.3766885995864868,0.03,-1.351503849029541,0.5829666256904602,0.23820194602012634,-0.49313151836395264,0.719521701335907,0.4383229911327362
2.8746142387390137,0.3007764518260956,0.5791997909545898,-0.060155726969242096,-0.02767454832792282,-0.4670064449310303,-0.8817710876464844,-0.5023261308670044,-0.06,-0.1865330934524536,1.2170441150665283,0.048902157694101334,-0.5900000000000001,-0.9757062792778015,-0.21327096223831177,0.49844425916671753,1.2317609786987305,0.24,-0.3621716797351837,0.49765267968177795,-1.359386920928955,0.03,-1.3585069179534912,0.5913358330726624,0.2072763592004776,-0.5063797831535339,0.7586151361465454,0.40741756558418274
2.878002405166626,0.30065837502479553,0.5806633830070496,-0.0611373707652092,-0.028669053688645363,-0.4705505073070526,-0.8797855377197266,-0.4952315092086792,-0.06,-0.1926756352186203,1.2060167789459229,0.043864257633686066,-0.5900000000000001,-0.9694595336914062,-0.2205810844898224,0.4887998402118683,1.23127281665802,0.24,-0.36836913228034973,0.47452181577682495,-1.3379682302474976,0.03,-1.3653368949890137,0.5967544317245483,0.17492538690567017,-0.517782986164093,0.795796275138855,0.37392643094062805
2.8812484741210938,0.3005453646183014,0.5821549296379089,-0.06207849457859993,-0.029623670503497124,-0.4749458134174347,-0.8773227334022522,-0.4883863031864166,-0.06,-0.1998801976442337,1.1944823265075684,0.03624517843127251,-0.5900000000000001,-0.9635701179504395,-0.22942999005317688,0.4774729609489441,1.2316017150878906,0.24,-0.37434121966362,0.44898882508277893,-1.3126614093780518,0.03,-1.369809627532959,0.6015485525131226,0.14314642548561096,-0.5262749791145325,0.832809567451477,0.33936184644699097
2.8843321800231934,0.30034753680229187,0.5834189057350159,-0.0628318041563034,-0.030807461589574814,-0.4804046154022217,-0.8742507100105286,-0.4839986264705658,-0.06,-0.20737770199775696,1.1847172975540161,0.028879791498184204,-0.5900000000000001,-0.9584492444992065,-0.2398485243320465,0.46473565697669983,1.2324751615524292,0.24,-0.38164883852005005,0.4204399287700653,-1.2846238613128662,0.03,-1.369795799255371,0.6051910519599915,0.11104598641395569,-0.5323819518089294,0.8719482421875,0.30400311946868896
2.8872132301330566,0.2999657690525055,0.5842768549919128,-0.06324118375778198,-0.032357096672058105,-0.4871056079864502,-0.8704490065574646,-0.4836253225803375,-0.06,-0.21429820358753204,1.1781034469604492,0.02162054367363453,-0.5900000000000001,-0.9554163217544556,-0.2512277662754059,0.45164796710014343,1.2355360984802246,0.24,-0.3899531662464142,0.3884914815425873,-1.2541167736053467,0.03,-1.3649945259094238,0.6086382269859314,0.07692456245422363,-0.5365837812423706,0.9144492149353027,0.26901084184646606
2.889963388442993,0.29939037561416626,0.5846993327140808,-0.06325545161962509,-0.03388146311044693,-0.4946022927761078,-0.8661519885063171,-0.4871547222137451,-0.06,-0.21839801967144012,1.1750544309616089,0.013797239400446415,-0.5900000000000001,-0.9533441066741943,-0.26261070370674133,0.43803325295448303,1.2405171394348145,0.24,-0.3991471230983734,0.35438019037246704,-1.2202417850494385,0.03,-1.3562500476837158,0.614524245262146,0.04014163836836815,-0.5385512113571167,0.960603654384613,0.23566675186157227
2.8926236629486084,0.2986448407173157,0.5846906304359436,-0.06292647868394852,-0.03501298651099205,-0.5025345683097839,-0.8615527749061584,-0.49280163645744324,-0.06,-0.2189328968524933,1.1754733324050903,0.004632966592907906,-0.5900000000000001,-0.9510446190834045,-0.2735236883163452,0.42362239956855774,1.2469385862350464,0.24,-0.4090458154678345,0.3189035654067993,-1.1823105812072754,0.03,-1.3434319496154785,0.6241559386253357,-5.164100730326027e-05,-0.5383746027946472,1.0108140707015991,0.20405004918575287
2.8951833248138428,0.29780668020248413,0.5843197107315063,-0.06243792176246643,-0.03567102551460266,-0.5104603171348572,-0.8568893074989319,-0.5003638863563538,-0.06,-0.21612218022346497,1.1787508726119995,-0.005366234574466944,-0.5900000000000001,-0.9482696056365967,-0.283585786819458,0.4091784358024597,1.254530429840088,0.24,-0.4194374680519104,0.2828608751296997,-1.1401569843292236,0.03,-1.3253414630889893,0.6373108625411987,-0.04487592354416847,-0.536457896232605,1.0650290250778198,0.17350564897060394
2.897617816925049,0.2969116270542145,0.5836374759674072,-0.06189177557826042,-0.03588336706161499,-0.5180788040161133,-0.8523356914520264,-0.5089268684387207,-0.06,-0.2099989354610443,1.1843022108078003,-0.014576599933207035,-0.5900000000000001,-0.9453186392784119,-0.29262563586235046,0.3950871527194977,1.26320481300354,0.24,-0.4300524592399597,0.24668541550636292,-1.094307780265808,0.03,-1.3010104894638062,0.6530556082725525,-0.0956331193447113,-0.5330461859703064,1.122204065322876,0.14220432937145233
2.899930953979492,0.29605141282081604,0.5827039480209351,-0.06145016476511955,-0.03550679236650467,-0.5252823233604431,-0.8479630947113037,-0.5172109007835388,-0.06,-0.20164573192596436,1.1915212869644165,-0.02211081236600876,-0.5900000000000001,-0.9423569440841675,-0.3013489842414856,0.38055336475372314,1.273482084274292,0.24,-0.4409228265285492,0.21037811040878296,-1.0450738668441772,0.03,-1.2704112529754639,0.6707432866096497,-0.15282680094242096,-0.5274407863616943,1.1802555322647095,0.10849566012620926
2.9021658897399902,0.2953035533428192,0.5815912485122681,-0.061232320964336395,-0.03438432514667511,-0.5317209362983704,-0.8440029621124268,-0.5239856839179993,-0.06,-0.19260045886039734,1.2000367641448975,-0.02926615998148918,-0.5900000000000001,-0.938123881816864,-0.3090800344944,0.36641260981559753,1.2844265699386597,0.24,-0.45201370120048523,0.17447763681411743,-0.9930362701416016,0.03,-1.234381079673767,0.6897887587547302,-0.21661897003650665,-0.5173606872558594,1.2369643449783325,0.07360780239105225
2.9043612480163574,0.29470282793045044,0.5803272128105164,-0.06129029020667076,-0.03256567195057869,-0.5373868346214294,-0.8404750823974609,-0.5282209515571594,-0.06,-0.18525806069374084,1.2094569206237793,-0.03477255627512932,-0.5900000000000001,-0.9323005080223083,-0.31567850708961487,0.35311159491539,1.2957301139831543,0.24,-0.4633343815803528,0.13896095752716064,-0.9395884871482849,0.03,-1.1943515539169312,0.7095059752464294,-0.28624239563941956,-0.5011246800422668,1.2891364097595215,0.038879938423633575
2.9065608978271484,0.2942976653575897,0.5789330005645752,-0.06165701895952225,-0.03024509735405445,-0.54212886095047,-0.8374841809272766,-0.5303705334663391,-0.06,-0.18079853057861328,1.2195839881896973,-0.038491129875183105,-0.5900000000000001,-0.9253674745559692,-0.32086652517318726,0.34133073687553406,1.307409644126892,0.24,-0.47492268681526184,0.10428483039140701,-0.886218249797821,0.03,-1.1519269943237305,0.7293116450309753,-0.36045026779174805,-0.4778660833835602,1.3337041139602661,0.006115395575761795
2.908813953399658,0.2941261827945709,0.5773993134498596,-0.06234433129429817,-0.027529416605830193,-0.5460140705108643,-0.8349992036819458,-0.5304084420204163,-0.06,-0.1800115555524826,1.2303380966186523,-0.04090213030576706,-0.5900000000000001,-0.9175671935081482,-0.3248015344142914,0.3310925364494324,1.3196587562561035,0.24,-0.48699572682380676,0.07047135382890701,-0.8336770534515381,0.03,-1.10918390750885,0.7494850754737854,-0.43734586238861084,-0.447374165058136,1.36800217628479,-0.023727290332317352
2.9111311435699463,0.29422158002853394,0.5757213830947876,-0.063398078083992,-0.024511048570275307,-0.549227774143219,-0.8329036831855774,-0.527997612953186,-0.06,-0.18401990830898285,1.2413126230239868,-0.04448999837040901,-0.5900000000000001,-0.9089898467063904,-0.3279126286506653,0.32238179445266724,1.3326032161712646,0.24,-0.49977385997772217,0.037404436618089676,-0.7820463180541992,0.04146764054894447,-1.068174958229065,0.7710421681404114,-0.5150300860404968,-0.409700870513916,1.3908052444458008,-0.04990703985095024
2.913499116897583,0.29462793469429016,0.5739406943321228,-0.06495730578899384,-0.021343661472201347,-0.5519145727157593,-0.8310927748680115,-0.522904634475708,-0.06,-0.1924048364162445,1.2519121170043945,-0.049515098333358765,-0.5900000000000001,-0.899777889251709,-0.3307884633541107,0.31547701358795166,1.3461755514144897,0.24,-0.5134064555168152,0.005262579768896103,-0.7311317920684814,0.0568886436522007,-1.030949354171753,0.794023334980011,-0.5919341444969177,-0.36524271965026855,1.4030500650405884,-0.07088097929954529
2.9160101413726807,0.2953033149242401,0.5721003413200378,-0.06693553924560547,-0.018158230930566788,-0.5541005730628967,-0.8295555114746094,-0.5157936811447144,-0.06,-0.20200727880001068,1.262005090713501,-0.05622297525405884,-0.5900000000000001,-0.8901209235191345,-0.33322829008102417,0.31022152304649353,1.360268473625183,0.24,-0.5277404189109802,-0.02538057416677475,-0.6812257766723633,0.07142921537160873,-0.9997454285621643,0.8164500594139099,-0.6666648387908936,-0.3142477869987488,1.4065877199172974,-0.08419382572174072
2.9187843799591064,0.29616525769233704,0.5702488422393799,-0.06914512813091278,-0.015009834431111813,-0.5560327172279358,-0.8281431794166565,-0.5074623823165894,-0.06,-0.2101723551750183,1.271369218826294,-0.06167948991060257,-0.5900000000000001,-0.8797721266746521,-0.3353598117828369,0.30539360642433167,1.374587059020996,0.24,-0.542890191078186,-0.05447431653738022,-0.6333829760551453,0.08484931290149689,-0.9769473075866699,0.8361535668373108,-0.7376939654350281,-0.25781357288360596,1.4026521444320679,-0.08893787860870361
2.9217612743377686,0.2972075939178467,0.5685012936592102,-0.07148389518260956,-0.011964568868279457,-0.5576975345611572,-0.8268737196922302,-0.49790021777153015,-0.06,-0.2181944102048874,1.2795909643173218,-0.06797441095113754,-0.5900000000000001,-0.8687379956245422,-0.33729973435401917,0.3005771040916443,1.38845956325531,0.24,-0.558341920375824,-0.08158355951309204,-0.5889773964881897,0.09655386954545975,-0.9642072319984436,0.8518162369728088,-0.8037350177764893,-0.19779330492019653,1.3919450044631958,-0.08550240844488144
2.9248814582824707,0.2983812987804413,0.5669584274291992,-0.07375577837228775,-0.009064868092536926,-0.5590665936470032,-0.8257858753204346,-0.4874716103076935,-0.06,-0.22542592883110046,1.286211371421814,-0.07394364476203918,-0.5900000000000001,-0.8570147752761841,-0.3388982117176056,0.2952331304550171,1.4010933637619019,0.24,-0.5735086798667908,-0.10657516866922379,-0.5490232110023499,0.10634573549032211,-0.9615340232849121,0.8624765872955322,-0.8639702796936035,-0.1358547806739807,1.3752059936523438,-0.07511533051729202
2.9280035495758057,0.2995985150337219,0.5656927824020386,-0.07568369060754776,-0.006465982645750046,-0.5602346062660217,-0.8248437643051147,-0.4771430194377899,-0.06,-0.23245960474014282,1.2912217378616333,-0.07992879301309586,-0.5900000000000001,-0.8452239632606506,-0.34011054039001465,0.28904351592063904,1.4118565320968628,0.24,-0.587600588798523,-0.1295022815465927,-0.5137525796890259,0.11433182656764984,-0.9679294228553772,0.8666396141052246,-0.9178816080093384,-0.07444129884243011,1.35317862033844,-0.06018013879656792
2.9309637546539307,0.3007012605667114,0.5646705031394958,-0.07688234001398087,-0.004384598229080439,-0.5613781809806824,-0.8239687085151672,-0.4688403308391571,-0.06,-0.23954367637634277,1.2955049276351929,-0.08517618477344513,-0.5900000000000001,-0.8346902132034302,-0.34083086252212524,0.2816823124885559,1.42062509059906,0.24,-0.5900000000000001,-0.15005123615264893,-0.482914537191391,0.12037894129753113,-0.9823410511016846,0.863333523273468,-0.9654607772827148,-0.03,1.3267289400100708,-0.04231131821870804
2.933670997619629,0.3016202449798584,0.5638928413391113,-0.07729633897542953,-0.0029264893382787704,-0.5624251961708069,-0.8232220411300659,-0.46664831042289734,-0.06,-0.2464311420917511,1.3053789138793945,-0.08889352530241013,-0.5900000000000001,-0.8261900544166565,-0.34089553356170654,0.2736639678478241,1.4273804426193237,0.24,-0.5900000000000001,-0.16730761528015137,-0.45525529980659485,0.1242435947060585,-1.0030441284179688,0.8523558974266052,-1.0078903436660767,-0.03,1.298845887184143,-0.02081218548119068
2.9360246658325195,0.3024670481681824,0.5634607076644897,-0.07738861441612244,-0.0019245551666244864,-0.5629822015762329,-0.8228355050086975,-0.47128114104270935,-0.06,-0.2555617392063141,1.3249807357788086,-0.09683184325695038,-0.5900000000000001,-0.8191314339637756,-0.34041088819503784,0.2664419114589691,1.4317944049835205,0.24,-0.5900000000000001,-0.17966660857200623,-0.42957791686058044,0.12483718991279602,-1.0284756422042847,0.8357482552528381,-1.0456428527832031,-0.03,1.273903727531433,0.007581234443932772
2.9381024837493896,0.30327150225639343,0.5634863376617432,-0.0774640291929245,-0.0010436095762997866,-0.5625655055046082,-0.8231149315834045,-0.4810158312320709,-0.06,-0.2640923857688904,1.3526906967163086,-0.10589026659727097,-0.5900000000000001,-0.8123919367790222,-0.33882150053977966,0.26054784655570984,1.4334766864776611,0.24,-0.5900000000000001,-0.18541939556598663,-0.40656086802482605,0.12141203880310059,-1.0578123331069946,0.816757321357727,-1.0767498016357422,-0.03,1.2547216415405273,0.04831140115857124
2.940040111541748,0.3038986921310425,0.5639411211013794,-0.07744818925857544,-0.00018759856175165623,-0.5614239573478699,-0.8238961100578308,-0.49365055561065674,-0.06,-0.26898619532585144,1.382751703262329,-0.11321496218442917,-0.5900000000000001,-0.8057292699813843,-0.3363151550292969,0.25479811429977417,1.4326913356781006,0.24,-0.5900000000000001,-0.18487225472927094,-0.38860881328582764,0.11399798095226288,-1.0903246402740479,0.7972036004066467,-1.0990822315216064,-0.03,1.2411434650421143,0.10341881960630417
2.941892385482788,0.3042522966861725,0.564792811870575,-0.077214814722538,0.0006712627946399152,-0.559834361076355,-0.8249985575675964,-0.5067408680915833,-0.06,-0.2720052897930145,1.410305142402649,-0.11646773666143417,-0.5900000000000001,-0.7990472912788391,-0.3330097794532776,0.24840320646762848,1.42958402633667,0.2358342558145523,-0.5900000000000001,-0.1785162091255188,-0.37847819924354553,0.10392247140407562,-1.1266003847122192,0.7746384739875793,-1.1116018295288086,-0.03,1.230603814125061,0.1734180897474289
2.9437038898468018,0.30429789423942566,0.5659835934638977,-0.07672069221735,0.0016517386538907886,-0.5580012798309326,-0.8262842297554016,-0.5174877643585205,-0.06,-0.2745454013347626,1.4317456483840942,-0.12454423308372498,-0.5900000000000001,-0.7919909358024597,-0.32916995882987976,0.24052534997463226,1.4243992567062378,0.22954849898815155,-0.5900000000000001,-0.1665329486131668,-0.3788473904132843,0.09345701336860657,-1.1678608655929565,0.7430673837661743,-1.1138750314712524,-0.03,1.2202773094177246,0.2588409185409546
2.9455080032348633,0.3040178120136261,0.5674524307250977,-0.07587805390357971,0.0027204519137740135,-0.5559847950935364,-0.8277172446250916,-0.5253795981407166,-0.06,-0.2774769365787506,1.4463049173355103,-0.13133008778095245,-0.5900000000000001,-0.7847651839256287,-0.324617475271225,0.2311265915632248,1.4174129962921143,0.2220071405172348,-0.5900000000000001,-0.1489425152540207,-0.3918639123439789,0.08452575653791428,-1.2135815620422363,0.6963023543357849,-1.1057153940200806,-0.03,1.2088265419006348,0.35724231600761414
2.9473161697387695,0.30340495705604553,0.5691208839416504,-0.07455489039421082,0.003696468658745289,-0.5539674758911133,-0.829184889793396,-0.5314639210700989,-0.06,-0.28119927644729614,1.4553413391113281,-0.13857430219650269,-0.5900000000000001,-0.7779892683029175,-0.3194132447242737,0.22019876539707184,1.4090118408203125,0.21330387890338898,-0.5900000000000001,-0.12649859488010406,-0.41897401213645935,0.07751062512397766,-1.2608829736709595,0.6317203044891357,-1.0868566036224365,-0.03,1.195634365081787,0.46293774247169495
2.9491403102874756,0.3025134205818176,0.5708605051040649,-0.07270965725183487,0.004497107118368149,-0.552163302898407,-0.8305471539497375,-0.5365062952041626,-0.06,-0.2866072952747345,1.4602065086364746,-0.14610382914543152,-0.5731248259544373,-0.7719322443008423,-0.31376656889915466,0.2077932208776474,1.3998349905014038,0.2037021666765213,-0.5900000000000001,-0.10063264518976212,-0.46031275391578674,0.07174401730298996,-1.305378794670105,0.550062358379364,-1.0569043159484863,-0.03,1.1801111698150635,0.5688145160675049
2.951009750366211,0.30142074823379517,0.5725204944610596,-0.0703933835029602,0.005094239022582769,-0.5507699847221375,-0.8316676616668701,-0.5407137274742126,-0.06,-0.2942638099193573,1.4619042873382568,-0.15446126461029053,-0.5598952770233154,-0.7667075395584106,-0.30792713165283203,0.19413961470127106,1.390727162361145,0.19363196194171906,-0.5900000000000001,-0.07324954867362976,-0.5146176815032959,0.06645777076482773,-1.34245765209198,0.4545644521713257,-1.0166869163513184,-0.03,1.1631841659545898,0.6692383885383606
2.952928304672241,0.3002040684223175,0.5740169882774353,-0.06766851246356964,0.0054086740128695965,-0.5498858690261841,-0.8324764966964722,-0.5442996025085449,-0.06,-0.3039749562740326,1.4609699249267578,-0.1627562940120697,-0.5510082840919495,-0.7625294923782349,-0.30208665132522583,0.17967531085014343,1.3822118043899536,0.18352104723453522,-0.5900000000000001,-0.046239204704761505,-0.5790537595748901,0.060336679220199585,-1.3679946660995483,0.35217025876045227,-0.9685407876968384,-0.03,1.147915244102478,0.759056568145752
2.954885959625244,0.2989513576030731,0.5753657221794128,-0.06460883468389511,0.005465710069984198,-0.5495750308036804,-0.8329243659973145,-0.5473440289497375,-0.06,-0.31504011154174805,1.4578279256820679,-0.17123788595199585,-0.5458836555480957,-0.7590258121490479,-0.29655078053474426,0.16435420513153076,1.3742218017578125,0.1735168844461441,-0.5900000000000001,-0.021579405292868614,-0.6495732665061951,0.052370328456163406,-1.379159688949585,0.25208067893981934,-0.9150850176811218,-0.03,1.1377557516098022,0.8322214484214783
2.9569168090820312,0.29773491621017456,0.5766199231147766,-0.06136329844594002,0.005474756937474012,-0.549954354763031,-0.8329194784164429,-0.5496068596839905,-0.06,-0.3270683288574219,1.452929973602295,-0.17922312021255493,-0.5436564087867737,-0.7550602555274963,-0.2917327582836151,0.14761687815189362,1.3664968013763428,0.1636902242898941,-0.5900000000000001,-0.0013230085605755448,-0.7219190001487732,0.04352930933237076,-1.3757222890853882,0.1608680933713913,-0.858976423740387,-0.0397271066904068,1.1343783140182495,0.8870227932929993
2.9590399265289307,0.29660481214523315,0.5777730345726013,-0.058149028569459915,0.005631661973893642,-0.551024854183197,-0.8324412107467651,-0.5509036779403687,-0.06,-0.33995315432548523,1.4470866918563843,-0.1867610365152359,-0.5433334708213806,-0.7498985528945923,-0.28785333037376404,0.1295156627893448,1.3591623306274414,0.15424244105815887,-0.5900000000000001,0.013337964192032814,-0.7926430702209473,0.03553282842040062,-1.3600329160690308,0.08212943375110626,-0.8025879859924316,-0.07180914282798767,1.1368244886398315,0.9251016974449158
2.9612159729003906,0.29557469487190247,0.5787277817726135,-0.055151358246803284,0.005900764837861061,-0.5526127219200134,-0.8315903544425964,-0.551683783531189,-0.06,-0.3535401523113251,1.4415085315704346,-0.19421252608299255,-0.5440452098846436,-0.7441641688346863,-0.2848622798919678,0.11115558445453644,1.352931022644043,0.14541539549827576,-0.5900000000000001,0.022432614117860794,-0.8599196672439575,0.03,-1.3357353210449219,0.016847005113959312,-0.7482492327690125,-0.09828943014144897,1.1433666944503784,0.9486122131347656
2.9633731842041016,0.2946557402610779,0.5794351100921631,-0.05252517759799957,0.0062081352807581425,-0.5544103384017944,-0.830561101436615,-0.5523992776870728,-0.06,-0.36696386337280273,1.4371135234832764,-0.20137786865234375,-0.5449602603912354,-0.7386153936386108,-0.28253626823425293,0.09388619661331177,1.3482215404510498,0.13745403289794922,-0.5900000000000001,0.026528185233473778,-0.9223442673683167,0.03,-1.3054627180099487,-0.03361960127949715,-0.6981326341629028,-0.12019314616918564,1.1536445617675781,0.9556459784507751
2.9654347896575928,0.2938488721847534,0.5799457430839539,-0.05034638196229935,0.006527530960738659,-0.5560380220413208,-0.8296049237251282,-0.5537188053131104,-0.06,-0.37886667251586914,1.434926152229309,-0.20888322591781616,-0.5444018244743347,-0.7336333394050598,-0.28047454357147217,0.07868706434965134,1.3448148965835571,0.13040266931056976,-0.5900000000000001,0.02589881233870983,-0.9776840209960938,0.03,-1.2700867652893066,-0.0666288435459137,-0.6548789143562317,-0.13820156455039978,1.1685199737548828,0.9430664777755737
2.9673471450805664,0.2931244969367981,0.5802866816520691,-0.048633042722940445,0.006791820749640465,-0.5571982264518738,-0.8289262056350708,-0.5568547248840332,-0.06,-0.38781866431236267,1.4362658262252808,-0.21514935791492462,-0.5407612323760986,-0.7297723889350891,-0.2783971130847931,0.06620673090219498,1.342603325843811,0.12401928007602692,-0.5900000000000001,0.02059212327003479,-1.0233545303344727,0.03,-1.2296983003616333,-0.07960408926010132,-0.6217233538627625,-0.15115803480148315,1.1905676126480103,0.9122254252433777
2.9690489768981934,0.2924629747867584,0.5804283022880554,-0.04757042974233627,0.0069269645027816296,-0.557891845703125,-0.8285201787948608,-0.561455488204956,-0.06,-0.3938133120536804,1.440686583518982,-0.2192022204399109,-0.5345425009727478,-0.7274709939956665,-0.27672526240348816,0.057061806321144104,1.3419649600982666,0.11842865496873856,-0.5900000000000001,0.010153516195714474,-1.0559335947036743,0.03,-1.1837393045425415,-0.06996121257543564,-0.6028128266334534,-0.15853078663349152,1.2241147756576538,0.8645226955413818
2.9705753326416016,0.2918919622898102,0.5803748965263367,-0.04742864891886711,0.0071474965661764145,-0.5580797791481018,-0.8283998370170593,-0.5648815035820007,-0.06,-0.39628827571868896,1.4455852508544922,-0.220351904630661,-0.5286129713058472,-0.7259956002235413,-0.2757831811904907,0.05123722925782204,1.3431271314620972,0.11346200108528137,-0.5900000000000001,-0.004741085227578878,-1.0728663206100464,0.035619162023067474,-1.1323680877685547,-0.03638939931988716,-0.6008256673812866,-0.16077546775341034,1.269360065460205,0.7998346090316772
2.972038507461548,0.2914395034313202,0.5801539421081543,-0.04820237681269646,0.007700701244175434,-0.5575952529907227,-0.8286765217781067,-0.5648914575576782,-0.06,-0.39477598667144775,1.4486428499221802,-0.21820688247680664,-0.5260800719261169,-0.7246031165122986,-0.27535656094551086,0.047960396856069565,1.3460580110549927,0.10801712423563004,-0.5900000000000001,-0.02235814929008484,-1.0745463371276855,0.044698458164930344,-1.077528476715088,0.018552148714661598,-0.616386890411377,-0.15733028948307037,1.3214963674545288,0.7203551530838013
2.973483085632324,0.2910940945148468,0.5797395706176758,-0.04964659735560417,0.008457859046757221,-0.5564084053039551,-0.8293811678886414,-0.5620185136795044,-0.06,-0.38971400260925293,1.4500277042388916,-0.21354885399341583,-0.5271189212799072,-0.7238879203796387,-0.2754737436771393,0.04636955261230469,1.3509196043014526,0.10058362036943436,-0.5900000000000001,-0.04174140468239784,-1.0627974271774292,0.05838421732187271,-1.0221896171569824,0.08951465785503387,-0.6490525603294373,-0.14664575457572937,1.374708890914917,0.6299273371696472
2.9748923778533936,0.2908385396003723,0.5791020393371582,-0.05150742456316948,0.009128767065703869,-0.5544624924659729,-0.8305630683898926,-0.5583643317222595,-0.06,-0.3818795680999756,1.451779842376709,-0.20812182128429413,-0.5294374823570251,-0.7248737812042236,-0.2755412757396698,0.0471375472843647,1.357651710510254,0.0919867753982544,-0.5900000000000001,-0.06212741509079933,-1.038764476776123,0.07736644893884659,-0.9691223502159119,0.1705920547246933,-0.6966558694839478,-0.12784630060195923,1.4227694272994995,0.531603991985321
2.9762678146362305,0.2907411456108093,0.578308641910553,-0.05369393154978752,0.009769161231815815,-0.5517273545265198,-0.8322369456291199,-0.5547890663146973,-0.06,-0.37183886766433716,1.4553992748260498,-0.20263707637786865,-0.5308521389961243,-0.7268415093421936,-0.27486199140548706,0.05070658400654793,1.365452766418457,0.08402784913778305,-0.5900000000000001,-0.0825190320611,-1.0021384954452515,0.10013285279273987,-0.919610857963562,0.25657567381858826,-0.7548332214355469,-0.10192544758319855,1.4592140913009644,0.4269999563694
2.977625608444214,0.2908896207809448,0.5774603486061096,-0.056136664003133774,0.010566098615527153,-0.5484615564346313,-0.8342223167419434,-0.5513206124305725,-0.06,-0.36100801825523376,1.461509108543396,-0.1978752315044403,-0.5299847722053528,-0.7283061146736145,-0.2733956575393677,0.056336525827646255,1.3734312057495117,0.0778169184923172,-0.5900000000000001,-0.10221365094184875,-0.9529775977134705,0.12320482730865479,-0.8731629848480225,0.3424338698387146,-0.8183436989784241,-0.07080734521150589,1.478948712348938,0.31909507513046265
2.978933572769165,0.29127249121665955,0.5766004323959351,-0.05864139273762703,0.011257964186370373,-0.5451630353927612,-0.8362007141113281,-0.5489477515220642,-0.06,-0.3514295816421509,1.4701000452041626,-0.19524963200092316,-0.525888979434967,-0.7296413779258728,-0.27200445532798767,0.06291046738624573,1.381443977355957,0.07277756929397583,-0.5900000000000001,-0.12102513015270233,-0.8938246369361877,0.14309966564178467,-0.82852703332901,0.42353400588035583,-0.8833106160163879,-0.035818006843328476,1.4818792343139648,0.21353495121002197
2.980172634124756,0.2918379604816437,0.5757975578308105,-0.06100746989250183,0.011539047583937645,-0.5421633124351501,-0.8379760384559631,-0.5481095910072327,-0.06,-0.34415292739868164,1.4799749851226807,-0.19403155148029327,-0.5191527009010315,-0.7315191626548767,-0.2713208496570587,0.06950317323207855,1.3892457485198975,0.06801062077283859,-0.5900000000000001,-0.13878849148750305,-0.8283072113990784,0.15789642930030823,-0.785344123840332,0.4974617660045624,-0.9469935894012451,-0.03,1.4719581604003906,0.11482854932546616
2.981402635574341,0.29253914952278137,0.5751363635063171,-0.06306607276201248,0.0114282900467515,-0.5394344925880432,-0.8395845890045166,-0.5477265119552612,-0.06,-0.338214635848999,1.4889004230499268,-0.1943640559911728,-0.5119225978851318,-0.733557939529419,-0.2706912159919739,0.07589774578809738,1.396089792251587,0.06413690745830536,-0.5900000000000001,-0.15515528619289398,-0.759787380695343,0.1677335798740387,-0.7452685236930847,0.5631741285324097,-1.0072990655899048,-0.03,1.453586459159851,0.026039088144898415
2.9826691150665283,0.29332756996154785,0.5746772885322571,-0.06472247838973999,0.01100928895175457,-0.5369871258735657,-0.8410317301750183,-0.5468351244926453,-0.06,-0.33307579159736633,1.495298147201538,-0.19544221460819244,-0.5060572028160095,-0.7351067662239075,-0.2693307399749756,0.08225402235984802,1.4012644290924072,0.06267980486154556,-0.5900000000000001,-0.17027553915977478,-0.69073486328125,0.17375288903713226,-0.7108842730522156,0.6194668412208557,-1.0638482570648193,-0.03,1.4306546449661255,-0.049501676112413406
2.9839718341827393,0.2941555082798004,0.5744750499725342,-0.0659966841340065,0.010294375009834766,-0.534957230091095,-0.8422346115112305,-0.5452271103858948,-0.06,-0.3287948668003082,1.4985554218292236,-0.1965724527835846,-0.5018613934516907,-0.7357672452926636,-0.2670789062976837,0.08872654289007187,1.404316782951355,0.06477900594472885,-0.5900000000000001,-0.18436019122600555,-0.6230959296226501,0.1770690232515335,-0.6858766674995422,0.6648332476615906,-1.1177300214767456,-0.03,1.405871868133545,-0.10833559185266495
2.985257148742676,0.2949675917625427,0.5745567679405212,-0.06698285788297653,0.009190094657242298,-0.5334228873252869,-0.8431422114372253,-0.5435941219329834,-0.06,-0.3255768120288849,1.4992387294769287,-0.19822485744953156,-0.49798470735549927,-0.7358232140541077,-0.26419976353645325,0.09563854336738586,1.405191421508789,0.07066040486097336,-0.5900000000000001,-0.1968664824962616,-0.5592992305755615,0.17783062160015106,-0.674717366695404,0.6992291212081909,-1.1702100038528442,-0.03,1.3799773454666138,-0.14738067984580994
2.9863264560699463,0.295803964138031,0.5749208331108093,-0.06780978292226791,0.00789298489689827,-0.5324223637580872,-0.8437215089797974,-0.5423251390457153,-0.06,-0.32348203659057617,1.4985580444335938,-0.20022687315940857,-0.4930517375469208,-0.7350187301635742,-0.2614281475543976,0.10278063267469406,1.4039913415908813,0.07950961589813232,-0.5900000000000001,-0.20489293336868286,-0.502402663230896,0.1744588166475296,-0.6831979751586914,0.7242372035980225,-1.2200816869735718,-0.03,1.3523797988891602,-0.14999999999999997
2.987208843231201,0.296526700258255,0.5754057168960571,-0.06862115114927292,0.006623497698456049,-0.5320397615432739,-0.8439081311225891,-0.5421006679534912,-0.06,-0.3224546015262604,1.498060703277588,-0.20179030299186707,-0.4864308834075928,-0.7333782911300659,-0.25909075140953064,0.10968773812055588,1.4016529321670532,0.09062790870666504,-0.5900000000000001,-0.20865730941295624,-0.45615458488464355,0.16774766147136688,-0.7125244736671448,0.7417817115783691,-1.2621409893035889,-0.03,1.3257235288619995,-0.14999999999999997
2.987968683242798,0.29697054624557495,0.5758239030838013,-0.0694669708609581,0.005347609519958496,-0.5317934155464172,-0.8440032601356506,-0.5426048040390015,-0.06,-0.32079675793647766,1.4974392652511597,-0.2017892748117447,-0.4802343249320984,-0.7330906391143799,-0.25743794441223145,0.11609381437301636,1.400452971458435,0.09950634092092514,-0.5900000000000001,-0.2078685611486435,-0.4250951409339905,0.15739943087100983,-0.7622122764587402,0.7536346912384033,-1.2892311811447144,-0.03,1.30291748046875,-0.1287265568971634
2.9883615970611572,0.29720866680145264,0.5760911107063293,-0.07038561254739761,0.0039550852961838245,-0.5310051441192627,-0.8444309830665588,-0.542535126209259,-0.06,-0.31588101387023926,1.4952399730682373,-0.20100635290145874,-0.4773348569869995,-0.7361024022102356,-0.2591155469417572,0.11909167468547821,1.4008066654205322,0.09685777872800827,-0.5900000000000001,-0.2002876251935959,-0.4098103940486908,0.14181707799434662,-0.8269995450973511,0.7572546005249023,-1.2970398664474487,-0.03,1.2830034494400024,-0.05399244651198387
2.988539934158325,0.29701748490333557,0.5762442946434021,-0.07085978239774704,0.002479582792147994,-0.5295022130012512,-0.8453401923179626,-0.5425273180007935,-0.06,-0.3086433410644531,1.4911062717437744,-0.20026883482933044,-0.4785432815551758,-0.7414069771766663,-0.25730451941490173,0.1254274696111679,1.4013986587524414,0.09753058105707169,-0.5900000000000001,-0.185573011636734,-0.40948548913002014,0.12315041571855545,-0.8984808325767517,0.747238278388977,-1.2856061458587646,-0.03,1.2609831094741821,0.04112589731812477
2.98846173286438,0.2966332733631134,0.5762531757354736,-0.07112356275320053,0.0012268073623999953,-0.5277807712554932,-0.8463965654373169,-0.5421227216720581,-0.06,-0.30075016617774963,1.4864301681518555,-0.19882209599018097,-0.48225605487823486,-0.7475247979164124,-0.25528618693351746,0.13115356862545013,1.4022997617721558,0.0965685173869133,-0.5900000000000001,-0.16523954272270203,-0.423727422952652,0.10322227329015732,-0.9698774218559265,0.7196487188339233,-1.2569838762283325,-0.03,1.2340775728225708,0.14932537078857422
2.988264560699463,0.2961127460002899,0.5760813355445862,-0.07108940929174423,0.0002652935218065977,-0.5264415740966797,-0.8472339510917664,-0.5428590178489685,-0.06,-0.29520994424819946,1.4836773872375488,-0.19842040538787842,-0.485784649848938,-0.7534217834472656,-0.25296854972839355,0.1359357386827469,1.4036756753921509,0.09609247744083405,-0.5900000000000001,-0.14198702573776245,-0.452411025762558,0.08419805020093918,-1.0356779098510742,0.6740142703056335,-1.21518874168396,-0.03,1.2026959657669067,0.2675500512123108
2.9881014823913574,0.2955152094364166,0.5757309198379517,-0.07054818421602249,-0.0003710910095833242,-0.5259621739387512,-0.847576916217804,-0.5457643270492554,-0.06,-0.2941514849662781,1.483959674835205,-0.20049095153808594,-0.48796337842941284,-0.7583305239677429,-0.2511228919029236,0.1375769078731537,1.4053630828857422,0.09510846436023712,-0.5900000000000001,-0.11854749172925949,-0.4942304193973541,0.06776567548513412,-1.0917333364486694,0.6119526028633118,-1.1635003089904785,-0.03,1.1684801578521729,0.3906473219394684
2.9880809783935547,0.2949177920818329,0.575178861618042,-0.06934293359518051,-0.0006614529993385077,-0.5261746048927307,-0.847544252872467,-0.5508279204368591,-0.06,-0.2972453534603119,1.4874106645584106,-0.20475612580776215,-0.4891401529312134,-0.7621135711669922,-0.24917997419834137,0.13597743213176727,1.4074081182479858,0.09352833032608032,-0.5900000000000001,-0.09556001424789429,-0.5468253493309021,0.05432434380054474,-1.1366808414459229,0.5369501113891602,-1.1042860746383667,-0.03,1.1338659524917603,0.5105496048927307
2.98820424079895,0.2944028675556183,0.5743787288665771,-0.0675501748919487,-0.0007909317500889301,-0.5267855525016785,-0.8473093509674072,-0.5573970079421997,-0.06,-0.30283915996551514,1.4934563636779785,-0.21051514148712158,-0.49039557576179504,-0.7655595541000366,-0.24687962234020233,0.13233700394630432,1.4102333784103394,0.09150976687669754,-0.5900000000000001,-0.07310769706964493,-0.6074729561805725,0.04306047409772873,-1.1702704429626465,0.453659325838089,-1.0401700735092163,-0.03,1.102429986000061,0.621385395526886
2.988450527191162,0.2940419912338257,0.5733733773231506,-0.06535357981920242,-0.0009138811146840453,-0.5276850461959839,-0.8469216823577881,-0.5645317435264587,-0.06,-0.3100047707557678,1.500433325767517,-0.21582141518592834,-0.49323228001594543,-0.7689536809921265,-0.24439464509487152,0.12760572135448456,1.413849949836731,0.08945319801568985,-0.5900000000000001,-0.05164741352200508,-0.6734204292297363,0.03316852077841759,-1.1923482418060303,0.3659394681453705,-0.9738996624946594,-0.03,1.0774675607681274,0.7210873365402222
2.9888064861297607,0.29385653138160706,0.5722771286964417,-0.0628277063369751,-0.0011085917940363288,-0.5288788676261902,-0.8463678359985352,-0.5716420412063599,-0.06,-0.3183403015136719,1.5075567960739136,-0.22093956172466278,-0.4974445402622223,-0.7721444964408875,-0.24197012186050415,0.1218908503651619,1.417744755744934,0.08743154257535934,-0.5900000000000001,-0.03161584213376045,-0.7425108551979065,0.03,-1.2032257318496704,0.2782908082008362,-0.9074576497077942,-0.03,1.06039297580719,0.8086857795715332
2.9892473220825195,0.2938235104084015,0.5711756944656372,-0.05990597978234291,-0.001453036442399025,-0.5303006768226624,-0.8456892371177673,-0.5791356563568115,-0.06,-0.32761573791503906,1.5147150754928589,-0.22554467618465424,-0.502575695514679,-0.7752326130867004,-0.23947040736675262,0.11519607156515121,1.4214227199554443,0.08535908907651901,-0.5900000000000001,-0.013137543573975563,-0.8130038976669312,0.03,-1.2035857439041138,0.19712382555007935,-0.8419172763824463,-0.03,1.050446629524231,0.8820655345916748
2.9897513389587402,0.29392656683921814,0.5701251029968262,-0.05658883601427078,-0.001831153640523553,-0.5318880677223206,-0.8449196815490723,-0.5867704153060913,-0.06,-0.3372575342655182,1.5215046405792236,-0.22931477427482605,-0.5086151957511902,-0.777806282043457,-0.23680834472179413,0.10731420665979385,1.4244898557662964,0.08313075453042984,-0.5900000000000001,0.0033947702031582594,-0.8827028870582581,0.03,-1.1942070722579956,0.13018487393856049,-0.7775678634643555,-0.03,1.0456122159957886,0.9389236569404602
2.9902987480163574,0.2941613495349884,0.5692158937454224,-0.05307162553071976,-0.001988524803891778,-0.5337985754013062,-0.8439421057701111,-0.5935324430465698,-0.06,-0.34715744853019714,1.527107834815979,-0.23102779686450958,-0.5158048868179321,-0.7786997556686401,-0.2344992309808731,0.09774340689182281,1.426484227180481,0.08086439222097397,-0.5900000000000001,0.01658870466053486,-0.948856770992279,0.03,-1.1759157180786133,0.08374316990375519,-0.7150232195854187,-0.03262213245034218,1.0444236993789673,0.9791714549064636
2.99088191986084,0.2944996953010559,0.5685269236564636,-0.04959341883659363,-0.0017771703423932195,-0.5361311435699463,-0.8426746726036072,-0.5987825393676758,-0.06,-0.35698238015174866,1.5310802459716797,-0.23237526416778564,-0.5234196186065674,-0.7771716713905334,-0.23290883004665375,0.08646129071712494,1.4271187782287598,0.07885073870420456,-0.5900000000000001,0.025004524737596512,-1.0083585977554321,0.03,-1.1487715244293213,0.05766800418496132,-0.6560715436935425,-0.04252280294895172,1.046561598777771,1.0029176473617554
2.991471767425537,0.2948964536190033,0.5680810213088989,-0.04632429778575897,-0.0012919827131554484,-0.538664698600769,-0.8412446975708008,-0.6029988527297974,-0.06,-0.36627233028411865,1.5339263677597046,-0.23328359425067902,-0.5300254821777344,-0.7737289667129517,-0.23191536962985992,0.07435698062181473,1.4264624118804932,0.07710879296064377,-0.5900000000000001,0.028223907575011253,-1.058101773262024,0.03,-1.1126596927642822,0.047810714691877365,-0.6042836904525757,-0.05009971559047699,1.051895260810852,1.0080227851867676
2.992008686065674,0.29528379440307617,0.5678441524505615,-0.043435238301754,-0.0007831975817680359,-0.5409431457519531,-0.8399362564086914,-0.6069186925888062,-0.06,-0.3740113079547882,1.5364547967910767,-0.23407195508480072,-0.534399688243866,-0.7698146104812622,-0.23118408024311066,0.06301375478506088,1.4249610900878906,0.07535584270954132,-0.5900000000000001,0.026897594332695007,-1.0953974723815918,0.03,-1.068861722946167,0.05385146662592888,-0.5644710063934326,-0.05527470260858536,1.0612179040908813,0.9940211772918701
2.992452621459961,0.2956092953681946,0.5677857995033264,-0.04119018465280533,-0.0003845078172162175,-0.5426130294799805,-0.8389721512794495,-0.6104429364204407,-0.06,-0.3795972466468811,1.5387336015701294,-0.2324114739894867,-0.5364735126495361,-0.7663587331771851,-0.23050987720489502,0.05401362478733063,1.423096776008606,0.07378623634576797,-0.5900000000000001,0.021950043737888336,-1.1183111667633057,0.03,-1.0210422277450562,0.0795917883515358,-0.5407007932662964,-0.05673849955201149,1.077127456665039,0.9647597074508667
2.992896795272827,0.29590386152267456,0.5680003762245178,-0.03992639109492302,0.0002633754338603467,-0.5435994863510132,-0.8383944034576416,-0.6113787293434143,-0.06,-0.38233089447021484,1.5394196510314941,-0.22993753850460052,-0.5368709564208984,-0.7618100643157959,-0.2300666868686676,0.04715399816632271,1.420522689819336,0.07248955965042114,-0.5900000000000001,0.013786028139293194,-1.1266456842422485,0.03,-0.973173201084137,0.12732870876789093,-0.5338367819786072,-0.052765119820833206,1.1016534566879272,0.9250505566596985
2.993441104888916,0.29620397090911865,0.5686095356941223,-0.03988182544708252,0.0014186202315613627,-0.5441741347312927,-0.8380225300788879,-0.6079141497612,-0.06,-0.3822330832481384,1.5369253158569336,-0.22713689506053925,-0.5363778471946716,-0.7546148896217346,-0.23076079785823822,0.041143856942653656,1.4168295860290527,0.0707985982298851,-0.5900000000000001,0.0016447935486212373,-1.1215318441390991,0.03,-0.9266414642333984,0.19587647914886475,-0.542861819267273,-0.04236910119652748,1.1353875398635864,0.8766334056854248
2.9940786361694336,0.29650962352752686,0.5696181654930115,-0.041099030524492264,0.0029228501953184605,-0.544470489025116,-0.8377673029899597,-0.6000799536705017,-0.058633994311094284,-0.3793986439704895,1.5308361053466797,-0.2244015336036682,-0.5350655317306519,-0.7452690601348877,-0.23351413011550903,0.0353030227124691,1.4123475551605225,0.06716832518577576,-0.5900000000000001,-0.014931158162653446,-1.103813886642456,0.03,-0.8809794783592224,0.28258612751960754,-0.5668478012084961,-0.03,1.176289677619934,0.8190874457359314
2.9947569370269775,0.29683196544647217,0.5709882974624634,-0.043535031378269196,0.00459103100001812,-0.5443962216377258,-0.8376849889755249,-0.5884954333305359,-0.056357428431510925,-0.3736533522605896,1.5215486288070679,-0.2217046320438385,-0.5325887799263,-0.7345582842826843,-0.238298699259758,0.030132273212075233,1.4073246717453003,0.061569225043058395,-0.5900000000000001,-0.03555824235081673,-1.0725176334381104,0.03,-0.835970938205719,0.3834649622440338,-0.604373037815094,-0.03,1.218908667564392,0.7524020671844482
2.995450258255005,0.2971757650375366,0.5727262496948242,-0.046945471316576004,0.006347632501274347,-0.5440202951431274,-0.8377335667610168,-0.5741176605224609,-0.054712291806936264,-0.3656598627567291,1.5097037553787231,-0.21917186677455902,-0.5282301306724548,-0.7224545478820801,-0.24422648549079895,0.026197362691164017,1.401186466217041,0.05604887008666992,-0.5900000000000001,-0.05968222767114639,-1.0261526107788086,0.03,-0.7925845384597778,0.49322548508644104,-0.6526235342025757,-0.03,1.2570265531539917,0.6772385239601135
2.9961400032043457,0.2974628806114197,0.5748763084411621,-0.050714604556560516,0.0078891571611166,-0.5436135530471802,-0.8377649188041687,-0.5588265657424927,-0.05381068214774132,-0.3570558428764343,1.4955105781555176,-0.21723905205726624,-0.5216122269630432,-0.7094916105270386,-0.250081866979599,0.023466870188713074,1.3928829431533813,0.05276407673954964,-0.5900000000000001,-0.086577869951725,-0.9654721617698669,0.03,-0.7518567442893982,0.6046456098556519,-0.7076873183250427,-0.03,1.2856203317642212,0.5957342982292175
2.99682354927063,0.29758045077323914,0.5774992108345032,-0.0542205311357975,0.008839968591928482,-0.5434292554855347,-0.8376553058624268,-0.5436319708824158,-0.053391143679618835,-0.34909892082214355,1.477630376815796,-0.21625477075576782,-0.5140865445137024,-0.6965271830558777,-0.2548595368862152,0.021655647084116936,1.38142728805542,0.053008150309324265,-0.5900000000000001,-0.11542115360498428,-0.8928086757659912,0.03,-0.7133490443229675,0.7098481059074402,-0.7658876180648804,-0.03,1.3017677068710327,0.5139634013175964
2.997535228729248,0.29748475551605225,0.5806967616081238,-0.05713852867484093,0.009156959131360054,-0.5435086488723755,-0.8374063968658447,-0.527383029460907,-0.0526091568171978,-0.34203341603279114,1.453447699546814,-0.21651099622249603,-0.5081459283828735,-0.6832610964775085,-0.2577592134475708,0.020392943173646927,1.3657273054122925,0.05764298141002655,-0.5900000000000001,-0.14507612586021423,-0.8100321888923645,0.04242029786109924,-0.6758036613464355,0.8010318279266357,-0.8245290517807007,-0.03,1.305080533027649,0.4381425678730011
2.9982900619506836,0.2971973419189453,0.584578275680542,-0.05928034335374832,0.009069839492440224,-0.5438312888145447,-0.8370490074157715,-0.5087118744850159,-0.05051982402801514,-0.33579587936401367,1.4211164712905884,-0.21805299818515778,-0.5050932168960571,-0.6686028242111206,-0.25857216119766235,0.018453288823366165,1.344759225845337,0.06603435426950455,-0.5900000000000001,-0.1740456372499466,-0.7203285694122314,0.06758838891983032,-0.6379913687705994,0.8793664574623108,-0.8831735849380493,-0.03,1.2981698513031006,0.3696000874042511
2.9986884593963623,0.2969846725463867,0.5893369317054749,-0.060600169003009796,0.008945261128246784,-0.5446168184280396,-0.8364449143409729,-0.4860084354877472,-0.04679330065846443,-0.3291759490966797,1.3787363767623901,-0.21965292096138,-0.5055016875267029,-0.6519010066986084,-0.2611280679702759,0.010603008791804314,1.318864107131958,0.06812462955713272,-0.5900000000000001,-0.19769123196601868,-0.6292404532432556,0.08383966237306595,-0.6009551882743835,0.9506974816322327,-0.9424422383308411,-0.03,1.2843785285949707,0.290710985660553
2.999100923538208,0.2965877950191498,0.594903290271759,-0.0608750618994236,0.008666814304888248,-0.5449225902557373,-0.8362287282943726,-0.4585290551185608,-0.038589511066675186,-0.31942206621170044,1.324263095855713,-0.22164000570774078,-0.5101595520973206,-0.6339079737663269,-0.2626519799232483,-0.0021521023008972406,1.2872780561447144,0.0645638108253479,-0.5900000000000001,-0.21763446927070618,-0.5412781834602356,0.09561971575021744,-0.563119649887085,1.018315315246582,-1.006942868232727,-0.03,1.267518401145935,0.24825073778629303
2.9996254444122314,0.2960323989391327,0.6012375354766846,-0.06036524102091789,0.008636271581053734,-0.5445271730422974,-0.8365234136581421,-0.42381295561790466,-0.025666337460279465,-0.3058438301086426,1.255444049835205,-0.22318942844867706,-0.5188571810722351,-0.6130567193031311,-0.26108938455581665,-0.01692032255232334,1.249483585357666,0.06015428528189659,-0.5900000000000001,-0.23235951364040375,-0.459338515996933,0.10359887033700943,-0.5277972221374512,1.0837265253067017,-1.0750528573989868,-0.03,1.2493036985397339,0.2359759360551834
3.0001513957977295,0.2953692078590393,0.608229398727417,-0.05916794762015343,0.008832734078168869,-0.5433967113494873,-0.8373416662216187,-0.3810570538043976,-0.008650083094835281,-0.28749880194664,1.170655608177185,-0.22406579554080963,-0.5298722982406616,-0.5896981358528137,-0.2564556300640106,-0.03256852924823761,1.2057514190673828,0.055548328906297684,-0.5756741762161255,-0.24168914556503296,-0.3857610821723938,0.10969582200050354,-0.4957829713821411,1.1448116302490234,-1.1445598602294922,-0.03,1.2264988422393799,0.24246037006378174
3.0004122257232666,0.29453110694885254,0.6156805753707886,-0.05699034407734871,0.00847630575299263,-0.5419124960899353,-0.8384574055671692,-0.3326358199119568,0.01072310097515583,-0.26441848278045654,1.0692695379257202,-0.22505749762058258,-0.5396485924720764,-0.5668023228645325,-0.24964500963687897,-0.048422519117593765,1.1568385362625122,0.050496410578489304,-0.5490654706954956,-0.24767513573169708,-0.3213399350643158,0.11684948205947876,-0.4665578305721283,1.1961344480514526,-1.2180676460266113,-0.03,1.191628098487854,0.25436437129974365
3.000253200531006,0.2935164272785187,0.6234648823738098,-0.05366649478673935,0.007058428134769201,-0.5407899022102356,-0.8394142389297485,-0.28055307269096375,0.03130794316530228,-0.23660393059253693,0.9512549042701721,-0.21892951428890228,-0.5454577803611755,-0.5456715822219849,-0.24152012169361115,-0.06424515694379807,1.1032230854034424,0.04654541611671448,-0.5189868807792664,-0.25378674268722534,-0.2640153765678406,0.12705066800117493,-0.43885040283203125,1.233099102973938,-1.3009463548660278,-0.03,1.1374478340148926,0.2611602544784546
2.9997353553771973,0.29240578413009644,0.6313971281051636,-0.04905542731285095,0.004657462704926729,-0.540389358997345,-0.8399708867073059,-0.22672943770885468,0.05223101004958153,-0.2036081701517105,0.8181182146072388,-0.21166285872459412,-0.5409848690032959,-0.5258091688156128,-0.2321806102991104,-0.0809813141822815,1.0451853275299072,0.04376855492591858,-0.48594900965690613,-0.2623665928840637,-0.2107665091753006,0.14059710502624512,-0.4129725992679596,1.2555887699127197,-1.3962825536727905,-0.03,1.059442400932312,0.25603535771369934
2.9994702339172363,0.29195570945739746,0.6411920189857483,-0.045620113611221313,0.0016613975167274475,-0.5378774404525757,-0.8417861461639404,-0.18744373321533203,0.0674373134970665,-0.16585895419120789,0.7165001034736633,-0.19320712983608246,-0.49519112706184387,-0.49881744384765625,-0.22174939513206482,-0.09382709860801697,0.972693145275116,0.04343290254473686,-0.44595345854759216,-0.2684187889099121,-0.1561107337474823,0.15294277667999268,-0.38901486992836,1.269766926765442,-1.498937726020813,-0.03,0.9635688066482544,0.23486775159835815
2.9992780685424805,0.29172930121421814,0.6510865092277527,-0.04187183454632759,-0.002220566151663661,-0.5356076955795288,-0.8434252738952637,-0.1498127430677414,0.07820884883403778,-0.1363079994916916,0.6157903075218201,-0.1889265775680542,-0.44006314873695374,-0.47058501839637756,-0.21052858233451843,-0.10392407327890396,0.894569993019104,0.046080924570560455,-0.4034835994243622,-0.2815490961074829,-0.10021523386240005,0.16490042209625244,-0.3609171211719513,1.2767127752304077,-1.6072983741760254,-0.03,0.8507009148597717,0.19579190015792847
2.9990296363830566,0.2912944555282593,0.6591678857803345,-0.03596068173646927,-0.006522566080093384,-0.5358284711837769,-0.8435354828834534,-0.12239612638950348,0.09023682028055191,-0.11993776261806488,0.5251760482788086,-0.18416403234004974,-0.3892301917076111,-0.44597870111465454,-0.1968127191066742,-0.11153621226549149,0.8213285207748413,0.04604441300034523,-0.36604371666908264,-0.31283804774284363,-0.03805027902126312,0.17767289280891418,-0.31969189643859863,1.2703619003295898,-1.7150943279266357,-0.03,0.7216750383377075,0.13953061401844025
2.998682737350464,0.2909165918827057,0.6649454236030579,-0.028438633307814598,-0.009942132979631424,-0.5386462211608887,-0.8419931530952454,-0.10690126568078995,0.10558144748210907,-0.11851588636636734,0.45984357595443726,-0.17948633432388306,-0.3526863753795624,-0.424070805311203,-0.18140794336795807,-0.11432316154241562,0.7549718022346497,0.03941601142287254,-0.3318878710269928,-0.36463093757629395,0.035414814949035645,0.18719986081123352,-0.2651784121990204,1.2523587942123413,-1.8147597312927246,-0.03,0.5801926255226135,0.06835131347179413
2.998429775238037,0.291029155254364,0.6691656708717346,-0.0207438375800848,-0.011516012251377106,-0.542992353439331,-0.8394023776054382,-0.09702656418085098,0.12100978940725327,-0.12317007780075073,0.4090152680873871,-0.18105539679527283,-0.3255731761455536,-0.40175318717956543,-0.1658177673816681,-0.11600910872220993,0.7001632452011108,0.04488397389650345,-0.30674535036087036,-0.4319170117378235,0.11993135511875153,0.188386008143425,-0.20253394544124603,1.2287448644638062,-1.9018319845199585,-0.03,0.4335819184780121,-0.009408142417669296
2.9982967376708984,0.2917019724845886,0.6723889708518982,-0.013900580815970898,-0.01210099272429943,-0.5480677485466003,-0.8362308740615845,-0.09226088225841522,0.13372625410556793,-0.13114601373672485,0.37161964178085327,-0.18777617812156677,-0.30349355936050415,-0.37986475229263306,-0.15372362732887268,-0.12106513977050781,0.6521673798561096,0.049232400953769684,-0.28517574071884155,-0.507598876953125,0.20914682745933533,0.17829908430576324,-0.1391105353832245,1.202161192893982,-1.9785515069961548,-0.03,0.2903268337249756,-0.08248316496610641
2.9982266426086426,0.292604923248291,0.6748113632202148,-0.008231918327510357,-0.01302336622029543,-0.5536621809005737,-0.8325987458229065,-0.09339122474193573,0.1428583413362503,-0.14105743169784546,0.3471415042877197,-0.18666262924671173,-0.2878072261810303,-0.3610016405582428,-0.14551083743572235,-0.13066215813159943,0.6136134266853333,0.05314880236983299,-0.2698548436164856,-0.585706353187561,0.29751917719841003,0.15746533870697021,-0.08163730055093765,1.1686031818389893,-2.0468790531158447,-0.03,0.1598389446735382,-0.1434338241815567
2.9983694553375244,0.29354235529899597,0.6767546534538269,-0.003522814717143774,-0.013931689783930779,-0.5595429539680481,-0.828676700592041,-0.09442693740129471,0.15047766268253326,-0.1524527370929718,0.3248063027858734,-0.18705220520496368,-0.27369213104248047,-0.34391218423843384,-0.13981586694717407,-0.14842118322849274,0.5815514326095581,0.05434345081448555,-0.2582221031188965,-0.6610811948776245,0.384067177772522,0.12986153364181519,-0.036911070346832275,1.1257113218307495,-2.1026298999786377,-0.03,0.049207884818315506,-0.14999999999999997
2.998823404312134,0.29426828026771545,0.6784519553184509,0.0005420147208496928,-0.0148979676887393,-0.5651409029960632,-0.8248595595359802,-0.09427079558372498,0.1576952189207077,-0.16282165050506592,0.3016807436943054,-0.18780174851417542,-0.2592839002609253,-0.32892411947250366,-0.1349683254957199,-0.17014636099338531,0.5528885126113892,0.05357711762189865,-0.2475900948047638,-0.7297705411911011,0.46576884388923645,0.09927843511104584,-0.006869761738926172,1.0820826292037964,-2.1445069313049316,-0.03,-0.04084063321352005,-0.14999999999999997
2.999575614929199,0.29457223415374756,0.6798815727233887,0.004191453568637371,-0.0160637516528368,-0.5703164339065552,-0.8212571740150452,-0.09423801302909851,0.16481488943099976,-0.17232459783554077,0.29000000000000004,-0.18924938142299652,-0.24472182989120483,-0.3168860077857971,-0.1300167739391327,-0.19001013040542603,0.5279555916786194,0.05226057022809982,-0.23822826147079468,-0.7905483841896057,0.5406525135040283,0.06837460398674011,0.01133746188133955,1.0425721406936646,-2.1737382411956787,-0.03,-0.11132299154996872,-0.14999999999999997
3.0006184577941895,0.2944369316101074,0.6810182332992554,0.007412864360958338,-0.01716252602636814,-0.5751293301582336,-0.817848801612854,-0.09463024884462357,0.17201660573482513,-0.18146099150180817,0.29000000000000004,-0.19151434302330017,-0.2308056652545929,-0.30735933780670166,-0.12485140562057495,-0.20808401703834534,0.5071638226509094,0.05015452951192856,-0.23052552342414856,-0.8433322906494141,0.6086233258247375,0.03869282081723213,0.021791735664010048,1.0070101022720337,-2.192012071609497,-0.03,-0.16216149926185608,-0.14999999999999997
3.001941204071045,0.29397207498550415,0.681866466999054,0.01000443659722805,-0.017755046486854553,-0.5792766809463501,-0.8148760795593262,-0.09411118179559708,0.17941169440746307,-0.18919235467910767,0.29000000000000004,-0.1944902539253235,-0.21836183965206146,-0.2992747724056244,-0.11939067393541336,-0.22386977076530457,0.49064579606056213,0.0474264957010746,-0.22468827664852142,-0.8871979713439941,0.6696534752845764,0.03,0.027014506980776787,0.9752599596977234,-2.204660654067993,-0.03,-0.1921766698360443,-0.14999999999999997
3.003498077392578,0.2932237386703491,0.6824877858161926,0.011937305331230164,-0.017745181918144226,-0.5820831656455994,-0.8128479719161987,-0.09111487120389938,0.18717126548290253,-0.19316934049129486,0.29000000000000004,-0.19797183573246002,-0.20732499659061432,-0.29249659180641174,-0.11325735598802567,-0.2358606904745102,0.4776534140110016,0.04402618482708931,-0.2200479805469513,-0.9203750491142273,0.7225353121757507,0.03,0.02813715487718582,0.9504560232162476,-2.207334041595459,-0.03,-0.20132626593112946,-0.14999999999999997
3.0051560401916504,0.292231023311615,0.682826578617096,0.013181890361011028,-0.017569029703736305,-0.5836791396141052,-0.811687171459198,-0.0874193012714386,0.19417013227939606,-0.19434893131256104,0.29000000000000004,-0.20160289108753204,-0.19833862781524658,-0.288789838552475,-0.10766641795635223,-0.24350708723068237,0.4701038897037506,0.040271539241075516,-0.21741130948066711,-0.9448108673095703,0.7669504880905151,0.03,0.029063204303383827,0.9309511184692383,-2.200939893722534,-0.03,-0.19545124471187592,-0.14999999999999997
3.0068206787109375,0.2910478711128235,0.6828533411026001,0.013795662671327591,-0.01752890646457672,-0.5845686793327332,-0.811037540435791,-0.08522188663482666,0.19960099458694458,-0.19493608176708221,0.29000000000000004,-0.20523984730243683,-0.19206540286540985,-0.28893762826919556,-0.1035955473780632,-0.24764028191566467,0.4691201150417328,0.03644321858882904,-0.21748599410057068,-0.9639545679092407,0.8031681180000305,0.03,0.033685553818941116,0.9127714037895203,-2.1886308193206787,-0.03,-0.18404099345207214,-0.14999999999999997
3.0085196495056152,0.289805144071579,0.6826363205909729,0.01375165581703186,-0.017333941534161568,-0.5848316550254822,-0.8108528256416321,-0.08332083374261856,0.20383289456367493,-0.1947404444217682,0.29000000000000004,-0.2088584005832672,-0.18839378654956818,-0.29117676615715027,-0.10071291029453278,-0.24912388622760773,0.47325366735458374,0.032610561698675156,-0.21988654136657715,-0.9790307879447937,0.8321166634559631,0.03,0.04278096184134483,0.8933486938476562,-2.1728286743164062,-0.03,-0.1734897941350937,-0.14999999999999997
3.0102908611297607,0.28855013847351074,0.6822303533554077,0.013136342167854309,-0.016857512295246124,-0.5846711993217468,-0.81098872423172,-0.08125800639390945,0.20728550851345062,-0.19407598674297333,0.29000000000000004,-0.21256230771541595,-0.18692965805530548,-0.294339656829834,-0.09864620864391327,-0.24898456037044525,0.4811318516731262,0.028761815279722214,-0.22415465116500854,-0.9905841946601868,0.8542611598968506,0.03,0.05565960705280304,0.8718807697296143,-2.1559929847717285,-0.03,-0.16676732897758484,-0.14999999999999997
3.012160062789917,0.2872277498245239,0.6816599369049072,0.012251919135451317,-0.016135530546307564,-0.5842048525810242,-0.811353325843811,-0.08017420023679733,0.21045149862766266,-0.1937878131866455,0.29000000000000004,-0.21650509536266327,-0.1878480166196823,-0.2981680929660797,-0.09670162945985794,-0.24787642061710358,0.4914463758468628,0.02469918131828308,-0.2296174317598343,-0.9985026717185974,0.8702906370162964,0.03,0.07135289162397385,0.8479127883911133,-2.1394190788269043,-0.03,-0.16425485908985138,-0.14999999999999997
3.0141379833221436,0.28579363226890564,0.6809675097465515,0.011383505538105965,-0.015144690871238708,-0.5834089517593384,-0.8119575381278992,-0.08050458878278732,0.2139327973127365,-0.19404242932796478,0.29000000000000004,-0.22083976864814758,-0.19105851650238037,-0.3022204339504242,-0.09405526518821716,-0.24618558585643768,0.5026068091392517,0.020257752388715744,-0.23538561165332794,-1.0025500059127808,0.8814885020256042,0.03,0.08819587528705597,0.8217096328735352,-2.1234323978424072,-0.03,-0.16380567848682404,-0.14999999999999997
3.0161666870117188,0.2842349708080292,0.6802017688751221,0.010647844523191452,-0.013985163532197475,-0.5823395252227783,-0.8127554655075073,-0.08202558010816574,0.2178364247083664,-0.1946680098772049,0.29000000000000004,-0.2254696935415268,-0.19571742415428162,-0.3064030110836029,-0.09060797095298767,-0.24414405226707458,0.5137073397636414,0.015490060672163963,-0.24090619385242462,-1.003027081489563,0.8888226747512817,0.03,0.10340303927659988,0.7951863408088684,-2.108541250228882,-0.03,-0.1619979292154312,-0.14999999999999997
3.018141269683838,0.28256550431251526,0.6794102787971497,0.010028410702943802,-0.01284200418740511,-0.5812643766403198,-0.8135514855384827,-0.08451279997825623,0.22181080281734467,-0.19586041569709778,0.29000000000000004,-0.23016919195652008,-0.20066778361797333,-0.31078851222991943,-0.08692215383052826,-0.242225781083107,0.524446964263916,0.010662099346518517,-0.24597926437854767,-1.0010089874267578,0.8928948640823364,0.03,0.11384286731481552,0.7705327272415161,-2.095085859298706,-0.03,-0.15593278408050537,-0.14999999999999997
3.019942283630371,0.28083163499832153,0.6786389946937561,0.009422574192285538,-0.011856835335493088,-0.5804541110992432,-0.8141520023345947,-0.08762264251708984,0.225335955619812,-0.19779562950134277,0.29000000000000004,-0.23464979231357574,-0.20492863655090332,-0.3153676986694336,-0.08375620096921921,-0.24084395170211792,0.534826934337616,0.006087343208491802,-0.2507138252258301,-0.9976255893707275,0.8942278623580933,0.03,0.11741863936185837,0.7490014433860779,-2.083179235458374,-0.03,-0.14387397468090057,-0.14999999999999997
3.021479606628418,0.2791125774383545,0.6779240965843201,0.008688217960298061,-0.011066093109548092,-0.5799469351768494,-0.8145326375961304,-0.09062011539936066,0.22798962891101837,-0.20002241432666779,0.29000000000000004,-0.23862309753894806,-0.20800736546516418,-0.3199388086795807,-0.08162820339202881,-0.23991282284259796,0.5447772145271301,0.0019709691405296326,-0.2550628185272217,-0.9932078123092651,0.8934466242790222,0.03,0.11397227644920349,0.7303405404090881,-2.072289228439331,-0.03,-0.12516531348228455,-0.14999999999999997
3.022676467895508,0.27760112285614014,0.6773340702056885,0.008074098266661167,-0.010680978186428547,-0.579602837562561,-0.8147890567779541,-0.09353970736265182,0.22977547347545624,-0.20197072625160217,0.29000000000000004,-0.24,-0.20982785522937775,-0.3245325982570648,-0.08031850308179855,-0.23904812335968018,0.5531849265098572,-0.0014605020405724645,-0.25848332047462463,-0.9850885272026062,0.8907690644264221,0.03,0.1042381078004837,0.713107168674469,-2.0619540214538574,-0.03,-0.09891673177480698,-0.14999999999999997
3.0235655307769775,0.27636557817459106,0.6768538951873779,0.007017781026661396,-0.01030938234180212,-0.5793902277946472,-0.8149546980857849,-0.09391829371452332,0.23034539818763733,-0.20257949829101562,0.29000000000000004,-0.24,-0.21017606556415558,-0.3281014561653137,-0.08053895831108093,-0.23809994757175446,0.5611788630485535,-0.003955677151679993,-0.26183491945266724,-0.975717306137085,0.8869783282279968,0.03,0.09143221378326416,0.6960284113883972,-2.051236391067505,-0.03,-0.0672684982419014,-0.14999999999999997
3.0241918563842773,0.2753915786743164,0.6764490604400635,0.005498105194419622,-0.009904371574521065,-0.5790497064590454,-0.8152134418487549,-0.09183229506015778,0.22975590825080872,-0.2014053910970688,0.29000000000000004,-0.24,-0.20971883833408356,-0.33091551065444946,-0.08205428719520569,-0.23644374310970306,0.5691638588905334,-0.005712342448532581,-0.26522505283355713,-0.9655400514602661,0.882255494594574,0.032397326081991196,0.07798031717538834,0.6784255504608154,-2.040583610534668,-0.03,-0.03424013406038284,-0.14999999999999997
3.0246331691741943,0.2746010720729828,0.6761171817779541,0.0038666361942887306,-0.009581576101481915,-0.5785322189331055,-0.8155940771102905,-0.08849207311868668,0.22861173748970032,-0.19894365966320038,0.29000000000000004,-0.24,-0.20869572460651398,-0.33343687653541565,-0.08405601978302002,-0.23416768014431,0.5765390992164612,-0.006993982475250959,-0.268277108669281,-0.9546145796775818,0.8767880201339722,0.04176728054881096,0.06564825028181076,0.6598556041717529,-2.0308492183685303,-0.03,-0.0030803929548710585,-0.14999999999999997
3.024986982345581,0.2739214599132538,0.6758726239204407,0.0024461792781949043,-0.009355918504297733,-0.5779476165771484,-0.816016435623169,-0.0848221629858017,0.22762884199619293,-0.19591884315013885,0.29000000000000004,-0.24,-0.2071404755115509,-0.3355861008167267,-0.08574581891298294,-0.23187971115112305,0.5824193954467773,-0.008051997981965542,-0.2705674469470978,-0.9433956742286682,0.8706432580947876,0.05136589705944061,0.05551372095942497,0.6408857703208923,-2.022778034210205,-0.03,0.02478012815117836,-0.14999999999999997
3.025277853012085,0.2732955813407898,0.6756884455680847,0.0013855064753443003,-0.009303683415055275,-0.5772943496704102,-0.81648188829422,-0.0818227231502533,0.22695863246917725,-0.19286419451236725,0.29000000000000004,-0.24,-0.20546528697013855,-0.3378355801105499,-0.08684294670820236,-0.22952432930469513,0.586907684803009,-0.009065275080502033,-0.27204275131225586,-0.9319241642951965,0.8634040951728821,0.061526622623205185,0.04765358939766884,0.6222023367881775,-2.01749324798584,-0.03,0.049963150173425674,-0.14999999999999997
3.025516986846924,0.27270498871803284,0.6755293011665344,0.0006646724068559706,-0.009400056675076485,-0.5765061974525452,-0.8170384168624878,-0.07987671345472336,0.22655151784420013,-0.18996576964855194,0.29000000000000004,-0.24,-0.20419298112392426,-0.3404088020324707,-0.08734755218029022,-0.22693035006523132,0.5904616713523865,-0.010072242468595505,-0.27289730310440063,-0.9199110269546509,0.854686439037323,0.0725216418504715,0.041008371859788895,0.6045777797698975,-2.0153446197509766,-0.03,0.07402349263429642,-0.14999999999999997
3.0257315635681152,0.2721615135669708,0.6753578782081604,0.00015466279000975192,-0.009533530101180077,-0.575552761554718,-0.8177090287208557,-0.07882075011730194,0.2263127714395523,-0.1872551590204239,0.29000000000000004,-0.24,-0.20378156006336212,-0.34319594502449036,-0.08738075941801071,-0.22401638329029083,0.5936716198921204,-0.011085983365774155,-0.2735029458999634,-0.9070708751678467,0.8444559574127197,0.08447152376174927,0.034276943653821945,0.5886470079421997,-2.0160982608795166,-0.03,0.09858745336532593,-0.14999999999999997
3.0259511470794678,0.2716915011405945,0.6751413345336914,-0.00031852771644480526,-0.009566262364387512,-0.5743985772132874,-0.8185197710990906,-0.07819584757089615,0.22611884772777557,-0.18460318446159363,0.29000000000000004,-0.24,-0.20457282662391663,-0.3459615111351013,-0.08712804317474365,-0.22067272663116455,0.5971487760543823,-0.012075136415660381,-0.2742791473865509,-0.8931295275688171,0.833024799823761,0.09734096378087997,0.026443611830472946,0.5746099352836609,-2.0190815925598145,-0.03,0.12490056455135345,-0.14999999999999997
3.0261940956115723,0.2713303565979004,0.6748490929603577,-0.000952105619944632,-0.009383763186633587,-0.5730171799659729,-0.8194890022277832,-0.07743539661169052,0.22576218843460083,-0.1818142831325531,0.29000000000000004,-0.24,-0.20679111778736115,-0.3485068082809448,-0.08688338845968246,-0.21678079664707184,0.6015573143959045,-0.012969556264579296,-0.27566707134246826,-0.8778965473175049,0.8207011222839355,0.11094869673252106,0.016902238130569458,0.562563419342041,-2.023336172103882,-0.03,0.15363305807113647,-0.14999999999999997
3.0264647006988525,0.2711058259010315,0.6744521260261536,-0.0019132792949676514,-0.008930375799536705,-0.5714287161827087,-0.8206008076667786,-0.07618158310651779,0.22499458491802216,-0.1788446009159088,0.29000000000000004,-0.24,-0.21055863797664642,-0.3507876992225647,-0.08699607849121094,-0.21227696537971497,0.6075491905212402,-0.013699768111109734,-0.2780885696411133,-0.8613248467445374,0.807526707649231,0.12512631714344025,0.00538270128890872,0.5527623891830444,-2.0279762744903564,-0.03,0.1848403364419937,-0.14999999999999997
3.0267674922943115,0.2710244655609131,0.6739288568496704,-0.0032766838558018208,-0.008198119699954987,-0.5696930885314941,-0.8218100070953369,-0.07443517446517944,0.22366662323474884,-0.17587102949619293,0.29000000000000004,-0.24,-0.2159198522567749,-0.3528434932231903,-0.08768371492624283,-0.20722191035747528,0.6155040264129639,-0.014222402125597,-0.28178736567497253,-0.8434904217720032,0.7934207320213318,0.13980147242546082,-0.008098536171019077,0.5453374981880188,-2.032302141189575,-0.03,0.21797649562358856,-0.14999999999999997
3.027104616165161,0.2710699141025543,0.6732701659202576,-0.005014929920434952,-0.00722560053691268,-0.5678907632827759,-0.8230568766593933,-0.07241970300674438,0.22177700698375702,-0.17313988506793976,0.29000000000000004,-0.24,-0.22280046343803406,-0.35478469729423523,-0.08898594230413437,-0.2017764300107956,0.6254622340202332,-0.014557295478880405,-0.28679168224334717,-0.8245746493339539,0.7782925963401794,0.15497219562530518,-0.023318670690059662,0.5401377081871033,-2.0358550548553467,-0.03,0.252031534910202,-0.14999999999999997
3.027477979660034,0.2712134122848511,0.6724813580513,-0.007047527935355902,-0.00609530508518219,-0.5660991072654724,-0.8242844343185425,-0.07043242454528809,0.2193957418203354,-0.17088006436824799,0.29000000000000004,-0.24,-0.23090560734272003,-0.3567657470703125,-0.0908513143658638,-0.19611892104148865,0.6372032165527344,-0.014744899235665798,-0.2929639518260956,-0.80487060546875,0.7620716094970703,0.17061260342597961,-0.03994186595082283,0.5367999076843262,-2.038389205932617,-0.03,0.2858966886997223,-0.14999999999999997
3.027881622314453,0.27142804861068726,0.6715821623802185,-0.00927322544157505,-0.004887242801487446,-0.5643972158432007,-0.8254365921020508,-0.06869733333587646,0.2166300266981125,-0.16924409568309784,0.29000000000000004,-0.24,-0.2398916780948639,-0.35887232422828674,-0.09318577498197556,-0.19045305252075195,0.6503310799598694,-0.014799409545958042,-0.30007219314575195,-0.7848051190376282,0.7447672486305237,0.1866346001625061,-0.057653721421957016,0.5350404381752014,-2.0397398471832275,-0.03,0.31864213943481445,-0.14293640851974487
3.0283119678497314,0.2716967463493347,0.6705977916717529,-0.011595874093472958,-0.003645818680524826,-0.5628647208213806,-0.8264595866203308,-0.06731636822223663,0.21363118290901184,-0.16834329068660736,0.2903796434402466,-0.24,-0.2494017779827118,-0.36101868748664856,-0.09586171060800552,-0.1850539892911911,0.6643272638320923,-0.014763211831450462,-0.30784618854522705,-0.7649134397506714,0.7264782190322876,0.20286716520786285,-0.07624123990535736,0.5349061489105225,-2.0397963523864746,-0.03,0.3496226370334625,-0.12122741341590881
3.028766632080078,0.2720087170600891,0.6695579886436462,-0.013925831764936447,-0.0023823746014386415,-0.5615782141685486,-0.8273029923439026,-0.06634890288114548,0.21057036519050598,-0.16830678284168243,0.3043946325778961,-0.24,-0.2591439187526703,-0.3630133867263794,-0.09873662889003754,-0.1802234649658203,0.6786503195762634,-0.014658760279417038,-0.31602147221565247,-0.7457648515701294,0.7073727250099182,0.21907836198806763,-0.09556520730257034,0.5366246700286865,-2.038536548614502,-0.03,0.3784128725528717,-0.09971883147954941
3.029237985610962,0.27234983444213867,0.6684892773628235,-0.01617572456598282,-0.001107729971408844,-0.5605905055999756,-0.8279343843460083,-0.0659060999751091,0.20759734511375427,-0.16924118995666504,0.31867411732673645,-0.24,-0.2689313292503357,-0.36472994089126587,-0.10167215764522552,-0.1761876940727234,0.6928368806838989,-0.014508419670164585,-0.324351966381073,-0.7278281450271606,0.6876214146614075,0.23504656553268433,-0.11550755798816681,0.5403023362159729,-2.036048650741577,-0.03,0.40472644567489624,-0.07806216180324554
3.02970814704895,0.27270129323005676,0.6674128770828247,-0.01827457919716835,0.0001557646319270134,-0.5599167943000793,-0.8283472657203674,-0.06611164659261703,0.20480190217494965,-0.17117631435394287,0.33306610584259033,-0.24,-0.27861812710762024,-0.366157203912735,-0.10455606877803802,-0.17302294075489044,0.7065601944923401,-0.014293436892330647,-0.332599937915802,-0.7113876342773438,0.6673392057418823,0.25059494376182556,-0.1359325796365738,0.5458882451057434,-2.0324432849884033,-0.03,0.4284631013870239,-0.05597776547074318
3.0301575660705566,0.2730441391468048,0.6663430333137512,-0.020183606073260307,0.0013898371253162622,-0.5595348477363586,-0.8285597562789917,-0.06704383343458176,0.20221595466136932,-0.17405828833580017,0.34750911593437195,-0.24,-0.28812575340270996,-0.36733800172805786,-0.10732318460941315,-0.17070062458515167,0.719615638256073,-0.014071287587285042,-0.3406040668487549,-0.6965262293815613,0.6466328501701355,0.2656058371067047,-0.1566745489835739,0.5531690120697021,-2.027733325958252,-0.03,0.44980308413505554,-0.03328332677483559
3.030574321746826,0.2733607292175293,0.6652851700782776,-0.021880781278014183,0.0026009983848780394,-0.5593932867050171,-0.8286093473434448,-0.06871996819972992,0.19987785816192627,-0.17777638137340546,0.36204877495765686,-0.24,-0.29745838046073914,-0.36832374334335327,-0.109883151948452,-0.16910532116889954,0.7319378852844238,-0.013835064135491848,-0.3482557535171509,-0.6831307411193848,0.6256687045097351,0.280062735080719,-0.17752353847026825,0.5617290139198303,-2.0217947959899902,-0.03,0.46917179226875305,-0.00978612620383501
3.0309486389160156,0.27363523840904236,0.6642372012138367,-0.023364245891571045,0.003807660425081849,-0.5594132542610168,-0.8285506963729858,-0.07108653336763382,0.19781261682510376,-0.1821431964635849,0.3767671287059784,-0.24,-0.30668511986732483,-0.36919617652893066,-0.11214414983987808,-0.16800831258296967,0.7435809969902039,-0.01350475288927555,-0.35551491379737854,-0.6709244847297668,0.6045960783958435,0.29401811957359314,-0.1982565075159073,0.5710937976837158,-2.0144236087799072,-0.03,0.4871283173561096,0.01461934857070446
3.031273603439331,0.2738526165485382,0.6631975769996643,-0.024639630690217018,0.005020434968173504,-0.5595134496688843,-0.8284395933151245,-0.074063241481781,0.1960313618183136,-0.18694734573364258,0.3916885256767273,-0.24,-0.31582358479499817,-0.3700781464576721,-0.11403395235538483,-0.16713224351406097,0.7546635270118713,-0.012856020592153072,-0.3624257445335388,-0.659609317779541,0.5835031867027283,0.3075546622276306,-0.21868601441383362,0.5809109807014465,-2.005495071411133,-0.03,0.50416499376297,0.039817165583372116
3.031543493270874,0.27400484681129456,0.6621631979942322,-0.025733962655067444,0.006234495434910059,-0.5596397519111633,-0.8283127546310425,-0.07755129784345627,0.19448207318782806,-0.19201259315013885,0.40676602721214294,-0.24,-0.3248662054538727,-0.371112197637558,-0.11556122452020645,-0.1662019044160843,0.7653626799583435,-0.011665191501379013,-0.3689885139465332,-0.6489768624305725,0.5624268054962158,0.32070571184158325,-0.2386889010667801,0.5910140872001648,-1.9950721263885498,-0.03,0.520692765712738,0.06548887491226196
3.0317587852478027,0.27409422397613525,0.6611302495002747,-0.02669062651693821,0.007453219965100288,-0.5597649812698364,-0.8281878232955933,-0.08139567077159882,0.1931006908416748,-0.19720777869224548,0.421906977891922,-0.24,-0.33378756046295166,-0.37237679958343506,-0.11676900088787079,-0.16496722400188446,0.7758840322494507,-0.009640190750360489,-0.3752465546131134,-0.6388999819755554,0.5414174199104309,0.33345070481300354,-0.2582113444805145,0.601382851600647,-1.9833232164382935,-0.03,0.5370878577232361,0.09121581166982651
3.0319173336029053,0.2741238474845886,0.660098135471344,-0.027548784390091896,0.008677096106112003,-0.5598735213279724,-0.8280743956565857,-0.08545675128698349,0.19182425737380981,-0.20241913199424744,0.4369998276233673,-0.24,-0.34255045652389526,-0.3739330768585205,-0.11770116537809372,-0.16320140659809113,0.7864091992378235,-0.006467682309448719,-0.3813323974609375,-0.6292705535888672,0.5204595327377319,0.34573894739151,-0.27729716897010803,0.6121734380722046,-1.9705030918121338,-0.03,0.553679347038269,0.11665179580450058
3.0320169925689697,0.27409711480140686,0.6590654850006104,-0.02834971994161606,0.009892717003822327,-0.5599550008773804,-0.8279786705970764,-0.08966293185949326,0.19055728614330292,-0.20756205916404724,0.4519975185394287,-0.24,-0.35112279653549194,-0.3758699893951416,-0.11842752993106842,-0.16070137917995453,0.7971171736717224,-0.0018636041786521673,-0.38733819127082825,-0.6199873685836792,0.4994507431983948,0.35747796297073364,-0.2960836589336395,0.6235858798027039,-1.9569448232650757,-0.03,0.5707472562789917,0.1416105180978775
3.032052516937256,0.2740212082862854,0.6580291986465454,-0.02913687750697136,0.01109031680971384,-0.5600041151046753,-0.8279029726982117,-0.09393563866615295,0.18920451402664185,-0.21257194876670837,0.4668640196323395,-0.24,-0.35949477553367615,-0.3781833052635193,-0.11904646456241608,-0.15745654702186584,0.8080549836158752,0.00402775127440691,-0.39329686760902405,-0.6109656095504761,0.47828370332717896,0.3685234785079956,-0.3147484064102173,0.635710597038269,-1.9429652690887451,-0.03,0.5885022878646851,0.16598941385746002
3.032013416290283,0.2739037275314331,0.6569821834564209,-0.02994321472942829,0.012261204421520233,-0.5600215792655945,-0.8278459310531616,-0.09822569787502289,0.18767669796943665,-0.21743930876255035,0.48157957196235657,-0.24,-0.36767497658729553,-0.3808732032775879,-0.11965292692184448,-0.1534901261329651,0.819262683391571,0.011006801389157772,-0.39923757314682007,-0.6021413803100586,0.45688703656196594,0.3787015974521637,-0.33341455459594727,0.6483717560768127,-1.9288018941879272,-0.03,0.6070365905761719,0.1896596997976303
3.031888008117676,0.2737501859664917,0.6559236645698547,-0.030791686847805977,0.013389191590249538,-0.5600081086158752,-0.8278064131736755,-0.10255143791437149,0.18588469922542572,-0.2221328765153885,0.4961819350719452,-0.24,-0.3756709396839142,-0.383942574262619,-0.12032999098300934,-0.14884163439273834,0.8307226896286011,0.018861452117562294,-0.40515097975730896,-0.5934655070304871,0.43523234128952026,0.387859970331192,-0.3521256446838379,0.6611625552177429,-1.9146308898925781,-0.03,0.6263144612312317,0.21242950856685638
3.031670093536377,0.2735637426376343,0.6548517942428589,-0.031687404960393906,0.014461233280599117,-0.559979259967804,-0.8277741074562073,-0.10695797950029373,0.18378537893295288,-0.22669368982315063,0.5106937885284424,-0.24,-0.3834816515445709,-0.38737109303474426,-0.1211342066526413,-0.1436331868171692,0.842372477054596,0.0273143220692873,-0.4110080599784851,-0.5849437713623047,0.4133310317993164,0.3959217667579651,-0.3708571195602417,0.673589825630188,-1.9005823135375977,-0.03,0.6461551785469055,0.2341204583644867
3.0313565731048584,0.27334699034690857,0.6537677049636841,-0.032622989267110825,0.015476330183446407,-0.559964120388031,-0.8277295827865601,-0.11150714755058289,0.1813763678073883,-0.23120233416557312,0.5251544713973999,-0.24,-0.39111340045928955,-0.3910864591598511,-0.1220959797501564,-0.13806430995464325,0.8541087508201599,0.03608276695013046,-0.4167739450931549,-0.5766265988349915,0.3911835551261902,0.4028792679309845,-0.3895772099494934,0.6853475570678711,-1.886749505996704,-0.03,0.666287362575531,0.2546108067035675
3.0309529304504395,0.2731035053730011,0.6526724696159363,-0.03358803316950798,0.016444766893982887,-0.5599913001060486,-0.8276540040969849,-0.11622537672519684,0.17868086695671082,-0.23574617505073547,0.5395863652229309,-0.24,-0.39857155084609985,-0.3949817717075348,-0.12318567931652069,-0.13225989043712616,0.865795910358429,0.044846173375844955,-0.42239096760749817,-0.5685638189315796,0.3687621057033539,0.40876901149749756,-0.4083031713962555,0.6963951587677002,-1.8731911182403564,-0.03,0.6864504814147949,0.2738366723060608
3.030463933944702,0.2728385925292969,0.6515723466873169,-0.034573838114738464,0.017385412007570267,-0.5600830316543579,-0.8275320529937744,-0.12108328193426132,0.17573675513267517,-0.2403593212366104,0.5539586544036865,-0.24,-0.4058428108692169,-0.39896759390830994,-0.12439609318971634,-0.12636645138263702,0.8774176239967346,0.053824733942747116,-0.4279156029224396,-0.5607818365097046,0.3460279405117035,0.41366228461265564,-0.4271073043346405,0.7068482041358948,-1.859923005104065,-0.03,0.7064618468284607,0.29180023074150085
3.029900074005127,0.2725560665130615,0.6504700779914856,-0.03557495400309563,0.018315648660063744,-0.5602238178253174,-0.8273742198944092,-0.1259927898645401,0.17260746657848358,-0.24498440325260162,0.5682206153869629,-0.24,-0.4129326343536377,-0.4029572010040283,-0.12568415701389313,-0.12041830271482468,0.8888752460479736,0.06284131109714508,-0.43329888582229614,-0.5531855821609497,0.3229212462902069,0.41766002774238586,-0.44611066579818726,0.7169337272644043,-1.8469573259353638,-0.03,0.7262534499168396,0.3086147606372833
3.0292763710021973,0.27226486802101135,0.6493709683418274,-0.036599479615688324,0.019264185801148415,-0.5603602528572083,-0.8272155523300171,-0.13074582815170288,0.16936613619327545,-0.24942752718925476,0.5822631120681763,-0.24,-0.41984015703201294,-0.40684396028518677,-0.12698599696159363,-0.11440795660018921,0.9000917673110962,0.07178588211536407,-0.4385104775428772,-0.5455610752105713,0.2993461787700653,0.42081472277641296,-0.46549633145332336,0.7271362543106079,-1.8342621326446533,-0.03,0.7459216713905334,0.32458242774009705
3.0286076068878174,0.2719762623310089,0.6482787132263184,-0.03767119348049164,0.020260274410247803,-0.5604129433631897,-0.8271079063415527,-0.1350676566362381,0.16608190536499023,-0.2534005641937256,0.5959554314613342,-0.24,-0.42658552527427673,-0.4105488061904907,-0.12822794914245605,-0.1082170158624649,0.9110503792762756,0.0805913656949997,-0.44354531168937683,-0.5375983119010925,0.27515149116516113,0.4231177270412445,-0.48548105359077454,0.7381432056427002,-1.8217909336090088,-0.03,0.7657093405723572,0.3401786684989929
3.027905225753784,0.27170076966285706,0.6471907496452332,-0.038816820830106735,0.021312851458787918,-0.5602972507476807,-0.8271069526672363,-0.13874512910842896,0.16278712451457977,-0.2566272020339966,0.6092170476913452,-0.24,-0.43320605158805847,-0.4140850901603699,-0.12936246395111084,-0.10166232287883759,0.9218074679374695,0.08921857178211212,-0.44842010736465454,-0.5289617776870728,0.25017622113227844,0.42457565665245056,-0.506205141544342,0.7505095601081848,-1.8095154762268066,-0.03,0.7858821153640747,0.3558754324913025
3.0271811485290527,0.27144140005111694,0.6460968255996704,-0.040046483278274536,0.02240000106394291,-0.5599689483642578,-0.827241837978363,-0.14177550375461578,0.1594732701778412,-0.25901463627815247,0.6220884323120117,-0.24,-0.43975862860679626,-0.4175613522529602,-0.13039006292819977,-0.09466372430324554,0.9324629306793213,0.0975291058421135,-0.4531652629375458,-0.5194473266601562,0.2243577390909195,0.4253460168838501,-0.527570366859436,0.7641646265983582,-1.7974035739898682,-0.03,0.806537389755249,0.37188488245010376
3.0264432430267334,0.27119332551956177,0.6449839472770691,-0.04134394973516464,0.02347538247704506,-0.5594542026519775,-0.8274965286254883,-0.14437584578990936,0.15610671043395996,-0.26071739196777344,0.634699285030365,-0.24,-0.446287602186203,-0.4211152493953705,-0.13135726749897003,-0.08730914443731308,0.9430770874023438,0.10518136620521545,-0.457795113325119,-0.509087860584259,0.1977602243423462,0.42575302720069885,-0.5491963624954224,0.7783885598182678,-1.7853971719741821,-0.03,0.8274998068809509,0.38806265592575073
3.0257046222686768,0.2709510922431946,0.6438427567481995,-0.04268183186650276,0.024493124336004257,-0.5588381290435791,-0.8278152942657471,-0.14685046672821045,0.15264850854873657,-0.2620376646518707,0.6471941471099854,-0.24,-0.4527986943721771,-0.4248468279838562,-0.1323864609003067,-0.07993432879447937,0.9537393450737,0.11215425282716751,-0.46237894892692566,-0.4981265664100647,0.17050433158874512,0.4261346161365509,-0.5705662369728088,0.7922937870025635,-1.7734071016311646,-0.03,0.8483787178993225,0.40404200553894043
3.0249786376953125,0.2707096040248871,0.6426644325256348,-0.044023312628269196,0.025422360748052597,-0.5582200288772583,-0.8281340003013611,-0.1494891345500946,0.14908592402935028,-0.26334717869758606,0.659720778465271,-0.24,-0.45931458473205566,-0.4287939667701721,-0.13352668285369873,-0.07276450842618942,0.9644518494606018,0.11820708960294724,-0.4669544994831085,-0.48686596751213074,0.1427411437034607,0.4267546534538269,-0.5912013053894043,0.8050651550292969,-1.7613391876220703,-0.03,0.8686947226524353,0.41943711042404175
3.024280071258545,0.2704695165157318,0.6414472460746765,-0.04533924162387848,0.02625669166445732,-0.557678759098053,-0.8284015655517578,-0.1524435579776764,0.14543060958385468,-0.2649240493774414,0.6723296046257019,-0.24,-0.46583038568496704,-0.43292728066444397,-0.13480640947818756,-0.06601282209157944,0.9752113223075867,0.12339384853839874,-0.47156140208244324,-0.47556087374687195,0.11466540396213531,0.42775091528892517,-0.610763669013977,0.8159990906715393,-1.7490894794464111,-0.03,0.8879906535148621,0.43397757411003113
3.0236260890960693,0.2702322006225586,0.6401983499526978,-0.04660283029079437,0.026997288689017296,-0.5572654604911804,-0.8285857439041138,-0.15574997663497925,0.14174385368824005,-0.2669145166873932,0.6849567890167236,-0.24,-0.47231072187423706,-0.43717068433761597,-0.13620512187480927,-0.05982894077897072,0.9859469532966614,0.12777599692344666,-0.47621726989746094,-0.46440473198890686,0.08647442609071732,0.42913442850112915,-0.6290560364723206,0.8246181011199951,-1.7365624904632568,-0.03,0.9058793187141418,0.4475663900375366
3.02302885055542,0.2699969708919525,0.638932466506958,-0.04778367280960083,0.027641380205750465,-0.557011604309082,-0.828667938709259,-0.15943512320518494,0.13808149099349976,-0.2693997621536255,0.6975075006484985,-0.24,-0.4786871671676636,-0.44146719574928284,-0.13768897950649261,-0.05431005731225014,0.9965431690216064,0.1314370036125183,-0.48088356852531433,-0.4535495638847351,0.05832396820187569,0.4307990074157715,-0.6460230350494385,0.830781877040863,-1.7236647605895996,-0.03,0.922080934047699,0.4602724015712738
3.0224969387054443,0.2697618007659912,0.637664258480072,-0.04884878918528557,0.028183087706565857,-0.556930422782898,-0.8286421298980713,-0.16351358592510223,0.13451218605041504,-0.27242201566696167,0.7098792195320129,-0.24,-0.48489904403686523,-0.44578972458839417,-0.13919934630393982,-0.04950324818491936,1.0068926811218262,0.13447849452495575,-0.4855221211910248,-0.44310978055000305,0.03032667003571987,0.43255579471588135,-0.6617374420166016,0.8346676826477051,-1.7103006839752197,-0.03,0.9364416003227234,0.47231414914131165
3.0220348834991455,0.26952412724494934,0.6364039182662964,-0.049767784774303436,0.028615126386284828,-0.5570166110992432,-0.8285146951675415,-0.16801385581493378,0.13108837604522705,-0.2759782373905182,0.7220210433006287,-0.24,-0.4909190535545349,-0.4501536786556244,-0.1406705379486084,-0.04538697376847267,1.0169260501861572,0.13699854910373688,-0.49008873105049133,-0.4331584870815277,0.002604664536193013,0.43423089385032654,-0.6763495206832886,0.8365057110786438,-1.6963859796524048,-0.03,0.948930561542511,0.48399168252944946
3.0216431617736816,0.26928308606147766,0.6351541876792908,-0.0505148321390152,0.028927499428391457,-0.5572510361671448,-0.8283010721206665,-0.17298388481140137,0.1278427690267563,-0.28005877137184143,0.7339589595794678,-0.24,-0.496756911277771,-0.45461803674697876,-0.14204323291778564,-0.04190625622868538,1.0266294479370117,0.1390620619058609,-0.4945608675479889,-0.4237387478351593,-0.024694189429283142,0.4357331395149231,-0.6900477409362793,0.8364112377166748,-1.6818568706512451,-0.03,0.9596375226974487,0.4956154525279999
3.0213167667388916,0.26903870701789856,0.6339071989059448,-0.05107283592224121,0.029107658192515373,-0.557615339756012,-0.8280153274536133,-0.17849871516227722,0.12477360665798187,-0.28466150164604187,0.7457861304283142,-0.24,-0.5024772882461548,-0.4592783749103546,-0.1432889699935913,-0.03900108486413956,1.036061406135559,0.14066822826862335,-0.4989476203918457,-0.4149009883403778,-0.05143924802541733,0.4370312988758087,-0.7030258774757385,0.8344898223876953,-1.666684627532959,-0.03,0.968788206577301,0.5074316263198853
3.0210483074188232,0.2687934637069702,0.632647693157196,-0.051431525498628616,0.029148004949092865,-0.5580980181694031,-0.8276664614677429,-0.18466442823410034,0.12184329330921173,-0.28982439637184143,0.7576860189437866,-0.24,-0.5081737637519836,-0.4642363488674164,-0.14441297948360443,-0.0366196408867836,1.0453261137008667,0.14179478585720062,-0.5032777786254883,-0.40671446919441223,-0.07752183079719543,0.43813589215278625,-0.7154903411865234,0.8308815360069275,-1.6508511304855347,-0.03,0.9767457842826843,0.5195900797843933
3.020827293395996,0.2685548961162567,0.6313558220863342,-0.051594145596027374,0.029062138870358467,-0.5586875081062317,-0.8272615671157837,-0.1915302723646164,0.11901552975177765,-0.2955619692802429,0.7698789834976196,-0.24,-0.5139726996421814,-0.4695311486721039,-0.14541631937026978,-0.03470870479941368,1.054557204246521,0.1424538940191269,-0.5076237916946411,-0.3992351293563843,-0.10280541330575943,0.43911197781562805,-0.7276620864868164,0.8256429433822632,-1.634315848350525,-0.03,0.9839625954627991,0.5321751236915588
3.02064847946167,0.26833635568618774,0.6300132274627686,-0.05158267542719841,0.028883880004286766,-0.5593623518943787,-0.8268123269081116,-0.19904300570487976,0.11626001447439194,-0.301804780960083,0.7825449109077454,-0.24,-0.5199915170669556,-0.4751295745372772,-0.14630308747291565,-0.033187270164489746,1.0638823509216309,0.14269614219665527,-0.5120619535446167,-0.39247018098831177,-0.12714309990406036,0.44004589319229126,-0.7397688627243042,0.8187738060951233,-1.617037296295166,-0.03,0.9909072518348694,0.5452609658241272
3.0204999446868896,0.26815369725227356,0.6286015510559082,-0.05143114551901817,0.02864694967865944,-0.5600904822349548,-0.8263369798660278,-0.2070477455854416,0.11351712793111801,-0.3085066080093384,0.7957431674003601,-0.24,-0.5263544917106628,-0.481000155210495,-0.14709606766700745,-0.03193873167037964,1.073438048362732,0.14256682991981506,-0.5166774988174438,-0.3863699734210968,-0.1504489630460739,0.44098708033561707,-0.7520255446434021,0.8103484511375427,-1.5990325212478638,-0.03,0.9979835152626038,0.5589202046394348
3.0203635692596436,0.26801931858062744,0.6271072030067444,-0.05117402598261833,0.028365325182676315,-0.5608250498771667,-0.8258641958236694,-0.21545352041721344,0.11072614043951035,-0.3154885470867157,0.8095701336860657,-0.24,-0.533134937286377,-0.4871688187122345,-0.1478176712989807,-0.03078526258468628,1.083337664604187,0.14211055636405945,-0.5215083360671997,-0.38082367181777954,-0.17272545397281647,0.4419777989387512,-0.7646167278289795,0.8004614114761353,-1.5804246664047241,-0.03,1.0054720640182495,0.5731510519981384
3.02021861076355,0.26793718338012695,0.6255180835723877,-0.050831299275159836,0.0280262790620327,-0.5615246295928955,-0.8254214525222778,-0.22424918413162231,0.1078132912516594,-0.32262077927589417,0.8240976333618164,-0.24,-0.5403828024864197,-0.4937562644481659,-0.1484856903553009,-0.029521308839321136,1.093695044517517,0.14138950407505035,-0.5265759825706482,-0.3757181763648987,-0.19408142566680908,0.4430729150772095,-0.7776944637298584,0.7892338037490845,-1.5614391565322876,-0.03,1.0135034322738647,0.5878376364707947
3.020045757293701,0.2679048776626587,0.623820960521698,-0.050409622490406036,0.027611680328845978,-0.5621550679206848,-0.8250321745872498,-0.23347456753253937,0.10472121089696884,-0.3298192620277405,0.8393981456756592,-0.24,-0.5481323599815369,-0.5009098649024963,-0.14909714460372925,-0.027963165193796158,1.1046125888824463,0.1404731571674347,-0.5318799614906311,-0.3709471523761749,-0.21471305191516876,0.44426894187927246,-0.7913910150527954,0.776997447013855,-1.5423129796981812,-0.03,1.0220746994018555,0.6027929186820984
3.0198264122009277,0.26791805028915405,0.6220062375068665,-0.04991491883993149,0.027121812105178833,-0.5626912117004395,-0.8247129321098328,-0.24316637217998505,0.10141273587942123,-0.33701586723327637,0.8555797338485718,-0.24,-0.5563871264457703,-0.5087029933929443,-0.1496405005455017,-0.02599378302693367,1.1161428689956665,0.139400914311409,-0.5374034643173218,-0.3664175570011139,-0.23485402762889862,0.44544288516044617,-0.805828869342804,0.7643915414810181,-1.5232094526290894,-0.03,1.0311143398284912,0.6178142428398132
3.0195436477661133,0.2679710388183594,0.6200606226921082,-0.04935463145375252,0.026576559990644455,-0.5631290078163147,-0.8244655728340149,-0.25330185890197754,0.09787237644195557,-0.3441902697086334,0.872687578201294,-0.24,-0.5652366876602173,-0.517129123210907,-0.15012723207473755,-0.02360611967742443,1.1283117532730103,0.1381608545780182,-0.543174684047699,-0.36206915974617004,-0.2547421455383301,0.4463900029659271,-0.82112717628479,0.7522028088569641,-1.5042426586151123,-0.03,1.0405545234680176,0.6327246427536011
3.0191853046417236,0.2680571377277374,0.6179775595664978,-0.048738330602645874,0.026002518832683563,-0.5634703040122986,-0.8242873549461365,-0.26388034224510193,0.0940961167216301,-0.35131773352622986,0.8908078670501709,-0.24,-0.5746595859527588,-0.5261725187301636,-0.1505749374628067,-0.020837415009737015,1.1411644220352173,0.13669730722904205,-0.5491189956665039,-0.357824444770813,-0.27455613017082214,0.44689127802848816,-0.8373769521713257,0.7411715984344482,-1.4855308532714844,-0.03,1.050341010093689,0.6474149823188782
3.0187435150146484,0.26816070079803467,0.615757405757904,-0.04807114228606224,0.025408664718270302,-0.5637160539627075,-0.8241770267486572,-0.27500247955322266,0.09013592451810837,-0.3581905961036682,0.9100726246833801,-0.24,-0.5846476554870605,-0.5358139276504517,-0.15098462998867035,-0.017703890800476074,1.1546462774276733,0.13500621914863586,-0.5552156567573547,-0.3535709083080292,-0.29437392950057983,0.4468199908733368,-0.8546043038368225,0.7317894697189331,-1.4672633409500122,-0.03,1.0604361295700073,0.661866307258606
3.018235921859741,0.2682875394821167,0.6134958267211914,-0.04745214059948921,0.024788521230220795,-0.5637620687484741,-0.8242003917694092,-0.28747886419296265,0.08555636554956436,-0.36512109637260437,0.9322485327720642,-0.24,-0.5900000000000001,-0.545761227607727,-0.15135881304740906,-0.013993421569466591,1.1682850122451782,0.13319870829582214,-0.5612092614173889,-0.34890347719192505,-0.3140530586242676,0.4459863305091858,-0.8727683424949646,0.7243739366531372,-1.449519395828247,-0.03,1.0710386037826538,0.6761008501052856
3.017707347869873,0.2684577703475952,0.6113015413284302,-0.04701656103134155,0.02414911985397339,-0.5634785294532776,-0.8244380950927734,-0.3017593026161194,0.08010320365428925,-0.37188735604286194,0.9586272835731506,-0.24,-0.5900000000000001,-0.5555957555770874,-0.15169642865657806,-0.009471527300775051,1.1815645694732666,0.13135255873203278,-0.566875696182251,-0.34338128566741943,-0.33347707986831665,0.4443385601043701,-0.891957700252533,0.7191862463951111,-1.432249903678894,-0.03,1.0822666883468628,0.690239429473877
3.0171613693237305,0.26863721013069153,0.6091418266296387,-0.04674816504120827,0.023414960131049156,-0.5630596280097961,-0.8247606158256531,-0.31693723797798157,0.07407007366418839,-0.3780989646911621,0.9873706698417664,-0.24,-0.5900000000000001,-0.5655532479286194,-0.15223753452301025,-0.004410325083881617,1.1947335004806519,0.12948232889175415,-0.572392463684082,-0.33741793036460876,-0.3530277609825134,0.4421338140964508,-0.9122709035873413,0.716346800327301,-1.4157010316848755,-0.03,1.0938209295272827,0.7044358253479004
3.0166327953338623,0.2687793970108032,0.6069709062576294,-0.04656573012471199,0.022538064047694206,-0.5627021193504333,-0.825039267539978,-0.3334867060184479,0.06791792064905167,-0.3832390308380127,1.0174314975738525,-0.24,-0.5900000000000001,-0.5758768320083618,-0.15303540229797363,0.0008140053832903504,1.2080585956573486,0.12762996554374695,-0.5779227614402771,-0.33141687512397766,-0.3728511929512024,0.4397564232349396,-0.9336077570915222,0.7153549194335938,-1.399986743927002,-0.03,1.1056383848190308,0.7183734178543091
3.016141176223755,0.26889678835868835,0.6048455834388733,-0.04654858261346817,0.021543385460972786,-0.5623698830604553,-0.8252933621406555,-0.3516342043876648,0.061035290360450745,-0.3884461522102356,1.0499986410140991,-0.24,-0.5900000000000001,-0.5862522125244141,-0.15414771437644958,0.006222174968570471,1.2212580442428589,0.1258055716753006,-0.5833899974822998,-0.3251291811466217,-0.3928079903125763,0.43738457560539246,-0.95600426197052,0.715427815914154,-1.3847829103469849,-0.03,1.1180330514907837,0.7317946553230286
3.015704870223999,0.26900413632392883,0.6027792692184448,-0.046765998005867004,0.02046535350382328,-0.5619831681251526,-0.8255718946456909,-0.37076419591903687,0.053333643823862076,-0.3938363790512085,1.0844929218292236,-0.24,-0.5900000000000001,-0.5965496301651001,-0.1554981917142868,0.012072536163032055,1.2343370914459229,0.124175526201725,-0.5888215899467468,-0.31825774908065796,-0.4129628539085388,0.43505096435546875,-0.9795268774032593,0.716576337814331,-1.3697458505630493,-0.03,1.131058931350708,0.7450129985809326
3.0153443813323975,0.2691057324409485,0.600757360458374,-0.047241099178791046,0.0193411186337471,-0.5615702867507935,-0.8258528113365173,-0.39006540179252625,0.0448538102209568,-0.3994569480419159,1.1196027994155884,-0.24,-0.5900000000000001,-0.606630265712738,-0.1571829468011856,0.018112866207957268,1.2473483085632324,0.12244077026844025,-0.5900000000000001,-0.31091222167015076,-0.43336763978004456,0.4328758120536804,-1.0039280652999878,0.7187442183494568,-1.3545842170715332,-0.03,1.1444478034973145,0.7582085728645325
3.0151212215423584,0.26919686794281006,0.5987653136253357,-0.04791787639260292,0.018241360783576965,-0.5611224174499512,-0.8261432647705078,-0.4094125032424927,0.035976868122816086,-0.40435999631881714,1.154915690422058,-0.24,-0.5840911865234375,-0.6162928342819214,-0.1590666025876999,0.023922055959701538,1.2602410316467285,0.1201968565583229,-0.5900000000000001,-0.303209513425827,-0.4539816677570343,0.43107450008392334,-1.02876615524292,0.721703290939331,-1.3390573263168335,-0.03,1.157665729522705,0.7712370157241821
3.0150649547576904,0.26928403973579407,0.5968203544616699,-0.04879853129386902,0.01718582957983017,-0.5606644749641418,-0.8264251947402954,-0.4288955330848694,0.02701132744550705,-0.4082503914833069,1.1906476020812988,-0.24,-0.5709134340286255,-0.6253464818000793,-0.1612042784690857,0.029240116477012634,1.2729029655456543,0.11725787073373795,-0.5900000000000001,-0.29534804821014404,-0.4748455882072449,0.42949745059013367,-1.0535434484481812,0.7253790497779846,-1.3230113983154297,-0.03,1.1706253290176392,0.7841163873672485
3.0151560306549072,0.2693463861942291,0.594890832901001,-0.049816977232694626,0.016082780435681343,-0.5603039860725403,-0.8266311287879944,-0.4478732645511627,0.018320215865969658,-0.41161295771598816,1.224757194519043,-0.24,-0.5564048886299133,-0.6341744661331177,-0.16369464993476868,0.03404830023646355,1.285530924797058,0.11373714357614517,-0.5900000000000001,-0.28752627968788147,-0.4963374733924866,0.42790594696998596,-1.0780683755874634,0.7293553948402405,-1.30636727809906,-0.03,1.1833394765853882,0.796750009059906
3.0153822898864746,0.26935288310050964,0.592961311340332,-0.050880733877420425,0.014851890504360199,-0.5600804686546326,-0.8267408609390259,-0.46579697728157043,0.010131455026566982,-0.4146431088447571,1.2562143802642822,-0.24,-0.5422446727752686,-0.6431534290313721,-0.16642743349075317,0.038437530398368835,1.2982110977172852,0.10985344648361206,-0.5900000000000001,-0.2796696722507477,-0.5186050534248352,0.42622458934783936,-1.1021740436553955,0.7325604557991028,-1.2887928485870361,-0.03,1.1959761381149292,0.808777928352356
3.0157408714294434,0.2692885100841522,0.5910298824310303,-0.05186964571475983,0.013490656390786171,-0.5599528551101685,-0.8267890214920044,-0.4822497069835663,0.00273866206407547,-0.41749653220176697,1.284002661705017,-0.24,-0.5298908948898315,-0.6524130702018738,-0.16910283267498016,0.042397283017635345,1.310852289199829,0.10568366199731827,-0.5900000000000001,-0.2714990973472595,-0.5415583848953247,0.42429596185684204,-1.1256120204925537,0.7342677712440491,-1.2697197198867798,-0.03,1.2087054252624512,0.8198920488357544
3.0162124633789062,0.2691567540168762,0.5890591740608215,-0.052677322179079056,0.0120004303753376,-0.5598899126052856,-0.8268036246299744,-0.49724099040031433,-0.003782781306654215,-0.42051437497138977,1.3078603744506836,-0.24,-0.5204296112060547,-0.6621527075767517,-0.17149008810520172,0.04597485810518265,1.323569893836975,0.10130104422569275,-0.5900000000000001,-0.2628951072692871,-0.5648143887519836,0.42191439867019653,-1.1478781700134277,0.7341756820678711,-1.249003529548645,-0.03,1.2214666604995728,0.8301549553871155
3.0167794227600098,0.2689736485481262,0.5870229005813599,-0.053275804966688156,0.010418068617582321,-0.5598854422569275,-0.8267897963523865,-0.5109221339225769,-0.009528826922178268,-0.4235590100288391,1.3288748264312744,-0.24,-0.513524055480957,-0.6723587512969971,-0.17349135875701904,0.04923410341143608,1.336472749710083,0.09687089174985886,-0.5900000000000001,-0.25402942299842834,-0.5876381397247314,0.4188598096370697,-1.168447494506836,0.7326494455337524,-1.2268508672714233,-0.03,1.2338714599609375,0.8396036624908447
3.017425537109375,0.2687678933143616,0.5849137306213379,-0.05366799980401993,0.00879400409758091,-0.5599281191825867,-0.8267544507980347,-0.5235069394111633,-0.014647520147264004,-0.4268356263637543,1.3477364778518677,-0.24,-0.5089759230613708,-0.6828733682632446,-0.17504049837589264,0.05224968492984772,1.3495805263519287,0.09260892122983932,-0.5900000000000001,-0.24518731236457825,-0.6092860102653503,0.41505780816078186,-1.1870911121368408,0.7302926182746887,-1.203715443611145,-0.03,1.2454365491867065,0.8482497930526733
3.0181312561035156,0.26856350898742676,0.582732617855072,-0.053861912339925766,0.007150319870561361,-0.5600086450576782,-0.8267029523849487,-0.5353505611419678,-0.019333967939019203,-0.4304996430873871,1.3651942014694214,-0.24,-0.5062568187713623,-0.6936100125312805,-0.17611952126026154,0.05512076988816261,1.3628877401351929,0.08868176490068436,-0.5900000000000001,-0.2366567999124527,-0.6292853355407715,0.4106995463371277,-1.2039064168930054,0.72740238904953,-1.1801635026931763,-0.03,1.2557843923568726,0.8562485575675964
3.0188753604888916,0.2683829963207245,0.5804891586303711,-0.05388684198260307,0.005496780388057232,-0.5601133704185486,-0.826643168926239,-0.5467187762260437,-0.0237822737544775,-0.43458491563796997,1.3818143606185913,-0.24,-0.5048208236694336,-0.7044855952262878,-0.1767711639404297,0.05795226991176605,1.3763560056686401,0.08517216145992279,-0.5900000000000001,-0.22863218188285828,-0.6474647521972656,0.4060279428958893,-1.219184160232544,0.7241048812866211,-1.1565518379211426,-0.03,1.2647522687911987,0.8637719750404358
3.01963210105896,0.2682475745677948,0.5781984925270081,-0.05379194766283035,0.003835349576547742,-0.5602207779884338,-0.8265860080718994,-0.5577821731567383,-0.028169525787234306,-0.43901893496513367,1.3980313539505005,-0.24,-0.504126250743866,-0.7154314517974854,-0.17707566916942596,0.0608917735517025,1.3899319171905518,0.08214762061834335,-0.5900000000000001,-0.22122950851917267,-0.663854718208313,0.40132075548171997,-1.2331632375717163,0.7202897071838379,-1.1330599784851074,-0.03,1.2725203037261963,0.8708494901657104
3.020378589630127,0.26817288994789124,0.5758788585662842,-0.05363226681947708,0.0021507535129785538,-0.5603110194206238,-0.8265411257743835,-0.5686737895011902,-0.032685037702322006,-0.44374921917915344,1.4141290187835693,-0.24,-0.5037372708320618,-0.7264195084571838,-0.17714780569076538,0.06408247351646423,1.403562068939209,0.0795959085226059,-0.5900000000000001,-0.21456561982631683,-0.678554117679596,0.39689943194389343,-1.245883584022522,0.715747058391571,-1.1098196506500244,-0.03,1.2794908285140991,0.8773961663246155
3.0210978984832764,0.2681679427623749,0.5735511183738708,-0.05345292016863823,0.0004275004903320223,-0.560335099697113,-0.8265392184257507,-0.57962566614151,-0.03749891743063927,-0.4486466944217682,1.430551528930664,-0.24,-0.5028669834136963,-0.7374488115310669,-0.17704811692237854,0.06765341013669968,1.4171621799468994,0.07741931080818176,-0.5900000000000001,-0.20866236090660095,-0.6916257739067078,0.3930606544017792,-1.257328987121582,0.7103510499000549,-1.086910605430603,-0.03,1.2860604524612427,0.8832883834838867
3.0217792987823486,0.26823553442955017,0.5712354779243469,-0.05330043286085129,-0.0013405424542725086,-0.5602853894233704,-0.8265818357467651,-0.5905882120132446,-0.04262041300535202,-0.45348864793777466,1.447187900543213,-0.24,-0.501283586025238,-0.7484661340713501,-0.17693819105625153,0.07156424969434738,1.4306373596191406,0.07539261132478714,-0.5900000000000001,-0.20364147424697876,-0.7030712962150574,0.3899892568588257,-1.2673183679580688,0.7043025493621826,-1.0644041299819946,-0.03,1.29244863986969,0.8890696167945862
3.0224106311798096,0.26836588978767395,0.5689494609832764,-0.05320102348923683,-0.003189008915796876,-0.5601531267166138,-0.8266727924346924,-0.601530134677887,-0.048075947910547256,-0.4581545889377594,1.4638630151748657,-0.24,-0.49905890226364136,-0.7595511078834534,-0.17690882086753845,0.0758732482790947,1.4439127445220947,0.07333464920520782,-0.5900000000000001,-0.19953219592571259,-0.7129625678062439,0.38758406043052673,-1.2757372856140137,0.6983486413955688,-1.0423822402954102,-0.03,1.2985261678695679,0.8952120542526245
3.022984266281128,0.2685454785823822,0.5667064189910889,-0.05315503850579262,-0.005144449882209301,-0.5599018335342407,-0.8268360495567322,-0.612463116645813,-0.053805816918611526,-0.462436705827713,1.4804506301879883,-0.24,-0.49609002470970154,-0.7708025574684143,-0.17693006992340088,0.08063878118991852,1.4569432735443115,0.07134148478507996,-0.5900000000000001,-0.19622963666915894,-0.7212804555892944,0.3860149681568146,-1.2826663255691528,0.6924346089363098,-1.020891547203064,-0.03,1.3042527437210083,0.9015690684318542
3.023494243621826,0.2687559127807617,0.5645188093185425,-0.05315564200282097,-0.007245262619107962,-0.559523344039917,-0.8270765542984009,-0.6234023571014404,-0.05972295254468918,-0.46619370579719543,1.4966859817504883,-0.24,-0.4924607276916504,-0.7823693752288818,-0.17698268592357635,0.08594674617052078,1.4696757793426514,0.06928031146526337,-0.5900000000000001,-0.19365829229354858,-0.727966845035553,0.3853159546852112,-1.2880511283874512,0.6867249011993408,-1.0000801086425781,-0.03,1.3093926906585693,0.908279299736023
3.023923635482788,0.26898065209388733,0.5624163150787354,-0.05322028696537018,-0.009538114070892334,-0.5589995980262756,-0.8274031281471252,-0.6342031955718994,-0.06,-0.4692371189594269,1.5121403932571411,-0.24,-0.4885389506816864,-0.7943635582923889,-0.17709150910377502,0.0919049084186554,1.4819949865341187,0.06714391708374023,-0.5900000000000001,-0.19168639183044434,-0.7328287363052368,0.3853496313095093,-1.2916417121887207,0.6816511750221252,-0.9800848960876465,-0.03,1.3135335445404053,0.915125846862793
3.0242679119110107,0.26921388506889343,0.5604404807090759,-0.05338996648788452,-0.012026345357298851,-0.5582981705665588,-0.8278332352638245,-0.6444972157478333,-0.06,-0.4716000556945801,1.5263361930847168,-0.24,-0.4846635162830353,-0.8067145347595215,-0.17727667093276978,0.09859467297792435,1.4937162399291992,0.06491944193840027,-0.5900000000000001,-0.1902007907629013,-0.735514223575592,0.38628897070884705,-1.2932664155960083,0.6769578456878662,-0.9611058235168457,-0.03,1.3166793584823608,0.921436071395874
3.024531841278076,0.26944926381111145,0.5586403608322144,-0.05369829013943672,-0.014688301831483841,-0.5574007630348206,-0.8283749222755432,-0.6538906693458557,-0.06,-0.4730340242385864,1.538769245147705,-0.24,-0.48083242774009705,-0.8192355632781982,-0.1775331199169159,0.10599241405725479,1.504616618156433,0.06260550767183304,-0.5900000000000001,-0.18918216228485107,-0.7357718348503113,0.3882240951061249,-1.2927674055099487,0.6726664900779724,-0.9435168504714966,-0.03,1.3188830614089966,0.9270038604736328
3.0247111320495605,0.26968061923980713,0.5570852160453796,-0.05418574810028076,-0.01751178875565529,-0.5562888383865356,-0.8290355205535889,-0.661865770816803,-0.06,-0.47338128089904785,1.5487110614776611,-0.24,-0.47748520970344543,-0.8317270874977112,-0.1778799593448639,0.11411791294813156,1.5143787860870361,0.06023656576871872,-0.5900000000000001,-0.18864849209785461,-0.7334714531898499,0.3911038637161255,-1.2899460792541504,0.6689468622207642,-0.9278140068054199,-0.03,1.3202323913574219,0.9316011667251587
3.024806499481201,0.2699061632156372,0.555871844291687,-0.054892752319574356,-0.020449120551347733,-0.5549313426017761,-0.8298311233520508,-0.6676405072212219,-0.06,-0.47243326902389526,1.555159330368042,-0.24,-0.47528526186943054,-0.8438021540641785,-0.17828312516212463,0.1229531317949295,1.5225380659103394,0.05791731923818588,-0.5900000000000001,-0.18869411945343018,-0.7285257577896118,0.395130455493927,-1.2845216989517212,0.6653246283531189,-0.914582371711731,-0.03,1.321061134338379,0.9346340298652649
3.0248143672943115,0.27012917399406433,0.5551332235336304,-0.055860649794340134,-0.023435747250914574,-0.5532677173614502,-0.8307978510856628,-0.6703479290008545,-0.06,-0.46993497014045715,1.5569994449615479,-0.24,-0.4747158885002136,-0.8549342751502991,-0.17863346636295319,0.1325124055147171,1.528456449508667,0.055857039988040924,-0.5900000000000001,-0.1893451064825058,-0.7210449576377869,0.40042662620544434,-1.275993824005127,0.6609492301940918,-0.9044726490974426,-0.03178398311138153,1.3214548826217651,0.9356462359428406
3.0247175693511963,0.2703579366207123,0.5550222396850586,-0.05712398514151573,-0.026435434818267822,-0.5511704683303833,-0.8320149779319763,-0.6693428754806519,-0.06,-0.465455025434494,1.553277850151062,-0.24,-0.47572076320648193,-0.8646670579910278,-0.1787085086107254,0.1430072784423828,1.5314022302627563,0.0543416365981102,-0.5900000000000001,-0.19040203094482422,-0.7113596796989441,0.4069099426269531,-1.2637673616409302,0.6547393798828125,-0.898231565952301,-0.03479116037487984,1.3212897777557373,0.9340660572052002
3.0244884490966797,0.2706175446510315,0.555703341960907,-0.05872176215052605,-0.029373539611697197,-0.548442006111145,-0.8336068391799927,-0.663956344127655,-0.06,-0.45853516459465027,1.5431303977966309,-0.24,-0.4780873954296112,-0.8724038600921631,-0.17822705209255219,0.15467317402362823,1.5305424928665161,0.05359369143843651,-0.5900000000000001,-0.1914878785610199,-0.6998996138572693,0.4142446517944336,-1.2473981380462646,0.6459985971450806,-0.8964294791221619,-0.035881079733371735,1.3202626705169678,0.9291138648986816
3.024106502532959,0.2709442675113678,0.5573314428329468,-0.06067247316241264,-0.03213649243116379,-0.5448670387268066,-0.8357067704200745,-0.6535016298294067,-0.06,-0.4487169086933136,1.525762677192688,-0.24,-0.4813064634799957,-0.8774108290672302,-0.17692914605140686,0.16757862269878387,1.5250189304351807,0.053695086389780045,-0.5900000000000001,-0.1921781599521637,-0.6874390840530396,0.4221351444721222,-1.2268470525741577,0.6339661478996277,-0.8994324207305908,-0.034929968416690826,1.3180577754974365,0.9201025366783142
3.0235610008239746,0.27138370275497437,0.5600295066833496,-0.06295784562826157,-0.0345785953104496,-0.5402388572692871,-0.8384405970573425,-0.6374582648277283,-0.06,-0.4357602000236511,1.5006757974624634,-0.24,-0.4848058223724365,-0.8788956999778748,-0.17457866668701172,0.18163299560546875,1.5140511989593506,0.05465497449040413,-0.5900000000000001,-0.19207458198070526,-0.6751224994659424,0.43049097061157227,-1.2023500204086304,0.6174982786178589,-0.9073629975318909,-0.031800564378499985,1.3143996000289917,0.9065566658973694
3.0228567123413086,0.27199405431747437,0.5638735294342041,-0.06552398949861526,-0.036507103592157364,-0.5343520045280457,-0.8419272899627686,-0.6154897212982178,-0.06,-0.41965755820274353,1.4677611589431763,-0.24,-0.4877198338508606,-0.8759881258010864,-0.1709599643945694,0.1965959221124649,1.4969828128814697,0.05639709159731865,-0.5900000000000001,-0.19083626568317413,-0.664242684841156,0.4393880367279053,-1.174242615699768,0.5952454209327698,-0.9199947714805603,-0.03,1.3091011047363281,0.8880826234817505
3.0220158100128174,0.2728365361690521,0.5688967704772949,-0.06827685981988907,-0.03772188723087311,-0.527028501033783,-0.846260130405426,-0.5873445272445679,-0.06,-0.4005087614059448,1.4271034002304077,-0.24,-0.48935365676879883,-0.8678598999977112,-0.1659599095582962,0.21203866600990295,1.4732714891433716,0.05866154655814171,-0.5900000000000001,-0.18826887011528015,-0.6561511158943176,0.4490785598754883,-1.1428320407867432,0.5656201243400574,-0.9369186758995056,-0.03,1.3021883964538574,0.8641189932823181
3.0211079120635986,0.273950457572937,0.5750802159309387,-0.07104915380477905,-0.03805667534470558,-0.5180955529212952,-0.8515166640281677,-0.5533381700515747,-0.06,-0.3782587945461273,1.3792884349822998,-0.24,-0.4900524616241455,-0.853909432888031,-0.1594662219285965,0.22732454538345337,1.4424976110458374,0.060833174735307693,-0.5900000000000001,-0.18437519669532776,-0.6518555283546448,0.4599049389362335,-1.1078144311904907,0.5274560451507568,-0.9577096104621887,-0.03,1.2934263944625854,0.834125280380249
3.0201687812805176,0.2753022313117981,0.5824352502822876,-0.07370929419994354,-0.03761164844036102,-0.5076217651367188,-0.8575968742370605,-0.5135578513145447,-0.06,-0.3542880117893219,1.3246443271636963,-0.24,-0.48727065324783325,-0.8342511057853699,-0.1520492434501648,0.24177975952625275,1.4040826559066772,0.061947084963321686,-0.5900000000000001,-0.1797734797000885,-0.6515299677848816,0.47189295291900635,-1.068590760231018,0.4803864359855652,-0.981780469417572,-0.03,1.2819267511367798,0.7973290085792542
3.0191705226898193,0.2768727242946625,0.5909000039100647,-0.07609442621469498,-0.03657722845673561,-0.49559399485588074,-0.86444091796875,-0.4676317274570465,-0.06,-0.32895568013191223,1.2612643241882324,-0.24,-0.480469673871994,-0.8095014095306396,-0.14400339126586914,0.255381315946579,1.3576580286026,0.061316657811403275,-0.5900000000000001,-0.17534150183200836,-0.6548177003860474,0.48569974303245544,-1.0240339040756226,0.42355576157569885,-1.0086222887039185,-0.03,1.26683509349823,0.7525829672813416
3.0181350708007812,0.27855491638183594,0.6001971960067749,-0.07786926627159119,-0.03519245237112045,-0.4821896553039551,-0.8718892335891724,-0.41736018657684326,-0.05092906206846237,-0.30177026987075806,1.1906182765960693,-0.24,-0.4696350693702698,-0.780960202217102,-0.1350589394569397,0.26815560460090637,1.3039045333862305,0.0589820072054863,-0.5781816840171814,-0.1729978770017624,-0.660993218421936,0.5019338130950928,-0.9721345901489258,0.3594540059566498,-1.0382366180419922,-0.03,1.2460432052612305,0.7006534337997437
3.017045259475708,0.2802591323852539,0.6098537445068359,-0.0788360983133316,-0.03374989703297615,-0.4676891565322876,-0.8797230124473572,-0.36415690183639526,-0.037945836782455444,-0.27304163575172424,1.113387942314148,-0.24,-0.45637649297714233,-0.7506014108657837,-0.12498262524604797,0.28093189001083374,1.2448481321334839,0.055730223655700684,-0.543849527835846,-0.17451944947242737,-0.6692483425140381,0.5214322209358215,-0.9129822254180908,0.2906350791454315,-1.0704562664031982,-0.03,1.2187970876693726,0.6421489119529724
3.0159029960632324,0.28191983699798584,0.6193360686302185,-0.07877666503190994,-0.03239646926522255,-0.4525424540042877,-0.887665331363678,-0.3092380166053772,-0.02457153983414173,-0.24314995110034943,1.0300066471099854,-0.24,-0.4430643916130066,-0.7201409339904785,-0.11362189054489136,0.2939688265323639,1.183028221130371,0.05228857323527336,-0.5076420903205872,-0.1810491532087326,-0.6792528629302979,0.545311450958252,-0.8482063412666321,0.21789269149303436,-1.1045985221862793,-0.03,1.18416166305542,0.5767775774002075
3.0147037506103516,0.28351208567619324,0.6281896829605103,-0.07753923535346985,-0.031197579577565193,-0.43710842728614807,-0.8955168724060059,-0.2538222074508667,-0.010660472325980663,-0.21188315749168396,0.9412646889686584,-0.24,-0.4309777319431305,-0.6909658312797546,-0.10077089816331863,0.30751118063926697,1.1208869218826294,0.04931731894612312,-0.47083762288093567,-0.192835733294487,-0.6910540461540222,0.5739709138870239,-0.7794495224952698,0.14069552719593048,-1.1401660442352295,-0.03,1.1418647766113281,0.5044392347335815
3.0134596824645996,0.2850066125392914,0.636106550693512,-0.07496510446071625,-0.030079403892159462,-0.4218495786190033,-0.9030604362487793,-0.19841709733009338,0.003998276311904192,-0.17924143373966217,0.8492847681045532,-0.24,-0.420149028301239,-0.6638234257698059,-0.08589739352464676,0.32209303975105286,1.0606690645217896,0.04940906539559364,-0.434761643409729,-0.2104417234659195,-0.7047181129455566,0.6075409054756165,-0.7071123719215393,0.059136390686035156,-1.1766968965530396,-0.03,1.0914306640625,0.42340195178985596
3.0121586322784424,0.28640323877334595,0.642949640750885,-0.07091765105724335,-0.02888440527021885,-0.4072638154029846,-0.9100947380065918,-0.14285026490688324,0.0196880791336298,-0.14498203992843628,0.754871129989624,-0.24,-0.4108889400959015,-0.6387766003608704,-0.06969868391752243,0.3354228138923645,1.0031170845031738,0.05074277147650719,-0.40000128746032715,-0.23506715893745422,-0.7202930450439453,0.6465945243835449,-0.6296683549880981,-0.025424160063266754,-1.2140125036239624,-0.03,1.031034231185913,0.3337724506855011
3.0107500553131104,0.28769412636756897,0.6486486196517944,-0.06527289748191833,-0.027608009055256844,-0.3935120701789856,-0.9165835380554199,-0.08821297436952591,0.03652353212237358,-0.10795843601226807,0.660396933555603,-0.2325824499130249,-0.4029731750488281,-0.6159827709197998,-0.05212191119790077,0.34643182158470154,0.9482196569442749,0.051045723259449005,-0.3664264678955078,-0.26792222261428833,-0.7379751801490784,0.6930980086326599,-0.5439623594284058,-0.11225179582834244,-1.2523332834243774,-0.03,0.9590914845466614,0.23971301317214966
3.0091378688812256,0.28903982043266296,0.6531457901000977,-0.058019448071718216,-0.02609267644584179,-0.3808537721633911,-0.9224441051483154,-0.03699825704097748,0.0540333166718483,-0.06777230650186539,0.5718945860862732,-0.22593574225902557,-0.3968967795372009,-0.5953812599182129,-0.03309374675154686,0.35529494285583496,0.8970087766647339,0.05171965807676315,-0.3348659873008728,-0.308315247297287,-0.7580803632736206,0.7472748160362244,-0.4484492540359497,-0.14999999999999997,-1.2897201776504517,-0.03,0.8777003288269043,0.137605682015419
3.007383346557617,0.2903520166873932,0.6564165353775024,-0.0495978444814682,-0.02445909194648266,-0.3693152368068695,-0.9276571869850159,0.009244133718311787,0.07128812372684479,-0.024116648361086845,0.49271032214164734,-0.22327104210853577,-0.3933640420436859,-0.5777367353439331,-0.012919286265969276,0.36250007152557373,0.8508926033973694,0.05244939401745796,-0.3059491813182831,-0.35920971632003784,-0.7798666954040527,0.8130777478218079,-0.33963698148727417,-0.14999999999999997,-1.3248668909072876,-0.03,0.788813054561615,0.05043701454997063
3.005323886871338,0.2917340397834778,0.6587087512016296,-0.04072382673621178,-0.022740833461284637,-0.3584895431995392,-0.932367742061615,0.05236044526100159,0.08643534779548645,0.023156950250267982,0.4196646213531494,-0.21997734904289246,-0.3912172019481659,-0.5627641081809998,0.007338404189795256,0.36974161863327026,0.8095095157623291,0.053851209580898285,-0.27940255403518677,-0.41840335726737976,-0.8070985674858093,0.8867988586425781,-0.22212164103984833,-0.14999999999999997,-1.3545362949371338,-0.03,0.6971170902252197,-0.02729889005422592
3.0027260780334473,0.29324349761009216,0.6600936055183411,-0.032143011689186096,-0.02140999399125576,-0.34827789664268494,-0.9365954399108887,0.09104099869728088,0.09752494841814041,0.06983503699302673,0.3518332839012146,-0.2111583650112152,-0.38947784900665283,-0.5521671772003174,0.026285165920853615,0.37886399030685425,0.7742969989776611,0.056806448847055435,-0.2556615471839905,-0.48467186093330383,-0.8379735946655273,0.968818187713623,-0.09730226546525955,-0.14999999999999997,-1.3772989511489868,-0.03,0.6026954054832458,-0.10181011259555817
2.9996442794799805,0.29499712586402893,0.6605949997901917,-0.023777445778250694,-0.021299656480550766,-0.3388364017009735,-0.9403035640716553,0.12189539521932602,0.10456474125385284,0.11323695629835129,0.2931184768676758,-0.19841426610946655,-0.3900890052318573,-0.5480836629867554,0.04378806799650192,0.39009055495262146,0.7462031245231628,0.06149924546480179,-0.23526698350906372,-0.556258499622345,-0.8613927364349365,1.0654817819595337,0.03888126090168953,-0.14999999999999997,-1.3921973705291748,-0.03,0.5013368725776672,-0.14999999999999997
2.99625301361084,0.297217458486557,0.6606169939041138,-0.01656855084002018,-0.02231758087873459,-0.3299676775932312,-0.9435828328132629,0.1432887762784958,0.10663530230522156,0.15053725242614746,0.29000000000000004,-0.18700352311134338,-0.39269280433654785,-0.5492563843727112,0.05817747861146927,0.4040362238883972,0.7251916527748108,0.06758561730384827,-0.21880187094211578,-0.6298336386680603,-0.8769960403442383,1.1723048686981201,0.1822262704372406,-0.14999999999999997,-1.3991459608078003,-0.03,0.3940461575984955,-0.14999999999999997
2.993739604949951,0.3006163239479065,0.6620364189147949,-0.013660803437232971,-0.02394510991871357,-0.3196961581707001,-0.9471189379692078,0.1552710384130478,0.09909722954034805,0.18005327880382538,0.29000000000000004,-0.17810630798339844,-0.38508376479148865,-0.545474112033844,0.06,0.42346853017807007,0.7004736065864563,0.06903553754091263,-0.2031453549861908,-0.6970009803771973,-0.8878090381622314,1.279313325881958,0.32478970289230347,-0.14999999999999997,-1.400716781616211,-0.03,0.2905936539173126,-0.14999999999999997
2.9915478229522705,0.3042784035205841,0.6625977754592896,-0.01203348021954298,-0.025352055206894875,-0.31081128120422363,-0.9500572085380554,0.16627563536167145,0.08928118646144867,0.2048993557691574,0.29000000000000004,-0.17181120812892914,-0.3820725381374359,-0.5462554693222046,0.06,0.44171470403671265,0.6895613074302673,0.0669676885008812,-0.19556614756584167,-0.7620095610618591,-0.8959851861000061,1.3866146802902222,0.45368775725364685,-0.14999999999999997,-1.4005744457244873,-0.03,0.18901427090168,-0.14999999999999997
2.98970103263855,0.30800947546958923,0.6626944541931152,-0.011666283011436462,-0.02619638852775097,-0.30286136269569397,-0.9526029229164124,0.17596104741096497,0.07789687812328339,0.22609034180641174,0.29000000000000004,-0.16519053280353546,-0.381901353597641,-0.5490587949752808,0.06,0.4595891833305359,0.6887675523757935,0.06395091861486435,-0.1962321549654007,-0.8213062882423401,-0.8991209268569946,1.488703727722168,0.5703865885734558,-0.14999999999999997,-1.4055792093276978,-0.03,0.09082699567079544,-0.14999999999999997
2.9882006645202637,0.31161022186279297,0.6623692512512207,-0.012258443050086498,-0.027083881199359894,-0.2962137460708618,-0.9546588063240051,0.18308581411838531,0.06575492024421692,0.2425863891839981,0.29000000000000004,-0.15928730368614197,-0.38392478227615356,-0.5538188219070435,0.06,0.47636348009109497,0.694050133228302,0.06090344116091728,-0.1995851695537567,-0.8736187815666199,-0.8983880281448364,1.5840617418289185,0.6779183745384216,-0.14999999999999997,-1.4093047380447388,-0.03963454067707062,-0.007151003926992416,-0.14999999999999997
2.9869909286499023,0.31495457887649536,0.6616926193237305,-0.013866325840353966,-0.02782275900244713,-0.2908559739589691,-0.9562615752220154,0.1870436668395996,0.05338232219219208,0.2541578710079193,0.29000000000000004,-0.15422005951404572,-0.38837429881095886,-0.5611482858657837,0.06,0.4919912815093994,0.7071635723114014,0.05838729441165924,-0.20578855276107788,-0.9176723957061768,-0.8982219696044922,1.6685744524002075,0.7735082507133484,-0.14999999999999997,-1.4105557203292847,-0.07518038898706436,-0.10245788097381592,-0.14999999999999997
2.9860219955444336,0.3179844617843628,0.6605646014213562,-0.016660692170262337,-0.027857249602675438,-0.28667569160461426,-0.9574776291847229,0.18965965509414673,0.04070746526122093,0.26192545890808105,0.29000000000000004,-0.14944010972976685,-0.3958660066127777,-0.5689597129821777,0.06,0.5059933662414551,0.7267518043518066,0.0534479096531868,-0.2171773612499237,-0.9517357349395752,-0.9010332822799683,1.7363828420639038,0.8542813658714294,-0.14999999999999997,-1.407640814781189,-0.10268601030111313,-0.1880469173192978,-0.14999999999999997
2.985173463821411,0.3205524682998657,0.6590233445167542,-0.02031879685819149,-0.02683533914387226,-0.2840515673160553,-0.9582179188728333,0.19176320731639862,0.028787221759557724,0.2658002972602844,0.29000000000000004,-0.14488577842712402,-0.40645378828048706,-0.5754284858703613,0.06,0.5162355303764343,0.7499951124191284,0.04534939303994179,-0.23354089260101318,-0.9757116436958313,-0.9073783755302429,1.7837313413619995,0.9186437129974365,-0.14999999999999997,-1.3975856304168701,-0.12073302268981934,-0.25640952587127686,-0.14999999999999997
2.9842946529388428,0.3224492371082306,0.6574229001998901,-0.0240428876131773,-0.02493256889283657,-0.28320351243019104,-0.9584341645240784,0.19273224472999573,0.01937028206884861,0.26577839255332947,0.29000000000000004,-0.14052356779575348,-0.41838809847831726,-0.5823388695716858,0.06,0.5237551927566528,0.7771814465522766,0.040465157479047775,-0.2462247610092163,-0.9899024367332458,-0.9148411750793457,1.8113523721694946,0.9700047969818115,-0.14999999999999997,-1.379167079925537,-0.12948459386825562,-0.3049015998840332,-0.14999999999999997
2.9834420680999756,0.32391858100891113,0.6559670567512512,-0.02851540595293045,-0.022745231166481972,-0.28375744819641113,-0.958202064037323,0.19275346398353577,0.010014848783612251,0.26236972212791443,0.29000000000000004,-0.1368563175201416,-0.428206205368042,-0.5868828296661377,0.056548524647951126,0.527432382106781,0.8013354539871216,0.03349100798368454,-0.26100796461105347,-0.9941036105155945,-0.9215922355651855,1.8228524923324585,1.0140230655670166,-0.14999999999999997,-1.3563592433929443,-0.1307050585746765,-0.3341512084007263,-0.14999999999999997
2.9826738834381104,0.3250725269317627,0.6545693874359131,-0.03371549770236015,-0.020487919449806213,-0.2862641513347626,-0.9573380351066589,0.19405217468738556,4.608665403793566e-05,0.25536638498306274,0.29000000000000004,-0.1337297111749649,-0.43506699800491333,-0.5905367136001587,0.046795085072517395,0.5274985432624817,0.8252525925636292,0.02463775873184204,-0.2778657376766205,-0.9914522171020508,-0.9243770241737366,1.8243979215621948,1.0541718006134033,-0.14999999999999997,-1.3321236371994019,-0.12563364207744598,-0.34629541635513306,-0.14999999999999997
2.982189655303955,0.3260723054409027,0.6532872915267944,-0.03982597216963768,-0.018076814711093903,-0.2911207675933838,-0.9556859731674194,0.19755078852176666,-0.010853180661797523,0.24437840282917023,0.29000000000000004,-0.13015316426753998,-0.43829628825187683,-0.5926939845085144,0.03254743292927742,0.5235297083854675,0.849190354347229,0.017049843445420265,-0.29646292328834534,-0.9850648045539856,-0.9227608442306519,1.820000410079956,1.0881893634796143,-0.14999999999999997,-1.3087432384490967,-0.11554639786481857,-0.3417481780052185,-0.14999999999999997
2.9820737838745117,0.3268004059791565,0.652108371257782,-0.0463433563709259,-0.015452698804438114,-0.2989642322063446,-0.9530130624771118,0.20102322101593018,-0.020536240190267563,0.22715316712856293,0.29000000000000004,-0.12717220187187195,-0.4398689568042755,-0.5933072566986084,0.01462552323937416,0.5153175592422485,0.8735054135322571,0.01432107575237751,-0.31480076909065247,-0.9783418774604797,-0.9191743731498718,1.81155526638031,1.1078399419784546,-0.14999999999999997,-1.287752628326416,-0.10124178230762482,-0.3211134076118469,-0.14999999999999997
2.9823155403137207,0.3270893394947052,0.6509864926338196,-0.05281777307391167,-0.012779738754034042,-0.3095630407333374,-0.9493248462677002,0.20152240991592407,-0.027532318606972694,0.20323339104652405,0.29000000000000004,-0.1250762641429901,-0.44196411967277527,-0.5917543172836304,-0.006083056330680847,0.5026227831840515,0.8961531519889832,0.015551493503153324,-0.3333642780780792,-0.9718468189239502,-0.9152566194534302,1.7977075576782227,1.1075886487960815,-0.14999999999999997,-1.2719618082046509,-0.08450962603092194,-0.28430885076522827,-0.14999999999999997
2.9828481674194336,0.32675111293792725,0.6499470472335815,-0.05878344178199768,-0.010388980619609356,-0.3219340443611145,-0.9448782801628113,0.1977187842130661,-0.03139951452612877,0.17433686554431915,0.29000000000000004,-0.12422731518745422,-0.4450148940086365,-0.5888076424598694,-0.027569282799959183,0.4864848554134369,0.915919840335846,0.02030937559902668,-0.35056138038635254,-0.9634305238723755,-0.9090313911437988,1.7762236595153809,1.0893293619155884,-0.14999999999999997,-1.262434482574463,-0.06686554849147797,-0.23381079733371735,-0.14999999999999997
2.9836034774780273,0.3256702423095703,0.6490032076835632,-0.06399329751729965,-0.008692756295204163,-0.33507513999938965,-0.9399754405021667,0.18914273381233215,-0.0326077975332737,0.1424650102853775,0.3045283854007721,-0.12475520372390747,-0.4485825300216675,-0.5857681632041931,-0.04805205017328262,0.4688531458377838,0.9323328733444214,0.028600608929991722,-0.36522525548934937,-0.9507296681404114,-0.8983647227287292,1.7471832036972046,1.0578943490982056,-0.14999999999999997,-1.259203553199768,-0.04855998232960701,-0.17466308176517487,-0.14999999999999997
2.9845614433288574,0.3238641321659088,0.6481199860572815,-0.06841754168272018,-0.007668316829949617,-0.34879663586616516,-0.9346661567687988,0.17586550116539001,-0.03159259259700775,0.10802601277828217,0.3256473243236542,-0.12651248276233673,-0.4526298940181732,-0.5828111171722412,-0.06705235689878464,0.4503061771392822,0.9457237124443054,0.04080738499760628,-0.37747517228126526,-0.9336168169975281,-0.8828262090682983,1.7117403745651245,1.0162525177001953,-0.14999999999999997,-1.2617061138153076,-0.03,-0.11076509207487106,-0.14999999999999997
2.985682249069214,0.32144129276275635,0.64726322889328,-0.07208158820867538,-0.006846461445093155,-0.36339977383613586,-0.9288153052330017,0.15867023169994354,-0.028550824150443077,0.0707327201962471,0.35022348165512085,-0.12967829406261444,-0.4572947323322296,-0.5795082449913025,-0.08422420173883438,0.4313986003398895,0.9577724933624268,0.059657324105501175,-0.386130690574646,-0.9131693243980408,-0.862820029258728,1.6698521375656128,0.9648008346557617,-0.14999999999999997,-1.2692368030548096,-0.03,-0.0436675064265728,-0.14999999999999997
2.986855983734131,0.3186414837837219,0.6463459134101868,-0.07547159492969513,-0.00586666539311409,-0.37855857610702515,-0.9224765300750732,0.13731710612773895,-0.02510288543999195,0.03200552612543106,0.3794899880886078,-0.13413003087043762,-0.4625803828239441,-0.5723428726196289,-0.10202717036008835,0.41009631752967834,0.9643127918243408,0.08201806247234344,-0.396921843290329,-0.8887112736701965,-0.838916003704071,1.6198768615722656,0.9029083847999573,-0.14999999999999997,-1.2818777561187744,-0.03,0.026399711146950722,-0.14999999999999997
2.988035202026367,0.3157649338245392,0.6457928419113159,-0.07886844873428345,-0.0040726978331804276,-0.39399561285972595,-0.9157131314277649,0.11098397523164749,-0.022826923057436943,-0.004173732828348875,0.4123533368110657,-0.1397905796766281,-0.4649932086467743,-0.5621054768562317,-0.11941823363304138,0.38779547810554504,0.9696817994117737,0.10518346726894379,-0.404443621635437,-0.8591445088386536,-0.8097126483917236,1.5588144063949585,0.8310633897781372,-0.14999999999999997,-1.2975729703903198,-0.03,0.09871645271778107,-0.14999999999999997
2.989091157913208,0.31313037872314453,0.6457571387290955,-0.08293652534484863,-0.0014653628459200263,-0.4090110957622528,-0.9087514281272888,0.07785196602344513,-0.025359591469168663,-0.036913834512233734,0.4493660032749176,-0.1419629454612732,-0.46240901947021484,-0.5462759137153625,-0.13850699365139008,0.3643472194671631,0.9701333045959473,0.12717053294181824,-0.4123222529888153,-0.822410523891449,-0.7738919258117676,1.4849181175231934,0.7514641880989075,-0.14999999999999997,-1.3150845766067505,-0.03,0.17329524457454681,-0.14999999999999997
2.9898288249969482,0.3111417293548584,0.6464794874191284,-0.08786813914775848,0.0020395193714648485,-0.42297860980033875,-0.9018669128417969,0.038564857095479965,-0.03523131087422371,-0.06779294461011887,0.486456036567688,-0.13941000401973724,-0.4512021541595459,-0.5289433002471924,-0.16114965081214905,0.3332821726799011,0.971400797367096,0.12227427959442139,-0.4192713499069214,-0.7772321105003357,-0.7299000024795532,1.398159146308899,0.6660268306732178,-0.14999999999999997,-1.3321826457977295,-0.03,0.25099268555641174,-0.14999999999999997
2.990363121032715,0.3096366226673126,0.647387683391571,-0.09320060908794403,0.005885696038603783,-0.43485555052757263,-0.8956447839736938,-0.0033789235167205334,-0.049821529537439346,-0.09653420001268387,0.5236347913742065,-0.1344829946756363,-0.44217729568481445,-0.5090099573135376,-0.18274381756782532,0.30585265159606934,0.9700726866722107,0.12141571938991547,-0.4252050817012787,-0.7226780652999878,-0.6784295439720154,1.3039597272872925,0.5768648982048035,-0.14999999999999997,-1.346827507019043,-0.03,0.33265963196754456,-0.14999999999999997
2.9908201694488525,0.30839917063713074,0.6479537487030029,-0.09807083755731583,0.009650432504713535,-0.4446254372596741,-0.8902791738510132,-0.04262947663664818,-0.06,-0.12213288247585297,0.5569669008255005,-0.13069261610507965,-0.4360281527042389,-0.49069952964782715,-0.20084071159362793,0.282223105430603,0.9701375961303711,0.12037746608257294,-0.43101873993873596,-0.6611118912696838,-0.6212352514266968,1.2089887857437134,0.4855031967163086,-0.14999999999999997,-1.3556861877441406,-0.03,0.4179677963256836,-0.14999999999999997
2.991243839263916,0.3072163760662079,0.6477804780006409,-0.1017666682600975,0.013007944449782372,-0.45223087072372437,-0.885980486869812,-0.0754636898636818,-0.06,-0.14241915941238403,0.5845630168914795,-0.1301557570695877,-0.4291898310184479,-0.47731029987335205,-0.21346957981586456,0.2637346386909485,0.9740697145462036,0.11943574994802475,-0.43733230233192444,-0.594709038734436,-0.5626392364501953,1.117912769317627,0.3893314003944397,-0.14999999999999997,-1.355965495109558,-0.03,0.5057983994483948,-0.14999999999999997
2.991471529006958,0.3059714436531067,0.6467287540435791,-0.104081891477108,0.015467764809727669,-0.4576667249202728,-0.8828752040863037,-0.10036598891019821,-0.06,-0.1557779312133789,0.6084931492805481,-0.13033778965473175,-0.4237614572048187,-0.4717455804347992,-0.22050374746322632,0.25208669900894165,0.9830614328384399,0.1188722625374794,-0.44419413805007935,-0.5246445536613464,-0.5071740746498108,1.0318937301635742,0.28581711649894714,-0.14999999999999997,-1.3467519283294678,-0.03,0.5949640274047852,-0.14999999999999997
2.9912374019622803,0.3045837879180908,0.6447755098342896,-0.10506132990121841,0.016306158155202866,-0.46140924096107483,-0.8807938694953918,-0.11794731020927429,-0.06,-0.1627747118473053,0.6304495930671692,-0.1273820400238037,-0.41826027631759644,-0.4767131209373474,-0.22326073050498962,0.24815650284290314,0.9978009462356567,0.11878572404384613,-0.4514303207397461,-0.45280206203460693,-0.45846816897392273,0.9510340690612793,0.1771007627248764,-0.14999999999999997,-1.327296257019043,-0.03,0.6829149723052979,-0.14999999999999997
2.990471839904785,0.3032122254371643,0.6421319842338562,-0.10520803183317184,0.015404844656586647,-0.4641786813735962,-0.8793360590934753,-0.1347258985042572,-0.06,-0.16943925619125366,0.6493262648582458,-0.12069607526063919,-0.40299487113952637,-0.490923672914505,-0.224003404378891,0.25106072425842285,1.0171418190002441,0.11993318051099777,-0.45905935764312744,-0.38244926929473877,-0.4178078770637512,0.8740074038505554,0.06932927668094635,-0.14999999999999997,-1.2951464653015137,-0.03,0.7668981552124023,-0.14999999999999997
2.989351987838745,0.3020111322402954,0.6395162343978882,-0.10531467944383621,0.013196106068789959,-0.4670480787754059,-0.8778386116027832,-0.15658628940582275,-0.06,-0.18112769722938538,0.6763536334037781,-0.12342317402362823,-0.41198861598968506,-0.5088039636611938,-0.22592391073703766,0.25674140453338623,1.0364713668823242,0.12231039255857468,-0.46611523628234863,-0.3195733428001404,-0.38404974341392517,0.8011500239372253,-0.027495287358760834,-0.14999999999999997,-1.2478148937225342,-0.03,0.8410881757736206,-0.14999999999999997
2.9882113933563232,0.3008536398410797,0.6368113160133362,-0.10461580753326416,0.010695966891944408,-0.4718326926231384,-0.8753941655158997,-0.18156620860099792,-0.06,-0.19817784428596497,0.7051422595977783,-0.12732474505901337,-0.4208899438381195,-0.5263774394989014,-0.22901222109794617,0.2579593062400818,1.0553096532821655,0.12467649579048157,-0.47368165850639343,-0.2725718021392822,-0.35546427965164185,0.7390797138214111,-0.1042919009923935,-0.14999999999999997,-1.187287449836731,-0.03,0.8934882879257202,-0.1312064528465271
2.987321376800537,0.29977142810821533,0.6341302990913391,-0.10306475311517715,0.008808789774775505,-0.4790189862251282,-0.8716884255409241,-0.20732387900352478,-0.06,-0.22185252606868744,0.7348464131355286,-0.13294875621795654,-0.4295308589935303,-0.5398219227790833,-0.23355604708194733,0.2512098252773285,1.072535753250122,0.1263214498758316,-0.4821264445781708,-0.24397419393062592,-0.33001115918159485,0.6900962591171265,-0.1586095541715622,-0.14999999999999997,-1.1201210021972656,-0.03,0.9191669821739197,-0.0875510424375534
2.986743211746216,0.2988594174385071,0.6315046548843384,-0.10102768242359161,0.007836471311748028,-0.4875451624393463,-0.867197573184967,-0.23128774762153625,-0.06,-0.24977222084999084,0.7638629078865051,-0.14116066694259644,-0.43787190318107605,-0.5485774874687195,-0.23887820541858673,0.2386407107114792,1.088275671005249,0.12745119631290436,-0.49142947793006897,-0.2300366312265396,-0.3061635196208954,0.6537320613861084,-0.19543714821338654,-0.14999999999999997,-1.0535768270492554,-0.03,0.9221097826957703,-0.03714877367019653
2.9864730834960938,0.2981279194355011,0.6288864016532898,-0.09858523309230804,0.007837996818125248,-0.49620887637138367,-0.8625521659851074,-0.2538618743419647,-0.06,-0.27696025371551514,0.7944985032081604,-0.14535553753376007,-0.4477958381175995,-0.5534995794296265,-0.24335768818855286,0.22311319410800934,1.1029940843582153,0.12841401994228363,-0.501274049282074,-0.2268134504556656,-0.2807208299636841,0.6301156282424927,-0.22049416601657867,-0.14999999999999997,-0.9927306175231934,-0.03,0.9073967337608337,0.021038036793470383
2.986459970474243,0.2974967658519745,0.6261845827102661,-0.09557480365037918,0.009037071838974953,-0.5047010779380798,-0.8579396605491638,-0.27495551109313965,-0.06,-0.30440184473991394,0.8269996047019958,-0.14908258616924286,-0.45925650000572205,-0.5546741485595703,-0.24615886807441711,0.2044975310564041,1.116795301437378,0.12842930853366852,-0.5114365816116333,-0.23405389487743378,-0.25087517499923706,0.6184179782867432,-0.2372124195098877,-0.14999999999999997,-0.939764142036438,-0.03,0.8782235383987427,0.09044315665960312
2.9865665435791016,0.29684725403785706,0.6232662200927734,-0.09148646891117096,0.010915207676589489,-0.5128848552703857,-0.853498637676239,-0.29659968614578247,-0.06,-0.3335300385951996,0.8618633151054382,-0.15485264360904694,-0.4726414382457733,-0.554828941822052,-0.24611112475395203,0.18425600230693817,1.130426049232483,0.12838786840438843,-0.5216826796531677,-0.2520698606967926,-0.2106483280658722,0.6188532114028931,-0.24350185692310333,-0.14999999999999997,-0.8975710272789001,-0.03,0.8350517749786377,0.17244862020015717
2.9866106510162354,0.2961728274822235,0.6201619505882263,-0.08627314865589142,0.01279387716203928,-0.5205623507499695,-0.8493573069572449,-0.32017919421195984,-0.06,-0.3632144331932068,0.8986659049987793,-0.16107606887817383,-0.4871430993080139,-0.5563969612121582,-0.24317531287670135,0.16479718685150146,1.1440768241882324,0.12964433431625366,-0.5315686464309692,-0.27973634004592896,-0.15628525614738464,0.6281660199165344,-0.2395811378955841,-0.14999999999999997,-0.869217038154602,-0.03,0.7786786556243896,0.26343345642089844
2.986407995223999,0.2956559658050537,0.6170195937156677,-0.0805269405245781,0.014317302033305168,-0.5275113582611084,-0.8456016182899475,-0.34404638409614563,-0.06,-0.3922678530216217,0.9345271587371826,-0.16836275160312653,-0.5014616250991821,-0.559968113899231,-0.23923073709011078,0.14714691042900085,1.1573666334152222,0.13050994277000427,-0.5402308702468872,-0.3146638870239258,-0.08575271815061569,0.6403863430023193,-0.22748278081417084,-0.14999999999999997,-0.8566759824752808,-0.03,0.7120557427406311,0.35657626390457153
2.985891580581665,0.29543787240982056,0.6139929294586182,-0.07476992160081863,0.015324086882174015,-0.533674418926239,-0.84223872423172,-0.367276132106781,-0.06,-0.418333500623703,0.9682186245918274,-0.17381027340888977,-0.514827311038971,-0.5647816061973572,-0.23605908453464508,0.13091491162776947,1.1691820621490479,0.12913620471954346,-0.5477826595306396,-0.3544487953186035,0.0002473392814863473,0.6495314836502075,-0.2092244178056717,-0.14999999999999997,-0.8595249652862549,-0.03,0.6373580098152161,0.44553476572036743
2.985105037689209,0.2955770492553711,0.6111757755279541,-0.06914784759283066,0.01582338847219944,-0.538960337638855,-0.8393389582633972,-0.3891517221927643,-0.06,-0.4410719573497772,0.9989936351776123,-0.17781499028205872,-0.5270541310310364,-0.5704025626182556,-0.2339828908443451,0.11589549481868744,1.179185152053833,0.12477913498878479,-0.5538650155067444,-0.39682990312576294,0.0980992466211319,0.6511874198913574,-0.1866016983985901,-0.14999999999999997,-0.8755763173103333,-0.03,0.5563385486602783,0.5277184247970581
2.984267234802246,0.2959965765476227,0.608645498752594,-0.0634324923157692,0.015919476747512817,-0.5430575013160706,-0.8371448516845703,-0.40955957770347595,-0.06,-0.4603618383407593,1.0266700983047485,-0.1810261309146881,-0.538480818271637,-0.5769913196563721,-0.22985665500164032,0.10589741170406342,1.1881810426712036,0.12515413761138916,-0.5593941807746887,-0.4392316937446594,0.20284585654735565,0.6431461572647095,-0.1617664396762848,-0.14999999999999997,-0.9016033411026001,-0.03,0.47048333287239075,0.6021624803543091
2.9835400581359863,0.2966759502887726,0.6063684225082397,-0.05767007917165756,0.0157204270362854,-0.5463345646858215,-0.8354312777519226,-0.42844700813293457,-0.06,-0.4774651527404785,1.051628589630127,-0.18399660289287567,-0.549335777759552,-0.5836707353591919,-0.22500303387641907,0.09747394919395447,1.1958074569702148,0.12573163211345673,-0.5642597079277039,-0.48149165511131287,0.31096434593200684,0.6248390078544617,-0.13450957834720612,-0.14999999999999997,-0.9350610971450806,-0.03,0.3824883997440338,0.6694269180297852
2.9831278324127197,0.2975768446922302,0.6043199300765991,-0.05191623792052269,0.01546716783195734,-0.5489699244499207,-0.8340846300125122,-0.4454030692577362,-0.06,-0.4930427670478821,1.0741674900054932,-0.18690058588981628,-0.5600796341896057,-0.5894705653190613,-0.21922695636749268,0.08971995860338211,1.202237844467163,0.12633107602596283,-0.5690327286720276,-0.5233965516090393,0.42072761058807373,0.5973854064941406,-0.1040591150522232,-0.14999999999999997,-0.9731464982032776,-0.03,0.2951047718524933,0.7291865944862366
2.9831016063690186,0.2986268699169159,0.6024844646453857,-0.04621627926826477,0.01516326330602169,-0.5511706471443176,-0.8329735398292542,-0.46058183908462524,-0.06,-0.5077031850814819,1.09440016746521,-0.18995261192321777,-0.5706497430801392,-0.5943809747695923,-0.21308350563049316,0.08144214004278183,1.2077157497406006,0.12561996281147003,-0.573775589466095,-0.5647933483123779,0.5299423336982727,0.5627431273460388,-0.07027149200439453,-0.14999999999999997,-1.0133904218673706,-0.04948125034570694,0.2109251320362091,0.7800135612487793
2.9833946228027344,0.29972371459007263,0.6009029150009155,-0.04069468006491661,0.014517700299620628,-0.5531157851219177,-0.831983208656311,-0.47446805238723755,-0.06,-0.5215780735015869,1.1117795705795288,-0.19316326081752777,-0.580316960811615,-0.5993443131446838,-0.20734815299510956,0.07275090366601944,1.2124958038330078,0.12303246557712555,-0.5781707763671875,-0.6057519912719727,0.6351574063301086,0.5228360891342163,-0.03220821171998978,-0.14999999999999997,-1.0543407201766968,-0.07960133254528046,0.13166603446006775,0.8204399943351746
2.983886241912842,0.3008103668689728,0.5996726751327515,-0.035604074597358704,0.013349208049476147,-0.5549414157867432,-0.831019937992096,-0.4870047867298126,-0.06,-0.5342217683792114,1.125417709350586,-0.19614407420158386,-0.5882173180580139,-0.6045017242431641,-0.2029319852590561,0.06385616213083267,1.2161965370178223,0.11860767006874084,-0.5820613503456116,-0.6464519500732422,0.7322871088981628,0.47949114441871643,0.011803225614130497,-0.14999999999999997,-1.0947149991989136,-0.10352353006601334,0.05914587154984474,0.8477335572242737
2.9845221042633057,0.3018191158771515,0.598821222782135,-0.03102441318333149,0.011760522611439228,-0.556766152381897,-0.8300063014030457,-0.4980897009372711,-0.06,-0.5457834005355835,1.1352475881576538,-0.19890442490577698,-0.5900000000000001,-0.6094328165054321,-0.19977031648159027,0.05502517148852348,1.2185407876968384,0.11356061697006226,-0.5852456092834473,-0.6868345141410828,0.8180758357048035,0.4351608157157898,0.0634615495800972,-0.14999999999999997,-1.132910132408142,-0.11851797997951508,-0.0076955463737249374,0.8596791625022888
2.9852561950683594,0.3027125298976898,0.5982028245925903,-0.026973549276590347,0.009978975169360638,-0.5584953427314758,-0.8290088772773743,-0.5078655481338501,-0.06,-0.5562766194343567,1.142493724822998,-0.2015901654958725,-0.5900000000000001,-0.614144504070282,-0.19745653867721558,0.04667819291353226,1.220203161239624,0.10833648592233658,-0.5879908204078674,-0.7255726456642151,0.8912554979324341,0.39269930124282837,0.12221512198448181,-0.14999999999999997,-1.1678204536437988,-0.12387222796678543,-0.07130126655101776,0.8589708209037781
2.9860012531280518,0.30348366498947144,0.5976065397262573,-0.023536672815680504,0.008132786490023136,-0.5598052144050598,-0.828249990940094,-0.5166143774986267,-0.06,-0.5649724006652832,1.1486831903457642,-0.20401576161384583,-0.5900000000000001,-0.6193703413009644,-0.1955803781747818,0.04005253687500954,1.2224400043487549,0.10312135517597198,-0.5900000000000001,-0.7604154944419861,0.9513607621192932,0.3541560173034668,0.1861579269170761,-0.14999999999999997,-1.198480486869812,-0.12101515382528305,-0.13227686285972595,0.8490932583808899
2.986671209335327,0.30409494042396545,0.5968545079231262,-0.02074793167412281,0.006187610328197479,-0.5604173541069031,-0.82792729139328,-0.5249585509300232,-0.06,-0.5711685419082642,1.1550242900848389,-0.20586881041526794,-0.5900000000000001,-0.6262463927268982,-0.19338619709014893,0.03724358230829239,1.2266790866851807,0.09976054728031158,-0.5900000000000001,-0.7896878719329834,0.9982214570045471,0.32039445638656616,0.2553834319114685,-0.14999999999999997,-1.2243667840957642,-0.11103040724992752,-0.19133438169956207,0.8319022059440613
2.987236499786377,0.30455613136291504,0.5958287119865417,-0.018688667565584183,0.004246910568326712,-0.5601716041564941,-0.8281547427177429,-0.5327431559562683,-0.06,-0.5747290849685669,1.1621843576431274,-0.20758342742919922,-0.5900000000000001,-0.6346681118011475,-0.1907281130552292,0.038598839193582535,1.2325502634048462,0.0982259213924408,-0.5900000000000001,-0.812603235244751,1.0327197313308716,0.29165956377983093,0.33233484625816345,-0.14999999999999997,-1.2455068826675415,-0.09464843571186066,-0.24777346849441528,0.8081379532814026
2.9877591133117676,0.30491960048675537,0.5944976210594177,-0.017410792410373688,0.002635569078847766,-0.5589441061019897,-0.8290181756019592,-0.5392125844955444,-0.06,-0.5756234526634216,1.1705316305160522,-0.2094472348690033,-0.5900000000000001,-0.6438570022583008,-0.18718954920768738,0.0439482145011425,1.2405511140823364,0.09843700379133224,-0.5900000000000001,-0.8288385272026062,1.0570034980773926,0.26823756098747253,0.4196450412273407,-0.14999999999999997,-1.262350082397461,-0.07277392596006393,-0.3005095422267914,0.7784424424171448
2.988330125808716,0.3052120804786682,0.592857837677002,-0.016844669356942177,0.0016231705667451024,-0.5567855834960938,-0.8304837346076965,-0.5439695119857788,-0.06,-0.5742074251174927,1.1803542375564575,-0.21141976118087769,-0.5900000000000001,-0.6527037024497986,-0.18217886984348297,0.052817538380622864,1.2502861022949219,0.10112076997756958,-0.5900000000000001,-0.838423490524292,1.0735969543457031,0.25110960006713867,0.5177103877067566,-0.1461630016565323,-1.2753949165344238,-0.04677626118063927,-0.3504636585712433,0.7427744269371033
2.9889893531799316,0.3054012060165405,0.5909458994865417,-0.016828903928399086,0.001176123390905559,-0.5539448857307434,-0.8323822617530823,-0.5473347902297974,-0.06,-0.5712546706199646,1.1915067434310913,-0.21352550387382507,-0.5900000000000001,-0.660834014415741,-0.17540328204631805,0.0647946447134018,1.2611982822418213,0.10726453363895416,-0.5900000000000001,-0.8415812253952026,1.0840387344360352,0.24221982061862946,0.6242057681083679,-0.08856618404388428,-1.2851502895355225,-0.03,-0.3994029760360718,0.7009066343307495
2.9897191524505615,0.3054349422454834,0.5888229608535767,-0.017194552347064018,0.0010408128146082163,-0.5506240129470825,-0.8345756530761719,-0.5499923229217529,-0.06,-0.5673268437385559,1.203534722328186,-0.2158021330833435,-0.5900000000000001,-0.6685892939567566,-0.16675126552581787,0.07984507828950882,1.2727713584899902,0.11759848892688751,-0.5900000000000001,-0.8381443023681641,1.088820219039917,0.24367909133434296,0.7347622513771057,-0.021482961252331734,-1.292036771774292,-0.03,-0.4483470916748047,0.6539739966392517
2.9903697967529297,0.30546244978904724,0.5866160988807678,-0.01797879859805107,0.0010480477940291166,-0.5469755530357361,-0.8369548320770264,-0.5517351031303406,-0.06,-0.562273383140564,1.2155946493148804,-0.21814502775669098,-0.5900000000000001,-0.6775909662246704,-0.15967461466789246,0.09367181360721588,1.287215232849121,0.12172859907150269,-0.5900000000000001,-0.8281249403953552,1.0881173610687256,0.25531166791915894,0.8441199660301208,0.05410599336028099,-1.295889973640442,-0.03,-0.4971989095211029,0.604770839214325
2.9908251762390137,0.30556032061576843,0.5843507051467896,-0.019113654270768166,0.0009969553211703897,-0.5423858165740967,-0.8399114012718201,-0.5529777407646179,-0.06,-0.5542036294937134,1.2277195453643799,-0.2196917086839676,-0.5900000000000001,-0.6874338388442993,-0.15394195914268494,0.10657031834125519,1.301521897315979,0.1192488893866539,-0.5900000000000001,-0.8105051517486572,1.0820077657699585,0.27457496523857117,0.9473108053207397,0.1373763084411621,-1.2957465648651123,-0.03,-0.5453648567199707,0.5558823347091675
2.9911506175994873,0.30566757917404175,0.5821220278739929,-0.0204514991492033,0.0007975692278705537,-0.5370132327079773,-0.8433254361152649,-0.5538973212242126,-0.06,-0.5438046455383301,1.2392901182174683,-0.2207585871219635,-0.5900000000000001,-0.6981192827224731,-0.14648127555847168,0.12315493822097778,1.3160415887832642,0.11987844109535217,-0.5900000000000001,-0.7868614792823792,1.0705419778823853,0.2980356812477112,1.039933204650879,0.22940251231193542,-1.2908563613891602,-0.03,-0.5905782580375671,0.5096763968467712
2.9912898540496826,0.30579841136932373,0.5799483060836792,-0.022109104320406914,0.0001755430130288005,-0.5316517949104309,-0.8466743230819702,-0.5550329089164734,-0.06,-0.5322154760360718,1.2499165534973145,-0.22101733088493347,-0.5900000000000001,-0.7096307277679443,-0.139064759016037,0.14210812747478485,1.3307675123214722,0.12314785271883011,-0.5900000000000001,-0.7605770230293274,1.053686261177063,0.321598082780838,1.120210886001587,0.32782500982284546,-1.2823779582977295,-0.03,-0.6301165819168091,0.4690578877925873
2.9912259578704834,0.3059588074684143,0.5778681039810181,-0.024037372320890427,-0.000958407239522785,-0.5268531441688538,-0.8496158123016357,-0.5568066239356995,-0.06,-0.5203449130058289,1.2593961954116821,-0.2201671004295349,-0.5900000000000001,-0.7218230366706848,-0.1325840801000595,0.16230852901935577,1.345600962638855,0.1288382112979889,-0.5900000000000001,-0.734123706817627,1.0324456691741943,0.3420197665691376,1.1891084909439087,0.4256034195423126,-1.270971417427063,-0.03,-0.6635144948959351,0.436313271522522
2.990994930267334,0.3061695992946625,0.5760478973388672,-0.026142247021198273,-0.0023634727112948895,-0.5226506590843201,-0.8521426916122437,-0.5584930777549744,-0.06,-0.5086548328399658,1.2670698165893555,-0.21871061623096466,-0.5900000000000001,-0.7332950830459595,-0.126821830868721,0.18295688927173615,1.3591820001602173,0.13689890503883362,-0.5900000000000001,-0.7080212831497192,1.0081617832183838,0.35799771547317505,1.2481530904769897,0.5153866410255432,-1.2558670043945312,-0.03,-0.6915918588638306,0.4122115671634674
2.9906585216522217,0.3064444959163666,0.5747443437576294,-0.028416389599442482,-0.0037312486674636602,-0.5189921855926514,-0.8542982935905457,-0.5589205622673035,-0.06,-0.4968293309211731,1.2716255187988281,-0.21642865240573883,-0.5900000000000001,-0.7424830198287964,-0.12192382663488388,0.2028621882200241,1.369996190071106,0.14651775360107422,-0.5900000000000001,-0.681988000869751,0.9816429018974304,0.36938706040382385,1.297978162765503,0.5909465551376343,-1.2359397411346436,-0.03,-0.7139273285865784,0.39558103680610657
2.99027681350708,0.3067474663257599,0.5741318464279175,-0.03091505356132984,-0.0048851738683879375,-0.5161123275756836,-0.8559487462043762,-0.557325541973114,-0.06,-0.4853385388851166,1.272068738937378,-0.2134689837694168,-0.5900000000000001,-0.7482963800430298,-0.1186966821551323,0.2206321805715561,1.3770591020584106,0.15682147443294525,-0.5900000000000001,-0.6561026573181152,0.9525810480117798,0.37744706869125366,1.3382112979888916,0.6486746072769165,-1.2103309631347656,-0.03,-0.7282701134681702,0.38437721133232117
2.989912271499634,0.30697545409202576,0.574225664138794,-0.03362034261226654,-0.005722662899643183,-0.5143834352493286,-0.856881856918335,-0.5536871552467346,-0.06,-0.4753189980983734,1.2683072090148926,-0.21018125116825104,-0.5900000000000001,-0.7504193782806396,-0.11777868121862411,0.2350945919752121,1.3803274631500244,0.16740068793296814,-0.5900000000000001,-0.6304333806037903,0.9193958640098572,0.38534659147262573,1.3669543266296387,0.6873864531517029,-1.1778360605239868,-0.03340437635779381,-0.7314403057098389,0.3772536516189575
2.9896132946014404,0.3069917559623718,0.5749468803405762,-0.03639078140258789,-0.006197299808263779,-0.5141134262084961,-0.8569274544715881,-0.54856276512146,-0.06,-0.4680842459201813,1.2608813047409058,-0.2070257067680359,-0.5900000000000001,-0.7490953207015991,-0.11930114030838013,0.24538449943065643,1.3801984786987305,0.17814892530441284,-0.5900000000000001,-0.6047694683074951,0.880059003829956,0.39732953906059265,1.3814761638641357,0.7079043388366699,-1.1380422115325928,-0.06099517643451691,-0.7214234471321106,0.37537407875061035
2.989407539367676,0.30672648549079895,0.5761981010437012,-0.039206087589263916,-0.006339318584650755,-0.5154814124107361,-0.8559797406196594,-0.5423182249069214,-0.06,-0.4644520878791809,1.2502825260162354,-0.20446434617042542,-0.5900000000000001,-0.7447199821472168,-0.12342579662799835,0.25122779607772827,1.3772486448287964,0.1890362948179245,-0.5900000000000001,-0.5789199471473694,0.8323366045951843,0.41602519154548645,1.3783867359161377,0.7119045257568359,-1.091833472251892,-0.08987203240394592,-0.6974074244499207,0.37861961126327515
2.989316940307617,0.3062273859977722,0.5779320001602173,-0.04225654527544975,-0.006174231879413128,-0.5184118151664734,-0.8540639877319336,-0.5346043705940247,-0.06,-0.4639684855937958,1.2364840507507324,-0.20237480103969574,-0.5900000000000001,-0.7373464703559875,-0.13040520250797272,0.25296005606651306,1.3718706369400024,0.1999163031578064,-0.5900000000000001,-0.5532366037368774,0.7748701572418213,0.4400576651096344,1.3556411266326904,0.7019320726394653,-1.041542649269104,-0.11732951551675797,-0.6586979627609253,0.38575416803359985
2.989413261413574,0.30557313561439514,0.5801664590835571,-0.04559562727808952,-0.005655798129737377,-0.5224047303199768,-0.8514589667320251,-0.5247644186019897,-0.06,-0.4654456377029419,1.2191863059997559,-0.20054075121879578,-0.5900000000000001,-0.7267907857894897,-0.13961109519004822,0.2510763704776764,1.363940954208374,0.21048414707183838,-0.5900000000000001,-0.5277579426765442,0.7072945237159729,0.4655163884162903,1.314353346824646,0.6801688075065613,-0.9900105595588684,-0.14025835692882538,-0.6063745021820068,0.39383819699287415
2.9897677898406982,0.30476319789886475,0.582912027835846,-0.04891367256641388,-0.004914743360131979,-0.5267848968505859,-0.84857577085495,-0.5131562948226929,-0.06,-0.46799561381340027,1.198392629623413,-0.19906668365001678,-0.5900000000000001,-0.7137858867645264,-0.14960089325904846,0.24600839614868164,1.3531250953674316,0.2200983464717865,-0.5900000000000001,-0.502219021320343,0.6294847130775452,0.4884378910064697,1.2581394910812378,0.6482211351394653,-0.9401205778121948,-0.15653899312019348,-0.5439518094062805,0.3988603353500366
2.990373373031616,0.30374571681022644,0.5861481428146362,-0.05182835832238197,-0.004311566706746817,-0.5311156511306763,-0.8457015752792358,-0.5009426474571228,-0.06,-0.4714033603668213,1.1742534637451172,-0.19845417141914368,-0.5900000000000001,-0.699913740158081,-0.15929685533046722,0.23829084634780884,1.339282512664795,0.2280188798904419,-0.5900000000000001,-0.4767785966396332,0.5410013198852539,0.5063897371292114,1.1914317607879639,0.6093490719795227,-0.8949874043464661,-0.16638188064098358,-0.47516241669654846,0.39906471967697144
2.991183280944824,0.30253344774246216,0.589846670627594,-0.05424129590392113,-0.004066077992320061,-0.5351078510284424,-0.8430308103561401,-0.4886685907840729,-0.06,-0.47475185990333557,1.1467424631118774,-0.19823691248893738,-0.5900000000000001,-0.6861208081245422,-0.16814997792243958,0.22891585528850555,1.3225321769714355,0.2344106137752533,-0.5900000000000001,-0.45139017701148987,0.44178736209869385,0.5180930495262146,1.1173020601272583,0.5663401484489441,-0.8570603728294373,-0.17195609211921692,-0.40252751111984253,0.39431190490722656
2.9921703338623047,0.3012593984603882,0.5940001606941223,-0.05637788772583008,-0.00402086554095149,-0.5384377837181091,-0.8407675623893738,-0.47533631324768066,-0.06,-0.47677668929100037,1.1156121492385864,-0.19812427461147308,-0.5900000000000001,-0.6718573570251465,-0.17590707540512085,0.2189864069223404,1.30294930934906,0.2399047613143921,-0.5900000000000001,-0.425020307302475,0.33260229229927063,0.523308277130127,1.0367817878723145,0.5207772254943848,-0.8268535733222961,-0.1764862984418869,-0.3277214765548706,0.38421592116355896
2.9933063983917236,0.30009546875953674,0.5985918045043945,-0.05855497717857361,-0.00395252974703908,-0.5408766269683838,-0.8390519022941589,-0.45965811610221863,-0.06,-0.4761492908000946,1.0805774927139282,-0.19754701852798462,-0.5808972716331482,-0.656227171421051,-0.18285147845745087,0.20908303558826447,1.280574917793274,0.24,-0.5900000000000001,-0.3962489068508148,0.21412551403045654,0.5220078825950623,0.9492078423500061,0.47355544567108154,-0.8037090301513672,-0.18294405937194824,-0.25222083926200867,0.3676319122314453
2.994548797607422,0.29917725920677185,0.6035871505737305,-0.06098160892724991,-0.0038015192840248346,-0.5423480868339539,-0.8379291892051697,-0.4408904016017914,-0.06,-0.4721624553203583,1.0414196252822876,-0.19621482491493225,-0.559892475605011,-0.6388580203056335,-0.18954342603683472,0.199350044131279,1.2554645538330078,0.24,-0.5900000000000001,-0.3641112446784973,0.08674708753824234,0.5136900544166565,0.8535690307617188,0.42596250772476196,-0.7868916988372803,-0.19279387593269348,-0.17795725166797638,0.3427782356739044
2.9958560466766357,0.2985806167125702,0.6089315414428711,-0.06360825151205063,-0.0036279726773500443,-0.5429079532623291,-0.8373718857765198,-0.41910165548324585,-0.06,-0.46475541591644287,0.9981979727745056,-0.19392620027065277,-0.5378396511077881,-0.6198886632919312,-0.19630226492881775,0.18949303030967712,1.227663278579712,0.24,-0.5900000000000001,-0.3286568820476532,-0.04836881905794144,0.49783459305763245,0.7508873343467712,0.38031890988349915,-0.7760883569717407,-0.20600181818008423,-0.10740643739700317,0.30877092480659485
2.997189998626709,0.298344224691391,0.6146014332771301,-0.06613317877054214,-0.0035480705555528402,-0.5427696704864502,-0.837266206741333,-0.3948593735694885,-0.06,-0.4547313451766968,0.9509723782539368,-0.19089998304843903,-0.5146103501319885,-0.5994897484779358,-0.2033163607120514,0.17838485538959503,1.196712613105774,0.24,-0.5881534814834595,-0.29096972942352295,-0.1885942816734314,0.4741770327091217,0.6457215547561646,0.33860278129577637,-0.7716845870018005,-0.2228916585445404,-0.04357575625181198,0.266589879989624
2.998495578765869,0.29848217964172363,0.6206045746803284,-0.06814302504062653,-0.003752633463591337,-0.5421886444091797,-0.8374806046485901,-0.3690476715564728,-0.06,-0.44297894835472107,0.8996227383613586,-0.18728379905223846,-0.4898439943790436,-0.5779767632484436,-0.2106727510690689,0.1646115481853485,1.1618294715881348,0.23981685936450958,-0.5716738700866699,-0.25235527753829956,-0.33006206154823303,0.44292667508125305,0.5444112420082092,0.3030551075935364,-0.7750797271728516,-0.2458437830209732,0.009972699917852879,0.21794921159744263
2.9996743202209473,0.2990306615829468,0.6269590258598328,-0.06932204961776733,-0.0043136244639754295,-0.5414913296699524,-0.8378321528434753,-0.342111200094223,-0.06,-0.4304662346839905,0.8438102602958679,-0.18313924968242645,-0.4631522297859192,-0.5550270676612854,-0.2185128629207611,0.14664427936077118,1.1219794750213623,0.22759966552257538,-0.552268385887146,-0.2140597552061081,-0.46777546405792236,0.40460702776908875,0.452314168214798,0.2774357199668884,-0.7886419892311096,-0.27928969264030457,0.048646021634340286,0.16514354944229126
3.000450372695923,0.3000543415546417,0.6334766149520874,-0.06926646083593369,-0.005178565625101328,-0.5412582159042358,-0.8379825949668884,-0.3150383234024048,-0.06,-0.42205488681793213,0.784932017326355,-0.17848126590251923,-0.43520793318748474,-0.5304123163223267,-0.22683492302894592,0.1229969933629036,1.0769546031951904,0.2092418372631073,-0.5299676060676575,-0.17659156024456024,-0.5992340445518494,0.359110027551651,0.36941444873809814,0.26612916588783264,-0.8128885626792908,-0.32870393991470337,0.0661192536354065,0.11169664561748505
3.0003607273101807,0.301696240901947,0.6399175524711609,-0.06760990619659424,-0.006510722916573286,-0.5413859486579895,-0.8380260467529297,-0.291366845369339,-0.06,-0.42731359601020813,0.7303295135498047,-0.17021827399730682,-0.4169975221157074,-0.5054653882980347,-0.23460178077220917,0.09574230760335922,1.027323842048645,0.1865226924419403,-0.5047524571418762,-0.1377030462026596,-0.7244822978973389,0.3050820529460907,0.2935405969619751,0.2689085006713867,-0.8440235257148743,-0.3997145891189575,0.05963803455233574,0.058054205030202866
2.9992177486419678,0.3041920065879822,0.6465508937835693,-0.06456205248832703,-0.008205924183130264,-0.5407475829124451,-0.8386634588241577,-0.274184912443161,-0.06,-0.44686058163642883,0.6842904686927795,-0.15788757801055908,-0.4060579836368561,-0.47913533449172974,-0.24037306010723114,0.06842649728059769,0.97076416015625,0.1621958315372467,-0.47545117139816284,-0.09334032237529755,-0.8426547646522522,0.24241319298744202,0.22609062492847443,0.28081250190734863,-0.8763030767440796,-0.4968057870864868,0.031557001173496246,0.0043980334885418415
2.9971795082092285,0.3077573776245117,0.6536082625389099,-0.060571666806936264,-0.00986386276781559,-0.5380017161369324,-0.8407067060470581,-0.2600925862789154,-0.06,-0.47556057572364807,0.6388391256332397,-0.1440780907869339,-0.39556533098220825,-0.44934919476509094,-0.24255511164665222,0.04461367800831795,0.9048707485198975,0.1384858787059784,-0.4410977065563202,-0.040619831532239914,-0.9521751999855042,0.1742948740720749,0.17219780385494232,0.29456156492233276,-0.9065833687782288,-0.6212400794029236,-0.013818311505019665,-0.047246381640434265
2.994511127471924,0.3124147951602936,0.6608715057373047,-0.05591342970728874,-0.011443660594522953,-0.5327269434928894,-0.8443604707717896,-0.24481001496315002,-0.06,-0.5091729760169983,0.5840920209884644,-0.13000014424324036,-0.3898313045501709,-0.4165188670158386,-0.24090272188186646,0.026487603783607483,0.8305791020393372,0.11825529485940933,-0.40244337916374207,0.019508104771375656,-1.0519407987594604,0.1060534194111824,0.13556845486164093,0.29947713017463684,-0.9343128204345703,-0.769968569278717,-0.07272295653820038,-0.09563570469617844
2.9915642738342285,0.3179614841938019,0.6679412126541138,-0.05060339346528053,-0.01294124498963356,-0.525352418422699,-0.8492799997329712,-0.22705641388893127,-0.04715767502784729,-0.5452268719673157,0.5174569487571716,-0.11680977046489716,-0.3877507150173187,-0.3829156458377838,-0.23503144085407257,0.018675552681088448,0.7525119185447693,0.11189783364534378,-0.362374484539032,0.08291071653366089,-1.1406697034835815,0.04448575899004936,0.11636660993099213,0.2871934473514557,-0.957865834236145,-0.9359840750694275,-0.1434805691242218,-0.14140942692756653
2.9887514114379883,0.3241417706012726,0.6743208765983582,-0.04496235400438309,-0.013791615143418312,-0.5164940357208252,-0.8549981713294983,-0.20498885214328766,-0.03086310438811779,-0.5786099433898926,0.44294479489326477,-0.10527566820383072,-0.3689117729663849,-0.3484782874584198,-0.22666846215724945,0.018140697851777077,0.6744869351387024,0.11763659864664078,-0.3234531879425049,0.14545190334320068,-1.2154020071029663,0.03,0.1099148765206337,0.2572772800922394,-0.9732369780540466,-1.1112730503082275,-0.2271658182144165,-0.14999999999999997
2.9862465858459473,0.33071011304855347,0.6792313456535339,-0.03991621732711792,-0.014033135026693344,-0.5055779814720154,-0.8617427349090576,-0.17578640580177307,-0.014293982647359371,-0.5968656539916992,0.3692443370819092,-0.09716333448886871,-0.3206891119480133,-0.31745225191116333,-0.21823519468307495,0.02407023124396801,0.6040158867835999,0.12318546324968338,-0.28847917914390564,0.20720288157463074,-1.2707631587982178,0.03,0.11699822545051575,0.20801489055156708,-0.9738020896911621,-1.2902133464813232,-0.3317386507987976,-0.14999999999999997
2.9840149879455566,0.33743202686309814,0.6817907094955444,-0.036161430180072784,-0.014006230048835278,-0.49225863814353943,-0.8695846199989319,-0.1396571844816208,-0.0011099242838099599,-0.5884614586830139,0.29925379157066345,-0.08797194808721542,-0.2535640597343445,-0.3004609942436218,-0.21104459464550018,0.04324487969279289,0.5587306022644043,0.12635919451713562,-0.2654353976249695,0.2685643136501312,-1.3063346147537231,0.03,0.1448567658662796,0.1437327116727829,-0.9545454382896423,-1.4686042070388794,-0.462394118309021,-0.14999999999999997
2.98185658454895,0.344025194644928,0.6818987727165222,-0.03354831039905548,-0.01424077432602644,-0.4775356650352478,-0.8778560161590576,-0.10467325896024704,0.007782856468111277,-0.5543078780174255,0.29000000000000004,-0.08545946329832077,-0.19398871064186096,-0.30334174633026123,-0.20541170239448547,0.07134605199098587,0.5477844476699829,0.1261259764432907,-0.25850430130958557,0.32643717527389526,-1.3292460441589355,0.03,0.19403643906116486,0.0767240971326828,-0.9196143746376038,-1.6399669647216797,-0.6076920032501221,-0.14999999999999997
2.9796066284179688,0.35052019357681274,0.6817036867141724,-0.03406665474176407,-0.015649188309907913,-0.4616161286830902,-0.8862871527671814,-0.07675755769014359,0.009298929944634438,-0.5126501321792603,0.29000000000000004,-0.11517353355884552,-0.1855236291885376,-0.31754064559936523,-0.2075435370206833,0.09238984435796738,0.554699182510376,0.12755852937698364,-0.25655099749565125,0.3800829350948334,-1.3443710803985596,0.03,0.2563399374485016,0.02013467624783516,-0.8794919848442078,-1.795883297920227,-0.7400283813476562,-0.14999999999999997
2.977426052093506,0.35659754276275635,0.6820132732391357,-0.03685973212122917,-0.018354099243879318,-0.44388270378112793,-0.8951382040977478,-0.05191625654697418,-0.0007356606656685472,-0.4620937705039978,0.29000000000000004,-0.09724928438663483,-0.18247917294502258,-0.3381267488002777,-0.21573412418365479,0.10117359459400177,0.5633237361907959,0.13260743021965027,-0.24695734679698944,0.4304696023464203,-1.3594763278961182,0.03,0.31552398204803467,-0.022094208747148514,-0.8457944393157959,-1.9279148578643799,-0.8417044878005981,-0.14999999999999997
2.9754252433776855,0.3621029555797577,0.6819462776184082,-0.03976656123995781,-0.021279755979776382,-0.42462649941444397,-0.9042444825172424,-0.02702363021671772,-0.011520792730152607,-0.40986672043800354,0.29000000000000004,-0.08231428265571594,-0.17893272638320923,-0.3612368404865265,-0.22354896366596222,0.0998767539858818,0.569223165512085,0.13830938935279846,-0.23720785975456238,0.4774456322193146,-1.3782132863998413,0.03,0.35725605487823486,-0.055727653205394745,-0.8234161138534546,-2.0328125953674316,-0.9121903777122498,-0.14999999999999997
2.973705768585205,0.36722201108932495,0.6815958023071289,-0.0428917296230793,-0.023547040298581123,-0.4035213589668274,-0.9136608839035034,0.00013119334471412003,-0.02300231344997883,-0.35461094975471497,0.29000000000000004,-0.06821033358573914,-0.17583920061588287,-0.38381248712539673,-0.22859695553779602,0.09551536291837692,0.5719407796859741,0.13649822771549225,-0.2285727858543396,0.5231161713600159,-1.396443247795105,0.03,0.37733563780784607,-0.08459740877151489,-0.8091463446617126,-2.1158976554870605,-0.9578415751457214,-0.14999999999999997
2.9723691940307617,0.37196487188339233,0.6812097430229187,-0.04525529965758324,-0.023700514808297157,-0.3813071548938751,-0.923035740852356,0.03033917024731636,-0.03255244344472885,-0.29730960726737976,0.29000000000000004,-0.05555017665028572,-0.17489014565944672,-0.4065264165401459,-0.2252056896686554,0.10543859004974365,0.5813105702400208,0.12999601662158966,-0.21935375034809113,0.5651952624320984,-1.411961555480957,0.03,0.374702125787735,-0.10703176259994507,-0.7980430126190186,-2.179931879043579,-0.9873093366622925,-0.14999999999999997
2.9712491035461426,0.3764786422252655,0.6805328130722046,-0.04761321470141411,-0.022254353389143944,-0.358640193939209,-0.9319950938224792,0.05989714711904526,-0.043561071157455444,-0.24121440947055817,0.29000000000000004,-0.04401704668998718,-0.17844878137111664,-0.42490246891975403,-0.21811756491661072,0.12406793236732483,0.5908564329147339,0.12530596554279327,-0.21179430186748505,0.6030032634735107,-1.422558069229126,0.03,0.35848909616470337,-0.12102563679218292,-0.786859393119812,-2.237774133682251,-1.0055854320526123,-0.14999999999999997
2.9700636863708496,0.38070306181907654,0.6795841455459595,-0.04986713081598282,-0.0206381194293499,-0.33627521991729736,-0.9402160048484802,0.08458662033081055,-0.05667084828019142,-0.18798193335533142,0.29000000000000004,-0.033446382731199265,-0.18537111580371857,-0.44237130880355835,-0.21086424589157104,0.14751070737838745,0.6011171936988831,0.12306509166955948,-0.2059595137834549,0.6354249715805054,-1.4294301271438599,0.03,0.3374425172805786,-0.12970174849033356,-0.7784165740013123,-2.297034502029419,-1.0133357048034668,-0.14999999999999997
2.968756675720215,0.38460856676101685,0.6785194277763367,-0.0517728291451931,-0.0196703914552927,-0.31451448798179626,-0.9476355314254761,0.10490912944078445,-0.06,-0.137824147939682,0.29000000000000004,-0.023979278281331062,-0.19225503504276276,-0.4618718922138214,-0.20376165211200714,0.1702594757080078,0.610343873500824,0.12165520340204239,-0.19829398393630981,0.6613471508026123,-1.4360495805740356,0.03,0.3159266710281372,-0.1367543786764145,-0.7752332091331482,-2.357106924057007,-1.0117889642715454,-0.14999999999999997
2.967419385910034,0.38819965720176697,0.6774944067001343,-0.053105395287275314,-0.01934519037604332,-0.29340100288391113,-0.9543172121047974,0.12319324165582657,-0.06,-0.09019508212804794,0.29000000000000004,-0.01569017767906189,-0.19676227867603302,-0.48235055804252625,-0.1973225474357605,0.18761050701141357,0.6159757375717163,0.11966077983379364,-0.18692168593406677,0.6797300577163696,-1.4463765621185303,0.03,0.29332372546195984,-0.14341740310192108,-0.7781179547309875,-2.4136040210723877,-1.0027967691421509,-0.14999999999999997
2.966181993484497,0.39143526554107666,0.6766179203987122,-0.05360870063304901,-0.019125375896692276,-0.2732967436313629,-0.960244357585907,0.14026392996311188,-0.06,-0.0454791821539402,0.29000000000000004,-0.008711263537406921,-0.19947972893714905,-0.5004135966300964,-0.1924346536397934,0.1975797563791275,0.6155973672866821,0.11787371337413788,-0.17181360721588135,0.6885843276977539,-1.4620534181594849,0.03,0.2666345536708832,-0.1491926908493042,-0.7855367064476013,-2.4634182453155518,-0.9894521832466125,-0.14999999999999997
2.965049982070923,0.39425554871559143,0.675973653793335,-0.0531223863363266,-0.018541919067502022,-0.25460392236709595,-0.965407133102417,0.15562959015369415,-0.06,-0.004266831092536449,0.29000000000000004,-0.0031478567980229855,-0.20186984539031982,-0.5140368938446045,-0.18778866529464722,0.19943170249462128,0.6084989309310913,0.11523392796516418,-0.15294021368026733,0.6863704919815063,-1.4826104640960693,0.03,0.23410938680171967,-0.14999999999999997,-0.7967523336410522,-2.501629590988159,-0.972725510597229,-0.14999999999999997
2.9639229774475098,0.39667829871177673,0.6755537390708923,-0.0518258735537529,-0.01760198548436165,-0.23727983236312866,-0.9698981046676636,0.16892196238040924,-0.06,0.033666133880615234,0.29000000000000004,0.0012424745364114642,-0.20443370938301086,-0.5232574343681335,-0.1830301582813263,0.19432570040225983,0.5954610109329224,0.11128994077444077,-0.1309708058834076,0.6738460659980774,-1.5070958137512207,0.03,0.19664683938026428,-0.14999999999999997,-0.8110151886940002,-2.5269935131073,-0.9536842703819275,-0.14999999999999997
2.9626824855804443,0.3987756073474884,0.6753115653991699,-0.049980416893959045,-0.016505716368556023,-0.22099660336971283,-0.9738531112670898,0.18014198541641235,-0.06,0.06906939297914505,0.29000000000000004,0.004802662413567305,-0.2070137858390808,-0.5290300846099854,-0.17628389596939087,0.18511687219142914,0.5789712071418762,0.1048993319272995,-0.10774563252925873,0.6525664925575256,-1.5346736907958984,0.03,0.1563982218503952,-0.14999999999999997,-0.8276568055152893,-2.5396006107330322,-0.9341216087341309,-0.14999999999999997
2.961254358291626,0.40062761306762695,0.6751946806907654,-0.04785437881946564,-0.01544491108506918,-0.2055388242006302,-0.9773561358451843,0.18876734375953674,-0.06,0.10232675820589066,0.29000000000000004,0.007873274385929108,-0.20991623401641846,-0.5320796966552734,-0.16792598366737366,0.17470411956310272,0.5602078437805176,0.09729394316673279,-0.08446741849184036,0.6238877773284912,-1.5648576021194458,0.03,0.11500263959169388,-0.14999999999999997,-0.8459770679473877,-2.540454387664795,-0.9155408143997192,-0.14999999999999997
2.9597342014312744,0.40229472517967224,0.6751532554626465,-0.045572154223918915,-0.01440034992992878,-0.19081637263298035,-0.9804614186286926,0.19458754360675812,-0.06,0.13364750146865845,0.29000000000000004,0.010531141422688961,-0.2141406238079071,-0.5330919623374939,-0.15894284844398499,0.16244123876094818,0.5388146638870239,0.08893587440252304,-0.06023355573415756,0.5889819860458374,-1.5971910953521729,0.03,0.0729907974600792,-0.14999999999999997,-0.8660281300544739,-2.5314738750457764,-0.8983443975448608,-0.14999999999999997
2.9582090377807617,0.4037950336933136,0.6751825213432312,-0.04310312122106552,-0.013363474979996681,-0.1764756292104721,-0.9832698702812195,0.1982254683971405,-0.06,0.16387946903705597,0.29000000000000004,0.01270955428481102,-0.21960487961769104,-0.5315078496932983,-0.14753857254981995,0.14972111582756042,0.5176411867141724,0.07819650322198868,-0.03815803676843643,0.5489091277122498,-1.6306042671203613,0.03,0.030877575278282166,-0.14999999999999997,-0.8887746334075928,-2.5138115882873535,-0.8825761079788208,-0.14999999999999997
2.9567813873291016,0.405144065618515,0.6752855777740479,-0.04038923978805542,-0.01232393179088831,-0.16268444061279297,-0.985774040222168,0.20083987712860107,-0.06,0.19289813935756683,0.29000000000000004,0.01433514803647995,-0.2255125641822815,-0.5274178385734558,-0.13337180018424988,0.13915753364562988,0.4954860806465149,0.06678662449121475,-0.01743042655289173,0.503144383430481,-1.6634666919708252,0.03,-0.010019485838711262,-0.14999999999999997,-0.9153913855552673,-2.488079786300659,-0.8674318790435791,-0.14999999999999997
2.9555373191833496,0.406406968832016,0.6754005551338196,-0.037602540105581284,-0.011405968107283115,-0.1494525820016861,-0.987987756729126,0.20333467423915863,-0.06,0.22071629762649536,0.29000000000000004,0.015521371737122536,-0.231083482503891,-0.5217702984809875,-0.11813400685787201,0.13288338482379913,0.4727749824523926,0.05694020166993141,0.0022834334522485733,0.45191049575805664,-1.6945074796676636,0.03,-0.047714713960886,-0.1473996490240097,-0.9471911191940308,-2.455139398574829,-0.8507014513015747,-0.14999999999999997
2.9545962810516357,0.40764132142066956,0.6754336953163147,-0.03492879122495651,-0.010656025260686874,-0.13650299608707428,-0.9899663329124451,0.20632459223270416,-0.06,0.24786622822284698,0.29000000000000004,0.016276687383651733,-0.23635819554328918,-0.5156605839729309,-0.10303699970245361,0.13278891146183014,0.4492495656013489,0.049553319811820984,0.021655384451150894,0.39669889211654663,-1.723232626914978,0.03,-0.08115879446268082,-0.14178401231765747,-0.9847067594528198,-2.41601300239563,-0.8300623893737793,-0.14999999999999997
2.9540653228759766,0.4088207483291626,0.6753500699996948,-0.0323888435959816,-0.010110171511769295,-0.12355688214302063,-0.9917572140693665,0.2097850739955902,-0.06,0.27488312125205994,0.29000000000000004,0.016509875655174255,-0.2417389303445816,-0.5099087357521057,-0.08802522718906403,0.139825239777565,0.4280201196670532,0.04522275924682617,0.03877114877104759,0.3394201695919037,-1.7498513460159302,0.03,-0.10959391295909882,-0.13709402084350586,-1.0274850130081177,-2.3721234798431396,-0.8043603897094727,-0.14999999999999997
2.9539990425109863,0.40987691283226013,0.6751593351364136,-0.02994842641055584,-0.009783108718693256,-0.1107531487941742,-0.9933483600616455,0.21396785974502563,-0.06,0.30153611302375793,0.29000000000000004,0.016093427315354347,-0.24696293473243713,-0.504880428314209,-0.073147252202034,0.1530226320028305,0.4102143943309784,0.043166518211364746,0.05263745039701462,0.28120318055152893,-1.7743123769760132,0.03,-0.13257184624671936,-0.13360373675823212,-1.0745654106140137,-2.3245327472686768,-0.7746554613113403,-0.14999999999999997
2.954437255859375,0.4107666015625,0.6748460531234741,-0.027728617191314697,-0.00970010831952095,-0.09850987792015076,-0.9947023987770081,0.2182634323835373,-0.06,0.32689422369003296,0.29000000000000004,0.015025582164525986,-0.2525102496147156,-0.50135737657547,-0.05905439704656601,0.16938218474388123,0.3963102400302887,0.0425817109644413,0.06351464986801147,0.22266294062137604,-1.7962359189987183,0.03,-0.14993739128112793,-0.13243189454078674,-1.1240867376327515,-2.274477481842041,-0.744695782661438,-0.14999999999999997
2.955322504043579,0.4114200472831726,0.674450159072876,-0.025700431317090988,-0.009973686188459396,-0.08704590797424316,-0.9958226680755615,0.22134913504123688,-0.06,0.35036635398864746,0.29000000000000004,0.013261194340884686,-0.259147971868515,-0.4995186924934387,-0.0456116758286953,0.18694457411766052,0.3862350881099701,0.042645953595638275,0.07167282700538635,0.16497614979743958,-1.8157321214675903,0.03,-0.16244570910930634,-0.13369013369083405,-1.1742221117019653,-2.2237486839294434,-0.7188349962234497,-0.14999999999999997
2.956538200378418,0.4117986857891083,0.6740118265151978,-0.02380324900150299,-0.010759137570858002,-0.07625293731689453,-0.9967462420463562,0.22262810170650482,-0.06,0.3720840811729431,0.29000000000000004,0.010844569653272629,-0.2666471600532532,-0.4993587136268616,-0.03243788704276085,0.20414498448371887,0.37897834181785583,0.042441900819540024,0.07788897305727005,0.11006863415241241,-1.8329445123672485,0.03,-0.17120444774627686,-0.13673314452171326,-1.2233123779296875,-2.1748833656311035,-0.7005088329315186,-0.14999999999999997
2.9579615592956543,0.41190725564956665,0.6735496520996094,-0.022063154727220535,-0.012137873098254204,-0.06612435728311539,-0.99749356508255,0.22233113646507263,-0.06,0.39207157492637634,0.29000000000000004,0.008074631914496422,-0.27425476908683777,-0.5009151697158813,-0.019569486379623413,0.2207108438014984,0.3738510310649872,0.04186447709798813,0.0826902762055397,0.05934232473373413,-1.8475145101547241,0.03,-0.1770734190940857,-0.14150285720825195,-1.2698872089385986,-2.130199670791626,-0.6919220685958862,-0.14999999999999997
2.959480047225952,0.411747008562088,0.6730683445930481,-0.020635178312659264,-0.014064873568713665,-0.056901682168245316,-0.9980674386024475,0.22031699120998383,-0.06,0.40980109572410583,0.29000000000000004,0.005108987912535667,-0.28176257014274597,-0.5044280886650085,-0.007447396405041218,0.23639622330665588,0.37124016880989075,0.04098471254110336,0.08595146983861923,0.012629791162908077,-1.8585660457611084,0.03,-0.18060515820980072,-0.14923003315925598,-1.3124468326568604,-2.090116262435913,-0.6947733759880066,-0.14999999999999997
2.960974931716919,0.4113336205482483,0.6725674271583557,-0.019650649279356003,-0.016402145847678185,-0.048840537667274475,-0.9984784126281738,0.2161322683095932,-0.06,0.42468684911727905,0.29000000000000004,0.002008942887187004,-0.2896231710910797,-0.5099828243255615,0.003506515873596072,0.2508782744407654,0.37160396575927734,0.039866480976343155,0.08753292262554169,-0.03027460351586342,-1.865540623664856,0.03,-0.18187424540519714,-0.14999999999999997,-1.3511050939559937,-2.0543272495269775,-0.7083848714828491,-0.14999999999999997
2.962414026260376,0.4108392596244812,0.6720589995384216,-0.01910027116537094,-0.018889984115958214,-0.042384885251522064,-0.9987400770187378,0.2106603980064392,-0.06,0.4360629916191101,0.29000000000000004,-0.0007622073753736913,-0.2973349988460541,-0.5171128511428833,0.012660210020840168,0.26332125067710876,0.3753296434879303,0.038777463138103485,0.0869394987821579,-0.06799603998661041,-1.8678611516952515,0.03,-0.1794557273387909,-0.14999999999999997,-1.3857636451721191,-2.0238637924194336,-0.7319119572639465,-0.1306057572364807
2.96376371383667,0.41032811999320984,0.6715643405914307,-0.01894536241889,-0.021275818347930908,-0.037775710225105286,-0.9988799691200256,0.20511893928050995,-0.06,0.4433614909648895,0.29000000000000004,-0.002975764684379101,-0.3039790987968445,-0.5251766443252563,0.01971391588449478,0.2731168270111084,0.38223719596862793,0.03775910660624504,0.08413010090589523,-0.10063628852367401,-1.8655396699905396,0.03,-0.17444230616092682,-0.14999999999999997,-1.4156064987182617,-1.9972143173217773,-0.7639644742012024,-0.11896014958620071
2.964993476867676,0.40984344482421875,0.671104371547699,-0.01915956847369671,-0.02340208739042282,-0.03508959338068962,-0.9989263415336609,0.20024122297763824,-0.06,0.44641751050949097,0.29000000000000004,-0.004836929962038994,-0.3092826306819916,-0.5337013006210327,0.024484409019351006,0.2800075113773346,0.39193740487098694,0.03685164079070091,0.07925982028245926,-0.12836474180221558,-1.8591749668121338,0.03,-0.16841131448745728,-0.14999999999999997,-1.4393830299377441,-1.9728541374206543,-0.8029516339302063,-0.11690419912338257
2.966071605682373,0.40943238139152527,0.6706782579421997,-0.01975497603416443,-0.025202255696058273,-0.034258123487234116,-0.9988998174667358,0.19637681543827057,-0.06,0.4455145597457886,0.29000000000000004,-0.005970584694296122,-0.3129115104675293,-0.5425255298614502,0.026850270107388496,0.28415951132774353,0.40411868691444397,0.03615887463092804,0.07251457870006561,-0.15142382681369781,-1.8495025634765625,0.03,-0.16288688778877258,-0.14999999999999997,-1.4556859731674194,-1.9489083290100098,-0.8470970392227173,-0.1249612420797348
2.9669723510742188,0.4091230034828186,0.6702723503112793,-0.020696166902780533,-0.026536663994193077,-0.03492032364010811,-0.9988232851028442,0.1940089613199234,-0.06,0.4410431385040283,0.29000000000000004,-0.0065010529942810535,-0.3149676024913788,-0.5512588620185852,0.027055537328124046,0.2861195504665375,0.4182906448841095,0.03572889044880867,0.0642971396446228,-0.16972024738788605,-1.8366488218307495,0.03,-0.15901271998882294,-0.14999999999999997,-1.4631712436676025,-1.923455834388733,-0.8933491706848145,-0.14290155470371246
2.967684507369995,0.4089078903198242,0.6698735952377319,-0.021914847195148468,-0.027313604950904846,-0.03647539019584656,-0.9987207651138306,0.19336071610450745,-0.06,0.434431791305542,0.29000000000000004,-0.0066399103961884975,-0.31570345163345337,-0.5594340562820435,0.025675656273961067,0.28678247332572937,0.43358173966407776,0.03555523231625557,0.05528444051742554,-0.18260492384433746,-1.8206900358200073,0.03,-0.15713095664978027,-0.14999999999999997,-1.4609503746032715,-1.8958982229232788,-0.9378225803375244,-0.14999999999999997
2.968210458755493,0.4087250828742981,0.669451892375946,-0.023320864886045456,-0.027732161805033684,-0.038032930344343185,-0.9986192584037781,0.1935187727212906,-0.06,0.4277597963809967,0.29000000000000004,-0.006208084058016539,-0.31612715125083923,-0.5671505331993103,0.023781614378094673,0.2876133918762207,0.4488098621368408,0.03556879982352257,0.04651658609509468,-0.18863865733146667,-1.8024357557296753,0.03,-0.15689127147197723,-0.14999999999999997,-1.4499962329864502,-1.868099331855774,-0.9754721522331238,-0.14999999999999997
2.9685966968536377,0.40850630402565,0.6689691543579102,-0.024826521053910255,-0.02782450057566166,-0.03869733586907387,-0.9985548853874207,0.19356922805309296,-0.06,0.42328256368637085,0.29000000000000004,-0.006185376551002264,-0.31750449538230896,-0.5743598937988281,0.02254272997379303,0.28998833894729614,0.46348172426223755,0.03565399721264839,0.03857465088367462,-0.18674494326114655,-1.7818453311920166,0.03,-0.15759988129138947,-0.14999999999999997,-1.4321537017822266,-1.841077446937561,-1.0003324747085571,-0.14999999999999997
2.9689090251922607,0.4082435369491577,0.6683768033981323,-0.02639051340520382,-0.027370478957891464,-0.03782769292593002,-0.9985606074333191,0.19291943311691284,-0.06,0.4236225187778473,0.29000000000000004,-0.006559498608112335,-0.3214834928512573,-0.5807456374168396,0.02275068312883377,0.2948521077632904,0.4779292345046997,0.0357808843255043,0.03139219805598259,-0.1769779771566391,-1.7583775520324707,0.03,-0.15866588056087494,-0.14999999999999997,-1.408990502357483,-1.8130085468292236,-1.0070960521697998,-0.14999999999999997
2.9691505432128906,0.407988965511322,0.6675982475280762,-0.027889324352145195,-0.026130277663469315,-0.034890055656433105,-0.998660147190094,0.19119656085968018,-0.06,0.42879658937454224,0.29000000000000004,-0.007318710442632437,-0.3299296498298645,-0.586014986038208,0.025174580514431,0.30290278792381287,0.49251797795295715,0.03601059690117836,0.02492997795343399,-0.16018447279930115,-1.7326688766479492,0.03,-0.16081897914409637,-0.14999999999999997,-1.380267858505249,-1.7793399095535278,-0.993732213973999,-0.14999999999999997
2.969291925430298,0.4078335762023926,0.666538417339325,-0.029263412579894066,-0.024176426231861115,-0.029262660071253777,-0.9988507032394409,0.18801814317703247,-0.06,0.43919840455055237,0.29000000000000004,-0.008447770029306412,-0.3436567485332489,-0.5906908512115479,0.030613966286182404,0.3153558075428009,0.5076178908348083,0.036567285656929016,0.01933984085917473,-0.1365749090909958,-1.705985188484192,0.03,-0.16547811031341553,-0.14999999999999997,-1.3451507091522217,-1.7379424571990967,-0.9603246450424194,-0.14999999999999997
2.9694089889526367,0.4078843295574188,0.6651613116264343,-0.03046599216759205,-0.02175893820822239,-0.02099393680691719,-0.9990783929824829,0.18411073088645935,-0.06,0.4547104239463806,0.29000000000000004,-0.00986026506870985,-0.3613787889480591,-0.595345139503479,0.039150748401880264,0.3322836756706238,0.523673415184021,0.03765370696783066,0.014301159419119358,-0.10737849771976471,-1.6782277822494507,0.03,-0.17305104434490204,-0.14999999999999997,-1.301986813545227,-1.6915091276168823,-0.9103367924690247,-0.14999999999999997
2.969409942626953,0.40817782282829285,0.6633979678153992,-0.03179177641868591,-0.018466390669345856,-0.010395025834441185,-0.9992697834968567,0.1818489283323288,-0.06,0.4750053584575653,0.29000000000000004,-0.01141456700861454,-0.3813050389289856,-0.6000486016273499,0.050126031041145325,0.3535403311252594,0.5426236391067505,0.0395253486931324,0.008759034797549248,-0.07568143308162689,-1.6489371061325073,0.03229259327054024,-0.18198156356811523,-0.14999999999999997,-1.2502219676971436,-1.624764323234558,-0.8467774391174316,-0.14999999999999997
2.969360828399658,0.4087226986885071,0.6612299084663391,-0.033559657633304596,-0.014502076432108879,0.002107460517436266,-0.9993292093276978,0.18222565948963165,-0.06,0.49918150901794434,0.29000000000000004,-0.01302894577383995,-0.40152886509895325,-0.6056897640228271,0.06,0.37898701429367065,0.5657841563224792,0.04231533408164978,0.0018611628329381347,-0.04210106283426285,-1.61772620677948,0.045282505452632904,-0.19051632285118103,-0.14999999999999997,-1.19106125831604,-1.5401973724365234,-0.7704446315765381,-0.14999999999999997
2.969325304031372,0.40944698452949524,0.658662736415863,-0.03605794161558151,-0.010294046252965927,0.015972299501299858,-0.9991689324378967,0.18470914661884308,-0.06,0.5259285569190979,0.29000000000000004,-0.014669518917798996,-0.421059787273407,-0.6132653951644897,0.06,0.408246248960495,0.593736469745636,0.04605197533965111,-0.006858929991722107,-0.007301172241568565,-1.5846092700958252,0.051141124218702316,-0.19567431509494781,-0.14999999999999997,-1.1262305974960327,-1.4425811767578125,-0.6798797845840454,-0.14999999999999997
2.969346523284912,0.41022124886512756,0.6558375358581543,-0.03932825103402138,-0.00635521300137043,0.030173735693097115,-0.9987503290176392,0.18819358944892883,-0.06,0.5529714822769165,0.29000000000000004,-0.016328010708093643,-0.4388345181941986,-0.622826337814331,0.06,0.4395499527454376,0.6249678730964661,0.0504966638982296,-0.017004698514938354,0.02639666385948658,-1.5513752698898315,0.051556915044784546,-0.19602133333683014,-0.14999999999999997,-1.0561652183532715,-1.3364163637161255,-0.5764431953430176,-0.14999999999999997
2.969489097595215,0.41089296340942383,0.652878999710083,-0.042957060039043427,-0.0027708772104233503,0.0442025326192379,-0.9980947375297546,0.19162090122699738,-0.06,0.5792866349220276,0.29000000000000004,-0.01828358881175518,-0.4555676579475403,-0.6330524682998657,0.06,0.47108426690101624,0.6572816967964172,0.055194929242134094,-0.02772797830402851,0.05744005739688873,-1.5188050270080566,0.0478394478559494,-0.19403515756130219,-0.14999999999999997,-0.9798831939697266,-1.223564624786377,-0.4639357328414917,-0.14999999999999997
2.9697751998901367,0.41131648421287537,0.649908721446991,-0.04642419144511223,0.000570393109228462,0.0575372651219368,-0.9972631931304932,0.19434762001037598,-0.06,0.603977620601654,0.29000000000000004,-0.02077210508286953,-0.47220033407211304,-0.6423264741897583,0.06,0.5007032155990601,0.688592255115509,0.05946455895900726,-0.038349419832229614,0.08387643843889236,-1.4863622188568115,0.04294917359948158,-0.19235888123512268,-0.14467135071754456,-0.8965622186660767,-1.102806568145752,-0.34685656428337097,-0.14999999999999997
2.9701075553894043,0.4114510715007782,0.6471291184425354,-0.049627311527729034,0.0033595121931284666,0.0682956874370575,-0.9964242577552795,0.19501958787441254,-0.06,0.6234518885612488,0.29000000000000004,-0.023220542818307877,-0.4882272481918335,-0.6509124636650085,0.06,0.5250982046127319,0.7177292704582214,0.06282033771276474,-0.04884808138012886,0.10058493912220001,-1.4530932903289795,0.042034491896629333,-0.18812799453735352,-0.13191939890384674,-0.8076404333114624,-0.9733899235725403,-0.22891059517860413,-0.14999999999999997
2.9703898429870605,0.41140857338905334,0.6446995735168457,-0.05279786139726639,0.005088632460683584,0.07442323863506317,-0.9958149790763855,0.19208812713623047,-0.06,0.6337301135063171,0.29000000000000004,-0.02466958947479725,-0.5027388334274292,-0.6605297923088074,0.06,0.5417692065238953,0.7447750568389893,0.06536146998405457,-0.05986770987510681,0.10276811569929123,-1.4187448024749756,0.04895683750510216,-0.1771038919687271,-0.13150747120380402,-0.7162231802940369,-0.8394244313240051,-0.11419474333524704,-0.14999999999999997
2.970670223236084,0.41133153438568115,0.6426076292991638,-0.05607817322015762,0.005836806260049343,0.07492576539516449,-0.9955938458442688,0.1855214536190033,-0.06,0.6330571174621582,0.30778768658638,-0.0246182382106781,-0.5158275365829468,-0.6720708608627319,0.06,0.5497378706932068,0.7713055610656738,0.06708651781082153,-0.07257403433322906,0.0883852019906044,-1.3841602802276611,0.06630131602287292,-0.15852968394756317,-0.14211174845695496,-0.6242223381996155,-0.708230197429657,-0.009304920211434364,-0.14999999999999997
2.9710543155670166,0.41131898760795593,0.6407252550125122,-0.05938005819916725,0.0062581617385149,0.0704357698559761,-0.9957275390625,0.1767936795949936,-0.06,0.622466504573822,0.332287073135376,-0.024122754111886024,-0.528471052646637,-0.6846195459365845,0.06,0.549983561038971,0.7985644936561584,0.06808079779148102,-0.08775050938129425,0.05956052988767624,-1.351963996887207,0.09536390006542206,-0.13430704176425934,-0.14999999999999997,-0.5330960750579834,-0.5887684226036072,0.07857443392276764,-0.14999999999999997
2.9715051651000977,0.41143161058425903,0.6389554738998413,-0.06258752197027206,0.006457755342125893,0.06249203160405159,-0.9960601329803467,0.166207417845726,-0.06,0.6047331690788269,0.3591325581073761,-0.02400149218738079,-0.5412352085113525,-0.6977198123931885,0.06,0.5450694561004639,0.8259778618812561,0.06899994611740112,-0.10462985932826996,0.020344913005828857,-1.3266232013702393,0.1369682103395462,-0.10575233399868011,-0.14999999999999997,-0.44563427567481995,-0.48862403631210327,0.14350934326648712,-0.14999999999999997
2.971940040588379,0.4117111563682556,0.6373080611228943,-0.06564223021268845,0.0062455651350319386,0.05295665189623833,-0.9964172840118408,0.1546805500984192,-0.06,0.5842575430870056,0.38491901755332947,-0.022919759154319763,-0.5528151988983154,-0.7110897302627563,0.06,0.5380557179450989,0.8518665432929993,0.07011769711971283,-0.12141577899456024,-0.02511846274137497,-1.3105546236038208,0.19076639413833618,-0.07399904727935791,-0.14999999999999997,-0.36636844277381897,-0.4128103256225586,0.18388856947422028,-0.0966050997376442
2.972428560256958,0.4121195375919342,0.6359434127807617,-0.06834042072296143,0.006139063276350498,0.0431387834250927,-0.9967100024223328,0.14542248845100403,-0.06,0.5641655325889587,0.4053288996219635,-0.02079278789460659,-0.5614708662033081,-0.7223902344703674,0.06,0.5301600694656372,0.874445915222168,0.07132421433925629,-0.1370406299829483,-0.0744762048125267,-1.3008472919464111,0.25478917360305786,-0.03985872492194176,-0.14999999999999997,-0.29867225885391235,-0.3626880943775177,0.20189419388771057,-0.029931413009762764
2.973038911819458,0.4124719500541687,0.6350535154342651,-0.07012597471475601,0.006695952732115984,0.03350666165351868,-0.9969527721405029,0.1399678885936737,-0.06,0.5445901155471802,0.420446515083313,-0.019922716543078423,-0.5675090551376343,-0.728901743888855,0.06,0.5201404690742493,0.8917098045349121,0.07200588285923004,-0.15070778131484985,-0.12795981764793396,-1.2914247512817383,0.3278568387031555,-0.001674107857979834,-0.14999999999999997,-0.24618789553642273,-0.33554399013519287,0.20051823556423187,0.04062259569764137
2.97361421585083,0.412631630897522,0.6346338391304016,-0.07064463943243027,0.007295503746718168,0.024138005450367928,-0.9971827268600464,0.13516126573085785,-0.06,0.5253029465675354,0.43410173058509827,-0.020410342141985893,-0.5724737644195557,-0.7316693663597107,0.06,0.5073137283325195,0.9026552438735962,0.07149028778076172,-0.16119438409805298,-0.18640241026878357,-1.2798844575881958,0.40975481271743774,0.043169595301151276,-0.14999999999999997,-0.21292640268802643,-0.3269928991794586,0.18175874650478363,0.10995633155107498
2.973905324935913,0.4126858711242676,0.6344529986381531,-0.0702669695019722,0.0067541953176259995,0.014641177840530872,-0.997397780418396,0.12622390687465668,-0.06,0.5058172345161438,0.4500419497489929,-0.02017246186733246,-0.5776081085205078,-0.7348705530166626,0.06,0.49281102418899536,0.9089367985725403,0.07050231844186783,-0.16860078275203705,-0.2502804696559906,-1.267690896987915,0.5000513195991516,0.0964670479297638,-0.14999999999999997,-0.19963011145591736,-0.33400264382362366,0.1439455896615982,0.17191216349601746
2.9739766120910645,0.41283321380615234,0.6342493295669556,-0.06977590918540955,0.004994322080165148,0.004338967148214579,-0.9975406527519226,0.11292452365159988,-0.06,0.4852018356323242,0.4681006371974945,-0.017840072512626648,-0.5828996300697327,-0.7407976388931274,0.06,0.47781115770339966,0.9144896864891052,0.06980600953102112,-0.17520014941692352,-0.32029348611831665,-1.2559176683425903,0.5984767079353333,0.15773120522499084,-0.14999999999999997,-0.20125040411949158,-0.35479936003685,0.08765245974063873,0.2203000783920288
2.974120616912842,0.4132464826107025,0.6338443756103516,-0.07000696659088135,0.0026291082613170147,-0.007074674125760794,-0.9975178837776184,0.09797108918428421,-0.06,0.46223369240760803,0.48605382442474365,-0.014799699187278748,-0.5879111886024475,-0.7496545910835266,0.046720944344997406,0.4636785089969635,0.9231898188591003,0.06995093822479248,-0.18374527990818024,-0.39594948291778564,-1.2461977005004883,0.7039103507995605,0.2238384634256363,-0.14999999999999997,-0.21237893402576447,-0.3877924382686615,0.017010677605867386,0.25051718950271606
2.974456548690796,0.41390594840049744,0.6331064701080322,-0.0714225247502327,-0.00020830382709391415,-0.019111230969429016,-0.9972629547119141,0.08212381601333618,-0.06,0.4368428885936737,0.5036947727203369,-0.013085843063890934,-0.5900000000000001,-0.7619296312332153,0.030854512006044388,0.4522736072540283,0.9366961121559143,0.07137896865606308,-0.19513766467571259,-0.47371193766593933,-1.2403069734573364,0.8127132654190063,0.2912713289260864,-0.14999999999999997,-0.23149742186069489,-0.42927801609039307,-0.06561692804098129,0.2587779462337494
2.974977731704712,0.4146314561367035,0.631985068321228,-0.07368714362382889,-0.0036316209007054567,-0.031060216948390007,-0.996790885925293,0.06506578624248505,-0.06,0.41115158796310425,0.5218779444694519,-0.01168921496719122,-0.5900000000000001,-0.7775104641914368,0.014524070546030998,0.44402214884757996,0.9542527794837952,0.07368317991495132,-0.20853875577449799,-0.5494908094406128,-1.2357933521270752,0.9183923006057739,0.35991695523262024,-0.14999999999999997,-0.2607474625110626,-0.4726615250110626,-0.15821750462055206,0.24325022101402283
2.9755940437316895,0.4153006076812744,0.6304337382316589,-0.07644972205162048,-0.007366148754954338,-0.0420018769800663,-0.996161162853241,0.04726037383079529,-0.06,0.3875944912433624,0.5413398742675781,-0.009972580708563328,-0.5900000000000001,-0.7955067157745361,-0.00046663344255648553,0.4394075870513916,0.974920392036438,0.07655420899391174,-0.22296735644340515,-0.6185564994812012,-1.2352006435394287,1.0142983198165894,0.42430633306503296,-0.14999999999999997,-0.30387061834335327,-0.5129512548446655,-0.2539902925491333,0.2080443650484085
2.97629714012146,0.4158979654312134,0.6285796761512756,-0.079598069190979,-0.010943016968667507,-0.051014214754104614,-0.9954606294631958,0.030995436012744904,-0.06,0.36838462948799133,0.5597647428512573,-0.007897571660578251,-0.5900000000000001,-0.8142176270484924,-0.013054192997515202,0.4390179216861725,0.9971692562103271,0.07974931597709656,-0.2374076247215271,-0.6764450669288635,-1.2407680749893188,1.093746542930603,0.47799816727638245,-0.14999999999999997,-0.36396217346191406,-0.5473577380180359,-0.3422548174858093,0.15873490273952484
2.9771223068237305,0.41639113426208496,0.6265610456466675,-0.08300507813692093,-0.013748280704021454,-0.057262301445007324,-0.9948076009750366,0.01887471415102482,-0.06,0.3555685877799988,0.5749825835227966,-0.0054359412752091885,-0.5900000000000001,-0.8315038084983826,-0.022222034633159637,0.4430009126663208,1.0196549892425537,0.08306926488876343,-0.2511814832687378,-0.7202532887458801,-1.249855637550354,1.1526509523391724,0.5200681686401367,-0.14999999999999997,-0.4436875581741333,-0.5726885199546814,-0.41249802708625793,0.09694588929414749
2.978070020675659,0.41661715507507324,0.6244184374809265,-0.08612043410539627,-0.015325595624744892,-0.06082354113459587,-0.9943081140518188,0.010695000179111958,-0.06,0.34806522727012634,0.5894742608070374,-0.0042849695309996605,-0.5900000000000001,-0.8455566167831421,-0.027255482971668243,0.4492012858390808,1.041530966758728,0.08584284037351608,-0.2640460729598999,-0.7499615550041199,-1.2559539079666138,1.1902203559875488,0.5544727444648743,-0.14999999999999997,-0.5424960851669312,-0.5850364565849304,-0.4597856104373932,0.02171335555613041
2.9791085720062256,0.41638311743736267,0.622179388999939,-0.08827079087495804,-0.015608114190399647,-0.06261475384235382,-0.99400395154953,0.0045565832406282425,-0.06,0.3430311679840088,0.6068781614303589,-0.00586819089949131,-0.5900000000000001,-0.8555135726928711,-0.02839258871972561,0.45407429337501526,1.0621941089630127,0.0870126262307167,-0.27595606446266174,-0.7675012946128845,-1.2538964748382568,1.2084068059921265,0.585362434387207,-0.14999999999999997,-0.655191957950592,-0.5825589299201965,-0.4861103296279907,-0.06599251180887222
2.9801840782165527,0.41564998030662537,0.6199948787689209,-0.08928271383047104,-0.015033545903861523,-0.06348753720521927,-0.9938670992851257,-0.0007904134690761566,-0.06,0.33835330605506897,0.6265577077865601,-0.0077598365023732185,-0.5900000000000001,-0.8618046045303345,-0.02667413465678692,0.4559136629104614,1.080642580986023,0.08635640889406204,-0.2865835130214691,-0.7747058272361755,-1.2420848608016968,1.2103148698806763,0.6157769560813904,-0.14999999999999997,-0.7749037146568298,-0.5665512681007385,-0.49711093306541443,-0.14999999999999997
2.981156587600708,0.41453883051872253,0.6181867718696594,-0.08949340134859085,-0.014498652890324593,-0.06378223747015,-0.9938371777534485,-0.006079508922994137,-0.06,0.3334718346595764,0.644680917263031,-0.009850832633674145,-0.5900000000000001,-0.8659364581108093,-0.023119419813156128,0.45583659410476685,1.0950164794921875,0.08470723778009415,-0.2947033941745758,-0.7723890542984009,-1.223353624343872,1.198973298072815,0.6436922550201416,-0.14999999999999997,-0.8959968090057373,-0.5403547286987305,-0.4964955151081085,-0.14999999999999997
2.981929063796997,0.4132016599178314,0.6170135736465454,-0.08928848803043365,-0.014652305282652378,-0.06337982416152954,-0.9938790798187256,-0.011534923687577248,-0.06,0.3284141719341278,0.6579357385635376,-0.011935442686080933,-0.5900000000000001,-0.8687814474105835,-0.017904041334986687,0.45638155937194824,1.1036736965179443,0.08255498856306076,-0.2992168068885803,-0.7597423791885376,-1.2040741443634033,1.1752121448516846,0.660190224647522,-0.14999999999999997,-1.01250159740448,-0.5084390640258789,-0.4830937087535858,-0.14999999999999997
2.9825658798217773,0.41189223527908325,0.6164662837982178,-0.088520847260952,-0.015438046306371689,-0.06206877529621124,-0.9940186738967896,-0.016786091029644012,-0.06,0.3238235116004944,0.6663773059844971,-0.013918391428887844,-0.5900000000000001,-0.8699893951416016,-0.010882271453738213,0.45855551958084106,1.1065397262573242,0.08082092553377151,-0.30034324526786804,-0.73609858751297,-1.1895095109939575,1.1390328407287598,0.6564059257507324,-0.14999999999999997,-1.1229053735733032,-0.48060962557792664,-0.4497470259666443,-0.14999999999999997
2.983046054840088,0.4104840159416199,0.6164310574531555,-0.08778665214776993,-0.01669027842581272,-0.059793248772621155,-0.9942029714584351,-0.021291162818670273,-0.06,0.32041025161743164,0.6695359349250793,-0.014724206179380417,-0.5900000000000001,-0.8695408701896667,-0.001737053389661014,0.4647688567638397,1.10539710521698,0.08023779094219208,-0.2994735836982727,-0.7017304301261902,-1.1813218593597412,1.0919950008392334,0.6322951912879944,-0.14999999999999997,-1.2141854763031006,-0.4464397728443146,-0.3989650011062622,-0.14999999999999997
2.9833407402038574,0.408957302570343,0.6167457699775696,-0.087482750415802,-0.018312636762857437,-0.056363917887210846,-0.9944015741348267,-0.0243114922195673,-0.06,0.3205759525299072,0.6672382950782776,-0.013938058167696,-0.5900000000000001,-0.8679857850074768,0.009737381711602211,0.4783058762550354,1.1019620895385742,0.08271440863609314,-0.2973526120185852,-0.6577364206314087,-1.1780784130096436,1.0369821786880493,0.5912352204322815,-0.14999999999999997,-1.286978006362915,-0.40330347418785095,-0.32884034514427185,-0.14999999999999997
2.9834556579589844,0.40734806656837463,0.6174194812774658,-0.0877777636051178,-0.020054036751389503,-0.05194886773824692,-0.9945822954177856,-0.026488786563277245,-0.06,0.3266339898109436,0.6636636853218079,-0.01368455495685339,-0.5900000000000001,-0.8650206327438354,0.022515326738357544,0.4979926347732544,1.0960993766784668,0.08742434531450272,-0.2939316928386688,-0.6056424379348755,-1.1781775951385498,0.9755833148956299,0.5342537760734558,-0.14999999999999997,-1.3430585861206055,-0.35167306661605835,-0.24142296612262726,-0.14999999999999997
2.9835474491119385,0.40584686398506165,0.6187676787376404,-0.08898603916168213,-0.021233724430203438,-0.04641493409872055,-0.9947241544723511,-0.02909526415169239,-0.06,0.340606689453125,0.6650101542472839,-0.008392902091145515,-0.5900000000000001,-0.8594166040420532,0.0335368849337101,0.5192475318908691,1.0865553617477417,0.0921885147690773,-0.2885906994342804,-0.5456667542457581,-1.1789710521697998,0.9077136516571045,0.4621882140636444,-0.14999999999999997,-1.3823919296264648,-0.293793261051178,-0.13973213732242584,-0.14999999999999997
2.9837279319763184,0.40464532375335693,0.6208889484405518,-0.0913192629814148,-0.021390210837125778,-0.039520177990198135,-0.9948071241378784,-0.031035659834742546,-0.06,0.35877344012260437,0.6706011295318604,-0.0005154343671165407,-0.5900000000000001,-0.8512427806854248,0.04058068245649338,0.5377061367034912,1.0731436014175415,0.09493254125118256,-0.2808685600757599,-0.47833970189094543,-1.1787794828414917,0.8346099257469177,0.37884244322776794,-0.14999999999999997,-1.4052252769470215,-0.23093734681606293,-0.02966068498790264,-0.14999999999999997
2.9840354919433594,0.4038558602333069,0.6234935522079468,-0.09495863318443298,-0.020687496289610863,-0.031047217547893524,-0.9947817921638489,-0.0320347398519516,-0.06,0.3740065395832062,0.6777822971343994,-0.004871595650911331,-0.5900000000000001,-0.8420193195343018,0.04409528523683548,0.5542203187942505,1.0577243566513062,0.09544511139392853,-0.2715616226196289,-0.40520229935646057,-1.1757829189300537,0.7594865560531616,0.29268190264701843,-0.14999999999999997,-1.4125868082046509,-0.1638057678937912,0.08236245065927505,-0.14999999999999997
2.9844400882720947,0.40321794152259827,0.6260063052177429,-0.09934628754854202,-0.019615372642874718,-0.02241022139787674,-0.9946070313453674,-0.03322490677237511,-0.06,0.3892315924167633,0.6869943737983704,-0.010233542881906033,-0.5739580392837524,-0.8335168957710266,0.045614901930093765,0.5706163644790649,1.0439337491989136,0.09593786299228668,-0.2629595398902893,-0.3316837251186371,-1.1688588857650757,0.6864696741104126,0.21216557919979095,-0.14999999999999997,-1.4017910957336426,-0.09562139958143234,0.18873921036720276,-0.14999999999999997
2.9849140644073486,0.4024091064929962,0.627993643283844,-0.10365825891494751,-0.01856186054646969,-0.016443762928247452,-0.9943037033081055,-0.036596547812223434,-0.06,0.40249112248420715,0.700237512588501,-0.008868533186614513,-0.5479955077171326,-0.8271047472953796,0.04466095194220543,0.5835558176040649,1.0348297357559204,0.09612052887678146,-0.2577023208141327,-0.26661065220832825,-1.1586885452270508,0.6200830936431885,0.1467115879058838,-0.14999999999999997,-1.368767261505127,-0.031339649111032486,0.2801493704319,-0.14999999999999997
2.985456943511963,0.40141600370407104,0.6293118596076965,-0.10751056671142578,-0.017645293846726418,-0.013522977009415627,-0.9939553141593933,-0.04223622754216194,-0.06,0.41022244095802307,0.7170543670654297,-0.011806677095592022,-0.526820719242096,-0.8232961893081665,0.04173930361866951,0.5916934609413147,1.0311267375946045,0.09557539969682693,-0.2561158537864685,-0.212086021900177,-1.1474987268447876,0.5620660781860352,0.10143236815929413,-0.14999999999999997,-1.3148282766342163,-0.03,0.3522211015224457,-0.14999999999999997
2.9861209392547607,0.4003851115703583,0.6301019191741943,-0.11101382225751877,-0.01685798354446888,-0.01165178045630455,-0.9936075210571289,-0.04771634563803673,-0.06,0.4175318479537964,0.7338290810585022,-0.013379418291151524,-0.5098906755447388,-0.8212596774101257,0.03902556002140045,0.5981420874595642,1.03121817111969,0.09479305148124695,-0.25679996609687805,-0.1634369045495987,-1.1387008428573608,0.5106434226036072,0.07484617829322815,-0.14999999999999997,-1.2439863681793213,-0.03,0.4063962697982788,-0.14999999999999997
2.986879825592041,0.39942002296447754,0.6306554079055786,-0.11434409022331238,-0.016323812305927277,-0.009355714544653893,-0.9932629466056824,-0.05158478021621704,-0.06,0.4272463023662567,0.7473076581954956,-0.0162995383143425,-0.4949920177459717,-0.8201820254325867,0.037632670253515244,0.605336606502533,1.0325552225112915,0.09414508193731308,-0.2579537034034729,-0.1179279237985611,-1.1352990865707397,0.4650062024593353,0.06403494626283646,-0.14999999999999997,-1.1590826511383057,-0.03,0.4442012906074524,-0.14999999999999997
2.987687349319458,0.39850276708602905,0.6314106583595276,-0.11737600713968277,-0.016045400872826576,-0.006347342394292355,-0.9929375648498535,-0.05328140780329704,-0.06,0.4384637773036957,0.7551618814468384,-0.020549962297081947,-0.47992825508117676,-0.8184893131256104,0.03716787323355675,0.6129328608512878,1.0317633152008057,0.09348255395889282,-0.2578639090061188,-0.07601895183324814,-1.1384047269821167,0.42545703053474426,0.06499746441841125,-0.14999999999999997,-1.0612438917160034,-0.03,0.4658583402633667,-0.13313788175582886
2.9885079860687256,0.39750170707702637,0.6326207518577576,-0.1196904331445694,-0.01588711515069008,-0.0029250059742480516,-0.9926798343658447,-0.052672337740659714,-0.06,0.44977501034736633,0.7572323083877563,-0.024952847510576248,-0.46418094635009766,-0.8147401809692383,0.03724198415875435,0.6189566254615784,1.0266804695129395,0.09210512042045593,-0.2555769085884094,-0.03977587819099426,-1.1482129096984863,0.3942180573940277,0.07209615409374237,-0.14999999999999997,-0.9530249238014221,-0.03,0.47090110182762146,-0.06595905125141144
2.989304304122925,0.3963470160961151,0.6342346668243408,-0.12102057784795761,-0.01573227532207966,0.000225467883865349,-0.9925252199172974,-0.05052885040640831,-0.06,0.45997563004493713,0.7553751468658447,-0.02912195213139057,-0.44849327206611633,-0.8087525367736816,0.03737730160355568,0.6217304468154907,1.0175504684448242,0.08967863023281097,-0.25138387084007263,-0.012222765013575554,-1.1642529964447021,0.37398090958595276,0.08164490759372711,-0.14999999999999997,-0.8391233682632446,-0.03,0.4593178629875183,0.0173046737909317
2.9900052547454834,0.395123690366745,0.6361556053161621,-0.12147314846515656,-0.015696024522185326,0.0025690137408673763,-0.9924672245979309,-0.0484936498105526,-0.06,0.4683338403701782,0.7521951794624329,-0.03298927843570709,-0.43279513716697693,-0.8013672232627869,0.036920785903930664,0.6211252808570862,1.005140781402588,0.08650414645671844,-0.2457100749015808,0.004707977641373873,-1.1852192878723145,0.3655015826225281,0.09414251148700714,-0.14999999999999997,-0.7242266535758972,-0.03,0.43182170391082764,0.11536844074726105
2.99056339263916,0.3939621150493622,0.6383647918701172,-0.12126369774341583,-0.015942294150590897,0.00427588727325201,-0.9924830794334412,-0.04748721793293953,-0.06,0.475458562374115,0.7487797141075134,-0.03677002340555191,-0.41639193892478943,-0.7931782007217407,0.035815633833408356,0.6182522773742676,0.9894919991493225,0.08305545151233673,-0.23844380676746368,0.011440170928835869,-1.2084929943084717,0.3680269420146942,0.111263707280159,-0.14999999999999997,-0.6115967035293579,-0.03,0.38959452509880066,0.2224951535463333
2.9909634590148926,0.3929497301578522,0.6408458948135376,-0.12059258669614792,-0.01655939593911171,0.00562669662758708,-0.9925479292869568,-0.047887835651636124,-0.06,0.48196759819984436,0.7455466985702515,-0.04017580673098564,-0.3988361656665802,-0.7845224738121033,0.034168485552072525,0.6142204403877258,0.970642626285553,0.07971970736980438,-0.22946646809577942,0.008509169332683086,-1.2309662103652954,0.38169676065444946,0.13338305056095123,-0.14999999999999997,-0.5036691427230835,-0.03,0.3347371220588684,0.3337027132511139
2.9911680221557617,0.3921728730201721,0.6435237526893616,-0.11976954340934753,-0.0176527239382267,0.006499059963971376,-0.9926234483718872,-0.05024395510554314,-0.06,0.4873717725276947,0.7428467869758606,-0.04242376238107681,-0.3800545036792755,-0.7762085199356079,0.031539399176836014,0.6098055839538574,0.9493477940559387,0.07688667625188828,-0.2191293090581894,-0.004628951661288738,-1.249698519706726,0.4077708125114441,0.15917319059371948,-0.14999999999999997,-0.4035751223564148,-0.03,0.2701355814933777,0.44702765345573425
2.99110746383667,0.39172840118408203,0.646213173866272,-0.11916487663984299,-0.019387297332286835,0.006431723944842815,-0.9926642775535583,-0.05534924194216728,-0.06,0.4902630150318146,0.7410457730293274,-0.04185399040579796,-0.361043244600296,-0.7697859406471252,0.027247823774814606,0.605537474155426,0.9274070262908936,0.07499925792217255,-0.20830392837524414,-0.02880323864519596,-1.2624691724777222,0.4474755823612213,0.18654683232307434,-0.14999999999999997,-0.31514570116996765,-0.03,0.19922098517417908,0.5597614645957947
2.9906792640686035,0.39168161153793335,0.6486323475837708,-0.11892418563365936,-0.021786890923976898,0.004609582480043173,-0.9926536083221436,-0.06460653245449066,-0.06,0.48934194445610046,0.7425994873046875,-0.03880833834409714,-0.3428087532520294,-0.7667625546455383,0.020698867738246918,0.6009497046470642,0.9073754549026489,0.07433952391147614,-0.19832608103752136,-0.06545590609312057,-1.268200397491455,0.5021135210990906,0.21435585618019104,-0.14999999999999997,-0.24216820299625397,-0.03,0.12471789121627808,0.6647925972938538
2.9898738861083984,0.39200931787490845,0.650503933429718,-0.11861076205968857,-0.024357648566365242,0.0003423010930418968,-0.9926419258117676,-0.07618417590856552,-0.06,0.4839687645435333,0.7460970282554626,-0.03336897864937782,-0.32926928997039795,-0.7668035626411438,0.012093993835151196,0.5940418243408203,0.8914991021156311,0.07450999319553375,-0.19061195850372314,-0.11586762964725494,-1.2671165466308594,0.573453426361084,0.24135524034500122,-0.14999999999999997,-0.1845117211341858,-0.04929865524172783,0.047932643443346024,0.7485166788101196
2.988898515701294,0.3926916718482971,0.6517493724822998,-0.11789393424987793,-0.026180339977145195,-0.0064439415000379086,-0.9926600456237793,-0.08522175252437592,-0.06,0.4722159206867218,0.7513142824172974,-0.03175670653581619,-0.3696739375591278,-0.7677180171012878,0.001564776641316712,0.5834119915962219,0.8810881972312927,0.0750293880701065,-0.1864880621433258,-0.17967931926250458,-1.2603574991226196,0.6609577536582947,0.2710385322570801,-0.14999999999999997,-0.1400591880083084,-0.10218803584575653,-0.0328545868396759,0.7999275326728821
2.9878287315368652,0.3936469256877899,0.6523535847663879,-0.11644242703914642,-0.027246680110692978,-0.014712742529809475,-0.992714524269104,-0.08903534710407257,-0.06,0.4539056420326233,0.748755931854248,-0.03878972679376602,-0.42948654294013977,-0.7688421607017517,-0.00903585646301508,0.569847583770752,0.8755422830581665,0.07575337588787079,-0.18540604412555695,-0.2520756125450134,-1.254040002822876,0.7570631504058838,0.3023827373981476,-0.14999999999999997,-0.11034554243087769,-0.15934805572032928,-0.11930543929338455,0.8202595114707947
2.9866750240325928,0.39469456672668457,0.6522128582000732,-0.1138823926448822,-0.027903296053409576,-0.022862393409013748,-0.9928390383720398,-0.08789469301700592,-0.06,0.4332440197467804,0.7345037460327148,-0.05228913202881813,-0.47114527225494385,-0.7705478668212891,-0.016611186787486076,0.5551009178161621,0.8741617798805237,0.07636144757270813,-0.1860610991716385,-0.326277494430542,-1.2535524368286133,0.8539285659790039,0.33506840467453003,-0.14999999999999997,-0.095673106610775,-0.21753789484500885,-0.21294617652893066,0.8129251599311829
2.9854602813720703,0.3957076370716095,0.6512182950973511,-0.11021821945905685,-0.02832341566681862,-0.030999714508652687,-0.9930199980735779,-0.085835762321949,-0.06,0.410750150680542,0.7156978249549866,-0.06630765646696091,-0.49699342250823975,-0.7736878991127014,-0.020848510786890984,0.5391830801963806,0.8778741359710693,0.0766657143831253,-0.188863605260849,-0.4003210961818695,-1.2604039907455444,0.9481584429740906,0.3733959496021271,-0.14999999999999997,-0.09598463773727417,-0.2726704180240631,-0.31343528628349304,0.7820011377334595
2.984208822250366,0.39672935009002686,0.6492012143135071,-0.10589524358510971,-0.028661834076046944,-0.039994124323129654,-0.9931591153144836,-0.08611385524272919,-0.06,0.38488852977752686,0.6942391395568848,-0.07368598133325577,-0.5189858675003052,-0.7799631357192993,-0.023213783279061317,0.5222041606903076,0.8890330195426941,0.07698400318622589,-0.19532711803913116,-0.4748409688472748,-1.2756707668304443,1.0384235382080078,0.4179844558238983,-0.14999999999999997,-0.11376988887786865,-0.32192572951316833,-0.41570666432380676,0.7320725917816162
2.982867479324341,0.3978251814842224,0.646038293838501,-0.10133514553308487,-0.029204968363046646,-0.049948789179325104,-0.993168294429779,-0.09108331799507141,-0.06,0.35568302869796753,0.6668114066123962,-0.0716620460152626,-0.5444833636283875,-0.7910301089286804,-0.024415716528892517,0.505435049533844,0.9087797999382019,0.07773444056510925,-0.20588278770446777,-0.5493730306625366,-1.2988723516464233,1.1251293420791626,0.4669123589992523,-0.14999999999999997,-0.15377569198608398,-0.3656667172908783,-0.5109565258026123,0.6693729162216187
2.981459856033325,0.3990018963813782,0.6417169570922852,-0.0966668352484703,-0.02961668372154236,-0.060602735728025436,-0.9930284023284912,-0.10063186287879944,-0.06,0.3230436146259308,0.6284701228141785,-0.06396450102329254,-0.5586366057395935,-0.8061472177505493,-0.02478848211467266,0.48940882086753845,0.9369592070579529,0.07911844551563263,-0.22051504254341125,-0.6226327419281006,-1.325740098953247,1.208898663520813,0.5191368460655212,-0.14999999999999997,-0.21716971695423126,-0.40558770298957825,-0.593246340751648,0.5968831777572632
2.9800355434417725,0.4003162086009979,0.6367666721343994,-0.09243719279766083,-0.02952747978270054,-0.07131577283143997,-0.99272221326828,-0.11450415104627609,-0.06,0.2908038794994354,0.6077518463134766,-0.05276873707771301,-0.5334256887435913,-0.8228421807289124,-0.025794437155127525,0.4751818776130676,0.9699134230613708,0.0812019482254982,-0.23756544291973114,-0.6913911700248718,-1.3520128726959229,1.2869713306427002,0.5732033848762512,-0.14999999999999997,-0.3019786775112152,-0.442385196685791,-0.6623266935348511,0.51341712474823
2.979607105255127,0.40242648124694824,0.6342810392379761,-0.09303456544876099,-0.028868352994322777,-0.08078144490718842,-0.9919604659080505,-0.12757530808448792,-0.06,0.2821882963180542,0.6344060301780701,-0.0320897214114666,-0.5435426831245422,-0.8324854373931885,-0.03813077509403229,0.4704579710960388,0.9921703338623047,0.08683718740940094,-0.2524281144142151,-0.7496992349624634,-1.3759963512420654,1.3530850410461426,0.6314666867256165,-0.14999999999999997,-0.4088852107524872,-0.47762438654899597,-0.7187241911888123,0.41317999362945557
2.97983455657959,0.40451470017433167,0.6323956251144409,-0.09515813738107681,-0.027513163164258003,-0.0889224037528038,-0.9911007285118103,-0.12921221554279327,-0.06,0.2784225344657898,0.643772304058075,-0.009303530678153038,-0.5473942756652832,-0.8387975692749023,-0.0522274449467659,0.46945855021476746,1.0127252340316772,0.09293735027313232,-0.2676466405391693,-0.7946721315383911,-1.3934940099716187,1.4032893180847168,0.6829917430877686,-0.14999999999999997,-0.5331059098243713,-0.5052535533905029,-0.7622108459472656,0.29618266224861145
2.9805655479431152,0.40613695979118347,0.6310521364212036,-0.09702736884355545,-0.025555193424224854,-0.09506332874298096,-0.9904016256332397,-0.1280227154493332,-0.06,0.2694012522697449,0.6522215604782104,-0.004798971116542816,-0.5524346232414246,-0.8403952717781067,-0.06393064558506012,0.46844831109046936,1.0288832187652588,0.09768456220626831,-0.28098198771476746,-0.8229771256446838,-1.401452660560608,1.4322841167449951,0.7226448059082031,-0.14999999999999997,-0.667736828327179,-0.5231615304946899,-0.7938199639320374,0.16739517450332642
2.9815475940704346,0.40699905157089233,0.6299805045127869,-0.09740795195102692,-0.023500332608819008,-0.09914597868919373,-0.9900148510932922,-0.12661528587341309,-0.06,0.26248034834861755,0.6617022752761841,-0.003538948018103838,-0.5586284399032593,-0.8386676907539368,-0.07034312933683395,0.4648396670818329,1.0405933856964111,0.0997278168797493,-0.29140281677246094,-0.8356800675392151,-1.4012243747711182,1.4421802759170532,0.7468585968017578,-0.14999999999999997,-0.8070555329322815,-0.5313582420349121,-0.8088361620903015,0.035511840134859085
2.982562780380249,0.40725716948509216,0.629052460193634,-0.09666073322296143,-0.022192463278770447,-0.10199708491563797,-0.9898285865783691,-0.12765555083751678,-0.06,0.25660932064056396,0.672667920589447,-0.0036031121853739023,-0.5655085444450378,-0.8368846774101257,-0.0726909339427948,0.4595085084438324,1.0491340160369873,0.09975557029247284,-0.2991992235183716,-0.8367210626602173,-1.3968886137008667,1.4389569759368896,0.7550128698348999,-0.14999999999999997,-0.9476324319839478,-0.5324788093566895,-0.7999705672264099,-0.08729115128517151
2.98372483253479,0.40715786814689636,0.6283552646636963,-0.095267653465271,-0.0213330015540123,-0.1036306768655777,-0.9898129105567932,-0.1288926601409912,-0.06,0.25201013684272766,0.6824702620506287,-0.005176580045372248,-0.5721134543418884,-0.8343071341514587,-0.07195747643709183,0.4541327953338623,1.054914951324463,0.09862932562828064,-0.3051624596118927,-0.8272567987442017,-1.3893877267837524,1.4240649938583374,0.7491217255592346,-0.14999999999999997,-1.083288311958313,-0.5276414155960083,-0.765630304813385,-0.14999999999999997
2.9851620197296143,0.4068835973739624,0.6280462741851807,-0.09368777275085449,-0.020457318052649498,-0.10390294343233109,-0.9899535775184631,-0.12717929482460022,-0.06,0.24984098970890045,0.6875444650650024,-0.0075692120008170605,-0.5770905613899231,-0.8292914032936096,-0.06883689761161804,0.4509712755680084,1.0578314065933228,0.09766862541437149,-0.3099815249443054,-0.8078754544258118,-1.3820617198944092,1.398127555847168,0.7275013327598572,-0.14999999999999997,-1.2083847522735596,-0.5146017670631409,-0.7064729928970337,-0.14999999999999997
2.9867866039276123,0.4064875841140747,0.6281028389930725,-0.09237457066774368,-0.019889771938323975,-0.10286524146795273,-0.9901968836784363,-0.12285447120666504,-0.06,0.25045040249824524,0.6869919896125793,-0.01020745187997818,-0.5797485113143921,-0.8227596879005432,-0.06344117224216461,0.4534641206264496,1.0582587718963623,0.09799657016992569,-0.3139422833919525,-0.779584527015686,-1.379335641860962,1.3631269931793213,0.6889245510101318,-0.14999999999999997,-1.3197643756866455,-0.49009308218955994,-0.6249233484268188,-0.14999999999999997
2.9884681701660156,0.4061087667942047,0.6283658742904663,-0.0915970727801323,-0.020297309383749962,-0.10111235827207565,-0.9904413819313049,-0.11829394102096558,-0.06,0.25288891792297363,0.682100236415863,-0.012379166670143604,-0.5802565813064575,-0.8172392249107361,-0.05652987211942673,0.4627271294593811,1.0575143098831177,0.1006508320569992,-0.317524790763855,-0.7443080544471741,-1.3832695484161377,1.3200149536132812,0.6366431713104248,-0.14999999999999997,-1.4223960638046265,-0.4606762230396271,-0.5254930853843689,-0.14999999999999997
2.9901413917541504,0.40560898184776306,0.6288100481033325,-0.0917624831199646,-0.021586960181593895,-0.0989985540509224,-0.9906124472618103,-0.11338207125663757,-0.06,0.2561803460121155,0.6725326180458069,-0.014608587138354778,-0.5780665278434753,-0.8134590983390808,-0.04949921742081642,0.47728651762008667,1.0563980340957642,0.10477150976657867,-0.32080063223838806,-0.7025413513183594,-1.3927462100982666,1.2680995464324951,0.5755939483642578,-0.14999999999999997,-1.5111193656921387,-0.41880422830581665,-0.41698020696640015,-0.14999999999999997
2.991854667663574,0.4049990773200989,0.6294548511505127,-0.09274960309267044,-0.023342913016676903,-0.09600118547677994,-0.9907755255699158,-0.10666131228208542,-0.06,0.2617848813533783,0.6577139496803284,-0.016596507281064987,-0.5732167959213257,-0.8107151389122009,-0.042467087507247925,0.4948960542678833,1.0545812845230103,0.1091255396604538,-0.32329118251800537,-0.6527313590049744,-1.4052778482437134,1.2074849605560303,0.5064786672592163,-0.14999999999999997,-1.5862106084823608,-0.36881524324417114,-0.30041614174842834,-0.14999999999999997
2.993466377258301,0.4043855369091034,0.6303581595420837,-0.09399237483739853,-0.02508292719721794,-0.09144595265388489,-0.9910469055175781,-0.09918548166751862,-0.06,0.27059346437454224,0.6418446898460388,-0.018537741154432297,-0.5662215352058411,-0.8081194162368774,-0.035094890743494034,0.511960506439209,1.0506240129470825,0.11239805817604065,-0.32340818643569946,-0.5938771367073059,-1.4183835983276367,1.1389055252075195,0.42497754096984863,-0.14999999999999997,-1.6467946767807007,-0.3142976760864258,-0.17913326621055603,-0.14999999999999997
2.9948604106903076,0.40412333607673645,0.631754457950592,-0.09570950269699097,-0.02633875422179699,-0.08491959422826767,-0.9914305806159973,-0.09409403800964355,-0.06,0.2808329164981842,0.6330180168151855,-0.0249920841306448,-0.5531562566757202,-0.8047511577606201,-0.028961224481463432,0.5267419219017029,1.0428072214126587,0.11372663080692291,-0.32001978158950806,-0.526412308216095,-1.4277074337005615,1.0626689195632935,0.3313501179218292,-0.14999999999999997,-1.6930495500564575,-0.2566847801208496,-0.05516428127884865,-0.14999999999999997
2.996157646179199,0.4043232202529907,0.6335083842277527,-0.09823519736528397,-0.026769593358039856,-0.07717837393283844,-0.9918047785758972,-0.08964110910892487,-0.06,0.2952476143836975,0.6302004456520081,-0.028008922934532166,-0.5379512310028076,-0.800207793712616,-0.025433791801333427,0.540632963180542,1.0330382585525513,0.11410309374332428,-0.31484174728393555,-0.45394861698150635,-1.4301728010177612,0.9808175563812256,0.22908739745616913,-0.14999999999999997,-1.7252086400985718,-0.1971665769815445,0.0686359778046608,-0.14999999999999997
2.99743390083313,0.4047214984893799,0.6350942850112915,-0.10138732194900513,-0.026586325839161873,-0.07059736549854279,-0.9919827580451965,-0.08469147235155106,-0.06,0.3114537298679352,0.6284750699996948,-0.023128511384129524,-0.5199800729751587,-0.7954350709915161,-0.02469739317893982,0.5545151233673096,1.0256937742233276,0.11581385135650635,-0.3117500841617584,-0.38351157307624817,-1.4254999160766602,0.8967416286468506,0.1223800778388977,-0.14999999999999997,-1.7434337139129639,-0.13732582330703735,0.1877102106809616,-0.14999999999999997
2.998622179031372,0.40514686703681946,0.6362188458442688,-0.10461092740297318,-0.02618599496781826,-0.06629739701747894,-0.9919552803039551,-0.08080645650625229,-0.06,0.3206403851509094,0.6283782720565796,-0.023758914321660995,-0.5057000517845154,-0.7920377850532532,-0.026445157825946808,0.5658315420150757,1.022390365600586,0.1177196204662323,-0.31148040294647217,-0.31866705417633057,-1.4150831699371338,0.812017560005188,0.014191578142344952,-0.14999999999999997,-1.744991421699524,-0.08099843561649323,0.29691702127456665,-0.14999999999999997
2.9996280670166016,0.4054744243621826,0.6368629932403564,-0.10738609731197357,-0.02600080892443657,-0.06417065858840942,-0.9918034672737122,-0.07993762940168381,-0.06,0.32656532526016235,0.632095992565155,-0.020895695313811302,-0.49558281898498535,-0.7907041311264038,-0.029316404834389687,0.573777437210083,1.0223183631896973,0.11932883411645889,-0.31310001015663147,-0.26009440422058105,-1.4020334482192993,0.7280358076095581,-0.0948721393942833,-0.14999999999999997,-1.7279764413833618,-0.03309444338083267,0.39360693097114563,-0.14999999999999997
3.000383138656616,0.4057943820953369,0.637144923210144,-0.10964153707027435,-0.02619311586022377,-0.06411166489124298,-0.991555392742157,-0.0824766680598259,-0.06,0.32513004541397095,0.6388207077980042,-0.02461989037692547,-0.4877961575984955,-0.791391909122467,-0.03328823298215866,0.5785462260246277,1.024357795715332,0.12084534764289856,-0.31590431928634644,-0.2086251974105835,-1.3879681825637817,0.6473966240882874,-0.20332397520542145,-0.14999999999999997,-1.6932876110076904,-0.03,0.477918416261673,-0.14999999999999997
3.00093412399292,0.4062196910381317,0.6371983289718628,-0.11170114576816559,-0.026570076122879982,-0.06579579412937164,-0.9912050366401672,-0.08653272688388824,-0.06,0.3248633146286011,0.646783709526062,-0.02069387026131153,-0.4821983575820923,-0.7934256792068481,-0.03890946879982948,0.5810955166816711,1.0279558897018433,0.12256720662117004,-0.3197730779647827,-0.16451090574264526,-1.3715286254882812,0.5729354619979858,-0.30839240550994873,-0.14999999999999997,-1.6435390710830688,-0.03,0.5544946789741516,-0.14999999999999997
3.001361131668091,0.40693196654319763,0.6371040940284729,-0.11408837884664536,-0.02690298482775688,-0.06891185790300369,-0.9907124042510986,-0.09103215485811234,-0.06,0.3243366777896881,0.6553146243095398,-0.01935501955449581,-0.47672921419143677,-0.7963283658027649,-0.04701749607920647,0.5830555558204651,1.0331989526748657,0.1251492202281952,-0.32505425810813904,-0.12781018018722534,-1.351151704788208,0.5070947408676147,-0.40940260887145996,-0.14999999999999997,-1.5821706056594849,-0.03,0.6295050382614136,-0.14999999999999997
3.001720666885376,0.40795212984085083,0.6368476152420044,-0.11694059520959854,-0.027147214859724045,-0.0730752944946289,-0.9900746941566467,-0.09589613974094391,-0.06,0.32345643639564514,0.6647151708602905,-0.01688241958618164,-0.4714036285877228,-0.8000330328941345,-0.05731987953186035,0.5853520035743713,1.040259838104248,0.1287563443183899,-0.3318181335926056,-0.09870176762342453,-1.3262395858764648,0.4531351625919342,-0.5068544149398804,-0.14999999999999997,-1.5133047103881836,-0.03,0.7051166892051697,-0.14999999999999997
3.002074718475342,0.40917426347732544,0.6364796757698059,-0.12001626193523407,-0.02728554606437683,-0.07796842604875565,-0.9893292188644409,-0.1015462651848793,-0.06,0.32199084758758545,0.676003098487854,-0.014317268505692482,-0.46588414907455444,-0.8039592504501343,-0.06905949115753174,0.5876429080963135,1.048412799835205,0.13301818072795868,-0.3396373689174652,-0.07761532068252563,-1.2966351509094238,0.41419175267219543,-0.6009669303894043,-0.14999999999999997,-1.4414628744125366,-0.03,0.7801710963249207,-0.14999999999999997
3.0025527477264404,0.4104366600513458,0.6361309289932251,-0.12288860976696014,-0.02701999433338642,-0.08304499089717865,-0.988570511341095,-0.10585012286901474,-0.06,0.3207305371761322,0.6872480511665344,-0.01163577288389206,-0.4604526162147522,-0.8063774704933167,-0.08113910257816315,0.5889114737510681,1.0563383102416992,0.13716869056224823,-0.34786221385002136,-0.06422058492898941,-1.2619574069976807,0.3924499750137329,-0.689727783203125,-0.14999999999999997,-1.370133876800537,-0.04796170815825462,0.852232813835144,-0.14999999999999997
3.0032308101654053,0.4115859568119049,0.6358910799026489,-0.12513765692710876,-0.026241552084684372,-0.08751530200242996,-0.9879235625267029,-0.10715073347091675,-0.06,0.32111507654190063,0.6959322690963745,-0.009648630395531654,-0.4559652805328369,-0.8062387108802795,-0.09193415939807892,0.5887115001678467,1.0628606081008911,0.14052683115005493,-0.3556291162967682,-0.05708827078342438,-1.2218209505081177,0.3883731961250305,-0.7696129679679871,-0.14999999999999997,-1.3033573627471924,-0.08597196638584137,0.9187858700752258,-0.14999999999999997
3.004070520401001,0.41255322098731995,0.6357677578926086,-0.12646082043647766,-0.02519504725933075,-0.0907384529709816,-0.9874913692474365,-0.10635993629693985,-0.06,0.3241603970527649,0.70274817943573,-0.008527182973921299,-0.45288369059562683,-0.8039169311523438,-0.09990439563989639,0.5873473882675171,1.067344069480896,0.14280924201011658,-0.36208996176719666,-0.054074328392744064,-1.1770687103271484,0.39896896481513977,-0.8400374054908752,-0.14999999999999997,-1.2440571784973145,-0.12783436477184296,0.9783998131752014,-0.14999999999999997
3.004899024963379,0.4133034944534302,0.6357033252716064,-0.12693224847316742,-0.024220943450927734,-0.09250954538583755,-0.9872909188270569,-0.10552697628736496,-0.06,0.3299843370914459,0.7097466588020325,-0.008086307905614376,-0.4510214924812317,-0.8008021116256714,-0.1044832244515419,0.5857495069503784,1.0699594020843506,0.1441468447446823,-0.3667282164096832,-0.05405939742922783,-1.1302906274795532,0.4200042188167572,-0.9026368856430054,-0.14999999999999997,-1.1947532892227173,-0.16672009229660034,1.0302387475967407,-0.14999999999999997
3.0056047439575195,0.4139818251132965,0.6356900334358215,-0.12661318480968475,-0.024042202159762383,-0.09280946105718613,-0.987308144569397,-0.10680480301380157,-0.06,0.33833417296409607,0.7176918387413025,-0.00854694563895464,-0.44989195466041565,-0.7989265322685242,-0.105537049472332,0.5851152539253235,1.070536494255066,0.1449856013059616,-0.36905068159103394,-0.055325306951999664,-1.0856064558029175,0.4459232985973358,-0.9598361849784851,-0.14999999999999997,-1.1528244018554688,-0.2086547166109085,1.072874665260315,-0.14999999999999997
3.0061604976654053,0.41468989849090576,0.6357381939888,-0.125972181558609,-0.024853019043803215,-0.09187640249729156,-0.987457275390625,-0.11032377183437347,-0.06,0.3487066924571991,0.7257567644119263,-0.009003526531159878,-0.4486452341079712,-0.7992160320281982,-0.10412339121103287,0.5865235328674316,1.0695374011993408,0.1458289623260498,-0.36942818760871887,-0.05782417953014374,-1.0450360774993896,0.4726443588733673,-1.0119987726211548,-0.14999999999999997,-1.116754412651062,-0.25089383125305176,1.1069984436035156,-0.14999999999999997
3.006622314453125,0.41545164585113525,0.6359009146690369,-0.12540780007839203,-0.026370376348495483,-0.09008218348026276,-0.9876551032066345,-0.11533498018980026,-0.06,0.3601810932159424,0.7335346341133118,-0.009222612716257572,-0.4462284445762634,-0.8010675311088562,-0.10160461068153381,0.5899800658226013,1.0672619342803955,0.14693671464920044,-0.3683992028236389,-0.062266506254673004,-1.0090663433074951,0.49758419394493103,-1.0589863061904907,-0.14999999999999997,-1.085100531578064,-0.28781840205192566,1.1336737871170044,-0.14999999999999997
3.0070412158966064,0.4162105917930603,0.6362297534942627,-0.12502636015415192,-0.02824695222079754,-0.08773987740278244,-0.9878624081611633,-0.12107604742050171,-0.06,0.37186065316200256,0.7407923936843872,-0.009290782734751701,-0.44215652346611023,-0.8034924268722534,-0.09876270592212677,0.5947092175483704,1.063734769821167,0.14817406237125397,-0.3663083612918854,-0.06904436647891998,-0.9779791235923767,0.5193376541137695,-1.1013416051864624,-0.14999999999999997,-1.0570420026779175,-0.3152887523174286,1.1535629034042358,-0.14999999999999997
3.0074100494384766,0.4168882369995117,0.6367064118385315,-0.12474789470434189,-0.030390311032533646,-0.08515136688947678,-0.988060474395752,-0.12715555727481842,-0.06,0.38271626830101013,0.7468613386154175,-0.009541342034935951,-0.4368736445903778,-0.8062503933906555,-0.09579823166131973,0.5999017953872681,1.0591033697128296,0.14934082329273224,-0.3633265197277069,-0.07851537317037582,-0.9521366953849792,0.5375396013259888,-1.139467716217041,-0.14999999999999997,-1.0322538614273071,-0.33299490809440613,1.1679166555404663,-0.14999999999999997
3.007721424102783,0.4174269735813141,0.6372442245483398,-0.12454937398433685,-0.03275639936327934,-0.0826563760638237,-0.9882218241691589,-0.13394491374492645,-0.06,0.3914407193660736,0.7525568604469299,-0.009780819527804852,-0.4309416711330414,-0.8094958662986755,-0.0929168313741684,0.6049745678901672,1.0540413856506348,0.15030859410762787,-0.35988765954971313,-0.09127814322710037,-0.9310718178749084,0.5524632334709167,-1.1731621026992798,-0.14999999999999997,-1.0104128122329712,-0.3428303003311157,1.1793261766433716,-0.14999999999999997
3.008054256439209,0.4177938401699066,0.6377729773521423,-0.12448041141033173,-0.035051025450229645,-0.08036355674266815,-0.9883409142494202,-0.14118815958499908,-0.06,0.3976619243621826,0.7588872313499451,-0.010948000475764275,-0.4244604706764221,-0.8126956224441528,-0.09028220921754837,0.6096347570419312,1.0493239164352417,0.15096595883369446,-0.35663869976997375,-0.10747174918651581,-0.9127464890480042,0.5650922060012817,-1.2017507553100586,-0.14999999999999997,-0.9908933043479919,-0.3470282554626465,1.1908504962921143,-0.14999999999999997
3.0085134506225586,0.41795897483825684,0.6382923722267151,-0.1245604157447815,-0.03695078194141388,-0.078180231153965,-0.988436758518219,-0.14814361929893494,-0.06,0.4023434519767761,0.7666411399841309,-0.013340450823307037,-0.41782912611961365,-0.8149681091308594,-0.08792013674974442,0.6136552691459656,1.0451998710632324,0.15114930272102356,-0.35397616028785706,-0.12652939558029175,-0.8951200246810913,0.5763606429100037,-1.2251431941986084,-0.14999999999999997,-0.9732553362846375,-0.3478061854839325,1.2044236660003662,-0.14999999999999997
3.0091395378112793,0.4179225265979767,0.6388446688652039,-0.12478324770927429,-0.038387592881917953,-0.07595296204090118,-0.9885274767875671,-0.154850572347641,-0.06,0.4053102433681488,0.7760499715805054,-0.017503513023257256,-0.41010555624961853,-0.8159787654876709,-0.08573456108570099,0.617103099822998,1.0414546728134155,0.15081623196601868,-0.3519020080566406,-0.1475008875131607,-0.8772552013397217,0.5871495604515076,-1.243820071220398,-0.14999999999999997,-0.9576082229614258,-0.3472071588039398,1.220069408416748,-0.14999999999999997
3.0099165439605713,0.4176947772502899,0.6394793391227722,-0.1251586526632309,-0.03949686139822006,-0.07364831864833832,-0.9886107444763184,-0.16172806918621063,-0.06,0.4069753587245941,0.7873046398162842,-0.02352830581367016,-0.4008302092552185,-0.8159246444702148,-0.08375828713178635,0.6201104521751404,1.0376721620559692,0.1499909609556198,-0.3500690162181854,-0.16954734921455383,-0.8591553568840027,0.597966730594635,-1.2583338022232056,-0.14999999999999997,-0.9445323944091797,-0.3467462956905365,1.2359389066696167,-0.14999999999999997
3.0108284950256348,0.41728875041007996,0.640215277671814,-0.12571144104003906,-0.04037753492593765,-0.07139741629362106,-0.9886701107025146,-0.16884823143482208,-0.06,0.4073483943939209,0.7998772859573364,-0.03059227578341961,-0.38970229029655457,-0.815018892288208,-0.08222229033708572,0.6226280331611633,1.033728837966919,0.1486928015947342,-0.3484324514865875,-0.19218234717845917,-0.8412348031997681,0.608319878578186,-1.2689235210418701,-0.14999999999999997,-0.9346264600753784,-0.3469811677932739,1.2495180368423462,-0.14999999999999997
3.0118863582611084,0.4167139530181885,0.6410630345344543,-0.12643469870090485,-0.04094969853758812,-0.06931450963020325,-0.9887025356292725,-0.17568381130695343,-0.06,0.40613093972206116,0.8128930330276489,-0.03791813179850578,-0.3767573833465576,-0.8130192756652832,-0.08134694397449493,0.6244170665740967,1.0296261310577393,0.14696314930915833,-0.3470982313156128,-0.21509888768196106,-0.8239604234695435,0.6169331669807434,-1.2757915258407593,-0.14999999999999997,-0.9278426766395569,-0.34749773144721985,1.259179949760437,-0.14999999999999997
3.0130953788757324,0.4159690737724304,0.6420440673828125,-0.12727618217468262,-0.04113122820854187,-0.0674770250916481,-0.9887142181396484,-0.18140575289726257,-0.06,0.40404367446899414,0.8252893090248108,-0.04735304415225983,-0.36250975728034973,-0.8096105456352234,-0.08125796914100647,0.6251375079154968,1.0252044200897217,0.144735649228096,-0.3460608422756195,-0.23822420835494995,-0.8080242276191711,0.6228452324867249,-1.27914297580719,-0.14999999999999997,-0.9238070845603943,-0.3474223017692566,1.2648495435714722,-0.14999999999999997
3.0144262313842773,0.4150582551956177,0.6431674957275391,-0.12814436852931976,-0.040960028767585754,-0.0659378170967102,-0.9887129664421082,-0.18545831739902496,-0.06,0.4008759558200836,0.8354259729385376,-0.05591905489563942,-0.3473408818244934,-0.8047965168952942,-0.0819082036614418,0.624538242816925,1.0202385187149048,0.14196419715881348,-0.34515827894210815,-0.26164311170578003,-0.7942199110984802,0.6258969306945801,-1.2790265083312988,-0.14999999999999997,-0.9222480654716492,-0.3461884558200836,1.267409324645996,-0.14999999999999997
3.0158567428588867,0.4139682948589325,0.6444044709205627,-0.12891936302185059,-0.040491946041584015,-0.06472321599721909,-0.9887117147445679,-0.18732942640781403,-0.06,0.39710545539855957,0.8424046039581299,-0.06587144732475281,-0.33256784081459045,-0.7987024784088135,-0.08305114507675171,0.6223917603492737,1.0147299766540527,0.13857480883598328,-0.3443056046962738,-0.2854137122631073,-0.7829816341400146,0.626395583152771,-1.2754884958267212,-0.14999999999999997,-0.9229593873023987,-0.34372973442077637,1.2677947282791138,-0.13954076170921326
3.017378091812134,0.41270968317985535,0.6457038521766663,-0.1295098513364792,-0.039698097854852676,-0.06389625370502472,-0.9887206554412842,-0.1865129917860031,-0.06,0.39285239577293396,0.8453952670097351,-0.07507824152708054,-0.3190705478191376,-0.7913263440132141,-0.08454246073961258,0.6184893250465393,1.0089167356491089,0.13457360863685608,-0.3436278700828552,-0.3095366060733795,-0.7742686867713928,0.6244357824325562,-1.2688523530960083,-0.14999999999999997,-0.9257444739341736,-0.3404250144958496,1.2669974565505981,-0.1299966275691986
3.0190107822418213,0.41129621863365173,0.6469822525978088,-0.12985308468341827,-0.03848728537559509,-0.06344497203826904,-0.9887524247169495,-0.18232519924640656,-0.06,0.3885776996612549,0.8439246416091919,-0.0834505707025528,-0.3080543875694275,-0.7826101779937744,-0.08614414930343628,0.6127780675888062,1.003326654434204,0.12996383011341095,-0.34344953298568726,-0.33375921845436096,-0.7677119970321655,0.6201316714286804,-1.259734869003296,-0.14999999999999997,-0.9304454326629639,-0.3367520272731781,1.2663041353225708,-0.12294750660657883
3.0207810401916504,0.40975141525268555,0.6481252908706665,-0.1299610286951065,-0.03678715601563454,-0.06345468014478683,-0.9888023138046265,-0.1743108034133911,-0.06,0.38454368710517883,0.8377944231033325,-0.09018057584762573,-0.30052804946899414,-0.7727069854736328,-0.08777657896280289,0.6053117513656616,0.9988343715667725,0.12484584003686905,-0.34431517124176025,-0.35802575945854187,-0.7627002596855164,0.6140076518058777,-1.2489286661148071,-0.14999999999999997,-0.9371938109397888,-0.3332054018974304,1.2671252489089966,-0.1189911887049675
3.022711992263794,0.4080927073955536,0.6490513682365417,-0.12985219061374664,-0.03459688276052475,-0.06400062888860703,-0.9888606071472168,-0.16245776414871216,-0.06,0.38106706738471985,0.8272656798362732,-0.09504885971546173,-0.2969471216201782,-0.7618619203567505,-0.08939691632986069,0.5961291193962097,0.9960645437240601,0.1192612498998642,-0.34660977125167847,-0.38216671347618103,-0.7584802508354187,0.6066290736198425,-1.2377896308898926,-0.14999999999999997,-0.9462122917175293,-0.3302922546863556,1.2706866264343262,-0.1183273121714592
3.0248074531555176,0.4063112437725067,0.6497452259063721,-0.12950004637241364,-0.032001201063394547,-0.06498944759368896,-0.9889296889305115,-0.14722947776317596,-0.06,0.37847307324409485,0.8129081726074219,-0.0977400615811348,-0.29698407649993896,-0.7502812743186951,-0.09075907617807388,0.5853349566459656,0.995001494884491,0.11312532424926758,-0.35023045539855957,-0.40548938512802124,-0.7541061043739319,0.598738431930542,-1.228467345237732,-0.14999999999999997,-0.9575762152671814,-0.3282928168773651,1.2778924703598022,-0.12007125467061996
3.0271096229553223,0.40438976883888245,0.6503256559371948,-0.12880092859268188,-0.0289064422249794,-0.06607531011104584,-0.9890442490577698,-0.12914405763149261,-0.06,0.37748774886131287,0.7961028218269348,-0.09806937724351883,-0.2989075779914856,-0.7371531128883362,-0.09154071658849716,0.572928249835968,0.9945536255836487,0.10638672858476639,-0.3546596169471741,-0.42660218477249146,-0.7484737634658813,0.5906729698181152,-1.2244160175323486,-0.14999999999999997,-0.9704551696777344,-0.3271797299385071,1.2894378900527954,-0.12198362499475479
3.029714822769165,0.40232035517692566,0.6510882377624512,-0.12757346034049988,-0.02496211975812912,-0.06666547060012817,-0.9892711639404297,-0.10872463881969452,-0.06,0.37947750091552734,0.7793607115745544,-0.09568444639444351,-0.29921799898147583,-0.7203171849250793,-0.09149929881095886,0.5585446357727051,0.9922820925712585,0.09869484603404999,-0.3587610423564911,-0.443473219871521,-0.74079430103302,0.5825286507606506,-1.2301563024520874,-0.14999999999999997,-0.9827346205711365,-0.3268478214740753,1.3058738708496094,-0.12168382108211517
3.0326271057128906,0.40007850527763367,0.65235835313797,-0.1255691647529602,-0.020150814205408096,-0.06624861806631088,-0.9896652698516846,-0.08798688650131226,-0.06,0.3851906657218933,0.7662943005561829,-0.0905875489115715,-0.2942100763320923,-0.6983351111412048,-0.0902000367641449,0.5419620275497437,0.9852083325386047,0.08978316187858582,-0.3608646094799042,-0.4543081223964691,-0.731431245803833,0.5752386450767517,-1.2486927509307861,-0.14999999999999997,-0.9916896224021912,-0.32700470089912415,1.3261620998382568,-0.11865062266588211
3.0356388092041016,0.39765527844429016,0.6542773842811584,-0.12254317104816437,-0.01506920624524355,-0.06489087641239166,-0.9902247786521912,-0.07228098809719086,-0.06,0.39299634099006653,0.7637730240821838,-0.08514224737882614,-0.2812260091304779,-0.6721206307411194,-0.08719353377819061,0.5232822895050049,0.971409022808075,0.07977189123630524,-0.35938864946365356,-0.45875272154808044,-0.722923755645752,0.5696585178375244,-1.2799652814865112,-0.14999999999999997,-0.9954493045806885,-0.32701125741004944,1.3475056886672974,-0.11331344395875931
3.038433313369751,0.39513739943504333,0.6567384004592896,-0.11829207092523575,-0.010485333390533924,-0.06282766163349152,-0.9909337162971497,-0.06829027831554413,-0.06,0.40042802691459656,0.7800949215888977,-0.09028199315071106,-0.26156166195869446,-0.6440187096595764,-0.08183784782886505,0.5033747553825378,0.9506358504295349,0.06924296170473099,-0.35342884063720703,-0.457118421792984,-0.719062089920044,0.566267728805542,-1.3199691772460938,-0.14999999999999997,-0.9931820034980774,-0.3266354501247406,1.367161512374878,-0.10593466460704803
3.0407495498657227,0.3927634060382843,0.659430980682373,-0.112838976085186,-0.006883874069899321,-0.06016466021537781,-0.9917661547660828,-0.08099284023046494,-0.06,0.40726059675216675,0.8250512480735779,-0.10490754246711731,-0.2605574131011963,-0.6166014671325684,-0.07372748106718063,0.4840485751628876,0.9245678782463074,0.05914410203695297,-0.3433203399181366,-0.4501999318599701,-0.7220509052276611,0.5651887059211731,-1.3593405485153198,-0.14999999999999997,-0.9846749305725098,-0.32662174105644226,1.3840055465698242,-0.09788169711828232
3.042456865310669,0.3908931016921997,0.662188708782196,-0.10694500803947449,-0.004520352464169264,-0.057248327881097794,-0.9926050901412964,-0.1121486946940422,-0.05349051207304001,0.41096240282058716,0.8994406461715698,-0.12048918008804321,-0.29053688049316406,-0.591935932636261,-0.0646585002541542,0.46744343638420105,0.8952232599258423,0.05067675560712814,-0.3301656246185303,-0.4402424097061157,-0.7318563461303711,0.5657381415367126,-1.3875356912612915,-0.14999999999999997,-0.9723352193832397,-0.32648101449012756,1.399559736251831,-0.0884033665060997
3.043741464614868,0.38970300555229187,0.66499263048172,-0.10111020505428314,-0.0027595623396337032,-0.05414527654647827,-0.9933968186378479,-0.15220025181770325,-2.1649313566740602e-05,0.4104660749435425,0.976067841053009,-0.13756342232227325,-0.31339243054389954,-0.5687279105186462,-0.05616351217031479,0.4538164734840393,0.8637061715126038,0.04415852203965187,-0.3153022825717926,-0.4294314980506897,-0.7451987266540527,0.5670115351676941,-1.4002679586410522,-0.14999999999999997,-0.9584927558898926,-0.32325080037117004,1.4143847227096558,-0.07332486659288406
3.0449013710021973,0.3891305923461914,0.6678593754768372,-0.09505768865346909,-0.0007135150372050703,-0.0505371168255806,-0.9941877722740173,-0.19218885898590088,0.05961654707789421,0.40667805075645447,1.0348364114761353,-0.1575668901205063,-0.31511563062667847,-0.5440221428871155,-0.04786636680364609,0.4419836699962616,0.8296509385108948,0.039020851254463196,-0.29919832944869995,-0.41836872696876526,-0.757291316986084,0.5687467455863953,-1.4023334980010986,-0.1466517299413681,-0.9434833526611328,-0.31691986322402954,1.4275891780853271,-0.05583740025758743
3.046030044555664,0.3890818655490875,0.670670747756958,-0.08843129128217697,0.0016725872410461307,-0.04582608491182327,-0.9950260519981384,-0.2294374406337738,0.1236182227730751,0.4012760818004608,1.0714552402496338,-0.1788693517446518,-0.3131011724472046,-0.5176615715026855,-0.038356468081474304,0.43234020471572876,0.7931755781173706,0.03489154204726219,-0.2817297577857971,-0.4056118130683899,-0.765726625919342,0.5704740285873413,-1.4011613130569458,-0.1335345059633255,-0.9294292330741882,-0.311358779668808,1.4396240711212158,-0.044301602989435196
3.046964406967163,0.3895610570907593,0.6729844808578491,-0.08149947226047516,0.00341504137031734,-0.04008274897933006,-0.9958611726760864,-0.263315886259079,0.1869393289089203,0.3945000171661377,1.0776071548461914,-0.19826635718345642,-0.31282439827919006,-0.49445831775665283,-0.02713860012590885,0.4269186854362488,0.7583874464035034,0.032222166657447815,-0.2642836272716522,-0.3910401165485382,-0.7718880772590637,0.5714942216873169,-1.3997862339019775,-0.12472478300333023,-0.9226482510566711,-0.30964645743370056,1.4527974128723145,-0.04203499108552933
3.047551155090332,0.39051663875579834,0.6743015050888062,-0.07446087151765823,0.0038461429066956043,-0.03391799330711365,-0.9966395497322083,-0.2930915951728821,0.24503760039806366,0.3859338164329529,1.0483145713806152,-0.2128058820962906,-0.31218257546424866,-0.4788358509540558,-0.01399258617311716,0.42603951692581177,0.7306949496269226,0.031081777065992355,-0.24925844371318817,-0.3764727711677551,-0.7766416072845459,0.5716185569763184,-1.3965297937393188,-0.12015005201101303,-0.9267860054969788,-0.31100547313690186,1.4678562879562378,-0.04461860656738281
3.047825574874878,0.39181986451148987,0.6744787096977234,-0.0669773742556572,0.0033997241407632828,-0.026995383203029633,-0.9973833560943604,-0.3158729672431946,0.29713571071624756,0.378505140542984,0.9886274933815002,-0.22139550745487213,-0.3091156780719757,-0.47027793526649475,0.002341074636206031,0.4292227327823639,0.7115293741226196,0.030997954308986664,-0.23733806610107422,-0.3610231876373291,-0.7785669565200806,0.569429874420166,-1.3908698558807373,-0.11511094868183136,-0.9399957060813904,-0.3148218095302582,1.483433723449707,-0.04768380522727966
3.0478694438934326,0.39341461658477783,0.6735591888427734,-0.05873938277363777,0.0028017302975058556,-0.01859479583799839,-0.9980961680412292,-0.32876238226890564,0.3441782593727112,0.37595808506011963,0.9127885103225708,-0.2252798080444336,-0.2948455810546875,-0.4665670394897461,0.022883731871843338,0.4363847076892853,0.7003346681594849,0.031661100685596466,-0.2283240407705307,-0.3426561653614044,-0.7776951789855957,0.5632591843605042,-1.3842527866363525,-0.10478801280260086,-0.9588772654533386,-0.32290560007095337,1.4983162879943848,-0.05177948623895645
3.0476770401000977,0.39546799659729004,0.6718372106552124,-0.05013304576277733,0.0023873895406723022,-0.009506259113550186,-0.9986943602561951,-0.3309614956378937,0.38290831446647644,0.3795684278011322,0.8340384364128113,-0.22547605633735657,-0.2642638385295868,-0.46591439843177795,0.045398417860269547,0.44600844383239746,0.695488452911377,0.03351901099085808,-0.22195853292942047,-0.324232816696167,-0.7756772637367249,0.552165150642395,-1.374687671661377,-0.08746181428432465,-0.9808149337768555,-0.3347429931163788,1.5129141807556152,-0.05645214766263962
3.047152519226074,0.39814072847366333,0.6697145104408264,-0.04160658270120621,0.0017978245159611106,-0.0012928482610732317,-0.9991315603256226,-0.3245740234851837,0.4088456332683563,0.3895306885242462,0.7575225234031677,-0.22013364732265472,-0.2124800682067871,-0.4678097665309906,0.06,0.45563217997550964,0.6942769289016724,0.03689189627766609,-0.21743841469287872,-0.31096190214157104,-0.7744232416152954,0.5379780530929565,-1.360683798789978,-0.06726586818695068,-1.0044891834259033,-0.34794092178344727,1.525639533996582,-0.061278074979782104
3.0462844371795654,0.40135011076927185,0.6673600077629089,-0.03283943235874176,0.0007633868372067809,0.005347814876586199,-0.9994459748268127,-0.3111453354358673,0.4225727319717407,0.40573960542678833,0.68312007188797,-0.2109394073486328,-0.1519266664981842,-0.4716404974460602,0.06,0.4632627069950104,0.6943385601043701,0.04140344262123108,-0.21371889114379883,-0.30508357286453247,-0.775168776512146,0.5235469341278076,-1.344529151916504,-0.048749685287475586,-1.0272119045257568,-0.3602398633956909,1.5328017473220825,-0.06451345980167389
3.0451717376708984,0.4048972427845001,0.6644371151924133,-0.023236632347106934,-0.0008154283277690411,0.009877377189695835,-0.9996808171272278,-0.29131343960762024,0.4279443025588989,0.42564353346824646,0.6057985424995422,-0.20356416702270508,-0.10700582712888718,-0.4783679246902466,0.06,0.4671040177345276,0.69793301820755,0.046364713460206985,-0.2120887041091919,-0.3070918619632721,-0.7787792086601257,0.5103231072425842,-1.3299753665924072,-0.03447030857205391,-1.0461351871490479,-0.3710927367210388,1.5322132110595703,-0.0657048225402832
3.0439910888671875,0.4086151719093323,0.6601725220680237,-0.012510322965681553,-0.002697140211239457,0.01232453715056181,-0.99984210729599,-0.26512521505355835,0.4308030605316162,0.44800931215286255,0.5244334936141968,-0.2077067494392395,-0.07983160763978958,-0.49051937460899353,0.06,0.4669802784919739,0.712336540222168,0.05134202912449837,-0.21632009744644165,-0.3154663145542145,-0.7840478420257568,0.4978926479816437,-1.319191813468933,-0.025730101391673088,-1.0587981939315796,-0.38128989934921265,1.5232888460159302,-0.06502493470907211
3.042914628982544,0.4123101830482483,0.6549941897392273,-0.0026654985267668962,-0.004609322641044855,0.013909360393881798,-0.9998890161514282,-0.23939062654972076,0.43716204166412354,0.4677078127861023,0.46358242630958557,-0.24,-0.05331506207585335,-0.5101763010025024,0.06,0.46362414956092834,0.7409687638282776,0.05642265826463699,-0.23329560458660126,-0.32557621598243713,-0.7879117131233215,0.4843190610408783,-1.3111541271209717,-0.024884488433599472,-1.06349515914917,-0.3924464285373688,1.5086493492126465,-0.06459231674671173
3.0425243377685547,0.41412222385406494,0.6558675765991211,-0.0007668902399018407,-0.005842288956046104,0.0194457545876503,-0.9997934103012085,-0.23260582983493805,0.44042518734931946,0.4828624129295349,0.4603242874145508,-0.24,-0.054634079337120056,-0.5371347069740295,0.06,0.45656025409698486,0.785278856754303,0.052712153643369675,-0.2580455541610718,-0.325900673866272,-0.7827012538909912,0.4670443534851074,-1.3024085760116577,-0.03177421912550926,-1.0560237169265747,-0.4030616879463196,1.4975788593292236,-0.06908289343118668
3.041876792907715,0.41430363059043884,0.6576952934265137,-0.001040722127072513,-0.009054512716829777,0.02546059712767601,-0.9996342062950134,-0.21653681993484497,0.434804767370224,0.5110248327255249,0.43203485012054443,-0.24,-0.040695931762456894,-0.5869842171669006,0.06,0.43560275435447693,0.857050895690918,0.04990024492144585,-0.24904359877109528,-0.323993444442749,-0.7863659262657166,0.44819536805152893,-1.3057284355163574,-0.032219383865594864,-1.044064998626709,-0.414964884519577,1.481874704360962,-0.08308310806751251
3.0407721996307373,0.4127720594406128,0.6593911051750183,-0.001756448415108025,-0.01500051748007536,0.03173739090561867,-0.9993820786476135,-0.203785240650177,0.428520143032074,0.5409854650497437,0.3944624364376068,-0.24,-0.01920633390545845,-0.6531339883804321,0.06,0.4098533093929291,0.9453123211860657,0.05382412299513817,-0.23766858875751495,-0.3228575885295868,-0.7993060350418091,0.43306347727775574,-1.3169749975204468,-0.026617377996444702,-1.0319195985794067,-0.42211902141571045,1.4614728689193726,-0.0969402939081192
3.039886474609375,0.4104210436344147,0.6599336266517639,-0.0034977092873305082,-0.020917780697345734,0.03529905527830124,-0.9991517066955566,-0.2001236081123352,0.42238542437553406,0.5593652129173279,0.36594873666763306,-0.24,-0.0008846329874359071,-0.7121527791023254,0.06,0.38137921690940857,1.016504168510437,0.05860211327672005,-0.23258592188358307,-0.33035752177238464,-0.807184636592865,0.42432403564453125,-1.324992299079895,-0.02677214704453945,-1.018726110458374,-0.4269057810306549,1.4432728290557861,-0.11294100433588028
3.0393378734588623,0.4075661897659302,0.6591997742652893,-0.006611731834709644,-0.025816602632403374,0.03746713697910309,-0.9989423155784607,-0.20262044668197632,0.4172094464302063,0.5688725113868713,0.3512266278266907,-0.24,0.010465516708791256,-0.7512263059616089,0.06,0.3566366732120514,1.055673599243164,0.057691674679517746,-0.260036438703537,-0.3423363268375397,-0.8104386329650879,0.41784048080444336,-1.3356516361236572,-0.028365300968289375,-1.0049852132797241,-0.4259830117225647,1.4351228475570679,-0.12198144197463989
3.0387704372406006,0.40383797883987427,0.6573095321655273,-0.010659615509212017,-0.030981114134192467,0.04008980467915535,-0.9986586570739746,-0.2117549628019333,0.4150606095790863,0.5734873414039612,0.34880730509757996,-0.24,0.016194207593798637,-0.7782531380653381,0.06,0.3404964506626129,1.081179141998291,0.0545998215675354,-0.3054434657096863,-0.3539101481437683,-0.8133081793785095,0.4150709807872772,-1.3547252416610718,-0.02952234447002411,-0.9927713871002197,-0.4210374653339386,1.4350614547729492,-0.12626002728939056
3.038116455078125,0.3991403579711914,0.6543087363243103,-0.015502416528761387,-0.036384109407663345,0.04236428812146187,-0.9983190298080444,-0.22814077138900757,0.4159449338912964,0.5717650055885315,0.35752418637275696,-0.24,0.017521189525723457,-0.7933342456817627,0.06,0.3278886377811432,1.0922393798828125,0.05096704512834549,-0.3383476436138153,-0.36645641922950745,-0.8171181082725525,0.41527554392814636,-1.3805490732192993,-0.02726665697991848,-0.9847345352172852,-0.4130409061908722,1.443525791168213,-0.1235414668917656
3.03741192817688,0.3937365710735321,0.6500922441482544,-0.0218106247484684,-0.04184729978442192,0.04289839416742325,-0.9979643225669861,-0.2531117796897888,0.41721442341804504,0.5607230067253113,0.37713760137557983,-0.24,0.014511964283883572,-0.7948570847511292,0.06,0.31573137640953064,1.0832715034484863,0.04703843221068382,-0.3561258018016815,-0.3820137083530426,-0.8222367167472839,0.41591981053352356,-1.4071316719055176,-0.02140718512237072,-0.9835137128829956,-0.4050696790218353,1.462611436843872,-0.11694571375846863
3.036699056625366,0.3878881335258484,0.6443488597869873,-0.030084161087870598,-0.04728928208351135,0.04180869460105896,-0.9975522756576538,-0.2875707149505615,0.41774800419807434,0.5395464897155762,0.4102739691734314,-0.24,0.005277128424495459,-0.7836610674858093,0.06,0.3086072504520416,1.0504990816116333,0.04584056884050369,-0.3623466193675995,-0.39907002449035645,-0.8277093172073364,0.41464751958847046,-1.4288996458053589,-0.00966586172580719,-0.9892701506614685,-0.4001539349555969,1.492732048034668,-0.11184830963611603
3.0360467433929443,0.3815075159072876,0.636946439743042,-0.04023357480764389,-0.052651483565568924,0.04025920107960701,-0.9969895482063293,-0.3286426365375519,0.41771960258483887,0.5124401450157166,0.4553021788597107,-0.24,-0.00947297178208828,-0.7638810276985168,0.05631671100854874,0.31105953454971313,0.9987578988075256,0.05363968387246132,-0.35707542300224304,-0.4140409529209137,-0.8324536085128784,0.41285401582717896,-1.4441885948181152,0.005213605705648661,-0.9985513687133789,-0.3995288908481598,1.5302740335464478,-0.11038170009851456
3.035923719406128,0.37493768334388733,0.6316134333610535,-0.047191545367240906,-0.056803420186042786,0.039142727851867676,-0.9965009093284607,-0.36304351687431335,0.42301732301712036,0.4850549101829529,0.4836602807044983,-0.24,-0.015189229510724545,-0.7847714424133301,0.052236899733543396,0.2999747693538666,1.0174062252044678,-0.0003787031164392829,-0.3693368434906006,-0.4247344732284546,-0.8301398754119873,0.4086400866508484,-1.4565342664718628,0.028076311573386192,-0.999051034450531,-0.4026239812374115,1.5655425786972046,-0.10897250473499298
3.0362019538879395,0.3685760498046875,0.6278982162475586,-0.05055302008986473,-0.058547381311655045,0.03940805792808533,-0.996224582195282,-0.389421671628952,0.4375050663948059,0.4523015022277832,0.49959203600883484,-0.24,-0.023304574191570282,-0.8034347295761108,0.06,0.29786229133605957,1.0480140447616577,-0.012829787097871304,-0.38332679867744446,-0.43057265877723694,-0.8199276328086853,0.4088836908340454,-1.4646388292312622,0.045174937695264816,-0.9923278093338013,-0.40793415904045105,1.5924025774002075,-0.10645996779203415
3.036674737930298,0.3629370927810669,0.6255089044570923,-0.05216553434729576,-0.05863269418478012,0.04069842770695686,-0.9960846304893494,-0.40738311409950256,0.45702609419822693,0.4181259274482727,0.5046907067298889,-0.24,-0.024566231295466423,-0.8109602332115173,0.06,0.29079070687294006,1.0657825469970703,-0.02846427820622921,-0.39210233092308044,-0.4328950345516205,-0.806617259979248,0.41426023840904236,-1.4688940048217773,0.05479395017027855,-0.9834832549095154,-0.41603338718414307,1.60866117477417,-0.10396235436201096
3.0371510982513428,0.3581330478191376,0.624129056930542,-0.052958615124225616,-0.05829150974750519,0.04329676553606987,-0.9959531426429749,-0.41601085662841797,0.4783317446708679,0.38663262128829956,0.49814555048942566,-0.24,-0.02365400828421116,-0.8130653500556946,0.06,0.28640735149383545,1.0752240419387817,-0.039329156279563904,-0.39655277132987976,-0.4316449463367462,-0.7938991189002991,0.42303532361984253,-1.4681826829910278,0.06419413536787033,-0.9768469929695129,-0.42678093910217285,1.6163510084152222,-0.10279092192649841
3.037454128265381,0.35424771904945374,0.6232367157936096,-0.053767189383506775,-0.05876855179667473,0.04665156081318855,-0.9957303404808044,-0.4200546145439148,0.4977932572364807,0.35813459753990173,0.48574239015579224,-0.24,-0.023858515545725822,-0.8156598806381226,0.06,0.28510019183158875,1.0805270671844482,-0.04822254180908203,-0.39803174138069153,-0.42808297276496887,-0.7832558155059814,0.4336272180080414,-1.4629253149032593,0.07400810718536377,-0.9750985503196716,-0.43948590755462646,1.6199021339416504,-0.10362663120031357
3.0376148223876953,0.3511808514595032,0.6225219964981079,-0.054750170558691025,-0.060196779668331146,0.05004953220486641,-0.9954262971878052,-0.4223616123199463,0.5138689279556274,0.3318445384502411,0.47133439779281616,-0.24,-0.02481248788535595,-0.8203312158584595,0.06,0.28626203536987305,1.0843957662582397,-0.055062808096408844,-0.3981689512729645,-0.4234624207019806,-0.7736510038375854,0.44450366497039795,-1.4562194347381592,0.08460483700037003,-0.9779209494590759,-0.452412873506546,1.6231716871261597,-0.10143569111824036
3.0377607345581055,0.3487350642681122,0.6218491792678833,-0.055577848106622696,-0.06204991415143013,0.0528092198073864,-0.995124101638794,-0.4225183427333832,0.5261958837509155,0.30697229504585266,0.45289191603660583,-0.24,-0.024353403598070145,-0.8258412480354309,0.06,0.2877892553806305,1.0878686904907227,-0.06016923859715462,-0.39819571375846863,-0.4197346568107605,-0.7627931833267212,0.4567318260669708,-1.44768226146698,0.09381995350122452,-0.9804006814956665,-0.46180999279022217,1.6227964162826538,-0.0893765464425087
3.0379879474639893,0.34681424498558044,0.6211957931518555,-0.056041233241558075,-0.06403807550668716,0.05453869327902794,-0.9948788285255432,-0.4200795590877533,0.5341870188713074,0.2831003665924072,0.4281679391860962,-0.24,-0.027247825637459755,-0.8312804102897644,0.06,0.28798189759254456,1.0910452604293823,-0.06466245651245117,-0.39866045117378235,-0.4177052974700928,-0.7492191791534424,0.46961310505867004,-1.4356478452682495,0.10142058879137039,-0.9791759252548218,-0.4681674838066101,1.6158863306045532,-0.07070578634738922
3.038353443145752,0.34533771872520447,0.6205345392227173,-0.05598439276218414,-0.06598622351884842,0.05510695278644562,-0.9947234392166138,-0.4161519706249237,0.538091242313385,0.2593136131763458,0.39809298515319824,-0.2258264273405075,-0.035193465650081635,-0.8361414670944214,0.06,0.2861882150173187,1.0941059589385986,-0.06859717518091202,-0.39989736676216125,-0.4171355962753296,-0.731964111328125,0.4811718463897705,-1.4180734157562256,0.10791389644145966,-0.9730672240257263,-0.473892480134964,1.602086067199707,-0.0514555349946022
3.0388972759246826,0.3442000150680542,0.6197327971458435,-0.05524803325533867,-0.06767457723617554,0.054583415389060974,-0.9946799874305725,-0.41210415959358215,0.538886308670044,0.235698863863945,0.36474502086639404,-0.21081197261810303,-0.04255881533026695,-0.8401573896408081,0.06,0.28202834725379944,1.0978549718856812,-0.0720372125506401,-0.40247899293899536,-0.4176369905471802,-0.7103254199028015,0.4899809956550598,-1.3927167654037476,0.11417865008115768,-0.9618035554885864,-0.4799109101295471,1.5820246934890747,-0.03294200450181961
3.0396482944488525,0.34322330355644226,0.6186779141426086,-0.05348474159836769,-0.06878193467855453,0.05337947607040405,-0.9947658777236938,-0.40867894887924194,0.5383446216583252,0.21323125064373016,0.33185845613479614,-0.19865581393241882,-0.044052720069885254,-0.8424228429794312,0.06,0.27484002709388733,1.1024258136749268,-0.07583525776863098,-0.4064396023750305,-0.4185209274291992,-0.683167040348053,0.49654966592788696,-1.3568994998931885,0.12238987535238266,-0.9449458122253418,-0.48547470569610596,1.5561338663101196,-0.011645353399217129
3.0405874252319336,0.3422163426876068,0.6173932552337646,-0.05033525079488754,-0.06914620846509933,0.052210625261068344,-0.9949668645858765,-0.4057520627975464,0.5379667282104492,0.19392485916614532,0.3038230240345001,-0.18928009271621704,-0.0384724959731102,-0.841887354850769,0.06,0.264565110206604,1.1067845821380615,-0.08046028017997742,-0.41105106472969055,-0.4188264310359955,-0.6496754288673401,0.5032299757003784,-1.308274745941162,0.134891077876091,-0.9232450127601624,-0.4893173277378082,1.525968074798584,0.016597935929894447
3.0416531562805176,0.34107786417007446,0.6159353256225586,-0.04579716920852661,-0.06891104578971863,0.05146981030702591,-0.9952409863471985,-0.4020744860172272,0.5371588468551636,0.18026643991470337,0.29000000000000004,-0.18266592919826508,-0.030831895768642426,-0.838660478591919,0.06,0.25174298882484436,1.1102197170257568,-0.0860014408826828,-0.4155887961387634,-0.4183003902435303,-0.6092094779014587,0.5134789347648621,-1.2449203729629517,0.14984358847141266,-0.8997916579246521,-0.4913966953754425,1.4933923482894897,0.05328977480530739
3.042757034301758,0.33980169892311096,0.6143706440925598,-0.04005972668528557,-0.06840423494577408,0.05107537657022476,-0.9955437779426575,-0.3979484736919403,0.5343664884567261,0.17209656536579132,0.29000000000000004,-0.17882420122623444,-0.02525917999446392,-0.8336192965507507,0.06,0.23688824474811554,1.1124080419540405,-0.09225169569253922,-0.4198243021965027,-0.41702041029930115,-0.5619872212409973,0.5287207365036011,-1.167152762413025,0.16549323499202728,-0.8779080510139465,-0.493068665266037,1.4588801860809326,0.09783732891082764
3.043872117996216,0.3384968340396881,0.6130339503288269,-0.033793896436691284,-0.06789343059062958,0.05078273266553879,-0.9958260655403137,-0.3947100043296814,0.5408570766448975,0.15909652411937714,0.29000000000000004,-0.18078629672527313,-0.0027798679657280445,-0.82709801197052,0.06,0.2212294042110443,1.1119905710220337,-0.09868665039539337,-0.42273709177970886,-0.41467976570129395,-0.509310781955719,0.5473471283912659,-1.0774996280670166,0.1827494204044342,-0.8598197102546692,-0.4959145784378052,1.4225571155548096,0.14995959401130676
3.0452308654785156,0.33739301562309265,0.6123324632644653,-0.028389571234583855,-0.06708671897649765,0.05110693350434303,-0.9960327744483948,-0.39269256591796875,0.5533185005187988,0.14563623070716858,0.29000000000000004,-0.18653902411460876,0.011172386817634106,-0.8185398578643799,0.06,0.2086094319820404,1.1088848114013672,-0.10387003421783447,-0.42456942796707153,-0.40951254963874817,-0.45241159200668335,0.5671868324279785,-0.9799854755401611,0.2017797976732254,-0.84579998254776,-0.5012490749359131,1.3856183290481567,0.20988832414150238
3.0469300746917725,0.3366411328315735,0.6123068332672119,-0.024223091080784798,-0.06585216522216797,0.051492445170879364,-0.9962053298950195,-0.39220255613327026,0.5634766221046448,0.13675978779792786,0.29000000000000004,-0.18675363063812256,0.011401067487895489,-0.8081440925598145,0.06,0.1986304521560669,1.1041293144226074,-0.10861054062843323,-0.4260873794555664,-0.40252164006233215,-0.39224985241889954,0.5884839296340942,-0.8789063096046448,0.2217680960893631,-0.8348724246025085,-0.5074511170387268,1.3471331596374512,0.27889585494995117
3.0489604473114014,0.33637669682502747,0.6132071018218994,-0.021452993154525757,-0.06433278322219849,0.051315926015377045,-0.9963772892951965,-0.39419659972190857,0.5682080388069153,0.13269582390785217,0.29000000000000004,-0.17801672220230103,0.0064691342413425446,-0.7955880165100098,0.06,0.19032365083694458,1.0964395999908447,-0.11385634541511536,-0.427450031042099,-0.3950096368789673,-0.32956066727638245,0.6117759943008423,-0.777065634727478,0.24260668456554413,-0.8267444968223572,-0.5130284428596497,1.306018590927124,0.3553580343723297
3.0512635707855225,0.3366387188434601,0.6154286861419678,-0.020105624571442604,-0.06269170343875885,0.050331614911556244,-0.9965601563453674,-0.3984129726886749,0.564058244228363,0.13211025297641754,0.29000000000000004,-0.16456283628940582,0.0002723845827858895,-0.7800264358520508,0.06,0.18390759825706482,1.0834691524505615,-0.11811226606369019,-0.4279177188873291,-0.387580931186676,-0.2648548185825348,0.6373897194862366,-0.6761605143547058,0.26431339979171753,-0.8209279179573059,-0.5178439021110535,1.2616932392120361,0.4341954290866852
3.053734064102173,0.3374011218547821,0.6191192865371704,-0.02002701535820961,-0.06116925925016403,0.04848404973745346,-0.9967479705810547,-0.4035426378250122,0.5501194000244141,0.13392667472362518,0.31406915187835693,-0.1522073894739151,-0.008947908878326416,-0.7603764533996582,0.06,0.18156597018241882,1.0618983507156372,-0.11523738503456116,-0.4241192638874054,-0.38056042790412903,-0.19880004227161407,0.6650721430778503,-0.5764413475990295,0.2867089509963989,-0.8169705867767334,-0.5219140648841858,1.214415431022644,0.5110953450202942
3.0562283992767334,0.3385956287384033,0.624083936214447,-0.020843010395765305,-0.06010559946298599,0.045624375343322754,-0.9969308376312256,-0.4080825448036194,0.5276142358779907,0.13693299889564514,0.3389803171157837,-0.1443411409854889,-0.021849574521183968,-0.7377867102622986,0.06,0.18150098621845245,1.0320850610733032,-0.10678653419017792,-0.41623878479003906,-0.3750751316547394,-0.13053888082504272,0.6939073204994202,-0.47570109367370605,0.3094240725040436,-0.8151403069496155,-0.5243930816650391,1.1655634641647339,0.5846705436706543
3.058681011199951,0.34008559584617615,0.6298643946647644,-0.021999847143888474,-0.059489209204912186,0.04178852587938309,-0.9971111416816711,-0.41062024235725403,0.49881330132484436,0.1408243477344513,0.35742804408073425,-0.1403805911540985,-0.03340623155236244,-0.7134222984313965,0.06,0.18010471761226654,0.9962990880012512,-0.09859869629144669,-0.4055992066860199,-0.3719525933265686,-0.05806116387248039,0.7229751348495483,-0.3719303011894226,0.33272597193717957,-0.8162004947662354,-0.5232707262039185,1.1165781021118164,0.6576086282730103
3.0611531734466553,0.3416978418827057,0.6359596848487854,-0.02284005843102932,-0.05889979749917984,0.03740445151925087,-0.9973012208938599,-0.4099952280521393,0.4665488004684448,0.14601436257362366,0.3681199252605438,-0.13899920880794525,-0.03846053406596184,-0.6872979402542114,0.06,0.17483936250209808,0.9571048021316528,-0.09509296715259552,-0.3937367796897888,-0.37047627568244934,0.01997058093547821,0.7519795298576355,-0.26531293988227844,0.3568468391895294,-0.8203962445259094,-0.517133355140686,1.0678907632827759,0.733693540096283
3.0637099742889404,0.3433460593223572,0.6419106721878052,-0.023000173270702362,-0.058005139231681824,0.03287472575902939,-0.9975095987319946,-0.40528878569602966,0.4328579902648926,0.1524699181318283,0.3715418875217438,-0.139815092086792,-0.034462831914424896,-0.6593774557113647,0.06,0.16641633212566376,0.9165708422660828,-0.09442071616649628,-0.3815430998802185,-0.3698508143424988,0.10295254737138748,0.7803206443786621,-0.15705832839012146,0.3822135329246521,-0.8278343081474304,-0.506131649017334,1.0181208848953247,0.8141214847564697
3.066279888153076,0.34507235884666443,0.6473843455314636,-0.02254685014486313,-0.05704963952302933,0.028274821117520332,-0.9977160096168518,-0.39768144488334656,0.3984995186328888,0.15800532698631287,0.3697902262210846,-0.14356547594070435,-0.024129172787070274,-0.6310398578643799,0.06,0.1574636846780777,0.8761090636253357,-0.09104122966527939,-0.3691069781780243,-0.37044453620910645,0.18867166340351105,0.8058974742889404,-0.047317832708358765,0.4093135893344879,-0.838946521282196,-0.4910951852798462,0.9637492299079895,0.8969128131866455
3.068760633468628,0.3469543755054474,0.6523189544677734,-0.021739384159445763,-0.05638276785612106,0.023571105673909187,-0.9978940486907959,-0.38897278904914856,0.36646929383277893,0.159901961684227,0.3652159571647644,-0.1507497876882553,-0.019560471177101135,-0.6036251187324524,0.06,0.1496051549911499,0.8361563086509705,-0.08212067186832428,-0.35611048340797424,-0.37346380949020386,0.2758243978023529,0.8253607749938965,0.06506271660327911,0.43923288583755493,-0.8538893461227417,-0.47263312339782715,0.90132075548172,0.9784486889839172
3.0710909366607666,0.34906694293022156,0.6568622589111328,-0.02098182775080204,-0.05608050152659416,0.01855175569653511,-0.9980332851409912,-0.3794931471347809,0.33997979760169983,0.1572788953781128,0.35622841119766235,-0.15923285484313965,-0.0269951019436121,-0.5775414109230042,0.06,0.14225497841835022,0.7966955304145813,-0.06967192143201828,-0.34287309646606445,-0.38057753443717957,0.36433711647987366,0.8362545967102051,0.1799161732196808,0.47354260087013245,-0.873270571231842,-0.4508161246776581,0.8300532698631287,1.0574336051940918
3.073326826095581,0.3513384759426117,0.6610356569290161,-0.019873851910233498,-0.055773187428712845,0.013520689681172371,-0.9981539249420166,-0.36926305294036865,0.3153156340122223,0.15158751606941223,0.3461255133152008,-0.16548635065555573,-0.03424767032265663,-0.5524176359176636,0.05842552334070206,0.13220585882663727,0.7590473294258118,-0.06277762353420258,-0.33055952191352844,-0.39177846908569336,0.45521414279937744,0.8388987183570862,0.2947784662246704,0.5124902725219727,-0.8966143727302551,-0.42581993341445923,0.7515451312065125,1.1335675716400146
3.075587511062622,0.35372787714004517,0.6648651361465454,-0.018313826993107796,-0.055074308067560196,0.008565912954509258,-0.998277485370636,-0.3585907220840454,0.2924630045890808,0.1434042900800705,0.336204469203949,-0.17130182683467865,-0.04138771817088127,-0.5265392065048218,0.05017145350575447,0.12041600793600082,0.7221938371658325,-0.05803292617201805,-0.31880706548690796,-0.40727779269218445,0.5470860600471497,0.8324922323226929,0.40493351221084595,0.5543243288993835,-0.9234654903411865,-0.3985014855861664,0.6701390743255615,1.2052485942840576
3.077892780303955,0.35624343156814575,0.6683220863342285,-0.01637105830013752,-0.05407319590449333,0.0035532924812287092,-0.9983963370323181,-0.3488207757472992,0.2710912823677063,0.1335192620754242,0.32705748081207275,-0.17766255140304565,-0.047632355242967606,-0.4999755024909973,0.04293353110551834,0.1078297570347786,0.6859815716743469,-0.05265859514474869,-0.3074612021446228,-0.4274514317512512,0.6367130875587463,0.8159450888633728,0.507056474685669,0.5954644680023193,-0.9528470635414124,-0.3701542317867279,0.5884456634521484,1.269281268119812
3.0801773071289062,0.35887420177459717,0.6713950634002686,-0.013947686180472374,-0.05307890474796295,-0.001518132514320314,-0.9984917044639587,-0.34106114506721497,0.25180134177207947,0.12286680191755295,0.317602276802063,-0.18502721190452576,-0.05118594691157341,-0.47359010577201843,0.03704485297203064,0.0942152589559555,0.6504647731781006,-0.04770888015627861,-0.2964062988758087,-0.4516858458518982,0.7204304933547974,0.7906890511512756,0.5990015864372253,0.6323732733726501,-0.983260452747345,-0.3422166109085083,0.5083380341529846,1.3240673542022705
3.0824079513549805,0.3615674376487732,0.6740405559539795,-0.010860487818717957,-0.052126627415418625,-0.006503649055957794,-0.9985601902008057,-0.33411991596221924,0.23711207509040833,0.11329396069049835,0.3051659166812897,-0.1941135972738266,-0.04994335398077965,-0.44749411940574646,0.03315690904855728,0.07990790903568268,0.6155527830123901,-0.04293731600046158,-0.28545019030570984,-0.4782550036907196,0.7959584593772888,0.7614064812660217,0.6807940602302551,0.664229691028595,-1.0127049684524536,-0.3170323073863983,0.43092256784439087,1.3688286542892456
3.084524631500244,0.3643513321876526,0.6762168407440186,-0.007229979149997234,-0.05127755552530289,-0.011462700553238392,-0.9985924363136292,-0.32689517736434937,0.22868508100509644,0.10583449900150299,0.29000000000000004,-0.20434357225894928,-0.04467906430363655,-0.42250722646713257,0.030992502346634865,0.06523116677999496,0.582237184047699,-0.03829111158847809,-0.27499672770500183,-0.5055733919143677,0.86204594373703,0.7332669496536255,0.7542906999588013,0.6905856728553772,-1.0403451919555664,-0.29722875356674194,0.3572455942630768,1.4042052030563354
3.086427688598633,0.36734700202941895,0.6781131625175476,-0.0038853827863931656,-0.05079413205385208,-0.016660863533616066,-0.9985625743865967,-0.3186950981616974,0.22654910385608673,0.10032324492931366,0.29000000000000004,-0.20457075536251068,-0.038453616201877594,-0.3998475670814514,0.028435442596673965,0.05089050158858299,0.551076352596283,-0.03331868350505829,-0.2651437222957611,-0.5330173969268799,0.917792558670044,0.7083733081817627,0.8218485713005066,0.7102773189544678,-1.066831111907959,-0.284192830324173,0.28892815113067627,1.4310356378555298
3.088078498840332,0.37047624588012695,0.6799458265304565,-0.0015603811480104923,-0.05081183835864067,-0.021734602749347687,-0.9984704256057739,-0.3095582127571106,0.22299379110336304,0.09679971635341644,0.29000000000000004,-0.1997126340866089,-0.030658993870019913,-0.3799939751625061,0.024188481271266937,0.03814740478992462,0.5218013525009155,-0.02793368697166443,-0.2555059492588043,-0.5592948198318481,0.964047908782959,0.6864707469940186,0.8860108852386475,0.7221593856811523,-1.0918023586273193,-0.27715185284614563,0.22725068032741547,1.4486842155456543
3.0894956588745117,0.37354493141174316,0.6816269755363464,-0.00012681349471677095,-0.05116230994462967,-0.026174938306212425,-0.9983471632003784,-0.29886773228645325,0.2177373766899109,0.0960116907954216,0.29000000000000004,-0.1945256143808365,-0.020977657288312912,-0.3631841838359833,0.01900065876543522,0.027591655030846596,0.4955531656742096,-0.02271316945552826,-0.24658136069774628,-0.583335280418396,1.0026718378067017,0.6667578816413879,0.9483785629272461,0.7255834341049194,-1.1139411926269531,-0.27404507994651794,0.17244379222393036,1.4567950963974
3.0907139778137207,0.37637677788734436,0.6830865144729614,0.0007244795560836792,-0.051676902920007706,-0.029693664982914925,-0.9982220530509949,-0.287468820810318,0.21202346682548523,0.09741497784852982,0.29000000000000004,-0.18961015343666077,-0.01078224927186966,-0.3491954505443573,0.013821731321513653,0.01942305453121662,0.472693532705307,-0.01788579486310482,-0.23854012787342072,-0.6048606634140015,1.0349605083465576,0.6477242112159729,1.009207010269165,0.7206791043281555,-1.1320737600326538,-0.2731493413448334,0.12387862801551819,1.455231785774231
3.0917787551879883,0.3788498640060425,0.6842814087867737,0.0014289738610386848,-0.0522044375538826,-0.03237384185194969,-0.9981105327606201,-0.27739235758781433,0.2071717083454132,0.09924755990505219,0.29000000000000004,-0.1853991001844406,-0.0020827236585319042,-0.33714526891708374,0.009582621045410633,0.013097274117171764,0.4524998962879181,-0.012960398569703102,-0.23117658495903015,-0.6243113875389099,1.062511682510376,0.6284173130989075,1.0684963464736938,0.7085248231887817,-1.1456894874572754,-0.2734648287296295,0.08031640946865082,1.4464051723480225
3.0927064418792725,0.38092169165611267,0.6852375268936157,0.002160100731998682,-0.05271872878074646,-0.034315161406993866,-0.9980171918869019,-0.2694365680217743,0.20363567769527435,0.10084541887044907,0.29000000000000004,-0.1820221096277237,0.0045053549110889435,-0.32684606313705444,0.006607483606785536,0.008087964728474617,0.4348471760749817,-0.009003724902868271,-0.22454343736171722,-0.6413972973823547,1.0857874155044556,0.6094792485237122,1.12528395652771,0.691326379776001,-1.1550967693328857,-0.27484050393104553,0.041253674775362015,1.4339039325714111
3.093494176864624,0.3826098144054413,0.6859915852546692,0.0028350702486932278,-0.053245823830366135,-0.03533433750271797,-0.9979519844055176,-0.2631385028362274,0.20120804011821747,0.10294948518276215,0.29000000000000004,-0.17938749492168427,0.009200114756822586,-0.3185434937477112,0.004723991733044386,0.0049345470033586025,0.4198434054851532,-0.0059814550913870335,-0.21859239041805267,-0.6547563672065735,1.1043283939361572,0.5920377969741821,1.1786667108535767,0.6710864305496216,-1.160656213760376,-0.27747485041618347,0.0060752094723284245,1.4196157455444336
3.0941572189331055,0.3839534521102905,0.6865756511688232,0.003354218089953065,-0.053765032440423965,-0.03526774421334267,-0.9979248642921448,-0.25780773162841797,0.1996079534292221,0.10632778704166412,0.29000000000000004,-0.17744295299053192,0.01224592886865139,-0.31231653690338135,0.0036658518947660923,0.004179474897682667,0.4075879454612732,-0.0036009589675813913,-0.21329396963119507,-0.6632927656173706,1.1180187463760376,0.5767024159431458,1.2281540632247925,0.649508535861969,-1.1628361940383911,-0.28142720460891724,-0.025836363434791565,1.4038273096084595
3.094733238220215,0.3849923610687256,0.6870393753051758,0.003704444505274296,-0.05416450649499893,-0.03431613743305206,-0.9979352355003357,-0.252715140581131,0.19860200583934784,0.1110038161277771,0.29000000000000004,-0.17593808472156525,0.014145915396511555,-0.307534396648407,0.0031791243236511946,0.005346148740500212,0.3976556062698364,-0.0017923152772709727,-0.20872311294078827,-0.6672977209091187,1.127568006515503,0.5635439157485962,1.2734347581863403,0.6285245418548584,-1.1623936891555786,-0.28621238470077515,-0.055567044764757156,1.386693000793457
3.0952510833740234,0.38576725125312805,0.6874212026596069,0.0039516291581094265,-0.05433385446667671,-0.03296325355768204,-0.997970700263977,-0.24730324745178223,0.1980358362197876,0.11639008671045303,0.29000000000000004,-0.17488200962543488,0.015614370815455914,-0.3033103048801422,0.0030698184855282307,0.007286012638360262,0.38933324813842773,-0.0004709044296760112,-0.2047971487045288,-0.6681134104728699,1.1339640617370605,0.5524498224258423,1.3146157264709473,0.6097598075866699,-1.1602863073349,-0.29111549258232117,-0.0839499905705452,1.3690277338027954
3.0957014560699463,0.3863215148448944,0.6877498030662537,0.004130384419113398,-0.054279208183288574,-0.03162768855690956,-0.9980162382125854,-0.24142667651176453,0.19768275320529938,0.12188306450843811,0.29000000000000004,-0.17413778603076935,0.017362745478749275,-0.29927441477775574,0.0031344087328761816,0.009120941162109375,0.3821829557418823,0.0004653923388104886,-0.20142337679862976,-0.6669814586639404,1.1376817226409912,0.543452799320221,1.3519632816314697,0.5940444469451904,-1.15740168094635,-0.2957702875137329,-0.11072272062301636,1.3518009185791016
3.096057891845703,0.38669896125793457,0.6880295276641846,0.004242234397679567,-0.05405501648783684,-0.030471503734588623,-0.9980638027191162,-0.23524294793605804,0.1973753571510315,0.12717697024345398,0.29000000000000004,-0.17362216114997864,0.019629687070846558,-0.2955271005630493,0.003237348748371005,0.010602014139294624,0.3761928677558899,0.0010913715232163668,-0.19861873984336853,-0.6644282937049866,1.1387012004852295,0.5368269681930542,1.3855116367340088,0.5817819237709045,-1.1542479991912842,-0.3002568185329437,-0.13497506082057953,1.3355355262756348
3.0963127613067627,0.3869299590587616,0.6882581114768982,0.004294534679502249,-0.05364908277988434,-0.029487375169992447,-0.9981151223182678,-0.22894152998924255,0.19710975885391235,0.1321631520986557,0.29000000000000004,-0.17333488166332245,0.022189578041434288,-0.2921030521392822,0.003352559171617031,0.011764860711991787,0.37146398425102234,0.001461914274841547,-0.1964234709739685,-0.6605585813522339,1.1369473934173584,0.5327790975570679,1.4150367975234985,0.5732576251029968,-1.1507295370101929,-0.30473771691322327,-0.1557932049036026,1.3200550079345703
3.0964818000793457,0.3870221972465515,0.6884331703186035,0.004309701733291149,-0.052991025149822235,-0.02867567539215088,-0.9981737732887268,-0.22268874943256378,0.19699326157569885,0.13666261732578278,0.29000000000000004,-0.1732904613018036,0.024638473987579346,-0.2888144850730896,0.0035155019722878933,0.012559819035232067,0.3680112957954407,0.0015875132521614432,-0.19483759999275208,-0.6556333899497986,1.132509469985962,0.5308545827865601,1.4403891563415527,0.5679847598075867,-1.1462024450302124,-0.3090323805809021,-0.17272554337978363,1.304490566253662
3.096586227416992,0.3869629502296448,0.6885461211204529,0.004311108961701393,-0.05204734578728676,-0.02810768410563469,-0.9982396364212036,-0.21688729524612427,0.19715240597724915,0.14026261866092682,0.29000000000000004,-0.1735171228647232,0.026531944051384926,-0.28554365038871765,0.003769374918192625,0.01279995497316122,0.36590418219566345,0.001457817736081779,-0.1939975768327713,-0.6502711176872253,1.1253923177719116,0.5297242999076843,1.4618747234344482,0.564152181148529,-1.1397278308868408,-0.31245991587638855,-0.1858581155538559,1.2871109247207642
3.0966436862945557,0.3867335319519043,0.6885857582092285,0.004316279664635658,-0.050819650292396545,-0.02786756120622158,-0.9983094930648804,-0.21208663284778595,0.19771645963191986,0.14247052371501923,0.29000000000000004,-0.17409248650074005,0.027433859184384346,-0.2823004722595215,0.004150914493948221,0.012301774695515633,0.365305095911026,0.0010301874717697501,-0.19406749308109283,-0.6451213955879211,1.1151330471038818,0.5281243324279785,1.4798214435577393,0.5599190592765808,-1.130410075187683,-0.31419336795806885,-0.19539792835712433,1.2654740810394287
3.0966718196868896,0.3863345682621002,0.6885365843772888,0.004301086068153381,-0.04931343346834183,-0.028012115508317947,-0.9983810782432556,-0.20879115164279938,0.19868308305740356,0.14287857711315155,0.29000000000000004,-0.1749589592218399,0.026877054944634438,-0.2792554199695587,0.004584847018122673,0.011014454066753387,0.36661797761917114,0.00032721544266678393,-0.1953042894601822,-0.6406402587890625,1.1004832983016968,0.5252041220664978,1.4939805269241333,0.553655207157135,-1.1173474788665771,-0.31339386105537415,-0.20144213736057281,1.235939621925354
3.0966832637786865,0.3858003318309784,0.6883744597434998,0.004167834296822548,-0.04757026582956314,-0.028556019067764282,-0.9984508752822876,-0.2074708342552185,0.19981378316879272,0.14121249318122864,0.29000000000000004,-0.17599625885486603,0.024456877261400223,-0.2769169807434082,0.004795763175934553,0.009112880565226078,0.3706910014152527,-0.0005347997648641467,-0.19815708696842194,-0.6369686126708984,1.0795576572418213,0.5202112793922424,1.5038657188415527,0.5431162714958191,-1.0994631052017212,-0.30929815769195557,-0.20414017140865326,1.193899154663086
3.0966908931732178,0.3851981461048126,0.6880680322647095,0.003779298160225153,-0.0456710159778595,-0.0294550321996212,-0.9985150098800659,-0.20836563408374786,0.20068971812725067,0.13748504221439362,0.29000000000000004,-0.17710979282855988,0.019958771765232086,-0.2760329842567444,0.004387984983623028,0.0069844890385866165,0.37858134508132935,-0.0013948214473202825,-0.20309902727603912,-0.6338441371917725,1.050620675086975,0.5121960043907166,1.5097601413726807,0.5250141024589539,-1.0759587287902832,-0.301663339138031,-0.20444011688232422,1.1361361742019653
3.0967142581939697,0.3845939636230469,0.687595546245575,0.003020577598363161,-0.04366891086101532,-0.030529998242855072,-0.9985747933387756,-0.21130871772766113,0.20095033943653107,0.13216261565685272,0.29000000000000004,-0.178179070353508,0.0133028794080019,-0.2771306335926056,0.00307014980353415,0.005200258921831846,0.3909881114959717,-0.002192101674154401,-0.2104562669992447,-0.6303989291191101,1.0129317045211792,0.5004777908325195,1.5128828287124634,0.4963712692260742,-1.0465623140335083,-0.2909783124923706,-0.20408563315868378,1.0620614290237427
3.096764326095581,0.38401708006858826,0.6869444251060486,0.0018640452763065696,-0.04157603532075882,-0.03152771294116974,-0.99863600730896,-0.2159421443939209,0.20051681995391846,0.12591327726840973,0.29000000000000004,-0.17915694415569305,0.0044723148457705975,-0.280245840549469,0.0008375817560590804,0.00431531248614192,0.40775296092033386,-0.0028624634724110365,-0.22014220058918,-0.6253618001937866,0.9667667746543884,0.4852403700351715,1.5144999027252197,0.45640650391578674,-1.0116373300552368,-0.2781599760055542,-0.2052774429321289,0.973488986492157
3.0968241691589355,0.3834832012653351,0.6861046552658081,0.00034704868448898196,-0.03938673064112663,-0.03222757577896118,-0.9987040162086487,-0.22197242081165314,0.19948461651802063,0.11931135505437851,0.29000000000000004,-0.18005631864070892,-0.006502818316221237,-0.28522682189941406,-0.0021483285818248987,0.004729566164314747,0.42837291955947876,-0.0033832229673862457,-0.23177967965602875,-0.6175158619880676,0.912713885307312,0.46718835830688477,1.5150419473648071,0.4064376652240753,-0.9721203446388245,-0.2640422284603119,-0.20957858860492706,0.8732855319976807
3.096872329711914,0.38302308320999146,0.6850537061691284,-0.0014889483572915196,-0.03707995265722275,-0.03240529075264931,-0.9987856149673462,-0.22931425273418427,0.1979794204235077,0.11279583722352982,0.29000000000000004,-0.18089953064918518,-0.01979128271341324,-0.29201290011405945,-0.005711184814572334,0.006815096363425255,0.45254090428352356,-0.004019807558506727,-0.24504899978637695,-0.6058839559555054,0.8514025807380676,0.4464028477668762,1.5143178701400757,0.3474825918674469,-0.9286618232727051,-0.24874061346054077,-0.2173725962638855,0.7629812359809875
3.0968704223632812,0.3826884329319,0.6837337017059326,-0.003590101609006524,-0.03475669398903847,-0.03192976117134094,-0.998879075050354,-0.23878926038742065,0.19611133635044098,0.10621125251054764,0.29000000000000004,-0.18161670863628387,-0.03593343496322632,-0.30099421739578247,-0.009701773524284363,0.011207260191440582,0.48025646805763245,-0.0038949709851294756,-0.25966447591781616,-0.5898711681365967,0.7835483551025391,0.4219340682029724,1.5125935077667236,0.27856168150901794,-0.8810203671455383,-0.23178422451019287,-0.22861503064632416,0.6429308652877808
3.0967724323272705,0.38252681493759155,0.6820946931838989,-0.005814187694340944,-0.03255327418446541,-0.03084932640194893,-0.9989768266677856,-0.25103384256362915,0.19405312836170197,0.09858506172895432,0.29000000000000004,-0.1822996437549591,-0.05510479956865311,-0.3124505579471588,-0.013806981034576893,0.017752185463905334,0.5113098621368408,-0.003415795275941491,-0.2755088806152344,-0.569300651550293,0.7101035714149475,0.3935007154941559,1.5108487606048584,0.2000858336687088,-0.8274973630905151,-0.2122257947921753,-0.2432342916727066,0.5119229555130005
3.096592903137207,0.38253912329673767,0.6801776885986328,-0.008081959560513496,-0.03040742129087448,-0.02939181588590145,-0.9990726709365845,-0.26521146297454834,0.19138328731060028,0.08982318639755249,0.29559987783432007,-0.1827135682106018,-0.07614061236381531,-0.3254459798336029,-0.017909055575728416,0.025757694616913795,0.5443925261497498,-0.00263467850163579,-0.29207277297973633,-0.5448318719863892,0.6324842572212219,0.36110010743141174,1.5105247497558594,0.11480967700481415,-0.7665871977806091,-0.1887071132659912,-0.260226845741272,0.36966046690940857
3.096400022506714,0.382676362991333,0.6780729293823242,-0.010369629599153996,-0.028063220903277397,-0.02800242230296135,-0.9991599917411804,-0.27924126386642456,0.18793149292469025,0.07989132404327393,0.33427131175994873,-0.18294483423233032,-0.09738899022340775,-0.33828020095825195,-0.022140877321362495,0.0339038260281086,0.5780088305473328,-0.0015816085506230593,-0.3089647889137268,-0.5181772708892822,0.5528568625450134,0.32456687092781067,1.5131397247314453,0.026697417721152306,-0.6987457871437073,-0.1608111560344696,-0.2771889269351959,0.22036360204219818
3.09622859954834,0.38287243247032166,0.675817608833313,-0.012656097300350666,-0.02536866068840027,-0.02714681811630726,-0.9992293119430542,-0.2922522723674774,0.18387578427791595,0.06907935440540314,0.37190303206443787,-0.18313220143318176,-0.11811545491218567,-0.34999293088912964,-0.02668682113289833,0.04098264500498772,0.6115502715110779,-0.0003581306373234838,-0.3262038230895996,-0.4911247491836548,0.47328370809555054,0.2846626937389374,1.518894910812378,-0.05965554714202881,-0.6267873048782349,-0.13017374277114868,-0.291530966758728,0.0722215548157692
3.096031665802002,0.38306280970573425,0.6734092831611633,-0.01492265984416008,-0.02242400497198105,-0.027081802487373352,-0.9992702603340149,-0.30459994077682495,0.17951641976833344,0.05791866034269333,0.408293217420578,-0.18347428739070892,-0.1378372609615326,-0.36077553033828735,-0.03161069378256798,0.046469271183013916,0.6450238823890686,0.0008586733601987362,-0.3438103199005127,-0.46456092596054077,0.39538460969924927,0.24440395832061768,1.5265402793884277,-0.13784238696098328,-0.5552035570144653,-0.1005733385682106,-0.30246809124946594,-0.06446697562932968
3.095754623413086,0.383171945810318,0.6708431243896484,-0.017162799835205078,-0.01937023550271988,-0.027925832197070122,-0.9992748498916626,-0.31668779253959656,0.1752435863018036,0.04668990522623062,0.44339513778686523,-0.18411514163017273,-0.15615327656269073,-0.371056467294693,-0.036897238343954086,0.050204601138830185,0.6785232424736023,0.0020821797661483288,-0.3616444766521454,-0.4389936923980713,0.32098811864852905,0.20797847211360931,1.535211443901062,-0.14999999999999997,-0.48789161443710327,-0.0760912075638771,-0.3110206127166748,-0.14999999999999997
3.0953731536865234,0.38310113549232483,0.6681061387062073,-0.019439848139882088,-0.01627354882657528,-0.02955392375588417,-0.9992415904998779,-0.3290676176548004,0.1707160472869873,0.03519042953848839,0.47755029797554016,-0.1850185990333557,-0.1731669008731842,-0.3811284899711609,-0.04250217229127884,0.052405767142772675,0.7121550440788269,0.002912448951974511,-0.3798302114009857,-0.41485461592674255,0.2527461349964142,0.17905625700950623,1.5447728633880615,-0.14999999999999997,-0.4282553195953369,-0.05995538830757141,-0.31903716921806335,-0.14999999999999997
3.094883680343628,0.3827260434627533,0.6651691794395447,-0.021734105423092842,-0.013117024675011635,-0.03150466829538345,-0.9991810917854309,-0.34159061312675476,0.1662224978208542,0.02298879623413086,0.5112074017524719,-0.1864749789237976,-0.18946506083011627,-0.39134037494659424,-0.047912899404764175,0.05385009944438934,0.7462751865386963,0.0031873721163719893,-0.398251473903656,-0.3924829065799713,0.19386687874794006,0.16031576693058014,1.5555177927017212,-0.14999999999999997,-0.379383385181427,-0.05394705757498741,-0.32805055379867554,-0.14999999999999997
3.094170570373535,0.38196316361427307,0.6620348691940308,-0.023829642683267593,-0.00979704037308693,-0.033021435141563416,-0.9991224408149719,-0.354035884141922,0.16284586489200592,0.01119188405573368,0.5449228882789612,-0.18873195350170135,-0.20543649792671204,-0.4016832113265991,-0.052028462290763855,0.05553790554404259,0.7803175449371338,0.0025892944540828466,-0.4161421060562134,-0.3727383315563202,0.1464882642030716,0.15484550595283508,1.5683802366256714,-0.14999999999999997,-0.3495313227176666,-0.060933101922273636,-0.33733028173446655,-0.14999999999999997
3.0932109355926514,0.38057854771614075,0.6586920022964478,-0.026079416275024414,-0.007326123304665089,-0.03377830982208252,-0.9990621209144592,-0.367775022983551,0.1601884663105011,0.0004160699900239706,0.5771329402923584,-0.19204121828079224,-0.22002501785755157,-0.41539791226387024,-0.05476997792720795,0.05888289585709572,0.8152402639389038,0.0006854042294435203,-0.43341365456581116,-0.3545321226119995,0.10910098254680634,0.1668621003627777,1.5808993577957153,-0.14999999999999997,-0.330402672290802,-0.07150931656360626,-0.34884414076805115,-0.14999999999999997
3.0919721126556396,0.3786705732345581,0.6553807258605957,-0.02839045599102974,-0.005749653559178114,-0.03360815346240997,-0.9990151524543762,-0.3816945254802704,0.1584673672914505,-0.008353237062692642,0.6057064533233643,-0.19611114263534546,-0.2321820706129074,-0.43159282207489014,-0.05593244358897209,0.06386134773492813,0.8487706184387207,-0.0023557296954095364,-0.44868919253349304,-0.3378174901008606,0.081290602684021,0.19675584137439728,1.5896415710449219,-0.14999999999999997,-0.3238978087902069,-0.08694104850292206,-0.3626163601875305,-0.14999999999999997
3.090609073638916,0.3764938712120056,0.6524022817611694,-0.0306718572974205,-0.004147475119680166,-0.03276534378528595,-0.9989836812019348,-0.3923787772655487,0.1576692909002304,-0.014347749762237072,0.6288090944290161,-0.2003563642501831,-0.24148160219192505,-0.4462040662765503,-0.05614260584115982,0.06900247931480408,0.8782309293746948,-0.00612120283767581,-0.4613338112831116,-0.32255709171295166,0.06288739293813705,0.2413603812456131,1.589064359664917,-0.12306757271289825,-0.32956141233444214,-0.1124231368303299,-0.37794986367225647,-0.14999999999999997
3.0893049240112305,0.37428706884384155,0.6498806476593018,-0.032915353775024414,-0.0016951211728155613,-0.031728342175483704,-0.9989528656005859,-0.39761459827423096,0.15740768611431122,-0.017796145752072334,0.6462178826332092,-0.20453773438930511,-0.24832963943481445,-0.4562412202358246,-0.05636823549866676,0.0729641541838646,0.9028875231742859,-0.010026601143181324,-0.471833735704422,-0.3086996376514435,0.05281635373830795,0.2956357002258301,1.576019287109375,-0.059851255267858505,-0.3442065417766571,-0.15052185952663422,-0.3940150737762451,-0.14999999999999997
3.0880398750305176,0.37214282155036926,0.6476966142654419,-0.03503430262207985,0.001368552795611322,-0.03076871484518051,-0.9989113211631775,-0.39928826689720154,0.15744008123874664,-0.020037733018398285,0.6598318815231323,-0.20878061652183533,-0.2535513937473297,-0.46277299523353577,-0.05675902217626572,0.07560095191001892,0.9238876104354858,-0.013958307914435863,-0.48079052567481995,-0.29604586958885193,0.0490461066365242,0.3550668954849243,1.551676869392395,0.007717781234532595,-0.3644177317619324,-0.19849081337451935,-0.4102735221385956,-0.14999999999999997
3.08669114112854,0.3700276017189026,0.645657479763031,-0.036729227751493454,0.004397943615913391,-0.03014671616256237,-0.9988606572151184,-0.4011358618736267,0.1580071598291397,-0.023174067959189415,0.6724265217781067,-0.21307775378227234,-0.25792744755744934,-0.4680429697036743,-0.05670478940010071,0.07671866565942764,0.9424370527267456,-0.018019044771790504,-0.48854103684425354,-0.28485655784606934,0.04960986599326134,0.4172256290912628,1.5183364152908325,0.07807262986898422,-0.3879883587360382,-0.2509155869483948,-0.42641720175743103,-0.14999999999999997
3.085200786590576,0.3679356873035431,0.6435837149620056,-0.03761418163776398,0.007098224945366383,-0.030423378571867943,-0.9988037943840027,-0.4063764810562134,0.15840083360671997,-0.03165380284190178,0.6868617534637451,-0.21751199662685394,-0.26271265745162964,-0.4730454087257385,-0.05586337670683861,0.07508723437786102,0.9594927430152893,-0.02242521196603775,-0.4954789876937866,-0.27601590752601624,0.052797798067331314,0.4803232252597809,1.4771572351455688,0.1495717614889145,-0.41331470012664795,-0.30290985107421875,-0.4421860873699188,-0.09125997126102448
3.083604097366333,0.3659381866455078,0.6413774490356445,-0.03738893195986748,0.009584682993590832,-0.03202695772051811,-0.9987413883209229,-0.41709205508232117,0.1558859944343567,-0.05265196040272713,0.7059754133224487,-0.22098511457443237,-0.2699621617794037,-0.4772789776325226,-0.05422317609190941,0.06952251493930817,0.9752640724182129,-0.0271584652364254,-0.5020795464515686,-0.2699926197528839,0.057102005928754807,0.5413506627082825,1.4286763668060303,0.2186996042728424,-0.438787579536438,-0.35063913464546204,-0.4562166929244995,-0.02803550660610199
3.0819404125213623,0.36409464478492737,0.6389652490615845,-0.03589535504579544,0.011898236349225044,-0.03443180024623871,-0.9986913204193115,-0.433749258518219,0.14919748902320862,-0.08762329816818237,0.732133150100708,-0.22090061008930206,-0.2816292941570282,-0.48095348477363586,-0.05111292004585266,0.060896337032318115,0.9900753498077393,-0.03220017999410629,-0.5083567500114441,-0.2656135857105255,0.06139860674738884,0.5963906645774841,1.3752800226211548,0.2801138758659363,-0.4632119834423065,-0.3907017111778259,-0.4666304886341095,0.03452705219388008
3.0802149772644043,0.36242005228996277,0.636258065700531,-0.03322664275765419,0.013820289634168148,-0.03665158152580261,-0.9986798763275146,-0.45542794466018677,0.13903672993183136,-0.132073312997818,0.7653897404670715,-0.2175096869468689,-0.2976459264755249,-0.48552975058555603,-0.045727670192718506,0.051523357629776,1.004805564880371,-0.03745243325829506,-0.5142625570297241,-0.2613205313682556,0.06509716063737869,0.6421840786933899,1.321726679801941,0.32982397079467773,-0.4859820306301117,-0.42145803570747375,-0.47285225987434387,0.09097670018672943
3.0784027576446533,0.36096063256263733,0.6330850124359131,-0.029705427587032318,0.015008209273219109,-0.03813989832997322,-0.9987179636955261,-0.48037323355674744,0.12682047486305237,-0.18119972944259644,0.802960991859436,-0.21509294211864471,-0.3168618083000183,-0.4931926429271698,-0.0381663478910923,0.04330449923872948,1.0212913751602173,-0.042890410870313644,-0.5202426314353943,-0.25649598240852356,0.06805907934904099,0.6759210228919983,1.2733360528945923,0.3643158972263336,-0.5063684582710266,-0.4440130889415741,-0.47652021050453186,0.13646727800369263
3.076540231704712,0.3597595989704132,0.6293978691101074,-0.025882089510560036,0.015453007072210312,-0.03903636708855629,-0.9987828731536865,-0.5060752630233765,0.11402822285890579,-0.23010706901550293,0.841421365737915,-0.22032812237739563,-0.33659669756889343,-0.5045507550239563,-0.02970697171986103,0.036869581788778305,1.0407332181930542,-0.048133734613657,-0.5271347165107727,-0.25154292583465576,0.0704822689294815,0.695513904094696,1.2335668802261353,0.38218212127685547,-0.5228408575057983,-0.4610487222671509,-0.47970160841941833,0.1679597645998001
3.0747179985046387,0.358805388212204,0.6253616213798523,-0.022244280204176903,0.015487996861338615,-0.03989415988326073,-0.9988361597061157,-0.529853105545044,0.1023186668753624,-0.2745647728443146,0.8770768642425537,-0.23562045395374298,-0.35473009943962097,-0.5181699991226196,-0.021968118846416473,0.03142730891704559,1.0625673532485962,-0.0529484748840332,-0.5351523160934448,-0.24755655229091644,0.07301998883485794,0.7015455365180969,1.2037745714187622,0.3876357078552246,-0.5344300866127014,-0.474354088306427,-0.48216432332992554,0.1862964630126953
3.072977066040039,0.35799169540405273,0.6213074922561646,-0.01908647082746029,0.015298542566597462,-0.0411575622856617,-0.9988530874252319,-0.5513898730278015,0.09361237287521362,-0.31142458319664,0.9087238907814026,-0.24,-0.37007007002830505,-0.5324171185493469,-0.015949537977576256,0.025984400883316994,1.0849215984344482,-0.05750243738293648,-0.5436661243438721,-0.24531927704811096,0.07638483494520187,0.6963315606117249,1.1846436262130737,0.3862108588218689,-0.541535496711731,-0.4835836589336395,-0.4813966751098633,0.19483357667922974
3.0713558197021484,0.35703256726264954,0.6176071763038635,-0.016597919166088104,0.014897722750902176,-0.042829729616642,-0.9988332986831665,-0.5727354884147644,0.08932453393936157,-0.3349907398223877,0.9375988841056824,-0.24,-0.38123223185539246,-0.5459614396095276,-0.011548829264938831,0.020385967567563057,1.1053886413574219,-0.061605073511600494,-0.5515512228012085,-0.24443908035755157,0.08076094090938568,0.6824502348899841,1.1764072179794312,0.3799872100353241,-0.5441735982894897,-0.487222284078598,-0.4752117693424225,0.19514591991901398
3.0697884559631348,0.35592377185821533,0.6144123077392578,-0.015032820403575897,0.01417204923927784,-0.045093927532434464,-0.9987691044807434,-0.5919075012207031,0.0857672244310379,-0.3525126576423645,0.9601357579231262,-0.24,-0.38811004161834717,-0.5589866638183594,-0.009387755766510963,0.014807607978582382,1.1235501766204834,-0.06518770009279251,-0.5584686398506165,-0.24479666352272034,0.08451510220766068,0.6625387668609619,1.1770150661468506,0.37011727690696716,-0.5425102114677429,-0.48557841777801514,-0.46335819363594055,0.18834836781024933
3.0683608055114746,0.3546910583972931,0.6117596626281738,-0.014338036067783833,0.013513872399926186,-0.047428201884031296,-0.9986802935600281,-0.6071599125862122,0.0815894678235054,-0.36698219180107117,0.9766901135444641,-0.24,-0.39216938614845276,-0.5704829692840576,-0.009080437012016773,0.009503417648375034,1.1392724514007568,-0.06900155544281006,-0.5644981861114502,-0.24551045894622803,0.08605527877807617,0.6388447284698486,1.1831661462783813,0.3572724461555481,-0.536782443523407,-0.47993597388267517,-0.4471081793308258,0.17680032551288605
3.067178249359131,0.35329553484916687,0.6094622015953064,-0.014123765751719475,0.013228531926870346,-0.04962162673473358,-0.9985805153846741,-0.6188350319862366,0.07768932729959488,-0.3792630136013031,0.989591121673584,-0.24,-0.3950723111629486,-0.5797936916351318,-0.009648050181567669,0.0040757376700639725,1.1532074213027954,-0.07323313504457474,-0.5702012181282043,-0.2467292994260788,0.08488433063030243,0.6126745939254761,1.1924004554748535,0.33988556265830994,-0.5278621315956116,-0.47102075815200806,-0.4291519522666931,0.16143174469470978
3.0662453174591064,0.35172170400619507,0.6073155999183655,-0.01408989354968071,0.013191534206271172,-0.051402777433395386,-0.9984913468360901,-0.6283190250396729,0.07456745952367783,-0.3901987373828888,1.0009480714797974,-0.24,-0.3979516625404358,-0.5876803398132324,-0.010071213357150555,-0.0011614511022344232,1.1661972999572754,-0.07775984704494476,-0.5758423209190369,-0.24828316271305084,0.08176690340042114,0.5843467712402344,1.2039176225662231,0.31457269191741943,-0.5167808532714844,-0.45877736806869507,-0.41253772377967834,0.14138470590114594
3.0655179023742676,0.34998759627342224,0.6051601767539978,-0.0140389958396554,0.013143116608262062,-0.05265926942229271,-0.9984273314476013,-0.6370611190795898,0.07230634242296219,-0.40053796768188477,1.0121352672576904,-0.24,-0.40144598484039307,-0.5952518582344055,-0.00985137838870287,-0.006174136884510517,1.179001808166504,-0.08288796991109848,-0.581591784954071,-0.2500792145729065,0.07800345122814178,0.5532909035682678,1.2177915573120117,0.27696937322616577,-0.504047155380249,-0.4429051876068115,-0.3990235924720764,0.11556720733642578
3.0649638175964355,0.34811291098594666,0.6029112935066223,-0.013846585527062416,0.012937866151332855,-0.05341864004731178,-0.9983922839164734,-0.6460871696472168,0.07088252902030945,-0.410661906003952,1.0241221189498901,-0.24,-0.40584829449653625,-0.6030606627464294,-0.008733072318136692,-0.010981546714901924,1.1919580698013306,-0.08852039277553558,-0.5875081419944763,-0.2520982027053833,0.07435838878154755,0.5184210538864136,1.2339253425598145,0.22418838739395142,-0.48939985036849976,-0.4233209192752838,-0.38884055614471436,0.0828348696231842
3.064603090286255,0.3460925221443176,0.600595235824585,-0.013423425145447254,0.012682256288826466,-0.05367518961429596,-0.9983875751495361,-0.6553863286972046,0.07063651084899902,-0.420293390750885,1.0371637344360352,-0.24,-0.4111083447933197,-0.6106078028678894,-0.0065722656436264515,-0.015887195244431496,1.2047349214553833,-0.09473375231027603,-0.5900000000000001,-0.2542496919631958,0.07119518518447876,0.47911199927330017,1.2518486976623535,0.15693961083889008,-0.471975713968277,-0.400361031293869,-0.38097521662712097,0.04213153198361397
3.0644500255584717,0.34390538930892944,0.5982920527458191,-0.012711277231574059,0.012520616874098778,-0.05343236029148102,-0.9984119534492493,-0.6644685864448547,0.0719325914978981,-0.42925289273262024,1.0508469343185425,-0.24,-0.41706404089927673,-0.6171646118164062,-0.00327298347838223,-0.02121661975979805,1.2167260646820068,-0.1015796810388565,-0.5900000000000001,-0.25656548142433167,0.06868492811918259,0.4361920952796936,1.2706031799316406,0.08010517805814743,-0.45160141587257385,-0.37485507130622864,-0.3733987808227539,-0.005899085197597742
3.064471483230591,0.3415299355983734,0.5960580706596375,-0.011687714606523514,0.012487350031733513,-0.052807096391916275,-0.998458206653595,-0.6731602549552917,0.07481484860181808,-0.4377332925796509,1.0646464824676514,-0.24,-0.42337721586227417,-0.622449517250061,0.001099150045774877,-0.027289895340800285,1.2275325059890747,-0.10907027870416641,-0.5900000000000001,-0.2593422830104828,0.06706435978412628,0.39231929183006287,1.2884398698806763,0.002046618377789855,-0.4292498528957367,-0.3480653166770935,-0.3637154996395111,-0.057658255100250244
3.064598560333252,0.3389880657196045,0.5939016938209534,-0.01047857291996479,0.012486512772738934,-0.05204763635993004,-0.998511552810669,-0.6818458437919617,0.07858933508396149,-0.4461750090122223,1.0787006616592407,-0.24,-0.4310234487056732,-0.6268555521965027,0.006003140471875668,-0.03421414643526077,1.2373173236846924,-0.11717469245195389,-0.5900000000000001,-0.2630385458469391,0.06682010740041733,0.35047751665115356,1.3032146692276,-0.06944574415683746,-0.4063476324081421,-0.32146888971328735,-0.350568562746048,-0.10849632322788239
3.064760446548462,0.3363475203514099,0.5917676091194153,-0.009288594126701355,0.012362604960799217,-0.05134620517492294,-0.9985610842704773,-0.6906616687774658,0.08265076577663422,-0.45427805185317993,1.0919901132583618,-0.24,-0.4373900592327118,-0.6312505602836609,0.010840117000043392,-0.04156949371099472,1.2467553615570068,-0.12555332481861115,-0.5900000000000001,-0.2677924931049347,0.06844396889209747,0.31266623735427856,1.3132106065750122,-0.130449116230011,-0.38438287377357483,-0.2968246638774872,-0.3344261646270752,-0.14999999999999997
3.0649261474609375,0.3337010443210602,0.5896590352058411,-0.0083567900583148,0.012060858309268951,-0.05072832480072975,-0.9986045360565186,-0.6996415257453918,0.08633752912282944,-0.461670458316803,1.1047018766403198,-0.24,-0.44323718547821045,-0.6361086964607239,0.015024015679955482,-0.048792216926813126,1.256295919418335,-0.13407085835933685,-0.5900000000000001,-0.2732993960380554,0.07229181379079819,0.27951163053512573,1.3176780939102173,-0.14999999999999997,-0.3644615411758423,-0.2755299508571625,-0.3169005215167999,-0.14999999999999997
3.0651156902313232,0.33112484216690063,0.5876100659370422,-0.007804293185472488,0.01172273326665163,-0.05017630755901337,-0.9986410140991211,-0.7080650329589844,0.08952777832746506,-0.46790313720703125,1.116466760635376,-0.24,-0.4485253691673279,-0.6410835385322571,0.018321717157959938,-0.05542818829417229,1.26593017578125,-0.14224790036678314,-0.5900000000000001,-0.2792859375476837,0.07860787957906723,0.2506949305534363,1.3169118165969849,-0.14999999999999997,-0.34686312079429626,-0.2579386532306671,-0.2995246648788452,-0.14999999999999997
3.065347671508789,0.32868272066116333,0.5856751203536987,-0.007631552871316671,0.011498001404106617,-0.0496978685259819,-0.9986688494682312,-0.7153438925743103,0.09222806990146637,-0.47284749150276184,1.127063274383545,-0.24,-0.4533015191555023,-0.6456459164619446,0.020596036687493324,-0.06150287017226219,1.275400161743164,-0.15005896985530853,-0.5900000000000001,-0.2857096791267395,0.08721445500850677,0.2250330001115799,1.312093734741211,-0.14999999999999997,-0.3314233124256134,-0.24320749938488007,-0.2833741009235382,-0.14999999999999997
3.065598249435425,0.326419472694397,0.5838786363601685,-0.007778993807733059,0.011414746753871441,-0.04927441477775574,-0.9986897110939026,-0.7214221358299255,0.0944751650094986,-0.47653016448020935,1.136494517326355,-0.24,-0.45757928490638733,-0.6496925354003906,0.021973060443997383,-0.06691431999206543,1.2845206260681152,-0.15733592212200165,-0.5900000000000001,-0.2925320565700531,0.09746572375297546,0.20112724602222443,1.3048884868621826,-0.14999999999999997,-0.3180466890335083,-0.22976484894752502,-0.2692077159881592,-0.14999999999999997
3.065840244293213,0.3243667185306549,0.5822230577468872,-0.0081796795129776,0.01149594597518444,-0.04877522960305214,-0.9987100958824158,-0.7262917160987854,0.0964595228433609,-0.478903204202652,1.1449018716812134,-0.24,-0.46146994829177856,-0.6532368659973145,0.02273714728653431,-0.07142460346221924,1.2932178974151611,-0.16398464143276215,-0.5900000000000001,-0.2994660437107086,0.10888487845659256,0.1780477613210678,1.2969621419906616,-0.14999999999999997,-0.3065512478351593,-0.21620400249958038,-0.2572934329509735,-0.14999999999999997
3.0660653114318848,0.3225461542606354,0.5807820558547974,-0.00882946141064167,0.011810941621661186,-0.04791996255517006,-0.9987422823905945,-0.7307101488113403,0.09776152670383453,-0.4807996451854706,1.1541850566864014,-0.24,-0.4624209403991699,-0.6560441851615906,0.023285415023565292,-0.07448176294565201,1.3010975122451782,-0.16984260082244873,-0.5900000000000001,-0.3060578405857086,0.12120405584573746,0.15547403693199158,1.289810061454773,-0.14999999999999997,-0.2963579595088959,-0.20162326097488403,-0.24718667566776276,-0.14999999999999997
3.0662877559661865,0.3209483027458191,0.5796584486961365,-0.009700516238808632,0.012448150664567947,-0.04648163169622421,-0.9987943768501282,-0.734999418258667,0.09832697361707687,-0.4826183319091797,1.1654431819915771,-0.24,-0.45855435729026794,-0.6576422452926636,0.024003909900784492,-0.07580594718456268,1.307538628578186,-0.17487914860248566,-0.5900000000000001,-0.31221240758895874,0.1339939385652542,0.13393016159534454,1.2843272686004639,-0.14999999999999997,-0.2866893708705902,-0.18559998273849487,-0.23778203129768372,-0.14999999999999997
3.0665135383605957,0.3195318281650543,0.578901469707489,-0.01067359372973442,0.013405881822109222,-0.044564928859472275,-0.9988594651222229,-0.7388550043106079,0.09858687967061996,-0.4842548966407776,1.1778059005737305,-0.24,-0.4504280388355255,-0.6577228307723999,0.02502277120947838,-0.07589808106422424,1.312092900276184,-0.17926257848739624,-0.5900000000000001,-0.3184877634048462,0.14661669731140137,0.11453134566545486,1.2803674936294556,-0.14999999999999997,-0.27707722783088684,-0.16797834634780884,-0.22788240015506744,-0.14999999999999997
3.0667402744293213,0.3182447552680969,0.578519880771637,-0.011647019535303116,0.014597904868423939,-0.0423695370554924,-0.9989273548126221,-0.7419884204864502,0.09886316955089569,-0.4856976270675659,1.1900228261947632,-0.24,-0.439120352268219,-0.6562942862510681,0.026361119002103806,-0.07530856877565384,1.3145583868026733,-0.18311230838298798,-0.5900000000000001,-0.32513925433158875,0.15834835171699524,0.09850822389125824,1.27664053440094,-0.14999999999999997,-0.26743996143341064,-0.1488189399242401,-0.21737824380397797,-0.14999999999999997
3.066969156265259,0.31703615188598633,0.5784532427787781,-0.012528900057077408,0.015904856845736504,-0.04007716849446297,-0.9989913702011108,-0.7437370419502258,0.09966245293617249,-0.4861435890197754,1.2005661725997925,-0.24,-0.43034443259239197,-0.6536548137664795,0.028012888506054878,-0.07453583180904388,1.3151381015777588,-0.1866084337234497,-0.5900000000000001,-0.3317517340183258,0.16858616471290588,0.08621709793806076,1.2714236974716187,-0.14999999999999997,-0.25803709030151367,-0.12847381830215454,-0.20750035345554352,-0.14999999999999997
3.0671846866607666,0.315878689289093,0.5786294937133789,-0.01328356098383665,0.01717543788254261,-0.03786338120698929,-0.9990469813346863,-0.7439776659011841,0.10067696124315262,-0.4861289858818054,1.208431363105774,-0.24,-0.42248329520225525,-0.6503084301948547,0.029842646792531013,-0.07393182069063187,1.3142091035842896,-0.18991978466510773,-0.5900000000000001,-0.3375670611858368,0.17671319842338562,0.0772312581539154,1.2635480165481567,-0.14999999999999997,-0.24936451017856598,-0.10772081464529037,-0.19984355568885803,-0.14999999999999997
3.0673999786376953,0.31477341055870056,0.5789792537689209,-0.013941550627350807,0.01834173873066902,-0.03575291857123375,-0.9990949630737305,-0.7430980205535889,0.10151819884777069,-0.4865226149559021,1.2142527103424072,-0.24,-0.41511255502700806,-0.6466140151023865,0.031842831522226334,-0.0732971727848053,1.3121801614761353,-0.19280283153057098,-0.5900000000000001,-0.3416377305984497,0.1820765733718872,0.07081536203622818,1.2527189254760742,-0.14999999999999997,-0.24174581468105316,-0.08782517164945602,-0.19539880752563477,-0.14999999999999997
3.0676279067993164,0.3137289583683014,0.5794623494148254,-0.01450864877551794,0.019381117075681686,-0.033730216324329376,-0.9991375803947449,-0.7414315938949585,0.10192077606916428,-0.48764923214912415,1.218681812286377,-0.24,-0.40808922052383423,-0.6427299380302429,0.033992744982242584,-0.07258603721857071,1.3092966079711914,-0.1952936053276062,-0.5900000000000001,-0.34330427646636963,0.18395262956619263,0.0660720244050026,1.2396994829177856,-0.14999999999999997,-0.23508292436599731,-0.07006204128265381,-0.19428381323814392,-0.14999999999999997
3.06786847114563,0.3127495050430298,0.5800557732582092,-0.014967294409871101,0.020229851827025414,-0.031761471182107925,-0.9991785883903503,-0.7394643425941467,0.10175850987434387,-0.48965123295783997,1.2223016023635864,-0.24,-0.4012415111064911,-0.638879656791687,0.03637459874153137,-0.07172395288944244,1.3056741952896118,-0.1974084973335266,-0.5900000000000001,-0.34227776527404785,0.18172863125801086,0.062456876039505005,1.2258580923080444,-0.14999999999999997,-0.22899813950061798,-0.055318813771009445,-0.19619286060333252,-0.14999999999999997
3.0681183338165283,0.31186017394065857,0.5807253122329712,-0.015319488011300564,0.02082955650985241,-0.029825210571289062,-0.9992204904556274,-0.7378501296043396,0.10210027545690536,-0.4932754635810852,1.2248461246490479,-0.24,-0.3929150402545929,-0.6353300213813782,0.03897934779524803,-0.07060045748949051,1.3015278577804565,-0.19915123283863068,-0.5900000000000001,-0.3386465907096863,0.17518556118011475,0.05976910889148712,1.2123706340789795,-0.14999999999999997,-0.22299139201641083,-0.044093579053878784,-0.20067502558231354,-0.14999999999999997
3.068382501602173,0.3110750615596771,0.5814639925956726,-0.015597987920045853,0.021184606477618217,-0.02798890322446823,-0.9992619156837463,-0.736412763595581,0.10227737575769424,-0.4971287250518799,1.2267189025878906,-0.24,-0.38461506366729736,-0.6321036219596863,0.04163334518671036,-0.06926151365041733,1.296966552734375,-0.2005096822977066,-0.5900000000000001,-0.33290496468544006,0.1647110879421234,0.0581706166267395,1.2001733779907227,-0.14999999999999997,-0.21661081910133362,-0.036396946758031845,-0.20734569430351257,-0.14999999999999997
3.0686726570129395,0.3103998303413391,0.5822930932044983,-0.015803830698132515,0.02134162373840809,-0.02626364305615425,-0.9993022680282593,-0.7347337603569031,0.10247697681188583,-0.5008069276809692,1.2274329662322998,-0.24,-0.37691381573677063,-0.6289988160133362,0.04428805038332939,-0.06776886433362961,1.2918784618377686,-0.20150406658649445,-0.5900000000000001,-0.32553938031196594,0.15129347145557404,0.057914987206459045,1.1901814937591553,-0.14999999999999997,-0.20968522131443024,-0.0320063978433609,-0.21607999503612518,-0.14999999999999997
3.0690014362335205,0.30983197689056396,0.5832542777061462,-0.01592782698571682,0.0213512871414423,-0.024663584306836128,-0.9993407726287842,-0.7325205206871033,0.10293863713741302,-0.5040050148963928,1.2265737056732178,-0.24,-0.36983540654182434,-0.6257287263870239,0.04694906622171402,-0.06618058681488037,1.2859934568405151,-0.20209471881389618,-0.5900000000000001,-0.31709185242652893,0.13620798289775848,0.059186529368162155,1.1831598281860352,-0.14999999999999997,-0.20248034596443176,-0.030719220638275146,-0.22685325145721436,-0.14999999999999997
3.0693776607513428,0.3093765377998352,0.5844053626060486,-0.015986502170562744,0.02125978097319603,-0.02323945425450802,-0.9993758797645569,-0.729708194732666,0.1037277951836586,-0.5064542889595032,1.2240102291107178,-0.24,-0.3628979027271271,-0.62199866771698,0.04953380674123764,-0.06453671306371689,1.2790007591247559,-0.2021915763616562,-0.5900000000000001,-0.3081698715686798,0.12074480205774307,0.062000811100006104,1.1796108484268188,-0.14999999999999997,-0.195597842335701,-0.032374490052461624,-0.23952412605285645,-0.14999999999999997
3.069800615310669,0.30904924869537354,0.5858079791069031,-0.01602824404835701,0.02111443504691124,-0.02205827087163925,-0.9994050860404968,-0.7263405323028564,0.10476718097925186,-0.5078708529472351,1.2197887897491455,-0.24,-0.35545361042022705,-0.6175479888916016,0.051838699728250504,-0.06287935376167297,1.2706067562103271,-0.2017657607793808,-0.5900000000000001,-0.2993835508823395,0.10611475259065628,0.0662027969956398,1.1797007322311401,-0.14999999999999997,-0.1897469311952591,-0.03669248893857002,-0.2536228895187378,-0.14999999999999997
3.070263147354126,0.3088688850402832,0.5875145196914673,-0.01610926166176796,0.020959939807653427,-0.021196428686380386,-0.9994257688522339,-0.7225704789161682,0.10584856569766998,-0.5080831050872803,1.214140772819519,-0.24,-0.34675338864326477,-0.6121717095375061,0.053658779710531235,-0.06119983270764351,1.2606072425842285,-0.20069731771945953,-0.5900000000000001,-0.2912721037864685,0.09329827129840851,0.0715450569987297,1.1831108331680298,-0.14999999999999997,-0.1855296641588211,-0.043307751417160034,-0.26829761266708374,-0.14999999999999997
3.0707666873931885,0.308852881193161,0.5895637273788452,-0.01627589948475361,0.020852619782090187,-0.02071705088019371,-0.999435305595398,-0.7185343503952026,0.10673104226589203,-0.5070421099662781,1.2074073553085327,-0.24,-0.33616822957992554,-0.6056374907493591,0.05481738597154617,-0.05950256809592247,1.2488030195236206,-0.19886448979377747,-0.5900000000000001,-0.28419607877731323,0.08295932412147522,0.07767579704523087,1.1890203952789307,-0.14999999999999997,-0.18320827186107635,-0.051738351583480835,-0.2824651598930359,-0.14999999999999997
3.0713088512420654,0.3090101182460785,0.5919808149337769,-0.01653509959578514,0.020850248634815216,-0.02063779905438423,-0.9994326829910278,-0.7142575979232788,0.10730648785829544,-0.5048052072525024,1.1997450590133667,-0.24,-0.32340720295906067,-0.5977188944816589,0.05525140464305878,-0.05784948915243149,1.2350142002105713,-0.19624514877796173,-0.5900000000000001,-0.27828526496887207,0.07542196661233902,0.08410320430994034,1.1963133811950684,-0.14999999999999997,-0.182642862200737,-0.06127358227968216,-0.29507577419281006,-0.14999999999999997
3.0718894004821777,0.3093471825122833,0.5947588086128235,-0.016868678852915764,0.020974623039364815,-0.020964350551366806,-0.999417781829834,-0.7097784876823425,0.10748819261789322,-0.5015804767608643,1.191322684288025,-0.24,-0.30846548080444336,-0.588338315486908,0.05495721474289894,-0.05633855238556862,1.2191880941390991,-0.19288022816181183,-0.5900000000000001,-0.27355536818504333,0.07059649378061295,0.0902658998966217,1.2038893699645996,-0.14999999999999997,-0.18351423740386963,-0.07104698568582535,-0.3053310811519623,-0.14999999999999997
3.072498321533203,0.3098727762699127,0.5978476405143738,-0.017237424850463867,0.021198924630880356,-0.021699639037251472,-0.9993910789489746,-0.7052736878395081,0.10720855742692947,-0.4976171553134918,1.1823724508285522,-0.24,-0.29160505533218384,-0.5776483416557312,0.05397931858897209,-0.05507422611117363,1.2014942169189453,-0.18882933259010315,-0.5900000000000001,-0.269959419965744,0.06801804900169373,0.0956629142165184,1.2109358310699463,-0.14999999999999997,-0.1854812502861023,-0.08018726110458374,-0.3128988444805145,-0.14999999999999997
3.0731372833251953,0.31058862805366516,0.6011616587638855,-0.01754944585263729,0.021478494629263878,-0.022815417498350143,-0.9993548393249512,-0.7009361982345581,0.10650909692049026,-0.49328577518463135,1.1731919050216675,-0.24,-0.27352383732795715,-0.565890371799469,0.05249963700771332,-0.05421636626124382,1.1822305917739868,-0.184224933385849,-0.5900000000000001,-0.2672933042049408,0.06703755259513855,0.10003380477428436,1.2169561386108398,-0.14999999999999997,-0.1881345957517624,-0.08794602006673813,-0.31804361939430237,-0.14999999999999997
3.073819398880005,0.31148555874824524,0.6045926809310913,-0.01764899305999279,0.02178472839295864,-0.02424919605255127,-0.9993127584457397,-0.6969892382621765,0.10537850111722946,-0.4888730049133301,1.1642297506332397,-0.24,-0.2553182542324066,-0.5532509088516235,0.05087088793516159,-0.053993549197912216,1.1617335081100464,-0.1792583167552948,-0.5854349732398987,-0.2651938498020172,0.06699182093143463,0.10350695997476578,1.221704363822937,-0.14999999999999997,-0.1909760683774948,-0.09383435547351837,-0.32152286171913147,-0.14999999999999997
3.074570894241333,0.31253546476364136,0.6080264449119568,-0.01733257807791233,0.02208993211388588,-0.025866951793432236,-0.9992708563804626,-0.6937506198883057,0.10270499438047409,-0.48385947942733765,1.1553460359573364,-0.24,-0.23927637934684753,-0.5398764610290527,0.04965471476316452,-0.05458681657910347,1.140295386314392,-0.17414432764053345,-0.5765737891197205,-0.2631315588951111,0.06730128079652786,0.1065831109881401,1.225270390510559,-0.14999999999999997,-0.1935448795557022,-0.09777569025754929,-0.3243454396724701,-0.14999999999999997
3.0754170417785645,0.3137001693248749,0.6113451719284058,-0.016384895890951157,0.022357547655701637,-0.027490748092532158,-0.999237596988678,-0.691822350025177,0.09773305803537369,-0.477800190448761,1.1464762687683105,-0.24,-0.22791671752929688,-0.525982141494751,0.04950563237071037,-0.056091707199811935,1.1182329654693604,-0.1691335141658783,-0.5675702095031738,-0.26058652997016907,0.06747548282146454,0.10996698588132858,1.228026032447815,-0.14999999999999997,-0.19554872810840607,-0.10021192580461502,-0.3274846076965332,-0.14999999999999997
3.076359987258911,0.31497442722320557,0.6144629716873169,-0.014752175658941269,0.02255922742187977,-0.029028957709670067,-0.9992150068283081,-0.6917737126350403,0.0911836326122284,-0.47119250893592834,1.137822151184082,-0.24,-0.22324872016906738,-0.5118836760520935,0.050638969987630844,-0.0583932101726532,1.0959969758987427,-0.16433978080749512,-0.5586411952972412,-0.25734561681747437,0.06710183620452881,0.11426985263824463,1.230337142944336,-0.14999999999999997,-0.19686655700206757,-0.10221537202596664,-0.33177047967910767,-0.14999999999999997
3.077402353286743,0.31639227271080017,0.6173173189163208,-0.012555010616779327,0.02272123657166958,-0.03051873855292797,-0.9991969466209412,-0.693289041519165,0.08401330560445786,-0.46396195888519287,1.1279206275939941,-0.24,-0.21921952068805695,-0.4978752136230469,0.05272883176803589,-0.061290886253118515,1.0742441415786743,-0.15970829129219055,-0.5501148104667664,-0.25356367230415344,0.06601132452487946,0.11995341628789902,1.232421875,-0.14999999999999997,-0.19731946289539337,-0.10514984279870987,-0.3379480242729187,-0.14999999999999997
3.0785677433013916,0.3179953396320343,0.6198586821556091,-0.009930376894772053,0.02293725498020649,-0.032041169703006744,-0.9991739392280579,-0.6956157684326172,0.07667946815490723,-0.45605120062828064,1.1163045167922974,-0.23834973573684692,-0.21221821010112762,-0.48400363326072693,0.055342428386211395,-0.06468591094017029,1.0535739660263062,-0.15510818362236023,-0.5423991680145264,-0.24946370720863342,0.0642627701163292,0.12758952379226685,1.2341840267181396,-0.14999999999999997,-0.1965210884809494,-0.1101166233420372,-0.34656286239624023,-0.14999999999999997
3.079867124557495,0.31980767846107483,0.622067391872406,-0.006935969926416874,0.02320444956421852,-0.03355155885219574,-0.9991434812545776,-0.6983027458190918,0.06960000842809677,-0.44788676500320435,1.1037371158599854,-0.23372970521450043,-0.20521312952041626,-0.47043007612228394,0.05842335894703865,-0.06825213879346848,1.0342843532562256,-0.15030579268932343,-0.5356345176696777,-0.2448524683713913,0.06173260882496834,0.1375650018453598,1.2352843284606934,-0.14999999999999997,-0.1938367336988449,-0.11770609766244888,-0.35795170068740845,-0.14999999999999997
3.0812716484069824,0.3218509554862976,0.6239509582519531,-0.0036064309533685446,0.023326411843299866,-0.034810569137334824,-0.9991151094436646,-0.7012344002723694,0.06345690041780472,-0.4396492838859558,1.0901967287063599,-0.2297835797071457,-0.20119573175907135,-0.45782503485679626,0.06,-0.07132670283317566,1.016486644744873,-0.14529618620872498,-0.5296388268470764,-0.23899932205677032,0.05795997753739357,0.14969608187675476,1.2352441549301147,-0.14999999999999997,-0.18860602378845215,-0.1280614137649536,-0.37230315804481506,-0.14999999999999997
3.0827434062957764,0.32414987683296204,0.6255393624305725,-5.486365807882976e-06,0.02309390716254711,-0.03556593880057335,-0.9991003274917603,-0.7041563391685486,0.058853406459093094,-0.4310045540332794,1.0747700929641724,-0.22674377262592316,-0.2007627785205841,-0.44686272740364075,0.06,-0.07319416850805283,1.0002098083496094,-0.1400914490222931,-0.5241782069206238,-0.23106174170970917,0.052327949553728104,0.1637575775384903,1.2333444356918335,-0.14042571187019348,-0.1803504228591919,-0.14118407666683197,-0.389675498008728,-0.14999999999999997
3.084272623062134,0.3267204463481903,0.6268933415412903,0.0038132916670292616,0.02247888408601284,-0.035776227712631226,-0.999099612236023,-0.7064098119735718,0.05594518408179283,-0.4216881990432739,1.0566242933273315,-0.22462938725948334,-0.20399360358715057,-0.4375171363353729,0.06,-0.07365602254867554,0.9851921200752258,-0.13463088870048523,-0.5190674066543579,-0.22059839963912964,0.04436095803976059,0.17999699711799622,1.2287458181381226,-0.11694366484880447,-0.16893579065799713,-0.15716858208179474,-0.40984559059143066,-0.14999999999999997
3.085880756378174,0.32956641912460327,0.6280764937400818,0.007821531035006046,0.02159195952117443,-0.035554178059101105,-0.9991037845611572,-0.7068931460380554,0.05469219386577606,-0.41149818897247314,1.0346996784210205,-0.2232978641986847,-0.21050888299942017,-0.42923232913017273,0.06,-0.07290374487638474,0.9710158109664917,-0.12876613438129425,-0.5142222046852112,-0.2075764536857605,0.03379419073462486,0.19870609045028687,1.2208679914474487,-0.08892546594142914,-0.154678612947464,-0.17616873979568481,-0.43208780884742737,-0.14999999999999997
3.087582588195801,0.3326948881149292,0.629114031791687,0.011987964622676373,0.020547328516840935,-0.034980982542037964,-0.9991047382354736,-0.7041213512420654,0.055176254361867905,-0.39978983998298645,1.0072389841079712,-0.2225465178489685,-0.21943959593772888,-0.4216102063655853,0.06,-0.07107289880514145,0.9575314521789551,-0.12238419055938721,-0.5096660256385803,-0.19205251336097717,0.02039239928126335,0.21962085366249084,1.2094504833221436,-0.05652356892824173,-0.1381978690624237,-0.19823309779167175,-0.4553767144680023,-0.14999999999999997
3.0893800258636475,0.33611738681793213,0.6299848556518555,0.016290010884404182,0.019422167912125587,-0.03405963256955147,-0.9990981817245483,-0.6966018080711365,0.05751775577664375,-0.3855910003185272,0.972554624080658,-0.2220688760280609,-0.2296391725540161,-0.41455522179603577,0.06,-0.0681929737329483,0.9449396133422852,-0.1154969334602356,-0.5055451393127441,-0.17404843866825104,0.003980577923357487,0.24196894466876984,1.1943961381912231,-0.020956112071871758,-0.1200057864189148,-0.22300368547439575,-0.47881731390953064,-0.14999999999999997
3.0912721157073975,0.3398342728614807,0.6306446194648743,0.020767776295542717,0.018241804093122482,-0.032792866230010986,-0.9990797638893127,-0.6836434006690979,0.0615566149353981,-0.3683266341686249,0.9305810332298279,-0.22138191759586334,-0.24087660014629364,-0.40813273191452026,0.06,-0.06436295807361603,0.9335084557533264,-0.1081887036561966,-0.5020125508308411,-0.15365000069141388,-0.015425648540258408,0.2650662362575531,1.1759001016616821,0.01641213335096836,-0.10030312836170197,-0.24959111213684082,-0.5020365118980408,-0.14999999999999997
3.093053102493286,0.34387996792793274,0.6318946480751038,0.0243609007447958,0.016807012259960175,-0.031239666044712067,-0.9990736246109009,-0.6728555560112,0.06648224592208862,-0.35195252299308777,0.9050205945968628,-0.20231154561042786,-0.24905183911323547,-0.4013126790523529,0.06,-0.05848244950175285,0.9192382097244263,-0.10012640804052353,-0.496570348739624,-0.1309250295162201,-0.03803235664963722,0.2870742678642273,1.1546742916107178,0.05674561485648155,-0.07922127842903137,-0.2772133946418762,-0.5250614285469055,-0.14999999999999997
3.094693660736084,0.3479641079902649,0.6346407532691956,0.02601815015077591,0.015562068670988083,-0.028933623805642128,-0.9991214275360107,-0.6625467538833618,0.07141175121068954,-0.3320801556110382,0.8892290592193604,-0.1678788661956787,-0.2445726990699768,-0.3906131088733673,0.06,-0.04904070124030113,0.8965484499931335,-0.09060338884592056,-0.4861075282096863,-0.10491260886192322,-0.0631982609629631,0.30685997009277344,1.1311079263687134,0.10153799504041672,-0.05638636648654938,-0.3051583766937256,-0.5483585596084595,-0.14982905983924866
3.0962166786193848,0.351774662733078,0.6384048461914062,0.026575904339551926,0.014410403557121754,-0.02590673789381981,-0.9992070198059082,-0.6461440920829773,0.0767265260219574,-0.30886873602867126,0.8638905882835388,-0.14076976478099823,-0.23609578609466553,-0.37682366371154785,0.06,-0.03812642768025398,0.8668917417526245,-0.08144561201334,-0.4715315103530884,-0.07593763619661331,-0.09243279695510864,0.3259866535663605,1.1052595376968384,0.14964696764945984,-0.03234146162867546,-0.33189311623573303,-0.573444664478302,-0.1317501962184906
3.097480058670044,0.35513627529144287,0.6430490612983704,0.026098066940903664,0.012966152280569077,-0.022299857810139656,-0.9993264079093933,-0.626018226146698,0.0808793306350708,-0.2879142463207245,0.8314545154571533,-0.13225899636745453,-0.2247411459684372,-0.3614397943019867,0.06,-0.026908500120043755,0.8310495615005493,-0.07499057054519653,-0.4530712962150574,-0.04492044076323509,-0.12651650607585907,0.34530290961265564,1.0773041248321533,0.20057356357574463,-0.007727533113211393,-0.35699430108070374,-0.6017906069755554,-0.11314772814512253
3.0985219478607178,0.3577369749546051,0.6478925347328186,0.02535327710211277,0.011236852966248989,-0.01870533637702465,-0.9994403123855591,-0.6043605804443359,0.08556782454252243,-0.26661416888237,0.7936834096908569,-0.12472917884588242,-0.21012745797634125,-0.34611454606056213,0.06,-0.019069168716669083,0.7931632995605469,-0.07543092966079712,-0.4334770739078522,-0.01414563786238432,-0.1628974974155426,0.36649224162101746,1.0469934940338135,0.2527071237564087,0.016736097633838654,-0.3803038001060486,-0.6335355043411255,-0.09524540603160858
3.0994420051574707,0.35951122641563416,0.6524540781974792,0.02476174384355545,0.009702211245894432,-0.015459451824426651,-0.9995267391204834,-0.5828076004981995,0.09071976691484451,-0.24747523665428162,0.7554876804351807,-0.11899055540561676,-0.19483956694602966,-0.3304341733455658,0.06,-0.01373952068388462,0.7553179860115051,-0.0784674882888794,-0.41401705145835876,0.014992466196417809,-0.19879013299942017,0.38760244846343994,1.0148545503616333,0.30234745144844055,0.04079456999897957,-0.40202316641807556,-0.6662321090698242,-0.07741961628198624
3.100257635116577,0.36056438088417053,0.6565135717391968,0.024243151769042015,0.00863316748291254,-0.012611529789865017,-0.999589204788208,-0.5618540644645691,0.09591957181692123,-0.23062871396541595,0.7191987633705139,-0.11495861411094666,-0.18010346591472626,-0.31440213322639465,0.06,-0.008967450819909573,0.7188721895217896,-0.07939828187227249,-0.39526745676994324,0.042472437024116516,-0.2335866093635559,0.40561068058013916,0.9819154143333435,0.3468773663043976,0.06413011997938156,-0.422038197517395,-0.6974622011184692,-0.05829932913184166
3.1008903980255127,0.3609997630119324,0.6600704193115234,0.02356182225048542,0.007935015484690666,-0.010065112262964249,-0.999640166759491,-0.5416122078895569,0.10076545923948288,-0.2153725028038025,0.6846891045570374,-0.1123424842953682,-0.16574154794216156,-0.2990525960922241,0.06,-0.0038579206448048353,0.6850211024284363,-0.07727287709712982,-0.3772414028644562,0.06885242462158203,-0.2683378756046295,0.41951292753219604,0.9500821828842163,0.38677066564559937,0.08622948825359344,-0.4406803250312805,-0.7260578870773315,-0.03588676080107689
3.1013333797454834,0.3608427941799164,0.6632890105247498,0.02261277101933956,0.007752304896712303,-0.0076332069002091885,-0.9996850490570068,-0.520733118057251,0.10552748292684555,-0.20061726868152618,0.650413453578949,-0.11094053089618683,-0.1511468142271042,-0.2840687036514282,0.06,0.0015115834539756179,0.6535963416099548,-0.07310362160205841,-0.35938867926597595,0.09501311928033829,-0.303831547498703,0.42964914441108704,0.9207816123962402,0.4233787953853607,0.10797029733657837,-0.4582439064979553,-0.7523543834686279,-0.009259149432182312
3.101595163345337,0.36009785532951355,0.6662407517433167,0.02132559008896351,0.008186418563127518,-0.005147792398929596,-0.9997256994247437,-0.4983762204647064,0.1103702262043953,-0.18558959662914276,0.6155862212181091,-0.11065184324979782,-0.1360751986503601,-0.26841041445732117,0.06,0.0066843279637396336,0.6231375336647034,-0.06858108937740326,-0.34239739179611206,0.12171724438667297,-0.3407961428165436,0.43713662028312683,0.8940203785896301,0.45853880047798157,0.13065218925476074,-0.47499972581863403,-0.7771801948547363,0.021614667028188705
3.1016440391540527,0.3587697446346283,0.6688976287841797,0.019639432430267334,0.009054005146026611,-0.0026048021391034126,-0.9997626543045044,-0.47493767738342285,0.11509377509355545,-0.17022374272346497,0.580078125,-0.11153782159090042,-0.12040591239929199,-0.2520502209663391,0.06,0.011499296873807907,0.5928032398223877,-0.06442660838365555,-0.32706910371780396,0.14900684356689453,-0.3800099194049835,0.4430408775806427,0.8692353367805481,0.49375632405281067,0.15494628250598907,-0.4908863306045532,-0.8008909821510315,0.05543723329901695
3.101454734802246,0.3568390905857086,0.6713599562644958,0.017690975219011307,0.010123299434781075,-0.00018175003060605377,-0.9997921586036682,-0.45056337118148804,0.11983726173639297,-0.15480533242225647,0.5427206754684448,-0.11331621557474136,-0.10318315029144287,-0.23635390400886536,0.06,0.016342006623744965,0.5639674067497253,-0.05907975137233734,-0.3117673099040985,0.17633278667926788,-0.4219299554824829,0.44778886437416077,0.8455988168716431,0.5294705033302307,0.18075360357761383,-0.5051066279411316,-0.8234326839447021,0.09060164541006088
3.1010420322418213,0.35436928272247314,0.6737433075904846,0.015748323872685432,0.011242558248341084,0.002252488397061825,-0.9998100996017456,-0.42481347918510437,0.1252405345439911,-0.13892193138599396,0.5021160244941711,-0.11600012332201004,-0.08391564339399338,-0.22238320112228394,0.06,0.018039021641016006,0.5380354523658752,-0.06340595334768295,-0.2968519628047943,0.20391212403774261,-0.4666571617126465,0.4510982036590576,0.8223473429679871,0.5651537775993347,0.20759667456150055,-0.517052173614502,-0.8449044227600098,0.12616980075836182
3.1004018783569336,0.35146740078926086,0.6758959889411926,0.013701659627258778,0.01225544884800911,0.00492431502789259,-0.9998188018798828,-0.3986799716949463,0.13090823590755463,-0.1222851574420929,0.4597961902618408,-0.11948668956756592,-0.06330335885286331,-0.20996147394180298,0.06,0.020514896139502525,0.5139153003692627,-0.06780137121677399,-0.28259187936782837,0.23212124407291412,-0.5140080451965332,0.4522787034511566,0.8000712394714355,0.6003348231315613,0.23511475324630737,-0.5271535515785217,-0.8656367659568787,0.16089339554309845
3.099588394165039,0.34824347496032715,0.6777025461196899,0.01163716334849596,0.013155559077858925,0.007861475460231304,-0.9998148083686829,-0.3730662763118744,0.13672515749931335,-0.10521723330020905,0.41766250133514404,-0.12358438223600388,-0.042427923530340195,-0.19984731078147888,0.06,0.023663002997636795,0.49327269196510315,-0.0728268101811409,-0.26966676115989685,0.26083406805992126,-0.5634469985961914,0.45085448026657104,0.7802013158798218,0.6342102885246277,0.26322948932647705,-0.5359850525856018,-0.885919451713562,0.1945817470550537
3.0986764430999756,0.34481188654899597,0.6790828108787537,0.009628726169466972,0.014058071188628674,0.011036992073059082,-0.9997938275337219,-0.3487880229949951,0.14256058633327484,-0.0882088840007782,0.37800538539886475,-0.12809312343597412,-0.022556457668542862,-0.1922733038663864,0.06,0.027439430356025696,0.4774293899536133,-0.07832512259483337,-0.25893837213516235,0.28968241810798645,-0.6141660213470459,0.44670966267585754,0.7640951871871948,0.6664109826087952,0.2919628918170929,-0.5444602966308594,-0.9055279493331909,0.2281147837638855
3.0977470874786377,0.34128302335739136,0.6800381541252136,0.007725956849753857,0.01515563577413559,0.014379157684743404,-0.9997518062591553,-0.3260360062122345,0.1483341008424759,-0.07162324339151382,0.3423076272010803,-0.1330913007259369,-0.004715908784419298,-0.18678157031536102,0.06,0.03161288797855377,0.46670693159103394,-0.08409886807203293,-0.25080883502960205,0.31804171204566956,-0.6649350523948669,0.43995556235313416,0.7529175877571106,0.6967633962631226,0.32108166813850403,-0.5534190535545349,-0.9232177734375,0.2622820734977722
3.096858263015747,0.3377595543861389,0.6806341409683228,0.005989716853946447,0.016537966206669807,0.017798572778701782,-0.9996867775917053,-0.304897278547287,0.15400052070617676,-0.05576310679316521,0.31123706698417664,-0.13827431201934814,0.01070884894579649,-0.1826251894235611,0.06,0.035901762545108795,0.46027448773384094,-0.08996256440877914,-0.24503900110721588,0.3451022505760193,-0.7142549753189087,0.4309021532535553,0.7476661205291748,0.7250037789344788,0.34968301653862,-0.5634897947311401,-0.9371153116226196,0.29700833559036255
3.096036911010742,0.3343339264392853,0.6809225082397461,0.004573400132358074,0.018097015097737312,0.02123313955962658,-0.9996001720428467,-0.28636959195137024,0.15974928438663483,-0.04126434773206711,0.29000000000000004,-0.1435612440109253,0.023044221103191376,-0.17942291498184204,0.06,0.04016883671283722,0.45700469613075256,-0.09563598781824112,-0.2411009520292282,0.3701615333557129,-0.7608258724212646,0.4201352000236511,0.7486696243286133,0.7509684562683105,0.37651705741882324,-0.5746612548828125,-0.9461343884468079,0.3309265971183777
3.095322847366333,0.331108033657074,0.6809653639793396,0.003611457534134388,0.019750814884901047,0.024649085476994514,-0.9994944334030151,-0.2714362144470215,0.16576799750328064,-0.028649844229221344,0.29000000000000004,-0.1487443596124649,0.03128025308251381,-0.17662937939167023,0.06,0.04422788694500923,0.4555807411670685,-0.10133984684944153,-0.23834295570850372,0.3926721513271332,-0.8033442497253418,0.4085875451564789,0.755303144454956,0.7753936648368835,0.4005829393863678,-0.5866548418998718,-0.9500985741615295,0.3622640371322632
3.094752788543701,0.32819050550460815,0.6809856295585632,0.003051501465961337,0.021549219265580177,0.02793428674340248,-0.9993727207183838,-0.2606669068336487,0.1722615659236908,-0.017620841041207314,0.29000000000000004,-0.15371444821357727,0.0315520316362381,-0.17268967628479004,0.06,0.0479433499276638,0.4532204270362854,-0.10645850747823715,-0.23541519045829773,0.4118899405002594,-0.8400877714157104,0.3974066376686096,0.7663620114326477,0.7997116446495056,0.4208748936653137,-0.5998242497444153,-0.9488077759742737,0.39108750224113464
3.094367504119873,0.32568320631980896,0.6811952590942383,0.0028626287821680307,0.02354549430310726,0.030846167355775833,-0.9992426633834839,-0.25404801964759827,0.18096116185188293,-0.007037978619337082,0.29000000000000004,-0.15626560151576996,0.023714128881692886,-0.16584821045398712,0.06,0.05084061622619629,0.4468172788619995,-0.11082380264997482,-0.2309320569038391,0.4268289804458618,-0.8693965673446655,0.38784900307655334,0.7804502844810486,0.8247601389884949,0.4362860918045044,-0.6149740815162659,-0.9424006342887878,0.41950365900993347
3.0941991806030273,0.3237088918685913,0.6817307472229004,0.002895295387133956,0.0257144495844841,0.03315429762005806,-0.9991151094436646,-0.2520522177219391,0.19354821741580963,0.0026346775703132153,0.29000000000000004,-0.15618263185024261,0.014185168780386448,-0.15537673234939575,0.06,0.05266176909208298,0.43487629294395447,-0.11413993686437607,-0.22428898513317108,0.4370715022087097,-0.8904451131820679,0.38018473982810974,0.7958093881607056,0.8503665924072266,0.44669875502586365,-0.6326943039894104,-0.9327542185783386,0.4500560760498047
3.0942420959472656,0.32234418392181396,0.6826179623603821,0.002926914719864726,0.027984734624624252,0.0347442626953125,-0.9989999532699585,-0.2543739080429077,0.20971082150936127,0.011629054322838783,0.29000000000000004,-0.15728184580802917,0.010679327882826328,-0.14162763953208923,0.06,0.05340193584561348,0.41768354177474976,-0.11622624099254608,-0.21564707159996033,0.4430775046348572,-0.9038508534431458,0.3734409809112549,0.8104974031448364,0.8755515813827515,0.45300817489624023,-0.6521881222724915,-0.9229214787483215,0.4829457700252533
3.0944833755493164,0.3215863108634949,0.6837226152420044,0.002928478177636862,0.030293557792901993,0.03573084622621536,-0.998897910118103,-0.2592870891094208,0.2293376624584198,0.020515451207756996,0.29000000000000004,-0.16183589398860931,0.014854909852147102,-0.12578003108501434,0.06,0.05333544313907623,0.39718905091285706,-0.11710081249475479,-0.20590463280677795,0.4462355375289917,-0.9110580682754517,0.36588814854621887,0.8223363757133484,0.8982009887695312,0.4567485749721527,-0.6711327433586121,-0.9157602787017822,0.5155103802680969
3.0948939323425293,0.321368545293808,0.6848053336143494,0.003026828868314624,0.03255952522158623,0.03637763112783432,-0.9988028407096863,-0.2644496262073517,0.2520567774772644,0.029469525441527367,0.29000000000000004,-0.17035254836082458,0.025838512927293777,-0.10969959199428558,0.06,0.05290019139647484,0.376620888710022,-0.11702907085418701,-0.19651223719120026,0.4484287202358246,-0.9136838316917419,0.35585302114486694,0.8298312425613403,0.915795087814331,0.4598287343978882,-0.6870377659797668,-0.9130796194076538,0.5446500778198242
3.0954365730285645,0.321586549282074,0.6856208443641663,0.003418533829972148,0.034685783088207245,0.036952316761016846,-0.9987089037895203,-0.26754555106163025,0.2770098149776459,0.038570139557123184,0.29000000000000004,-0.18148784339427948,0.041642338037490845,-0.09542976319789886,0.06,0.05252225324511528,0.3594900667667389,-0.11641138046979904,-0.18909727036952972,0.4511192739009857,-0.9133831858634949,0.3431878685951233,0.8329060077667236,0.9277873039245605,0.4635947048664093,-0.6981207728385925,-0.9149555563926697,0.5682951807975769
3.0961012840270996,0.32215020060539246,0.6860325336456299,0.004251406062394381,0.03662789613008499,0.03754270449280739,-0.9986143708229065,-0.267282098531723,0.3027820289134979,0.0475875660777092,0.29000000000000004,-0.19302676618099213,0.05905339494347572,-0.08423984795808792,0.06,0.052330490201711655,0.34812939167022705,-0.11544571816921234,-0.18477877974510193,0.45447781682014465,-0.911037027835846,0.32978200912475586,0.8322685360908508,0.935767650604248,0.46827325224876404,-0.7037193775177002,-0.9198503494262695,0.5853886604309082
3.096872329711914,0.3230302929878235,0.6860103607177734,0.005543417297303677,0.03826429694890976,0.03804164379835129,-0.9985278248786926,-0.2637231945991516,0.32739460468292236,0.056232403963804245,0.29000000000000004,-0.20246341824531555,0.0747099220752716,-0.07692600041627884,0.06,0.0521637462079525,0.34357091784477234,-0.11417146772146225,-0.18404482305049896,0.4576128125190735,-0.9067990779876709,0.3182946741580963,0.8287814259529114,0.941215455532074,0.4725900888442993,-0.7043038606643677,-0.9256274104118347,0.5960357785224915
3.0977087020874023,0.32425737380981445,0.6855383515357971,0.007185978349298239,0.039346810430288315,0.03816506639122963,-0.998470664024353,-0.25781571865081787,0.34857550263404846,0.0646379142999649,0.29000000000000004,-0.20799463987350464,0.08615844696760178,-0.07467044144868851,0.06,0.05165794491767883,0.34698382019996643,-0.11254091560840607,-0.18748484551906586,0.4589696526527405,-0.900109052658081,0.31079453229904175,0.8236071467399597,0.9434184432029724,0.4736214280128479,-0.7013998031616211,-0.9301444888114929,0.6014336943626404
3.0985541343688965,0.3258846402168274,0.6845903992652893,0.009028268046677113,0.03960607573390007,0.03750132396817207,-0.9984704256057739,-0.25135672092437744,0.36421748995780945,0.07236485928297043,0.29000000000000004,-0.20888130366802216,0.0916743129491806,-0.07866298407316208,0.06,0.050247419625520706,0.35944387316703796,-0.11044023185968399,-0.1956387460231781,0.45695674419403076,-0.8896607756614685,0.3075604736804962,0.8181652426719666,0.9387412667274475,0.4683186113834381,-0.696575403213501,-0.9325403571128845,0.6024077534675598
3.099364995956421,0.32793939113616943,0.6832212209701538,0.011000298894941807,0.038942474871873856,0.03583618998527527,-0.9985380172729492,-0.24668581783771515,0.3731406331062317,0.0778685212135315,0.29000000000000004,-0.20570731163024902,0.09113084524869919,-0.08838868141174316,0.06,0.04764892905950546,0.37937772274017334,-0.10776115208864212,-0.2076939195394516,0.4509584903717041,-0.8737653493881226,0.3069745898246765,0.8141645193099976,0.9222463965415955,0.4555196762084961,-0.6902159452438354,-0.9338109493255615,0.5983322858810425
3.1001689434051514,0.3304126262664795,0.6815592050552368,0.013111094012856483,0.03759985417127609,0.033292949199676514,-0.9986520409584045,-0.24489158391952515,0.3751567304134369,0.0799821987748146,0.29000000000000004,-0.2005615532398224,0.08958423882722855,-0.10153506696224213,0.06,0.04398530349135399,0.4033448100090027,-0.10441926121711731,-0.22197087109088898,0.4413822591304779,-0.8512932062149048,0.30729830265045166,0.8126413226127625,0.8917374014854431,0.43622079491615295,-0.6816268563270569,-0.9355072379112244,0.5876362323760986
3.1010446548461914,0.3332749307155609,0.6796618700027466,0.015413213521242142,0.03602295368909836,0.03008108027279377,-0.9987791180610657,-0.24565626680850983,0.3707880973815918,0.07891008257865906,0.29000000000000004,-0.19545021653175354,0.0878559872508049,-0.11598172038793564,0.06,0.03937538340687752,0.42938724160194397,-0.10044750571250916,-0.23764660954475403,0.4285406172275543,-0.8222088813781738,0.30795297026634216,0.8133785128593445,0.8489997386932373,0.41205495595932007,-0.6703885793685913,-0.9375619888305664,0.5694530606269836
3.102036952972412,0.3364841639995575,0.6774635314941406,0.018021149560809135,0.034410737454891205,0.026305850595235825,-0.9988989233970642,-0.24825121462345123,0.36098840832710266,0.07606968283653259,0.29000000000000004,-0.19060596823692322,0.08235858380794525,-0.13119105994701385,0.06,0.03386639058589935,0.4575485587120056,-0.09594173729419708,-0.25484949350357056,0.4122031331062317,-0.7875561714172363,0.30906325578689575,0.8160799145698547,0.7974275946617126,0.3834446370601654,-0.6562711596488953,-0.9386109113693237,0.5430389642715454
3.1030948162078857,0.33996841311454773,0.6748437285423279,0.021116770803928375,0.03252867981791496,0.022205350920557976,-0.9990009069442749,-0.25272491574287415,0.3485620617866516,0.07214463502168655,0.29000000000000004,-0.18766996264457703,0.07858122140169144,-0.14825324714183807,0.06,0.027990560978651047,0.4887445867061615,-0.09110264480113983,-0.27372685074806213,0.3926069736480713,-0.7494320273399353,0.31111741065979004,0.8198623061180115,0.7412852048873901,0.34982603788375854,-0.6386367082595825,-0.9377571940422058,0.5063221454620361
3.1042168140411377,0.34397509694099426,0.6724485754966736,0.022555820643901825,0.0307559035718441,0.0194272231310606,-0.9990834593772888,-0.2628050446510315,0.34526363015174866,0.06317707896232605,0.29000000000000004,-0.2094597965478897,0.11146386712789536,-0.1657976657152176,0.06,0.026270903646945953,0.520916759967804,-0.08479033410549164,-0.292791485786438,0.37272801995277405,-0.7056215405464172,0.31280896067619324,0.8277245163917542,0.6856842041015625,0.3113563358783722,-0.619739830493927,-0.9336079359054565,0.4566018283367157
3.1054165363311768,0.34852108359336853,0.6702004671096802,0.022173281759023666,0.02913535200059414,0.017536478117108345,-0.9991755485534668,-0.27512648701667786,0.33819901943206787,0.05671676993370056,0.29000000000000004,-0.23485791683197021,0.12762968242168427,-0.18460363149642944,0.06,0.028299298137426376,0.5559679269790649,-0.07686319947242737,-0.31310680508613586,0.35121169686317444,-0.6572858691215515,0.3138555586338043,0.8391574025154114,0.630861222743988,0.26865872740745544,-0.599550187587738,-0.9245473146438599,0.39204174280166626
3.1066198348999023,0.35339275002479553,0.6681361198425293,0.02023373171687126,0.02740241214632988,0.015970973297953606,-0.9992919564247131,-0.2895183861255646,0.32593783736228943,0.049719035625457764,0.29000000000000004,-0.24,0.14544710516929626,-0.20415042340755463,0.06,0.03302792087197304,0.5915347337722778,-0.0677110105752945,-0.33346453309059143,0.32705172896385193,-0.6073768138885498,0.31433728337287903,0.8530908823013306,0.5774361491203308,0.22333146631717682,-0.5773824453353882,-0.910890519618988,0.31415626406669617
3.107617139816284,0.3581765592098236,0.6666683554649353,0.01635126955807209,0.025304608047008514,0.01444439310580492,-0.9994416236877441,-0.3093702793121338,0.3081884980201721,0.03780040889978409,0.29000000000000004,-0.23199890553951263,0.14655454456806183,-0.22357909381389618,0.06,0.039619289338588715,0.6239123940467834,-0.059381868690252304,-0.3519169092178345,0.3000272810459137,-0.5571950078010559,0.31226447224617004,0.8712441325187683,0.5228943228721619,0.1768428534269333,-0.552402675151825,-0.8942898511886597,0.2262280136346817
3.1082046031951904,0.36247313022613525,0.6655933260917664,0.01073260884732008,0.02247736044228077,0.012465765699744225,-0.9996119141578674,-0.3334869146347046,0.28680476546287537,0.024390380829572678,0.29000000000000004,-0.22251051664352417,0.12874624133110046,-0.24433478713035583,0.06,0.04793522134423256,0.6538049578666687,-0.049121685326099396,-0.3683256208896637,0.26999804377555847,-0.5076392889022827,0.3050200939178467,0.8922911286354065,0.4575001895427704,0.1310087889432907,-0.5229104161262512,-0.8764528036117554,0.12914006412029266
3.108651876449585,0.36627626419067383,0.6638917326927185,0.005068336147814989,0.01877557300031185,0.010214749723672867,-0.9997587203979492,-0.3633633255958557,0.26575708389282227,0.008580269291996956,0.29000000000000004,-0.21489636600017548,0.1092640832066536,-0.26982539892196655,0.05373027175664902,0.05700468644499779,0.6885379552841187,-0.03998173028230667,-0.38672828674316406,0.23796314001083374,-0.4591025412082672,0.2927427887916565,0.9144761562347412,0.37175247073173523,0.08810888230800629,-0.4857443869113922,-0.8581215143203735,0.02021046355366707
3.109041213989258,0.3695995807647705,0.6614499688148499,-0.0005289582186378539,0.014395230449736118,0.0077875591814517975,-0.9998658299446106,-0.3983243703842163,0.24511350691318512,-0.00930419098585844,0.3306877911090851,-0.20820803940296173,0.08760034292936325,-0.2995576560497284,0.03692543879151344,0.06684946268796921,0.7283081412315369,-0.032128334045410156,-0.4076571762561798,0.2043248564004898,-0.4104643762111664,0.2772168517112732,0.9390178322792053,0.2701372802257538,0.04695054143667221,-0.4407094717025757,-0.8372099995613098,-0.09623795747756958
3.109452724456787,0.37249356508255005,0.6584042906761169,-0.006077184807509184,0.009916002862155437,0.005621687974780798,-0.9999164342880249,-0.4347303509712219,0.22513419389724731,-0.0266696959733963,0.37796521186828613,-0.20262280106544495,0.06459932774305344,-0.33124884963035583,0.021537814289331436,0.07827509194612503,0.7711589336395264,-0.024705592542886734,-0.43003326654434204,0.17050562798976898,-0.36139655113220215,0.259982705116272,0.9670555591583252,0.16444166004657745,0.004931020550429821,-0.39053967595100403,-0.8118255138397217,-0.14999999999999997
3.1098992824554443,0.3749542236328125,0.654893696308136,-0.0112776393070817,0.0056937807239592075,0.0036896963138133287,-0.9999133348464966,-0.4708365201950073,0.20651604235172272,-0.04314916580915451,0.42653268575668335,-0.19808779656887054,0.04111083224415779,-0.3628275990486145,0.008090897463262081,0.09033302962779999,0.8148360848426819,-0.018012328073382378,-0.4528992176055908,0.13752132654190063,-0.31350645422935486,0.24053996801376343,0.9981830716133118,0.0627446323633194,-0.036903250962495804,-0.3371569514274597,-0.7837356328964233,-0.14999999999999997
3.110342502593994,0.37697920203208923,0.6511048078536987,-0.015577116049826145,0.00221083196811378,0.0016210421454161406,-0.9998748302459717,-0.5054248571395874,0.1902094930410385,-0.05963606387376785,0.4749899208545685,-0.19508683681488037,0.01781540736556053,-0.3915288746356964,-0.002752395812422037,0.10097865760326385,0.8566001057624817,-0.012116226367652416,-0.4750575125217438,0.10533074289560318,-0.26825687289237976,0.21837995946407318,1.029964804649353,-0.030429674312472343,-0.07636737078428268,-0.2869545519351959,-0.7540847063064575,-0.14999999999999997
3.1107428073883057,0.3784395158290863,0.6472403407096863,-0.018729181960225105,-0.00034597780904732645,-0.0009476857376284897,-0.9998239874839783,-0.5373850464820862,0.17656466364860535,-0.07676064968109131,0.5210047364234924,-0.19342680275440216,-0.003807107685133815,-0.4157685935497284,-0.010950454510748386,0.10812371969223022,0.8946868777275085,-0.007835137657821178,-0.49585410952568054,0.07358724623918533,-0.22756442427635193,0.19681628048419952,1.0598400831222534,-0.10808160156011581,-0.10827001184225082,-0.2390107810497284,-0.725888729095459,-0.14999999999999997
3.111112117767334,0.3791504204273224,0.6433857679367065,-0.020889919251203537,-0.0023494011256843805,-0.0039175404235720634,-0.9997712969779968,-0.5669086575508118,0.16553956270217896,-0.09450013190507889,0.563339352607727,-0.1934874802827835,-0.02313985675573349,-0.4364576041698456,-0.016612974926829338,0.11175423860549927,0.9292572140693665,-0.005418725311756134,-0.5152120590209961,0.04261025786399841,-0.19229474663734436,0.18001843988895416,1.0852023363113403,-0.14999999999999997,-0.1276407241821289,-0.18741364777088165,-0.6998270153999329,-0.14999999999999997
3.1114327907562256,0.3791743814945221,0.6396987438201904,-0.021990671753883362,-0.0035975791979581118,-0.006792424712330103,-0.9997285008430481,-0.5931347608566284,0.15772618353366852,-0.11219234764575958,0.6017545461654663,-0.1951630860567093,-0.04036296531558037,-0.4528489112854004,-0.019516214728355408,0.11233209818601608,0.9593985080718994,-0.004710515961050987,-0.5324132442474365,0.013385855592787266,-0.16189008951187134,0.16887037456035614,1.1030923128128052,-0.14999999999999997,-0.13653676211833954,-0.13914789259433746,-0.6745662689208984,-0.14999999999999997
3.111670970916748,0.3787108063697815,0.6362859010696411,-0.02187185175716877,-0.004048199392855167,-0.008982411585748196,-0.9997122287750244,-0.6161911487579346,0.15375390648841858,-0.1294194459915161,0.6370823383331299,-0.19816920161247253,-0.056256040930747986,-0.46487993001937866,-0.019256556406617165,0.1106475442647934,0.984600841999054,-0.005758007522672415,-0.546896755695343,-0.012759539298713207,-0.13673005998134613,0.16209422051906586,1.1128594875335693,-0.14999999999999997,-0.13883651793003082,-0.1030704528093338,-0.6513708829879761,-0.14999999999999997
3.1118147373199463,0.37794679403305054,0.6331344842910767,-0.0205630362033844,-0.003956846427172422,-0.010505897924304008,-0.9997255206108093,-0.6372050642967224,0.15315324068069458,-0.1466948539018631,0.6700963377952576,-0.20226648449897766,-0.07113480567932129,-0.47346678376197815,-0.016080498695373535,0.10713550448417664,1.005330204963684,-0.008077861741185188,-0.558818519115448,-0.03542435169219971,-0.11858449131250381,0.16102425754070282,1.1166515350341797,-0.14999999999999997,-0.138057142496109,-0.08340531587600708,-0.633720874786377,-0.14999999999999997
3.1119134426116943,0.3770172894001007,0.630254864692688,-0.018325788900256157,-0.003605579724535346,-0.012059086002409458,-0.9997527003288269,-0.656871497631073,0.15433770418167114,-0.16489563882350922,0.7003925442695618,-0.20691052079200745,-0.08455388247966766,-0.47928300499916077,-0.01126178726553917,0.10118517279624939,1.0221196413040161,-0.011325083673000336,-0.5687029957771301,-0.05603820085525513,-0.10698976367712021,0.16848108172416687,1.1189582347869873,-0.14999999999999997,-0.13696876168251038,-0.07831939309835434,-0.6211567521095276,-0.14999999999999997
3.1119801998138428,0.37603244185447693,0.6277337074279785,-0.015488410368561745,-0.0032534110359847546,-0.014025764539837837,-0.9997763633728027,-0.675089418888092,0.1560976803302765,-0.18376046419143677,0.7267101407051086,-0.2117462009191513,-0.09576016664505005,-0.48293212056159973,-0.005849894601851702,0.09297436475753784,1.0350338220596313,-0.014953946694731712,-0.5767101645469666,-0.07485933601856232,-0.10016476362943649,0.18576361238956451,1.1210073232650757,-0.14999999999999997,-0.13768386840820312,-0.08407724648714066,-0.6116833686828613,-0.14999999999999997
3.1120262145996094,0.37509480118751526,0.6256822943687439,-0.012389060109853745,-0.002918890444561839,-0.016222931444644928,-0.9997873902320862,-0.6909298896789551,0.1580531895160675,-0.20188568532466888,0.7481308579444885,-0.21639986336231232,-0.10449127852916718,-0.4846053421497345,-0.00041506285197101533,0.08361440896987915,1.0440053939819336,-0.018493270501494408,-0.5827591419219971,-0.09062860906124115,-0.09638933092355728,0.21248598396778107,1.12136709690094,-0.14999999999999997,-0.14115965366363525,-0.09825459867715836,-0.6042035818099976,-0.14999999999999997
3.1120922565460205,0.37431809306144714,0.6241366863250732,-0.009309785440564156,-0.002435122849419713,-0.0184631384909153,-0.9997831583023071,-0.7035598754882812,0.1599685251712799,-0.21815811097621918,0.7647947072982788,-0.22046245634555817,-0.11110376566648483,-0.4841335415840149,0.004526572767645121,0.07400499284267426,1.04933500289917,-0.021590936928987503,-0.5870272517204285,-0.10232772678136826,-0.09467528015375137,0.24780303239822388,1.1184643507003784,-0.14999999999999997,-0.14736194908618927,-0.12038224935531616,-0.5998486280441284,-0.14999999999999997
3.112201452255249,0.37383270263671875,0.6230180859565735,-0.006560271140187979,-0.0017267507500946522,-0.020914701744914055,-0.999758243560791,-0.7129842042922974,0.1609661877155304,-0.23228196799755096,0.7774867415428162,-0.22348782420158386,-0.1160142794251442,-0.4818565845489502,0.00810692086815834,0.06459493190050125,1.0521408319473267,-0.023846592754125595,-0.5900000000000001,-0.11012864112854004,-0.09478695690631866,0.290176123380661,1.1113122701644897,-0.14999999999999997,-0.15594416856765747,-0.1511022001504898,-0.6000717282295227,-0.14999999999999997
3.1123239994049072,0.37372496724128723,0.6221472024917603,-0.004367010202258825,-0.0009902477031573653,-0.0237751305103302,-0.9997071623802185,-0.7203642129898071,0.16011376678943634,-0.24456354975700378,0.7874948978424072,-0.22541022300720215,-0.11964107304811478,-0.47910943627357483,0.009735502302646637,0.05583833530545235,1.0541257858276367,-0.024956559762358665,-0.5900000000000001,-0.11449785530567169,-0.09761600196361542,0.3363876938819885,1.0997952222824097,-0.1334933489561081,-0.16649514436721802,-0.18977828323841095,-0.6049163937568665,-0.14999999999999997
3.1124107837677,0.3739958703517914,0.6213076114654541,-0.002747788093984127,-0.0005235260468907654,-0.026878824457526207,-0.9996347427368164,-0.7274133563041687,0.15727375447750092,-0.2554266154766083,0.7966142296791077,-0.22633937001228333,-0.12269696593284607,-0.4775420129299164,0.009654027409851551,0.04843470826745033,1.05690336227417,-0.024929730221629143,-0.5900000000000001,-0.11513015627861023,-0.10467267036437988,0.38222840428352356,1.0843316316604614,-0.08704450726509094,-0.17825792729854584,-0.23377233743667603,-0.6136347055435181,-0.14999999999999997
3.1124653816223145,0.3745836317539215,0.6203356981277466,-0.0015853109071031213,-0.00038098607910797,-0.02988290786743164,-0.9995519518852234,-0.735102117061615,0.15296564996242523,-0.26517462730407715,0.8065164089202881,-0.2264919877052307,-0.12607018649578094,-0.4778442084789276,0.008510495536029339,0.04289723187685013,1.0614571571350098,-0.023954935371875763,-0.5900000000000001,-0.11154237389564514,-0.11685755103826523,0.4245319664478302,1.0660830736160278,-0.041293490678071976,-0.18969932198524475,-0.27990663051605225,-0.6253489255905151,-0.1405406892299652
3.11252760887146,0.3754189908504486,0.619162380695343,-0.0007670100894756615,-0.0003848249325528741,-0.03259413689374924,-0.9994682669639587,-0.7434032559394836,0.14772413671016693,-0.27398547530174255,0.8180552124977112,-0.22615203261375427,-0.13036347925662994,-0.4796532690525055,0.006741796620190144,0.039218127727508545,1.068013310432434,-0.022214679047465324,-0.5900000000000001,-0.1039925068616867,-0.13392718136310577,0.4620177149772644,1.0471982955932617,0.0023858272470533848,-0.19907262921333313,-0.3258306086063385,-0.6395794749259949,-0.10653121769428253
3.1126296520233154,0.37645792961120605,0.6177890300750732,-0.0002542459696996957,-0.00031706521986052394,-0.035024113953113556,-0.9993862509727478,-0.7518226504325867,0.1417718380689621,-0.28191208839416504,0.8312948942184448,-0.22543559968471527,-0.13570575416088104,-0.482281357049942,0.004398964811116457,0.03706296533346176,1.076417326927185,-0.019872043281793594,-0.5900000000000001,-0.09360916912555695,-0.15476873517036438,0.4946581721305847,1.0301772356033325,0.044404301792383194,-0.20558856427669525,-0.37008383870124817,-0.6555692553520203,-0.07004200667142868
3.1127712726593018,0.37766414880752563,0.6162481307983398,-4.359520607977174e-05,9.404575394000858e-06,-0.037249837070703506,-0.9993059039115906,-0.7597628235816956,0.1352206915616989,-0.28891173005104065,0.8458676934242249,-0.22440186142921448,-0.14195631444454193,-0.4850812256336212,0.0014369765995070338,0.036110129207372665,1.0863622426986694,-0.016956040635704994,-0.5900000000000001,-0.08183786273002625,-0.17796659469604492,0.5229160785675049,1.016682505607605,0.08596117794513702,-0.20986711978912354,-0.4115326702594757,-0.6716785430908203,-0.031874727457761765
3.112936019897461,0.3789898455142975,0.6145665645599365,-0.000134942471049726,0.0007399992900900543,-0.03930261731147766,-0.9992270469665527,-0.7667565941810608,0.12823201715946198,-0.29492321610450745,0.8613956570625305,-0.22314754128456116,-0.1489194631576538,-0.48758769035339355,-0.0021225796081125736,0.0361468605697155,1.0975898504257202,-0.013506531715393066,-0.5900000000000001,-0.06993209570646286,-0.202118381857872,0.547397255897522,1.0070446729660034,0.12819835543632507,-0.21343104541301727,-0.4491889774799347,-0.6856544613838196,0.006878363434225321
3.113090991973877,0.38037437200546265,0.6127506494522095,-0.000488959951326251,0.0019399119773879647,-0.04117526486515999,-0.9991498589515686,-0.7726846933364868,0.12103214114904404,-0.30002644658088684,0.8776970505714417,-0.22178465127944946,-0.15646785497665405,-0.4896364212036133,-0.006201523821800947,0.036810241639614105,1.1099573373794556,-0.009989190846681595,-0.5900000000000001,-0.058755889534950256,-0.22581030428409576,0.5690270066261292,1.0004867315292358,0.17176909744739532,-0.21786408126354218,-0.482471764087677,-0.6955004930496216,0.04527021571993828
3.113196849822998,0.3817344009876251,0.6108065247535706,-0.0009642684017308056,0.003541434183716774,-0.04286758974194527,-0.99907386302948,-0.7778920531272888,0.11394993215799332,-0.30461928248405457,0.8946100473403931,-0.22049091756343842,-0.16439419984817505,-0.49129486083984375,-0.01034485548734665,0.03791061416268349,1.123168706893921,-0.006425199098885059,-0.5900000000000001,-0.04872628673911095,-0.24787212908267975,0.5891342759132385,0.9952585697174072,0.21663226187229156,-0.22394630312919617,-0.5111790895462036,-0.7007983922958374,0.08263000100851059
3.1132073402404785,0.3829991817474365,0.6087671518325806,-0.0013973575551062822,0.005355948116630316,-0.044441331177949905,-0.9989966154098511,-0.7829257845878601,0.10721049457788467,-0.30920884013175964,0.9117558002471924,-0.21949099004268646,-0.1723063439130783,-0.4928324818611145,-0.014182552695274353,0.03902924433350563,1.1367647647857666,-0.0030734543688595295,-0.5900000000000001,-0.04016280919313431,-0.2675114870071411,0.6087502241134644,0.9895835518836975,0.261933833360672,-0.23169103264808655,-0.535377562046051,-0.7023111581802368,0.11806391179561615
3.113076686859131,0.3841308355331421,0.6067025065422058,-0.001716206781566143,0.0071464949287474155,-0.045945968478918076,-0.9989168047904968,-0.788167417049408,0.10088549554347992,-0.31393104791641235,0.9284303784370422,-0.2187175303697586,-0.17968104779720306,-0.4946422278881073,-0.017532577738165855,0.04001087695360184,1.1502288579940796,-2.207997204095591e-05,-0.5900000000000001,-0.033405762165784836,-0.28412652015686035,0.6278880834579468,0.9826883673667908,0.3059893250465393,-0.24075913429260254,-0.555021345615387,-0.7009161114692688,0.14977975189685822
3.1127688884735107,0.3851289451122284,0.604692816734314,-0.0019516143947839737,0.008732310496270657,-0.04731219634413719,-0.9988399744033813,-0.7936784625053406,0.09504293650388718,-0.31847938895225525,0.9439293742179871,-0.21809765696525574,-0.18607330322265625,-0.49711111187934875,-0.020370015874505043,0.041083332151174545,1.163175344467163,0.0027085565961897373,-0.5900000000000001,-0.02855675294995308,-0.2971174418926239,0.6454799175262451,0.9750667810440063,0.34636521339416504,-0.25054535269737244,-0.5698925256729126,-0.697306752204895,0.17580384016036987
3.1122751235961914,0.3860046863555908,0.6027876734733582,-0.002147211693227291,0.010038938373327255,-0.0484006330370903,-0.9987751841545105,-0.799367368221283,0.08983095735311508,-0.3224688172340393,0.9579389691352844,-0.2175288051366806,-0.1913832277059555,-0.5004451870918274,-0.022668378427624702,0.0425603911280632,1.175426959991455,0.005085435230284929,-0.5900000000000001,-0.025427276268601418,-0.30591484904289246,0.6598632335662842,0.9680629968643188,0.379885196685791,-0.2599884271621704,-0.5796826481819153,-0.6921830773353577,0.19479826092720032
3.1116209030151367,0.386750191450119,0.6009995937347412,-0.002288575517013669,0.011082600802183151,-0.0491582490503788,-0.9987267851829529,-0.8051668405532837,0.0853852778673172,-0.3258921802043915,0.97049880027771,-0.21705929934978485,-0.19572284817695618,-0.5045506358146667,-0.02435728721320629,0.044434331357479095,1.1869022846221924,0.007042172364890575,-0.5900000000000001,-0.02391490526497364,-0.3099306523799896,0.6695244908332825,0.9633832573890686,0.403242826461792,-0.26784786581993103,-0.5839394330978394,-0.6861247420310974,0.20595312118530273
3.1108388900756836,0.3873390853404999,0.5992910265922546,-0.002309206174686551,0.011883150786161423,-0.04966004565358162,-0.9986927509307861,-0.8112964034080505,0.08168245851993561,-0.3291967213153839,0.9820048213005066,-0.21683816611766815,-0.1993030607700348,-0.5093322992324829,-0.025358665734529495,0.0463908351957798,1.1977654695510864,0.008493728935718536,-0.5900000000000001,-0.024164678528904915,-0.30882543325424194,0.6736096143722534,0.9623901844024658,0.41437211632728577,-0.2733049690723419,-0.582143247127533,-0.6794003844261169,0.20855996012687683
3.1099696159362793,0.3877542018890381,0.5975843667984009,-0.002175142290070653,0.012477679178118706,-0.049975570291280746,-0.9986700415611267,-0.8180158138275146,0.07860337197780609,-0.33281266689300537,0.9931005239486694,-0.2170153111219406,-0.20247195661067963,-0.5147690176963806,-0.025667984038591385,0.04819713160395622,1.208404779434204,0.009380162693560123,-0.5900000000000001,-0.02623777836561203,-0.3028905689716339,0.6720335483551025,0.965412437915802,0.4135741889476776,-0.27618667483329773,-0.5744050145149231,-0.6718423366546631,0.20268188416957855
3.109058141708374,0.3879948854446411,0.5958215594291687,-0.0019267085008323193,0.012973176315426826,-0.05011102184653282,-0.9986574649810791,-0.8252325654029846,0.07604756206274033,-0.3368242681026459,1.0042791366577148,-0.2176647186279297,-0.20560039579868317,-0.5206718444824219,-0.02531762793660164,0.049973953515291214,1.2191767692565918,0.009935523383319378,-0.5900000000000001,-0.03001246228814125,-0.29281851649284363,0.6652847528457642,0.9719075560569763,0.40303802490234375,-0.2768678367137909,-0.5618737936019897,-0.6630484461784363,0.19008053839206696
3.1081440448760986,0.38808465003967285,0.5939666628837585,-0.0016356176929548383,0.013441307470202446,-0.05001949518918991,-0.9986563920974731,-0.8327786922454834,0.07394624501466751,-0.34105420112609863,1.0158437490463257,-0.2187759429216385,-0.20891129970550537,-0.5269670486450195,-0.024465447291731834,0.05185087025165558,1.2303911447525024,0.010126346722245216,-0.5900000000000001,-0.03521149978041649,-0.2794401943683624,0.6536983847618103,0.9810587763786316,0.3844454884529114,-0.2760027050971985,-0.546165406703949,-0.6528249979019165,0.1728782206773758
3.107255458831787,0.38805416226387024,0.5920010805130005,-0.001338241621851921,0.013869616203010082,-0.0496978722512722,-0.9986670613288879,-0.8406649231910706,0.07218082994222641,-0.3454401195049286,1.0279452800750732,-0.22025653719902039,-0.21255941689014435,-0.5336975455284119,-0.023213207721710205,0.05392630770802498,1.2421902418136597,0.010014514438807964,-0.5900000000000001,-0.041542164981365204,-0.263348788022995,0.6371909379959106,0.9919425845146179,0.35792893171310425,-0.2741067707538605,-0.5286117196083069,-0.6412733197212219,0.15203474462032318
3.1064157485961914,0.3879270851612091,0.589937150478363,-0.0010260231792926788,0.014220242388546467,-0.049241118133068085,-0.9986851215362549,-0.8489309549331665,0.07059155404567719,-0.35008785128593445,1.0405200719833374,-0.22206759452819824,-0.21650582551956177,-0.5408080220222473,-0.021676016971468925,0.056029390543699265,1.254471778869629,0.009597289375960827,-0.5900000000000001,-0.048796139657497406,-0.245050311088562,0.6157582998275757,1.0035111904144287,0.32354286313056946,-0.27139440178871155,-0.5099765062332153,-0.6287128329277039,0.12744972109794617
3.1056506633758545,0.38771605491638184,0.5878204703330994,-0.0006706502754241228,0.014463906176388264,-0.048762526363134384,-0.9987053871154785,-0.8575020432472229,0.06907454878091812,-0.35511407256126404,1.0533044338226318,-0.2241765707731247,-0.22062279284000397,-0.5480780601501465,-0.019925877451896667,0.05791300907731056,1.266887903213501,0.008946907706558704,-0.5900000000000001,-0.05676627159118652,-0.2251892238855362,0.589715301990509,1.0148130655288696,0.28200671076774597,-0.26787710189819336,-0.49050310254096985,-0.6155408620834351,0.0986117348074913
3.1049814224243164,0.3874365985393524,0.5857157111167908,-0.00024192761338781565,0.01457848772406578,-0.04832889512181282,-0.9987249970436096,-0.8662167191505432,0.06762060523033142,-0.36052361130714417,1.0659393072128296,-0.22652019560337067,-0.2247670441865921,-0.5552571415901184,-0.0179995559155941,0.05939451605081558,1.2789926528930664,0.008118669502437115,-0.5900000000000001,-0.06522852182388306,-0.20439310371875763,0.559417724609375,1.0253381729125977,0.23397982120513916,-0.2634308636188507,-0.4701191186904907,-0.6019505262374878,0.06497250497341156
3.1044225692749023,0.3871152997016907,0.5836906433105469,0.0002836441562976688,0.01454131118953228,-0.04796002432703972,-0.9987433552742004,-0.8749069571495056,0.06626754999160767,-0.36622244119644165,1.0780847072601318,-0.22901108860969543,-0.22881309688091278,-0.562148928642273,-0.01591545343399048,0.060409337282180786,1.2903615236282349,0.00716777890920639,-0.5900000000000001,-0.07402194291353226,-0.183109849691391,0.5251630544662476,1.0351377725601196,0.17994219064712524,-0.2577674388885498,-0.4486280381679535,-0.5877273678779602,0.026166781783103943
3.103980302810669,0.38678088784217834,0.5818063616752625,0.000928759400267154,0.014333698898553848,-0.047628503292798996,-0.998761773109436,-0.8834267258644104,0.06511449813842773,-0.3720622956752777,1.0894643068313599,-0.2315567284822464,-0.2326764017343521,-0.5686256885528564,-0.013664653524756432,0.060959674417972565,1.3006455898284912,0.006071856245398521,-0.5900000000000001,-0.0830506980419159,-0.1616094708442688,0.48757514357566833,1.0445678234100342,0.12120198458433151,-0.25051549077033997,-0.425897479057312,-0.5722705721855164,-0.017462266609072685
3.1036570072174072,0.3864472508430481,0.5801090002059937,0.0017516280058771372,0.013960604555904865,-0.04723168909549713,-0.9987847805023193,-0.8916801810264587,0.06442682445049286,-0.3779506981372833,1.0999655723571777,-0.23413097858428955,-0.23637878894805908,-0.5745531320571899,-0.01105771865695715,0.06112029030919075,1.3095369338989258,0.00483778677880764,-0.5900000000000001,-0.09217566251754761,-0.140080988407135,0.4481346309185028,1.0538208484649658,0.060922153294086456,-0.24149079620838165,-0.40196335315704346,-0.5547798871994019,-0.06382092833518982
3.1034505367279053,0.3861162066459656,0.5786291360855103,0.0028193776961416006,0.013451345264911652,-0.04669666662812233,-0.9988145232200623,-0.899592936038971,0.06444363296031952,-0.3839128315448761,1.1095553636550903,-0.23675477504730225,-0.23996396362781525,-0.5797543525695801,-0.007874123752117157,0.060922473669052124,1.3167749643325806,0.0035346411168575287,-0.5900000000000001,-0.10134776681661606,-0.11862210184335709,0.40890124440193176,1.062929391860962,0.0032991645857691765,-0.2307838797569275,-0.3769923150539398,-0.5347228050231934,-0.10953710228204727
3.1033577919006348,0.38580477237701416,0.5773781538009644,0.004142115358263254,0.012821154668927193,-0.04608232155442238,-0.9988466501235962,-0.9071393013000488,0.06508541852235794,-0.3899969458580017,1.1181937456130981,-0.23938098549842834,-0.24338658154010773,-0.5841493606567383,-0.004243932198733091,0.060179296880960464,1.3222999572753906,0.0020368818659335375,-0.5900000000000001,-0.11076050996780396,-0.09723777323961258,0.37166157364845276,1.0719374418258667,-0.04836558923125267,-0.2187628149986267,-0.3513380289077759,-0.5121681690216064,-0.14999999999999997
3.10337233543396,0.38554900884628296,0.5763394236564636,0.005662082694470882,0.012064537033438683,-0.04549740254878998,-0.9988753795623779,-0.9143553972244263,0.0660426914691925,-0.3961646556854248,1.1259297132492065,-0.24,-0.2466050088405609,-0.5878139138221741,-0.00036521611036732793,0.05901498347520828,1.3262933492660522,0.0006173255387693644,-0.5900000000000001,-0.12061765789985657,-0.07591704279184341,0.3374332785606384,1.0807056427001953,-0.09273652732372284,-0.206059530377388,-0.3256106674671173,-0.48778751492500305,-0.14999999999999997
3.103492021560669,0.38540637493133545,0.5754754543304443,0.0072691068053245544,0.011179053224623203,-0.04503244906663895,-0.9988964200019836,-0.9212610125541687,0.06692560762166977,-0.4022062122821808,1.1329286098480225,-0.24,-0.24965645372867584,-0.5909193754196167,0.003423690563067794,0.05765197426080704,1.3291300535202026,-0.0005277674645185471,-0.5900000000000001,-0.13097776472568512,-0.054712437093257904,0.30655279755592346,1.0888257026672363,-0.12981578707695007,-0.19346459209918976,-0.3005343973636627,-0.4626074433326721,-0.14999999999999997
3.103736639022827,0.3854341506958008,0.5747520923614502,0.008859979920089245,0.01021305751055479,-0.04473613575100899,-0.998907208442688,-0.9277341365814209,0.06744812428951263,-0.4078749418258667,1.1394108533859253,-0.24,-0.2526834011077881,-0.5934800505638123,0.006848788820207119,0.05636303871870041,1.33115553855896,-0.0011540731647983193,-0.5900000000000001,-0.14173991978168488,-0.03370940312743187,0.2788306176662445,1.0958285331726074,-0.14999999999999997,-0.1817394644021988,-0.27663999795913696,-0.43763217329978943,-0.14999999999999997
3.1041321754455566,0.3856772482395172,0.5741565227508545,0.010376843623816967,0.009275375865399837,-0.04459897428750992,-0.9989079833030701,-0.933480978012085,0.06754850596189499,-0.41293296217918396,1.145576000213623,-0.24,-0.25588610768318176,-0.5952287316322327,0.009736841544508934,0.05528219789266586,1.3324570655822754,-0.0011837354395538568,-0.5900000000000001,-0.15264034271240234,-0.013023060746490955,0.25389280915260315,1.1013743877410889,-0.14999999999999997,-0.171529620885849,-0.2543353736400604,-0.4135512113571167,-0.14999999999999997
3.1047070026397705,0.3861607611179352,0.5737008452415466,0.011807193979620934,0.008462578058242798,-0.044575877487659454,-0.998900294303894,-0.9382019639015198,0.0673295259475708,-0.41720354557037354,1.1514935493469238,-0.24,-0.2594261169433594,-0.5958598256111145,0.012070957571268082,0.054502468556165695,1.3329696655273438,-0.0005556357791647315,-0.5900000000000001,-0.16331766545772552,0.007097294088453054,0.23141694068908691,1.10542631149292,-0.14999999999999997,-0.16333571076393127,-0.2338590770959854,-0.39080286026000977,-0.14999999999999997
3.1054704189300537,0.3868926167488098,0.5734058022499084,0.013150189071893692,0.007793003693223,-0.04465542361140251,-0.998885452747345,-0.941771388053894,0.06685307621955872,-0.42060351371765137,1.1570913791656494,-0.24,-0.26332125067710876,-0.595253050327301,0.013851432129740715,0.05404072627425194,1.332568645477295,0.000754878856241703,-0.5900000000000001,-0.17346912622451782,0.026239898055791855,0.2110767960548401,1.1083945035934448,-0.14999999999999997,-0.1574409008026123,-0.21513448655605316,-0.36981120705604553,-0.14999999999999997
3.1064252853393555,0.3878643810749054,0.5732938051223755,0.01440347544848919,0.007245578803122044,-0.04487590491771698,-0.9988624453544617,-0.9441596865653992,0.0661109983921051,-0.42311927676200867,1.1621922254562378,-0.24,-0.2674597501754761,-0.5934039950370789,0.015069840475916862,0.053859297186136246,1.3311744928359985,0.0027997808065265417,-0.5900000000000001,-0.18288889527320862,0.043998319655656815,0.19255679845809937,1.1109286546707153,-0.14999999999999997,-0.15390226244926453,-0.197737917304039,-0.3511134088039398,-0.14999999999999997
3.1075735092163086,0.38906165957450867,0.5733898878097534,0.015547147020697594,0.006795619614422321,-0.04526691883802414,-0.9988307356834412,-0.9453074336051941,0.06509803235530853,-0.42469966411590576,1.1665836572647095,-0.24,-0.27173715829849243,-0.590276300907135,0.01565365307033062,0.053860265761613846,1.3286198377609253,0.005498653277754784,-0.5900000000000001,-0.19132763147354126,0.059952300041913986,0.17565198242664337,1.1135658025741577,-0.14999999999999997,-0.1526777744293213,-0.18108277022838593,-0.3354276120662689,-0.14999999999999997
3.108915328979492,0.39046749472618103,0.5737355351448059,0.016540998592972755,0.006446377839893103,-0.04578237980604172,-0.9987936019897461,-0.9450027942657471,0.06395308673381805,-0.42511674761772156,1.1699578762054443,-0.24,-0.276048481464386,-0.5858058929443359,0.015565387904644012,0.05406254902482033,1.3247332572937012,0.008729658089578152,-0.5900000000000001,-0.19837866723537445,0.07378170639276505,0.16036780178546906,1.1166490316390991,-0.14999999999999997,-0.1536041647195816,-0.16460223495960236,-0.32357242703437805,-0.14999999999999997
3.110450029373169,0.39206647872924805,0.5743772983551025,0.01733938418328762,0.0062159947119653225,-0.046297527849674225,-0.9987577795982361,-0.9429711103439331,0.06293761730194092,-0.4240402579307556,1.172014832496643,-0.24,-0.28033164143562317,-0.5799183249473572,0.014780654571950436,0.054519765079021454,1.3192951679229736,0.012218690477311611,-0.5900000000000001,-0.2034979909658432,0.08523004502058029,0.14690478146076202,1.1202470064163208,-0.14999999999999997,-0.15644443035125732,-0.14782968163490295,-0.31608903408050537,-0.14999999999999997
3.1121740341186523,0.3938392102718353,0.5753412842750549,0.017920751124620438,0.006113165058195591,-0.04670965299010277,-0.9987289905548096,-0.9390565156936646,0.06227092817425728,-0.42127299308776855,1.1725655794143677,-0.23722602427005768,-0.284557968378067,-0.5725886821746826,0.013449317775666714,0.05546160042285919,1.3121557235717773,0.016133280470967293,-0.5900000000000001,-0.20634405314922333,0.09413435310125351,0.13551169633865356,1.1244533061981201,-0.14999999999999997,-0.16078528761863708,-0.13058249652385712,-0.3128088712692261,-0.14999999999999997
3.114091634750366,0.3957720398902893,0.5766307711601257,0.018277887254953384,0.006141498684883118,-0.04704490676522255,-0.9987065196037292,-0.9332125186920166,0.061926599591970444,-0.41684475541114807,1.1714998483657837,-0.23295734822750092,-0.2886340916156769,-0.5637384057044983,0.011633624322712421,0.056961189955472946,1.3032035827636719,0.020716996863484383,-0.5900000000000001,-0.20703640580177307,0.10039981454610825,0.12645211815834045,1.129441499710083,-0.14999999999999997,-0.16605105996131897,-0.11329510062932968,-0.3128339648246765,-0.14999999999999997
3.116212844848633,0.3978917896747589,0.5782530903816223,0.018401309847831726,0.006337502971291542,-0.047429054975509644,-0.9986850023269653,-0.9253189563751221,0.06167430430650711,-0.41082528233528137,1.1687654256820679,-0.22795183956623077,-0.2925414443016052,-0.5532212853431702,0.008831331506371498,0.058308809995651245,1.2924606800079346,0.025153212249279022,-0.5900000000000001,-0.20606005191802979,0.1039397269487381,0.12021192908287048,1.135373592376709,-0.14999999999999997,-0.17168867588043213,-0.09735214710235596,-0.31474757194519043,-0.14999999999999997
3.1185598373413086,0.40028202533721924,0.5802358388900757,0.018307525664567947,0.006726066116243601,-0.04790734499692917,-0.9986612796783447,-0.9152017831802368,0.06139342114329338,-0.4031045138835907,1.1642712354660034,-0.22201627492904663,-0.2963058650493622,-0.5409591794013977,0.00429633678868413,0.058423109352588654,1.2799463272094727,0.027642108500003815,-0.5900000000000001,-0.20385250449180603,0.10455460846424103,0.11782742291688919,1.1424199342727661,-0.14999999999999997,-0.1772034615278244,-0.08474832028150558,-0.31720444560050964,-0.14999999999999997
3.1211352348327637,0.4030321538448334,0.5826137661933899,0.018088536337018013,0.007193517871201038,-0.04840315878391266,-0.9986380338668823,-0.9030345678329468,0.061084456741809845,-0.3937809467315674,1.1579108238220215,-0.21503646671772003,-0.29989898204803467,-0.5271243453025818,-0.002160215051844716,0.056771375238895416,1.2653653621673584,0.027293004095554352,-0.5900000000000001,-0.2006019651889801,0.10197573155164719,0.12093335390090942,1.1504095792770386,-0.14999999999999997,-0.18221276998519897,-0.07721707969903946,-0.3197118937969208,-0.14999999999999997
3.1239230632781982,0.4062236547470093,0.5854123830795288,0.01789523847401142,0.007521077524870634,-0.04878068342804909,-0.9986208081245422,-0.8891679048538208,0.06053933873772621,-0.383444219827652,1.1498337984085083,-0.2070682942867279,-0.30352169275283813,-0.5121399760246277,-0.010119713842868805,0.053559619933366776,1.24830961227417,0.02416551671922207,-0.5900000000000001,-0.196365624666214,0.09638193249702454,0.13035587966442108,1.1586560010910034,-0.14999999999999997,-0.18644928932189941,-0.07564113289117813,-0.32229286432266235,-0.14999999999999997
3.1269118785858154,0.4099235236644745,0.5886666178703308,0.017881760373711586,0.007525465451180935,-0.04886450618505478,-0.9986168742179871,-0.8735746145248413,0.05941615626215935,-0.37306341528892517,1.1402305364608765,-0.198314368724823,-0.3079535663127899,-0.49677103757858276,-0.01870098151266575,0.0498456209897995,1.2290118932724,0.019347205758094788,-0.5900000000000001,-0.1911117285490036,0.08857836574316025,0.14524002373218536,1.1661946773529053,-0.14999999999999997,-0.18962188065052032,-0.08004441857337952,-0.32509732246398926,-0.14999999999999997
3.130077838897705,0.41416698694229126,0.5923595428466797,0.01804215833544731,0.007091375067830086,-0.048297248780727386,-0.9986448287963867,-0.8565480709075928,0.05814364179968834,-0.3625122308731079,1.128770351409912,-0.1892845779657364,-0.31271812319755554,-0.48040899634361267,-0.027090342715382576,0.047028809785842896,1.2055816650390625,0.014674792997539043,-0.5900000000000001,-0.1843172013759613,0.07947599142789841,0.16380876302719116,1.1719709634780884,-0.14999999999999997,-0.1915590912103653,-0.09018059074878693,-0.32862362265586853,-0.14999999999999997
3.1334385871887207,0.41894492506980896,0.5965246558189392,0.018356777727603912,0.006234184838831425,-0.047020550817251205,-0.9987056255340576,-0.8382611870765686,0.05733833461999893,-0.3508109748363495,1.1146122217178345,-0.1796434074640274,-0.3169040381908417,-0.46341362595558167,-0.035333894193172455,0.04515315592288971,1.1784824132919312,0.010029030963778496,-0.5900000000000001,-0.17593489587306976,0.06969986855983734,0.1846107691526413,1.1754751205444336,-0.14999999999999997,-0.19217373430728912,-0.10566135495901108,-0.3338249921798706,-0.14999999999999997
3.13696551322937,0.4242388904094696,0.6011543869972229,0.01872965507209301,0.004936541896313429,-0.04514807090163231,-0.9987924695014954,-0.818647563457489,0.05733108893036842,-0.33757150173187256,1.0974247455596924,-0.16932803392410278,-0.32023298740386963,-0.4458107054233551,-0.04396496340632439,0.043582603335380554,1.1476088762283325,0.004712696652859449,-0.5900000000000001,-0.16620443761348724,0.05911717191338539,0.2073814570903778,1.1769815683364868,-0.14379243552684784,-0.19180169701576233,-0.1261146366596222,-0.3417806923389435,-0.14999999999999997
3.1406495571136475,0.4299968481063843,0.6062370538711548,0.01905147358775139,0.0032319873571395874,-0.04284032806754112,-0.9988950490951538,-0.7979159355163574,0.05813845247030258,-0.3216153085231781,1.0766186714172363,-0.15781575441360474,-0.3217504918575287,-0.42741987109184265,-0.053209930658340454,0.04207285866141319,1.1128318309783936,-0.0013174166670069098,-0.5900000000000001,-0.15537303686141968,0.04727531224489212,0.23253905773162842,1.1769120693206787,-0.11753383278846741,-0.19064219295978546,-0.1511484682559967,-0.35338616371154785,-0.14999999999999997
3.144479751586914,0.43613535165786743,0.6117439866065979,0.019186390563845634,0.0012022393057122827,-0.04034454748034477,-0.9990007877349854,-0.7759497761726379,0.05937734618782997,-0.3013886511325836,1.0521330833435059,-0.14441892504692078,-0.3212911784648895,-0.40775066614151,-0.06307051330804825,0.04078791290521622,1.0738213062286377,-0.006723344326019287,-0.5900000000000001,-0.14378248155117035,0.033739812672138214,0.2599879205226898,1.1753896474838257,-0.08518446236848831,-0.1884993463754654,-0.1801661252975464,-0.3689248263835907,-0.14999999999999997
3.1483428478240967,0.44258934259414673,0.6175163388252258,0.018758295103907585,-0.0012388594914227724,-0.0377461202442646,-0.9991104602813721,-0.7529464364051819,0.06010323390364647,-0.2760273814201355,1.0237005949020386,-0.12868450582027435,-0.31818756461143494,-0.38572683930397034,-0.07419681549072266,0.03969729319214821,1.0281264781951904,-0.01001961249858141,-0.5900000000000001,-0.13137564063072205,0.017834611237049103,0.2881949543952942,1.1722379922866821,-0.046488311141729355,-0.18534478545188904,-0.21254396438598633,-0.388178288936615,-0.14999999999999997
3.1521661281585693,0.44924983382225037,0.6235215663909912,0.01760980673134327,-0.003984410315752029,-0.03549886494874954,-0.9992064833641052,-0.7281861305236816,0.059013448655605316,-0.24784217774868011,0.9905449151992798,-0.11177220195531845,-0.312150239944458,-0.36465099453926086,-0.0863986387848854,0.040824808180332184,0.9821668267250061,-0.010976945050060749,-0.5900000000000001,-0.11873431503772736,-0.00011281148181296885,0.31513097882270813,1.1668423414230347,-0.002906095702201128,-0.18082061409950256,-0.2469026893377304,-0.41106098890304565,-0.14999999999999997
3.1558234691619873,0.4558742940425873,0.6295640468597412,0.015775522217154503,-0.006798515561968088,-0.033776964992284775,-0.9992817640304565,-0.7017264366149902,0.05538243055343628,-0.21959997713565826,0.9532921314239502,-0.09513014554977417,-0.30344757437705994,-0.34738364815711975,-0.09921591728925705,0.04529872536659241,0.941855788230896,-0.007467241957783699,-0.5900000000000001,-0.10612363368272781,-0.018644234165549278,0.3398052155971527,1.158387541770935,0.04407511651515961,-0.175522118806839,-0.28081339597702026,-0.43734613060951233,-0.14999999999999997
3.159348726272583,0.46213698387145996,0.6355496048927307,0.013753128238022327,-0.008910092525184155,-0.0329178087413311,-0.9993236660957336,-0.6729145050048828,0.050237059593200684,-0.19340702891349792,0.9130012392997742,-0.07961118221282959,-0.292642742395401,-0.3348879814147949,-0.11168523877859116,0.051809560507535934,0.9131841063499451,-0.002333331387490034,-0.5844740867614746,-0.09471022337675095,-0.03483312204480171,0.3625398576259613,1.1466864347457886,0.09264683723449707,-0.16990886628627777,-0.31104984879493713,-0.4658840596675873,-0.14999999999999997
3.1630282402038574,0.4678797125816345,0.6416406631469727,0.012438383884727955,-0.009379246272146702,-0.03335871547460556,-0.9993219971656799,-0.6399957537651062,0.04542917758226395,-0.17144300043582916,0.8701853156089783,-0.06605766713619232,-0.2805565595626831,-0.3257559835910797,-0.12156231701374054,0.05968630313873291,0.8991629481315613,0.004224490839987993,-0.5393028259277344,-0.08569693565368652,-0.04652318358421326,0.3845904767513275,1.1328797340393066,0.14096806943416595,-0.16340143978595734,-0.3360435366630554,-0.49476760625839233,-0.14905662834644318
3.166860342025757,0.4731835126876831,0.6476664543151855,0.01207148190587759,-0.008501884527504444,-0.034512072801589966,-0.999295175075531,-0.6045591831207275,0.04197178781032562,-0.15327616035938263,0.8268092274665833,-0.05442924425005913,-0.2682959735393524,-0.31672435998916626,-0.12831944227218628,0.06784573942422867,0.8928213715553284,0.009349176660180092,-0.4882141649723053,-0.07782824337482452,-0.055183958262205124,0.4068703353404999,1.1195299625396729,0.18769845366477966,-0.15651370584964752,-0.35657134652137756,-0.5214425921440125,-0.12554685771465302
3.170696973800659,0.47830435633659363,0.653351366519928,0.012231286615133286,-0.007137462496757507,-0.03549584373831749,-0.999269425868988,-0.5691104531288147,0.039391156286001205,-0.1368297040462494,0.7845544219017029,-0.04394529387354851,-0.25655224919319153,-0.3063243329524994,-0.1343269795179367,0.07264815270900726,0.8852745294570923,0.017778202891349792,-0.4434826970100403,-0.06915844976902008,-0.06318900734186172,0.4284170866012573,1.109320878982544,0.23102515935897827,-0.14982730150222778,-0.3742607831954956,-0.5436612367630005,-0.09905339032411575
3.1743929386138916,0.48340949416160583,0.6585214138031006,0.012353097088634968,-0.0059000723995268345,-0.03536496311426163,-0.9992806315422058,-0.5349860787391663,0.03708665445446968,-0.11959164589643478,0.7441122531890869,-0.03394157439470291,-0.2456783503293991,-0.294647753238678,-0.14079761505126953,0.07539509236812592,0.8731179237365723,0.02467697486281395,-0.4037490487098694,-0.057712405920028687,-0.07215621322393417,0.4478939175605774,1.1024971008300781,0.2710513770580292,-0.14300546050071716,-0.3904975354671478,-0.5606136322021484,-0.07167111337184906
3.177962303161621,0.4885540008544922,0.6632106900215149,0.012198783457279205,-0.004774481989443302,-0.03417520225048065,-0.9993299245834351,-0.5016797780990601,0.034395456314086914,-0.10100791603326797,0.7048804759979248,-0.024120211601257324,-0.23543602228164673,-0.2818906605243683,-0.14786553382873535,0.07848577201366425,0.857147753238678,0.030789105221629143,-0.3686167597770691,-0.043729763478040695,-0.08252201229333878,0.4643043279647827,1.0968213081359863,0.30889803171157837,-0.13480563461780548,-0.40615513920783997,-0.5729319453239441,-0.04506482183933258
3.181417942047119,0.49371278285980225,0.6675747036933899,0.011908258311450481,-0.003704148344695568,-0.03256775066256523,-0.9993916153907776,-0.4686967134475708,0.031007684767246246,-0.08218378573656082,0.6655359864234924,-0.014485086314380169,-0.2249382585287094,-0.2683059275150299,-0.15528330206871033,0.08170481771230698,0.8388671875,0.03629147261381149,-0.336173415184021,-0.02890777587890625,-0.09426695108413696,0.47755634784698486,1.0902820825576782,0.34497490525245667,-0.1247064396739006,-0.4215002954006195,-0.5825876593589783,-0.020304497331380844
3.184746265411377,0.4988064765930176,0.671814501285553,0.011867550201714039,-0.002785666147246957,-0.03120325691998005,-0.9994387030601501,-0.4359646439552307,0.027250986546278,-0.06475585699081421,0.6245503425598145,-0.005274681374430656,-0.21305760741233826,-0.2547123432159424,-0.1623196005821228,0.08370352536439896,0.819622814655304,0.04222403094172478,-0.30351755023002625,-0.015074433758854866,-0.10734834522008896,0.48903048038482666,1.082502841949463,0.3800090253353119,-0.11366008967161179,-0.43654659390449524,-0.5921609997749329,0.002543751848861575
3.1879055500030518,0.5037512183189392,0.6760344505310059,0.012484130449593067,-0.002223363146185875,-0.03035971149802208,-0.9994585514068604,-0.40404513478279114,0.023912984877824783,-0.04984250292181969,0.5814023017883301,0.0032513269688934088,-0.19926129281520844,-0.24261227250099182,-0.1679137796163559,0.08428482711315155,0.8010870218276978,0.04801438748836517,-0.2685198485851288,-0.003012143075466156,-0.12184569239616394,0.5002979636192322,1.07395339012146,0.41359665989875793,-0.10292831063270569,-0.4511658549308777,-0.6035646200180054,0.02338685467839241
3.1908867359161377,0.5085088610649109,0.6801954507827759,0.0139957619830966,-0.002103193895891309,-0.02986925281584263,-0.9994535446166992,-0.3736353814601898,0.021816527470946312,-0.03749050572514534,0.5370698571205139,0.010957087390124798,-0.18404357135295868,-0.23261095583438873,-0.17132216691970825,0.08388612419366837,0.783716082572937,0.052632901817560196,-0.23102673888206482,0.007720149587839842,-0.13756445050239563,0.512283980846405,1.0650519132614136,0.4443814158439636,-0.09283622354269028,-0.46519777178764343,-0.6174576282501221,0.041879937052726746
3.193695068359375,0.5131022334098816,0.6841627359390259,0.01640218123793602,-0.002424921141937375,-0.02935173362493515,-0.9994314908981323,-0.34548911452293396,0.02134287729859352,-0.02699686400592327,0.4934813976287842,0.017926426604390144,-0.1685638427734375,-0.22446481883525848,-0.1724422425031662,0.08304466307163239,0.7668798565864563,0.05537233501672745,-0.19248588383197784,0.018119482323527336,-0.1541556417942047,0.525137186050415,1.0560563802719116,0.47095227241516113,-0.08306890726089478,-0.4791004955768585,-0.6336073279380798,0.05844958871603012
3.196342945098877,0.5175843834877014,0.687796950340271,0.019494593143463135,-0.0030995451379567385,-0.028459735214710236,-0.9994000196456909,-0.3200705945491791,0.02230939455330372,-0.01742122508585453,0.4525555670261383,0.02434375509619713,-0.15403209626674652,-0.2174045294523239,-0.17169252038002014,0.08242139965295792,0.7496566772460938,0.05581843480467796,-0.15495793521404266,0.029136136174201965,-0.17114686965942383,0.5382013916969299,1.0469377040863037,0.49231621623039246,-0.07312614470720291,-0.4939325451850891,-0.651462733745575,0.07443785667419434
3.1988437175750732,0.5219676494598389,0.6909841299057007,0.022967584431171417,-0.004007758107036352,-0.02701411210000515,-0.9993630051612854,-0.2977403998374939,0.02422146126627922,-0.008113385178148746,0.41597720980644226,0.030349483713507652,-0.14144331216812134,-0.2106090635061264,-0.16970477998256683,0.08243140578269958,0.7312911748886108,0.05411752685904503,-0.12042755633592606,0.04136113077402115,-0.1880338191986084,0.550366222858429,1.037360429763794,0.5076962113380432,-0.06234104186296463,-0.5106033682823181,-0.6706344485282898,0.09117014706134796
3.2011797428131104,0.5261870622634888,0.6936264634132385,0.026376092806458473,-0.005128288175910711,-0.025157012045383453,-0.9993222951889038,-0.2789788246154785,0.02614731527864933,0.0008907176088541746,0.38485631346702576,0.03603385016322136,-0.13131587207317352,-0.20495662093162537,-0.16699889302253723,0.08453760296106339,0.7137723565101624,0.04743504524230957,-0.09081638604402542,0.054641734808683395,-0.2045527845621109,0.560947835445404,1.0271213054656982,0.5179970860481262,-0.0499771349132061,-0.5292540192604065,-0.6908189654350281,0.10840146988630295
3.2033650875091553,0.5301594138145447,0.6956654787063599,0.02899300493299961,-0.006285355892032385,-0.023321691900491714,-0.9992876648902893,-0.26296496391296387,0.0264593493193388,0.009425820782780647,0.35845816135406494,0.0415433868765831,-0.12319371104240417,-0.20204734802246094,-0.1651027947664261,0.08923564851284027,0.7009817957878113,0.03728315979242325,-0.06688426434993744,0.06796000152826309,-0.21996107697486877,0.5697633028030396,1.016676425933838,0.5252066254615784,-0.03525356203317642,-0.5495738983154297,-0.7109612822532654,0.12419360131025314
3.2054495811462402,0.5337797403335571,0.697212815284729,0.030552150681614876,-0.007234734948724508,-0.021821942180395126,-0.9992687106132507,-0.2478703111410141,0.024659398943185806,0.017438609153032303,0.3343723714351654,0.04702775925397873,-0.11588651686906815,-0.20367689430713654,-0.16446004807949066,0.09633595496416092,0.7013685703277588,0.02891007624566555,-0.0721142366528511,0.08050093799829483,-0.2337050586938858,0.5776945948600769,1.006354808807373,0.5302649140357971,-0.018127577379345894,-0.5705514550209045,-0.7308358550071716,0.1377096176147461
3.2075188159942627,0.5369716286659241,0.6984760761260986,0.03133098781108856,-0.007710538804531097,-0.020681127905845642,-0.9992652535438538,-0.2319054901599884,0.021585384383797646,0.025028012692928314,0.3104709982872009,0.05194484815001488,-0.10848968476057053,-0.20761458575725555,-0.16482612490653992,0.10261461138725281,0.7077394127845764,0.025372130796313286,-0.08609120547771454,0.09174791723489761,-0.24599747359752655,0.5871179699897766,0.9952775835990906,0.5346487164497375,6.663269596174359e-05,-0.5905498266220093,-0.7508814334869385,0.14918175339698792
3.2095794677734375,0.5396770238876343,0.6995501518249512,0.03165413811802864,-0.007793398108333349,-0.01971062831580639,-0.9992740154266357,-0.21526622772216797,0.01815273053944111,0.03227105364203453,0.29000000000000004,0.05605990067124367,-0.10111569613218307,-0.2134190946817398,-0.16535794734954834,0.10679300874471664,0.7145009636878967,0.024391520768404007,-0.08616268634796143,0.10151021927595139,-0.25813204050064087,0.599694013595581,0.982500433921814,0.538917064666748,0.016492459923028946,-0.6088290810585022,-0.771012544631958,0.16025052964687347
3.211681604385376,0.5418897271156311,0.7004629969596863,0.031646374613046646,-0.007445532362908125,-0.01864297315478325,-0.9992974996566772,-0.19784459471702576,0.014789127744734287,0.03965708240866661,0.29000000000000004,0.05930913984775543,-0.09417568147182465,-0.22207871079444885,-0.16563552618026733,0.10916446149349213,0.7242710590362549,0.02388949692249298,-0.0845426544547081,0.11039991676807404,-0.2703401446342468,0.6149137616157532,0.9675486087799072,0.541898250579834,0.03010181523859501,-0.625745415687561,-0.791574239730835,0.1729535013437271
3.2138774394989014,0.5436504483222961,0.7012267112731934,0.031277846544981,-0.006669399328529835,-0.017406249418854713,-0.999336838722229,-0.17931583523750305,0.011358261108398438,0.04749073460698128,0.29000000000000004,0.061819806694984436,-0.08756034821271896,-0.23395586013793945,-0.1661236584186554,0.10997456312179565,0.7369489073753357,0.024135472252964973,-0.09360549598932266,0.11860677599906921,-0.2824859321117401,0.6312938928604126,0.9522151350975037,0.5430499911308289,0.04181571677327156,-0.6418541073799133,-0.8124373555183411,0.18753263354301453
3.2161593437194824,0.5450080633163452,0.7018064856529236,0.03050372004508972,-0.005664024502038956,-0.01622890681028366,-0.9993867874145508,-0.16055959463119507,0.007554357871413231,0.055165134370326996,0.29000000000000004,0.06373048573732376,-0.08142292499542236,-0.24874036014080048,-0.16736675798892975,0.10898729413747787,0.7481832504272461,0.02460573799908161,-0.10305116325616837,0.12515275180339813,-0.2949906885623932,0.6476976275444031,0.9394186735153198,0.5434139966964722,0.052014224231243134,-0.6572816371917725,-0.8321182727813721,0.20292004942893982
3.218557834625244,0.5459924936294556,0.7021763324737549,0.029312007129192352,-0.004388231784105301,-0.015293222852051258,-0.9994435906410217,-0.14198105037212372,0.0032892038580030203,0.062262218445539474,0.29000000000000004,0.06509961187839508,-0.07626114785671234,-0.265354186296463,-0.1694296896457672,0.10600171983242035,0.7564690709114075,0.023237304762005806,-0.10805576294660568,0.12944231927394867,-0.30760279297828674,0.6625043153762817,0.9301214218139648,0.5423750877380371,0.0606219545006752,-0.6718896627426147,-0.8487668633460999,0.21900911629199982
3.2211291790008545,0.5466066002845764,0.7023534178733826,0.02769056148827076,-0.0026870041619986296,-0.014690786600112915,-0.9995049238204956,-0.12311600148677826,-0.0014380395878106356,0.06871820241212845,0.29000000000000004,0.06586921215057373,-0.07222944498062134,-0.2829445004463196,-0.17216771841049194,0.10147850960493088,0.7639379501342773,0.01920933648943901,-0.11312881112098694,0.1315087378025055,-0.3194759488105774,0.6744218468666077,0.92354816198349,0.539018988609314,0.067599356174469,-0.6852612495422363,-0.8610971570014954,0.23593781888484955
3.223844051361084,0.5468414425849915,0.7023459076881409,0.02561848610639572,-0.0007365582277998328,-0.014552991837263107,-0.9995654821395874,-0.10437874495983124,-0.0066883619874715805,0.07413545995950699,0.29000000000000004,0.06608106195926666,-0.06896115094423294,-0.3014572560787201,-0.17543333768844604,0.0964922159910202,0.771293044090271,0.013169676996767521,-0.11664287000894547,0.13116200268268585,-0.33018025755882263,0.6833574175834656,0.9194323420524597,0.533840537071228,0.07217820733785629,-0.6969931721687317,-0.8682627081871033,0.252920001745224
3.226641893386841,0.5466946959495544,0.7021448612213135,0.023061372339725494,0.0011003115214407444,-0.014966212213039398,-0.9996213912963867,-0.08691063523292542,-0.012532475404441357,0.07803861796855927,0.29000000000000004,0.06575252115726471,-0.06637636572122574,-0.321406751871109,-0.17896220088005066,0.09245920181274414,0.7781141996383667,0.005676602944731712,-0.11581461131572723,0.12823309004306793,-0.3397056460380554,0.6897808313369751,0.9180610775947571,0.5279222130775452,0.07351400703191757,-0.7068620920181274,-0.8703435063362122,0.2688923180103302
3.229513645172119,0.5461650490760803,0.7017497420310974,0.02000027894973755,0.0026231075171381235,-0.01591545157134533,-0.9996697902679443,-0.0712762251496315,-0.018963778391480446,0.08031702041625977,0.29000000000000004,0.06506504118442535,-0.06449250876903534,-0.3430786728858948,-0.18247489631175995,0.09037085622549057,0.7844756841659546,-0.002457957249134779,-0.11411978304386139,0.12311486154794693,-0.34800630807876587,0.6943380832672119,0.918754518032074,0.5222305655479431,0.07194148004055023,-0.7147313356399536,-0.868759274482727,0.28342506289482117
3.232487440109253,0.5452409982681274,0.7011883854866028,0.01645180769264698,0.0037672684993594885,-0.017386451363563538,-0.9997062683105469,-0.057314809411764145,-0.025874121114611626,0.08101189136505127,0.29000000000000004,0.06388748437166214,-0.06311803311109543,-0.3665516674518585,-0.18580012023448944,0.09021181613206863,0.7910180687904358,-0.009782884269952774,-0.11656207591295242,0.11641935259103775,-0.35499680042266846,0.6979355216026306,0.9202774167060852,0.5176360607147217,0.06841059029102325,-0.7204693555831909,-0.8655592203140259,0.2965646982192993
3.235596179962158,0.5438989400863647,0.7004897594451904,0.012473986484110355,0.004500978626310825,-0.01938546821475029,-0.9997241497039795,-0.04488564282655716,-0.033043161034584045,0.08011823892593384,0.29000000000000004,0.06212608516216278,-0.0621291846036911,-0.3916304111480713,-0.18880416452884674,0.09112095087766647,0.7975742816925049,-0.015256382524967194,-0.1239345446228981,0.10856610536575317,-0.36059266328811646,0.7015478014945984,0.9218531250953674,0.5145207047462463,0.06359800696372986,-0.7239246964454651,-0.8619222640991211,0.3081834614276886
3.2388696670532227,0.5421201586723328,0.6996665000915527,0.0081314193084836,0.004821145907044411,-0.02188609540462494,-0.9997157454490662,-0.03421461954712868,-0.04021488502621651,0.07765214890241623,0.29000000000000004,0.05970479175448418,-0.06186547875404358,-0.41761401295661926,-0.19142968952655792,0.09191960841417313,0.8024700284004211,-0.01858966052532196,-0.13421812653541565,0.09993712604045868,-0.36486661434173584,0.7057756781578064,0.9227481484413147,0.512344479560852,0.058027926832437515,-0.7251047492027283,-0.8576708436012268,0.31815803050994873
3.242331027984619,0.5399103760719299,0.6987105011940002,0.0034301565028727055,0.004780743736773729,-0.024806495755910873,-0.9996748566627502,-0.025540277361869812,-0.04730921983718872,0.0737922266125679,0.29000000000000004,0.056631021201610565,-0.06288665533065796,-0.4430672228336334,-0.1939324289560318,0.09159444272518158,0.802804708480835,-0.01943075843155384,-0.14545921981334686,0.09097633510828018,-0.36788231134414673,0.7107566595077515,0.9223782420158386,0.5103327631950378,0.05203630402684212,-0.7245135307312012,-0.8520204424858093,0.3267659544944763
3.2459957599639893,0.5372979044914246,0.697594404220581,-0.0016985124675557017,0.004453812725841999,-0.02807915024459362,-0.9995942115783691,-0.019043244421482086,-0.054481010884046555,0.06869632750749588,0.29000000000000004,0.05296015739440918,-0.06570471823215485,-0.4657497704029083,-0.19694600999355316,0.08942052721977234,0.7949078679084778,-0.01717960648238659,-0.1560511291027069,0.08189927786588669,-0.36924833059310913,0.7163856029510498,0.9212220907211304,0.5081430673599243,0.04525681957602501,-0.7230591773986816,-0.8444526791572571,0.3343196213245392
3.2498505115509033,0.5343174338340759,0.6962761878967285,-0.007352153304964304,0.003867665771394968,-0.031716201454401016,-0.9994623064994812,-0.014985298737883568,-0.06,0.06233977526426315,0.29000000000000004,0.048928242176771164,-0.07062233239412308,-0.4831000566482544,-0.2012411653995514,0.08491799980401993,0.7756104469299316,-0.01167806051671505,-0.16486641764640808,0.0725552886724472,-0.3680150806903839,0.7224062085151672,0.9209885001182556,0.5058077573776245,0.036574963480234146,-0.7217388153076172,-0.8352076411247253,0.341022253036499
3.2538599967956543,0.5309982895851135,0.6947295069694519,-0.013644322752952576,0.0029835356399416924,-0.03578992187976837,-0.9992616772651672,-0.01360270194709301,-0.06,0.05452560633420944,0.29000000000000004,0.04428868368268013,-0.07760214805603027,-0.4928724765777588,-0.20750276744365692,0.07790490984916687,0.7434185147285461,-0.003716972889378667,-0.17156922817230225,0.06260514259338379,-0.36290666460990906,0.7284489274024963,0.9239878058433533,0.503776490688324,0.02456403337419033,-0.7213554382324219,-0.8254361748695374,0.34671077132225037
3.2579948902130127,0.5273637175559998,0.692912220954895,-0.020688563585281372,0.0018133006524294615,-0.04027428478002548,-0.9989726543426514,-0.014578711241483688,-0.06,0.04539438709616661,0.29000000000000004,0.03925812244415283,-0.08639414608478546,-0.49318403005599976,-0.21601706743240356,0.06862297654151917,0.6979302763938904,0.00484241871163249,-0.176479309797287,0.05195695534348488,-0.35277238488197327,0.7343375086784363,0.9317506551742554,0.5031765699386597,0.008348054252564907,-0.722447395324707,-0.8167998194694519,0.35071060061454773
3.2622509002685547,0.5234715938568115,0.6907680034637451,-0.028687069192528725,0.0004376528086140752,-0.044931065291166306,-0.9985779523849487,-0.016933387145400047,-0.06,0.03560599684715271,0.29000000000000004,0.03393320366740227,-0.0963849425315857,-0.4827203154563904,-0.22660908102989197,0.05804911255836487,0.6383452415466309,0.011479482054710388,-0.17905469238758087,0.04115677997469902,-0.3373410105705261,0.7397844791412354,0.9436444044113159,0.5054935216903687,-0.011765806935727596,-0.7255114316940308,-0.8107424974441528,0.3530614376068115
3.2666428089141846,0.5193939805030823,0.6882517337799072,-0.037905607372522354,-0.0010070411954075098,-0.049645982682704926,-0.9980468153953552,-0.01889718323945999,-0.06,0.02569013461470604,0.29000000000000004,0.028486499562859535,-0.10634014755487442,-0.46208229660987854,-0.23879359662532806,0.047701481729745865,0.5669783353805542,0.013300457037985325,-0.18018080294132233,0.0306965671479702,-0.31792667508125305,0.7443258166313171,0.9563313722610474,0.51222825050354,-0.03416548669338226,-0.730309009552002,-0.8079517483711243,0.3538142740726471
3.270925760269165,0.5150047540664673,0.6857613325119019,-0.047036878764629364,-0.0028439911548048258,-0.05432923138141632,-0.9974104762077332,-0.021219756454229355,-0.06,0.015427673235535622,0.29000000000000004,0.02286161668598652,-0.11491503566503525,-0.4369916319847107,-0.2514715790748596,0.04138084128499031,0.5061537027359009,0.024462731555104256,-0.1273714154958725,0.020763691514730453,-0.29749736189842224,0.7486154437065125,0.965488851070404,0.5220708847045898,-0.05816469341516495,-0.732184112071991,-0.8079870939254761,0.35350683331489563
3.27466082572937,0.5099307894706726,0.6849597692489624,-0.050953950732946396,-0.005353892222046852,-0.05902035906910896,-0.996941089630127,-0.025065423920750618,-0.06,0.004020801745355129,0.29000000000000004,0.018946107476949692,-0.1176295280456543,-0.4231649935245514,-0.25828227400779724,0.0377979502081871,0.4861075282096863,0.09469154477119446,-0.09779563546180725,0.010926276445388794,-0.2792339622974396,0.7583293318748474,0.9681276679039001,0.5343255996704102,-0.0853118970990181,-0.7208899259567261,-0.8081426620483398,0.3571493327617645
3.277928352355957,0.5048335790634155,0.6857195496559143,-0.05138560011982918,-0.007629311643540859,-0.06255091726779938,-0.9966887831687927,-0.031085660681128502,-0.06,-0.005074583925306797,0.29000000000000004,0.020229417830705643,-0.12668326497077942,-0.40996819734573364,-0.25540581345558167,0.024902328848838806,0.47140124440193176,0.12393974512815475,-0.09818214923143387,0.0026629462372511625,-0.2587220370769501,0.7671472430229187,0.971208393573761,0.5508384704589844,-0.1145472601056099,-0.6975162625312805,-0.8054203987121582,0.3531564474105835
3.2806572914123535,0.5006847977638245,0.6879028677940369,-0.05111493170261383,-0.009569627232849598,-0.06483770906925201,-0.9965398907661438,-0.0396580845117569,-0.06,-0.009150570258498192,0.29000000000000004,0.019045675173401833,-0.14035780727863312,-0.3954707086086273,-0.24969422817230225,0.008617992512881756,0.4520648121833801,0.11637689918279648,-0.09440204501152039,-0.005600217264145613,-0.23195485770702362,0.7660661935806274,0.9839285016059875,0.5677651166915894,-0.15194080770015717,-0.6674836874008179,-0.798090398311615,0.3414747416973114
3.282891035079956,0.4974895119667053,0.6901273131370544,-0.0510551743209362,-0.011378319002687931,-0.06604482233524323,-0.996444582939148,-0.04703504219651222,-0.06,-0.00836652610450983,0.29000000000000004,0.013905500061810017,-0.14429177343845367,-0.3799095153808594,-0.24493232369422913,-0.005440244916826487,0.4274660348892212,0.1099667027592659,-0.08652498573064804,-0.013597225770354271,-0.2023693472146988,0.7557476162910461,1.0003057718276978,0.5813667178153992,-0.19592499732971191,-0.6399651765823364,-0.7872695326805115,0.32887783646583557
3.2847187519073486,0.4950820803642273,0.6917185187339783,-0.050949353724718094,-0.012743479572236538,-0.06677459925413132,-0.9963849186897278,-0.05153766646981239,-0.06,-0.005004372913390398,0.29000000000000004,0.0074760220013558865,-0.13212615251541138,-0.3682020604610443,-0.2409236580133438,-0.015522206202149391,0.40901148319244385,0.10535164177417755,-0.08066431432962418,-0.020644329488277435,-0.17784716188907623,0.7397681474685669,1.0085338354110718,0.592166006565094,-0.24262385070323944,-0.6198464035987854,-0.7691571712493896,0.3226918876171112
3.2863118648529053,0.49331334233283997,0.6922478675842285,-0.0505446158349514,-0.013192909769713879,-0.06775832176208496,-0.9963333010673523,-0.0516277477145195,-0.06,-0.0007473009172827005,0.29000000000000004,0.002159613184630871,-0.10823769867420197,-0.363004207611084,-0.237657830119133,-0.021405646577477455,0.4054506719112396,0.10236576944589615,-0.082002192735672,-0.027523834258317947,-0.1595039814710617,0.7212491631507874,1.0109120607376099,0.6009394526481628,-0.28756216168403625,-0.6060070991516113,-0.7465323209762573,0.3217962980270386
3.287860631942749,0.49199339747428894,0.691408097743988,-0.049508899450302124,-0.01217542216181755,-0.06871605664491653,-0.996332585811615,-0.04728766158223152,-0.06,0.006070752162486315,0.29000000000000004,0.00010453640425112098,-0.10130112618207932,-0.36565732955932617,-0.23407889902591705,-0.021981259807944298,0.4222785532474518,0.1001882329583168,-0.09410929679870605,-0.03447749465703964,-0.14201761782169342,0.7053687572479248,1.0149661302566528,0.6101576685905457,-0.3299022614955902,-0.5966126322746277,-0.720203697681427,0.32327666878700256
3.2893307209014893,0.4911142885684967,0.6893035769462585,-0.04813702777028084,-0.009850611910223961,-0.06941290199756622,-0.9963772296905518,-0.03862713277339935,-0.06,0.01423611305654049,0.29000000000000004,0.005048813764005899,-0.12143530696630478,-0.3749925196170807,-0.23063276708126068,-0.017489392310380936,0.4561786949634552,0.09914632886648178,-0.11488589644432068,-0.041403308510780334,-0.12232549488544464,0.6918528079986572,1.02505362033844,0.6165207028388977,-0.37041810154914856,-0.5898258090019226,-0.689773440361023,0.3237980604171753
3.2904815673828125,0.49062418937683105,0.6860301494598389,-0.0465378612279892,-0.00724822236225009,-0.06949932873249054,-0.9964694976806641,-0.028830597177147865,-0.06,0.02212338335812092,0.29000000000000004,0.015556677244603634,-0.14982877671718597,-0.39170700311660767,-0.2269299179315567,-0.007730689365416765,0.5022899508476257,0.09900415688753128,-0.1409204751253128,-0.0470389686524868,-0.1022660955786705,0.6787585616111755,1.0416054725646973,0.6162957549095154,-0.40832409262657166,-0.5830233097076416,-0.658555269241333,0.3192540109157562
3.2914648056030273,0.4907732903957367,0.6833748817443848,-0.047160882502794266,-0.004831871949136257,-0.06878870725631714,-0.9965040683746338,-0.024109160527586937,-0.06,0.026689743623137474,0.29000000000000004,0.02268838882446289,-0.17232061922550201,-0.41256916522979736,-0.22825941443443298,0.007238967809826136,0.5507871508598328,0.09881559759378433,-0.16083718836307526,-0.05044034868478775,-0.08244703710079193,0.6577451229095459,1.0641067028045654,0.6096969246864319,-0.43977391719818115,-0.5739976167678833,-0.6299723982810974,0.3010874390602112
3.29276442527771,0.49115535616874695,0.6816717386245728,-0.050709258764982224,-0.002902669832110405,-0.06691139191389084,-0.9964652061462402,-0.026804765686392784,-0.06,0.03122112900018692,0.29000000000000004,0.02392679639160633,-0.18747958540916443,-0.44033288955688477,-0.23582583665847778,0.026566525921225548,0.6030095815658569,0.09267807006835938,-0.17432820796966553,-0.05146500840783119,-0.0639721229672432,0.6314285397529602,1.0907297134399414,0.5983654260635376,-0.4605373442173004,-0.5601508021354675,-0.6063671708106995,0.26415491104125977
3.29438853263855,0.4910653829574585,0.6794204711914062,-0.05470193177461624,-0.0020534091163426638,-0.06547117978334427,-0.9963517785072327,-0.03697586804628372,-0.06,0.03370371460914612,0.29000000000000004,0.02420779876410961,-0.2080346941947937,-0.4820519685745239,-0.24565912783145905,0.04624905064702034,0.6645838618278503,0.08639895170927048,-0.19347773492336273,-0.05543501675128937,-0.047184158116579056,0.6085662245750427,1.1214040517807007,0.5792558789253235,-0.47082000970840454,-0.5379873514175415,-0.589900016784668,0.2131342738866806
3.296504020690918,0.49045029282569885,0.6766539216041565,-0.05898784473538399,-0.0017455138731747866,-0.0656246542930603,-0.9960976839065552,-0.05150613561272621,-0.06,0.03240853175520897,0.29000000000000004,0.023504620417952538,-0.23213110864162445,-0.5326976776123047,-0.2582061290740967,0.06319061666727066,0.7261070609092712,0.08255385607481003,-0.2151743322610855,-0.06656460464000702,-0.0300227589905262,0.5881237387657166,1.1550129652023315,0.5509790778160095,-0.472110390663147,-0.5067822337150574,-0.5785907506942749,0.15393610298633575
3.299164056777954,0.489348441362381,0.6734283566474915,-0.06364105641841888,-0.0015253124292939901,-0.06749625504016876,-0.995686411857605,-0.06706552952528,-0.06,0.02756471559405327,0.329073429107666,0.02212185598909855,-0.2577117383480072,-0.5848760604858398,-0.27235519886016846,0.07604886591434479,0.779025137424469,0.0776156410574913,-0.2297513484954834,-0.08582641929388046,-0.011245283298194408,0.5645537376403809,1.1884726285934448,0.5086115598678589,-0.4675564467906952,-0.4658086597919464,-0.5696808695793152,0.08807732909917831
3.302377223968506,0.4878062307834625,0.6697143912315369,-0.06882812827825546,-0.0011399919167160988,-0.06979043781757355,-0.9951836466789246,-0.08176407217979431,-0.06,0.02200629562139511,0.3725545108318329,0.019975341856479645,-0.28455933928489685,-0.6326908469200134,-0.2853669226169586,0.08741981536149979,0.819895327091217,0.0705181434750557,-0.24288077652454376,-0.10987167060375214,0.008527378551661968,0.5362415313720703,1.2185704708099365,0.4599810838699341,-0.4593542516231537,-0.4165392220020294,-0.5592635869979858,0.018443439155817032
3.3061020374298096,0.4859279990196228,0.665368914604187,-0.074785016477108,-0.0005121321883052588,-0.0716085359454155,-0.9946250319480896,-0.09543342888355255,-0.06,0.017556780949234962,0.41756266355514526,0.01711984910070896,-0.31338754296302795,-0.6718810200691223,-0.2957875430583954,0.09977633506059647,0.8475254774093628,0.06284032762050629,-0.2578704357147217,-0.13542665541172028,0.02818971499800682,0.5031282901763916,1.244370460510254,0.41142410039901733,-0.4487302005290985,-0.36354196071624756,-0.5445956587791443,-0.049655698239803314
3.3102385997772217,0.48380565643310547,0.660202145576477,-0.08161397278308868,2.5021117835422046e-05,-0.07303643226623535,-0.9939842820167542,-0.10987479984760284,-0.06,0.013941270299255848,0.46600237488746643,0.013791322708129883,-0.3449459373950958,-0.7014973163604736,-0.3036249876022339,0.11360720545053482,0.8644104599952698,0.05594352260231972,-0.27900049090385437,-0.16158778965473175,0.04740001633763313,0.4639770984649658,1.2678133249282837,0.3579966425895691,-0.43746593594551086,-0.3112673759460449,-0.5252079963684082,-0.11350492388010025
3.314553737640381,0.48134341835975647,0.6544262170791626,-0.08861871808767319,-0.00018110436212737113,-0.07387351244688034,-0.9933223128318787,-0.1264653205871582,-0.06,0.011077354662120342,0.516653835773468,0.009798070415854454,-0.37807491421699524,-0.7240852117538452,-0.3099839687347412,0.1319422721862793,0.888924241065979,0.05810548737645149,-0.28310859203338623,-0.1873469203710556,0.06593627482652664,0.4189761281013489,1.291473388671875,0.29448235034942627,-0.4259350299835205,-0.26046130061149597,-0.5030518770217896,-0.14999999999999997
3.3190534114837646,0.47828322649002075,0.648666262626648,-0.09426866471767426,-0.0011891095200553536,-0.07482440769672394,-0.9927301406860352,-0.14438623189926147,-0.06,0.006610451266169548,0.56646329164505,0.0042816391214728355,-0.4108152687549591,-0.7445343732833862,-0.3142097294330597,0.15343336760997772,0.9237219095230103,0.07566763460636139,-0.2680569291114807,-0.21342261135578156,0.08484792709350586,0.3723985254764557,1.316123366355896,0.22629402577877045,-0.4110766649246216,-0.20989860594272614,-0.48056674003601074,-0.14999999999999997
3.3237528800964355,0.47471779584884644,0.6434772610664368,-0.0978742316365242,-0.0024984991177916527,-0.07664366066455841,-0.9922398328781128,-0.16105076670646667,-0.06,-0.0012585201766341925,0.6117004156112671,-0.0029550367034971714,-0.4409579336643219,-0.767098069190979,-0.3140661418437958,0.17162196338176727,0.969849705696106,0.09121637046337128,-0.29125460982322693,-0.2403441071510315,0.10579322278499603,0.326288104057312,1.3407331705093384,0.16009588539600372,-0.39079657196998596,-0.16027414798736572,-0.45849552750587463,-0.14999999999999997
3.3283286094665527,0.4712008535861969,0.6390830874443054,-0.09961207211017609,-0.003854314098134637,-0.07790618389844894,-0.9919642210006714,-0.1748122274875641,-0.06,-0.00914414506405592,0.6500124931335449,-0.010854441672563553,-0.4677261412143707,-0.7860892415046692,-0.3115103840827942,0.17917287349700928,1.0126028060913086,0.08563616126775742,-0.32081273198127747,-0.26553887128829956,0.13127243518829346,0.2813682556152344,1.3631610870361328,0.10331343859434128,-0.37056484818458557,-0.11733097583055496,-0.43386730551719666,-0.14999999999999997
3.3325023651123047,0.4679141342639923,0.6354168057441711,-0.10020145028829575,-0.00554567389190197,-0.0782608911395073,-0.9918689131736755,-0.18666310608386993,-0.06,-0.015759795904159546,0.6815321445465088,-0.0185956209897995,-0.4906855523586273,-0.8008267283439636,-0.30648255348205566,0.18341387808322906,1.0464258193969727,0.08075524866580963,-0.3449697196483612,-0.2889256179332733,0.16097582876682281,0.24041229486465454,1.3809103965759277,0.06355620175600052,-0.3569658398628235,-0.08465372771024704,-0.40588095784187317,-0.14999999999999997
3.336327075958252,0.4648013710975647,0.6324108839035034,-0.10028740763664246,-0.0076239085756242275,-0.07852616906166077,-0.991825520992279,-0.19689595699310303,-0.06,-0.022379416972398758,0.7064529061317444,-0.02596777305006981,-0.5095512270927429,-0.8126953840255737,-0.3011277914047241,0.18477831780910492,1.07341468334198,0.07559628784656525,-0.36516985297203064,-0.3107530474662781,0.19210505485534668,0.20621155202388763,1.3927348852157593,0.04397493600845337,-0.34594714641571045,-0.05752086639404297,-0.3791349530220032,-0.14999999999999997
3.3398525714874268,0.4618649184703827,0.6302933692932129,-0.10001730173826218,-0.009590229950845242,-0.07898584008216858,-0.9917992353439331,-0.20579636096954346,-0.06,-0.02985827811062336,0.7272382378578186,-0.034031447023153305,-0.5222855806350708,-0.8198149800300598,-0.2964964807033539,0.18245775997638702,1.0928860902786255,0.0702948123216629,-0.38148847222328186,-0.3296589255332947,0.2223665714263916,0.18292614817619324,1.3979061841964722,0.04487626627087593,-0.33910199999809265,-0.039108265191316605,-0.3587550222873688,-0.14999999999999997
3.343066453933716,0.4591851830482483,0.6291701793670654,-0.09973692893981934,-0.011483735404908657,-0.0793425664305687,-0.9917788505554199,-0.2154293656349182,-0.06,-0.03868858143687248,0.747951328754425,-0.044758763164281845,-0.5280975699424744,-0.8228996992111206,-0.2927808463573456,0.1780247688293457,1.1048038005828857,0.06507477909326553,-0.3936484456062317,-0.3432403802871704,0.24837400019168854,0.17411501705646515,1.3967329263687134,0.06056513264775276,-0.3400838077068329,-0.03298098221421242,-0.34686899185180664,-0.14999999999999997
3.346025228500366,0.4567696452140808,0.6289013028144836,-0.09958776086568832,-0.013190638273954391,-0.07980835437774658,-0.9917352795600891,-0.22658580541610718,-0.06,-0.04688320308923721,0.7704963088035583,-0.05329590290784836,-0.5256365537643433,-0.8224567770957947,-0.29039984941482544,0.17201228439807892,1.1106221675872803,0.060232941061258316,-0.402553528547287,-0.3514406383037567,0.26701056957244873,0.18038548529148102,1.3923624753952026,0.08145084232091904,-0.35056015849113464,-0.04136136546730995,-0.3436012268066406,-0.14999999999999997
3.3488376140594482,0.4546067714691162,0.6293810606002808,-0.09957713633775711,-0.014448474161326885,-0.08042827248573303,-0.9916686415672302,-0.23890157043933868,-0.06,-0.052793677896261215,0.7954762578010559,-0.055848125368356705,-0.5151129364967346,-0.8181172013282776,-0.2894119322299957,0.16450360417366028,1.1113054752349854,0.05592205002903938,-0.40897494554519653,-0.3553103506565094,0.278199166059494,0.1987415850162506,1.3888612985610962,0.09988144785165787,-0.36985012888908386,-0.06355348229408264,-0.3478381633758545,-0.14999999999999997
3.351592779159546,0.4526958763599396,0.6305099129676819,-0.09962453693151474,-0.015079031698405743,-0.08083987236022949,-0.9916211366653442,-0.25020304322242737,-0.06,-0.05735041946172714,0.8201594352722168,-0.05673703923821449,-0.49899619817733765,-0.8097255825996399,-0.289131760597229,0.1559804379940033,1.107468843460083,0.052186306565999985,-0.41326904296875,-0.3556898832321167,0.28414735198020935,0.2260667383670807,1.3876605033874512,0.11472918838262558,-0.39521485567092896,-0.09616103023290634,-0.3582231104373932,-0.14999999999999997
3.354285717010498,0.45105651021003723,0.6321577429771423,-0.09973540902137756,-0.015282975509762764,-0.0806637778878212,-0.9916210770606995,-0.25965332984924316,-0.06,-0.0627749115228653,0.842311441898346,-0.06094663590192795,-0.479277104139328,-0.7985472083091736,-0.28882768750190735,0.147587388753891,1.0998445749282837,0.048987213522195816,-0.4154963791370392,-0.35353145003318787,0.28649744391441345,0.2613120973110199,1.388131856918335,0.13127072155475616,-0.42379704117774963,-0.13477911055088043,-0.37214118242263794,-0.14999999999999997
3.356860637664795,0.4496510624885559,0.6340909600257874,-0.10008096694946289,-0.015485011041164398,-0.08007170259952545,-0.9916310906410217,-0.2681598663330078,-0.06,-0.06666968762874603,0.8618736267089844,-0.06608554720878601,-0.45671436190605164,-0.7869547009468079,-0.28864628076553345,0.14032039046287537,1.0901154279708862,0.04625047370791435,-0.41620615124702454,-0.3508000373840332,0.2862010598182678,0.30324679613113403,1.3893007040023804,0.15427309274673462,-0.45361191034317017,-0.1751052886247635,-0.3861294984817505,-0.14999999999999997
3.359280586242676,0.44850954413414,0.6359778642654419,-0.10082589834928513,-0.0159094650298357,-0.07925555855035782,-0.9916145205497742,-0.27592039108276367,-0.06,-0.07073342055082321,0.8784957528114319,-0.06926997750997543,-0.4340844452381134,-0.777160108089447,-0.28889769315719604,0.1353544145822525,1.0807058811187744,0.04419936612248421,-0.4164343774318695,-0.3487635552883148,0.28379809856414795,0.3495076894760132,1.3898727893829346,0.18536072969436646,-0.48300430178642273,-0.21430745720863342,-0.39770108461380005,-0.14999999999999997
3.3615851402282715,0.44763538241386414,0.6376083493232727,-0.10192139446735382,-0.016412535682320595,-0.07807549834251404,-0.9915879964828491,-0.28220728039741516,-0.06,-0.07590322941541672,0.8921485543251038,-0.07276558876037598,-0.4131709933280945,-0.7696030735969543,-0.2893158495426178,0.13318373262882233,1.0730520486831665,0.04289628937840462,-0.4169377386569977,-0.34713828563690186,0.2797773480415344,0.397322416305542,1.3874706029891968,0.22464489936828613,-0.5103550553321838,-0.25110599398612976,-0.40609562397003174,-0.1262623369693756
3.363837242126465,0.44700729846954346,0.6389099359512329,-0.10320165008306503,-0.01679154299199581,-0.07643450051546097,-0.9915770292282104,-0.2863377630710602,-0.06,-0.0821639895439148,0.9029271006584167,-0.07509346306324005,-0.3955167233943939,-0.7637265920639038,-0.2895796000957489,0.1334696263074875,1.0675586462020874,0.04225067421793938,-0.41811561584472656,-0.3453637361526489,0.2746889591217041,0.4433804750442505,1.380881428718567,0.26967617869377136,-0.5345880389213562,-0.28504762053489685,-0.41208767890930176,-0.09059549123048782
3.3660614490509033,0.4466021955013275,0.6398805379867554,-0.1045086607336998,-0.016980035230517387,-0.07442266494035721,-0.9915899634361267,-0.28834986686706543,-0.06,-0.09016643464565277,0.9110556244850159,-0.0771251991391182,-0.38149064779281616,-0.7590441107749939,-0.28957679867744446,0.13556897640228271,1.0641347169876099,0.04214965179562569,-0.4200561046600342,-0.3432158827781677,0.268905907869339,0.4854291081428528,1.3704684972763062,0.3178061246871948,-0.5554969310760498,-0.31622475385665894,-0.4173673689365387,-0.05883758142590523
3.36824893951416,0.44638529419898987,0.6405353546142578,-0.10573340207338333,-0.016996629536151886,-0.07222486287355423,-0.9916223883628845,-0.28849175572395325,-0.06,-0.10015759617090225,0.9166648983955383,-0.07843772321939468,-0.3713781237602234,-0.7552813291549683,-0.2893405556678772,0.13881343603134155,1.0626044273376465,0.0424652174115181,-0.422774076461792,-0.34082478284835815,0.26282814145088196,0.5225868225097656,1.3572213649749756,0.36700692772865295,-0.573361873626709,-0.3451044261455536,-0.4235348701477051,-0.02968498319387436
3.3703675270080566,0.4463156461715698,0.6408725380897522,-0.1068505197763443,-0.016917714849114418,-0.07004723697900772,-0.9916601777076721,-0.2869735062122345,-0.06,-0.11201491951942444,0.9200401306152344,-0.07933365553617477,-0.3652127981185913,-0.7525522708892822,-0.2890223562717438,0.14277392625808716,1.0629826784133911,0.04309123009443283,-0.4262940287590027,-0.3385368287563324,0.2569200098514557,0.5545375347137451,1.3419891595840454,0.41548025608062744,-0.5887177586555481,-0.372160404920578,-0.43159493803977966,-0.0018294306937605143
3.372385263442993,0.44633445143699646,0.6408988833427429,-0.10787294059991837,-0.016806459054350853,-0.06801874190568924,-0.9916927218437195,-0.2844284176826477,-0.06,-0.12493361532688141,0.9219933748245239,-0.07975796610116959,-0.3625566065311432,-0.7509967088699341,-0.28868499398231506,0.14723016321659088,1.0652564764022827,0.04392130300402641,-0.43057751655578613,-0.3366638422012329,0.25175803899765015,0.5809743404388428,1.3253800868988037,0.46177536249160767,-0.6019870042800903,-0.3974112272262573,-0.44163617491722107,0.025690706446766853
3.3742763996124268,0.4463711977005005,0.6406490802764893,-0.10881208628416061,-0.016714846715331078,-0.06608591228723526,-0.9917222261428833,-0.2817712426185608,-0.06,-0.13761180639266968,0.9238792061805725,-0.07998130470514297,-0.3623623847961426,-0.7506757974624634,-0.2881683111190796,0.15212318301200867,1.0691968202590942,0.0448002927005291,-0.43544015288352966,-0.33515119552612305,0.24774903059005737,0.6015172004699707,1.3079699277877808,0.5048428773880005,-0.613317608833313,-0.4204208254814148,-0.45271649956703186,0.05302434042096138
3.37602162361145,0.44635820388793945,0.6401716470718384,-0.10968384146690369,-0.016685111448168755,-0.06409977376461029,-0.9917570948600769,-0.2796526551246643,-0.06,-0.14874760806560516,0.9265963435173035,-0.08022367209196091,-0.3636925518512726,-0.7516114711761475,-0.2871955335140228,0.1575482338666916,1.0744655132293701,0.04557010903954506,-0.4406057298183441,-0.3336857855319977,0.24483554065227509,0.6160496473312378,1.29030179977417,0.5443091988563538,-0.622674822807312,-0.44054293632507324,-0.463166207075119,0.0795142874121666
3.377600908279419,0.44624632596969604,0.6395049095153809,-0.11052627861499786,-0.01676447130739689,-0.06195186823606491,-0.9917987585067749,-0.27830788493156433,-0.06,-0.15749551355838776,0.9303893446922302,-0.08075091242790222,-0.36612966656684875,-0.753909707069397,-0.28559744358062744,0.16365236043930054,1.080845832824707,0.04615180566906929,-0.44587191939353943,-0.3320397138595581,0.24256275594234467,0.6248284578323364,1.2729809284210205,0.5802746415138245,-0.6300705671310425,-0.4570711851119995,-0.470948725938797,0.10423600673675537
3.378995180130005,0.4460132122039795,0.6386653780937195,-0.1113920733332634,-0.01702820509672165,-0.05961041897535324,-0.9918408989906311,-0.27788040041923523,-0.06,-0.16348765790462494,0.9351224899291992,-0.08212829381227493,-0.3693760335445404,-0.7578051686286926,-0.2833617329597473,0.1705392599105835,1.088240623474121,0.04640538617968559,-0.45111459493637085,-0.33019277453422546,0.24032875895500183,0.6282979249954224,1.2568340301513672,0.6125012636184692,-0.6355900764465332,-0.46926870942115784,-0.47424203157424927,0.1263093501329422
3.380186080932617,0.4456625282764435,0.6376457810401917,-0.11233221739530563,-0.01754714734852314,-0.05710122734308243,-0.9918733835220337,-0.2784680426120758,-0.06,-0.16675880551338196,0.9405814409255981,-0.08402994275093079,-0.3732639253139496,-0.7635957598686218,-0.2805405259132385,0.17837081849575043,1.0967483520507812,0.04637344181537628,-0.45632579922676086,-0.3282215893268585,0.23755960166454315,0.626987636089325,1.242819905281067,0.6401217579841614,-0.6391785740852356,-0.4764280319213867,-0.4722733795642853,0.1446269303560257
3.3811864852905273,0.44521722197532654,0.6364558935165405,-0.11342078447341919,-0.018310409039258957,-0.05446469783782959,-0.9918840527534485,-0.2798798084259033,-0.06,-0.16748176515102386,0.946384608745575,-0.0858096182346344,-0.3778742253780365,-0.7712653279304504,-0.27732053399086,0.1872393786907196,1.1063677072525024,0.046152159571647644,-0.4615296721458435,-0.3262085020542145,0.23410490155220032,0.6210311055183411,1.2317577600479126,0.6613313555717468,-0.6403897404670715,-0.4778778553009033,-0.4654720723628998,0.15745915472507477
3.3820223808288574,0.44471079111099243,0.6350820064544678,-0.11470407992601395,-0.019278304651379585,-0.05175412818789482,-0.9918631911277771,-0.28208836913108826,-0.06,-0.16605323553085327,0.9525367617607117,-0.0878877192735672,-0.3832947611808777,-0.7807366251945496,-0.2738737165927887,0.1971907913684845,1.1172404289245605,0.04584969952702522,-0.466874897480011,-0.3243582248687744,0.23036909103393555,0.6096510291099548,1.22444486618042,0.6724805235862732,-0.6386408805847168,-0.4728805720806122,-0.4547566771507263,0.16258303821086884
3.382718801498413,0.44418007135391235,0.6334980726242065,-0.11617700010538101,-0.020413948222994804,-0.049103062599897385,-0.9918038845062256,-0.28563904762268066,-0.06,-0.16362878680229187,0.9602111577987671,-0.0892300009727478,-0.3889087438583374,-0.7918652892112732,-0.2703838348388672,0.20806492865085602,1.1295057535171509,0.04560223966836929,-0.47254741191864014,-0.32328125834465027,0.227097749710083,0.5910797715187073,1.2216256856918335,0.6682851314544678,-0.6332135200500488,-0.4604572355747223,-0.4409871995449066,0.15733486413955688
3.3833065032958984,0.4436383545398712,0.6316739320755005,-0.11774546653032303,-0.021665947511792183,-0.046691033989191055,-0.9917088747024536,-0.29117122292518616,-0.06,-0.1611264944076538,0.9708742499351501,-0.09137103706598282,-0.39456379413604736,-0.804324746131897,-0.2669554650783539,0.2193431705236435,1.143263339996338,0.045422084629535675,-0.478744775056839,-0.3238923251628876,0.22505344450473785,0.5638429522514343,1.224274754524231,0.6446501612663269,-0.6234441995620728,-0.43983763456344604,-0.42482778429985046,0.13989537954330444
3.3838188648223877,0.4430737793445587,0.6295836567878723,-0.11922042071819305,-0.022989457473158836,-0.04465468227863312,-0.9915966391563416,-0.2989645004272461,-0.06,-0.15965700149536133,0.9853782653808594,-0.0950261726975441,-0.40037980675697327,-0.8176343441009521,-0.2634942829608917,0.23024427890777588,1.1584522724151611,0.04516846686601639,-0.4856193959712982,-0.32693690061569214,0.22442644834518433,0.5281039476394653,1.233332633972168,0.601198673248291,-0.6091042757034302,-0.4109567701816559,-0.4069463312625885,0.11028961837291718
3.384309768676758,0.4424643814563751,0.6272287368774414,-0.12039242684841156,-0.024267040193080902,-0.04304035007953644,-0.9914959073066711,-0.3084094822406769,-0.06,-0.1598639190196991,1.0032082796096802,-0.09883274883031845,-0.4067603349685669,-0.8310055732727051,-0.25983622670173645,0.23994837701320648,1.1748428344726562,0.04468775913119316,-0.49325457215309143,-0.33270660042762756,0.22465893626213074,0.48574963212013245,1.248459815979004,0.5417995452880859,-0.5902693271636963,-0.37448662519454956,-0.3875631093978882,0.06991502642631531
3.3848204612731934,0.4418059289455414,0.6246373057365417,-0.12116020172834396,-0.025444336235523224,-0.041890356689691544,-0.991422176361084,-0.31874924898147583,-0.06,-0.16141198575496674,1.0233345031738281,-0.10258375853300095,-0.41414451599121094,-0.8439241051673889,-0.2560145854949951,0.2479507178068161,1.1921497583389282,0.04390436038374901,-0.5016510486602783,-0.34114453196525574,0.22473466396331787,0.4390941858291626,1.2683954238891602,0.4722287058830261,-0.5674735903739929,-0.33179211616516113,-0.3664420545101166,0.020706038922071457
3.3853797912597656,0.44112080335617065,0.6218881607055664,-0.12151964753866196,-0.02654414251446724,-0.04118165746331215,-0.9913790225982666,-0.32954537868499756,-0.06,-0.16374821960926056,1.0448182821273804,-0.10566987097263336,-0.4222894310951233,-0.8561108708381653,-0.2521148920059204,0.2541864514350891,1.209863305091858,0.04288830980658531,-0.5106094479560852,-0.3519114553928375,0.22442233562469482,0.38970816135406494,1.2918243408203125,0.3974432647228241,-0.5414696931838989,-0.2847710847854614,-0.34284284710884094,-0.03523609787225723
3.386003255844116,0.44044825434684753,0.6191107034683228,-0.12148416042327881,-0.027620894834399223,-0.040761981159448624,-0.9913712739944458,-0.34063318371772766,-0.06,-0.16639477014541626,1.0670067071914673,-0.10789226740598679,-0.43042266368865967,-0.8673142194747925,-0.24809157848358154,0.25881659984588623,1.227166771888733,0.04174400866031647,-0.5196697115898132,-0.3643151521682739,0.22461634874343872,0.3385719060897827,1.317284345626831,0.32088378071784973,-0.5129166841506958,-0.23569388687610626,-0.3164830207824707,-0.09554899483919144
3.386690616607666,0.439827561378479,0.6164374351501465,-0.12107264250516891,-0.028742481023073196,-0.040458422154188156,-0.9914021492004395,-0.3518727123737335,-0.06,-0.16918841004371643,1.0892616510391235,-0.10960417985916138,-0.43788281083106995,-0.8773635029792786,-0.2438591569662094,0.2620497941970825,1.243259072303772,0.040522895753383636,-0.528350830078125,-0.37734806537628174,0.22633711993694305,0.2874324917793274,1.3425462245941162,0.24641898274421692,-0.4829610586166382,-0.187495157122612,-0.28892946243286133,-0.14999999999999997
3.3874261379241943,0.4392777681350708,0.6140048503875732,-0.12031085789203644,-0.029984334483742714,-0.040195778012275696,-0.9914688467979431,-0.3631313741207123,-0.06,-0.17219030857086182,1.1107996702194214,-0.11116457730531693,-0.44408196210861206,-0.8861286044120789,-0.23945392668247223,0.26392340660095215,1.2573529481887817,0.03919685631990433,-0.5361666679382324,-0.3900253176689148,0.2299477905035019,0.23940415680408478,1.3650850057601929,0.17907489836215973,-0.45374369621276855,-0.143337681889534,-0.26324397325515747,-0.14999999999999997
3.3881752490997314,0.43878135085105896,0.6119672060012817,-0.1191846951842308,-0.031424954533576965,-0.03995529189705849,-0.9915699362754822,-0.374249130487442,-0.06,-0.175472691655159,1.1306564807891846,-0.11276087909936905,-0.44849658012390137,-0.8933748602867126,-0.23490075767040253,0.2641972601413727,1.2685575485229492,0.03765447810292244,-0.5425867438316345,-0.401691198348999,0.23504959046840668,0.19717998802661896,1.3834956884384155,0.12106478959321976,-0.4276803731918335,-0.10518743842840195,-0.24189211428165436,-0.14999999999999997
3.388935089111328,0.43830716609954834,0.6104831099510193,-0.11767448484897614,-0.03298258036375046,-0.03978381305932999,-0.9917065501213074,-0.384674608707428,-0.06,-0.17917335033416748,1.1478056907653809,-0.11385583877563477,-0.4506174623966217,-0.8983548879623413,-0.23041583597660065,0.2623603641986847,1.2759928703308105,0.0357837900519371,-0.5472667813301086,-0.41215816140174866,0.24115830659866333,0.16234898567199707,1.3974615335464478,0.07225829362869263,-0.40646082162857056,-0.07404783368110657,-0.22567157447338104,-0.14999999999999997
3.389758348464966,0.43783631920814514,0.6097338199615479,-0.1158498153090477,-0.034325938671827316,-0.0397665910422802,-0.991876482963562,-0.3930201828479767,-0.06,-0.1827266961336136,1.1609177589416504,-0.11499745398759842,-0.4500240087509155,-0.8996365070343018,-0.22659388184547424,0.2578948140144348,1.278818964958191,0.033586498349905014,-0.5500957369804382,-0.42128968238830566,0.247773215174675,0.136020690202713,1.406316876411438,0.03332618623971939,-0.3910815119743347,-0.05104821175336838,-0.21396277844905853,-0.14999999999999997
3.3907182216644287,0.43734827637672424,0.6099443435668945,-0.11380061507225037,-0.03504705801606178,-0.039898231625556946,-0.9920831322669983,-0.39768967032432556,-0.06,-0.1856222301721573,1.1685031652450562,-0.11525295674800873,-0.4458552896976471,-0.8954405784606934,-0.22395206987857819,0.2503623366355896,1.2759267091751099,0.03113524243235588,-0.5508772134780884,-0.42812296748161316,0.2541007101535797,0.11962462216615677,1.4086112976074219,0.005916251800954342,-0.38193556666374207,-0.037587620317935944,-0.20661257207393646,-0.14999999999999997
3.391935348510742,0.4368128180503845,0.6113691329956055,-0.11161144822835922,-0.03466782346367836,-0.03999702259898186,-0.9923412203788757,-0.3961302936077118,-0.06,-0.18694444000720978,1.1680569648742676,-0.11443730443716049,-0.4381362497806549,-0.8836118578910828,-0.22273403406143188,0.23943014442920685,1.2659633159637451,0.028539076447486877,-0.5493179559707642,-0.43050602078437805,0.2594444751739502,0.11506985127925873,1.4012657403945923,-0.008429223671555519,-0.3790442943572998,-0.03502838686108589,-0.20532739162445068,-0.14999999999999997
3.3935189247131348,0.43627819418907166,0.6142320036888123,-0.10944287478923798,-0.03287969157099724,-0.03986847773194313,-0.9926487803459167,-0.38594508171081543,-0.06,-0.18692989647388458,1.1569870710372925,-0.11421972513198853,-0.4271344840526581,-0.8626132607460022,-0.22314761579036713,0.22525928914546967,1.2476270198822021,0.026038765907287598,-0.545002818107605,-0.42632246017456055,0.2631611227989197,0.12178464978933334,1.38077712059021,-0.012638131156563759,-0.383031964302063,-0.04406694695353508,-0.2124185711145401,-0.14999999999999997
3.3955037593841553,0.4358047842979431,0.6186705827713013,-0.10737724602222443,-0.02981116995215416,-0.03948859125375748,-0.9929864406585693,-0.3671024739742279,-0.06,-0.18556973338127136,1.1343715190887451,-0.11432936787605286,-0.4111602008342743,-0.8321636915206909,-0.22510680556297302,0.20803724229335785,1.2197576761245728,0.02388726733624935,-0.5372747182846069,-0.41505399346351624,0.2649398148059845,0.13548491895198822,1.3464977741241455,-0.014170500449836254,-0.3942587971687317,-0.06335785984992981,-0.2286815345287323,-0.14999999999999997
3.3978912830352783,0.4353907108306885,0.6246793866157532,-0.10535360872745514,-0.025701474398374557,-0.038963135331869125,-0.9933387637138367,-0.3401384949684143,-0.06,-0.18141533434391022,1.099921703338623,-0.11304471641778946,-0.3899238407611847,-0.7923997640609741,-0.22821278870105743,0.1875002384185791,1.1816257238388062,0.02219231426715851,-0.5255991816520691,-0.3976733982563019,0.2652210593223572,0.15093138813972473,1.30045485496521,-0.01786416582763195,-0.4096893072128296,-0.08998358249664307,-0.2522761821746826,-0.14999999999999997
3.400574207305908,0.4350745379924774,0.6320069432258606,-0.10318010300397873,-0.02104724757373333,-0.0384928435087204,-0.9936946034431458,-0.3072184920310974,-0.06,-0.175273135304451,1.055423378944397,-0.11081305146217346,-0.36336982250213623,-0.7448475956916809,-0.23172350227832794,0.1634577512741089,1.133521556854248,0.020794181153178215,-0.5096614360809326,-0.3758341073989868,0.26474279165267944,0.1633382886648178,1.245805025100708,-0.02563066966831684,-0.42462077736854553,-0.12078049778938293,-0.2807748019695282,-0.14999999999999997
3.4032294750213623,0.43495532870292664,0.6400895118713379,-0.1006220355629921,-0.016998469829559326,-0.03844520449638367,-0.9940362572669983,-0.27621030807495117,-0.06,-0.16946180164813995,1.0096343755722046,-0.10955173522233963,-0.32943329215049744,-0.6941837072372437,-0.23448875546455383,0.13683098554611206,1.0775256156921387,0.019696040078997612,-0.48940253257751465,-0.3513309955596924,0.2634645998477936,0.17070087790489197,1.186608910560608,-0.035687580704689026,-0.43685004115104675,-0.15276899933815002,-0.3127458393573761,-0.1327519416809082
3.405625343322754,0.43512216210365295,0.6480646133422852,-0.09731218218803406,-0.014599948190152645,-0.03879529610276222,-0.9943903088569641,-0.25851374864578247,-0.06,-0.16411110758781433,0.9672195315361023,-0.10641144961118698,-0.29672375321388245,-0.6460291743278503,-0.23477980494499207,0.1095229759812355,1.0180011987686157,0.01875089481472969,-0.46609535813331604,-0.3251352906227112,0.26201900839805603,0.17343787848949432,1.1290768384933472,-0.045608945190906525,-0.4458693861961365,-0.18356388807296753,-0.3476141691207886,-0.09222939610481262
3.407688856124878,0.43571966886520386,0.6554822325706482,-0.09326284378767014,-0.014097116887569427,-0.03957318887114525,-0.9947547912597656,-0.261431485414505,-0.06,-0.1608918458223343,0.9425963759422302,-0.10410676896572113,-0.30586472153663635,-0.6029630899429321,-0.2325301170349121,0.0831516832113266,0.9578192234039307,0.018340542912483215,-0.440940260887146,-0.298383504152298,0.2607904076576233,0.17186862230300903,1.0794557332992554,-0.05396644398570061,-0.45093727111816406,-0.21224817633628845,-0.3861442506313324,-0.05604514479637146
3.4095511436462402,0.4368326663970947,0.6623818278312683,-0.08858806639909744,-0.014778982847929,-0.040726225823163986,-0.9951256513595581,-0.28043386340141296,-0.06,-0.16013889014720917,0.9294384717941284,-0.10461664944887161,-0.31821751594543457,-0.5628938674926758,-0.22848142683506012,0.05750584602355957,0.896780252456665,0.01874339021742344,-0.4144172668457031,-0.2719811797142029,0.2593242824077606,0.16646017134189606,1.0408483743667603,-0.05946525186300278,-0.4515741765499115,-0.24001367390155792,-0.4304768145084381,-0.021761100739240646
3.41150164604187,0.43846970796585083,0.6688022017478943,-0.0831349641084671,-0.01545428391546011,-0.04209403321146965,-0.9955288767814636,-0.3071083724498749,-0.06,-0.1616203486919403,0.916843831539154,-0.10572931915521622,-0.3099994361400604,-0.5217210650444031,-0.22273798286914825,0.031223157420754433,0.8341543674468994,0.01991666667163372,-0.3871525526046753,-0.24607379734516144,0.2583182454109192,0.15771310031414032,1.012925386428833,-0.0637737289071083,-0.44889217615127563,-0.26881298422813416,-0.4816126823425293,0.01512979343533516
3.4136874675750732,0.440650999546051,0.6745511293411255,-0.07696698606014252,-0.015673277899622917,-0.04377985745668411,-0.9959486126899719,-0.33572131395339966,-0.06,-0.1659764051437378,0.8976163864135742,-0.10334499180316925,-0.29312145709991455,-0.47886645793914795,-0.21560576558113098,0.004190556239336729,0.7714121341705322,0.021925853565335274,-0.3603566884994507,-0.2212561070919037,0.2583268880844116,0.14523708820343018,0.9953778386116028,-0.07221785932779312,-0.4459945261478424,-0.2997171878814697,-0.5361862182617188,0.056779712438583374
3.416063070297241,0.44334158301353455,0.6791683435440063,-0.07036267220973969,-0.01583128795027733,-0.045849401503801346,-0.9963414072990417,-0.3635672330856323,-0.06,-0.17309071123600006,0.8661133646965027,-0.09494327753782272,-0.2797302305698395,-0.4384025037288666,-0.20750585198402405,-0.021667463704943657,0.7135637402534485,0.0247703455388546,-0.3363494277000427,-0.19867165386676788,0.2600320875644684,0.12781842052936554,0.9894307255744934,-0.09040657430887222,-0.445644736289978,-0.3308263421058655,-0.5876105427742004,0.09632498025894165
3.418560028076172,0.44643646478652954,0.682310163974762,-0.06351353228092194,-0.016207940876483917,-0.04838881269097328,-0.9966752529144287,-0.38875052332878113,-0.06,-0.18119744956493378,0.8206268548965454,-0.07991097122430801,-0.2621338665485382,-0.40405163168907166,-0.19894681870937347,-0.044885408133268356,0.6658381819725037,0.028338924050331116,-0.3176257312297821,-0.1792447715997696,0.2630726099014282,0.10728389769792557,0.9932741522789001,-0.11585602909326553,-0.45023784041404724,-0.35922563076019287,-0.6323520541191101,0.12602131068706512
3.4212136268615723,0.4498586356639862,0.6840913891792297,-0.05641872063279152,-0.016408707946538925,-0.051181916147470474,-0.996959388256073,-0.4069563150405884,-0.06,-0.18687716126441956,0.7611069083213806,-0.059845663607120514,-0.22937369346618652,-0.3751722276210785,-0.19004850089550018,-0.06535135954618454,0.6290230751037598,0.0326104536652565,-0.3047421872615814,-0.16221940517425537,0.2664298713207245,0.08780988305807114,1.0012658834457397,-0.14131930470466614,-0.46076709032058716,-0.383774995803833,-0.6713827848434448,0.14516940712928772
3.4240682125091553,0.45360252261161804,0.6848775148391724,-0.048982854932546616,-0.016154978424310684,-0.05390888452529907,-0.997212827205658,-0.4155459403991699,-0.06,-0.18825416266918182,0.6918861865997314,-0.03960312157869339,-0.19177086651325226,-0.34951120615005493,-0.18058092892169952,-0.08350735902786255,0.6003046631813049,0.03762740269303322,-0.2963283658027649,-0.14657846093177795,0.2696799337863922,0.07211769372224808,1.0093938112258911,-0.14999999999999997,-0.475796103477478,-0.40340572595596313,-0.7064746022224426,0.15481026470661163
3.4270143508911133,0.4577007293701172,0.6849818825721741,-0.04114473983645439,-0.01598525419831276,-0.05642041563987732,-0.9974307417869568,-0.41671648621559143,-0.06,-0.18578141927719116,0.6197123527526855,-0.02458856627345085,-0.16192510724067688,-0.32708534598350525,-0.17036695778369904,-0.09936187416315079,0.5767057538032532,0.043305061757564545,-0.29046565294265747,-0.13232284784317017,0.2723257839679718,0.061066530644893646,1.0173009634017944,-0.14999999999999997,-0.4926367700099945,-0.41616347432136536,-0.7385255694389343,0.15482112765312195
3.429965019226074,0.4621627628803253,0.6845123767852783,-0.03283116966485977,-0.016486315056681633,-0.05861980840563774,-0.9976041316986084,-0.4134133458137512,-0.06,-0.18015290796756744,0.5483223795890808,-0.016166219487786293,-0.14424999058246613,-0.3090380132198334,-0.15928463637828827,-0.11258049309253693,0.5572445392608643,0.04951539635658264,-0.2862779200077057,-0.11931640654802322,0.2735956907272339,0.0554736852645874,1.0238600969314575,-0.14999999999999997,-0.5074831247329712,-0.4216909110546112,-0.7677263021469116,0.14637406170368195
3.4329545497894287,0.4669250249862671,0.6833726167678833,-0.02380148135125637,-0.017725922167301178,-0.06035792827606201,-0.9977354407310486,-0.40709245204925537,-0.05980757623910904,-0.17176145315170288,0.4792291224002838,-0.01184543315321207,-0.13614119589328766,-0.2959670424461365,-0.14683909714221954,-0.12290787696838379,0.5428879857063293,0.05605423077940941,-0.28431159257888794,-0.10668869316577911,0.271786093711853,0.05731616169214249,1.0258052349090576,-0.14999999999999997,-0.5174486637115479,-0.4222721457481384,-0.793393611907959,0.13464467227458954
3.436095714569092,0.47192803025245667,0.6815603971481323,-0.013852463103830814,-0.01929049752652645,-0.061746854335069656,-0.9978092312812805,-0.3976192772388458,-0.0536438450217247,-0.16207806766033173,0.41750219464302063,-0.01329063717275858,-0.12080743163824081,-0.2865746021270752,-0.1327257603406906,-0.13114069402217865,0.533932089805603,0.06280766427516937,-0.28555598855018616,-0.09410706907510757,0.26521962881088257,0.0674557089805603,1.0216344594955444,-0.14999999999999997,-0.5210527777671814,-0.4213160276412964,-0.8147745728492737,0.1250263750553131
3.4391753673553467,0.47764718532562256,0.680806577205658,-0.005585713777691126,-0.021384328603744507,-0.0622456818819046,-0.9978159666061401,-0.3888589143753052,-0.04378309100866318,-0.15964362025260925,0.3922245502471924,-0.010047836229205132,-0.05591333284974098,-0.27615126967430115,-0.12256539613008499,-0.13573788106441498,0.5195761919021606,0.07376094162464142,-0.29059070348739624,-0.07925953716039658,0.25016531348228455,0.07798516005277634,1.012694239616394,-0.14999999999999997,-0.51644366979599,-0.42745354771614075,-0.8315643072128296,0.1240626871585846
3.4419593811035156,0.4839707016944885,0.6834575533866882,-0.0017810394056141376,-0.024181334301829338,-0.06160615384578705,-0.9978058934211731,-0.3781398832798004,-0.04381358250975609,-0.1552017331123352,0.37070125341415405,-0.0012883016606792808,-0.04938855022192001,-0.26107078790664673,-0.12117235362529755,-0.13670723140239716,0.49222442507743835,0.08362329751253128,-0.3085959255695343,-0.0618680901825428,0.22719599306583405,0.08519026637077332,0.9996616840362549,-0.14999999999999997,-0.501592218875885,-0.44116657972335815,-0.8447534441947937,0.1317201554775238
3.4445033073425293,0.49013060331344604,0.6864135265350342,0.0006725953426212072,-0.027804004028439522,-0.05990149825811386,-0.9978166222572327,-0.3584997057914734,-0.044750653207302094,-0.1459997594356537,0.3285273611545563,0.008922196924686432,-0.03330396115779877,-0.24847574532032013,-0.11757835745811462,-0.1328606903553009,0.4635968506336212,0.0785418301820755,-0.2946072816848755,-0.043410152196884155,0.2016170769929886,0.09395433962345123,0.9838943481445312,-0.14999999999999997,-0.47972145676612854,-0.4601568579673767,-0.8603922128677368,0.15002243220806122
3.447028398513794,0.4959017038345337,0.6889016628265381,0.0023855126928538084,-0.031123077496886253,-0.05925765261054039,-0.9977545142173767,-0.3379753530025482,-0.04743059724569321,-0.13893066346645355,0.29000000000000004,0.01845383644104004,-0.0159959327429533,-0.2385195791721344,-0.11186715960502625,-0.12897410988807678,0.4454285800457001,0.06311898678541183,-0.22060459852218628,-0.029198376461863518,0.1783011257648468,0.10539384186267853,0.9647049307823181,-0.14999999999999997,-0.45280373096466064,-0.48069125413894653,-0.8770357370376587,0.1698908656835556
3.450089931488037,0.5009560585021973,0.6911810636520386,0.005143380723893642,-0.032360922545194626,-0.05980172008275986,-0.9976722598075867,-0.3161870837211609,-0.04708106443285942,-0.13520894944667816,0.29000000000000004,0.026209674775600433,-0.0031732406932860613,-0.23385091125965118,-0.11140172928571701,-0.12702077627182007,0.440961092710495,0.05430920422077179,-0.20258085429668427,-0.0209059901535511,0.16047947108745575,0.11843954771757126,0.9513476490974426,-0.14999999999999997,-0.4219745993614197,-0.49566105008125305,-0.886044979095459,0.18433809280395508
3.453495740890503,0.5053293108940125,0.6934269666671753,0.009173110127449036,-0.03193812072277069,-0.05891183018684387,-0.9977099299430847,-0.29495519399642944,-0.04203622415661812,-0.12973879277706146,0.29000000000000004,0.032337065786123276,0.003342562587931752,-0.2361900806427002,-0.1092735156416893,-0.12210467457771301,0.45514240860939026,0.05077473074197769,-0.18131862580776215,-0.014078295789659023,0.14693880081176758,0.12942329049110413,0.9515475034713745,-0.14999999999999997,-0.38920170068740845,-0.5037643909454346,-0.8821043372154236,0.19135941565036774
3.4571776390075684,0.5092481970787048,0.6956787109375,0.013966183178126812,-0.03017890825867653,-0.055166520178318024,-0.9979231953620911,-0.2733508050441742,-0.03321321681141853,-0.11884261667728424,0.29000000000000004,0.03746693953871727,0.00406372407451272,-0.2424822896718979,-0.10398314148187637,-0.10873826593160629,0.47840967774391174,0.04590403288602829,-0.15737490355968475,-0.004749867133796215,0.13610796630382538,0.13763676583766937,0.9648730754852295,-0.14999999999999997,-0.35347795486450195,-0.5095486044883728,-0.868919849395752,0.1971774846315384
3.4610800743103027,0.5129284262657166,0.6977865695953369,0.018387343734502792,-0.027261901646852493,-0.049094706773757935,-0.9982526302337646,-0.24910371005535126,-0.023846274241805077,-0.10222301632165909,0.29000000000000004,0.042195696383714676,0.0017357778269797564,-0.2498011738061905,-0.09787695109844208,-0.08689500391483307,0.5061837434768677,0.03514480218291283,-0.13426876068115234,0.0072906604036688805,0.12550091743469238,0.14586742222309113,0.9838274717330933,-0.14999999999999997,-0.3139336407184601,-0.5174680352210999,-0.8481996655464172,0.20194588601589203
3.465007781982422,0.5163562893867493,0.6995688676834106,0.02154315449297428,-0.023908816277980804,-0.042556799948215485,-0.9985754489898682,-0.2216082066297531,-0.01702554151415825,-0.08312278985977173,0.29000000000000004,0.04682571813464165,0.0007024661172181368,-0.26014232635498047,-0.09336069226264954,-0.05921495705842972,0.5485826730728149,0.01800280064344406,-0.11687591671943665,0.018847111612558365,0.10947225987911224,0.15716592967510223,0.9989063739776611,-0.14999999999999997,-0.27168506383895874,-0.5277841687202454,-0.820045530796051,0.19849233329296112
3.4688925743103027,0.5193671584129333,0.7010117173194885,0.02365918830037117,-0.020679766312241554,-0.036681581288576126,-0.9988327622413635,-0.19294191896915436,-0.012742622755467892,-0.06457168608903885,0.29000000000000004,0.051045846194028854,0.0017041353275999427,-0.27386781573295593,-0.09055516868829727,-0.02949196845293045,0.60763019323349,0.0028993876185268164,-0.13966211676597595,0.027617063373327255,0.08488858491182327,0.1715824007987976,1.0066258907318115,-0.14999999999999997,-0.22854210436344147,-0.5364633202552795,-0.7864290475845337,0.18197911977767944
3.472724199295044,0.5218954086303711,0.7021269202232361,0.025133175775408745,-0.01782953180372715,-0.031106475740671158,-0.9990408420562744,-0.1658608466386795,-0.010010235011577606,-0.04672661051154137,0.29000000000000004,0.05452730134129524,0.0025856681168079376,-0.28811219334602356,-0.08837613463401794,6.640692299697548e-05,0.6654048562049866,-0.004728131927549839,-0.16784769296646118,0.03420308232307434,0.05436978116631508,0.18769285082817078,1.0084824562072754,-0.14999999999999997,-0.18724270164966583,-0.5392940044403076,-0.7508977055549622,0.1515592485666275
3.4766123294830322,0.5239686369895935,0.7029057741165161,0.025889819487929344,-0.014904551208019257,-0.02518983744084835,-0.9992362260818481,-0.1402648538351059,-0.008751160465180874,-0.028230557218194008,0.29000000000000004,0.057363368570804596,0.0013455997686833143,-0.30161312222480774,-0.08691209554672241,0.028421690687537193,0.7155143618583679,-0.005884372163563967,-0.17210672795772552,0.04017094150185585,0.022326476871967316,0.20573189854621887,1.0073249340057373,-0.14003871381282806,-0.14979667961597443,-0.5358773469924927,-0.7161414623260498,0.10989987105131149
3.4807498455047607,0.5256237387657166,0.7033034563064575,0.025696082040667534,-0.011109939776360989,-0.01866205222904682,-0.999433696269989,-0.11527194082736969,-0.00938066840171814,-0.008173304609954357,0.29000000000000004,0.05975615605711937,-0.004194789566099644,-0.3138731122016907,-0.08731593936681747,0.054289963096380234,0.762218177318573,-0.004015269689261913,-0.16496725380420685,0.04608546569943428,-0.008090576156973839,0.2269102782011032,1.0076276063919067,-0.09696634858846664,-0.11698693037033081,-0.5278934836387634,-0.6822928786277771,0.05988233536481857
3.4851081371307373,0.5269240140914917,0.7032429575920105,0.024300511926412582,-0.006562200374901295,-0.012186937965452671,-0.9996088147163391,-0.09201758354902267,-0.012705621309578419,0.011792920529842377,0.29000000000000004,0.06187763437628746,-0.014224538579583168,-0.32709580659866333,-0.09141292423009872,0.07743171602487564,0.8101139664649963,-0.000405632599722594,-0.15711086988449097,0.050460755825042725,-0.03689742833375931,0.25321143865585327,1.0130935907363892,-0.04011574760079384,-0.08797309547662735,-0.5176387429237366,-0.6506921648979187,0.00329959811642766
3.4895002841949463,0.5278969407081604,0.7027258276939392,0.021655844524502754,-0.0019660708494484425,-0.006843631621450186,-0.9997400641441345,-0.07172675430774689,-0.01899041049182415,0.029037917032837868,0.29000000000000004,0.06373330950737,-0.02651621587574482,-0.34482690691947937,-0.09988491982221603,0.09794366359710693,0.8626057505607605,0.0036880080588161945,-0.1442118138074875,0.05091594159603119,-0.06533227115869522,0.2856161594390869,1.0239472389221191,0.026126069948077202,-0.06220628321170807,-0.5065614581108093,-0.6226570010185242,-0.05867137759923935
3.493752956390381,0.5285025238990784,0.701856255531311,0.018002206459641457,0.0020770072005689144,-0.002815206302329898,-0.9998317360877991,-0.054540861397981644,-0.027511190623044968,0.042858246713876724,0.29000000000000004,0.06536397337913513,-0.03880486264824867,-0.369268000125885,-0.11147818714380264,0.11681453883647919,0.9202577471733093,0.0061974250711500645,-0.12344060838222504,0.04766320809721947,-0.09499149024486542,0.32357487082481384,1.0367368459701538,0.0963200032711029,-0.03993356600403786,-0.4956221878528595,-0.598801851272583,-0.12263324111700058
3.497811794281006,0.5286861658096313,0.7008028030395508,0.01368795521557331,0.005395611748099327,0.0005214498960413039,-0.9998915195465088,-0.03848323971033096,-0.03723504766821861,0.05466444790363312,0.29000000000000004,0.06654272973537445,-0.048839271068573,-0.40077781677246094,-0.12409236282110214,0.13601446151733398,0.9810616374015808,0.007314019836485386,-0.09536740928888321,0.04327555000782013,-0.12707583606243134,0.3654859960079193,1.0477113723754883,0.1672944873571396,-0.02095579355955124,-0.4849468767642975,-0.5801073312759399,-0.14999999999999997
3.501647710800171,0.5284405946731567,0.6996873021125793,0.008948263712227345,0.007774805184453726,0.00341628585010767,-0.9999237656593323,-0.022206701338291168,-0.04764508828520775,0.06500314921140671,0.29000000000000004,0.06731101125478745,-0.054787226021289825,-0.4402960538864136,-0.13619568943977356,0.1569305956363678,1.0435926914215088,0.008654145523905754,-0.05943349003791809,0.03902525082230568,-0.16151143610477448,0.40845438838005066,1.0568524599075317,0.23449718952178955,-0.004845102317631245,-0.47398704290390015,-0.5670579671859741,-0.14999999999999997
3.5052573680877686,0.5278048515319824,0.6985679864883423,0.003868168918415904,0.009045477025210857,0.005314425565302372,-0.9999374747276306,-0.004913197364658117,-0.0586959533393383,0.07271149754524231,0.29000000000000004,0.06747833639383316,-0.05491608753800392,-0.48753035068511963,-0.1475287675857544,0.17838896811008453,1.105156660079956,0.011517477221786976,-0.020277678966522217,0.03385823592543602,-0.19767193496227264,0.4498000741004944,1.0658924579620361,0.29490360617637634,0.009213527664542198,-0.4629232883453369,-0.5585008263587952,-0.14999999999999997
3.5087034702301025,0.5268102884292603,0.6974403858184814,-0.0014634041581302881,0.009330927394330502,0.005556523334234953,-0.9999398589134216,0.013738734647631645,-0.06,0.07649807631969452,0.29000000000000004,0.06705334037542343,-0.04902155324816704,-0.5398895740509033,-0.15832281112670898,0.19795703887939453,1.1610901355743408,0.01578824408352375,0.009610979817807674,0.026117322966456413,-0.23400786519050598,0.4876629710197449,1.0768649578094482,0.34749433398246765,0.0222982969135046,-0.45303210616111755,-0.5517038702964783,-0.14999999999999997
3.512111186981201,0.5254349708557129,0.6962398290634155,-0.006903731729835272,0.009023712016642094,0.003931157290935516,-0.9999275803565979,0.03301310911774635,-0.06,0.07593736797571182,0.29000000000000004,0.06589972972869873,-0.03938056901097298,-0.5944538712501526,-0.1686258167028427,0.2137237936258316,1.207545518875122,0.019481627270579338,0.02115478180348873,0.014942008070647717,-0.26710954308509827,0.5205419659614563,1.0921719074249268,0.3903079032897949,0.03651604801416397,-0.4448579251766205,-0.5444396138191223,-0.14999999999999997
3.5156283378601074,0.5235810875892639,0.6949561834335327,-0.01229491550475359,0.00867818295955658,0.0007107064593583345,-0.9998864531517029,0.05169291794300079,-0.06,0.07173684239387512,0.29000000000000004,0.06376879662275314,-0.029581928625702858,-0.6472783088684082,-0.1781478077173233,0.22436946630477905,1.2400180101394653,0.02039116621017456,0.017684943974018097,0.00068049062974751,-0.29346728324890137,0.5486236810684204,1.1115641593933105,0.42457878589630127,0.0543815940618515,-0.4365385174751282,-0.5368549823760986,-0.14999999999999997
3.519282817840576,0.5210809111595154,0.6936658024787903,-0.017483826726675034,0.008419014513492584,-0.0033042505383491516,-0.9998061656951904,0.06759541481733322,-0.06,0.0654963031411171,0.29000000000000004,0.060317784547805786,-0.022626878693699837,-0.6946870684623718,-0.18561628460884094,0.23020827770233154,1.2554023265838623,0.019016260281205177,0.010980131104588509,-0.01474399771541357,-0.31241801381111145,0.5739946365356445,1.131150245666504,0.4563579261302948,0.0769987478852272,-0.4234355390071869,-0.5304241180419922,-0.14999999999999997
3.5229990482330322,0.5178218483924866,0.6924080848693848,-0.022503158077597618,0.007924696430563927,-0.0071709537878632545,-0.999689519405365,0.07949931174516678,-0.06,0.05901171267032623,0.29000000000000004,0.055704690515995026,-0.019373400136828423,-0.7340052723884583,-0.1902981996536255,0.23313724994659424,1.2524856328964233,0.01875651255249977,0.004795630928128958,-0.028929956257343292,-0.3258492052555084,0.5983316898345947,1.1465227603912354,0.4916633069515228,0.10455213487148285,-0.40067654848098755,-0.5249190926551819,-0.14999999999999997
3.526693105697632,0.5138487219810486,0.6911240220069885,-0.027672739699482918,0.006839089095592499,-0.010460121557116508,-0.9995388388633728,0.0874696895480156,-0.06,0.05304964259266853,0.29000000000000004,0.04998026415705681,-0.018802335485816002,-0.7633851170539856,-0.19339603185653687,0.23549243807792664,1.2300219535827637,0.01997320167720318,-0.0029961825348436832,-0.04096108302474022,-0.3364613354206085,0.6214480996131897,1.1562139987945557,0.5322508215904236,0.1364453136920929,-0.3663075864315033,-0.5174455642700195,-0.14999999999999997
3.5303590297698975,0.5093225240707397,0.6896909475326538,-0.03345432132482529,0.005156355910003185,-0.013215548358857632,-0.9993394613265991,0.09193924069404602,-0.06,0.04748959839344025,0.29000000000000004,0.04344728961586952,-0.0204092338681221,-0.7810983657836914,-0.19711793959140778,0.24047799408435822,1.186562418937683,0.021286359056830406,-0.015402032993733883,-0.05148754268884659,-0.34539511799812317,0.6419127583503723,1.161368489265442,0.5748891830444336,0.17127114534378052,-0.3218269348144531,-0.5047321915626526,-0.14999999999999997
3.534062623977661,0.5043734312057495,0.6880319118499756,-0.04016483575105667,0.0031896736472845078,-0.015684274956583977,-0.9990648031234741,0.09287992119789124,-0.06,0.041861940175294876,0.29000000000000004,0.03633091226220131,-0.025158550590276718,-0.785329282283783,-0.20308040082454681,0.25054559111595154,1.1230388879776,0.022515684366226196,-0.035358086228370667,-0.06140368431806564,-0.3527807295322418,0.6591265201568604,1.1627591848373413,0.616257905960083,0.2063681185245514,-0.2707276940345764,-0.48823991417884827,-0.14999999999999997
3.537907123565674,0.49905312061309814,0.6860934495925903,-0.0479021891951561,0.0013896140735596418,-0.018216615542769432,-0.9986849427223206,0.09154034405946732,-0.06,0.035699278116226196,0.29000000000000004,0.028887759894132614,-0.033110637217760086,-0.7761523723602295,-0.2120147943496704,0.26606065034866333,1.0471279621124268,0.024452604353427887,-0.0640176311135292,-0.07150410115718842,-0.35805895924568176,0.6734868884086609,1.1602193117141724,0.6544003486633301,0.23829872906208038,-0.2183469980955124,-0.4725094139575958,-0.14999999999999997
3.5419023036956787,0.49336695671081543,0.6838529706001282,-0.05660749599337578,-0.00018313481996301562,-0.02090398781001568,-0.9981776475906372,0.08956589549779892,-0.06,0.02898569218814373,0.29000000000000004,0.020819053053855896,-0.04259229078888893,-0.7566242814064026,-0.22327488660812378,0.2854253351688385,0.9693822860717773,0.02695423923432827,-0.09532836079597473,-0.08178316056728363,-0.36127060651779175,0.6847872734069824,1.1538856029510498,0.6870429515838623,0.26344195008277893,-0.17027844488620758,-0.46167415380477905,-0.14999999999999997
3.5459766387939453,0.4873132109642029,0.6813111901283264,-0.06614845991134644,-0.0018374574137851596,-0.023622561246156693,-0.9975283145904541,0.08732502907514572,-0.06,0.021899953484535217,0.29000000000000004,0.012184713035821915,-0.052489086985588074,-0.7298383116722107,-0.23557984828948975,0.3057372272014618,0.8954010605812073,0.02917843498289585,-0.12232676893472672,-0.09178189188241959,-0.3630519211292267,0.6924058794975281,1.1452122926712036,0.7123593688011169,0.27886220812797546,-0.13102421164512634,-0.4574207365512848,-0.14999999999999997
3.5501320362091064,0.48092159628868103,0.6784505844116211,-0.07652799040079117,-0.0036772016901522875,-0.02616272121667862,-0.9967172145843506,0.08404114842414856,-0.06,0.014743024483323097,0.29000000000000004,0.0030907734762877226,-0.06337951868772507,-0.6953948140144348,-0.2489110827445984,0.3245413601398468,0.820824146270752,0.029680615290999413,-0.14621774852275848,-0.10122059285640717,-0.3631630837917328,0.6973342895507812,1.136399269104004,0.7321441769599915,0.2838825285434723,-0.10345730185508728,-0.45817169547080994,-0.14999999999999997
3.554518222808838,0.4742477238178253,0.6751778721809387,-0.0879269614815712,-0.005431602243334055,-0.02804400771856308,-0.9957171678543091,0.07893526554107666,-0.06,0.008432302623987198,0.29000000000000004,-0.006408583372831345,-0.07771789282560349,-0.6506431698799133,-0.26482969522476196,0.3406573235988617,0.7361074686050415,0.026981057599186897,-0.1749449521303177,-0.10950649529695511,-0.3599978983402252,0.701755166053772,1.1298316717147827,0.7504019141197205,0.2795877754688263,-0.08784988522529602,-0.46000877022743225,-0.14999999999999997
3.558793306350708,0.4674658179283142,0.6735315322875977,-0.09714533388614655,-0.006665791384875774,-0.030047820881009102,-0.9947941303253174,0.06976337730884552,-0.06,0.002486101584509015,0.29000000000000004,-0.016445882618427277,-0.08753282576799393,-0.6197034120559692,-0.2815279960632324,0.3507765829563141,0.6864718794822693,0.1089542955160141,-0.1710808128118515,-0.11813829839229584,-0.3520875871181488,0.7053605318069458,1.1240850687026978,0.7628368735313416,0.2660399377346039,-0.08022099733352661,-0.4603612422943115,-0.14999999999999997
3.562654495239258,0.4606170356273651,0.6746724247932434,-0.10075400769710541,-0.00619938550516963,-0.032066892832517624,-0.9943751096725464,0.06332530081272125,-0.06,-0.0015788282034918666,0.29000000000000004,-0.026852717623114586,-0.1000780239701271,-0.5976117849349976,-0.2859728932380676,0.35129979252815247,0.6687244176864624,0.1837514489889145,-0.17265644669532776,-0.1263534426689148,-0.33566537499427795,0.7094871401786804,1.1199061870574951,0.7676292657852173,0.24257148802280426,-0.0762016624212265,-0.45757514238357544,-0.14999999999999997
3.5661027431488037,0.45528924465179443,0.6783503293991089,-0.10328348726034164,-0.003919157199561596,-0.03408745676279068,-0.9940599203109741,0.06014221906661987,-0.06,-0.006733629386872053,0.29000000000000004,-0.034728243947029114,-0.11669578403234482,-0.5712383985519409,-0.2909480929374695,0.32891958951950073,0.6498943567276001,0.16825266182422638,-0.17063824832439423,-0.13340289890766144,-0.31306955218315125,0.7095163464546204,1.1207067966461182,0.7794139385223389,0.20844672620296478,-0.0773516520857811,-0.4590792655944824,-0.14999999999999997
3.569143056869507,0.451613187789917,0.6833126544952393,-0.10657645761966705,-0.0002553257218096405,-0.03593128174543381,-0.9936549663543701,0.060326091945171356,-0.06,-0.012727736495435238,0.29000000000000004,-0.04247354716062546,-0.12704908847808838,-0.5336717367172241,-0.302366703748703,0.3040735423564911,0.6146115064620972,0.15995006263256073,-0.16073571145534515,-0.1394178718328476,-0.28609132766723633,0.7052866220474243,1.1249351501464844,0.7974347472190857,0.16786259412765503,-0.08453100174665451,-0.46731048822402954,-0.14999999999999997
3.5718138217926025,0.44914710521698,0.6881356239318848,-0.11040391772985458,0.003667424665763974,-0.03857393562793732,-0.9931312203407288,0.06238566339015961,-0.06,-0.018608970567584038,0.29000000000000004,-0.05352448299527168,-0.11320701986551285,-0.4943542182445526,-0.3172244131565094,0.27864786982536316,0.5765715837478638,0.15464341640472412,-0.14925284683704376,-0.14668647944927216,-0.25773417949676514,0.7003470063209534,1.1312862634658813,0.8162383437156677,0.12542536854743958,-0.09863162785768509,-0.48151808977127075,-0.14999999999999997
3.5743110179901123,0.44752636551856995,0.6919901967048645,-0.11424202471971512,0.007636497728526592,-0.0423552431166172,-0.9925201535224915,0.064403235912323,-0.06,-0.022502757608890533,0.29000000000000004,-0.06407627463340759,-0.09727956354618073,-0.45851874351501465,-0.3326816260814667,0.2543896734714508,0.5461077094078064,0.15172435343265533,-0.1416448950767517,-0.15671096742153168,-0.2251187562942505,0.6934672594070435,1.1458394527435303,0.8275559544563293,0.08699113875627518,-0.11653318256139755,-0.4997774362564087,-0.14999999999999997
3.576608896255493,0.4465397000312805,0.6948350667953491,-0.11744131147861481,0.011320416815578938,-0.04670701175928116,-0.9919161200523376,0.06671372801065445,-0.06,-0.02449357882142067,0.29000000000000004,-0.0718192532658577,-0.08892682194709778,-0.4275224804878235,-0.34644293785095215,0.2318880259990692,0.5238428711891174,0.15012839436531067,-0.13792765140533447,-0.1682136207818985,-0.1875436007976532,0.6852485537528992,1.166908621788025,0.8322162628173828,0.05005144700407982,-0.13766339421272278,-0.5192587971687317,-0.14999999999999997
3.5785481929779053,0.44605502486228943,0.6968513131141663,-0.1195010393857956,0.014338313601911068,-0.051512375473976135,-0.9913931488990784,0.06816233694553375,-0.06,-0.027358168736100197,0.29000000000000004,-0.07523747533559799,-0.08373286575078964,-0.40119314193725586,-0.3574339747428894,0.21033577620983124,0.5072229504585266,0.1492595672607422,-0.13628293573856354,-0.18005035817623138,-0.14716312289237976,0.6756412386894226,1.1861896514892578,0.8301885724067688,0.011235813610255718,-0.16211849451065063,-0.5372130274772644,-0.14999999999999997
3.5800483226776123,0.44600555300712585,0.6981980204582214,-0.1201261356472969,0.01665225252509117,-0.05690222233533859,-0.9909865260124207,0.06807338446378708,-0.06,-0.03303483873605728,0.29000000000000004,-0.07431448251008987,-0.07492660731077194,-0.37846553325653076,-0.36532115936279297,0.18858714401721954,0.4942111670970917,0.14894679188728333,-0.13562768697738647,-0.19164235889911652,-0.10657783597707748,0.6618882417678833,1.1975017786026,0.8150713443756104,-0.029079001396894455,-0.1881147027015686,-0.5522895455360413,-0.14999999999999997
3.5811686515808105,0.4463330805301666,0.6990309953689575,-0.11908335238695145,0.01848560757935047,-0.06260526180267334,-0.9907361268997192,0.06660380959510803,-0.06,-0.040532469749450684,0.29000000000000004,-0.06974093616008759,-0.06684275716543198,-0.3575413227081299,-0.36959511041641235,0.16593708097934723,0.4825916588306427,0.1488371342420578,-0.1348741054534912,-0.20195318758487701,-0.06663356721401215,0.642318844795227,1.1994038820266724,0.7820627093315125,-0.06764693558216095,-0.2118750363588333,-0.5649482607841492,-0.14999999999999997
3.581946849822998,0.446982204914093,0.6993992328643799,-0.1162920743227005,0.019780544564127922,-0.06832154095172882,-0.9906648397445679,0.06283456832170486,-0.06,-0.04773792624473572,0.29000000000000004,-0.06320558488368988,-0.06380755454301834,-0.3386041224002838,-0.3698301315307617,0.14294272661209106,0.47177451848983765,0.14868129789829254,-0.13370321691036224,-0.21051757037639618,-0.027295632287859917,0.6167823076248169,1.196743369102478,0.7309833765029907,-0.1015765368938446,-0.22929856181144714,-0.5768842697143555,-0.14999999999999997
3.5824108123779297,0.44791391491889954,0.6992738246917725,-0.11169172823429108,0.020426051691174507,-0.07393667101860046,-0.9907779693603516,0.056302640587091446,-0.04095194861292839,-0.052783600986003876,0.29000000000000004,-0.05622066557407379,-0.06520874053239822,-0.3225392699241638,-0.3657606244087219,0.12037889659404755,0.46226999163627625,0.14837013185024261,-0.13234345614910126,-0.21735838055610657,0.010578637942671776,0.5849598050117493,1.1941097974777222,0.6621232032775879,-0.13021300733089447,-0.23876279592514038,-0.5899772644042969,-0.14999999999999997
3.582596778869629,0.44914567470550537,0.6986129879951477,-0.10522393137216568,0.02051760070025921,-0.07950342446565628,-0.99105304479599,0.04734763875603676,-0.020801866427063942,-0.05515516176819801,0.29000000000000004,-0.048045121133327484,-0.06919465959072113,-0.3094833791255951,-0.3574179708957672,0.09841813147068024,0.45465290546417236,0.147968590259552,-0.13124659657478333,-0.22256681323051453,0.04494640976190567,0.5465871691703796,1.1926264762878418,0.5758928060531616,-0.15503665804862976,-0.24261610209941864,-0.6059924960136414,-0.14999999999999997
3.5825448036193848,0.45071637630462646,0.6973751187324524,-0.09686756879091263,0.020229898393154144,-0.08515872061252594,-0.991441011428833,0.035943299531936646,-0.0009539382881484926,-0.05588383972644806,0.29000000000000004,-0.03725489228963852,-0.0748860239982605,-0.29920387268066406,-0.34504303336143494,0.07691872119903564,0.4494369924068451,0.14767391979694366,-0.13086625933647156,-0.2264951914548874,0.07417554408311844,0.5023968815803528,1.1925203800201416,0.4746289551258087,-0.1777598261833191,-0.24442753195762634,-0.6262230277061462,-0.14999999999999997
3.5823171138763428,0.4526783227920532,0.6955336928367615,-0.08670090138912201,0.01980302296578884,-0.09108710289001465,-0.9918637871742249,0.022143566980957985,0.017731282860040665,-0.05674787983298302,0.29000000000000004,-0.023532535880804062,-0.08484634011983871,-0.2911025881767273,-0.3291561007499695,0.05548718571662903,0.4470459818840027,0.14761202037334442,-0.13173432648181915,-0.23005761206150055,0.09853831678628922,0.45358115434646606,1.1951591968536377,0.3623170852661133,-0.19937998056411743,-0.24706700444221497,-0.6511656641960144,-0.14999999999999997
3.5819692611694336,0.4551539719104767,0.6930984258651733,-0.07510591298341751,0.019457316026091576,-0.09747087210416794,-0.9922094941139221,0.006488345097750425,0.03328612074255943,-0.05981634184718132,0.29000000000000004,-0.007169201038777828,-0.10312396287918091,-0.28467509150505066,-0.31107544898986816,0.03404970094561577,0.4478662312030792,0.1483050137758255,-0.13434110581874847,-0.234340637922287,0.11979068070650101,0.4018419086933136,1.2019774913787842,0.2457091063261032,-0.2210955023765564,-0.25289785861968994,-0.6810209155082703,-0.11886327713727951
3.581453800201416,0.4582599997520447,0.6900411248207092,-0.06256325542926788,0.019026054069399834,-0.10452522337436676,-0.9923700094223022,-0.011929850094020367,0.043600309640169144,-0.06735249608755112,0.29000000000000004,0.010008041746914387,-0.12878437340259552,-0.28107547760009766,-0.2923448979854584,0.013173098675906658,0.4531101584434509,0.1500978320837021,-0.139220729470253,-0.24059998989105225,0.14024317264556885,0.34948164224624634,1.2147341966629028,0.13216784596443176,-0.24573443830013275,-0.26382195949554443,-0.7150457501411438,-0.07647430896759033
3.5809249877929688,0.4621654152870178,0.6874039769172668,-0.052057016640901566,0.018273785710334778,-0.11091568320989609,-0.9922971725463867,-0.038110677152872086,0.05777956172823906,-0.08922336250543594,0.29000000000000004,0.0004163254634477198,-0.08951616287231445,-0.2775774896144867,-0.2792717218399048,-0.00471921544522047,0.4551126956939697,0.15392816066741943,-0.14213766157627106,-0.24650520086288452,0.1609170138835907,0.2943812310695648,1.2330529689788818,0.029198559001088142,-0.27543818950653076,-0.28215163946151733,-0.7509927153587341,-0.03901685029268265
3.5807340145111084,0.4666486382484436,0.685178279876709,-0.043989814817905426,0.017870929092168808,-0.11509474366903305,-0.992219090461731,-0.06865450739860535,0.06636697798967361,-0.1162017434835434,0.29000000000000004,-0.021310005336999893,-0.06792504340410233,-0.27518001198768616,-0.2711281478404999,-0.015961812809109688,0.45772477984428406,0.1563165932893753,-0.14532612264156342,-0.24884523451328278,0.18413741886615753,0.23809202015399933,1.2537702322006226,-0.06161760166287422,-0.30790650844573975,-0.3090897500514984,-0.787287175655365,-0.0054373713210225105
3.5808029174804688,0.4712049961090088,0.6838252544403076,-0.03787955269217491,0.017516301944851875,-0.1183074340224266,-0.9920994639396667,-0.10308622568845749,0.07051055133342743,-0.14014029502868652,0.29000000000000004,-0.05558732897043228,-0.09366270899772644,-0.27344179153442383,-0.2664521038532257,-0.02582269161939621,0.4606582820415497,0.14673800766468048,-0.1481623351573944,-0.24967390298843384,0.2096259891986847,0.18687672913074493,1.2717803716659546,-0.1322198063135147,-0.3378443121910095,-0.3385635018348694,-0.8241511583328247,0.014197191223502159
3.580798625946045,0.4754886329174042,0.6826517581939697,-0.03215249255299568,0.016061773523688316,-0.12073904275894165,-0.9920333623886108,-0.14000026881694794,0.07201161980628967,-0.16188374161720276,0.29000000000000004,-0.07400309294462204,-0.12461277097463608,-0.27544552087783813,-0.26159024238586426,-0.03412848711013794,0.46367424726486206,0.12880876660346985,-0.1521695852279663,-0.25003501772880554,0.235739603638649,0.14754226803779602,1.2860369682312012,-0.14999999999999997,-0.3661140501499176,-0.36286717653274536,-0.8634698390960693,0.014712441712617874
3.5805039405822754,0.47937172651290894,0.6816221475601196,-0.025851022452116013,0.012881354428827763,-0.12258271127939224,-0.9920379519462585,-0.1795506328344345,0.07353103160858154,-0.18203984200954437,0.33879920840263367,-0.07987894862890244,-0.15265826880931854,-0.2859441936016083,-0.2546294629573822,-0.038962472230196,0.47083550691604614,0.10657788813114166,-0.15323346853256226,-0.25185853242874146,0.26009485125541687,0.11929642409086227,1.2956640720367432,-0.14999999999999997,-0.39725732803344727,-0.37805527448654175,-0.9050596952438354,0.001533601083792746
3.580108165740967,0.4829270541667938,0.6804760098457336,-0.01947818323969841,0.008952396921813488,-0.12321744114160538,-0.9921480417251587,-0.2167135775089264,0.0757085308432579,-0.19940190017223358,0.3889763355255127,-0.08547123521566391,-0.17706097662448883,-0.3011433780193329,-0.24606744945049286,-0.04044313356280327,0.4804465174674988,0.0784490779042244,-0.15583916008472443,-0.2538786828517914,0.2821475863456726,0.10048901289701462,1.298971176147461,-0.14999999999999997,-0.428539514541626,-0.3859546184539795,-0.9470911622047424,-0.02139904536306858
3.5799684524536133,0.4864286780357361,0.6790167093276978,-0.013805519789457321,0.006110369693487883,-0.12154081463813782,-0.9924715161323547,-0.2453654557466507,0.07854299992322922,-0.2111673653125763,0.43177294731140137,-0.09878460317850113,-0.19949236512184143,-0.31349366903305054,-0.23729939758777618,-0.03963922709226608,0.4883180856704712,0.04568895325064659,-0.163620263338089,-0.25329872965812683,0.3015899360179901,0.08635944128036499,1.2958440780639648,-0.14999999999999997,-0.4546031951904297,-0.39269527792930603,-0.9832249879837036,-0.046427421271800995
3.5801453590393066,0.49014711380004883,0.6778013110160828,-0.008454029448330402,0.005135348532348871,-0.11708156764507294,-0.993073046207428,-0.2621311843395233,0.08346107602119446,-0.21477289497852325,0.46514877676963806,-0.1146765872836113,-0.2196882963180542,-0.32528793811798096,-0.22831115126609802,-0.029847919940948486,0.49887633323669434,0.03042840212583542,-0.1623435914516449,-0.2488926500082016,0.3161625266075134,0.07406807690858841,1.2888528108596802,-0.14999999999999997,-0.47263044118881226,-0.4024289846420288,-1.0053898096084595,-0.06483921408653259
3.580460786819458,0.4941100478172302,0.6764971017837524,-0.004367902874946594,0.005325885023921728,-0.1093696802854538,-0.9939771890640259,-0.2692123353481293,0.08833026140928268,-0.21005450189113617,0.4911283850669861,-0.13460451364517212,-0.23873835802078247,-0.3337108790874481,-0.21987883746623993,-0.013507273979485035,0.5046139359474182,0.01935446262359619,-0.16200362145900726,-0.23918981850147247,0.32200226187705994,0.06639214605093002,1.281939148902893,-0.14999999999999997,-0.4817166328430176,-0.4167579710483551,-1.0087425708770752,-0.07939272373914719
3.580965518951416,0.49817946553230286,0.675754189491272,-0.002005932852625847,0.006617982871830463,-0.0991547480225563,-0.9950478672981262,-0.269144207239151,0.09144509583711624,-0.19177307188510895,0.5136484503746033,-0.13515326380729675,-0.25681057572364807,-0.33630532026290894,-0.21374239027500153,0.005955184809863567,0.5018582344055176,0.011505858972668648,-0.15879733860492706,-0.22562198340892792,0.318503201007843,0.06551165133714676,1.2780547142028809,-0.14999999999999997,-0.4800862967967987,-0.43332043290138245,-0.9955832362174988,-0.09396635740995407
3.5817267894744873,0.5020589828491211,0.6756385564804077,-0.0012042674934491515,0.008846336975693703,-0.08652662485837936,-0.9962095022201538,-0.2583340108394623,0.09413757920265198,-0.16326098144054413,0.5248026251792908,-0.12890157103538513,-0.2708221673965454,-0.33223655819892883,-0.20798185467720032,0.027795126661658287,0.48854154348373413,-0.003688187338411808,-0.1562982201576233,-0.20868432521820068,0.3056710362434387,0.07080767303705215,1.2776323556900024,-0.14999999999999997,-0.46921420097351074,-0.45180898904800415,-0.9707847237586975,-0.10351908206939697
3.5827181339263916,0.5055561661720276,0.6767144203186035,-0.0005811411538161337,0.011684352532029152,-0.07172449678182602,-0.9973558783531189,-0.2344949096441269,0.09952040016651154,-0.12484666705131531,0.5169614553451538,-0.12284588813781738,-0.2769242227077484,-0.3292842507362366,-0.20114265382289886,0.057454660534858704,0.4756782650947571,-0.00729709817096591,-0.1393098533153534,-0.18926884233951569,0.28408485651016235,0.08195546269416809,1.2813469171524048,-0.14999999999999997,-0.45020511746406555,-0.4706495702266693,-0.9411013722419739,-0.10203826427459717
3.583914041519165,0.5085068941116333,0.6779443025588989,-0.0012943858746439219,0.01424082089215517,-0.054194580763578415,-0.9984279274940491,-0.20414488017559052,0.1034216657280922,-0.07764028012752533,0.5000200867652893,-0.11707349866628647,-0.27944427728652954,-0.3222378194332123,-0.1944054663181305,0.08685480803251266,0.45222407579421997,-0.021780842915177345,-0.12908832728862762,-0.1655091792345047,0.25460779666900635,0.09944382309913635,1.2885305881500244,-0.14999999999999997,-0.4248851537704468,-0.4916701018810272,-0.9124882221221924,-0.09123484790325165
3.585190773010254,0.5108960270881653,0.6797316670417786,-0.002190682105720043,0.016029560938477516,-0.03564876317977905,-0.9992333650588989,-0.1689487099647522,0.10669635236263275,-0.025663364678621292,0.47081589698791504,-0.11200021952390671,-0.2754099369049072,-0.31868642568588257,-0.18661515414714813,0.12308744341135025,0.4292641878128052,-0.027059582993388176,-0.10700566321611404,-0.14064426720142365,0.21903550624847412,0.12350749224424362,1.2991894483566284,-0.14999999999999997,-0.3921264708042145,-0.511273980140686,-0.8919331431388855,-0.07045963406562805
3.5866305828094482,0.5126860737800598,0.6814813613891602,-0.0037685430143028498,0.017125098034739494,-0.016924627125263214,-0.9997029304504395,-0.1310712695121765,0.1069541946053505,0.027207592502236366,0.43470945954322815,-0.10877761244773865,-0.2682432234287262,-0.31294241547584534,-0.18136800825595856,0.1561151146888733,0.4004383683204651,-0.03513368219137192,-0.08865739405155182,-0.11659419536590576,0.179820716381073,0.15326516330242157,1.3135138750076294,-0.14999999999999997,-0.3537592887878418,-0.5280112028121948,-0.8782505393028259,-0.04275849461555481
3.588298797607422,0.5138460397720337,0.682913601398468,-0.006011676043272018,0.01761878840625286,0.0018310749437659979,-0.9998249411582947,-0.09283362329006195,0.10403648763895035,0.08007295429706573,0.39543581008911133,-0.10666834563016891,-0.25950631499290466,-0.3051811754703522,-0.1776045560836792,0.18588589131832123,0.3683334290981293,-0.04452715069055557,-0.07576658576726913,-0.09465945512056351,0.1402377486228943,0.1871744692325592,1.332744836807251,-0.14999999999999997,-0.31453531980514526,-0.5403388738632202,-0.8668392896652222,-0.008519016206264496
3.590182304382324,0.5143482685089111,0.6841398477554321,-0.007960806600749493,0.01755618490278721,0.019246278330683708,-0.9996288418769836,-0.05625561252236366,0.09996514022350311,0.12909254431724548,0.3548309803009033,-0.10616718977689743,-0.24950574338436127,-0.30245158076286316,-0.17413660883903503,0.21763814985752106,0.3432874083518982,-0.03780512139201164,-0.05882885307073593,-0.07873064279556274,0.10467538982629776,0.2232673019170761,1.3580676317214966,-0.14999999999999997,-0.27988874912261963,-0.5455662608146667,-0.8544005751609802,0.03212670981884003
3.592277765274048,0.514244556427002,0.6850779056549072,-0.009527702815830708,0.017079217359423637,0.03366441652178764,-0.9992417693138123,-0.023975126445293427,0.09546897560358047,0.17021715641021729,0.3162187933921814,-0.10705947130918503,-0.23904839158058167,-0.3059621751308441,-0.1712305098772049,0.24498948454856873,0.3340810239315033,-0.014099569991230965,-0.04308415204286575,-0.07233302295207977,0.07833509147167206,0.26131826639175415,1.3903141021728516,-0.13666121661663055,-0.25281786918640137,-0.5440510511398315,-0.8420732617378235,0.07503703236579895
3.5948522090911865,0.5134892463684082,0.6852795481681824,-0.011993580497801304,0.016998302191495895,0.04397778958082199,-0.9988158345222473,0.004085092339664698,0.08844645321369171,0.20086726546287537,0.29000000000000004,-0.10870042443275452,-0.23124977946281433,-0.3077630400657654,-0.1724368929862976,0.2578059434890747,0.3317682147026062,0.004320206586271524,-0.041461434215307236,-0.07696272432804108,0.0658407211303711,0.30309268832206726,1.4285800457000732,-0.11152684688568115,-0.23306052386760712,-0.5406931042671204,-0.8348711133003235,0.11635366082191467
3.5978336334228516,0.5120564103126526,0.6852282285690308,-0.014542991295456886,0.017642848193645477,0.049437087029218674,-0.9985154271125793,0.030338477343320847,0.08138053119182587,0.22076097130775452,0.29000000000000004,-0.11151649802923203,-0.2229873090982437,-0.3072584271430969,-0.17637383937835693,0.25857818126678467,0.33587777614593506,0.021022815257310867,-0.04772813990712166,-0.09349218010902405,0.06922468543052673,0.35100919008255005,1.4715077877044678,-0.07223207503557205,-0.2189980149269104,-0.537931501865387,-0.8390291333198547,0.1576254516839981
3.6009299755096436,0.5099806189537048,0.6852136850357056,-0.016503339633345604,0.018416376784443855,0.050190772861242294,-0.9984334111213684,0.05283791199326515,0.07688437402248383,0.2299264818429947,0.29000000000000004,-0.11554024368524551,-0.2125929743051529,-0.3060794174671173,-0.18003764748573303,0.2513212561607361,0.3463934361934662,0.04302527755498886,-0.054976895451545715,-0.12104849517345428,0.08762115985155106,0.40392005443573,1.5176867246627808,-0.019896136596798897,-0.2095937877893448,-0.537236213684082,-0.8566769361495972,0.1978987157344818
3.6039559841156006,0.5073596835136414,0.6849886178970337,-0.01842152513563633,0.018848679959774017,0.046206481754779816,-0.9985841512680054,0.0687539130449295,0.07417181879281998,0.2270335853099823,0.29000000000000004,-0.11938346922397614,-0.20397578179836273,-0.3007502555847168,-0.1855337917804718,0.23471838235855103,0.35509076714515686,0.05429555103182793,-0.06986719369888306,-0.15935799479484558,0.1207449734210968,0.4574772119522095,1.5647679567337036,0.045304376631975174,-0.2055104672908783,-0.5395965576171875,-0.8828150033950806,0.2334252893924713
3.606459140777588,0.5044893026351929,0.6850499510765076,-0.019454116001725197,0.018013006076216698,0.03736146166920662,-0.9989499449729919,0.07509982585906982,0.07548984885215759,0.21167027950286865,0.29000000000000004,-0.12341605126857758,-0.19365012645721436,-0.29682737588882446,-0.1901073455810547,0.21661381423473358,0.36581048369407654,0.08031277358531952,-0.07816175371408463,-0.20840394496917725,0.16755390167236328,0.506736695766449,1.608717679977417,0.12129178643226624,-0.20914961397647858,-0.5425174832344055,-0.9108472466468811,0.26657024025917053
3.60848331451416,0.5015387535095215,0.6849212050437927,-0.020664025098085403,0.016079038381576538,0.025424934923648834,-0.9993337392807007,0.07175883650779724,0.07820019125938416,0.18744097650051117,0.29000000000000004,-0.12761752307415009,-0.18589024245738983,-0.2902727425098419,-0.19630244374275208,0.1934909075498581,0.37086114287376404,0.09903529286384583,-0.09092339873313904,-0.26325976848602295,0.2266850471496582,0.5478683114051819,1.6300000000000001,0.2108733355998993,-0.22009623050689697,-0.5462333559989929,-0.936119556427002,0.2937507927417755
3.6100707054138184,0.4985881745815277,0.6848626732826233,-0.021335452795028687,0.013538658618927002,0.012454469688236713,-0.9996031522750854,0.061727575957775116,0.0829327404499054,0.1590776890516281,0.29000000000000004,-0.13139371573925018,-0.17969442903995514,-0.2846169173717499,-0.2019171267747879,0.16760094463825226,0.3745305836200714,0.12305822968482971,-0.09837711602449417,-0.31908300518989563,0.2966257631778717,0.5789320468902588,1.6300000000000001,0.3102286159992218,-0.2378469854593277,-0.5467792749404907,-0.9569590091705322,0.3124178946018219
3.6113767623901367,0.4956264793872833,0.6847109794616699,-0.021619359031319618,0.01093197800219059,-0.00046350897173397243,-0.9997063875198364,0.047867462038993835,0.08880096673965454,0.12902459502220154,0.29000000000000004,-0.1358911544084549,-0.17618362605571747,-0.2762950658798218,-0.20635318756103516,0.13959555327892303,0.37313881516456604,0.14045080542564392,-0.10701990127563477,-0.37367892265319824,0.3740121126174927,0.5980232954025269,1.6300000000000001,0.41200730204582214,-0.2643495202064514,-0.5414959788322449,-0.9716621041297913,0.3182736039161682
3.6123852729797363,0.49275490641593933,0.6847009658813477,-0.020922750234603882,0.00824093446135521,-0.013485667295753956,-0.999656081199646,0.0323060043156147,0.09645598381757736,0.09823015332221985,0.29000000000000004,-0.14095963537693024,-0.17280791699886322,-0.26823756098747253,-0.2084255963563919,0.11146675795316696,0.3708777129650116,0.1587667465209961,-0.11099044978618622,-0.42728081345558167,0.45367908477783203,0.6063414216041565,1.6300000000000001,0.5068374276161194,-0.3012782335281372,-0.529154896736145,-0.9794374704360962,0.3159627318382263
3.6131021976470947,0.4900389015674591,0.6847240328788757,-0.02020120993256569,0.0050683943554759026,-0.02633688971400261,-0.9994360208511353,0.01463752705603838,0.10337893664836884,0.06705440580844879,0.29000000000000004,-0.14537787437438965,-0.16873010993003845,-0.2603914737701416,-0.2100953757762909,0.08279705792665482,0.3656983971595764,0.17226772010326385,-0.11468687653541565,-0.4782788157463074,0.5275754928588867,0.6068458557128906,1.6300000000000001,0.590553343296051,-0.3485698997974396,-0.5119413137435913,-0.9803823828697205,0.31043052673339844
3.613424062728882,0.4875990152359009,0.6849626898765564,-0.01880311593413353,0.001491548609919846,-0.03851171210408211,-0.9990800023078918,-0.0035883705131709576,0.11060110479593277,0.038350339978933334,0.29000000000000004,-0.14934472739696503,-0.16282890737056732,-0.25728338956832886,-0.20910893380641937,0.05560184270143509,0.36475870013237,0.1708369255065918,-0.11880157887935638,-0.5237345695495605,0.5880613923072815,0.6046433448791504,1.6162561178207397,0.6598554849624634,-0.4038226902484894,-0.49014994502067566,-0.9742266535758972,0.3060630261898041
3.6134912967681885,0.48562750220298767,0.6851871609687805,-0.017550066113471985,-0.0017002394888550043,-0.04923134297132492,-0.9986316561698914,-0.019851624965667725,0.11628725379705429,0.013054262846708298,0.29000000000000004,-0.15261025726795197,-0.15671592950820923,-0.25536438822746277,-0.20831000804901123,0.031840868294239044,0.3641875088214874,0.16781771183013916,-0.12206755578517914,-0.5610347986221313,0.6315914392471313,0.60206538438797,1.584204077720642,0.7177452445030212,-0.46559634804725647,-0.4667443335056305,-0.9564865231513977,0.3031592071056366
3.613492965698242,0.4842317998409271,0.6853570938110352,-0.016774650663137436,-0.003533407347276807,-0.058626335114240646,-0.9981327652931213,-0.03134887292981148,0.1197509840130806,-0.00811060331761837,0.29000000000000004,-0.15479916334152222,-0.15101444721221924,-0.2518153488636017,-0.20888306200504303,0.01092491578310728,0.36433145403862,0.16552771627902985,-0.12553878128528595,-0.5911664366722107,0.6603178381919861,0.5978637337684631,1.5422306060791016,0.7670376896858215,-0.5330426096916199,-0.44197753071784973,-0.9219075441360474,0.29914578795433044
3.6134495735168457,0.4834260940551758,0.6854787468910217,-0.01649162359535694,-0.0038773315027356148,-0.06720712780952454,-0.9975951910018921,-0.03878434747457504,0.1210879310965538,-0.02626197226345539,0.29000000000000004,-0.15552648901939392,-0.14645756781101227,-0.2456202208995819,-0.2111288160085678,-0.008368020877242088,0.36500775814056396,0.16446803510189056,-0.12936244904994965,-0.6159946322441101,0.6763895153999329,0.5895918607711792,1.4895492792129517,0.8087792992591858,-0.6067566871643066,-0.4140178859233856,-0.8700466752052307,0.29066920280456543
3.613269567489624,0.483112096786499,0.6855713129043579,-0.016610821709036827,-0.0033179500605911016,-0.07507569342851639,-0.9970338940620422,-0.044229939579963684,0.12065481394529343,-0.04239973798394203,0.29000000000000004,-0.15455657243728638,-0.14300495386123657,-0.2379823476076126,-0.21469293534755707,-0.026133982464671135,0.36568015813827515,0.1644526720046997,-0.13291382789611816,-0.6354342699050903,0.6800045371055603,0.5756733417510986,1.4252915382385254,0.8420771360397339,-0.6867091059684753,-0.3816991150379181,-0.8061439990997314,0.27749425172805786
3.612894296646118,0.4830980598926544,0.6856505274772644,-0.01687643676996231,-0.00242281099781394,-0.08165613561868668,-0.9965147376060486,-0.04861290380358696,0.11939564347267151,-0.05577397346496582,0.29000000000000004,-0.15290570259094238,-0.14044395089149475,-0.23052257299423218,-0.2183995246887207,-0.04118211194872856,0.3656207323074341,0.1649337261915207,-0.13532565534114838,-0.6472770571708679,0.6708689332008362,0.5578887462615967,1.348246693611145,0.870387852191925,-0.7716572284698486,-0.34586167335510254,-0.7358099818229675,0.2642364501953125
3.612323760986328,0.48317262530326843,0.6857132911682129,-0.016975093632936478,-0.0015538480365648866,-0.08647201210260391,-0.9961084723472595,-0.05193518102169037,0.11851014941930771,-0.06592735648155212,0.29000000000000004,-0.15251131355762482,-0.1382792890071869,-0.22437044978141785,-0.22099711000919342,-0.05263419821858406,0.3643769323825836,0.16538439691066742,-0.1359885036945343,-0.6501455903053284,0.6498077511787415,0.5385420918464661,1.259345531463623,0.8987252712249756,-0.8594301342964172,-0.3073868751525879,-0.6616557240486145,0.2547721862792969
3.6115972995758057,0.48316657543182373,0.6857444047927856,-0.016697145998477936,-0.000966354738920927,-0.08919335901737213,-0.9958738684654236,-0.0541481114923954,0.11889620125293732,-0.07214785367250443,0.29000000000000004,-0.15496446192264557,-0.13612650334835052,-0.22058264911174774,-0.22163209319114685,-0.0596703365445137,0.36214810609817505,0.16540919244289398,-0.13488224148750305,-0.6436809301376343,0.618405818939209,0.5184561610221863,1.1620509624481201,0.9297069311141968,-0.9476684927940369,-0.2662310004234314,-0.5841062068939209,0.24923288822174072
3.610783815383911,0.4829961061477661,0.6858000755310059,-0.01627453789114952,-0.0008266943041235209,-0.08937595039606094,-0.9958646297454834,-0.05542987212538719,0.12000343203544617,-0.07306127995252609,0.29000000000000004,-0.15681608021259308,-0.13449880480766296,-0.22008869051933289,-0.2205289751291275,-0.0610075481235981,0.3592616319656372,0.16480080783367157,-0.132044717669487,-0.6272016167640686,0.5776583552360535,0.4970511496067047,1.0599502325057983,0.9628773331642151,-1.0339237451553345,-0.22329482436180115,-0.5019716024398804,0.24672266840934753
3.6100125312805176,0.4825666546821594,0.6858764290809631,-0.015866214409470558,-0.0009639598429203033,-0.08693390339612961,-0.9960871934890747,-0.05493507161736488,0.12172238528728485,-0.06798297166824341,0.29000000000000004,-0.1575913280248642,-0.13340133428573608,-0.22273635864257812,-0.21784786880016327,-0.056336741894483566,0.3565478026866913,0.16357165575027466,-0.12815888226032257,-0.6005470752716064,0.5293156504631042,0.47389915585517883,0.9559396505355835,0.9965135455131531,-1.115052580833435,-0.1807067096233368,-0.41373947262763977,0.24801702797412872
3.6094155311584473,0.4818224012851715,0.6859332919120789,-0.015430924482643604,-0.0009364155703224242,-0.08201098442077637,-0.9965114593505859,-0.05092107132077217,0.12445832043886185,-0.05684434995055199,0.29000000000000004,-0.15879346430301666,-0.1326550841331482,-0.2273939698934555,-0.21339194476604462,-0.046218615025281906,0.35480549931526184,0.1615854948759079,-0.1240803450345993,-0.5640053153038025,0.47520148754119873,0.44950437545776367,0.851688027381897,1.0306791067123413,-1.1891262531280518,-0.1402801126241684,-0.31862708926200867,0.25591954588890076
3.609090566635132,0.4806820750236511,0.6859599351882935,-0.014981415122747421,-0.000395103357732296,-0.07465944439172745,-0.9970963597297668,-0.041800983250141144,0.1283375471830368,-0.03920779749751091,0.29000000000000004,-0.16076579689979553,-0.13200980424880981,-0.23306022584438324,-0.20699666440486908,-0.031045878306031227,0.3544684946537018,0.15879389643669128,-0.1203240156173706,-0.5181310176849365,0.41701972484588623,0.4248480498790741,0.7483893632888794,1.0674797296524048,-1.25608229637146,-0.10192400217056274,-0.2176619917154312,0.2727678716182709
3.609067440032959,0.4790632426738739,0.6859317421913147,-0.014456217177212238,0.0006687974091619253,-0.06500937044620514,-0.9977796077728271,-0.02741006575524807,0.13338936865329742,-0.015267292968928814,0.29000000000000004,-0.16378313302993774,-0.1313808411359787,-0.23959623277187347,-0.19838452339172363,-0.011194523423910141,0.3559078276157379,0.15513555705547333,-0.1171964481472969,-0.4642702341079712,0.3570091128349304,0.40057894587516785,0.6483708024024963,1.107176661491394,-1.3164693117141724,-0.06426024436950684,-0.11452385038137436,0.29825660586357117
3.6093218326568604,0.4769379794597626,0.6858518123626709,-0.01374745462089777,0.002030501840636134,-0.05363018065690994,-0.998464047908783,-0.008713430725038052,0.13947626948356628,0.0136656379327178,0.29000000000000004,-0.1677684485912323,-0.13035285472869873,-0.2466718703508377,-0.18747664988040924,0.011887732893228531,0.35866791009902954,0.15055540204048157,-0.11457536369562149,-0.4050929844379425,0.29776737093925476,0.3768584728240967,0.5548222661018372,1.1475005149841309,-1.3704935312271118,-0.03,-0.01447820570319891,0.32961729168891907
3.6097867488861084,0.4743539094924927,0.6857192516326904,-0.012736366130411625,0.0032936539500951767,-0.0414927639067173,-0.9990521669387817,0.01257314346730709,0.14639204740524292,0.04532045125961304,0.29000000000000004,-0.17289608716964722,-0.12834054231643677,-0.25406527519226074,-0.17453008890151978,0.036013927310705185,0.3621039092540741,0.1451275497674942,-0.11230652034282684,-0.34435728192329407,0.24189393222332,0.35390254855155945,0.47024041414260864,1.1849333047866821,-1.4188429117202759,-0.03,0.07777152210474014,0.3625738024711609
3.6103861331939697,0.4713999629020691,0.6855397820472717,-0.011390948668122292,0.003976179752498865,-0.02954409085214138,-0.9994906187057495,0.03397618234157562,0.15385611355304718,0.0771666020154953,0.29000000000000004,-0.17889198660850525,-0.125131756067276,-0.26197579503059387,-0.16008107364177704,0.05930345132946968,0.3657092750072479,0.13901032507419586,-0.11019426584243774,-0.2859143316745758,0.1918446570634842,0.3321857750415802,0.39660000801086426,1.2157189846038818,-1.4629406929016113,-0.03,0.15966036915779114,0.3909257650375366
3.611046552658081,0.46819013357162476,0.6852948069572449,-0.009783752262592316,0.003513812553137541,-0.01851428858935833,-0.9997745156288147,0.05202607065439224,0.16166207194328308,0.10647231340408325,0.29000000000000004,-0.18553422391414642,-0.12146541476249695,-0.27150315046310425,-0.14480210840702057,0.08075211197137833,0.3696986436843872,0.13242338597774506,-0.10847701877355576,-0.2331274002790451,0.1494123935699463,0.31258106231689453,0.3353646695613861,1.239051103591919,-1.5054326057434082,-0.03,0.23112910985946655,0.40714436769485474
3.611741065979004,0.4648692011833191,0.684973418712616,-0.00807246658951044,0.001554372371174395,-0.008989688009023666,-0.9999257326126099,0.06351400911808014,0.1697155237197876,0.13072922825813293,0.29000000000000004,-0.19243304431438446,-0.11870074272155762,-0.2833590805530548,-0.1295248121023178,0.09962610900402069,0.3743192255496979,0.12574517726898193,-0.10731314867734909,-0.18857339024543762,0.1150444746017456,0.29551032185554504,0.2856099009513855,1.257777214050293,-1.5497344732284546,-0.03,0.29400619864463806,0.40413594245910645
3.6125755310058594,0.46158432960510254,0.6845700740814209,-0.006437285337597132,-0.001640934031456709,-0.001510634203441441,-0.9999767541885376,0.06733852624893188,0.17796590924263,0.14790888130664825,0.29000000000000004,-0.1992293894290924,-0.11820760369300842,-0.2969268262386322,-0.11519700288772583,0.11501836031675339,0.3803793489933014,0.1192813292145729,-0.10760925710201263,-0.15452463924884796,0.08965641260147095,0.28025999665260315,0.24642327427864075,1.273148775100708,-1.5980206727981567,-0.03,0.3499934673309326,0.37766751646995544
3.6137654781341553,0.458612859249115,0.6841303110122681,-0.004859025590121746,-0.005255087278783321,0.0034851853270083666,-0.9999682903289795,0.06490442156791687,0.18635223805904388,0.15713262557983398,0.29000000000000004,-0.2054436057806015,-0.12107572704553604,-0.3093222975730896,-0.10277485847473145,0.12538790702819824,0.3871622383594513,0.11350885778665543,-0.10987556725740433,-0.12950913608074188,0.07432277500629425,0.26590487360954285,0.2158076912164688,1.2825499773025513,-1.6500451564788818,-0.03,0.40376779437065125,0.3206774592399597
3.6153485774993896,0.4559227228164673,0.6836441159248352,-0.003586037317290902,-0.008758303709328175,0.005650615319609642,-0.9999392628669739,0.05928666144609451,0.1941838264465332,0.1591121256351471,0.29000000000000004,-0.21108321845531464,-0.1252416968345642,-0.32026800513267517,-0.09305624663829803,0.13056015968322754,0.39659491181373596,0.10840416699647903,-0.11542583256959915,-0.11930835992097855,0.07150309532880783,0.25259527564048767,0.19918027520179749,1.285935878753662,-1.7084987163543701,-0.03,0.44603341817855835,0.251417875289917
3.617208480834961,0.4535284638404846,0.6831752061843872,-0.0026409507263451815,-0.012085803784430027,0.0055185421369969845,-0.9999081492424011,0.05293303355574608,0.2009730339050293,0.15639786422252655,0.29000000000000004,-0.21580827236175537,-0.12855996191501617,-0.32956042885780334,-0.08597471565008163,0.13130700588226318,0.40721195936203003,0.10393289476633072,-0.12312397360801697,-0.12567883729934692,0.08043059706687927,0.24149924516677856,0.1932739019393921,1.2849738597869873,-1.7738244533538818,-0.03,0.4722023010253906,0.1823151707649231
3.6190903186798096,0.4514966607093811,0.6827587485313416,-0.0020344427321106195,-0.015665169805288315,0.0032286474015563726,-0.9998698830604553,0.044183339923620224,0.2065267413854599,0.14949911832809448,0.29000000000000004,-0.21965128183364868,-0.13055731356143951,-0.3383250832557678,-0.08158581703901291,0.12819430232048035,0.4178732931613922,0.10020488500595093,-0.13175587356090546,-0.14783068001270294,0.09770585596561432,0.2329772412776947,0.18898586928844452,1.2819719314575195,-1.8439083099365234,-0.03,0.48034173250198364,0.12041356414556503
3.6208603382110596,0.44991692900657654,0.68243408203125,-0.0016892774729058146,-0.01958860084414482,-0.001700722612440586,-0.9998050928115845,0.031044647097587585,0.21100302040576935,0.1362953633069992,0.29000000000000004,-0.22265559434890747,-0.13162952661514282,-0.3462308347225189,-0.08025521785020828,0.12016087025403976,0.427507609128952,0.09715306013822556,-0.14082302153110504,-0.18601857125759125,0.12090498954057693,0.2255152314901352,0.18268941342830658,1.2789615392684937,-1.9155398607254028,-0.03,0.4707101881504059,0.06731435656547546
3.6226353645324707,0.44889894127845764,0.6822102665901184,-0.0014846348203718662,-0.023333966732025146,-0.010055783204734325,-0.9996759295463562,0.013740106485784054,0.21444225311279297,0.11421719938516617,0.29000000000000004,-0.224222332239151,-0.13272780179977417,-0.351330429315567,-0.08258263766765594,0.10536849498748779,0.436136394739151,0.09532640874385834,-0.15084245800971985,-0.24162815511226654,0.15182337164878845,0.2159559279680252,0.1793319135904312,1.2746665477752686,-1.9855875968933105,-0.03,0.4450967013835907,0.018589310348033905
3.6245155334472656,0.44849708676338196,0.6820709705352783,-0.001518933568149805,-0.02662898786365986,-0.0218376275151968,-0.999405562877655,-0.006288217380642891,0.2161414474248886,0.08340724557638168,0.29000000000000004,-0.22399736940860748,-0.13373009860515594,-0.3529964089393616,-0.08889129757881165,0.08379253000020981,0.44437143206596375,0.09489315003156662,-0.16248926520347595,-0.31273454427719116,0.18943840265274048,0.20174036920070648,0.18022488057613373,1.2719346284866333,-2.052765130996704,-0.03,0.40525612235069275,-0.03008401393890381
3.626516819000244,0.4487151503562927,0.681979238986969,-0.0018266456900164485,-0.029157627373933792,-0.03620737046003342,-0.9989170432090759,-0.027033507823944092,0.2157021462917328,0.04713496193289757,0.29000000000000004,-0.2226131409406662,-0.13449235260486603,-0.35081470012664795,-0.09865675121545792,0.05698469281196594,0.45240160822868347,0.09595345705747604,-0.17561084032058716,-0.39310646057128906,0.23030731081962585,0.1821414828300476,0.18286409974098206,1.2700982093811035,-2.1148078441619873,-0.03,0.35647422075271606,-0.07556238770484924
3.628568410873413,0.4494810402393341,0.6818749904632568,-0.0022120848298072815,-0.030591601505875587,-0.0520159937441349,-0.9981750845909119,-0.04610738903284073,0.21367421746253967,0.008005584590137005,0.29000000000000004,-0.22200775146484375,-0.13526727259159088,-0.3443177342414856,-0.11046051234006882,0.026720579713582993,0.45987021923065186,0.09828133136034012,-0.18950971961021423,-0.475107878446579,0.2701728641986847,0.15927579998970032,0.1843571960926056,1.2659296989440918,-2.1670453548431396,-0.03,0.30542317032814026,-0.1135748028755188
3.6305336952209473,0.45061081647872925,0.6817948222160339,-0.002397038508206606,-0.031056435778737068,-0.06801474094390869,-0.9971979260444641,-0.06270844489336014,0.21106700599193573,-0.03079615719616413,0.29000000000000004,-0.22245846688747406,-0.13602444529533386,-0.33364811539649963,-0.12238828837871552,-0.00518558407202363,0.46489885449409485,0.10151202231645584,-0.2022932767868042,-0.5528483390808105,0.3058985471725464,0.1363355964422226,0.18644218146800995,1.2576929330825806,-2.204740524291992,-0.03,0.25295189023017883,-0.1466875970363617
3.632317066192627,0.4518113136291504,0.6818608045578003,-0.002322929911315441,-0.030890339985489845,-0.08347582817077637,-0.9960281848907471,-0.07746000587940216,0.2083669900894165,-0.06780638545751572,0.29000000000000004,-0.22092947363853455,-0.1368044763803482,-0.31904199719429016,-0.13310730457305908,-0.037949975579977036,0.4652118384838104,0.10466914623975754,-0.2124265879392624,-0.6240629553794861,0.33776983618736267,0.11541442573070526,0.19255226850509644,1.2447539567947388,-2.2245960235595703,-0.03,0.19533289968967438,-0.14999999999999997
3.6338284015655518,0.45293575525283813,0.681964635848999,-0.0018887202022597194,-0.030451299622654915,-0.09859676659107208,-0.9946596026420593,-0.09174223989248276,0.2061575949192047,-0.10411416739225388,0.29000000000000004,-0.21992407739162445,-0.13736315071582794,-0.3024709224700928,-0.1421009600162506,-0.07144369184970856,0.4626253545284271,0.10771270841360092,-0.22056171298027039,-0.6892701983451843,0.367606520652771,0.09717879444360733,0.2025507390499115,1.2275774478912354,-2.226686716079712,-0.03,0.12958039343357086,-0.14999999999999997
3.635026216506958,0.4539301097393036,0.68202805519104,-0.0013750458601862192,-0.030000699684023857,-0.1137581393122673,-0.9930542707443237,-0.10684125125408173,0.20370477437973022,-0.14087072014808655,0.29000000000000004,-0.21932260692119598,-0.1376492977142334,-0.2857646346092224,-0.15012674033641815,-0.1054474264383316,0.45950835943222046,0.11068899929523468,-0.2278711497783661,-0.7488750219345093,0.3956886827945709,0.08154375106096268,0.21350112557411194,1.2085891962051392,-2.2149198055267334,-0.03,0.05690699815750122,-0.14999999999999997
3.6358866691589355,0.45475485920906067,0.6819711327552795,-0.0010253501823171973,-0.029657790437340736,-0.12910284101963043,-0.9911870360374451,-0.12385601550340652,0.2002393901348114,-0.17888523638248444,0.29000000000000004,-0.21918894350528717,-0.13803084194660187,-0.2704482674598694,-0.15792027115821838,-0.1393846720457077,0.4581831097602844,0.11363689601421356,-0.23553016781806946,-0.802003800868988,0.42013704776763916,0.0688009262084961,0.22216451168060303,1.1917409896850586,-2.194282293319702,-0.03,-0.018136760219931602,-0.14999999999999997
3.636444330215454,0.4553524851799011,0.6817288994789124,-0.0009493861580267549,-0.029173286631703377,-0.14442099630832672,-0.9890856146812439,-0.14204059541225433,0.19554351270198822,-0.2176082283258438,0.29000000000000004,-0.2196008414030075,-0.13908034563064575,-0.2568223476409912,-0.1657475382089615,-0.1725069135427475,0.4601586163043976,0.11651470512151718,-0.24426615238189697,-0.8468401432037354,0.438876748085022,0.05917661637067795,0.22705329954624176,1.1804314851760864,-2.1677069664001465,-0.03,-0.08891003578901291,-0.14999999999999997
3.6367874145507812,0.4556747376918793,0.6812957525253296,-0.0012296882923692465,-0.02799176424741745,-0.15933215618133545,-0.9868272542953491,-0.15918147563934326,0.18982411921024323,-0.25555092096328735,0.29000000000000004,-0.22053903341293335,-0.1410161256790161,-0.24378478527069092,-0.17360787093639374,-0.2043868750333786,0.4657297432422638,0.11902609467506409,-0.2544465959072113,-0.8818333148956299,0.4514061212539673,0.05237700417637825,0.2296559363603592,1.175320029258728,-2.13767671585083,-0.03,-0.15086044371128082,-0.14999999999999997
3.636875629425049,0.45572295784950256,0.6806920170783997,-0.0018858711700886488,-0.0263003371655941,-0.1738724708557129,-0.9844151139259338,-0.1753440797328949,0.18303276598453522,-0.2925870418548584,0.29000000000000004,-0.2219270020723343,-0.14321058988571167,-0.2315547615289688,-0.18171191215515137,-0.23490892350673676,0.4743536710739136,0.1216406300663948,-0.26568788290023804,-0.9070693850517273,0.45804187655448914,0.04791557043790817,0.23313993215560913,1.1737746000289917,-2.0984089374542236,-0.03,-0.2069220244884491,-0.14999999999999997
3.636638641357422,0.4555857181549072,0.6799101829528809,-0.002980082295835018,-0.02438436448574066,-0.18822936713695526,-0.9818177223205566,-0.19134971499443054,0.17464008927345276,-0.3291577994823456,0.29000000000000004,-0.22355586290359497,-0.1453753411769867,-0.22082993388175964,-0.19068868458271027,-0.26405495405197144,0.48617517948150635,0.1246192678809166,-0.2779293358325958,-0.9229401350021362,0.4592815339565277,0.045015644282102585,0.23927469551563263,1.172533631324768,-2.0514445304870605,-0.03,-0.26073336601257324,-0.14999999999999997
3.6360511779785156,0.45532339811325073,0.6789940595626831,-0.004395811352878809,-0.022280778735876083,-0.2022274285554886,-0.9790750741958618,-0.2069156914949417,0.1648736447095871,-0.36470985412597656,0.29000000000000004,-0.22533555328845978,-0.14733386039733887,-0.21128617227077484,-0.20034268498420715,-0.29177865386009216,0.5001283288002014,0.12778064608573914,-0.2905100882053375,-0.9285921454429626,0.4558931291103363,0.04313812777400017,0.24756230413913727,1.1695799827575684,-1.9986296892166138,-0.03,-0.31222739815711975,-0.14999999999999997
3.635119915008545,0.4549270272254944,0.6780099272727966,-0.00591663271188736,-0.01994507946074009,-0.21548756957054138,-0.9762848019599915,-0.221295565366745,0.15458595752716064,-0.39821183681488037,0.29000000000000004,-0.22737304866313934,-0.1488804966211319,-0.20248296856880188,-0.2099326252937317,-0.3178541958332062,0.5148406028747559,0.1305798590183258,-0.3025513291358948,-0.9226016402244568,0.44905775785446167,0.04233090579509735,0.25507986545562744,1.1649320125579834,-1.9418998956680298,-0.03,-0.35867857933044434,-0.14999999999999997
3.633845567703247,0.4543202221393585,0.6769992113113403,-0.0073352111503481865,-0.01745271123945713,-0.22784523665905,-0.9735132455825806,-0.2346191704273224,0.14452135562896729,-0.42943525314331055,0.29000000000000004,-0.22979813814163208,-0.14983321726322174,-0.19440597295761108,-0.218769833445549,-0.34228000044822693,0.5293238759040833,0.13270129263401031,-0.3135606050491333,-0.9047853350639343,0.4406610131263733,0.04281596839427948,0.2593748867511749,1.159267783164978,-1.8829525709152222,-0.03,-0.39736250042915344,-0.14999999999999997
3.6322360038757324,0.4534384310245514,0.6759361624717712,-0.008479037322103977,-0.01497522834688425,-0.23936229944229126,-0.9707777500152588,-0.24819692969322205,0.13509000837802887,-0.45765864849090576,0.29000000000000004,-0.23278194665908813,-0.1501922607421875,-0.18769942224025726,-0.22653721272945404,-0.36485761404037476,0.5437167882919312,0.13453975319862366,-0.32346293330192566,-0.8762862682342529,0.4322545528411865,0.044619377702474594,0.26016491651535034,1.1532981395721436,-1.8236830234527588,-0.03,-0.42654213309288025,-0.14999999999999997
3.6303718090057373,0.4522882401943207,0.674688994884491,-0.0091271186247468,-0.012544725090265274,-0.2502773404121399,-0.9680498838424683,-0.2644921541213989,0.12696801126003265,-0.480627179145813,0.302085816860199,-0.2370050847530365,-0.14945095777511597,-0.1828421801328659,-0.23307742178440094,-0.3859650194644928,0.5592185854911804,0.1357145607471466,-0.3332127630710602,-0.8389629125595093,0.42449113726615906,0.047631558030843735,0.25779303908348083,1.1476116180419922,-1.7660425901412964,-0.03,-0.44496455788612366,-0.14999999999999997
3.628337860107422,0.45094025135040283,0.6731612086296082,-0.009292160160839558,-0.010099800303578377,-0.26088330149650574,-0.9652726650238037,-0.2843042314052582,0.11986874043941498,-0.4984045624732971,0.32302871346473694,-0.24,-0.1478700190782547,-0.1796901524066925,-0.23877032101154327,-0.4059405028820038,0.5766935348510742,0.13663126528263092,-0.3435307741165161,-0.7947405576705933,0.4169404208660126,0.051790930330753326,0.25158244371414185,1.1422157287597656,-1.711912989616394,-0.03,-0.4507458508014679,-0.14999999999999997
3.626206874847412,0.44951561093330383,0.6713670492172241,-0.009308578446507454,-0.007576007395982742,-0.27123770117759705,-0.9624375104904175,-0.3056568503379822,0.1131981834769249,-0.511375367641449,0.3463475704193115,-0.24,-0.14618751406669617,-0.17778170108795166,-0.24458223581314087,-0.4247535169124603,0.5963543653488159,0.1375848352909088,-0.3547038435935974,-0.744942307472229,0.4086551070213318,0.05699298530817032,0.2406129390001297,1.1367019414901733,-1.6629775762557983,-0.03,-0.4422513246536255,-0.09030124545097351
3.624040126800537,0.4481370747089386,0.6693738102912903,-0.009509448893368244,-0.005029188934713602,-0.28113535046577454,-0.9596077799797058,-0.3264673352241516,0.1067562848329544,-0.5199081897735596,0.3699699640274048,-0.24,-0.1443043202161789,-0.1769079715013504,-0.25128838419914246,-0.44170573353767395,0.6178268194198608,0.13913452625274658,-0.36650288105010986,-0.6905137896537781,0.39915430545806885,0.06316286325454712,0.22519515454769135,1.131550908088684,-1.620705008506775,-0.03,-0.42036813497543335,-0.015549845062196255
3.621899127960205,0.4469127357006073,0.6672387719154358,-0.01011174637824297,-0.0026385535020381212,-0.2904849350452423,-0.9568224549293518,-0.3454340100288391,0.100399911403656,-0.5255033373832703,0.39268240332603455,-0.24,-0.1428813934326172,-0.17724713683128357,-0.2595672011375427,-0.45662495493888855,0.6410787105560303,0.14082437753677368,-0.37902966141700745,-0.6328185796737671,0.3887791931629181,0.07021777331829071,0.20640216767787933,1.1273032426834106,-1.5865464210510254,-0.03,-0.387830913066864,0.06531987339258194
3.619828939437866,0.44593513011932373,0.6649768352508545,-0.011190949007868767,-0.0006231964216567576,-0.299356073141098,-0.9540755748748779,-0.36273518204689026,0.09353239834308624,-0.5300154685974121,0.41438525915145874,-0.24,-0.14225494861602783,-0.17894646525382996,-0.26975157856941223,-0.46929970383644104,0.6658449172973633,0.1431969851255417,-0.3921232521533966,-0.5732817053794861,0.3779471814632416,0.07789289951324463,0.1863155961036682,1.1239380836486816,-1.5613874197006226,-0.03,-0.3480612635612488,0.14702941477298737
3.6178507804870605,0.4452528655529022,0.6626136898994446,-0.012734278105199337,0.0007484902162104845,-0.3078453540802002,-0.951350748538971,-0.3795207440853119,0.08471761643886566,-0.5348340272903442,0.43557506799697876,-0.24,-0.14213109016418457,-0.18236756324768066,-0.2819894254207611,-0.47975045442581177,0.691850483417511,0.1463223546743393,-0.4056340754032135,-0.5126293897628784,0.366206556558609,0.08604864776134491,0.16694416105747223,1.1215811967849731,-1.5450451374053955,-0.03,-0.3036406338214874,0.22305525839328766
3.615971565246582,0.4448681175708771,0.6601688265800476,-0.014604108408093452,0.001313076470978558,-0.3160479962825775,-0.9486297965049744,-0.3965771496295929,0.07317154109477997,-0.5413063168525696,0.45690587162971497,-0.24,-0.14278189837932587,-0.18766778707504272,-0.2960065007209778,-0.48820531368255615,0.7186293005943298,0.15004165470600128,-0.4192756116390228,-0.4509781301021576,0.3524753749370575,0.09487643092870712,0.1491224318742752,1.1205646991729736,-1.5364166498184204,-0.03,-0.25608065724372864,0.28937819600105286
3.6142001152038574,0.44476303458213806,0.6576443910598755,-0.016641845926642418,0.001071073696948588,-0.3241042196750641,-0.9458742737770081,-0.41405999660491943,0.05873445048928261,-0.5506301522254944,0.4786321520805359,-0.24,-0.1444631665945053,-0.19460386037826538,-0.31136029958724976,-0.49499431252479553,0.7457970380783081,0.1546887308359146,-0.43307816982269287,-0.3885321617126465,0.33588218688964844,0.10440962761640549,0.1328221559524536,1.1209460496902466,-1.5340241193771362,-0.03,-0.20622354745864868,0.3453167974948883
3.6125338077545166,0.4449055790901184,0.6550721526145935,-0.018805881962180138,6.935251440154389e-05,-0.33212220668792725,-0.9430487751960754,-0.43162015080451965,0.04109886661171913,-0.5634816288948059,0.5006067752838135,-0.24,-0.14738759398460388,-0.20276571810245514,-0.32783982157707214,-0.5006670355796814,0.772876501083374,0.15984579920768738,-0.44684773683547974,-0.32553714513778687,0.3161006271839142,0.1142529845237732,0.11757005006074905,1.1225252151489258,-1.5365805625915527,-0.03,-0.154243603348732,0.3915197551250458
3.6109848022460938,0.4452708065509796,0.6524749994277954,-0.02106427028775215,-0.0015800020191818476,-0.34007689356803894,-0.9401602745056152,-0.4486841559410095,0.020668385550379753,-0.5794742703437805,0.5221565961837769,-0.24,-0.15102532505989075,-0.21182657778263092,-0.3451806306838989,-0.5053015351295471,0.7996250987052917,0.16549956798553467,-0.46042388677597046,-0.2618742287158966,0.29339897632598877,0.12394032627344131,0.1021207645535469,1.1252105236053467,-1.543265461921692,-0.03,-0.09967810660600662,0.4291106164455414
3.609469175338745,0.44589763879776,0.6498817801475525,-0.023179618641734123,-0.0037025408819317818,-0.3479923903942108,-0.9372033476829529,-0.46553099155426025,-0.001504945452325046,-0.5972794890403748,0.5435323119163513,-0.24,-0.15512464940547943,-0.22112980484962463,-0.362684041261673,-0.5093662142753601,0.8251648545265198,0.17177347838878632,-0.47330427169799805,-0.19505923986434937,0.2679934799671173,0.13373179733753204,0.08294011652469635,1.1287935972213745,-1.5537089109420776,-0.03,-0.03993379324674606,0.45904341340065
3.608076810836792,0.44663283228874207,0.6472451090812683,-0.025299426168203354,-0.006169083993881941,-0.3560792803764343,-0.9340927004814148,-0.48181048035621643,-0.024304205551743507,-0.6151173710823059,0.5636918544769287,-0.24,-0.1587711125612259,-0.2303730845451355,-0.38060763478279114,-0.5134671926498413,0.8503745198249817,0.17819960415363312,-0.48620209097862244,-0.1289912611246109,0.24172043800354004,0.14252184331417084,0.06186950206756592,1.1333613395690918,-1.5672173500061035,-0.03,0.0210152268409729,0.4802888035774231
3.606813669204712,0.4474242031574249,0.644601047039032,-0.027427859604358673,-0.008963325060904026,-0.3642721176147461,-0.9308453798294067,-0.4974577724933624,-0.04744630306959152,-0.6323542594909668,0.5824670791625977,-0.24,-0.16179364919662476,-0.23957349359989166,-0.398997038602829,-0.5180606842041016,0.8753439784049988,0.183476060628891,-0.4991535246372223,-0.06404637545347214,0.21502463519573212,0.15009328722953796,0.03748437762260437,1.138707160949707,-1.5830072164535522,-0.03,0.08396457135677338,0.493558794260025
3.605679988861084,0.44824153184890747,0.6420335173606873,-0.029500026255846024,-0.012076299637556076,-0.3724403381347656,-0.9275084733963013,-0.5122546553611755,-0.06,-0.6486413478851318,0.5991548895835876,-0.24,-0.16387750208377838,-0.24866388738155365,-0.4176236093044281,-0.5234499573707581,0.89961838722229,0.18696896731853485,-0.5117058157920837,-0.00015902465383987874,0.18829317390918732,0.1560104340314865,0.009769261814653873,1.1444510221481323,-1.600362777709961,-0.03,0.14918021857738495,0.498929500579834
3.6046605110168457,0.4490714371204376,0.639631450176239,-0.03149279206991196,-0.01554828230291605,-0.3805482089519501,-0.9240937829017639,-0.5260303020477295,-0.06,-0.6638087034225464,0.6128512024879456,-0.24,-0.16453813016414642,-0.2574250400066376,-0.43618789315223694,-0.52959805727005,0.9223337769508362,0.18931838870048523,-0.5234348773956299,0.062220025807619095,0.16163399815559387,0.1595940887928009,-0.019709164276719093,1.1505038738250732,-1.6193410158157349,-0.03,0.2169489860534668,0.49628984928131104
3.6037440299987793,0.4499363899230957,0.637446403503418,-0.033376544713974,-0.019421860575675964,-0.3886326849460602,-0.9205830693244934,-0.5388113260269165,-0.06,-0.6779974699020386,0.6232216954231262,-0.24,-0.16360405087471008,-0.26570355892181396,-0.4545856714248657,-0.5366543531417847,0.9430683255195618,0.19087529182434082,-0.5341174006462097,0.12256365269422531,0.1353260576725006,0.16035054624080658,-0.04955453425645828,1.1557228565216064,-1.6408209800720215,-0.03,0.287709504365921,0.4858317971229553
3.6029391288757324,0.45088034868240356,0.6355096101760864,-0.03510307893157005,-0.023596392944455147,-0.39662522077560425,-0.9170056581497192,-0.5505031943321228,-0.06,-0.6912161111831665,0.6305297017097473,-0.24,-0.1613326072692871,-0.273104727268219,-0.4725933074951172,-0.5448085069656372,0.9615570902824402,0.19158895313739777,-0.5436267852783203,0.18095697462558746,0.1096203625202179,0.1582297682762146,-0.0790802612900734,1.1593832969665527,-1.6655765771865845,-0.03,0.3607613444328308,0.4688076078891754
3.6022660732269287,0.4519433081150055,0.6338177919387817,-0.03660739213228226,-0.027913419529795647,-0.40448254346847534,-0.913386344909668,-0.5611558556556702,-0.06,-0.7032684683799744,0.635574221611023,-0.24,-0.15819428861141205,-0.27909547090530396,-0.48994478583335876,-0.5544121265411377,0.977732241153717,0.1912790685892105,-0.5520138144493103,0.23761358857154846,0.08449581265449524,0.15359632670879364,-0.10810697078704834,1.1616078615188599,-1.6939294338226318,-0.03,0.4344100058078766,0.44676631689071655
3.6017322540283203,0.45314621925354004,0.6323220729827881,-0.03773494064807892,-0.03228115290403366,-0.4123367369174957,-0.9096770882606506,-0.5713484883308411,-0.06,-0.7140192985534668,0.6395625472068787,-0.24,-0.15457187592983246,-0.28395938873291016,-0.506468653678894,-0.5650475025177002,0.9925940632820129,0.19074054062366486,-0.5587336421012878,0.2923797070980072,0.059519603848457336,0.1469493955373764,-0.13647615909576416,1.1632660627365112,-1.725806713104248,-0.03,0.5073617696762085,0.4210207760334015
3.601278781890869,0.45448777079582214,0.6308416724205017,-0.038389433175325394,-0.03680000826716423,-0.42023181915283203,-0.9058570861816406,-0.5821609497070312,-0.06,-0.7246663570404053,0.6439694762229919,-0.24,-0.15126022696495056,-0.28743353486061096,-0.5217803716659546,-0.5772068500518799,1.0054248571395874,0.1904744654893875,-0.5655831694602966,0.3453497886657715,0.034095823764801025,0.1384809911251068,-0.16432270407676697,1.1651971340179443,-1.7610254287719727,-0.03,0.5795482993125916,0.3930785655975342
3.600909948348999,0.45599332451820374,0.6292141675949097,-0.03845643252134323,-0.0414099246263504,-0.4285028576850891,-0.9017713665962219,-0.5945738554000854,-0.06,-0.7347070574760437,0.6499933004379272,-0.24,-0.14829093217849731,-0.2898063063621521,-0.536595344543457,-0.5917094945907593,1.0184029340744019,0.1893530637025833,-0.5726784467697144,0.3958897292613983,0.00814700685441494,0.12848012149333954,-0.19173353910446167,1.1675916910171509,-1.7987406253814697,-0.03,0.6507192850112915,0.36394956707954407
3.600583553314209,0.45765888690948486,0.627288281917572,-0.03789316490292549,-0.04617275670170784,-0.4374280273914337,-0.8972673416137695,-0.6095473766326904,-0.06,-0.7434507608413696,0.658873438835144,-0.24,-0.14604249596595764,-0.2911584973335266,-0.5518249869346619,-0.6099440455436707,1.0330291986465454,0.18536654114723206,-0.5807560682296753,0.4434426724910736,-0.0179913230240345,0.11715051531791687,-0.2185373604297638,1.1696563959121704,-1.8379608392715454,-0.03,0.7205078601837158,0.3335748314857483
3.600290298461914,0.45940762758255005,0.6250630617141724,-0.03653879463672638,-0.051152028143405914,-0.44682246446609497,-0.8924113512039185,-0.6276213526725769,-0.06,-0.7505433559417725,0.6706691980361938,-0.24,-0.14412915706634521,-0.29198339581489563,-0.5671849846839905,-0.6319243907928467,1.0493525266647339,0.177939772605896,-0.5896280407905579,0.4885312616825104,-0.0440170019865036,0.10504209250211716,-0.24463026225566864,1.1706433296203613,-1.8777024745941162,-0.03,0.7876676321029663,0.30092743039131165
3.6000282764434814,0.4611612558364868,0.6225683689117432,-0.034349165856838226,-0.05630476027727127,-0.4563835859298706,-0.8873352408409119,-0.6487317681312561,-0.06,-0.7551085352897644,0.6850855350494385,-0.24,-0.14289483428001404,-0.2924855649471283,-0.5825049877166748,-0.6576396822929382,1.0673197507858276,0.16620275378227234,-0.5900000000000001,0.531786322593689,-0.06933802366256714,0.09284943342208862,-0.2699182331562042,1.1701886653900146,-1.916884422302246,-0.03,0.8506325483322144,0.2650277316570282
3.600461483001709,0.46222391724586487,0.62056565284729,-0.029827918857336044,-0.060700539499521255,-0.46337202191352844,-0.8835790753364563,-0.6728254556655884,-0.06,-0.7519488334655762,0.6999727487564087,-0.24,-0.14254049956798553,-0.29295870661735535,-0.5894968509674072,-0.6863928437232971,1.0811336040496826,0.14560212194919586,-0.5900000000000001,0.5786098837852478,-0.09456007182598114,0.08360559493303299,-0.2934318482875824,1.1684519052505493,-1.9547733068466187,-0.03,0.905825138092041,0.22524523735046387
3.60098934173584,0.4630163013935089,0.6180280447006226,-0.025655671954154968,-0.06460481882095337,-0.46959105134010315,-0.8801432847976685,-0.6991517543792725,-0.06,-0.742671549320221,0.7183507680892944,-0.24,-0.14291004836559296,-0.288342148065567,-0.6002580523490906,-0.7251129150390625,1.0961310863494873,0.11784019321203232,-0.5900000000000001,0.6229979395866394,-0.11485656350851059,0.07508348673582077,-0.3135051131248474,1.1646292209625244,-1.9885437488555908,-0.03,0.9535993933677673,0.18449532985687256
3.6015145778656006,0.4635988771915436,0.6147499680519104,-0.022113971412181854,-0.06823130697011948,-0.47576582431793213,-0.8766425251960754,-0.7282275557518005,-0.06,-0.7271709442138672,0.7407370805740356,-0.24,-0.14353694021701813,-0.2830398380756378,-0.6184863448143005,-0.7675637006759644,1.1218822002410889,0.09252671897411346,-0.5900000000000001,0.6621060371398926,-0.130225270986557,0.06770686060190201,-0.3273264467716217,1.1592679023742676,-2.018293857574463,-0.03,0.9928553700447083,0.14415058493614197
3.601874589920044,0.46381130814552307,0.6106650829315186,-0.019034545868635178,-0.07220115512609482,-0.48143821954727173,-0.8732936382293701,-0.7609702348709106,-0.06,-0.707558810710907,0.7669742107391357,-0.24,-0.14473120868206024,-0.2769317626953125,-0.6405864953994751,-0.8108404874801636,1.1501013040542603,0.07428546249866486,-0.5900000000000001,0.696431577205658,-0.1419803947210312,0.06109180301427841,-0.3337830901145935,1.153212547302246,-2.045536518096924,-0.03,1.027006983757019,0.1050664409995079
3.602050304412842,0.46367788314819336,0.6061401963233948,-0.016365399584174156,-0.07640431821346283,-0.48630428314208984,-0.8702887892723083,-0.7950551509857178,-0.06,-0.6866883039474487,0.7943649291992188,-0.24,-0.14584073424339294,-0.2703598737716675,-0.6611242294311523,-0.8517112135887146,1.1743738651275635,0.06024554744362831,-0.5900000000000001,0.7266353368759155,-0.15111109614372253,0.05491501837968826,-0.3344981074333191,1.1492455005645752,-2.070613145828247,-0.03,1.0562841892242432,0.06681369245052338
3.602231025695801,0.463376522064209,0.6019644141197205,-0.014254901558160782,-0.07991306483745575,-0.4909803569316864,-0.8673804402351379,-0.824897050857544,-0.06,-0.6686249375343323,0.8181390166282654,-0.24,-0.14614763855934143,-0.2666420638561249,-0.6811553835868835,-0.8826306462287903,1.201654076576233,0.04982537031173706,-0.5900000000000001,0.7508306503295898,-0.15768615901470184,0.050809357315301895,-0.3313095271587372,1.1484743356704712,-2.09240460395813,-0.03,1.0767297744750977,0.02874678187072277
3.602415084838867,0.4630407392978668,0.5985364317893982,-0.013185100629925728,-0.0821705162525177,-0.49524709582328796,-0.8647568821907043,-0.84715735912323,-0.06,-0.6536613702774048,0.8364354372024536,-0.24,-0.1458101123571396,-0.26480337977409363,-0.6978612542152405,-0.9038495421409607,1.2288678884506226,0.03528250753879547,-0.5900000000000001,0.7690482139587402,-0.16188479959964752,0.05002832040190697,-0.3261581063270569,1.1504629850387573,-2.109428644180298,-0.03,1.0843534469604492,-0.007148992270231247
3.6025054454803467,0.46278083324432373,0.5959290862083435,-0.014224635437130928,-0.08301031589508057,-0.49863356351852417,-0.8627116084098816,-0.8599773049354553,-0.06,-0.6383281946182251,0.8486544489860535,-0.24,-0.14463898539543152,-0.2602636218070984,-0.7109915614128113,-0.9165524840354919,1.2471188306808472,0.02805529534816742,-0.5900000000000001,0.7840244174003601,-0.1633274108171463,0.05218476429581642,-0.3217284381389618,1.1533132791519165,-2.116379499435425,-0.03,1.0859222412109375,-0.01181248389184475
3.602403402328491,0.46253693103790283,0.59409499168396,-0.016274841502308846,-0.0835295021533966,-0.5012742877006531,-0.8610934019088745,-0.8670911192893982,-0.06,-0.6233217716217041,0.854804277420044,-0.24,-0.14187899231910706,-0.2582695782184601,-0.7218224406242371,-0.9192238450050354,1.259925365447998,0.03048512525856495,-0.5900000000000001,0.794776976108551,-0.16426213085651398,0.05615093186497688,-0.31630265712738037,1.1545777320861816,-2.117312431335449,-0.03,1.0860861539840698,-0.011221213266253471
3.602064609527588,0.46236374974250793,0.5929791331291199,-0.018924390897154808,-0.08415734022855759,-0.5028614401817322,-0.860052227973938,-0.8699991703033447,-0.06,-0.608910083770752,0.8558395504951477,-0.24,-0.1382272094488144,-0.2607685625553131,-0.7311387062072754,-0.9129724502563477,1.2683765888214111,0.03832061588764191,-0.5900000000000001,0.8026911020278931,-0.16535787284374237,0.060107164084911346,-0.309720516204834,1.1543545722961426,-2.1160571575164795,-0.03,1.0846446752548218,-0.010930215008556843
3.601567029953003,0.46238407492637634,0.592696487903595,-0.02239242009818554,-0.08455168455839157,-0.5029559135437012,-0.8598747849464417,-0.8674269318580627,-0.06,-0.5945993065834045,0.8520643711090088,-0.24,-0.13396401703357697,-0.2661641836166382,-0.7393556237220764,-0.8995069861412048,1.2722702026367188,0.04859261214733124,-0.5900000000000001,0.8093430399894714,-0.16656437516212463,0.06280229985713959,-0.302404522895813,1.1547555923461914,-2.1128063201904297,-0.03,1.080417275428772,-0.010186010040342808
3.600939989089966,0.4626493453979492,0.593303382396698,-0.02696123532950878,-0.0844060555100441,-0.5016003847122192,-0.8605495691299438,-0.8584145903587341,-0.06,-0.5791904330253601,0.8432461619377136,-0.24,-0.1296255886554718,-0.2725740075111389,-0.7467187643051147,-0.8800530433654785,1.271328091621399,0.061043284833431244,-0.5900000000000001,0.8148522973060608,-0.16792751848697662,0.06357869505882263,-0.2964092493057251,1.1559200286865234,-2.1064023971557617,-0.03,1.0723364353179932,-0.00675582280382514
3.600282907485962,0.4630510210990906,0.5947189927101135,-0.03214879333972931,-0.08375051617622375,-0.4986351430416107,-0.8621572256088257,-0.8442828059196472,-0.06,-0.5627206563949585,0.8298543691635132,-0.24,-0.12510105967521667,-0.2808453440666199,-0.7518907189369202,-0.8543033003807068,1.265602707862854,0.07559926062822342,-0.5900000000000001,0.8193557858467102,-0.17073538899421692,0.062038764357566833,-0.29314687848091125,1.1561859846115112,-2.0965452194213867,-0.03,1.0598891973495483,0.0028824612963944674
3.5996696949005127,0.4634224474430084,0.5967932939529419,-0.03738897666335106,-0.08269483596086502,-0.49404335021972656,-0.8646877408027649,-0.8272029757499695,-0.06,-0.5433743596076965,0.812738835811615,-0.24,-0.11987201869487762,-0.2914889454841614,-0.7539690732955933,-0.8234182596206665,1.255773901939392,0.09106021374464035,-0.5900000000000001,0.8225380778312683,-0.1765325516462326,0.05763151869177818,-0.29175397753715515,1.1558120250701904,-2.083064079284668,-0.03,1.043184757232666,0.017468245700001717
3.59900164604187,0.4636712074279785,0.5992036461830139,-0.04248480126261711,-0.08155863732099533,-0.48763352632522583,-0.868191659450531,-0.8090865612030029,-0.06,-0.5211149454116821,0.7938454151153564,-0.24,-0.114571712911129,-0.3034142553806305,-0.7522003054618835,-0.7902385592460632,1.2397416830062866,0.10648450255393982,-0.5900000000000001,0.8245167136192322,-0.185609832406044,0.049913980066776276,-0.2918125092983246,1.156031608581543,-2.06659197807312,-0.03,1.023611307144165,0.03461890295147896
3.5984582901000977,0.46389681100845337,0.6020286679267883,-0.047293055802583694,-0.0798083171248436,-0.48079338669776917,-0.8719125986099243,-0.7884661555290222,-0.06,-0.49861061573028564,0.7723239064216614,-0.24,-0.10862962901592255,-0.31859952211380005,-0.7515266537666321,-0.7531225681304932,1.2294669151306152,0.11853407323360443,-0.5900000000000001,0.8216254711151123,-0.19729134440422058,0.03998534008860588,-0.29367953538894653,1.157906174659729,-2.0476768016815186,-0.03,1.001867651939392,0.05227357894182205
3.597928524017334,0.464072048664093,0.6050581336021423,-0.05204123258590698,-0.07749489694833755,-0.4726903438568115,-0.876270592212677,-0.7659585475921631,-0.06,-0.47419828176498413,0.7500045299530029,-0.23389200866222382,-0.10302748531103134,-0.33042240142822266,-0.7473472356796265,-0.7179946303367615,1.2134380340576172,0.1306595504283905,-0.5900000000000001,0.8157534599304199,-0.21024510264396667,0.03,-0.2979772686958313,1.1615339517593384,-2.026395082473755,-0.03,0.9788768291473389,0.07138696312904358
3.597414970397949,0.4641816020011902,0.6083757281303406,-0.05688178539276123,-0.07450385391712189,-0.46342235803604126,-0.8811658024787903,-0.7404769659042358,-0.06,-0.4475417137145996,0.7255882024765015,-0.22787347435951233,-0.09717613458633423,-0.33765655755996704,-0.7399453520774841,-0.685382068157196,1.1914379596710205,0.14278282225131989,-0.5900000000000001,0.8064413666725159,-0.22310617566108704,0.03,-0.30401355028152466,1.1664180755615234,-2.0026254653930664,-0.03,0.9548079967498779,0.09426037222146988
3.5971648693084717,0.4642658829689026,0.6122941970825195,-0.06141095608472824,-0.07024479657411575,-0.4541032314300537,-0.8860499858856201,-0.7099159955978394,-0.06,-0.4210592806339264,0.6965107321739197,-0.22231917083263397,-0.08994773030281067,-0.3419773280620575,-0.7311663031578064,-0.6526179313659668,1.1713855266571045,0.15550915896892548,-0.5900000000000001,0.7908638119697571,-0.2350538671016693,0.03,-0.3098785877227783,1.1715396642684937,-1.976855993270874,-0.03,0.9294291734695435,0.12180987745523453
3.5970358848571777,0.4642083942890167,0.6165090799331665,-0.06546591222286224,-0.06512952595949173,-0.4439658224582672,-0.8912724256515503,-0.6764123439788818,-0.06,-0.3934627175331116,0.6649719476699829,-0.21733461320400238,-0.08197192847728729,-0.33903250098228455,-0.7173125147819519,-0.6244669556617737,1.1438887119293213,0.1706700623035431,-0.5900000000000001,0.7705149054527283,-0.24501320719718933,0.03,-0.3124106526374817,1.1753175258636475,-1.949907660484314,-0.03,0.9043054580688477,0.154568612575531
3.597106695175171,0.4640260338783264,0.6210427284240723,-0.0686958059668541,-0.05894513055682182,-0.4334644675254822,-0.8966129422187805,-0.6398196816444397,-0.06,-0.36589357256889343,0.6309251189231873,-0.21315059065818787,-0.07321231812238693,-0.3290402293205261,-0.6988128423690796,-0.6005553007125854,1.1114641427993774,0.18868978321552277,-0.5841934084892273,0.7437551021575928,-0.25173234939575195,0.03,-0.3085424304008484,1.1765729188919067,-1.921973705291748,-0.03,0.8795182704925537,0.19198811054229736
3.5973715782165527,0.4636635482311249,0.6258422136306763,-0.07074566930532455,-0.051754146814346313,-0.4224857687950134,-0.9021209478378296,-0.6009250283241272,-0.06,-0.33840271830558777,0.5950568318367004,-0.2100711464881897,-0.06399467587471008,-0.31074902415275574,-0.674301266670227,-0.5823662877082825,1.0714547634124756,0.21037894487380981,-0.5675947070121765,0.7105021476745605,-0.25412675738334656,0.03,-0.2968512177467346,1.1750166416168213,-1.8937420845031738,-0.03,0.8544501066207886,0.23294472694396973
3.5979185104370117,0.4631054103374481,0.6310372352600098,-0.07104349136352539,-0.043463848531246185,-0.4115769565105438,-0.9075615406036377,-0.5594675540924072,-0.06,-0.3128204643726349,0.5560433268547058,-0.20869417488574982,-0.05367178097367287,-0.28659483790397644,-0.6439574360847473,-0.5672451257705688,1.0275444984436035,0.235889732837677,-0.5457459092140198,0.6697434782981873,-0.25084188580513,0.03,-0.27743473649024963,1.1713846921920776,-1.8657479286193848,-0.03,0.8267806172370911,0.2756943702697754
3.5985569953918457,0.4622037410736084,0.6363281607627869,-0.06948866695165634,-0.034869834780693054,-0.40006229281425476,-0.9131842851638794,-0.5176067352294922,-0.057412873953580856,-0.29053795337677,0.5152986645698547,-0.21016542613506317,-0.0432308092713356,-0.257842481136322,-0.6072777509689331,-0.5562342405319214,0.9754011631011963,0.24,-0.5230994820594788,0.6240065097808838,-0.24018116295337677,0.03,-0.2514152526855469,1.1669163703918457,-1.8380292654037476,-0.03,0.79471355676651,0.31775346398353577
3.5993661880493164,0.4611249268054962,0.6417213678359985,-0.06583491712808609,-0.025969555601477623,-0.38808077573776245,-0.9189040660858154,-0.47443002462387085,-0.02137215994298458,-0.2757047116756439,0.4702000319957733,-0.21627011895179749,-0.03196259215474129,-0.2303541600704193,-0.5700384378433228,-0.5519466400146484,0.9277499914169312,0.24,-0.5015630722045898,0.5738774538040161,-0.22019480168819427,0.03829075023531914,-0.21994565427303314,1.1628929376602173,-1.8094053268432617,-0.03,0.7547595500946045,0.3542259931564331
3.60020112991333,0.45980921387672424,0.6467350125312805,-0.05963028222322464,-0.017479609698057175,-0.3748568296432495,-0.924997866153717,-0.43422335386276245,0.01987331733107567,-0.2695411741733551,0.4241718649864197,-0.22806276381015778,-0.021195989102125168,-0.20715263485908508,-0.5285243988037109,-0.5504667162895203,0.8785372376441956,0.24,-0.47692057490348816,0.5204008221626282,-0.1892569661140442,0.06673789769411087,-0.1812400370836258,1.1566119194030762,-1.7804211378097534,-0.03,0.7031668424606323,0.3816734850406647
3.600903272628784,0.45811137557029724,0.6512372493743896,-0.050905223935842514,-0.00974884070456028,-0.3610299825668335,-0.9311127066612244,-0.39810553193092346,0.0658598467707634,-0.27126893401145935,0.3782309889793396,-0.24,-0.01138398703187704,-0.1900562345981598,-0.48201099038124084,-0.5440751910209656,0.8300892114639282,0.23036505281925201,-0.45224037766456604,0.46111708879470825,-0.1472151130437851,0.09936060011386871,-0.13416627049446106,1.1491001844406128,-1.7508790493011475,-0.03,0.6370999217033386,0.3994767367839813
3.601332664489746,0.45616498589515686,0.6551364660263062,-0.04059750959277153,-0.0031187492422759533,-0.3470480740070343,-0.9369629621505737,-0.3664746880531311,0.11396913230419159,-0.2740000784397125,0.3341549038887024,-0.24,-0.0021732572931796312,-0.17770393192768097,-0.4334145784378052,-0.5342901349067688,0.7821922302246094,0.21412989497184753,-0.4270147979259491,0.39577755331993103,-0.09631871432065964,0.1318724900484085,-0.08149740099906921,1.1473153829574585,-1.7212657928466797,-0.03,0.5586526393890381,0.4067568778991699
3.601264238357544,0.4542508125305176,0.6584780216217041,-0.029994377866387367,0.0016857280861586332,-0.33312302827835083,-0.942404568195343,-0.34092238545417786,0.15888261795043945,-0.26801660656929016,0.29740676283836365,-0.24,0.00539130624383688,-0.17101451754570007,-0.3875987231731415,-0.5222892761230469,0.7367860674858093,0.1988281011581421,-0.4012836813926697,0.3250046968460083,-0.03941861167550087,0.15864819288253784,-0.025172891095280647,1.1547985076904297,-1.6931114196777344,-0.03,0.47415727376937866,0.40260371565818787
3.600693941116333,0.45261135697364807,0.6616406440734863,-0.020134134218096733,0.004615433048456907,-0.31970760226249695,-0.9472909569740295,-0.3208600580692291,0.19651265442371368,-0.24646644294261932,0.29000000000000004,-0.24,0.012746578082442284,-0.1669473499059677,-0.34684455394744873,-0.5118553638458252,0.691742479801178,0.18515713512897491,-0.3738132119178772,0.24851061403751373,0.02092861384153366,0.17676381766796112,0.03201723098754883,1.1692595481872559,-1.667304277420044,-0.03,0.3891417384147644,0.3891444504261017
3.5997672080993652,0.45156437158584595,0.6645340323448181,-0.011021113954484463,0.006127135828137398,-0.3073970377445221,-0.9514977335929871,-0.30518171191215515,0.22784441709518433,-0.21809731423854828,0.29000000000000004,-0.24,0.021823318675160408,-0.16380803287029266,-0.31096258759498596,-0.503899335861206,0.6472411751747131,0.1733168512582779,-0.34539029002189636,0.16545014083385468,0.08193781971931458,0.18616005778312683,0.08733217418193817,1.1853199005126953,-1.6447898149490356,-0.03,0.30570659041404724,0.3729970455169678
3.5985724925994873,0.45127803087234497,0.6671302914619446,-0.0028852380346506834,0.0065097142942249775,-0.2960984706878662,-0.9551308751106262,-0.2921365797519684,0.2533990740776062,-0.19079361855983734,0.29000000000000004,-0.24,0.030031707137823105,-0.16111266613006592,-0.279867023229599,-0.49554094672203064,0.6035352349281311,0.1642705351114273,-0.31691884994506836,0.07699351012706757,0.14107869565486908,0.1868382692337036,0.13849090039730072,1.1989043951034546,-1.6250640153884888,-0.03,0.22500652074813843,0.3585669994354248
3.5972390174865723,0.45180395245552063,0.6694469451904297,0.0038747387006878853,0.0058968039229512215,-0.28550925850868225,-0.958349883556366,-0.28068646788597107,0.2728655934333801,-0.1642405241727829,0.29000000000000004,-0.24,0.03673083707690239,-0.15911006927490234,-0.25440627336502075,-0.48599299788475037,0.5616249442100525,0.15761806070804596,-0.2890455424785614,-0.014926373027265072,0.1969863921403885,0.17904017865657806,0.185145303606987,1.2064987421035767,-1.60758638381958,-0.03,0.1465217024087906,0.34541335701942444
3.595898389816284,0.4530546963214874,0.6715382933616638,0.009151606820523739,0.00419017905369401,-0.2759162485599518,-0.9611289501190186,-0.27003082633018494,0.2863098084926605,-0.13834789395332336,0.29000000000000004,-0.24,0.0433020256459713,-0.1579899936914444,-0.2348383516073227,-0.4759572744369507,0.5220556259155273,0.1533735990524292,-0.26237478852272034,-0.10977374017238617,0.24874725937843323,0.1649511456489563,0.2268669605255127,1.2079108953475952,-1.5936428308486938,-0.03,0.06651993840932846,0.33138778805732727
3.594661235809326,0.4548846185207367,0.6734487414360046,0.013127557002007961,0.001248635700903833,-0.26764026284217834,-0.9634285569190979,-0.25984376668930054,0.29433473944664,-0.1133299469947815,0.29000000000000004,-0.24,0.05132892355322838,-0.1580274999141693,-0.22063012421131134,-0.46641069650650024,0.4848780930042267,0.15144257247447968,-0.23718775808811188,-0.20688042044639587,0.296127587556839,0.14853768050670624,0.2621345520019531,1.2056910991668701,-1.5849310159683228,-0.03,-0.01919887587428093,0.3136162757873535
3.5936481952667236,0.4571641981601715,0.6751729249954224,0.016111250966787338,-0.0026997041422873735,-0.26026198267936707,-0.9653998017311096,-0.2504936158657074,0.2982396185398102,-0.08930178731679916,0.29000000000000004,-0.24,0.05971812456846237,-0.15925715863704681,-0.21050706505775452,-0.45704370737075806,0.4500027000904083,0.1511709988117218,-0.21360184252262115,-0.3035828769207001,0.33984375,0.13288210332393646,0.2888270318508148,1.2025176286697388,-1.5819878578186035,-0.03,-0.11169131845235825,0.29004135727882385
3.592947483062744,0.4597693979740143,0.6766840219497681,0.018343184143304825,-0.007180520333349705,-0.2529942989349365,-0.9672672152519226,-0.24243991076946259,0.29946768283843994,-0.06659958511590958,0.29000000000000004,-0.24,0.06593353301286697,-0.1615544557571411,-0.20321312546730042,-0.4466865062713623,0.4176357090473175,0.1517379730939865,-0.19189943373203278,-0.39649680256843567,0.38068506121635437,0.11812475323677063,0.30581027269363403,1.1996406316757202,-1.5842931270599365,-0.03,-0.20800824463367462,0.25939416885375977
3.5925559997558594,0.46257084608078003,0.6779465675354004,0.019797958433628082,-0.011816638521850109,-0.24525146186351776,-0.9691852927207947,-0.23623399436473846,0.29853951930999756,-0.04679926112294197,0.29000000000000004,-0.24,0.06766156107187271,-0.1653740555047989,-0.19853535294532776,-0.4339238107204437,0.3890313506126404,0.15315032005310059,-0.1722659468650818,-0.4829680621623993,0.41848722100257874,0.1024695634841919,0.31421899795532227,1.196693778038025,-1.5906836986541748,-0.04594089463353157,-0.3011555075645447,0.2197285145521164
3.5923988819122314,0.4654334783554077,0.6790105104446411,0.020320557057857513,-0.016294723376631737,-0.23682048916816711,-0.9712041616439819,-0.23223645985126495,0.2949148416519165,-0.03149992600083351,0.29000000000000004,-0.24,0.06414181739091873,-0.1707674264907837,-0.19659025967121124,-0.4183102250099182,0.36491039395332336,0.15497462451457977,-0.15480490028858185,-0.5610994100570679,0.45187050104141235,0.08512477576732635,0.3154051899909973,1.1930214166641235,-1.6000844240188599,-0.07514417916536331,-0.38292956352233887,0.17040680348873138
3.5923612117767334,0.46831631660461426,0.6799392104148865,0.01996147446334362,-0.020217174664139748,-0.22775539755821228,-0.9733037948608398,-0.22940507531166077,0.2887888252735138,-0.022220872342586517,0.29000000000000004,-0.24,0.05575510859489441,-0.17715325951576233,-0.197043776512146,-0.40034058690071106,0.3454335033893585,0.155682772397995,-0.13978254795074463,-0.6296601891517639,0.47955039143562317,0.06730282306671143,0.31050318479537964,1.1874562501907349,-1.6116023063659668,-0.09870387613773346,-0.4475068151950836,0.11336634308099747
3.5923163890838623,0.47124946117401123,0.6808014512062073,0.018912209197878838,-0.0232635997235775,-0.2183498740196228,-0.9754099249839783,-0.2267436534166336,0.2806057929992676,-0.0187007337808609,0.29000000000000004,-0.24,0.043624695390462875,-0.18354076147079468,-0.1992998570203781,-0.3812427222728729,0.32993462681770325,0.15359871089458466,-0.1269620954990387,-0.6885017156600952,0.5008876323699951,0.05130637437105179,0.3007825016975403,1.1785591840744019,-1.6244347095489502,-0.11563324183225632,-0.4926645755767822,0.05113350972533226
3.5921616554260254,0.4742608964443207,0.6816197037696838,0.01738387532532215,-0.025305669754743576,-0.20905974507331848,-0.9774208068847656,-0.22368809580802917,0.27083492279052734,-0.01975957490503788,0.29000000000000004,-0.24,0.029374223202466965,-0.18881772458553314,-0.2028263658285141,-0.3623506426811218,0.317050039768219,0.14915859699249268,-0.11561668664216995,-0.738346517086029,0.5160214900970459,0.039083994925022125,0.2881776690483093,1.1663001775741577,-1.638416051864624,-0.12512874603271484,-0.5195680260658264,-0.01419010479003191
3.5918235778808594,0.4773772060871124,0.6823983192443848,0.015482500195503235,-0.026354527100920677,-0.20002791285514832,-0.979313313961029,-0.2185221016407013,0.2602040767669678,-0.021378029137849808,0.29000000000000004,-0.23786118626594543,0.01586039736866951,-0.193401500582695,-0.20772522687911987,-0.3433687090873718,0.3073157072067261,0.14438676834106445,-0.10497244447469711,-0.7789743542671204,0.5248432159423828,0.03152976930141449,0.27357974648475647,1.1543313264846802,-1.6545093059539795,-0.1269579529762268,-0.5292445421218872,-0.08160728216171265
3.5912227630615234,0.4805372357368469,0.6829987168312073,0.013015893287956715,-0.02671613171696663,-0.19093845784664154,-0.9811519980430603,-0.21050280332565308,0.249547079205513,-0.016750914976000786,0.29000000000000004,-0.23160304129123688,0.004884391091763973,-0.19896329939365387,-0.214456707239151,-0.3232289254665375,0.3016577959060669,0.13880932331085205,-0.09668339788913727,-0.8085425496101379,0.5260665416717529,0.03,0.25620943307876587,1.1480792760849,-1.6747844219207764,-0.12190260738134384,-0.5213078260421753,-0.14999999999999997
3.5904152393341064,0.4835361838340759,0.6833541989326477,0.010276838205754757,-0.026533830910921097,-0.1815108209848404,-0.9829771518707275,-0.20009218156337738,0.24095945060253143,0.00021153572015464306,0.29000000000000004,-0.2259177565574646,-0.0038476791232824326,-0.20758171379566193,-0.2219487726688385,-0.30104440450668335,0.30243512988090515,0.1277514547109604,-0.09304963797330856,-0.8252267241477966,0.5196437239646912,0.033366069197654724,0.23517756164073944,1.150650978088379,-1.6998778581619263,-0.111732617020607,-0.49741894006729126,-0.14999999999999997
3.5895838737487793,0.48605695366859436,0.6837344765663147,0.007920431904494762,-0.025813037529587746,-0.17157483100891113,-0.9848009347915649,-0.18637926876544952,0.23466703295707703,0.025703467428684235,0.29000000000000004,-0.22057335078716278,-0.009746967814862728,-0.2211872935295105,-0.22846496105194092,-0.27552321553230286,0.31214433908462524,0.11515717208385468,-0.08990846574306488,-0.8283271193504333,0.5079315900802612,0.043169740587472916,0.21091102063655853,1.161058783531189,-1.7292726039886475,-0.09754037111997604,-0.46162283420562744,-0.14999999999999997
3.588923215866089,0.4876883029937744,0.6839872598648071,0.005418429616838694,-0.024824319407343864,-0.15991485118865967,-0.9868036508560181,-0.16737191379070282,0.22986605763435364,0.05747323855757713,0.29000000000000004,-0.21783149242401123,-0.012425005435943604,-0.23795917630195618,-0.23351524770259857,-0.24959148466587067,0.32647696137428284,0.09538964927196503,-0.09066832810640335,-0.8160713315010071,0.49248769879341125,0.05723608285188675,0.1835595816373825,1.1772960424423218,-1.7653992176055908,-0.07877528667449951,-0.416098415851593,-0.14999999999999997
3.588552713394165,0.4882963299751282,0.6840313673019409,0.002724060555920005,-0.023684650659561157,-0.1449366807937622,-0.9891536235809326,-0.1430557668209076,0.22664159536361694,0.09791410714387894,0.29000000000000004,-0.21676908433437347,-0.01444055326282978,-0.258184552192688,-0.23717448115348816,-0.22708870470523834,0.34835806488990784,0.07631504535675049,-0.09570083022117615,-0.7867608666419983,0.47427457571029663,0.07381536811590195,0.1537322700023651,1.1966055631637573,-1.815366506576538,-0.06186894699931145,-0.3612658381462097,-0.14999999999999997
3.588444709777832,0.4877622425556183,0.6836724281311035,-0.00039906776510179043,-0.02288641408085823,-0.12634772062301636,-0.9917218089103699,-0.11602327227592468,0.22406992316246033,0.14622578024864197,0.29000000000000004,-0.21774792671203613,-0.017299402505159378,-0.2834673821926117,-0.23951515555381775,-0.20939096808433533,0.3812790513038635,0.06366898864507675,-0.1095457524061203,-0.7413264513015747,0.45358699560165405,0.09108415246009827,0.12355809658765793,1.2157635688781738,-1.8684839010238647,-0.04010624438524246,-0.29879525303840637,-0.14999999999999997
3.5885374546051025,0.48622623085975647,0.6827560663223267,-0.004412386566400528,-0.022860094904899597,-0.10481815040111542,-0.9942187666893005,-0.0890129804611206,0.22035539150238037,0.19990667700767517,0.29000000000000004,-0.2209044098854065,-0.02162945456802845,-0.3128944933414459,-0.2411338984966278,-0.19536690413951874,0.425966739654541,0.06199757754802704,-0.12466330826282501,-0.6851004958152771,0.43275511264801025,0.10458351671695709,0.09812050312757492,1.2290098667144775,-1.9236658811569214,-0.03,-0.22837965190410614,-0.14999999999999997
3.5889413356781006,0.48381954431533813,0.6813206672668457,-0.00897042453289032,-0.023404357954859734,-0.08198608458042145,-0.9963181018829346,-0.06407317519187927,0.21607628464698792,0.25449416041374207,0.29000000000000004,-0.22616414725780487,-0.02810739167034626,-0.3459368944168091,-0.24241845309734344,-0.1813988983631134,0.4721035361289978,0.07264930009841919,-0.14193977415561676,-0.6249789595603943,0.4145752787590027,0.11236639320850372,0.07933743298053741,1.2351750135421753,-1.9787421226501465,-0.03,-0.15138421952724457,-0.14999999999999997
3.589816093444824,0.48066461086273193,0.6793841123580933,-0.014019097201526165,-0.02373879961669445,-0.05890990048646927,-0.9978824257850647,-0.04012906551361084,0.2115374356508255,0.3078913688659668,0.29000000000000004,-0.23341599106788635,-0.03724030405282974,-0.379520446062088,-0.24286766350269318,-0.16571247577667236,0.5127415060997009,0.0846618190407753,-0.15758001804351807,-0.5656285881996155,0.4007904827594757,0.11503783613443375,0.06805463135242462,1.2366613149642944,-2.03085994720459,-0.03,-0.0699177160859108,-0.14999999999999997
3.5912272930145264,0.4768935739994049,0.6769290566444397,-0.01954883150756359,-0.02316136658191681,-0.0360405370593071,-0.9988906383514404,-0.01596737466752529,0.20690681040287018,0.3591577112674713,0.29000000000000004,-0.24,-0.04968586936593056,-0.41186168789863586,-0.24165627360343933,-0.14454728364944458,0.547406017780304,0.09227253496646881,-0.17452925443649292,-0.5097202062606812,0.39056435227394104,0.11499190330505371,0.06419786810874939,1.2412155866622925,-2.076915979385376,-0.03,0.013967270962893963,-0.14999999999999997
3.592949628829956,0.47263485193252563,0.6742540597915649,-0.02425244264304638,-0.02157631330192089,-0.014169268310070038,-0.9993725419044495,0.006923252250999212,0.20529060065746307,0.40600907802581787,0.29000000000000004,-0.24,-0.06518577039241791,-0.4455074667930603,-0.23609784245491028,-0.10548639297485352,0.5859606862068176,0.10746066272258759,-0.18685747683048248,-0.45968887209892273,0.3829193711280823,0.1155632734298706,0.06704125553369522,1.252444863319397,-2.1144700050354004,-0.03,0.09777488559484482,-0.14999999999999997
3.5947158336639404,0.46818581223487854,0.6714963912963867,-0.028004931285977364,-0.01938205398619175,0.0058792890049517155,-0.9994024038314819,0.026634758338332176,0.20665985345840454,0.44665077328681946,0.29000000000000004,-0.24,-0.08358992636203766,-0.4776720702648163,-0.22351446747779846,-0.05550000071525574,0.6283164024353027,0.1050400361418724,-0.20476338267326355,-0.4169655740261078,0.3756079077720642,0.11783253401517868,0.07333821058273315,1.2671128511428833,-2.1458795070648193,-0.03,0.18320339918136597,-0.14999999999999997
3.596477746963501,0.4639866054058075,0.6688165068626404,-0.03164542093873024,-0.017091145738959312,0.0247418861836195,-0.9990465641021729,0.04387378320097923,0.2078087031841278,0.48364728689193726,0.29000000000000004,-0.24,-0.10339757055044174,-0.5064271092414856,-0.20894071459770203,-0.006984616629779339,0.6684905886650085,0.09929120540618896,-0.2218598872423172,-0.3788565397262573,0.36589518189430237,0.12045912444591522,0.07742173969745636,1.28091299533844,-2.1753387451171875,-0.03,0.27247118949890137,-0.14999999999999997
3.5983083248138428,0.46031028032302856,0.6662231683731079,-0.03344784677028656,-0.01528777927160263,0.04389432445168495,-0.9983590841293335,0.06095026433467865,0.21204416453838348,0.5207424759864807,0.29000000000000004,-0.24,-0.12373709678649902,-0.5297961831092834,-0.1894594430923462,0.03671369329094887,0.7007080912590027,0.09347105026245117,-0.23491671681404114,-0.3396444618701935,0.3524581789970398,0.12435607612133026,0.07329777628183365,1.2926526069641113,-2.1954054832458496,-0.03,0.3151032030582428,-0.14999999999999997
3.599933624267578,0.45727983117103577,0.6637199521064758,-0.035558149218559265,-0.015439233742654324,0.06255465745925903,-0.9972882866859436,0.07454382628202438,0.21337063610553741,0.5569525361061096,0.29000000000000004,-0.24,-0.1413823962211609,-0.5554842948913574,-0.16986075043678284,0.07984606176614761,0.7294747829437256,0.0889502465724945,-0.2450445145368576,-0.3017585873603821,0.3319240212440491,0.12654231488704681,0.06012324243783951,1.3020596504211426,-2.2167067527770996,-0.03,0.345410019159317,-0.14999999999999997
3.6013545989990234,0.4548027813434601,0.6613886952400208,-0.03828580677509308,-0.017305897548794746,0.07990678399801254,-0.9959163665771484,0.08476100116968155,0.21112987399101257,0.5909376740455627,0.29000000000000004,-0.24,-0.15518181025981903,-0.5828923583030701,-0.15149323642253876,0.12124615162611008,0.7551831603050232,0.0856596902012825,-0.25289827585220337,-0.2695337235927582,0.3072453737258911,0.12553595006465912,0.03977617621421814,1.3081505298614502,-2.2420825958251953,-0.03,0.38078731298446655,-0.14999999999999997
3.6027169227600098,0.4528341293334961,0.6592218279838562,-0.04133549705147743,-0.020070483908057213,0.09564339369535446,-0.9943544864654541,0.09332776069641113,0.2061527520418167,0.6221779584884644,0.29000000000000004,-0.24,-0.16557437181472778,-0.6097394227981567,-0.13459472358226776,0.15972048044204712,0.7781627774238586,0.08363354206085205,-0.2593589127063751,-0.24615930020809174,0.2830384373664856,0.12103147059679031,0.01668153516948223,1.3086951971054077,-2.2699952125549316,-0.03,0.4186163544654846,-0.14999999999999997
3.603989839553833,0.4514900743961334,0.6572480797767639,-0.044654376804828644,-0.02321658283472061,0.10982922464609146,-0.9926753044128418,0.0999659076333046,0.19894500076770782,0.6473848223686218,0.29000000000000004,-0.24,-0.17537347972393036,-0.635181188583374,-0.11960636079311371,0.1955919712781906,0.7983460426330566,0.08315029740333557,-0.26445478200912476,-0.2334534376859665,0.26150989532470703,0.11276210844516754,-0.00751911336556077,1.305113434791565,-2.299239158630371,-0.06448164582252502,0.45583075284957886,-0.14999999999999997
3.605119228363037,0.4508817493915558,0.6559075117111206,-0.048271920531988144,-0.0263084527105093,0.12321288883686066,-0.9908562898635864,0.1033787801861763,0.1914948672056198,0.662599503993988,0.29000000000000004,-0.24,-0.18101271986961365,-0.657002329826355,-0.10672470927238464,0.22959665954113007,0.8119691014289856,0.08420626074075699,-0.26604363322257996,-0.23097069561481476,0.24375855922698975,0.10089419782161713,-0.03547689691185951,1.2976644039154053,-2.327263832092285,-0.0995623841881752,0.49032750725746155,-0.14999999999999997
3.606173038482666,0.4510355591773987,0.6554654240608215,-0.05223451182246208,-0.028946897014975548,0.13700604438781738,-0.9887682795524597,0.1038707047700882,0.185419961810112,0.6698910593986511,0.29000000000000004,-0.24,-0.18158166110515594,-0.6738588213920593,-0.09553124755620956,0.2635968029499054,0.8168981671333313,0.08681729435920715,-0.26285117864608765,-0.23649375140666962,0.22977104783058167,0.08704990893602371,-0.0675080269575119,1.287753701210022,-2.350497007369995,-0.12730859220027924,0.5205934047698975,-0.14999999999999997
3.607163429260254,0.4516274034976959,0.6556284427642822,-0.05596546456217766,-0.03065222129225731,0.15188728272914886,-0.9863357543945312,0.10275381803512573,0.18136709928512573,0.6723806262016296,0.29000000000000004,-0.24,-0.18093352019786835,-0.685372531414032,-0.08407077938318253,0.298308402299881,0.815239667892456,0.09056124836206436,-0.2560020983219147,-0.24820299446582794,0.22400346398353577,0.08758392184972763,-0.10149016976356506,1.2904164791107178,-2.365905523300171,-0.14794202148914337,0.5461537837982178,-0.14999999999999997
3.6080145835876465,0.4528551399707794,0.6561514139175415,-0.05973469465970993,-0.031998954713344574,0.1671510487794876,-0.9835996627807617,0.09985127300024033,0.17838212847709656,0.6730086207389832,0.31114476919174194,-0.24,-0.17709679901599884,-0.6943565011024475,-0.07349637150764465,0.333739697933197,0.8090084791183472,0.09502410143613815,-0.24642714858055115,-0.2687729001045227,0.22111663222312927,0.08981212973594666,-0.13983961939811707,1.2876172065734863,-2.373265504837036,-0.1605619341135025,0.5666981935501099,-0.14999999999999997
3.6087024211883545,0.4546164274215698,0.6568084955215454,-0.06306421011686325,-0.03298620879650116,0.18278749287128448,-0.9805729389190674,0.09658299386501312,0.17586860060691833,0.6721258163452148,0.34269285202026367,-0.24,-0.17330670356750488,-0.7011075019836426,-0.06286592036485672,0.3691593408584595,0.79950350522995,0.10076657682657242,-0.23472394049167633,-0.2979739010334015,0.2190878838300705,0.09072162955999374,-0.1841246634721756,1.2781784534454346,-2.3706986904144287,-0.16660694777965546,0.5845816135406494,-0.14999999999999997
3.60919189453125,0.45668742060661316,0.6574074029922485,-0.06536552309989929,-0.0336616225540638,0.19929665327072144,-0.977177083492279,0.09471961855888367,0.173855721950531,0.670807957649231,0.37404417991638184,-0.24,-0.17311209440231323,-0.7054606080055237,-0.05028024688363075,0.4040839970111847,0.7871915102005005,0.10675964504480362,-0.2209775149822235,-0.33362600207328796,0.2182013988494873,0.09123320132493973,-0.23633766174316406,1.2620331048965454,-2.3576183319091797,-0.16796328127384186,0.60337233543396,-0.14999999999999997
3.6094954013824463,0.4588933289051056,0.6577582359313965,-0.06631680577993393,-0.034044042229652405,0.21701161563396454,-0.9733185172080994,0.09538735449314117,0.173528254032135,0.672030508518219,0.40317782759666443,-0.24,-0.17449471354484558,-0.7075945138931274,-0.03454258292913437,0.4382016956806183,0.7732051610946655,0.11266890168190002,-0.20564889907836914,-0.37372732162475586,0.2190742939710617,0.09195489436388016,-0.29610565304756165,1.238257884979248,-2.3339221477508545,-0.16586901247501373,0.6268250942230225,-0.14999999999999997
3.609560251235962,0.4608801007270813,0.6576892733573914,-0.06556451320648193,-0.033943139016628265,0.2364797294139862,-0.9688272476196289,0.10006117820739746,0.17562304437160492,0.6787990927696228,0.4300261437892914,-0.24,-0.1793576329946518,-0.7069876194000244,-0.013913054950535297,0.4715137481689453,0.7586603164672852,0.11739540845155716,-0.18920700252056122,-0.41472548246383667,0.2262096405029297,0.10248386114835739,-0.3616190552711487,1.2178053855895996,-2.2997515201568604,-0.15982039272785187,0.6611403822898865,-0.14999999999999997
3.6092655658721924,0.46286147832870483,0.6572017669677734,-0.06419801712036133,-0.0340641550719738,0.25664928555488586,-0.9637683033943176,0.10576354712247849,0.1779160499572754,0.6885849237442017,0.4548878073692322,-0.24,-0.18713849782943726,-0.7068309783935547,0.009313372895121574,0.505282998085022,0.7447216510772705,0.12217392772436142,-0.1720508486032486,-0.4583033621311188,0.2365536391735077,0.11814790219068527,-0.43187329173088074,1.1940333843231201,-2.2577178478240967,-0.14722436666488647,0.7103739380836487,-0.13083869218826294
3.608597755432129,0.4649057686328888,0.6562158465385437,-0.06268412619829178,-0.0348789356648922,0.2769809365272522,-0.9581939578056335,0.11012228578329086,0.18022024631500244,0.7008665800094604,0.47930821776390076,-0.24,-0.1985931545495987,-0.7089731693267822,0.03445941209793091,0.5396467447280884,0.7324704527854919,0.12727801501750946,-0.15469257533550262,-0.5056310892105103,0.24794889986515045,0.13652583956718445,-0.5035619139671326,1.1665172576904297,-2.208458185195923,-0.1282825767993927,0.7702867388725281,-0.10469166189432144
3.6077210903167725,0.46702373027801514,0.6546029448509216,-0.06133934482932091,-0.03665529936552048,0.29683294892311096,-0.9522519111633301,0.11168555170297623,0.1825760155916214,0.7151092290878296,0.5044454336166382,-0.24,-0.2146269977092743,-0.7147375345230103,0.06,0.5742687582969666,0.7238702774047852,0.13301151990890503,-0.13853219151496887,-0.5582589507102966,0.25907474756240845,0.15433083474636078,-0.5738169550895691,1.1331771612167358,-2.1540136337280273,-0.1060660108923912,0.8308212757110596,-0.08258911967277527
3.6068928241729736,0.46904781460762024,0.6522877812385559,-0.06012161448597908,-0.03896529972553253,0.3157077133655548,-0.9461477994918823,0.11123014241456985,0.18555422127246857,0.731096088886261,0.5315459966659546,-0.24,-0.2352231740951538,-0.7234033346176147,0.06,0.6081075668334961,0.7211783528327942,0.13920539617538452,-0.12555143237113953,-0.6168572306632996,0.27126964926719666,0.17058931291103363,-0.6408137083053589,1.0966426134109497,-2.09562349319458,-0.08337081223726273,0.8884865045547485,-0.06493744999170303
3.606341600418091,0.47088703513145447,0.6493317484855652,-0.05925159901380539,-0.04136917367577553,0.3328448534011841,-0.9402084350585938,0.10891681909561157,0.18907730281352997,0.7472842931747437,0.5614414811134338,-0.24,-0.25882387161254883,-0.7344251275062561,0.06,0.6402007937431335,0.7260816097259521,0.14576369524002075,-0.11749068647623062,-0.6828105449676514,0.28453895449638367,0.18374072015285492,-0.7022003531455994,1.0540804862976074,-2.03535795211792,-0.062245164066553116,0.9442616701126099,-0.053005948662757874
3.606203079223633,0.4725581407546997,0.6459829807281494,-0.05905504524707794,-0.043730951845645905,0.34757259488105774,-0.9347691535949707,0.10384551435709,0.1929788440465927,0.7614972591400146,0.5944899916648865,-0.24,-0.282897412776947,-0.7473819851875305,0.06,0.6698119044303894,0.7378805875778198,0.1527397632598877,-0.11457783728837967,-0.7573223114013672,0.2954021096229553,0.19071295857429504,-0.7548356056213379,0.9974983930587769,-1.9759092330932617,-0.04434456303715706,0.9975485801696777,-0.04690481349825859
3.606390953063965,0.4739011526107788,0.6424903869628906,-0.059034038335084915,-0.046053122729063034,0.3603595495223999,-0.929803729057312,0.09724316745996475,0.1982414573431015,0.7733830809593201,0.6294006705284119,-0.24,-0.3057006597518921,-0.7603796124458313,0.06,0.6962099671363831,0.7532618641853333,0.1593548059463501,-0.11495804786682129,-0.8371128439903259,0.30464300513267517,0.193715438246727,-0.7997111082077026,0.9306381940841675,-1.918882131576538,-0.031135600060224533,1.043836236000061,-0.04248424246907234
3.6067850589752197,0.4748549163341522,0.6390544772148132,-0.058927878737449646,-0.04861290007829666,0.37198173999786377,-0.9250912666320801,0.09000218659639359,0.20481979846954346,0.7831084728240967,0.6641534566879272,-0.24,-0.3262207508087158,-0.772549033164978,0.06,0.719836413860321,0.7689656615257263,0.1655609905719757,-0.11648765206336975,-0.9181836247444153,0.3132765591144562,0.19425706565380096,-0.8364059329032898,0.8569802641868591,-1.8652328252792358,-0.03,1.075042963027954,-0.036511536687612534
3.6073293685913086,0.4754643142223358,0.6358069181442261,-0.05896146968007088,-0.051666658371686935,0.3831556439399719,-0.9203508496284485,0.08248963952064514,0.21147556602954865,0.7913495302200317,0.6968262791633606,-0.24,-0.34357890486717224,-0.7840452790260315,0.06,0.7420663237571716,0.7830628156661987,0.17123901844024658,-0.11775597929954529,-0.9968762993812561,0.3213784098625183,0.1925235241651535,-0.8646294474601746,0.7805591225624084,-1.8161510229110718,-0.03,1.0849629640579224,-0.026170114055275917
3.608018398284912,0.47582799196243286,0.6328985095024109,-0.05955969914793968,-0.05529671162366867,0.394186794757843,-0.9154297709465027,0.07478275895118713,0.2171291708946228,0.8010733723640442,0.7265259027481079,-0.24,-0.3576437532901764,-0.7951772809028625,0.06,0.7641807198524475,0.7944042682647705,0.17673280835151672,-0.1180606260895729,-1.0707637071609497,0.3287449777126312,0.1887422353029251,-0.8853618502616882,0.7051553130149841,-1.772998332977295,-0.03,1.0714770555496216,-0.009376203641295433
3.608821392059326,0.4759897291660309,0.6304826140403748,-0.06088816374540329,-0.059337861835956573,0.4047466814517975,-0.9104677438735962,0.06691860407590866,0.2219865322113037,0.8146859407424927,0.753448486328125,-0.24,-0.3666771650314331,-0.8057299256324768,0.06,0.7859538197517395,0.8023843765258789,0.18199671804904938,-0.11726845055818558,-1.139493465423584,0.3363272249698639,0.18432071805000305,-0.9005623459815979,0.632186770439148,-1.736341953277588,-0.03232736513018608,1.035951018333435,0.014714429154992104
3.610200881958008,0.47678878903388977,0.6299692988395691,-0.06506463140249252,-0.06232334300875664,0.41009968519210815,-0.9075794816017151,0.054651889950037,0.21997754275798798,0.8206606507301331,0.7730752229690552,-0.24,-0.3592880070209503,-0.8155964612960815,0.06,0.8025123476982117,0.8042135238647461,0.18713591992855072,-0.11697609722614288,-1.21230947971344,0.34155213832855225,0.18595221638679504,-0.911907970905304,0.5727800726890564,-1.708228349685669,-0.04539094492793083,0.9835954904556274,0.04504229500889778
3.6115381717681885,0.4774703085422516,0.6302275061607361,-0.06918657571077347,-0.06488999724388123,0.41422319412231445,-0.9052190184593201,0.04152662679553032,0.2214546799659729,0.8300067186355591,0.7958807945251465,-0.24,-0.34432098269462585,-0.8224409222602844,0.06,0.8177993893623352,0.8008796572685242,0.19234512746334076,-0.11505982279777527,-1.2782949209213257,0.35245782136917114,0.19922038912773132,-0.9203720092773438,0.5215622186660767,-1.6833887100219727,-0.06527356058359146,0.9166110157966614,0.07775948196649551
3.6127240657806396,0.4777791500091553,0.6304832696914673,-0.0726790577173233,-0.06710755825042725,0.41774845123291016,-0.9031612873077393,0.029053308069705963,0.22831112146377563,0.8458137512207031,0.8242546916007996,-0.24,-0.3280124366283417,-0.8284586668014526,0.06,0.8282865881919861,0.7984656095504761,0.19508294761180878,-0.11355438828468323,-1.3365620374679565,0.3690621554851532,0.2157658189535141,-0.9285776615142822,0.4722432494163513,-1.6619888544082642,-0.09065549075603485,0.8433367609977722,0.1076604351401329
3.61372447013855,0.47762417793273926,0.6302000284194946,-0.07524619251489639,-0.06880529224872589,0.4201321303844452,-0.9017165303230286,0.018729761242866516,0.24073085188865662,0.8679996728897095,0.8565269112586975,-0.24,-0.3153538703918457,-0.8361356854438782,0.06,0.8299574851989746,0.8022815585136414,0.1952323019504547,-0.11493232101202011,-1.3886395692825317,0.3910587728023529,0.23233720660209656,-0.9354798793792725,0.4277065694332123,-1.643154263496399,-0.1192093938589096,0.7727488875389099,0.13136105239391327
3.6145694255828857,0.47701480984687805,0.6289157271385193,-0.0767914354801178,-0.06997676938772202,0.4211575984954834,-0.9010174870491028,0.01183430477976799,0.2576342821121216,0.895258367061615,0.8901107907295227,-0.24,-0.30967575311660767,-0.8486852049827576,0.06,0.8147232532501221,0.8177469372749329,0.1893983632326126,-0.12053979188203812,-1.4346343278884888,0.41752728819847107,0.244598850607872,-0.9401935338973999,0.39186617732048035,-1.6268889904022217,-0.14949622750282288,0.7081698179244995,0.1488277018070221
3.6153318881988525,0.47610753774642944,0.6264532804489136,-0.07770814746618271,-0.07066398113965988,0.4211323857307434,-0.9008970856666565,0.009417523629963398,0.2764337360858917,0.9278864860534668,0.9224146008491516,-0.24,-0.3123946487903595,-0.867834210395813,0.06,0.7802022695541382,0.8467418551445007,0.1756429672241211,-0.13106557726860046,-1.4728004932403564,0.4458664059638977,0.2509986460208893,-0.9428068399429321,0.365201860666275,-1.6150145530700684,-0.18059127032756805,0.647404670715332,0.16189095377922058
3.6159918308258057,0.4750305414199829,0.6227731704711914,-0.07836098223924637,-0.07108451426029205,0.42080965638160706,-0.9009581208229065,0.010506420396268368,0.29591482877731323,0.9642072916030884,0.9545125365257263,-0.24,-0.3231620788574219,-0.8930273652076721,0.06,0.7326342463493347,0.8867837190628052,0.1556944102048874,-0.14595255255699158,-1.5020617246627808,0.4741736650466919,0.2528577446937561,-0.9411901235580444,0.34461677074432373,-1.6075700521469116,-0.21093615889549255,0.5879234671592712,0.1703735738992691
3.6166038513183594,0.4738929569721222,0.6180288791656494,-0.07907722145318985,-0.07113826274871826,0.4205675423145294,-0.9010044932365417,0.013700462877750397,0.3137805759906769,1.0010056495666504,0.9868367910385132,-0.24,-0.34109947085380554,-0.9215884804725647,0.06,0.682919979095459,0.9336722493171692,0.13380524516105652,-0.16437792778015137,-1.5234864950180054,0.502150297164917,0.25151920318603516,-0.932644784450531,0.3272058069705963,-1.6028424501419067,-0.23868054151535034,0.5282853245735168,0.17281334102153778
3.617189407348633,0.47281160950660706,0.6124799251556396,-0.07989608496427536,-0.07076098769903183,0.4201868772506714,-0.9011395573616028,0.018655600026249886,0.32992878556251526,1.0344940423965454,1.0184396505355835,-0.24,-0.3634709119796753,-0.9508379697799683,0.06,0.6405312418937683,0.9829714298248291,0.11494667828083038,-0.1848287582397461,-1.5391879081726074,0.5303821563720703,0.24833625555038452,-0.916800856590271,0.3111597001552582,-1.5979281663894653,-0.2627345025539398,0.4672572612762451,0.1683483123779297
3.61772084236145,0.4718438982963562,0.6065469980239868,-0.08057790994644165,-0.0700598955154419,0.41924500465393066,-0.9015721082687378,0.023694688454270363,0.3445393443107605,1.061074137687683,1.0486528873443604,-0.23886792361736298,-0.38841062784194946,-0.9784548878669739,0.06,0.6103898882865906,1.0305299758911133,0.10310030728578568,-0.20525701344013214,-1.5506798028945923,0.558825671672821,0.24500833451747894,-0.8931591510772705,0.29785531759262085,-1.5899237394332886,-0.2835562825202942,0.405186265707016,0.15750041604042053
3.6181700229644775,0.4709683656692505,0.6006963849067688,-0.08079966902732849,-0.06897327303886414,0.4172305166721344,-0.9025700092315674,0.02759259194135666,0.3581864535808563,1.0783206224441528,1.0767971277236938,-0.23553508520126343,-0.41344326734542847,-1.00176203250885,0.06,0.5933049321174622,1.0750521421432495,0.09858953952789307,-0.22594614326953888,-1.5590112209320068,0.5866431593894958,0.24306859076023102,-0.8634675145149231,0.2882291376590729,-1.5777994394302368,-0.30184710025787354,0.3437723219394684,0.14225558936595917
3.6186153888702393,0.4702009856700897,0.5953234434127808,-0.08036120235919952,-0.06724467873573303,0.4138321578502655,-0.9043024778366089,0.030439287424087524,0.37153616547584534,1.0870976448059082,1.103186845779419,-0.23487256467342377,-0.4360942244529724,-1.018988847732544,0.06,0.5821051597595215,1.1156792640686035,0.09675271809101105,-0.24633847177028656,-1.5645935535430908,0.6123508810997009,0.2432800680398941,-0.8328571319580078,0.2813050150871277,-1.562739610671997,-0.31796619296073914,0.2844909429550171,0.1264379471540451
3.619072675704956,0.46953070163726807,0.5906835198402405,-0.07900402694940567,-0.06491688638925552,0.40912890434265137,-0.906728982925415,0.03236401826143265,0.3865770101547241,1.090087890625,1.1290708780288696,-0.23431949317455292,-0.45432600378990173,-1.0297834873199463,0.06,0.5730252861976624,1.1507444381713867,0.09505990147590637,-0.26586899161338806,-1.5667529106140137,0.6350061893463135,0.2452401965856552,-0.8067044019699097,0.2768957018852234,-1.546096682548523,-0.33273518085479736,0.22761735320091248,0.11342668533325195
3.619340419769287,0.4690020978450775,0.5866363048553467,-0.07667993754148483,-0.06288335472345352,0.4042372703552246,-0.9092623591423035,0.032206371426582336,0.40479356050491333,1.0890964269638062,1.1562492847442627,-0.23426653444766998,-0.4686088263988495,-1.037169337272644,0.06,0.5637335777282715,1.1795830726623535,0.09438879042863846,-0.28223666548728943,-1.5632318258285522,0.6546880006790161,0.24823902547359467,-0.7876354455947876,0.2746351957321167,-1.5286917686462402,-0.34733110666275024,0.173780620098114,0.10328366607427597
3.6193482875823975,0.46878373622894287,0.5830342769622803,-0.07396722584962845,-0.061647042632102966,0.39958900213241577,-0.9116232395172119,0.028203953057527542,0.4244188964366913,1.0835039615631104,1.1840379238128662,-0.23468869924545288,-0.48046109080314636,-1.0440526008605957,0.06,0.5532970428466797,1.2030353546142578,0.09308751672506332,-0.2952168881893158,-1.5546250343322754,0.6708512902259827,0.2512161135673523,-0.7751522064208984,0.27342092990875244,-1.5120022296905518,-0.3610214591026306,0.12430907040834427,0.09504960477352142
3.6191256046295166,0.46894317865371704,0.5797711610794067,-0.07133851945400238,-0.06115942448377609,0.3951646089553833,-0.9137915968894958,0.02048136480152607,0.44314995408058167,1.0740141868591309,1.2106008529663086,-0.23526974022388458,-0.49130988121032715,-1.0514428615570068,0.06,0.5432320833206177,1.222386360168457,0.09209253638982773,-0.30516931414604187,-1.5429574251174927,0.6826900243759155,0.25284653902053833,-0.7674495577812195,0.2736770212650299,-1.4976423978805542,-0.37220239639282227,0.08083789795637131,0.08868107944726944
3.618717670440674,0.4694482386112213,0.5767873525619507,-0.06897366046905518,-0.0612177737057209,0.3910141885280609,-0.9157525897026062,0.010287420824170113,0.4596322476863861,1.0621874332427979,1.2346996068954468,-0.23605328798294067,-0.502505362033844,-1.0594347715377808,0.06,0.5342309474945068,1.238631010055542,0.09170150011777878,-0.31271761655807495,-1.5300441980361938,0.6899192929267883,0.25199970602989197,-0.7626442909240723,0.27619990706443787,-1.4866578578948975,-0.37926533818244934,0.044252507388591766,0.08452897518873215
3.618156909942627,0.470232218503952,0.5741215348243713,-0.06672655791044235,-0.061630576848983765,0.3871971666812897,-0.917511522769928,-0.001238977420143783,0.4738874137401581,1.049135446548462,1.2555925846099854,-0.23649396002292633,-0.5145836472511292,-1.0673655271530151,0.06,0.5259905457496643,1.2518291473388672,0.09164286404848099,-0.31806910037994385,-1.5171579122543335,0.6933568120002747,0.24868863821029663,-0.7589014172554016,0.2797812223434448,-1.478572964668274,-0.38106805086135864,0.014874660409986973,0.08174224942922592
3.6174633502960205,0.47123420238494873,0.5718709826469421,-0.06435547024011612,-0.062211159616708755,0.38379818201065063,-0.9190685749053955,-0.01289206463843584,0.48609036207199097,1.0357805490493774,1.2726638317108154,-0.23759904503822327,-0.5271666049957275,-1.074263095855713,0.06,0.5179651379585266,1.2615501880645752,0.09154410660266876,-0.32122209668159485,-1.5047403573989868,0.6938042640686035,0.24354426562786102,-0.7543267011642456,0.2833627164363861,-1.4721362590789795,-0.3770831227302551,-0.006698108743876219,0.07867695391178131
3.616654396057129,0.47240692377090454,0.570117712020874,-0.0617157518863678,-0.06278139352798462,0.38089680671691895,-0.9204168319702148,-0.023667646571993828,0.49658825993537903,1.0229443311691284,1.285973310470581,-0.23942911624908447,-0.5395686030387878,-1.0793110132217407,0.06,0.5099485516548157,1.2674672603607178,0.09135329723358154,-0.32220304012298584,-1.4925593137741089,0.6917389631271362,0.23732510209083557,-0.7476475834846497,0.2866405248641968,-1.4661805629730225,-0.367044597864151,-0.02028687857091427,0.0732056051492691
3.615746259689331,0.47372400760650635,0.5688984394073486,-0.05876705422997475,-0.06325314193964005,0.37852150201797485,-0.921556830406189,-0.03291652724146843,0.5057868957519531,1.0115318298339844,1.2958191633224487,-0.24,-0.5512216687202454,-1.0821504592895508,0.06,0.5018942952156067,1.2694885730743408,0.0910537987947464,-0.3210691809654236,-1.4799476861953735,0.6875783801078796,0.23051901161670685,-0.7388445734977722,0.2910568118095398,-1.4603019952774048,-0.35132524371147156,-0.026907380670309067,0.06473354250192642
3.6147570610046387,0.4751529395580292,0.5682231187820435,-0.05552513897418976,-0.06355980038642883,0.3766951858997345,-0.9224844574928284,-0.04008963331580162,0.5138636827468872,1.0023294687271118,1.3023549318313599,-0.24,-0.5617308020591736,-1.0826095342636108,0.06,0.49382689595222473,1.2677090167999268,0.0905737578868866,-0.31795457005500793,-1.465840220451355,0.6818941235542297,0.2238166630268097,-0.7288995385169983,0.2977578043937683,-1.4551641941070557,-0.3312646448612213,-0.02830318547785282,0.055243734270334244
3.613705635070801,0.4766542315483093,0.5681135654449463,-0.052070941776037216,-0.06361586600542068,0.37546294927597046,-0.9231842160224915,-0.04466601461172104,0.5204264521598816,0.9956299662590027,1.3051190376281738,-0.24,-0.5710183382034302,-1.0804963111877441,0.06,0.4860188961029053,1.2621842622756958,0.09002289921045303,-0.31297072768211365,-1.4489139318466187,0.6750991940498352,0.21820971369743347,-0.7191575169563293,0.3070181608200073,-1.4522331953048706,-0.30866262316703796,-0.026024363934993744,0.048075828701257706
3.6126041412353516,0.4782005548477173,0.5686278939247131,-0.048552077263593674,-0.063348688185215,0.37493762373924255,-0.9236077070236206,-0.0463651642203331,0.5245827436447144,0.9912217259407043,1.3032424449920654,-0.24,-0.5788142085075378,-1.0756158828735352,0.06,0.47893068194389343,1.252734899520874,0.08947806060314178,-0.30605772137641907,-1.427786946296692,0.667241096496582,0.21450795233249664,-0.7105740308761597,0.3191490173339844,-1.452993631362915,-0.28509488701820374,-0.020890016108751297,0.045813579112291336
3.6114561557769775,0.4797813892364502,0.5698639750480652,-0.045154765248298645,-0.06267109513282776,0.37530970573425293,-0.9236752986907959,-0.04490609094500542,0.5250664353370667,0.9885861873626709,1.2954740524291992,-0.24,-0.5848540663719177,-1.0676772594451904,0.06,0.4731869697570801,1.2388943433761597,0.08898603171110153,-0.2969469130039215,-1.4011529684066772,0.658043384552002,0.21291299164295197,-0.7034074068069458,0.3347820043563843,-1.4586870670318604,-0.2615382671356201,-0.012415159493684769,0.04937983304262161
3.6102542877197266,0.48135071992874146,0.571926474571228,-0.04195709526538849,-0.061431434005498886,0.37677013874053955,-0.9233145713806152,-0.0396130345761776,0.5209881663322449,0.9877276420593262,1.2806333303451538,-0.24,-0.5886432528495789,-1.0560625791549683,0.06,0.469149649143219,1.220102071762085,0.08849834650754929,-0.28540778160095215,-1.3680055141448975,0.6472786664962769,0.21284814178943634,-0.6975399851799011,0.3549322187900543,-1.470312237739563,-0.2383330911397934,0.0019606626592576504,0.05836329981684685
3.6089632511138916,0.48281702399253845,0.5749064683914185,-0.03888842463493347,-0.059485480189323425,0.37942564487457275,-0.9224886298179626,-0.02956901118159294,0.5118412375450134,0.9886432886123657,1.2573148012161255,-0.24,-0.5898807048797607,-1.0399969816207886,0.06,0.4666423499584198,1.1957026720046997,0.08774574846029282,-0.27119141817092896,-1.3279681205749512,0.6350548267364502,0.21330028772354126,-0.6925915479660034,0.3807089626789093,-1.4887562990188599,-0.21477030217647552,0.02604111097753048,0.07206303626298904
3.6074726581573486,0.48408424854278564,0.5788464546203613,-0.03581331670284271,-0.05689613148570061,0.38317474722862244,-0.921225905418396,-0.015046542510390282,0.49749183654785156,0.9902045130729675,1.2242151498794556,-0.24,-0.5885851979255676,-1.0191527605056763,0.06,0.4649958908557892,1.1649844646453857,0.08631908893585205,-0.25392311811447144,-1.2814037799835205,0.6216544508934021,0.2135351002216339,-0.6881428956985474,0.41336241364479065,-1.5146739482879639,-0.18957622349262238,0.06286391615867615,0.09012889117002487
3.605680465698242,0.48512405157089233,0.583774745464325,-0.0327485166490078,-0.053889933973550797,0.38716885447502136,-0.9198496341705322,0.0018898085691034794,0.4783405661582947,0.9899454712867737,1.1807421445846558,-0.24,-0.584587037563324,-0.9940316677093506,0.06,0.46276241540908813,1.1275687217712402,0.08369523286819458,-0.23361799120903015,-1.2301703691482544,0.6069338321685791,0.21370123326778412,-0.6843611598014832,0.4541832506656647,-1.5478901863098145,-0.16209492087364197,0.11318283528089523,0.1124771237373352
3.6035401821136475,0.48601263761520386,0.5896679162979126,-0.029864639043807983,-0.050738539546728134,0.39004555344581604,-0.9189113974571228,0.018844949081540108,0.45528048276901245,0.9855256080627441,1.1268019676208496,-0.24,-0.5776621103286743,-0.9656508564949036,0.06,0.4586544930934906,1.0836044549942017,0.08030857145786285,-0.210718035697937,-1.1769949197769165,0.5901753306388855,0.2143285870552063,-0.6822385787963867,0.5040380358695984,-1.5867664813995361,-0.13262182474136353,0.17552092671394348,0.13968084752559662
3.601069450378418,0.4868268072605133,0.5963375568389893,-0.027217959985136986,-0.04769568145275116,0.39102014899253845,-0.9187422394752502,0.0350676104426384,0.42971810698509216,0.9771112203598022,1.0634105205535889,-0.24,-0.5681659579277039,-0.9351036548614502,0.06,0.451607346534729,1.033819556236267,0.0760553702712059,-0.18573351204395294,-1.1230741739273071,0.5711258053779602,0.21647600829601288,-0.6831200122833252,0.5604417324066162,-1.628411889076233,-0.1022259071469307,0.24665489792823792,0.17133502662181854
3.5983660221099854,0.4875428080558777,0.6034771203994751,-0.024751193821430206,-0.04472469165921211,0.3897826671600342,-0.9194870591163635,0.0521126426756382,0.4022813141345978,0.9669762849807739,0.9904791116714478,-0.24,-0.5569090247154236,-0.9029552936553955,0.06,0.4410623013973236,0.9799271821975708,0.07112568616867065,-0.15961477160453796,-1.0684170722961426,0.5501094460487366,0.2212982326745987,-0.6885577440261841,0.6168555021286011,-1.6701014041900635,-0.07220277935266495,0.32282114028930664,0.2056758552789688
3.5955746173858643,0.48806360363960266,0.6107099652290344,-0.022402264177799225,-0.041608668863773346,0.3863111138343811,-0.92115718126297,0.0725785344839096,0.3722340166568756,0.9577276706695557,0.906003475189209,-0.24,-0.5449817180633545,-0.8696759939193726,0.06,0.4268704056739807,0.92462557554245,0.06573609262704849,-0.13394956290721893,-1.0123331546783447,0.5276538729667664,0.2294868528842926,-0.7000946998596191,0.6647557616233826,-1.7100050449371338,-0.043928585946559906,0.40044039487838745,0.24002191424369812
3.592953681945801,0.4882243573665619,0.6176236271858215,-0.020307261496782303,-0.03805942460894585,0.38109514117240906,-0.923528790473938,0.09390968084335327,0.33771947026252747,0.9544442296028137,0.8082712888717651,-0.24,-0.5359448790550232,-0.8363379240036011,0.06,0.41036465764045715,0.8721578121185303,0.0616447776556015,-0.11086443066596985,-0.9536821246147156,0.5036891102790833,0.24168379604816437,-0.7160367965698242,0.6925541758537292,-1.747307300567627,-0.03,0.477210134267807,0.2704532742500305
3.5904667377471924,0.48792415857315063,0.6238729953765869,-0.01859309896826744,-0.03428225591778755,0.37299641966819763,-0.9270127415657043,0.1138063445687294,0.2998267114162445,0.9507851600646973,0.7051743865013123,-0.24,-0.5325905084609985,-0.8057274222373962,0.06,0.3921200633049011,0.8278418779373169,0.0641968697309494,-0.09355438500642776,-0.8958962559700012,0.4768480956554413,0.259141206741333,-0.7302922010421753,0.6936951279640198,-1.7812138795852661,-0.03,0.5508102178573608,0.29118412733078003
3.589246988296509,0.4865554869174957,0.631060779094696,-0.019259819760918617,-0.028814323246479034,0.362970232963562,-0.9311559200286865,0.13422860205173492,0.2756217122077942,0.952025830745697,0.6367180347442627,-0.24,-0.4889973998069763,-0.7709594368934631,0.06,0.38214346766471863,0.7911276817321777,0.07587036490440369,-0.08699160069227219,-0.837218165397644,0.44721466302871704,0.27611178159713745,-0.7480191588401794,0.6909513473510742,-1.8138723373413086,-0.03,0.6252474188804626,0.2969041168689728
3.5886430740356445,0.48443999886512756,0.6380908489227295,-0.0212477445602417,-0.02311689220368862,0.3494913876056671,-0.9364132881164551,0.15178406238555908,0.2445506751537323,0.9427522420883179,0.5570132732391357,-0.24,-0.44056329131126404,-0.7367963194847107,0.06,0.37688127160072327,0.764761209487915,0.08424809575080872,-0.09800940006971359,-0.7816434502601624,0.4179924726486206,0.2921401262283325,-0.7681258916854858,0.686705470085144,-1.8440290689468384,-0.03,0.698156476020813,0.28610870242118835
3.588175058364868,0.481698215007782,0.6445899605751038,-0.023770291358232498,-0.01824558712542057,0.3330878019332886,-0.9424194097518921,0.16400937736034393,0.21361923217773438,0.9140522480010986,0.4765215218067169,-0.24,-0.39429908990859985,-0.7020748257637024,0.06,0.37651199102401733,0.7427143454551697,0.08857574313879013,-0.1102549359202385,-0.7288305759429932,0.3904934525489807,0.3083476722240448,-0.7894306778907776,0.6811850070953369,-1.8722518682479858,-0.03,0.7693994045257568,0.25776925683021545
3.58758544921875,0.4785061478614807,0.6502172946929932,-0.026483535766601562,-0.015036954544484615,0.31394535303115845,-0.9489523768424988,0.16736020147800446,0.18784365057945251,0.8660736083984375,0.40337073802948,-0.24,-0.35268840193748474,-0.6682304739952087,0.06,0.3798421025276184,0.719476044178009,0.08906782418489456,-0.11178156733512878,-0.6798983216285706,0.36550599336624146,0.32393860816955566,-0.8102046251296997,0.6747108697891235,-1.9010183811187744,-0.03,0.8352960348129272,0.217580184340477
3.5869460105895996,0.4750876724720001,0.6549627184867859,-0.029012853279709816,-0.013418647460639477,0.29301193356513977,-0.9555741548538208,0.16422760486602783,0.1681690216064453,0.804412841796875,0.3393366038799286,-0.24,-0.3161610960960388,-0.6392905116081238,0.06,0.3831617534160614,0.6973822712898254,0.08276914805173874,-0.11502164602279663,-0.6342779994010925,0.3427935540676117,0.3365524113178253,-0.8267059326171875,0.6684885621070862,-1.9312915802001953,-0.03,0.8919767737388611,0.1709621399641037
3.5865519046783447,0.4715327322483063,0.658870279788971,-0.03092394955456257,-0.012465816922485828,0.2713794708251953,-0.9618946313858032,0.15960556268692017,0.153704434633255,0.7357500195503235,0.29000000000000004,-0.24,-0.28432390093803406,-0.6126890182495117,0.05962463468313217,0.38514596223831177,0.6785783171653748,0.0727781280875206,-0.11986047774553299,-0.5909000635147095,0.32270464301109314,0.345937579870224,-0.836442232131958,0.6625955104827881,-1.9631870985031128,-0.03,0.9375355243682861,0.11766169220209122
3.586521863937378,0.46793943643569946,0.6622375249862671,-0.03178279101848602,-0.011766730807721615,0.24914422631263733,-0.9678730964660645,0.1552256941795349,0.1442897617816925,0.6622164249420166,0.29000000000000004,-0.24,-0.2562410533428192,-0.5860704183578491,0.04863845929503441,0.38421520590782166,0.6642125248908997,0.06229522451758385,-0.13135255873203278,-0.551050066947937,0.3059011697769165,0.3526839017868042,-0.8400171995162964,0.6569521427154541,-1.9974024295806885,-0.03,0.9689200520515442,0.056626126170158386
3.5868403911590576,0.464513897895813,0.6654446125030518,-0.03143421560525894,-0.011564062908291817,0.22530244290828705,-0.9737128615379333,0.14869949221611023,0.14060641825199127,0.5832356214523315,0.29000000000000004,-0.24,-0.23096118867397308,-0.5614914298057556,0.03819887712597847,0.3714887797832489,0.6496840715408325,0.05965501442551613,-0.14051571488380432,-0.5183743834495544,0.2943930923938751,0.3577997386455536,-0.8387991189956665,0.6482230424880981,-2.035050868988037,-0.03,0.9851990342140198,-0.010007106699049473
3.5874671936035156,0.46144893765449524,0.6682451367378235,-0.029199551790952682,-0.011206740513443947,0.19906453788280487,-0.9794871211051941,0.14073655009269714,0.14554184675216675,0.5027411580085754,0.29000000000000004,-0.24,-0.20931918919086456,-0.5344706177711487,0.026026131585240364,0.3486989438533783,0.6343298554420471,0.057485997676849365,-0.15075822174549103,-0.49222347140312195,0.2874131202697754,0.3621487617492676,-0.8339607119560242,0.6364497542381287,-2.0680344104766846,-0.03,0.9939844608306885,-0.03267877548933029
3.588115692138672,0.45915329456329346,0.6705701947212219,-0.02654380537569523,-0.011652156710624695,0.17075549066066742,-0.9848868250846863,0.12806463241577148,0.15541093051433563,0.4264459013938904,0.29000000000000004,-0.24,-0.1890319287776947,-0.5097522735595703,0.011360380798578262,0.32131174206733704,0.6201404333114624,0.05754632502794266,-0.1619863659143448,-0.47295278310775757,0.28184768557548523,0.36323097348213196,-0.8222038149833679,0.6232233047485352,-2.0940170288085938,-0.03,1.0172433853149414,-0.03194523602724075
3.5886127948760986,0.45751309394836426,0.6723884344100952,-0.02483818680047989,-0.013856249861419201,0.14219605922698975,-0.9894297122955322,0.10831079632043839,0.166263148188591,0.3615889549255371,0.29000000000000004,-0.24,-0.16860370337963104,-0.4922252893447876,-0.005380853544920683,0.2942981421947479,0.6093478798866272,0.060421742498874664,-0.17384788393974304,-0.4596387445926666,0.27910634875297546,0.35927900671958923,-0.8026946783065796,0.6112330555915833,-2.1236796379089355,-0.03,1.044490098953247,-0.031419508159160614
3.5890052318573,0.4563777446746826,0.6737430095672607,-0.023693280294537544,-0.017112676054239273,0.11468400061130524,-0.9929718375205994,0.08372435718774796,0.17634128034114838,0.30354082584381104,0.29000000000000004,-0.24,-0.14974303543567657,-0.4801199436187744,-0.022912392392754555,0.26706662774086,0.6014609932899475,0.06451921164989471,-0.18545454740524292,-0.4492158889770508,0.2803909182548523,0.3496353328227997,-0.7752186059951782,0.6045269966125488,-2.1540606021881104,-0.03,1.0732433795928955,-0.031238295137882233
3.589445114135742,0.4556603729724884,0.6748527884483337,-0.022538652643561363,-0.020342998206615448,0.09008018672466278,-0.9954715371131897,0.05887220799922943,0.18443620204925537,0.25090184807777405,0.29000000000000004,-0.24,-0.1340593695640564,-0.46967124938964844,-0.039476629346609116,0.23697732388973236,0.5938230156898499,0.06793102622032166,-0.1949397176504135,-0.43808820843696594,0.2879895269870758,0.33483317494392395,-0.740391731262207,0.6022757887840271,-2.182112455368042,-0.03,1.1006858348846436,-0.03157712519168854
3.5899746417999268,0.45544156432151794,0.6758543848991394,-0.021173855289816856,-0.0230585765093565,0.06875550001859665,-0.9971421957015991,0.03652330860495567,0.19044378399848938,0.20634594559669495,0.29000000000000004,-0.24,-0.12097541242837906,-0.45919403433799744,-0.05415299907326698,0.20237331092357635,0.5850903391838074,0.06930277496576309,-0.20132258534431458,-0.4267144799232483,0.30245858430862427,0.31562355160713196,-0.7004055976867676,0.6022061109542847,-2.2063148021698,-0.03,1.125091314315796,-0.03235988691449165
3.5904338359832764,0.45568370819091797,0.6767523884773254,-0.019875966012477875,-0.025661595165729523,0.05012810230255127,-0.9982150793075562,0.016585661098361015,0.1944182962179184,0.16750138998031616,0.29000000000000004,-0.24,-0.10897383093833923,-0.449942409992218,-0.06723015010356903,0.1666722148656845,0.5759885907173157,0.06940922886133194,-0.20539915561676025,-0.4172714650630951,0.3216380774974823,0.29843950271606445,-0.6555247902870178,0.5984656810760498,-2.2271440029144287,-0.03,1.1465030908584595,-0.0332656055688858
3.5907325744628906,0.4562733769416809,0.6775787472724915,-0.01876676455140114,-0.028353707864880562,0.03359775245189667,-0.998856782913208,-0.00044739816803485155,0.19656483829021454,0.133530393242836,0.29000000000000004,-0.23851914703845978,-0.09617714583873749,-0.44221261143684387,-0.07926321029663086,0.1329462230205536,0.5668421983718872,0.06983950734138489,-0.2077016979455948,-0.41214728355407715,0.3409591615200043,0.28698408603668213,-0.6037912964820862,0.5888413190841675,-2.244345188140869,-0.03,1.1644184589385986,-0.03420483320951462
3.5910282135009766,0.45711013674736023,0.6784085631370544,-0.01749362051486969,-0.0306314155459404,0.019075583666563034,-0.9991955161094666,-0.013341756537556648,0.1978314071893692,0.10615391284227371,0.29000000000000004,-0.23612813651561737,-0.08284353464841843,-0.4333304166793823,-0.0895739197731018,0.10231500118970871,0.5561159253120422,0.07091718912124634,-0.20840667188167572,-0.4118240475654602,0.360321044921875,0.27319374680519104,-0.552563488483429,0.5815654397010803,-2.256101369857788,-0.03,1.176904320716858,-0.03504066914319992
3.5913472175598145,0.4580323100090027,0.6793083548545837,-0.015718745067715645,-0.03234931454062462,0.0063392166048288345,-0.9993327856063843,-0.021454308182001114,0.1994882971048355,0.08521963655948639,0.29000000000000004,-0.23382686078548431,-0.06859008967876434,-0.42180874943733215,-0.09742804616689682,0.07355179637670517,0.5421873331069946,0.07206260412931442,-0.20694312453269958,-0.41701728105545044,0.3801555335521698,0.25801020860671997,-0.5026251077651978,0.5758864283561707,-2.260910987854004,-0.03,1.1823627948760986,-0.03566690906882286
3.59167742729187,0.45894649624824524,0.6802389621734619,-0.013423397205770016,-0.033637773245573044,-0.004723093938082457,-0.9993327260017395,-0.024172019213438034,0.20208269357681274,0.07019069045782089,0.29000000000000004,-0.23191511631011963,-0.0526372455060482,-0.40821048617362976,-0.10257996618747711,0.04655500873923302,0.5253778696060181,0.07305742055177689,-0.2034682184457779,-0.42811188101768494,0.40071791410446167,0.24243409931659698,-0.45504042506217957,0.5711487531661987,-2.258030891418457,-0.03,1.179823875427246,-0.03588636964559555
3.5919382572174072,0.45979559421539307,0.6810956001281738,-0.010809855535626411,-0.03488617762923241,-0.01417815312743187,-0.9992321729660034,-0.02206191048026085,0.20565922558307648,0.05942533537745476,0.29000000000000004,-0.23044803738594055,-0.03471410274505615,-0.39475032687187195,-0.10526716709136963,0.022088585421442986,0.5074343085289001,0.07381955534219742,-0.19862377643585205,-0.4449070394039154,0.4217727482318878,0.2279430329799652,-0.41221415996551514,0.5669612288475037,-2.2478861808776855,-0.03,1.1696141958236694,-0.035553961992263794
3.5921032428741455,0.4605528712272644,0.6817781925201416,-0.007914603687822819,-0.03621374070644379,-0.022164735943078995,-0.9990668296813965,-0.015889300033450127,0.21033431589603424,0.05230800807476044,0.29000000000000004,-0.23011434078216553,-0.014951230026781559,-0.382644385099411,-0.10567954182624817,0.0004354894335847348,0.48992156982421875,0.0742979422211647,-0.19317872822284698,-0.4673575460910797,0.4431379735469818,0.21476894617080688,-0.37490376830101013,0.5638584494590759,-2.230597972869873,-0.03,1.1520754098892212,-0.03488149866461754
3.5921976566314697,0.4612075388431549,0.6822900772094727,-0.004827607423067093,-0.03758362680673599,-0.028904007747769356,-0.9988636374473572,-0.007124842144548893,0.21577443182468414,0.048601165413856506,0.29000000000000004,-0.2301124483346939,0.005890497472137213,-0.3719562292098999,-0.10428757965564728,-0.01862368918955326,0.47325873374938965,0.07452793419361115,-0.18749909102916718,-0.49561402201652527,0.4649595320224762,0.20219798386096954,-0.3423600196838379,0.5622345805168152,-2.2064571380615234,-0.03,1.1266202926635742,-0.03316212072968483
3.59226655960083,0.46175089478492737,0.6827179789543152,-0.0017449279548600316,-0.03892818093299866,-0.03398445248603821,-0.9986624121665955,-0.002982329810038209,0.22168998420238495,0.044935669749975204,0.29000000000000004,-0.23094435036182404,0.02028668485581875,-0.3625495433807373,-0.10131292045116425,-0.033882658928632736,0.45705553889274597,0.07440820336341858,-0.18151608109474182,-0.5284411311149597,0.48730090260505676,0.1893663853406906,-0.3135400414466858,0.5616961717605591,-2.1756837368011475,-0.03,1.0911048650741577,-0.029387693852186203
3.592562675476074,0.4620558023452759,0.6832463145256042,0.0006477197748608887,-0.03952066972851753,-0.03673286363482475,-0.9985430836677551,-0.006747660227119923,0.2268861085176468,0.03824533894658089,0.29000000000000004,-0.23083902895450592,0.02100939117372036,-0.35232898592948914,-0.097674660384655,-0.04250320792198181,0.4405580759048462,0.0746547132730484,-0.17490261793136597,-0.5640426278114319,0.5099024176597595,0.17621296644210815,-0.2875503897666931,0.5624234080314636,-2.137784242630005,-0.03,1.0409749746322632,-0.023554544895887375
3.593008518218994,0.4620819687843323,0.6836079955101013,0.002629424910992384,-0.0398826003074646,-0.038774777203798294,-0.9984481930732727,-0.00900342408567667,0.2316019982099533,0.033628687262535095,0.29000000000000004,-0.23154106736183167,0.021256523206830025,-0.34393465518951416,-0.09391758590936661,-0.04821224883198738,0.4281086325645447,0.07445923984050751,-0.17061974108219147,-0.6039217710494995,0.5328924655914307,0.1644497513771057,-0.2651086449623108,0.5668339133262634,-2.0947747230529785,-0.03,0.9674063324928284,-0.01801743358373642
3.593557834625244,0.4617926776409149,0.6838507056236267,0.004477787762880325,-0.04102354869246483,-0.04079941287636757,-0.9983147382736206,-0.013095278292894363,0.236509770154953,0.028548352420330048,0.29000000000000004,-0.23274065554141998,0.021604040637612343,-0.33866390585899353,-0.09002076089382172,-0.05420353263616562,0.4181095063686371,0.07357688993215561,-0.16744135320186615,-0.6468136310577393,0.5551730394363403,0.15562917292118073,-0.24715545773506165,0.5798748731613159,-2.0516932010650635,-0.03,0.8540744185447693,-0.020526062697172165
3.5943331718444824,0.4612700343132019,0.68406742811203,0.006579649168998003,-0.04287387803196907,-0.04275936633348465,-0.9981433153152466,-0.018611663952469826,0.24235890805721283,0.023227641358971596,0.29000000000000004,-0.2343672662973404,0.0218040868639946,-0.33452901244163513,-0.08515524119138718,-0.06170890852808952,0.4076122045516968,0.07193721830844879,-0.16400276124477386,-0.6887684464454651,0.5753461718559265,0.15005290508270264,-0.233968123793602,0.6026617884635925,-2.0126328468322754,-0.03,0.6986247301101685,-0.03259633108973503
3.595452070236206,0.4607143998146057,0.684299111366272,0.00882069580256939,-0.04440542683005333,-0.04480108991265297,-0.9979695081710815,-0.02281542494893074,0.24865899980068207,0.018057433888316154,0.29000000000000004,-0.2359096258878708,0.021341504529118538,-0.32850584387779236,-0.07991162687540054,-0.07003811746835709,0.39628130197525024,0.07030587643384933,-0.16089922189712524,-0.7246760725975037,0.5916381478309631,0.14734461903572083,-0.2275962382555008,0.6322498321533203,-1.9795701503753662,-0.03,0.526359498500824,-0.043125320225954056
3.5969059467315674,0.4603210687637329,0.6845117211341858,0.010886996984481812,-0.045348960906267166,-0.047273244708776474,-0.9977926015853882,-0.025277908891439438,0.25442633032798767,0.012450561858713627,0.29000000000000004,-0.2373897284269333,0.020206576213240623,-0.3207223415374756,-0.07554362714290619,-0.07919745147228241,0.38584569096565247,0.069185771048069,-0.15917092561721802,-0.751636266708374,0.6048785448074341,0.14741338789463043,-0.22619259357452393,0.6622605919837952,-1.9535090923309326,-0.03,0.3554498255252838,-0.05309755727648735
3.5985517501831055,0.4601244032382965,0.684675931930542,0.012625472620129585,-0.045953843742609024,-0.05026380345225334,-0.9975982308387756,-0.026964541524648666,0.2592131197452545,0.005988528486341238,0.29000000000000004,-0.2388150542974472,0.018775153905153275,-0.31256455183029175,-0.07249227166175842,-0.08882555365562439,0.3773622214794159,0.06867039203643799,-0.1590593159198761,-0.7694889307022095,0.6169775724411011,0.1504356414079666,-0.22640658915042877,0.687812328338623,-1.9325575828552246,-0.03,0.19154807925224304,-0.06812181323766708
3.6001741886138916,0.46008315682411194,0.6848405003547668,0.014093211852014065,-0.04643361270427704,-0.053376805037260056,-0.9973947405815125,-0.02847117744386196,0.2630952000617981,-0.0006986430962570012,0.29000000000000004,-0.2396170049905777,0.01743319444358349,-0.3044703006744385,-0.07028801739215851,-0.09831315279006958,0.36948055028915405,0.06854300200939178,-0.15926127135753632,-0.7791398763656616,0.6276973485946655,0.15601187944412231,-0.22662809491157532,0.7073413729667664,-1.912811040878296,-0.047681596130132675,0.03532092645764351,-0.08906508982181549
3.6016016006469727,0.46020060777664185,0.685034453868866,0.015466389246284962,-0.04656228423118591,-0.056142888963222504,-0.9972164630889893,-0.029064061120152473,0.26648518443107605,-0.0064367917366325855,0.29000000000000004,-0.24,0.016132256016135216,-0.2957092225551605,-0.06826439499855042,-0.1071867123246193,0.36075812578201294,0.06865943223237991,-0.1586158275604248,-0.7819408178329468,0.6355487704277039,0.16272471845149994,-0.22619765996932983,0.720181405544281,-1.8903477191925049,-0.08790075778961182,-0.10822240263223648,-0.11052612215280533
3.6027472019195557,0.46052250266075134,0.6852665543556213,0.016603734344244003,-0.04585100710391998,-0.058199476450681686,-0.9971132278442383,-0.027224963530898094,0.26900768280029297,-0.010075234808027744,0.29000000000000004,-0.24,0.014718449674546719,-0.2856232821941376,-0.06668085604906082,-0.11478260904550552,0.3514675199985504,0.06904150545597076,-0.15715201199054718,-0.7791056036949158,0.6388041377067566,0.16823694109916687,-0.22561074793338776,0.7268370985984802,-1.8627994060516357,-0.11864134669303894,-0.22583970427513123,-0.12346509099006653
3.6035728454589844,0.46105724573135376,0.6855326890945435,0.01741080917418003,-0.043983474373817444,-0.059198714792728424,-0.9971246719360352,-0.0217744167894125,0.2704489529132843,-0.010535551235079765,0.29000000000000004,-0.24,0.01302756555378437,-0.2739992141723633,-0.06567662209272385,-0.12037825584411621,0.34214192628860474,0.06989290565252304,-0.15491849184036255,-0.7714062929153442,0.6375662088394165,0.17089805006980896,-0.22640164196491241,0.7286046147346497,-1.8288010358810425,-0.13900193572044373,-0.3055724501609802,-0.11829647421836853
3.604065418243408,0.4617207646369934,0.6858155727386475,0.01787748746573925,-0.041066862642765045,-0.05877918377518654,-0.997265636920929,-0.012646377086639404,0.27084869146347046,-0.007041977718472481,0.29000000000000004,-0.23912331461906433,0.010955065488815308,-0.26152655482292175,-0.06503929942846298,-0.12313900142908096,0.3331402540206909,0.07101680338382721,-0.15185198187828064,-0.759090006351471,0.6329121589660645,0.17117474973201752,-0.2312675565481186,0.7280587553977966,-1.7868415117263794,-0.15144701302051544,-0.34579744935035706,-0.09129737317562103
3.6042072772979736,0.4624147415161133,0.6860591769218445,0.017962366342544556,-0.03768913820385933,-0.05700432509183884,-0.9975005388259888,-0.0015178913017734885,0.27015724778175354,-0.0002270931436214596,0.29000000000000004,-0.23799285292625427,0.008763029240071774,-0.25048673152923584,-0.06488464772701263,-0.12254884839057922,0.3261273503303528,0.07222775369882584,-0.14867006242275238,-0.742691159248352,0.6257135272026062,0.170616015791893,-0.24172137677669525,0.7279857397079468,-1.7370684146881104,-0.16067659854888916,-0.35365352034568787,-0.043614719063043594
3.603987216949463,0.46308425068855286,0.6862236261367798,0.01761160045862198,-0.03458385542035103,-0.05446777492761612,-0.9977610111236572,0.008997015655040741,0.2682524621486664,0.007912649773061275,0.29000000000000004,-0.2366514801979065,0.006958275567740202,-0.24312256276607513,-0.06561971455812454,-0.11912183463573456,0.32265979051589966,0.07344016432762146,-0.14619477093219757,-0.7233195900917053,0.6164000630378723,0.17043574154376984,-0.2576195001602173,0.7302647233009338,-1.6812173128128052,-0.17150528728961945,-0.34004485607147217,0.021567681804299355
3.603492021560669,0.463650107383728,0.6863437294960022,0.017060736194252968,-0.031942255795001984,-0.05160561949014664,-0.9980107545852661,0.017252327874302864,0.2658667266368866,0.015710778534412384,0.29000000000000004,-0.23532693088054657,0.004938420839607716,-0.2386435717344284,-0.06665242463350296,-0.11418597400188446,0.3211618959903717,0.07443322986364365,-0.14397360384464264,-0.7020796537399292,0.6061103343963623,0.1712859719991684,-0.2778072655200958,0.734811007976532,-1.6194020509719849,-0.1847759187221527,-0.31642869114875793,0.09888365119695663
3.602832317352295,0.46406033635139465,0.68645840883255,0.016552915796637535,-0.02972099557518959,-0.0485997311770916,-0.9982386827468872,0.022969722747802734,0.26375287771224976,0.022568494081497192,0.29000000000000004,-0.2342580258846283,0.0022380498703569174,-0.23560088872909546,-0.06728797405958176,-0.1087232157588005,0.3196799159049988,0.07509252429008484,-0.1412808895111084,-0.6802224516868591,0.596851646900177,0.1738511174917221,-0.2989526093006134,0.7388892769813538,-1.5528192520141602,-0.19822461903095245,-0.29130998253822327,0.18423041701316833
3.6020796298980713,0.4643551707267761,0.6865667104721069,0.016105175018310547,-0.027979006990790367,-0.04561230540275574,-0.9984374046325684,0.026367725804448128,0.2619304358959198,0.02838898077607155,0.29000000000000004,-0.23337191343307495,-0.000852478900924325,-0.23390069603919983,-0.0676063597202301,-0.10304681956768036,0.3182147741317749,0.07553782314062119,-0.13833653926849365,-0.6587151885032654,0.590387761592865,0.17930500209331512,-0.3180542290210724,0.7395869493484497,-1.4848525524139404,-0.21039792895317078,-0.2684679627418518,0.2745029032230377
3.601309299468994,0.4646257162094116,0.6866369247436523,0.015495707280933857,-0.026726985350251198,-0.04299772158265114,-0.9985973238945007,0.027407847344875336,0.2598028779029846,0.03246726468205452,0.29000000000000004,-0.23252813518047333,-0.004191325046122074,-0.2341032773256302,-0.06846868246793747,-0.09742830693721771,0.31847965717315674,0.0759611576795578,-0.136282816529274,-0.6386247277259827,0.5871628522872925,0.18771958351135254,-0.3343195915222168,0.7374513149261475,-1.4191930294036865,-0.22120152413845062,-0.24785944819450378,0.36746978759765625
3.6006011962890625,0.46492207050323486,0.6866543292999268,0.014600140042603016,-0.025809140875935555,-0.04107431322336197,-0.9987159371376038,0.02630184032022953,0.25706619024276733,0.03418346494436264,0.29000000000000004,-0.23155196011066437,-0.007905296981334686,-0.23602266609668732,-0.07040124386548996,-0.09234727919101715,0.3214660584926605,0.07660011947154999,-0.1359020173549652,-0.620683491230011,0.5867498517036438,0.19817443192005157,-0.34932732582092285,0.7349483370780945,-1.3574777841567993,-0.23113563656806946,-0.22858844697475433,0.4612298011779785
3.6000099182128906,0.46521830558776855,0.6866182684898376,0.01348700188100338,-0.02508222684264183,-0.039827242493629456,-0.9988006353378296,0.02367488108575344,0.25393399596214294,0.033826667815446854,0.29000000000000004,-0.23052352666854858,-0.012027406133711338,-0.23904024064540863,-0.07317633181810379,-0.08799085766077042,0.3268285095691681,0.07739900797605515,-0.13715727627277374,-0.6045545339584351,0.5883995294570923,0.20947426557540894,-0.3651457130908966,0.7336657047271729,-1.2995582818984985,-0.24062779545783997,-0.2107974886894226,0.5545134544372559
3.5995378494262695,0.46545499563217163,0.6865361928939819,0.012297249399125576,-0.024561770260334015,-0.03909716755151749,-0.9988577365875244,0.02006758563220501,0.25079768896102905,0.032087624073028564,0.29000000000000004,-0.22961042821407318,-0.016214895993471146,-0.2428220957517624,-0.07626920938491821,-0.08429461717605591,0.3336871266365051,0.07818163931369781,-0.1395467072725296,-0.5892165899276733,0.5912045240402222,0.22089754045009613,-0.3834654986858368,0.7334107756614685,-1.2448201179504395,-0.24995668232440948,-0.19605594873428345,0.6469699740409851
3.599165201187134,0.46559467911720276,0.6864153146743774,0.011137356981635094,-0.024313226342201233,-0.038772087544202805,-0.9988901615142822,0.01589471474289894,0.24792322516441345,0.02955581434071064,0.29000000000000004,-0.22889666259288788,-0.019973626360297203,-0.24724207818508148,-0.0792999118566513,-0.08120658993721008,0.3413192331790924,0.07882993668317795,-0.14261379837989807,-0.5735923051834106,0.5942258834838867,0.23236535489559174,-0.4054718613624573,0.7328575849533081,-1.192778468132019,-0.25951188802719116,-0.18601535260677338,0.7384388446807861
3.5988881587982178,0.4656238853931427,0.6862618923187256,0.010058783926069736,-0.02431000955402851,-0.03873641416430473,-0.9989029765129089,0.011769164353609085,0.24542613327503204,0.026819653809070587,0.29000000000000004,-0.22843167185783386,-0.022962374612689018,-0.2520904839038849,-0.08207111805677414,-0.0786215215921402,0.3493212163448334,0.0792882964015007,-0.14610624313354492,-0.5568982362747192,0.5968511700630188,0.2438500076532364,-0.43114298582077026,0.730635404586792,-1.1431961059570312,-0.2696217894554138,-0.18083390593528748,0.8283203840255737
3.5987086296081543,0.4655405580997467,0.6860900521278381,0.009129510261118412,-0.02449336275458336,-0.03885464370250702,-0.9989028573036194,0.008333711884915829,0.2434527724981308,0.024480702355504036,0.29000000000000004,-0.22824053466320038,-0.024914314970374107,-0.2569691836833954,-0.08434956520795822,-0.07647890597581863,0.3570639193058014,0.07951045781373978,-0.14968128502368927,-0.5388113260269165,0.5988019704818726,0.25505492091178894,-0.4590700566768646,0.726054847240448,-1.0959992408752441,-0.2802049219608307,-0.1798606961965561,0.9150077700614929
3.5986061096191406,0.46535566449165344,0.6859243512153625,0.008440626785159111,-0.024865426123142242,-0.038984548300504684,-0.9988946914672852,0.005879891104996204,0.2421800047159195,0.022991888225078583,0.29000000000000004,-0.22832582890987396,-0.025652939453721046,-0.2615204155445099,-0.08585821837186813,-0.07473062723875046,0.36363670229911804,0.07946375012397766,-0.15276697278022766,-0.5194041132926941,0.5999070405960083,0.2654605805873871,-0.48715049028396606,0.718953013420105,-1.0513442754745483,-0.29079586267471313,-0.18229030072689056,0.9961506128311157
3.5985422134399414,0.465104341506958,0.6857872605323792,0.008042218163609505,-0.025459716096520424,-0.03899838402867317,-0.9988824129104614,0.004252036102116108,0.24164937436580658,0.022511878982186317,0.29000000000000004,-0.22862346470355988,-0.025275375694036484,-0.26560449600219727,-0.08646104484796524,-0.07324714213609695,0.3683483898639679,0.07916202396154404,-0.15488864481449127,-0.49894410371780396,0.5998280644416809,0.27452531456947327,-0.5136358141899109,0.7092599868774414,-1.009488582611084,-0.30094918608665466,-0.18686553835868835,1.0696779489517212
3.5984859466552734,0.46483394503593445,0.6856929659843445,0.007922207936644554,-0.026252178475260735,-0.038838714361190796,-0.9988691210746765,0.0030438899993896484,0.24175295233726501,0.022845309227705002,0.29000000000000004,-0.229033425450325,-0.024203645065426826,-0.26913145184516907,-0.08623433858156204,-0.0719328448176384,0.37096041440963745,0.07868596166372299,-0.1558355838060379,-0.4778439700603485,0.598122775554657,0.2819465100765228,-0.5376462936401367,0.6966885328292847,-0.9704882502555847,-0.31041043996810913,-0.1917632520198822,1.1344695091247559
3.5984253883361816,0.4645858705043793,0.6856414079666138,0.00800921767950058,-0.027140164747834206,-0.03855665400624275,-0.9988555908203125,0.001819806406274438,0.24227501451969147,0.023497015237808228,0.29000000000000004,-0.22947193682193756,-0.02303028479218483,-0.2720010280609131,-0.08545121550559998,-0.07081769406795502,0.3717723786830902,0.07814224064350128,-0.15579165518283844,-0.4566561281681061,0.5943649411201477,0.2877224087715149,-0.5593774318695068,0.6810299754142761,-0.9341152310371399,-0.31905075907707214,-0.19472557306289673,1.1902720928192139
3.598365068435669,0.4643857479095459,0.6856238842010498,0.00819915160536766,-0.02797617018222809,-0.03825534135103226,-0.9988425374031067,0.0003198804333806038,0.24296070635318756,0.023941880092024803,0.29000000000000004,-0.22986236214637756,-0.022277865558862686,-0.2741267681121826,-0.08447147160768509,-0.06998596340417862,0.3714113235473633,0.0776391550898552,-0.15515539050102234,-0.4359058737754822,0.5880945920944214,0.2918896973133087,-0.5800096392631531,0.6630027890205383,-0.8999109268188477,-0.3267683684825897,-0.1934170424938202,1.2376859188079834
3.5983121395111084,0.46423575282096863,0.6856243014335632,0.008389361202716827,-0.028653619810938835,-0.03798149526119232,-0.9988322854042053,-0.0015561800682917237,0.24359130859375,0.02390052005648613,0.29000000000000004,-0.23016896843910217,-0.022309964522719383,-0.2756254971027374,-0.0835847407579422,-0.06936418265104294,0.3706538677215576,0.07723254710435867,-0.15438395738601685,-0.415831983089447,0.5789246559143066,0.2944151759147644,-0.6009579300880432,0.6443573236465454,-0.8672703504562378,-0.33344197273254395,-0.18622426688671112,1.278048038482666
3.598273754119873,0.4641132354736328,0.6856223344802856,0.008499295450747013,-0.029120922088623047,-0.03772146254777908,-0.9988276362419128,-0.0037405460607260466,0.2440265566110611,0.02337268926203251,0.29000000000000004,-0.23041051626205444,-0.023244695737957954,-0.27678272128105164,-0.08295773714780807,-0.06875374168157578,0.37027230858802795,0.07692449539899826,-0.15388959646224976,-0.39639607071876526,0.5668051242828369,0.29547184705734253,-0.6233368515968323,0.62689208984375,-0.8355163931846619,-0.3388875424861908,-0.17247308790683746,1.3129950761795044
3.598252296447754,0.46390897035598755,0.685596227645874,0.008595004677772522,-0.029339661821722984,-0.03746647760272026,-0.9988300204277039,-0.006018700543791056,0.24462659657001495,0.022494545206427574,0.29000000000000004,-0.2309347689151764,-0.02500065416097641,-0.27769574522972107,-0.08226656913757324,-0.06816880404949188,0.37065351009368896,0.07651279121637344,-0.15390515327453613,-0.37733781337738037,0.5521988272666931,0.2983025908470154,-0.6459263563156128,0.6157799959182739,-0.8038124442100525,-0.3427390456199646,-0.15235403180122375,1.343922734260559
3.598270893096924,0.4634551405906677,0.6855230927467346,0.00864934641867876,-0.029196320101618767,-0.03703567013144493,-0.9988498091697693,-0.007709879893809557,0.24559171497821808,0.021903295069932938,0.29000000000000004,-0.23154351115226746,-0.02750055119395256,-0.27843642234802246,-0.08122682571411133,-0.06733689457178116,0.3723258078098297,0.07568279653787613,-0.15470679104328156,-0.3577044904232025,0.5380300283432007,0.31118616461753845,-0.6670418977737427,0.6118700504302979,-0.7713798880577087,-0.3447023034095764,-0.12675735354423523,1.3716322183609009
3.5983307361602783,0.4629800617694855,0.6853933930397034,0.008487218990921974,-0.02886413410305977,-0.036401212215423584,-0.9988841414451599,-0.009039263240993023,0.2461307942867279,0.021626487374305725,0.29000000000000004,-0.23233523964881897,-0.030617965385317802,-0.27987954020500183,-0.08060955256223679,-0.06562378257513046,0.37607043981552124,0.07491717487573624,-0.15659859776496887,-0.33814355731010437,0.5228105783462524,0.3249800205230713,-0.6908999085426331,0.6073868870735168,-0.738463819026947,-0.3442179262638092,-0.09624068439006805,1.3966947793960571
3.598433256149292,0.46248412132263184,0.685232937335968,0.008226906880736351,-0.028418628498911858,-0.035637665539979935,-0.9989266991615295,-0.009887694381177425,0.24649280309677124,0.021721061319112778,0.29000000000000004,-0.23314730823040009,-0.03392590582370758,-0.2815745770931244,-0.08014500886201859,-0.06347785145044327,0.38079190254211426,0.07415707409381866,-0.1590355932712555,-0.319079726934433,0.5065908432006836,0.338713675737381,-0.7162796854972839,0.603509247303009,-0.7052943110466003,-0.3409091532230377,-0.062109239399433136,1.4198992252349854
3.5985732078552246,0.46199285984039307,0.6850634813308716,0.007953479886054993,-0.027900001034140587,-0.034789275377988815,-0.9989734292030334,-0.010038653388619423,0.24681945145130157,0.02231764793395996,0.29000000000000004,-0.23396429419517517,-0.037063755095005035,-0.2831454277038574,-0.07968036085367203,-0.06118438020348549,0.3856665790081024,0.07341703027486801,-0.16160830855369568,-0.30074068903923035,0.49021434783935547,0.35192376375198364,-0.7416830062866211,0.5997812151908875,-0.6719918847084045,-0.3346672058105469,-0.02571052871644497,1.441116213798523
3.598742961883545,0.46154800057411194,0.6849011778831482,0.007689851336181164,-0.0273634884506464,-0.03390885517001152,-0.9990205764770508,-0.009502098895609379,0.2470797598361969,0.02339511178433895,0.29000000000000004,-0.23471568524837494,-0.03976419195532799,-0.28449010848999023,-0.07924392074346542,-0.05889450013637543,0.3902581036090851,0.07275456190109253,-0.16407005488872528,-0.2833269536495209,0.4741760194301605,0.36390140652656555,-0.765742301940918,0.5967210531234741,-0.6389122009277344,-0.32556310296058655,0.011798991821706295,1.46
3.598910331726074,0.4611949324607849,0.6847532391548157,0.007409106008708477,-0.02693791687488556,-0.03301715478301048,-0.9990642070770264,-0.00869352463632822,0.24711480736732483,0.024792831391096115,0.29000000000000004,-0.23529714345932007,-0.04194886237382889,-0.28592222929000854,-0.07896971702575684,-0.05653401091694832,0.39447158575057983,0.07224839180707932,-0.16628603637218475,-0.26671671867370605,0.4587215185165405,0.3748645782470703,-0.7884274125099182,0.5938439965248108,-0.6067568063735962,-0.3140619695186615,0.0487644225358963,1.46
3.599055767059326,0.46097907423973083,0.6846330165863037,0.007108850404620171,-0.026653671637177467,-0.03216495364904404,-0.9991017580032349,-0.007705122232437134,0.24683183431625366,0.026416277512907982,0.29000000000000004,-0.23562778532505035,-0.04348002001643181,-0.28738322854042053,-0.07895517349243164,-0.05419884994626045,0.39802929759025574,0.07197850942611694,-0.16808226704597473,-0.2509225010871887,0.4440024793148041,0.3846038281917572,-0.8092564344406128,0.5914215445518494,-0.5759581327438354,-0.30070653557777405,0.08400596678256989,1.46
3.5991783142089844,0.46093904972076416,0.6845524907112122,0.006795393768697977,-0.02644951082766056,-0.03139166533946991,-0.9991338849067688,-0.00640528742223978,0.24617913365364075,0.028224477544426918,0.29000000000000004,-0.2356259822845459,-0.0443674735724926,-0.2885696589946747,-0.07927188277244568,-0.052026234567165375,0.4006832242012024,0.07201503962278366,-0.1693691611289978,-0.23601606488227844,0.43033966422080994,0.39287734031677246,-0.827520489692688,0.5896333456039429,-0.5466840863227844,-0.28605151176452637,0.11662633717060089,1.46
3.5992720127105713,0.4611033797264099,0.6845172643661499,0.0064583104103803635,-0.026291770860552788,-0.030685052275657654,-0.9991623759269714,-0.004875651095062494,0.24508488178253174,0.030154714360833168,0.29000000000000004,-0.23524601757526398,-0.04476489499211311,-0.28938573598861694,-0.07998837530612946,-0.049995116889476776,0.40235358476638794,0.07241720706224442,-0.17008858919143677,-0.22195392847061157,0.41805925965309143,0.39977023005485535,-0.8428266048431396,0.5881460309028625,-0.5190511345863342,-0.27062371373176575,0.14573988318443298,1.46
3.599320650100708,0.46148717403411865,0.6845273971557617,0.006080870050936937,-0.026176556944847107,-0.02996562235057354,-0.9991896152496338,-0.003282866207882762,0.24348533153533936,0.03221839666366577,0.29000000000000004,-0.2344561517238617,-0.04489976540207863,-0.28992119431495667,-0.0811285451054573,-0.0479048490524292,0.4030729830265045,0.07320883125066757,-0.17019501328468323,-0.2085629105567932,0.4071897268295288,0.40534326434135437,-0.8551720976829529,0.587003231048584,-0.49310851097106934,-0.25485295057296753,0.17067286372184753,1.46
3.5993106365203857,0.4620952606201172,0.6845776438713074,0.005632417742162943,-0.0261174775660038,-0.029135260730981827,-0.9992183446884155,-0.001785443164408207,0.24129629135131836,0.03449104726314545,0.29000000000000004,-0.23323121666908264,-0.04496157541871071,-0.2903934419155121,-0.08272165805101395,-0.04547908157110214,0.4030112624168396,0.07440443336963654,-0.1697016805410385,-0.19566679000854492,0.3975706696510315,0.4097141623497009,-0.8647357821464539,0.5862340927124023,-0.4688980281352997,-0.23906412720680237,0.1910194456577301,1.46
3.599233627319336,0.46292421221733093,0.684660017490387,0.005080276168882847,-0.026126034557819366,-0.028125127777457237,-0.9992498755455017,-0.0004399591125547886,0.23844657838344574,0.037059903144836426,0.29000000000000004,-0.23157311975955963,-0.045035336166620255,-0.29102182388305664,-0.08480296283960342,-0.04249377176165581,0.40239742398262024,0.07600317895412445,-0.16867588460445404,-0.18320392072200775,0.38906437158584595,0.4129364788532257,-0.8717626333236694,0.5860357284545898,-0.4464980959892273,-0.22347046434879303,0.20668256282806396,1.46
3.5990869998931885,0.4639580547809601,0.6847653388977051,0.004402349703013897,-0.026195431128144264,-0.026900799944996834,-0.999285101890564,0.0008126273169182241,0.234910786151886,0.04001705348491669,0.29000000000000004,-0.2295016348361969,-0.04511164873838425,-0.29195547103881836,-0.08738263696432114,-0.038823120296001434,0.4014778435230255,0.07798541337251663,-0.1672229766845703,-0.17121367156505585,0.3816758692264557,0.4152432084083557,-0.8765578866004944,0.5861203074455261,-0.4260168969631195,-0.2081855982542038,0.2178596705198288,1.46
3.5988752841949463,0.46517089009284973,0.6848833560943604,0.003588696476072073,-0.02631481923162937,-0.025469709187746048,-0.9993225932121277,0.002049529692158103,0.23071430623531342,0.04338667541742325,0.29000000000000004,-0.2270677089691162,-0.04514862224459648,-0.2932767868041992,-0.09044692665338516,-0.03445383906364441,0.4004751145839691,0.08031437546014786,-0.16547612845897675,-0.15983521938323975,0.37530022859573364,0.41670316457748413,-0.8794513940811157,0.5866103768348694,-0.4075579345226288,-0.19324719905853271,0.22490836679935455,1.46
3.598606824874878,0.4665301740169525,0.6850051879882812,0.0026379977352917194,-0.026470469310879707,-0.023885458707809448,-0.9993606805801392,0.003292412031441927,0.22591650485992432,0.04707760363817215,0.29000000000000004,-0.22432862222194672,-0.0450899675488472,-0.2950168550014496,-0.09397280961275101,-0.02948266640305519,0.39958587288856506,0.08293503522872925,-0.16357988119125366,-0.14928139746189117,0.36984434723854065,0.4174140691757202,-0.8808103203773499,0.5875645279884338,-0.3911643326282501,-0.17865623533725739,0.2281551957130432,1.46
3.598285675048828,0.4680030047893524,0.6851218342781067,0.0015491788508370519,-0.02665979042649269,-0.02223004214465618,-0.999396026134491,0.0044560907408595085,0.22058109939098358,0.05088910087943077,0.29000000000000004,-0.22134116291999817,-0.04492602124810219,-0.29721590876579285,-0.09795081615447998,-0.02406071126461029,0.3990040421485901,0.08580195903778076,-0.16168510913848877,-0.139770045876503,0.36527925729751587,0.4175855815410614,-0.8810787796974182,0.5887803435325623,-0.3768441677093506,-0.16442690789699554,0.22784079611301422,1.46
3.597914695739746,0.4695618748664856,0.6852267980575562,0.00032615664531476796,-0.026887061074376106,-0.020584767684340477,-0.9994263648986816,0.005432095378637314,0.2147735059261322,0.054618801921606064,0.29000000000000004,-0.2181483954191208,-0.04463902488350868,-0.29990339279174805,-0.1023646667599678,-0.01833774335682392,0.39886215329170227,0.08887080103158951,-0.15990108251571655,-0.13149970769882202,0.3615210950374603,0.4172727167606354,-0.880538821220398,0.5903398394584656,-0.36455652117729187,-0.15061067044734955,0.22427703440189362,1.46
3.5974974632263184,0.47118064761161804,0.6853161454200745,-0.0010224999859929085,-0.027143875136971474,-0.019025472924113274,-0.9994499087333679,0.00621934374794364,0.20856580138206482,0.05813315138220787,0.29000000000000004,-0.2147955745458603,-0.04414935037493706,-0.3030546009540558,-0.10718875378370285,-0.012473604641854763,0.3992467224597931,0.09209481626749039,-0.15830911695957184,-0.12464557588100433,0.35855960845947266,0.41689014434814453,-0.8792034387588501,0.5914044380187988,-0.3542047441005707,-0.1372840404510498,0.21792785823345184,1.46
3.5970423221588135,0.4728367328643799,0.685386061668396,-0.0024823115672916174,-0.02739456668496132,-0.017581278458237648,-0.9994669556617737,0.006983710918575525,0.20203419029712677,0.0614447146654129,0.29000000000000004,-0.21133370697498322,-0.04339739307761192,-0.30655965209007263,-0.11236897855997086,-0.006566046737134457,0.40019479393959045,0.09543928503990173,-0.1569836139678955,-0.11926330626010895,0.3564792573451996,0.41677582263946533,-0.877083957195282,0.591180682182312,-0.3456505239009857,-0.12452515214681625,0.20931074023246765,1.46
3.596553087234497,0.4745098948478699,0.6854351162910461,-0.0040323808789253235,-0.027612529695034027,-0.01626482978463173,-0.9994781613349915,0.007868300192058086,0.1952599287033081,0.06459692865610123,0.29000000000000004,-0.20781424641609192,-0.042307354509830475,-0.31032729148864746,-0.11783304810523987,-0.0006799256661906838,0.40168464183807373,0.09886034578084946,-0.15592388808727264,-0.11537271738052368,0.3552883565425873,0.41739267110824585,-0.8739259243011475,0.5885595083236694,-0.3388163149356842,-0.11238812655210495,0.19898436963558197,1.46
3.5960307121276855,0.4761880040168762,0.6854631304740906,-0.005656609311699867,-0.027784451842308044,-0.015042676590383053,-0.999484658241272,0.008951223455369473,0.18829986453056335,0.06767863780260086,0.29000000000000004,-0.2042631357908249,-0.040895313024520874,-0.3143133223056793,-0.12350383400917053,0.005218485835939646,0.403656929731369,0.10232707858085632,-0.15510308742523193,-0.11286935210227966,0.35483285784721375,0.418626993894577,-0.869848906993866,0.5838926434516907,-0.3336610198020935,-0.10096114873886108,0.18752624094486237,1.46
3.595466136932373,0.4778681993484497,0.685469388961792,-0.0073528895154595375,-0.027928965166211128,-0.013838131912052631,-0.999487042427063,0.01017842534929514,0.1811581254005432,0.07080038636922836,0.29000000000000004,-0.20068590342998505,-0.03923347219824791,-0.3186100125312805,-0.1293218582868576,0.011306033469736576,0.406078040599823,0.10583603382110596,-0.15444737672805786,-0.11148931086063385,0.3548282980918884,0.42015811800956726,-0.8653708100318909,0.5782657861709595,-0.3301545977592468,-0.09040860086679459,0.17548005282878876,1.46
3.5948474407196045,0.4795577824115753,0.6854485869407654,-0.009148886427283287,-0.02809208817780018,-0.012553509324789047,-0.9994845986366272,0.011400263756513596,0.1737528294324875,0.07408197224140167,0.29000000000000004,-0.19705478847026825,-0.037399183958768845,-0.323500394821167,-0.135288804769516,0.01789000630378723,0.40905681252479553,0.1094033345580101,-0.15393057465553284,-0.1108262911438942,0.3549267649650574,0.42173197865486145,-0.8613332509994507,0.5728089213371277,-0.32824721932411194,-0.08099307864904404,0.16334979236125946,1.46
3.5941593647003174,0.48127204179763794,0.6853882670402527,-0.011120901443064213,-0.02833252027630806,-0.011100087314844131,-0.9994749426841736,0.012469875626266003,0.16587668657302856,0.07763930410146713,0.29000000000000004,-0.19332727789878845,-0.03543591499328613,-0.32947227358818054,-0.14151662588119507,0.02539837174117565,0.41298601031303406,0.11308072507381439,-0.15365687012672424,-0.11038669943809509,0.3548620045185089,0.42335382103919983,-0.8586525917053223,0.5680184960365295,-0.32786300778388977,-0.07305965572595596,0.15142732858657837,1.46
3.5933773517608643,0.4830276668071747,0.6852651238441467,-0.013386430218815804,-0.02873307280242443,-0.009428578428924084,-0.9994529485702515,0.013166941702365875,0.1572241634130478,0.08150434494018555,0.29000000000000004,-0.1894386112689972,-0.03331626579165459,-0.3372253179550171,-0.1482110470533371,0.03432413935661316,0.4185124635696411,0.11694638431072235,-0.15386414527893066,-0.10979047417640686,0.35421836376190186,0.4251372516155243,-0.8573645949363708,0.5636563301086426,-0.3289695978164673,-0.06694289296865463,0.13991354405879974,1.46
3.592498302459717,0.4848344624042511,0.6850518584251404,-0.016073334962129593,-0.02932918071746826,-0.007462281733751297,-0.9994126558303833,0.013405240140855312,0.14748507738113403,0.08577824383974075,0.29000000000000004,-0.18533292412757874,-0.03110242262482643,-0.3473811447620392,-0.1555517315864563,0.04523183032870293,0.42634040117263794,0.12108603864908218,-0.15483957529067993,-0.10866385698318481,0.3525044023990631,0.42705032229423523,-0.8565886616706848,0.5594243407249451,-0.3314695358276367,-0.06286679953336716,0.12889277935028076,1.46
3.591545581817627,0.4866960644721985,0.6847226619720459,-0.019289454445242882,-0.03005584143102169,-0.0050420379266142845,-0.9993492960929871,0.013307620771229267,0.13641388714313507,0.09073526412248611,0.29000000000000004,-0.1809900999069214,-0.029125932604074478,-0.36032944917678833,-0.16366592049598694,0.058116938918828964,0.43710651993751526,0.12550190091133118,-0.1567702740430832,-0.10640367865562439,0.34976813197135925,0.4289016127586365,-0.8559330701828003,0.555313229560852,-0.335125595331192,-0.060924191027879715,0.11841824650764465,1.46
3.5905325412750244,0.48860934376716614,0.684252142906189,-0.023132849484682083,-0.03091347962617874,-0.001987634925171733,-0.9992523193359375,0.012582781724631786,0.12382957339286804,0.09653927385807037,0.29000000000000004,-0.17650865018367767,-0.02792190946638584,-0.3765491545200348,-0.17277202010154724,0.07246243208646774,0.45118623971939087,0.12990346550941467,-0.15962530672550201,-0.10238603502511978,0.34601277112960815,0.4302833676338196,-0.8550752401351929,0.5521673560142517,-0.3397964537143707,-0.06101856380701065,0.10867269337177277,1.46
3.5894711017608643,0.4905746579170227,0.6836115717887878,-0.027720503509044647,-0.03199184685945511,0.0018845584709197283,-0.9991018176078796,0.010584141127765179,0.1095067709684372,0.10318489372730255,0.29000000000000004,-0.17158539593219757,-0.02810923010110855,-0.39703264832496643,-0.18364599347114563,0.08489859104156494,0.4688761532306671,0.13432568311691284,-0.16278797388076782,-0.09603799134492874,0.34124279022216797,0.4306285083293915,-0.8536475896835327,0.5509917736053467,-0.34531834721565247,-0.0629429742693901,0.10006679594516754,1.46
3.588412046432495,0.49258288741111755,0.682775616645813,-0.03317322954535484,-0.03329460695385933,0.006732102949172258,-0.9988721013069153,0.006872094236314297,0.09329419583082199,0.11084718257188797,0.29000000000000004,-0.1665511131286621,-0.03041609190404415,-0.42257586121559143,-0.1970793455839157,0.09233701229095459,0.49026259779930115,0.13752467930316925,-0.16488724946975708,-0.08705642819404602,0.33590543270111084,0.4293270707130432,-0.8507371544837952,0.5525813102722168,-0.3512829542160034,-0.06628058105707169,0.09243001788854599,1.46
3.587416648864746,0.4945860803127289,0.6816985607147217,-0.039473842829465866,-0.034701548516750336,0.01263013482093811,-0.9985378980636597,0.001489244750700891,0.0753931924700737,0.11966407299041748,0.29000000000000004,-0.16120746731758118,-0.0355105996131897,-0.4532381296157837,-0.213553324341774,0.09445201605558395,0.515150785446167,0.14032363891601562,-0.16635772585868835,-0.075613833963871,0.3307902216911316,0.425957053899765,-0.8450658917427063,0.5568579435348511,-0.35703781247138977,-0.07033994793891907,0.08520634472370148,1.46
3.586513042449951,0.49655959010124207,0.6803643107414246,-0.04669477418065071,-0.0361766442656517,0.01972912810742855,-0.9980589151382446,-0.005390416830778122,0.05577761307358742,0.1301073133945465,0.29000000000000004,-0.15587274730205536,-0.04337959736585617,-0.48892146348953247,-0.23142848908901215,0.09198272228240967,0.5454071164131165,0.13995786011219025,-0.16875435411930084,-0.06187352538108826,0.326424241065979,0.4206251800060272,-0.8361709713935852,0.5632280111312866,-0.3625487685203552,-0.07468239963054657,0.07774030417203903,1.46
3.58569598197937,0.4984856843948364,0.6787707805633545,-0.05467412620782852,-0.03765837103128433,0.02787449210882187,-0.9974043965339661,-0.013448822312057018,0.0349116288125515,0.14218884706497192,0.29000000000000004,-0.15060436725616455,-0.05366290360689163,-0.5281303524971008,-0.2501898407936096,0.08903595060110092,0.5792922973632812,0.13730798661708832,-0.1726236790418625,-0.0469541922211647,0.3226335942745209,0.41343212127685547,-0.8234970569610596,0.5711249113082886,-0.3679126501083374,-0.07872948050498962,0.06954368203878403,1.46
3.5849533081054688,0.5003681778907776,0.6769717335700989,-0.06307963281869888,-0.038968320935964584,0.03650450333952904,-0.9965789318084717,-0.02231471799314022,0.013605382293462753,0.15509749948978424,0.29000000000000004,-0.14546680450439453,-0.06575511395931244,-0.5691317915916443,-0.26869532465934753,0.08897577971220016,0.6142752170562744,0.13352614641189575,-0.17712721228599548,-0.03263447433710098,0.31929710507392883,0.4045436978340149,-0.807981014251709,0.5810393691062927,-0.37317442893981934,-0.08176514506340027,0.0594235360622406,1.46
3.5842339992523193,0.502216100692749,0.6750415563583374,-0.07157279551029205,-0.03996340185403824,0.044882457703351974,-0.9956232309341431,-0.0317026786506176,-0.0073808329179883,0.16764482855796814,0.29000000000000004,-0.14052456617355347,-0.078752301633358,-0.6098105907440186,-0.28602632880210876,0.09381037950515747,0.6484248638153076,0.12958388030529022,-0.18207621574401855,-0.02077176608145237,0.31628063321113586,0.3944495618343353,-0.7910407185554504,0.5928417444229126,-0.37878769636154175,-0.08313204348087311,0.046582650393247604,1.46
3.5834767818450928,0.5040349364280701,0.6730647087097168,-0.07983612269163132,-0.04051149636507034,0.052379339933395386,-0.9946061372756958,-0.04127741605043411,-0.027401287108659744,0.17880524694919586,0.29000000000000004,-0.13582488894462585,-0.09183132648468018,-0.6484104990959167,-0.3014882802963257,0.10420646518468857,0.6804658770561218,0.12657174468040466,-0.1872645914554596,-0.012622392736375332,0.31394869089126587,0.3843381106853485,-0.7743855118751526,0.6050009727478027,-0.3853859603404999,-0.08250945061445236,0.03055214323103428,1.4589675664901733
3.582613706588745,0.5058401823043823,0.6711016893386841,-0.0876912847161293,-0.040627140551805496,0.05865303426980972,-0.9935891032218933,-0.051035765558481216,-0.046163421124219894,0.1879846453666687,0.29000000000000004,-0.13127686083316803,-0.10443360358476639,-0.6843892335891724,-0.31500908732414246,0.1197131797671318,0.7095517516136169,0.12523941695690155,-0.1917826384305954,-0.008576762862503529,0.31257468461990356,0.37517049908638,-0.7592487335205078,0.6161033511161804,-0.39346960186958313,-0.08014453202486038,0.01103479228913784,1.4573067426681519
3.581587076187134,0.5076614618301392,0.669150710105896,-0.09513881057500839,-0.0405079647898674,0.06367695331573486,-0.9925990700721741,-0.06152196228504181,-0.06,0.19503770768642426,0.29000000000000004,-0.1268162727355957,-0.11652222275733948,-0.7186606526374817,-0.32665446400642395,0.13882504403591156,0.7356473207473755,0.12562519311904907,-0.19525820016860962,-0.008190431632101536,0.3121982514858246,0.36736753582954407,-0.74599689245224,0.625385582447052,-0.40319740772247314,-0.07668023556470871,-0.012099828571081161,1.4570395946502686
3.5803117752075195,0.5095824599266052,0.6671850681304932,-0.10239078104496002,-0.040510982275009155,0.06780818104743958,-0.9916031360626221,-0.0736679956316948,-0.06,0.20056244730949402,0.29000000000000004,-0.12216836959123611,-0.1280999481678009,-0.7517731785774231,-0.33651021122932434,0.1606587916612625,0.7604305744171143,0.125677227973938,-0.19901539385318756,-0.010295180603861809,0.3124655783176422,0.3606828451156616,-0.7342507243156433,0.6332698464393616,-0.4142201840877533,-0.07274293899536133,-0.03834377974271774,1.4568150043487549
3.578787326812744,0.5116446614265442,0.6651946306228638,-0.10942205786705017,-0.04067986086010933,0.0710248351097107,-0.9906195998191833,-0.08770237863063812,-0.06,0.20453089475631714,0.29000000000000004,-0.11731515824794769,-0.13939052820205688,-0.7845723032951355,-0.3453272581100464,0.18527695536613464,0.7827706336975098,0.12662765383720398,-0.20139461755752563,-0.014685053378343582,0.3132385313510895,0.3546351194381714,-0.7235193848609924,0.6406316757202148,-0.4253268241882324,-0.06843318790197372,-0.06645742803812027,1.4549198150634766
3.577014923095703,0.5138781070709229,0.6631446480751038,-0.11631312966346741,-0.04106159135699272,0.0735316053032875,-0.9896354079246521,-0.10372067242860794,-0.06,0.20740681886672974,0.29000000000000004,-0.1121290996670723,-0.15059010684490204,-0.8171938061714172,-0.35347744822502136,0.2124590426683426,0.80400550365448,0.1299692690372467,-0.20362325012683868,-0.020662378519773483,0.31427183747291565,0.34910765290260315,-0.7135370373725891,0.6475480198860168,-0.43570414185523987,-0.06386025249958038,-0.09567795693874359,1.4503483772277832
3.5750625133514404,0.5162819623947144,0.6610358357429504,-0.12300334870815277,-0.04150645062327385,0.07543104141950607,-0.9886645078659058,-0.12097890675067902,-0.06,0.2095727175474167,0.29000000000000004,-0.1066792756319046,-0.16171371936798096,-0.8498288989067078,-0.3610383868217468,0.24117176234722137,0.8234650492668152,0.1348186433315277,-0.2044738084077835,-0.027808036655187607,0.31593722105026245,0.34422627091407776,-0.7036812901496887,0.6530681848526001,-0.4443588852882385,-0.05915752798318863,-0.125206857919693,1.4419758319854736
3.5729784965515137,0.5188725590705872,0.6588526368141174,-0.1294688582420349,-0.04191716015338898,0.07710320502519608,-0.9876920580863953,-0.13903871178627014,-0.06,0.21184943616390228,0.29000000000000004,-0.10097602754831314,-0.17308309674263,-0.8818495869636536,-0.36767637729644775,0.27157458662986755,0.8415388464927673,0.14044822752475739,-0.20454439520835876,-0.035228222608566284,0.3182898461818695,0.33991703391075134,-0.6934958100318909,0.6568764448165894,-0.450579434633255,-0.05449213832616806,-0.15453572571277618,1.4286116361618042
3.5708155632019043,0.5216619372367859,0.656635582447052,-0.13557296991348267,-0.04212837293744087,0.07880590111017227,-0.9867293238639832,-0.15700042247772217,-0.06,0.21487614512443542,0.29000000000000004,-0.09502419084310532,-0.18460713326931,-0.9122349619865417,-0.3727775514125824,0.3040357232093811,0.8578904271125793,0.1476932317018509,-0.20408205687999725,-0.042527493089437485,0.32101914286613464,0.33594438433647156,-0.6829466819763184,0.6594885587692261,-0.4538520872592926,-0.04979176074266434,-0.18270434439182281,1.4095873832702637
3.5686841011047363,0.5246849656105042,0.654430627822876,-0.14121413230895996,-0.04185410588979721,0.08068307489156723,-0.9857975840568542,-0.1735774427652359,-0.06,0.21903900802135468,0.29000000000000004,-0.08881516009569168,-0.19619953632354736,-0.9402300715446472,-0.3769923448562622,0.33582839369773865,0.8725004196166992,0.1552480310201645,-0.20282292366027832,-0.049629323184490204,0.32381176948547363,0.33214306831359863,-0.6724621653556824,0.6616729497909546,-0.45405474305152893,-0.04514095187187195,-0.20911958813667297,1.3853437900543213
3.566664218902588,0.5279330015182495,0.6522447466850281,-0.14638830721378326,-0.04095188155770302,0.0828610211610794,-0.984899640083313,-0.18819379806518555,-0.06,0.2245642989873886,0.31255728006362915,-0.08239119499921799,-0.20797578990459442,-0.9654226899147034,-0.3804498612880707,0.3668995499610901,0.8855351805686951,0.1632998287677765,-0.20095965266227722,-0.0565110445022583,0.3266497850418091,0.32873770594596863,-0.6622898578643799,0.6630204319953918,-0.451604962348938,-0.04068988189101219,-0.2338862270116806,1.3563498258590698
3.5647895336151123,0.5313682556152344,0.6500269174575806,-0.1511841118335724,-0.039525747299194336,0.08531206101179123,-0.9840238094329834,-0.2013506442308426,-0.06,0.2312854677438736,0.33878034353256226,-0.07578009366989136,-0.22028955817222595,-0.9884569644927979,-0.38323086500167847,0.39751824736595154,0.8976864218711853,0.17176313698291779,-0.19895265996456146,-0.06346091628074646,0.3296082317829132,0.3260577619075775,-0.6523501873016357,0.6627153158187866,-0.4472915530204773,-0.03665735945105553,-0.25752416253089905,1.3228867053985596
3.5630288124084473,0.5349286198616028,0.6477670669555664,-0.15562649071216583,-0.037930045276880264,0.08802704513072968,-0.9831545352935791,-0.21395668387413025,-0.06,0.23903416097164154,0.3651442527770996,-0.06904835253953934,-0.2330445498228073,-1.0111280679702759,-0.3845953047275543,0.4285908639431,0.9113280177116394,0.18057335913181305,-0.20310719311237335,-0.07073356211185455,0.33244383335113525,0.3241517245769501,-0.6421740055084229,0.6604706645011902,-0.4419604539871216,-0.03305022791028023,-0.28067249059677124,1.2849937677383423
3.5613179206848145,0.5385827422142029,0.6456034183502197,-0.1595114767551422,-0.03653359413146973,0.09121433645486832,-0.9822939038276672,-0.22618483006954193,-0.06,0.24807925522327423,0.39026200771331787,-0.06222039461135864,-0.24544423818588257,-1.0351430177688599,-0.382859468460083,0.4614971876144409,0.9287910461425781,0.1928453892469406,-0.21743136644363403,-0.07805360108613968,0.3348686397075653,0.322843074798584,-0.6317631006240845,0.6568768620491028,-0.4360693693161011,-0.03,-0.30445221066474915,1.2423100471496582
3.559633255004883,0.5422455668449402,0.6435038447380066,-0.16301721334457397,-0.03541436418890953,0.09486683458089828,-0.9814128875732422,-0.23831461369991302,-0.06,0.25830942392349243,0.4142313301563263,-0.05551919713616371,-0.2573361098766327,-1.057173490524292,-0.37901821732521057,0.4952975809574127,0.9444210529327393,0.21281221508979797,-0.2371494621038437,-0.08559092879295349,0.3374265432357788,0.3219260275363922,-0.6222243309020996,0.6529543995857239,-0.43002742528915405,-0.03,-0.3295838534832001,1.1948519945144653
3.558077812194824,0.5460277199745178,0.6415175199508667,-0.16613157093524933,-0.03455726057291031,0.09883691370487213,-0.9805291295051575,-0.24988383054733276,-0.06,0.2694932222366333,0.436372846364975,-0.04864310845732689,-0.2686547338962555,-1.0817382335662842,-0.37393423914909363,0.522996187210083,0.9625730514526367,0.20383255183696747,-0.2553679049015045,-0.09349868446588516,0.3406747877597809,0.32112523913383484,-0.6155000329017639,0.6508620381355286,-0.42415839433670044,-0.03,-0.3559229075908661,1.143589735031128
3.5565972328186035,0.5499119162559509,0.6395413279533386,-0.1690588891506195,-0.034359220415353775,0.10395460575819016,-0.9795060157775879,-0.26220905780792236,-0.06,0.28308531641960144,0.4578785300254822,-0.041752614080905914,-0.28012964129447937,-1.1085851192474365,-0.36527013778686523,0.5524622201919556,0.9819056987762451,0.1991872787475586,-0.2749954164028168,-0.09983367472887039,0.343671590089798,0.3210544288158417,-0.613466203212738,0.6503661870956421,-0.41797611117362976,-0.03,-0.38179296255111694,1.0876861810684204
3.555047035217285,0.5536969900131226,0.637569010257721,-0.1718730330467224,-0.03483132645487785,0.10934718698263168,-0.9784116744995117,-0.2757141888141632,-0.06,0.297335684299469,0.4785997271537781,-0.034868620336055756,-0.2911666929721832,-1.1323412656784058,-0.35369351506233215,0.587335467338562,0.9984050393104553,0.22268277406692505,-0.30798301100730896,-0.1065235361456871,0.34643009305000305,0.322729229927063,-0.6148743033409119,0.6485966444015503,-0.4105357229709625,-0.03,-0.40462055802345276,1.0281288623809814
3.5535202026367188,0.557461678981781,0.6357559561729431,-0.17470426857471466,-0.03573833778500557,0.11396413296461105,-0.977350115776062,-0.28889885544776917,-0.06,0.31042495369911194,0.49593859910964966,-0.027918308973312378,-0.30001139640808105,-1.156516671180725,-0.3431808650493622,0.6182330250740051,1.0152745246887207,0.23536132276058197,-0.3400280475616455,-0.115193210542202,0.3494105041027069,0.32578080892562866,-0.6192445158958435,0.6462230086326599,-0.4020169973373413,-0.03,-0.4238859713077545,0.9688026309013367
3.551964044570923,0.5610769987106323,0.6340692043304443,-0.1769818216562271,-0.03760112076997757,0.11946961283683777,-0.9762122631072998,-0.30381545424461365,-0.06,0.32516714930534363,0.5131435394287109,-0.021051989868283272,-0.30892518162727356,-1.1821080446243286,-0.33170560002326965,0.6436461806297302,1.0311789512634277,0.24,-0.37274518609046936,-0.12171834707260132,0.3521091639995575,0.3296855688095093,-0.6249435544013977,0.6425260305404663,-0.39247187972068787,-0.03,-0.439485102891922,0.9105342626571655
3.5504086017608643,0.5642207860946655,0.6324347853660583,-0.17813216149806976,-0.0400138758122921,0.12591515481472015,-0.9750964641571045,-0.3206383287906647,-0.06,0.34034767746925354,0.5333213210105896,-0.01591772586107254,-0.3194792568683624,-1.2069854736328125,-0.3181731700897217,0.6618295907974243,1.0466095209121704,0.24,-0.40713539719581604,-0.12664677202701569,0.3551052212715149,0.3337385952472687,-0.6304360032081604,0.637910008430481,-0.38028034567832947,-0.03,-0.45143991708755493,0.8512500524520874
3.5490775108337402,0.5672006607055664,0.630733072757721,-0.1793704628944397,-0.04201214760541916,0.1319725215435028,-0.9739837646484375,-0.33596569299697876,-0.06,0.3548819422721863,0.5529426336288452,-0.010752078145742416,-0.3301002085208893,-1.232448697090149,-0.3076869547367096,0.6759587526321411,1.0621042251586914,0.24,-0.44044366478919983,-0.1326962411403656,0.35834503173828125,0.3376164436340332,-0.6359071135520935,0.6337658762931824,-0.36511939764022827,-0.03,-0.45921266078948975,0.7926501035690308
3.548007011413574,0.5700376033782959,0.6289039850234985,-0.18083950877189636,-0.043572794646024704,0.1383601725101471,-0.9727562665939331,-0.3496165871620178,-0.06,0.3702157735824585,0.5722705125808716,-0.0059519000351428986,-0.34130245447158813,-1.257730484008789,-0.2994553744792938,0.686864972114563,1.0767987966537476,0.24,-0.46893325448036194,-0.13796725869178772,0.36154457926750183,0.34151917695999146,-0.6406903862953186,0.6289035081863403,-0.3473145663738251,-0.03,-0.4621641933917999,0.7376824617385864
3.547182559967041,0.5727560520172119,0.6269656419754028,-0.18260705471038818,-0.04488020017743111,0.1454678326845169,-0.9713286757469177,-0.3617817461490631,-0.06,0.38709744811058044,0.5909769535064697,-0.0015080769080668688,-0.3530433773994446,-1.2827317714691162,-0.29240596294403076,0.6956369876861572,1.0904514789581299,0.24,-0.49145540595054626,-0.14128448069095612,0.36434298753738403,0.3455754816532135,-0.6443198919296265,0.6226056218147278,-0.3273833394050598,-0.03,-0.4607255756855011,0.6864151358604431
3.5466365814208984,0.5753363966941833,0.624973714351654,-0.18454033136367798,-0.04572724923491478,0.1529807448387146,-0.9697683453559875,-0.37189212441444397,-0.06,0.4048580527305603,0.6088235378265381,0.0025358665734529495,-0.36515095829963684,-1.3066643476486206,-0.28639641404151917,0.7028303742408752,1.1031148433685303,0.24,-0.5093885660171509,-0.14335255324840546,0.36701369285583496,0.35077276825904846,-0.6468175649642944,0.6129329800605774,-0.3055514395236969,-0.03,-0.45525506138801575,0.6381307244300842
3.546355724334717,0.5777841210365295,0.622969925403595,-0.18644173443317413,-0.0459858700633049,0.1602788120508194,-0.968212366104126,-0.37989839911460876,-0.06,0.4222375154495239,0.6259549856185913,0.006249930709600449,-0.377400666475296,-1.3287534713745117,-0.28155678510665894,0.7089616060256958,1.1152583360671997,0.24,-0.524746835231781,-0.1455819308757782,0.36938589811325073,0.3570280075073242,-0.6481016278266907,0.6005086302757263,-0.2832307815551758,-0.03,-0.44675976037979126,0.593682050704956
3.5462658405303955,0.5801372528076172,0.6209800243377686,-0.18818724155426025,-0.045840226113796234,0.166890487074852,-0.966763436794281,-0.3865712583065033,-0.06,0.4382989704608917,0.6426050066947937,0.009804374538362026,-0.3895113468170166,-1.3488805294036865,-0.2777644991874695,0.7145065069198608,1.1270650625228882,0.24,-0.538785994052887,-0.14867134392261505,0.3711158335208893,0.36433345079421997,-0.6484484672546387,0.5859789848327637,-0.2619837522506714,-0.03,-0.4366792142391205,0.552739679813385
3.5462772846221924,0.5824348330497742,0.6190261244773865,-0.18973226845264435,-0.0456324964761734,0.17257480323314667,-0.9654724597930908,-0.39293473958969116,-0.06,0.452553927898407,0.6588444709777832,0.013359072618186474,-0.4011739492416382,-1.3673611879348755,-0.27471572160720825,0.7197355031967163,1.1380441188812256,0.24,-0.551194965839386,-0.1524428427219391,0.3719651997089386,0.37298551201820374,-0.6484396457672119,0.5693233609199524,-0.2425161600112915,-0.03,-0.4265526235103607,0.5131624341011047
3.546332836151123,0.5847064852714539,0.6171161532402039,-0.19106191396713257,-0.04556981101632118,0.17721262574195862,-0.9643725156784058,-0.3996371924877167,-0.06,0.464796781539917,0.6747846007347107,0.017066335305571556,-0.4122535288333893,-1.384409785270691,-0.2722562849521637,0.7248210906982422,1.1478170156478882,0.24,-0.5613988637924194,-0.1565053015947342,0.3721253573894501,0.3830021619796753,-0.64870685338974,0.5508654117584229,-0.22484126687049866,-0.03,-0.4176284074783325,0.4732761085033417
3.5464165210723877,0.5869684219360352,0.6152344942092896,-0.19215868413448334,-0.04565327987074852,0.1807289868593216,-0.9634976387023926,-0.4068387746810913,-0.06,0.4749322235584259,0.690674364566803,0.021028345450758934,-0.42281776666641235,-1.3999909162521362,-0.2704657316207886,0.7299098372459412,1.1563224792480469,0.24,-0.5689563751220703,-0.16075830161571503,0.3717010021209717,0.3937186300754547,-0.649082362651825,0.5318716168403625,-0.20882582664489746,-0.03,-0.41054511070251465,0.43330034613609314
3.546534299850464,0.5892270803451538,0.6133421659469604,-0.19304119050502777,-0.045818060636520386,0.18318302929401398,-0.9628497362136841,-0.4145146310329437,-0.06,0.48310816287994385,0.706832766532898,0.025248592719435692,-0.4330902099609375,-1.4141515493392944,-0.26923447847366333,0.7353543043136597,1.1638809442520142,0.24,-0.5741220116615295,-0.16509562730789185,0.37069228291511536,0.40421605110168457,-0.6492218375205994,0.5139500498771667,-0.19436012208461761,-0.03,-0.4054637551307678,0.39436644315719604
3.5466997623443604,0.5914842486381531,0.6113907694816589,-0.19377140700817108,-0.04599738493561745,0.18480390310287476,-0.9623847007751465,-0.4225420653820038,-0.06,0.48981085419654846,0.7235071659088135,0.029694315046072006,-0.443355917930603,-1.4270617961883545,-0.26809874176979065,0.7417324781417847,1.171021819114685,0.24,-0.577750027179718,-0.16916610300540924,0.36938774585723877,0.41420209407806396,-0.6492674350738525,0.49745428562164307,-0.18095551431179047,-0.03,-0.4021497964859009,0.356437623500824
3.5469141006469727,0.5937490463256836,0.6093431115150452,-0.19441966712474823,-0.046171560883522034,0.1858416199684143,-0.9620456695556641,-0.43086814880371094,-0.06,0.4955844581127167,0.7408267855644226,0.03436321020126343,-0.4538043141365051,-1.4389524459838867,-0.2665559649467468,0.7495080232620239,1.178161859512329,0.24,-0.5805895924568176,-0.17270193994045258,0.36799880862236023,0.42379647493362427,-0.6491400003433228,0.4805416166782379,-0.16793237626552582,-0.03,-0.4001372456550598,0.31858497858047485
3.547145366668701,0.5960359573364258,0.607179582118988,-0.19502823054790497,-0.04639182984828949,0.18640661239624023,-0.96180260181427,-0.4396708607673645,-0.06,0.5006743669509888,0.7588522434234619,0.039261963218450546,-0.4644516408443451,-1.4500455856323242,-0.26447734236717224,0.758726179599762,1.1853545904159546,0.24,-0.5824870467185974,-0.17596347630023956,0.36580774188041687,0.4328276813030243,-0.6473865509033203,0.45875269174575806,-0.1550169438123703,-0.03,-0.39894208312034607,0.28061291575431824
3.547408103942871,0.5983543395996094,0.6049274802207947,-0.19557501375675201,-0.04656568914651871,0.18663054704666138,-0.9616397023200989,-0.4485481083393097,-0.06,0.505335807800293,0.7772994637489319,0.04437180235981941,-0.47526493668556213,-1.460302710533142,-0.26212090253829956,0.768917977809906,1.1923848390579224,0.24,-0.5832026600837708,-0.17922280728816986,0.36198949813842773,0.4393570125102997,-0.6435760259628296,0.4303596615791321,-0.1421433389186859,-0.03,-0.39833277463912964,0.24333426356315613
3.5477559566497803,0.6007020473480225,0.6026483178138733,-0.19600389897823334,-0.04650029540061951,0.1867135912179947,-0.9615394473075867,-0.45668309926986694,-0.06,0.5098816156387329,0.7956540584564209,0.0496085062623024,-0.4861814081668854,-1.4693852663040161,-0.2599421739578247,0.7795301079750061,1.1991175413131714,0.24,-0.5830133557319641,-0.18245133757591248,0.3563134968280792,0.4404953420162201,-0.6387572288513184,0.3958047926425934,-0.12926720082759857,-0.03,-0.39829355478286743,0.20759528875350952
3.5482091903686523,0.6030728816986084,0.6003732681274414,-0.19630727171897888,-0.046114541590213776,0.18681250512599945,-0.9614769220352173,-0.4636615812778473,-0.06,0.5145304203033447,0.813581109046936,0.0547897070646286,-0.4971865713596344,-1.4772675037384033,-0.25809672474861145,0.7902060151100159,1.2055054903030396,0.24,-0.5819697380065918,-0.18517237901687622,0.34984877705574036,0.43692445755004883,-0.633610725402832,0.35736480355262756,-0.11630122363567352,-0.03,-0.39892566204071045,0.17360928654670715
3.5487263202667236,0.6054679751396179,0.5981127023696899,-0.1965135782957077,-0.04554541036486626,0.18689532577991486,-0.9614458084106445,-0.4698590040206909,-0.06,0.5192832350730896,0.8310381174087524,0.0600677914917469,-0.508130669593811,-1.4845741987228394,-0.25676611065864563,0.8005213737487793,1.2114959955215454,0.24,-0.5801301002502441,-0.18720927834510803,0.34326669573783875,0.43033117055892944,-0.6279547214508057,0.3146960735321045,-0.1032743826508522,-0.03,-0.39999791979789734,0.1414390653371811
3.549252986907959,0.6078876256942749,0.5958985090255737,-0.1966341882944107,-0.044962234795093536,0.18693165481090546,-0.9614415168762207,-0.47567126154899597,-0.06,0.5240638256072998,0.8478293418884277,0.0654795914888382,-0.5187690258026123,-1.4917174577713013,-0.25590530037879944,0.8101773262023926,1.2169712781906128,0.24,-0.5777559876441956,-0.18854983150959015,0.33635351061820984,0.4210776388645172,-0.6214691996574402,0.26853981614112854,-0.09024982899427414,-0.03,-0.4011886417865753,0.11155758053064346
3.5497429370880127,0.6103244423866272,0.5937840342521667,-0.19667120277881622,-0.04447245970368385,0.18693506717681885,-0.9614561200141907,-0.4812733829021454,-0.06,0.5288417935371399,0.8636180758476257,0.07100030779838562,-0.5288103222846985,-1.4987759590148926,-0.25540658831596375,0.8190725445747375,1.2217918634414673,0.24,-0.5755392909049988,-0.1891927868127823,0.32850369811058044,0.40830743312835693,-0.614314615726471,0.222093403339386,-0.07736242562532425,-0.03,-0.4023829996585846,0.0846690759062767
3.550163507461548,0.612766444683075,0.5918072462081909,-0.1966398060321808,-0.04416496679186821,0.18694888055324554,-0.9614739418029785,-0.48682284355163574,-0.06,0.5336207151412964,0.8781694173812866,0.07657075673341751,-0.5380484461784363,-1.5059950351715088,-0.25513315200805664,0.8269509673118591,1.2259877920150757,0.24,-0.5739297866821289,-0.18901647627353668,0.3193914592266083,0.3912108838558197,-0.6071625351905823,0.17926251888275146,-0.06490258872509003,-0.03,-0.4038393795490265,0.0612342469394207
3.550478219985962,0.6151962280273438,0.5899675488471985,-0.19659844040870667,-0.04413590207695961,0.1870335042476654,-0.9614673256874084,-0.49260106682777405,-0.06,0.5384623408317566,0.8914844393730164,0.08208446949720383,-0.5463869571685791,-1.5136125087738037,-0.25478920340538025,0.8339382410049438,1.2295151948928833,0.24,-0.572959840297699,-0.18779247999191284,0.3092954754829407,0.37000414729118347,-0.6008220911026001,0.14256441593170166,-0.05327720195055008,-0.03,-0.4061649739742279,0.04123621806502342
3.5506608486175537,0.617592453956604,0.5882351994514465,-0.1966148167848587,-0.04440392181277275,0.18720203638076782,-0.9614188075065613,-0.49874767661094666,-0.06,0.5435370802879333,0.9037151336669922,0.08773571252822876,-0.5539385080337524,-1.5217816829681396,-0.25416865944862366,0.8402753472328186,1.2324382066726685,0.24,-0.5723075866699219,-0.18545207381248474,0.29907071590423584,0.345930278301239,-0.5959794521331787,0.11279118806123734,-0.04282524436712265,-0.03,-0.40984249114990234,0.024722032248973846
3.550701141357422,0.6199275851249695,0.5865762233734131,-0.19671867787837982,-0.044899605214595795,0.18746121227741241,-0.9613240361213684,-0.5052523612976074,-0.06,0.5487456321716309,0.9151239991188049,0.09329437464475632,-0.5607835054397583,-1.530403733253479,-0.253154993057251,0.846169650554657,1.234878420829773,0.24,-0.571594774723053,-0.1820380836725235,0.28977248072624207,0.3207523226737976,-0.5931448340415955,0.09005166590213776,-0.03375431150197983,-0.03,-0.4149887263774872,0.012019841931760311
3.5506033897399902,0.6221714615821838,0.5849650502204895,-0.1969214677810669,-0.04550561308860779,0.18775992095470428,-0.961195707321167,-0.5119410157203674,-0.06,0.5540242791175842,0.9259034395217896,0.09875722229480743,-0.5670259594917297,-1.5392953157424927,-0.25185224413871765,0.8517521619796753,1.236981987953186,0.24,-0.5704970955848694,-0.17780308425426483,0.28231918811798096,0.2963981330394745,-0.59268718957901,0.07426144927740097,-0.02608959935605526,-0.03,-0.42117637395858765,0.0032673010136932135
3.550360679626465,0.6242920756340027,0.5833795666694641,-0.19721795618534088,-0.0461227111518383,0.18801026046276093,-0.9610565304756165,-0.5186983346939087,-0.06,0.5591769218444824,0.9362536072731018,0.10405482351779938,-0.5727368593215942,-1.5483542680740356,-0.25039827823638916,0.857089638710022,1.2390474081039429,0.24,-0.5691624879837036,-0.1731197088956833,0.2773377299308777,0.2748813033103943,-0.5947357416152954,0.06484111398458481,-0.019631728529930115,-0.03,-0.4274641275405884,-0.00201024254783988
3.549974203109741,0.626262366771698,0.5817968845367432,-0.19759723544120789,-0.046678103506565094,0.18809884786605835,-0.9609345197677612,-0.5254873037338257,-0.06,0.5639740228652954,0.9463990926742554,0.1091468334197998,-0.5779708623886108,-1.557584285736084,-0.2489384561777115,0.8622562289237976,1.2415220737457275,0.24,-0.568230390548706,-0.16839227080345154,0.27515360713005066,0.2581299841403961,-0.5988947749137878,0.060239072889089584,-0.014005132019519806,-0.03,-0.4329465925693512,-0.005076701287180185
3.549449920654297,0.6280667781829834,0.5802010297775269,-0.19804012775421143,-0.047110531479120255,0.18793991208076477,-0.9608533382415771,-0.5322444438934326,-0.06,0.568246066570282,0.9565041065216064,0.11401914805173874,-0.5828035473823547,-1.5669633150100708,-0.24761438369750977,0.8672932982444763,1.244717001914978,0.24,-0.5681285858154297,-0.16389016807079315,0.27574947476387024,0.2476014494895935,-0.6042758822441101,0.058510903269052505,-0.008837254717946053,-0.03,-0.437213659286499,-0.007478572893887758
3.5488078594207764,0.6297022700309753,0.5785998106002808,-0.19851131737232208,-0.0473499670624733,0.18750730156898499,-0.9608289003372192,-0.5387855172157288,-0.06,0.5718989372253418,0.9665765762329102,0.11863017082214355,-0.5872913599014282,-1.5763050317764282,-0.246586412191391,0.8721570372581482,1.2486658096313477,0.24,-0.5688855051994324,-0.15970079600811005,0.2787393629550934,0.24378268420696259,-0.6098527908325195,0.058629002422094345,-0.003926839213818312,-0.03,-0.4402409791946411,-0.01031543780118227
3.548072338104248,0.6311715841293335,0.5770159959793091,-0.19897682964801788,-0.04736264422535896,0.1868143230676651,-0.9608669877052307,-0.5449532866477966,-0.06,0.5749014616012573,0.9765176773071289,0.12292415648698807,-0.5900000000000001,-1.5853956937789917,-0.24601750075817108,0.8767092227935791,1.253098726272583,0.24,-0.5699359178543091,-0.15577872097492218,0.2834576368331909,0.24607349932193756,-0.6146949529647827,0.06056166812777519,0.0007199125248007476,-0.03,-0.44214439392089844,-0.014155656099319458
3.5472640991210938,0.6324820518493652,0.5754684805870056,-0.19941794872283936,-0.04717389494180679,0.18588963150978088,-0.960964024066925,-0.5507116317749023,-0.06,0.5772767663002014,0.9862208962440491,0.1269012689590454,-0.5900000000000001,-1.5941424369812012,-0.24598708748817444,0.8808030486106873,1.2576688528060913,0.24,-0.5705386996269226,-0.15202485024929047,0.28912797570228577,0.2531156837940216,-0.6180469393730164,0.06456141918897629,0.004960031248629093,-0.03,-0.443037748336792,-0.019052213057875633
3.5464043617248535,0.6336386203765869,0.5739638209342957,-0.1998388171195984,-0.04683145880699158,0.18476681411266327,-0.96110999584198,-0.5561012029647827,-0.06,0.579088568687439,0.9956165552139282,0.13061054050922394,-0.5900000000000001,-1.602556586265564,-0.24645569920539856,0.8844389319419861,1.262218713760376,0.24,-0.5703798532485962,-0.14834555983543396,0.2950485646724701,0.2633393406867981,-0.6194140315055847,0.07051429152488708,0.008687176741659641,-0.03,-0.4429360628128052,-0.024622173979878426
3.545525550842285,0.6346449851989746,0.5724948644638062,-0.20025205612182617,-0.046373024582862854,0.18349696695804596,-0.9612894654273987,-0.5611467361450195,-0.06,0.580439567565918,1.0047487020492554,0.13404737412929535,-0.5900000000000001,-1.6106712818145752,-0.24728979170322418,0.887737512588501,1.266776204109192,0.24,-0.5695279240608215,-0.14463676512241364,0.30072417855262756,0.27530908584594727,-0.6186973452568054,0.07776379585266113,0.011990183033049107,-0.03,-0.44180017709732056,-0.030477875843644142
3.544666051864624,0.6355090141296387,0.5710521936416626,-0.20067241787910461,-0.045820556581020355,0.18214598298072815,-0.9614852070808411,-0.5658285617828369,-0.06,0.5814558863639832,1.0136476755142212,0.13721506297588348,-0.5900000000000001,-1.6185152530670166,-0.24833649396896362,0.8908615112304688,1.27144193649292,0.24,-0.568267285823822,-0.14079807698726654,0.3058343231678009,0.28770142793655396,-0.616134762763977,0.08546149730682373,0.015085550025105476,-0.03,-0.4396364092826843,-0.03638961538672447
3.543867588043213,0.6362423896789551,0.5696328282356262,-0.2011079341173172,-0.04517935588955879,0.18079720437526703,-0.9616791009902954,-0.570057213306427,-0.06,0.5822910666465759,1.0223077535629272,0.1400931179523468,-0.5900000000000001,-1.626034140586853,-0.24947282671928406,0.893921434879303,1.2761874198913574,0.24,-0.5665861964225769,-0.13672862946987152,0.3101794719696045,0.2993411719799042,-0.6121724843978882,0.0927920937538147,0.018216494470834732,-0.03,-0.43655237555503845,-0.0422050766646862
3.5431673526763916,0.6368584036827087,0.5682395696640015,-0.2015620768070221,-0.04443676024675369,0.17953164875507355,-0.9618557095527649,-0.5737001895904541,-0.06,0.5830881595611572,1.0306910276412964,0.14266960322856903,-0.5900000000000001,-1.6330888271331787,-0.2506343126296997,0.8969922661781311,1.2808499336242676,0.24,-0.5641345977783203,-0.13235434889793396,0.31365036964416504,0.3093315660953522,-0.6073963642120361,0.0990634560585022,0.021623848006129265,-0.03,-0.432767391204834,-0.047787245362997055
3.5425865650177,0.6373726725578308,0.5668771862983704,-0.2020357847213745,-0.04361196607351303,0.17839635908603668,-0.9620051980018616,-0.5767431259155273,-0.06,0.5839278101921082,1.038769245147705,0.1449490189552307,-0.5900000000000001,-1.6396236419677734,-0.25175708532333374,0.9001127481460571,1.28532075881958,0.24,-0.5607912540435791,-0.1276661902666092,0.3161470293998718,0.3171361982822418,-0.6024401783943176,0.1037026047706604,0.025429069995880127,-0.03,-0.42861899733543396,-0.05296673625707626
3.54211688041687,0.6378028988838196,0.5655573606491089,-0.20252834260463715,-0.04280410706996918,0.17738968133926392,-0.9621240496635437,-0.5794004201889038,-0.06,0.5848129987716675,1.046482801437378,0.14698316156864166,-0.5900000000000001,-1.6458089351654053,-0.2527242600917816,0.90325528383255,1.2896593809127808,0.24,-0.5571750998497009,-0.12272156774997711,0.3175086975097656,0.32257115840911865,-0.5978831648826599,0.10622300207614899,0.029533732682466507,-0.03,-0.4245375692844391,-0.05754823982715607
3.5417380332946777,0.6381673812866211,0.5643061399459839,-0.2030249685049057,-0.04212050884962082,0.17648975551128387,-0.9622151255607605,-0.5819122195243835,-0.06,0.585691511631012,1.0537104606628418,0.14881010353565216,-0.5900000000000001,-1.6517789363861084,-0.25346410274505615,0.9062903523445129,1.2938629388809204,0.24,-0.5538859367370605,-0.11763188987970352,0.3176441192626953,0.3257124125957489,-0.5941559076309204,0.10636910051107407,0.033800750970840454,-0.03,-0.4208965599536896,-0.061464376747608185
3.5414350032806396,0.6384798288345337,0.5631604194641113,-0.20349644124507904,-0.04159204289317131,0.17568831145763397,-0.9622851610183716,-0.5843020677566528,-0.06,0.586513876914978,1.0602723360061646,0.15044941008090973,-0.5900000000000001,-1.6574187278747559,-0.2540209889411926,0.9090691208839417,1.2977737188339233,0.24,-0.5510630011558533,-0.11252525448799133,0.31664562225341797,0.32677924633026123,-0.5914871692657471,0.10425598174333572,0.03821755200624466,-0.03,-0.4179024398326874,-0.06482736766338348
3.541195869445801,0.6387528777122498,0.5621557235717773,-0.20391350984573364,-0.041201427578926086,0.1749958097934723,-0.9623399376869202,-0.5864865183830261,-0.06,0.5872567892074585,1.0659888982772827,0.15189886093139648,-0.5900000000000001,-1.6625055074691772,-0.254507452249527,0.9114289283752441,1.3012382984161377,0.24,-0.548568069934845,-0.10749494284391403,0.3147113025188446,0.32607996463775635,-0.5899382829666138,0.1002693623304367,0.04278770834207535,-0.03,-0.41562971472740173,-0.06775873899459839
3.541013717651367,0.6389960050582886,0.5613191723823547,-0.20424802601337433,-0.04091953486204147,0.17440879344940186,-0.9623875021934509,-0.5883681178092957,-0.06,0.5878885388374329,1.0707391500473022,0.15316426753997803,-0.5900000000000001,-1.6669062376022339,-0.2550230324268341,0.9132487177848816,1.3040471076965332,0.24,-0.5462960600852966,-0.1026519387960434,0.3120932877063751,0.32399940490722656,-0.5894408226013184,0.0948924794793129,0.04743548855185509,-0.03,-0.414073646068573,-0.070185087621212
3.5408740043640137,0.6392192840576172,0.5606688261032104,-0.20447447896003723,-0.04071575030684471,0.17391225695610046,-0.9624379873275757,-0.5898775458335876,-0.06,0.5883654356002808,1.0744497776031494,0.15425041317939758,-0.5900000000000001,-1.6705173254013062,-0.2556963860988617,0.9144236445426941,1.3060741424560547,0.24,-0.5441892743110657,-0.09812425076961517,0.3090660572052002,0.3209611773490906,-0.5898250341415405,0.08866046369075775,0.05202116817235947,-0.03,-0.41318589448928833,-0.07182861864566803
3.5407655239105225,0.6394286751747131,0.5602132081985474,-0.2045772224664688,-0.04055509343743324,0.17349469661712646,-0.9624981880187988,-0.590955913066864,-0.06,0.5886587500572205,1.0770983695983887,0.1551634967327118,-0.5900000000000001,-1.673172116279602,-0.25654137134552,0.9149865508079529,1.3072333335876465,0.24,-0.5422238111495972,-0.09403102844953537,0.30589559674263,0.3173854351043701,-0.5908946990966797,0.08213623613119125,0.05640341341495514,-0.03,-0.4129292070865631,-0.07233205437660217
3.540679931640625,0.6396257877349854,0.5599403381347656,-0.2045549750328064,-0.04038620740175247,0.1731383055448532,-0.9625742435455322,-0.5915411114692688,-0.06,0.5887638926506042,1.0787628889083862,0.1559227705001831,-0.5900000000000001,-1.6748865842819214,-0.25765374302864075,0.914924144744873,1.3076832294464111,0.24,-0.5404011011123657,-0.09047486633062363,0.3028160333633423,0.3136281371116638,-0.5925126671791077,0.07594972848892212,0.060494594275951385,-0.03,-0.4133110046386719,-0.07143785804510117
3.5406205654144287,0.6398147344589233,0.5598241686820984,-0.20442819595336914,-0.04019257053732872,0.17285659909248352,-0.9626598954200745,-0.5916510820388794,-0.06,0.5887367129325867,1.0795809030532837,0.15652959048748016,-0.5900000000000001,-1.675879955291748,-0.2591003477573395,0.9142535328865051,1.3074620962142944,0.24,-0.5386231541633606,-0.08745798468589783,0.2999266982078552,0.3099222481250763,-0.594606339931488,0.07084345817565918,0.06421779841184616,-0.03,-0.41432544589042664,-0.06923294067382812
3.5405752658843994,0.6400006413459778,0.5598318576812744,-0.20423617959022522,-0.040006425231695175,0.1726740002632141,-0.9627411961555481,-0.5914296507835388,-0.06,0.5886925458908081,1.0796986818313599,0.15702001750469208,-0.5900000000000001,-1.6764094829559326,-0.26073336601257324,0.9130479097366333,1.3066564798355103,0.24,-0.5367239117622375,-0.08495184779167175,0.29724976420402527,0.30645301938056946,-0.5970925092697144,0.0674264207482338,0.06746531277894974,-0.03,-0.41588327288627625,-0.06612367182970047
3.540541887283325,0.6401824355125427,0.559931218624115,-0.2040127068758011,-0.039839453995227814,0.17259915173053741,-0.9628089070320129,-0.5909816026687622,-0.06,0.5886975526809692,1.079277515411377,0.15741610527038574,-0.5900000000000001,-1.6765919923782349,-0.262376606464386,0.911506175994873,1.3054369688034058,0.24,-0.5348241329193115,-0.08297789096832275,0.2949220836162567,0.3034200370311737,-0.5998952388763428,0.06590748578310013,0.07017820328474045,-0.03,-0.4178260862827301,-0.06247812137007713
3.540531635284424,0.6403529644012451,0.5600987076759338,-0.20376752316951752,-0.03963625803589821,0.17262953519821167,-0.9628638625144958,-0.5902065634727478,-0.06,0.5887691974639893,1.0784385204315186,0.15769290924072266,-0.5900000000000001,-1.676424503326416,-0.2640674114227295,0.9097700119018555,1.303960919380188,0.24,-0.5330518484115601,-0.08158757537603378,0.29321205615997314,0.30105069279670715,-0.6029507517814636,0.06600427627563477,0.07241649925708771,-0.03,-0.420002281665802,-0.05845062434673309
3.5405564308166504,0.6405038237571716,0.5603260397911072,-0.2035009264945984,-0.03934629261493683,0.17277278006076813,-0.9629063010215759,-0.5889788866043091,-0.06,0.5889123678207397,1.0772370100021362,0.15783455967903137,-0.5900000000000001,-1.6758347749710083,-0.2658078670501709,0.9078946113586426,1.3023273944854736,0.24,-0.5313597917556763,-0.0807669535279274,0.29228049516677856,0.29957613348960876,-0.6062501668930054,0.06716208159923553,0.07424084842205048,-0.03,-0.4223562180995941,-0.0540943518280983
3.5406203269958496,0.6406254768371582,0.5606088042259216,-0.2032184898853302,-0.03897518292069435,0.17301414906978607,-0.9629377126693726,-0.5873314738273621,-0.06,0.5890957713127136,1.0756915807724,0.1578177958726883,-0.5900000000000001,-1.6748121976852417,-0.2675638496875763,0.9059173464775085,1.3005743026733398,0.24,-0.5297621488571167,-0.08047746121883392,0.29207074642181396,0.29916349053382874,-0.6098757386207581,0.06888706237077713,0.07564682513475418,-0.03,-0.42489737272262573,-0.04947490245103836
3.5407166481018066,0.6407084465026855,0.5609389543533325,-0.20292387902736664,-0.03855979070067406,0.1733172982931137,-0.9629620909690857,-0.5853838920593262,-0.06,0.5892476439476013,1.0738697052001953,0.15764325857162476,-0.5900000000000001,-1.6735174655914307,-0.26941022276878357,0.9037811756134033,1.2987267971038818,0.24,-0.528243899345398,-0.08069512248039246,0.29239195585250854,0.2998681664466858,-0.6138647794723511,0.07080726325511932,0.07663246244192123,-0.03,-0.4275761842727661,-0.04478266090154648
3.540837526321411,0.6407427787780762,0.5613149404525757,-0.20262114703655243,-0.038145676255226135,0.17364878952503204,-0.9629826545715332,-0.5832685232162476,-0.06,0.5892963409423828,1.071786642074585,0.15731172263622284,-0.5900000000000001,-1.6720678806304932,-0.2713242471218109,0.9014195203781128,1.2968199253082275,0.24,-0.5267453193664551,-0.08140207827091217,0.29302316904067993,0.3016282618045807,-0.6181104779243469,0.07264822721481323,0.07721659541130066,-0.03,-0.430278480052948,-0.040287554264068604
3.5409767627716064,0.6407147645950317,0.5617381930351257,-0.2023078203201294,-0.037751879543066025,0.1739686131477356,-0.963006317615509,-0.5810507535934448,-0.06,0.589152991771698,1.0694533586502075,0.1568102389574051,-0.5900000000000001,-1.6704329252243042,-0.2732785940170288,0.8988571763038635,1.2949106693267822,0.24,-0.5254157185554504,-0.08260834217071533,0.2938269078731537,0.30428069829940796,-0.6224457621574402,0.07426028698682785,0.07747656106948853,-0.03,-0.43286848068237305,-0.036102864891290665
3.54114031791687,0.6406118869781494,0.5622103810310364,-0.20197710394859314,-0.037363696843385696,0.17425447702407837,-0.9630391001701355,-0.5786925554275513,-0.06,0.5887468457221985,1.0668717622756958,0.1561085432767868,-0.5900000000000001,-1.6686128377914429,-0.27538222074508667,0.8960669040679932,1.2930396795272827,0.24,-0.5243399739265442,-0.08428293466567993,0.2947334945201874,0.30758002400398254,-0.6266865134239197,0.07558662444353104,0.07755940407514572,-0.03,-0.43522191047668457,-0.03223244845867157
3.541327714920044,0.64042729139328,0.5627359747886658,-0.20163613557815552,-0.03698505461215973,0.17451749742031097,-0.9630776643753052,-0.5761860013008118,-0.06,0.5880890488624573,1.0640102624893188,0.15519127249717712,-0.5900000000000001,-1.6665722131729126,-0.2775857448577881,0.8930280208587646,1.2911700010299683,0.24,-0.5233123898506165,-0.08629795908927917,0.29563599824905396,0.3112387955188751,-0.6306672096252441,0.07664387673139572,0.07756847143173218,-0.03,-0.43729203939437866,-0.02866951934993267
3.541534185409546,0.6401562094688416,0.5633106231689453,-0.20129738748073578,-0.03663644939661026,0.1747664213180542,-0.9631167650222778,-0.573584258556366,-0.06,0.587197482585907,1.0608758926391602,0.15405552089214325,-0.5900000000000001,-1.6643089056015015,-0.2797888517379761,0.8897916078567505,1.2892848253250122,0.24,-0.5223003029823303,-0.08850676566362381,0.2964469790458679,0.31498733162879944,-0.6342791318893433,0.07747142761945724,0.07755513489246368,-0.03,-0.4391111433506012,-0.025360919535160065
3.5417611598968506,0.6397979259490967,0.5639228224754333,-0.2009783387184143,-0.036328885704278946,0.1750108152627945,-0.9631506204605103,-0.5709322690963745,-0.06,0.5861127972602844,1.0575120449066162,0.15269902348518372,-0.5900000000000001,-1.661948800086975,-0.2819913625717163,0.8863991498947144,1.2874162197113037,0.24,-0.5213366150856018,-0.09075747430324554,0.29713010787963867,0.31857019662857056,-0.6374289989471436,0.078103207051754,0.07756978273391724,-0.03,-0.4407232105731964,-0.02233431302011013
3.542006492614746,0.6393550038337708,0.5645591020584106,-0.20069897174835205,-0.03608020395040512,0.17527787387371063,-0.9631696343421936,-0.5682783126831055,-0.06,0.5849148035049438,1.0539711713790894,0.15114545822143555,-0.5900000000000001,-1.6595604419708252,-0.28405866026878357,0.8829238414764404,1.2856026887893677,0.24,-0.5203372240066528,-0.0928788110613823,0.2976643443107605,0.32175761461257935,-0.640021026134491,0.07857664674520493,0.07762491703033447,-0.03,-0.4421544075012207,-0.019705040380358696
3.5422680377960205,0.6388306021690369,0.5652046203613281,-0.20047295093536377,-0.03589504957199097,0.17557336390018463,-0.9631696939468384,-0.5656709671020508,-0.06,0.5836390852928162,1.0503270626068115,0.14940139651298523,-0.5900000000000001,-1.6571708917617798,-0.28588593006134033,0.8794795274734497,1.2839030027389526,0.24,-0.519356369972229,-0.09476428478956223,0.2980988919734955,0.32439613342285156,-0.6420102119445801,0.07887567579746246,0.07770757377147675,-0.03,-0.4434162676334381,-0.01749406009912491
3.542548894882202,0.6382284164428711,0.5658472180366516,-0.20030415058135986,-0.03575624153017998,0.17589378356933594,-0.9631516337394714,-0.5630922317504883,-0.06,0.5823087096214294,1.0466386079788208,0.14748534560203552,-0.5900000000000001,-1.6548243761062622,-0.2875220775604248,0.8761199712753296,1.2823535203933716,0.24,-0.518409013748169,-0.09633880853652954,0.2985137701034546,0.326419860124588,-0.6434109210968018,0.07891788333654404,0.07779552787542343,-0.03,-0.44452103972435,-0.01559049729257822
3.5428414344787598,0.6375545859336853,0.5664850473403931,-0.20019382238388062,-0.03566192090511322,0.1762486696243286,-0.9631132483482361,-0.5605536699295044,-0.06,0.5809497237205505,1.0429152250289917,0.14540469646453857,-0.5900000000000001,-1.6524193286895752,-0.28885865211486816,0.872930109500885,1.2809067964553833,0.24,-0.5173765420913696,-0.09750501811504364,0.29891660809516907,0.32783791422843933,-0.644277811050415,0.07862206548452377,0.07782844454050064,-0.03,-0.4455021023750305,-0.013848401606082916
3.5431439876556396,0.6368131637573242,0.5671157240867615,-0.20012889802455902,-0.03559939190745354,0.17659957706928253,-0.9630646705627441,-0.5580545663833618,-0.06,0.5795112252235413,1.039189338684082,0.14319473505020142,-0.5900000000000001,-1.650044322013855,-0.2900104820728302,0.8698478937149048,1.279671549797058,0.24,-0.5164844989776611,-0.09828122705221176,0.2993171513080597,0.32872194051742554,-0.6447029113769531,0.07794163376092911,0.07777372002601624,-0.03,-0.44640257954597473,-0.012123407796025276
3.5434484481811523,0.6360113024711609,0.5677395462989807,-0.20009766519069672,-0.03556953743100166,0.17692352831363678,-0.9630128741264343,-0.5556238293647766,-0.06,0.5779452919960022,1.0354760885238647,0.14086219668388367,-0.5900000000000001,-1.6476994752883911,-0.2910170257091522,0.8668636083602905,1.2786638736724854,0.24,-0.5158396363258362,-0.09866613149642944,0.2996861934661865,0.32918187975883484,-0.6447834372520447,0.07686246186494827,0.07760481536388397,-0.03,-0.44722628593444824,-0.010338636115193367
3.5437464714050293,0.6351529955863953,0.5683574080467224,-0.20008507370948792,-0.03556739166378975,0.17717158794403076,-0.9629698991775513,-0.553287923336029,-0.06,0.5761899352073669,1.0317953824996948,0.13845154643058777,-0.5900000000000001,-1.645431637763977,-0.29197797179222107,0.8639416694641113,1.2779589891433716,0.24,-0.5157044529914856,-0.09873657673597336,0.2999874949455261,0.3293140232563019,-0.6445807218551636,0.07545361667871475,0.07732836157083511,-0.03,-0.44794169068336487,-0.008517971262335777
3.544013261795044,0.634245753288269,0.5689752101898193,-0.20009006559848785,-0.035621631890535355,0.17733857035636902,-0.9629361033439636,-0.5511491298675537,-0.06,0.5742184519767761,1.0281199216842651,0.13595664501190186,-0.5900000000000001,-1.64296293258667,-0.2926485538482666,0.8612682819366455,1.2773767709732056,0.24,-0.5158398151397705,-0.09850119799375534,0.30011722445487976,0.3291826844215393,-0.6441213488578796,0.07387010008096695,0.07691067457199097,-0.03,-0.4484729766845703,-0.006670263130217791
3.5442380905151367,0.633292019367218,0.5695923566818237,-0.2000923603773117,-0.03572610020637512,0.17734108865261078,-0.962931215763092,-0.5492457747459412,-0.06,0.5719204545021057,1.024487853050232,0.13345929980278015,-0.5900000000000001,-1.6403881311416626,-0.2932138442993164,0.8587621450424194,1.2770166397094727,0.24,-0.5164898037910461,-0.09814856946468353,0.30006906390190125,0.3288368582725525,-0.6434431672096252,0.0723365768790245,0.07639521360397339,-0.03,-0.44875332713127136,-0.004823089577257633
3.544448137283325,0.6323046684265137,0.5702047348022461,-0.20006918907165527,-0.03582808002829552,0.17719435691833496,-0.962959349155426,-0.5474391579627991,-0.06,0.5692893862724304,1.020949125289917,0.1309037208557129,-0.5900000000000001,-1.638222336769104,-0.29421982169151306,0.8558747172355652,1.277007818222046,0.24,-0.5176410675048828,-0.09767402708530426,0.2999279201030731,0.328265517950058,-0.6426325440406799,0.07105442136526108,0.07587577402591705,-0.03,-0.44876259565353394,-0.0029089420568197966
3.5446293354034424,0.6312965154647827,0.5708169341087341,-0.20005187392234802,-0.03595695272088051,0.17698214948177338,-0.9629971385002136,-0.5457552075386047,-0.06,0.5665326714515686,1.0174107551574707,0.12833774089813232,-0.5900000000000001,-1.6362110376358032,-0.2953019440174103,0.8528716564178467,1.27707040309906,0.24,-0.5188872814178467,-0.09693290293216705,0.2996465265750885,0.32748669385910034,-0.6417427062988281,0.0700918510556221,0.07529774308204651,-0.03,-0.44845980405807495,-0.0009291432797908783
3.5447628498077393,0.6302699446678162,0.5714263319969177,-0.20005008578300476,-0.0361313596367836,0.17669972777366638,-0.9630429744720459,-0.5442785024642944,-0.06,0.5636548399925232,1.0138765573501587,0.12578338384628296,-0.5900000000000001,-1.6341689825057983,-0.29623648524284363,0.8499723076820374,1.2771357297897339,0.24,-0.5201865434646606,-0.09600023925304413,0.2992487847805023,0.3265725374221802,-0.6407585740089417,0.06935752928256989,0.07461728155612946,-0.03,-0.4478056728839874,0.0011618180433288217
3.5448577404022217,0.6292281150817871,0.572027862071991,-0.20005223155021667,-0.03632169961929321,0.176334410905838,-0.9631022214889526,-0.5429487228393555,-0.06,0.5606362223625183,1.0103960037231445,0.12323790788650513,-0.5900000000000001,-1.6323145627975464,-0.29728201031684875,0.8469598293304443,1.2772865295410156,0.24,-0.5215370655059814,-0.09496763348579407,0.2988186478614807,0.32558128237724304,-0.6396883726119995,0.06872697919607162,0.07389286905527115,-0.03,-0.44684216380119324,0.003396810730919242
3.544917106628418,0.6281768083572388,0.5726243257522583,-0.2000664919614792,-0.036520231515169144,0.17593367397785187,-0.9631650447845459,-0.5417160391807556,-0.06,0.557563841342926,1.0069276094436646,0.1206875890493393,-0.5900000000000001,-1.630650281906128,-0.2984076738357544,0.8438173532485962,1.277466058731079,0.24,-0.5228561758995056,-0.09379841387271881,0.29835250973701477,0.32456475496292114,-0.6385626196861267,0.06815674155950546,0.07314999401569366,-0.03,-0.4456023871898651,0.005720904562622309
3.5449345111846924,0.6271153688430786,0.5732212066650391,-0.20010033249855042,-0.03672731667757034,0.17552193999290466,-0.9632251858711243,-0.5405595302581787,-0.06,0.5544918179512024,1.0034123659133911,0.11814239621162415,-0.5900000000000001,-1.6290059089660645,-0.29943135380744934,0.8407068848609924,1.277645230293274,0.24,-0.5242455005645752,-0.0925215631723404,0.2978366017341614,0.3235851526260376,-0.6373924612998962,0.06764701753854752,0.07239483296871185,-0.03,-0.4440464377403259,0.008106794208288193
3.544914960861206,0.6260416507720947,0.573823094367981,-0.20014305412769318,-0.03691618889570236,0.17508941888809204,-0.9632878303527832,-0.5394125580787659,-0.06,0.551384687423706,0.9998400807380676,0.11558710783720016,-0.5900000000000001,-1.627357840538025,-0.30043086409568787,0.8375895023345947,1.2778806686401367,0.24,-0.5258600115776062,-0.09124179929494858,0.29730379581451416,0.32268548011779785,-0.6361899971961975,0.06722383201122284,0.07168657332658768,-0.03,-0.44214633107185364,0.010577002540230751
3.544862985610962,0.6249558329582214,0.5744367241859436,-0.20018519461154938,-0.03706321492791176,0.1746419072151184,-0.963354766368866,-0.538187563419342,-0.06,0.5482453107833862,0.9961689114570618,0.1130102127790451,-0.5900000000000001,-1.625699520111084,-0.3015070855617523,0.83437180519104,1.278158187866211,0.24,-0.5276814103126526,-0.09001580625772476,0.29676106572151184,0.3218882381916046,-0.634985625743866,0.06694060564041138,0.07108054310083389,-0.03,-0.4399194121360779,0.013153399340808392
3.54477596282959,0.6238580346107483,0.5750701427459717,-0.20022529363632202,-0.03716655075550079,0.17419670522212982,-0.9634230136871338,-0.5368521213531494,-0.06,0.5450955033302307,0.9923412799835205,0.11040280759334564,-0.587319552898407,-1.623927354812622,-0.3026128113269806,0.8310708999633789,1.2783942222595215,0.24,-0.5296142101287842,-0.08886612951755524,0.2961837947368622,0.3212231397628784,-0.633817732334137,0.06682295352220535,0.07058876007795334,-0.03,-0.4373994469642639,0.015876928344368935
3.5446572303771973,0.6227481961250305,0.5757290124893188,-0.20026259124279022,-0.03723122924566269,0.1737595945596695,-0.963491678237915,-0.5353971719741821,-0.06,0.5419448614120483,0.9883126020431519,0.10777069628238678,-0.5843575596809387,-1.6219969987869263,-0.30373504757881165,0.8276825547218323,1.2785265445709229,0.24,-0.5315800905227661,-0.08782970905303955,0.29555413126945496,0.32071083784103394,-0.6327185034751892,0.06686466187238693,0.07021211832761765,-0.03,-0.43463972210884094,0.01878991164267063
3.5445079803466797,0.6216288805007935,0.5764169096946716,-0.20029737055301666,-0.03726664185523987,0.1733400523662567,-0.9635586738586426,-0.5338316559791565,-0.06,0.5388070344924927,0.9840647578239441,0.10510717332363129,-0.5812292695045471,-1.6199485063552856,-0.30489975214004517,0.824141800403595,1.2785075902938843,0.24,-0.5334929823875427,-0.08692855387926102,0.29485219717025757,0.32034093141555786,-0.6316966414451599,0.06706633418798447,0.06995239108800888,-0.03,-0.4317099452018738,0.02185739576816559
3.5443308353424072,0.6205020546913147,0.577133297920227,-0.20033489167690277,-0.037292346358299255,0.17295488715171814,-0.9636190533638,-0.5321746468544006,-0.06,0.5357176661491394,0.9795750379562378,0.10242146998643875,-0.577947735786438,-1.6178066730499268,-0.30606609582901,0.8204575777053833,1.2783112525939941,0.24,-0.5353170037269592,-0.08617004752159119,0.29404565691947937,0.3200819492340088,-0.6307359337806702,0.0674406960606575,0.06979186087846756,-0.03,-0.4286658763885498,0.024977322667837143
3.544127941131592,0.6193698644638062,0.5778782367706299,-0.20038078725337982,-0.03732176497578621,0.1726168394088745,-0.963668942451477,-0.5304521322250366,-0.06,0.5327093005180359,0.9748369455337524,0.09971828758716583,-0.5745047926902771,-1.6155763864517212,-0.30716755986213684,0.8166650533676147,1.2779293060302734,0.24,-0.5370842218399048,-0.0855693370103836,0.2931288480758667,0.3198869824409485,-0.6298118233680725,0.06799538433551788,0.06971030682325363,-0.03,-0.4255445897579193,0.028058066964149475
3.543905735015869,0.6182335615158081,0.5786497592926025,-0.20043587684631348,-0.037356168031692505,0.17233479022979736,-0.9637066721916199,-0.52864670753479,-0.06,0.5298008322715759,0.969855785369873,0.09700211882591248,-0.5709288120269775,-1.6132709980010986,-0.30820468068122864,0.8127772212028503,1.277381420135498,0.24,-0.5388153791427612,-0.08514245599508286,0.2921285033226013,0.3197104334831238,-0.6289064884185791,0.0687057301402092,0.06968794763088226,-0.03,-0.4223923087120056,0.03105313517153263
3.543670415878296,0.6170977354049683,0.5794448256492615,-0.2004992812871933,-0.037392374128103256,0.1721206158399582,-0.9637303352355957,-0.5267388224601746,-0.06,0.5270220637321472,0.96463543176651,0.09427884221076965,-0.5672444701194763,-1.6108800172805786,-0.3091735541820526,0.8087999224662781,1.2766413688659668,0.24,-0.5404480695724487,-0.08488527685403824,0.2910826504230499,0.31952011585235596,-0.6280192136764526,0.06950604915618896,0.06969793140888214,-0.03,-0.4192754328250885,0.033948883414268494
3.5434303283691406,0.6159664988517761,0.5802602171897888,-0.20057103037834167,-0.03742683306336403,0.17197676002979279,-0.9637397527694702,-0.5247212648391724,-0.06,0.5243887305259705,0.9592038989067078,0.09155387431383133,-0.5634803175926208,-1.6083927154541016,-0.3100736141204834,0.8047646880149841,1.275698184967041,0.24,-0.5418891906738281,-0.08479643613100052,0.29002729058265686,0.31930142641067505,-0.6271618008613586,0.07030414789915085,0.06970834732055664,-0.03,-0.41626623272895813,0.03675536811351776
3.5431878566741943,0.6148449778556824,0.58109050989151,-0.2006475180387497,-0.03745803236961365,0.1719021052122116,-0.9637359976768494,-0.5225914120674133,-0.06,0.5219076871871948,0.9535869359970093,0.08884601294994354,-0.5596620440483093,-1.6058073043823242,-0.310907244682312,0.800692617893219,1.2745603322982788,0.24,-0.543138861656189,-0.08486519753932953,0.28899022936820984,0.3190639913082123,-0.6263471245765686,0.07100338488817215,0.06969200819730759,-0.03,-0.41342997550964355,0.03948871046304703
3.5429489612579346,0.6137396693229675,0.5819297432899475,-0.20072786509990692,-0.03748973831534386,0.17188939452171326,-0.9637202620506287,-0.5203765630722046,-0.06,0.5195831060409546,0.947833240032196,0.08617407828569412,-0.5558184385299683,-1.6031594276428223,-0.3116757571697235,0.7966130971908569,1.2732619047164917,0.24,-0.5442384481430054,-0.0850818082690239,0.2879735827445984,0.31881842017173767,-0.6255843639373779,0.07154356688261032,0.06962472945451736,-0.03,-0.4108090400695801,0.04213899374008179
3.5427141189575195,0.612658679485321,0.5827688574790955,-0.20081117749214172,-0.03753373399376869,0.17192982137203217,-0.9636939167976379,-0.518129825592041,-0.06,0.517414927482605,0.9420080184936523,0.08355817943811417,-0.5519875288009644,-1.6005029678344727,-0.3123621940612793,0.7925649881362915,1.271849513053894,0.24,-0.5452620387077332,-0.085429348051548,0.28694865107536316,0.3185696005821228,-0.6248711943626404,0.07193861901760101,0.06948469579219818,-0.03,-0.4083990454673767,0.044652484357357025
3.5424838066101074,0.6116123199462891,0.5835972428321838,-0.20089659094810486,-0.037603262811899185,0.1720086634159088,-0.963659405708313,-0.5159218907356262,-0.06,0.5153986215591431,0.9361928105354309,0.08103269338607788,-0.5481997728347778,-1.5979068279266357,-0.31295526027679443,0.788597047328949,1.2703801393508911,0.24,-0.5462986826896667,-0.08590338379144669,0.2858806252479553,0.3183155953884125,-0.624189555644989,0.07225348055362701,0.06926357746124268,-0.03,-0.40614598989486694,0.04693145304918289
3.542257308959961,0.6106126308441162,0.5844025015830994,-0.20098203420639038,-0.037704914808273315,0.17210613191127777,-0.9636201858520508,-0.5138238072395325,-0.06,0.5135255455970764,0.930482804775238,0.07863180339336395,-0.5444953441619873,-1.5954352617263794,-0.3134601414203644,0.7847539186477661,1.2688976526260376,0.24,-0.5473727583885193,-0.0865098387002945,0.2847578823566437,0.3180581033229828,-0.6235146522521973,0.07254347950220108,0.06896599382162094,-0.03,-0.4039762020111084,0.04888010025024414
3.542041540145874,0.6096729040145874,0.5851713418960571,-0.20106318593025208,-0.03784175589680672,0.17220962047576904,-0.9635794162750244,-0.5118814706802368,-0.06,0.5117931365966797,0.924985945224762,0.07638644427061081,-0.5409417152404785,-1.593140959739685,-0.31389153003692627,0.7810797691345215,1.2674423456192017,0.24,-0.5484794974327087,-0.08723476529121399,0.2835962176322937,0.3178194761276245,-0.6228283643722534,0.07280430942773819,0.06859313696622849,-0.03,-0.40184286236763,0.05046149715781212
3.5418405532836914,0.6088069677352905,0.5858936905860901,-0.20113687217235565,-0.03801356256008148,0.17231333255767822,-0.9635387659072876,-0.5101323127746582,-0.06,0.5102153420448303,0.9197889566421509,0.07432882487773895,-0.5375926494598389,-1.5910581350326538,-0.3142516016960144,0.7776198983192444,1.2660367488861084,0.24,-0.5496061444282532,-0.08804138004779816,0.2824232578277588,0.31762170791625977,-0.6221299767494202,0.0729924887418747,0.06813230365514755,-0.03,-0.3997533321380615,0.05171485245227814
3.5416548252105713,0.6080286502838135,0.5865615010261536,-0.20120097696781158,-0.038219187408685684,0.17241732776165009,-0.963498592376709,-0.5086044073104858,-0.06,0.5088122487068176,0.9149594306945801,0.07248757034540176,-0.5344851613044739,-1.5892075300216675,-0.3145310580730438,0.7744219899177551,1.264689564704895,0.24,-0.5507343411445618,-0.08887339383363724,0.2812598943710327,0.31747251749038696,-0.6214369535446167,0.0730791911482811,0.0675601214170456,-0.03,-0.3977654278278351,0.0527266263961792
3.541489601135254,0.6073503494262695,0.5871669054031372,-0.20125249028205872,-0.03845863789319992,0.1725252866744995,-0.9634589552879333,-0.5073166489601135,-0.06,0.5076072812080383,0.9105589389801025,0.07088464498519897,-0.5316746234893799,-1.5876126289367676,-0.3147261440753937,0.771521806716919,1.2634141445159912,0.24,-0.5518669486045837,-0.08967214077711105,0.2801172435283661,0.31736448407173157,-0.6207708120346069,0.07307852804660797,0.06684984266757965,-0.03,-0.39595580101013184,0.05359792336821556
3.5413458347320557,0.6067823171615601,0.587704598903656,-0.20129017531871796,-0.03872862830758095,0.17263518273830414,-0.9634206295013428,-0.5062961578369141,-0.06,0.5066120624542236,0.9066455364227295,0.06954464316368103,-0.529181718826294,-1.5862960815429688,-0.3148361146450043,0.7689509391784668,1.2622243165969849,0.24,-0.5530093908309937,-0.09040560573339462,0.2790069878101349,0.3172769844532013,-0.6201469302177429,0.07303671538829803,0.06598340719938278,-0.03,-0.39438337087631226,0.0544203519821167
3.5412251949310303,0.6063317060470581,0.5881707072257996,-0.20131021738052368,-0.03902265429496765,0.1727432757616043,-0.9633851647377014,-0.5055460929870605,-0.06,0.5058270692825317,0.90325927734375,0.06847839802503586,-0.5270346999168396,-1.585252285003662,-0.314868301153183,0.7667322754859924,1.261130452156067,0.24,-0.5541636943817139,-0.09105902910232544,0.2779581546783447,0.3172079026699066,-0.6195744276046753,0.07298209518194199,0.06497201323509216,-0.03,-0.3930789530277252,0.055248066782951355
3.541133403778076,0.6060028076171875,0.5885627865791321,-0.20130661129951477,-0.03932947665452957,0.17284604907035828,-0.9633551239967346,-0.5050431489944458,-0.06,0.5052453279495239,0.9004315137863159,0.06769273430109024,-0.5252640843391418,-1.5844606161117554,-0.3148519992828369,0.7648758888244629,1.260143518447876,0.24,-0.5553155541419983,-0.09162838011980057,0.27701491117477417,0.31717705726623535,-0.6190603375434875,0.07290215790271759,0.06385896354913712,-0.03,-0.39205190539360046,0.05607482045888901
3.5410687923431396,0.6057970523834229,0.5888817310333252,-0.2012769877910614,-0.03964031860232353,0.1729397177696228,-0.9633316397666931,-0.5047827959060669,-0.06,0.5048609375953674,0.8981683850288391,0.06718694418668747,-0.5238650441169739,-1.5839061737060547,-0.3148020803928375,0.7633750438690186,1.2592549324035645,0.24,-0.5564513802528381,-0.09211380779743195,0.2762119174003601,0.3172001838684082,-0.6186196804046631,0.07278195768594742,0.06270340085029602,-0.03,-0.39129865169525146,0.056825172156095505
3.541034460067749,0.6057131886482239,0.5891290903091431,-0.20121988654136658,-0.03995626047253609,0.17302575707435608,-0.9633150696754456,-0.5047541260719299,-0.06,0.5046709179878235,0.8964643478393555,0.06695597618818283,-0.5228467583656311,-1.5835829973220825,-0.31471964716911316,0.7622297406196594,1.2584781646728516,0.24,-0.5576115250587463,-0.092507004737854,0.27556708455085754,0.31730377674102783,-0.6182700395584106,0.07259917259216309,0.06155510991811752,-0.03,-0.3908024728298187,0.05738690495491028
3.5410242080688477,0.6057482957839966,0.5893076658248901,-0.2011374980211258,-0.04028283432126045,0.17310301959514618,-0.963304877281189,-0.5049707293510437,-0.06,0.5046632289886475,0.8952991366386414,0.06699486821889877,-0.5221791863441467,-1.5835005044937134,-0.31460118293762207,0.7614229917526245,1.2578121423721313,0.24,-0.5588333606719971,-0.09281101822853088,0.27509188652038574,0.31751248240470886,-0.618023693561554,0.07231214642524719,0.06043904647231102,-0.03,-0.39053255319595337,0.057673003524541855
3.5410377979278564,0.6058955788612366,0.5894222259521484,-0.20103085041046143,-0.04062480479478836,0.1731692999601364,-0.9633008241653442,-0.505435049533844,-0.06,0.5048258900642395,0.8946444988250732,0.06729090213775635,-0.5218419432640076,-1.5836589336395264,-0.3144495487213135,0.7609226107597351,1.2572438716888428,0.24,-0.5600994825363159,-0.09304109215736389,0.27479681372642517,0.3178311288356781,-0.6178885102272034,0.07190559059381485,0.05936554819345474,-0.03,-0.39045077562332153,0.0576486736536026
3.5410733222961426,0.6061468720436096,0.589478611946106,-0.20090049505233765,-0.04097345471382141,0.17322954535484314,-0.9633024334907532,-0.5061038732528687,-0.06,0.5051485896110535,0.89444899559021,0.0678214505314827,-0.521809458732605,-1.5840004682540894,-0.31426548957824707,0.7607149481773376,1.2567434310913086,0.24,-0.561363697052002,-0.0932093933224678,0.27469757199287415,0.31823471188545227,-0.6178739070892334,0.0714244544506073,0.058354560285806656,-0.03,-0.3905140459537506,0.05730709433555603
3.5411314964294434,0.6064906120300293,0.5894841551780701,-0.20074626803398132,-0.04131066054105759,0.17328952252864838,-0.9633093476295471,-0.5069025754928589,-0.06,0.5056259036064148,0.894657552242279,0.0685550719499588,-0.522062361240387,-1.584458589553833,-0.3140704929828644,0.760773241519928,1.2562941312789917,0.24,-0.562579870223999,-0.09333636611700058,0.27480775117874146,0.3186744749546051,-0.617988646030426,0.07096158713102341,0.05743345618247986,-0.03,-0.3906763195991516,0.056645460426807404
3.54121470451355,0.6069143414497375,0.5894461274147034,-0.2005692720413208,-0.041617799550294876,0.1733577847480774,-0.9633207321166992,-0.5077560544013977,-0.06,0.5062483549118042,0.8952063322067261,0.06945987790822983,-0.5225684642791748,-1.5849803686141968,-0.31388550996780396,0.7610633969306946,1.2558925151824951,0.24,-0.56376051902771,-0.0934370830655098,0.27513787150382996,0.31911179423332214,-0.6182397603988647,0.07057906687259674,0.05662412568926811,-0.03,-0.39090391993522644,0.05565745383501053
3.5413248538970947,0.6074046492576599,0.5893699526786804,-0.20037366449832916,-0.04188643768429756,0.17344056069850922,-0.9633349180221558,-0.508616030216217,-0.06,0.5070111751556396,0.8960482478141785,0.07050476968288422,-0.5233087539672852,-1.5855295658111572,-0.31370651721954346,0.7615742087364197,1.255549669265747,0.24,-0.5649169087409973,-0.09352409094572067,0.27569085359573364,0.31953608989715576,-0.6186352372169495,0.07025536149740219,0.05592494457960129,-0.03,-0.39118820428848267,0.05434603989124298
3.541456699371338,0.607948362827301,0.5892581939697266,-0.20016537606716156,-0.042118340730667114,0.1735389232635498,-0.9633504748344421,-0.5094711184501648,-0.06,0.5078973770141602,0.8971487879753113,0.07165975123643875,-0.5242654085159302,-1.5860953330993652,-0.31351834535598755,0.7622923851013184,1.2552638053894043,0.24,-0.5660255551338196,-0.09361447393894196,0.2764448821544647,0.3199493885040283,-0.6191844344139099,0.06994937360286713,0.055305082350969315,-0.03,-0.3915371596813202,0.05275890231132507
3.5416080951690674,0.6085320115089417,0.5891126990318298,-0.1999519169330597,-0.04231954365968704,0.17364442348480225,-0.9633669257164001,-0.5103393793106079,-0.06,0.508878231048584,0.8984923362731934,0.07290204614400864,-0.5254008173942566,-1.5867019891738892,-0.313325971364975,0.7631916403770447,1.2550396919250488,0.24,-0.567039966583252,-0.09374302625656128,0.2773493528366089,0.3203469216823578,-0.619895339012146,0.06966185569763184,0.054718900471925735,-0.03,-0.3919545114040375,0.05100070685148239
3.5417733192443848,0.6091420650482178,0.5889349579811096,-0.1997368484735489,-0.0424935519695282,0.17374445497989655,-0.963385820388794,-0.5112234354019165,-0.06,0.5099104642868042,0.900058925151825,0.07420508563518524,-0.5266944169998169,-1.5873557329177856,-0.31314775347709656,0.7642406225204468,1.2548893690109253,0.24,-0.5679377317428589,-0.09395243972539902,0.278352826833725,0.3207333981990814,-0.6207665801048279,0.06939573585987091,0.054127369076013565,-0.03,-0.3924330472946167,0.049229200929403305
3.5419516563415527,0.6097639203071594,0.5887285470962524,-0.19952179491519928,-0.04263853654265404,0.1738259196281433,-0.9634092450141907,-0.5121094584465027,-0.06,0.5109514594078064,0.9018222689628601,0.07554426044225693,-0.5281233191490173,-1.5880411863327026,-0.3129987418651581,0.7654184699058533,1.2548351287841797,0.24,-0.5687346458435059,-0.09428196400403976,0.27941349148750305,0.3211192786693573,-0.6217896938323975,0.069131039083004,0.05351682007312775,-0.03,-0.3929588198661804,0.04759492352604866
3.5421416759490967,0.6103838086128235,0.5884998440742493,-0.19930924475193024,-0.04274967685341835,0.1738825887441635,-0.9634381532669067,-0.5129708051681519,-0.06,0.5119654536247253,0.9037395715713501,0.07688654959201813,-0.5296475291252136,-1.5887353420257568,-0.3128906786441803,0.7666965126991272,1.2548904418945312,0.24,-0.5694658160209656,-0.09474781155586243,0.2804948091506958,0.32150837779045105,-0.6229479312896729,0.06884048879146576,0.05290257930755615,-0.03,-0.39350906014442444,0.04617699235677719
3.5423431396484375,0.6109886765480042,0.5882551074028015,-0.19909943640232086,-0.042824555188417435,0.1739145964384079,-0.9634724855422974,-0.5137743353843689,-0.06,0.512933611869812,0.905749499797821,0.07820360362529755,-0.5312413573265076,-1.58940851688385,-0.3128344714641571,0.768031895160675,1.2550475597381592,0.24,-0.5701261162757874,-0.09534135460853577,0.2815638482570648,0.3219009041786194,-0.6242133378982544,0.06849542260169983,0.052310604602098465,-0.03,-0.3940560817718506,0.045008957386016846
3.5425543785095215,0.6115679740905762,0.5880029201507568,-0.19889432191848755,-0.0428638830780983,0.1739264279603958,-0.9635108709335327,-0.5144874453544617,-0.06,0.5138401985168457,0.9077986478805542,0.07947031408548355,-0.5328709483146667,-1.590029239654541,-0.31284016370773315,0.7693902850151062,1.2552804946899414,0.24,-0.5706811547279358,-0.0960390716791153,0.2825843393802643,0.3222813904285431,-0.6255497932434082,0.06809980422258377,0.051753588020801544,-0.03,-0.3945764899253845,0.04412981495261192
3.542775869369507,0.6121117472648621,0.5877516865730286,-0.19869713485240936,-0.042875245213508606,0.17392128705978394,-0.9635520577430725,-0.5151083469390869,-0.06,0.5146726369857788,0.9098236560821533,0.08066238462924957,-0.5344907641410828,-1.5905842781066895,-0.31289201974868774,0.7707361578941345,1.2555674314498901,0.24,-0.5711455345153809,-0.09681210666894913,0.2835027575492859,0.3226063847541809,-0.626908540725708,0.06774281710386276,0.05121377110481262,-0.03,-0.3950541615486145,0.04358305409550667
3.5429999828338623,0.6126130223274231,0.5875071287155151,-0.19851118326187134,-0.04287470504641533,0.1739034801721573,-0.9635934829711914,-0.515652596950531,-0.06,0.5154240131378174,0.9117754101753235,0.08176454901695251,-0.5360702276229858,-1.5910937786102295,-0.3129696249961853,0.7720383405685425,1.2559128999710083,0.24,-0.5715940594673157,-0.0976274386048317,0.28426510095596313,0.3228287100791931,-0.6282247304916382,0.06754875183105469,0.05065954104065895,-0.03,-0.39547085762023926,0.04334230720996857
3.543224573135376,0.6130662560462952,0.5872715711593628,-0.19834427535533905,-0.04288135841488838,0.17387506365776062,-0.9636328220367432,-0.5161663293838501,-0.06,0.5160895586013794,0.9136379957199097,0.08276599645614624,-0.5375826358795166,-1.5915987491607666,-0.31303825974464417,0.773288905620575,1.2563191652297974,0.24,-0.5720604062080383,-0.09845300763845444,0.284848153591156,0.3229249119758606,-0.6294226050376892,0.06757047027349472,0.05006932467222214,-0.03,-0.3957976698875427,0.043272703886032104
3.543445348739624,0.6134682297706604,0.5870431065559387,-0.19820253551006317,-0.04290938004851341,0.1738392561674118,-0.9636671543121338,-0.5166811943054199,-0.06,0.5166759490966797,0.9154107570648193,0.08366651087999344,-0.5390304923057556,-1.592136025428772,-0.3130679428577423,0.7744923830032349,1.2567929029464722,0.24,-0.5725382566452026,-0.09925417602062225,0.2852780818939209,0.32291218638420105,-0.6304240822792053,0.06774675846099854,0.04943908005952835,-0.03,-0.3960074186325073,0.04320644959807396
3.5436620712280273,0.6138169169425964,0.5868208408355713,-0.19809170067310333,-0.042963024228811264,0.17380058765411377,-0.9636945128440857,-0.5172184705734253,-0.06,0.5171887278556824,0.9171043634414673,0.08445683866739273,-0.5404021143913269,-1.5927273035049438,-0.31304043531417847,0.7756550312042236,1.2573308944702148,0.24,-0.5729990601539612,-0.09999657422304153,0.28560855984687805,0.3228161334991455,-0.6311724781990051,0.06798752397298813,0.04877057671546936,-0.03,-0.3960917294025421,0.04305003210902214
3.543872833251953,0.6141125559806824,0.5866023898124695,-0.19801437854766846,-0.043041981756687164,0.17376403510570526,-0.9637134671211243,-0.5177769660949707,-0.06,0.517640233039856,0.9187272191047668,0.0851370319724083,-0.5417136549949646,-1.5933798551559448,-0.31294551491737366,0.7767868638038635,1.2579338550567627,0.24,-0.573415219783783,-0.10064490139484406,0.28588199615478516,0.3226456046104431,-0.6316434741020203,0.0682847872376442,0.0480521135032177,-0.03,-0.39606812596321106,0.042828112840652466
3.544078826904297,0.6143567562103271,0.5863866209983826,-0.19797173142433167,-0.04314299672842026,0.1737343966960907,-0.9637231230735779,-0.5183531641960144,-0.06,0.518042802810669,0.9202827215194702,0.08571264892816544,-0.5429670214653015,-1.5940916538238525,-0.3127738833427429,0.7778995037078857,1.2586013078689575,0.24,-0.5737786293029785,-0.10116807371377945,0.2861301004886627,0.3223990797996521,-0.6318444609642029,0.06867550313472748,0.04726658761501312,-0.03,-0.39597415924072266,0.042640868574380875
3.544278860092163,0.6145524382591248,0.5861725807189941,-0.19796361029148102,-0.04326079785823822,0.1737130582332611,-0.9637233018875122,-0.518940806388855,-0.06,0.5184047818183899,0.9217838048934937,0.086188405752182,-0.5441689491271973,-1.594859004020691,-0.31252479553222656,0.7790057063102722,1.2593377828598022,0.24,-0.5741011500358582,-0.10154373943805695,0.2863927185535431,0.3220991790294647,-0.6318007707595825,0.06912262737751007,0.04640784487128258,-0.03,-0.3958621919155121,0.042597249150276184
3.5444719791412354,0.6147035360336304,0.5859578251838684,-0.19798775017261505,-0.04338847100734711,0.173700213432312,-0.9637149572372437,-0.5195353627204895,-0.06,0.5187334418296814,0.9232431650161743,0.08657091110944748,-0.5453293323516846,-1.595677137374878,-0.3121997117996216,0.7801163196563721,1.2601529359817505,0.24,-0.5743992924690247,-0.10175687074661255,0.28671547770500183,0.32179778814315796,-0.6315457820892334,0.06949832290410995,0.04549502208828926,-0.03,-0.3957926332950592,0.042760007083415985
3.5446581840515137,0.614814817905426,0.5857402682304382,-0.19804100692272186,-0.043520960956811905,0.1736917793750763,-0.963699460029602,-0.5201316475868225,-0.06,0.5190302729606628,0.9246810078620911,0.0868716835975647,-0.5464664697647095,-1.59654700756073,-0.31181275844573975,0.781241774559021,1.2610597610473633,0.24,-0.5746976733207703,-0.10180692374706268,0.28712499141693115,0.32154932618141174,-0.6311206221580505,0.06966661661863327,0.04456763714551926,-0.03,-0.39581483602523804,0.043119318783283234
3.5448360443115234,0.6148914694786072,0.5855191946029663,-0.19812120497226715,-0.04365812987089157,0.17368128895759583,-0.9636786580085754,-0.5207512974739075,-0.06,0.5192853212356567,0.9261196255683899,0.08710117638111115,-0.5475648045539856,-1.5974774360656738,-0.3113677203655243,0.7823873162269592,1.262063980102539,0.24,-0.575029194355011,-0.10170923173427582,0.2876127064228058,0.3213832378387451,-0.6305710673332214,0.06956697255373001,0.04367278888821602,-0.03,-0.3959488868713379,0.04359957203269005
3.5449986457824707,0.6149389743804932,0.5852916836738586,-0.19822314381599426,-0.043805789202451706,0.1736537665128708,-0.963655948638916,-0.5214264988899231,-0.06,0.5194858312606812,0.9275767803192139,0.08727969229221344,-0.5486336350440979,-1.5984920263290405,-0.310884565114975,0.7835418581962585,1.263169527053833,0.24,-0.5754183530807495,-0.10150664299726486,0.2881435453891754,0.32131627202033997,-0.6299397945404053,0.06920463591814041,0.042846400290727615,-0.03,-0.3961806893348694,0.04409961402416229
3.5451443195343018,0.6149628162384033,0.5850551724433899,-0.19834263622760773,-0.043972447514534,0.17358970642089844,-0.9636353254318237,-0.52220618724823,-0.06,0.5196019411087036,0.9290883541107178,0.08742500096559525,-0.549671471118927,-1.599624514579773,-0.3103887438774109,0.7846938967704773,1.264379620552063,0.24,-0.5758572220802307,-0.10126348584890366,0.28867384791374207,0.32135137915611267,-0.6292612552642822,0.06861332803964615,0.04210608825087547,-0.03,-0.3964705467224121,0.04453453794121742
3.545271635055542,0.6149687170982361,0.5848079919815063,-0.1984732747077942,-0.044158317148685455,0.17347368597984314,-0.9636207818984985,-0.5231096148490906,-0.06,0.51961350440979,0.9306796789169312,0.08755185455083847,-0.5506818294525146,-1.6008763313293457,-0.30990275740623474,0.7858408689498901,1.2656968832015991,0.24,-0.5763621926307678,-0.10104726999998093,0.28917786478996277,0.321472704410553,-0.6285566091537476,0.06785935163497925,0.04146883636713028,-0.03,-0.39676254987716675,0.0448765903711319
3.545379161834717,0.6149603724479675,0.584551215171814,-0.19860738515853882,-0.04434797167778015,0.17329730093479156,-0.9636161923408508,-0.5241088271141052,-0.06,0.5195083618164062,0.9323527812957764,0.08767108619213104,-0.5516610145568848,-1.6022093296051025,-0.30945977568626404,0.786981463432312,1.2671159505844116,0.24,-0.5769314765930176,-0.10092079639434814,0.28965428471565247,0.32163894176483154,-0.6278434991836548,0.06704329699277878,0.04095444455742836,-0.03,-0.3970041573047638,0.04517849162220955
3.54547119140625,0.6149417757987976,0.5842878222465515,-0.19873711466789246,-0.04452332854270935,0.17306537926197052,-0.963623046875,-0.5251437425613403,-0.06,0.5192949771881104,0.9340936541557312,0.08778270334005356,-0.552621066570282,-1.6035680770874023,-0.30909907817840576,0.7880990505218506,1.2686090469360352,0.24,-0.577523946762085,-0.1009150817990303,0.2901066839694977,0.3218052387237549,-0.627150297164917,0.06626303493976593,0.040570467710494995,-0.03,-0.39716678857803345,0.045542940497398376
3.5455517768859863,0.614916205406189,0.5840215682983398,-0.19885839521884918,-0.04466906934976578,0.17279046773910522,-0.9636406898498535,-0.526161789894104,-0.06,0.5189962387084961,0.9358733296394348,0.0878857672214508,-0.5535615086555481,-1.6048974990844727,-0.3088320791721344,0.7891843318939209,1.270129680633545,0.24,-0.5780577063560486,-0.1010366752743721,0.290536105632782,0.3219371438026428,-0.6265150308609009,0.06556808203458786,0.04030854254961014,-0.03,-0.3972456157207489,0.04606841504573822
3.5456225872039795,0.6148859858512878,0.583757758140564,-0.1989677995443344,-0.04477117210626602,0.17248818278312683,-0.9636674523353577,-0.527104914188385,-0.06,0.5186411738395691,0.9376537799835205,0.0879802480340004,-0.5544800162315369,-1.606135368347168,-0.30866214632987976,0.790234386920929,1.2716331481933594,0.24,-0.578482985496521,-0.10128052532672882,0.29095178842544556,0.3220245838165283,-0.6259724497795105,0.0649525374174118,0.04016077145934105,-0.03,-0.39724552631378174,0.046830106526613235
3.5456910133361816,0.6148502826690674,0.5835031867027283,-0.1990610808134079,-0.0448174811899662,0.17217154800891876,-0.9637026786804199,-0.5279108881950378,-0.06,0.5182399749755859,0.939385712146759,0.08805043995380402,-0.5553672909736633,-1.607218861579895,-0.3086012005805969,0.7912283539772034,1.273085594177246,0.24,-0.5787904262542725,-0.10164263099431992,0.2913558781147003,0.3220731019973755,-0.6255534887313843,0.06440623849630356,0.04011942446231842,-0.03,-0.39717164635658264,0.047873008996248245
3.545757293701172,0.6148072481155396,0.5832657217979431,-0.199135422706604,-0.04480697587132454,0.17184919118881226,-0.9637453556060791,-0.5285464525222778,-0.06,0.5178021192550659,0.9410181641578674,0.08809322118759155,-0.55620938539505,-1.6081209182739258,-0.3086567223072052,0.7921417355537415,1.2744700908660889,0.24,-0.579012393951416,-0.10212048888206482,0.29172027111053467,0.3220973014831543,-0.6252844929695129,0.06394141912460327,0.040161654353141785,-0.03,-0.39702245593070984,0.0491865910589695
3.545820951461792,0.6147544980049133,0.5830526351928711,-0.19919119775295258,-0.044752851128578186,0.17152534425258636,-0.9637941122055054,-0.5290246605873108,-0.06,0.5173208117485046,0.9425061941146851,0.08809754252433777,-0.556965708732605,-1.6088439226150513,-0.3088095188140869,0.7929476499557495,1.2757782936096191,0.24,-0.5792313814163208,-0.10271458327770233,0.2919970750808716,0.32212215662002563,-0.6251757144927979,0.0635681077837944,0.0402500219643116,-0.03,-0.39677631855010986,0.05068899318575859
3.545881748199463,0.6146879196166992,0.5828671455383301,-0.19922836124897003,-0.04467548429965973,0.17119497060775757,-0.9638487100601196,-0.5293785333633423,-0.06,0.5167792439460754,0.9438175559043884,0.08806262165307999,-0.557629406452179,-1.6094106435775757,-0.3090463876724243,0.7936237454414368,1.2770147323608398,0.24,-0.5795208811759949,-0.103440061211586,0.29214805364608765,0.32218727469444275,-0.6252145767211914,0.06326349079608917,0.040338244289159775,-0.03,-0.39640191197395325,0.052270423620939255
3.5459377765655518,0.6146037578582764,0.5827133059501648,-0.19924794137477875,-0.04458829388022423,0.17085133492946625,-0.9639095664024353,-0.5296361446380615,-0.06,0.5161545872688293,0.9449413418769836,0.08797933906316757,-0.5581639409065247,-1.6098415851593018,-0.3093712329864502,0.7941439151763916,1.278178334236145,0.24,-0.5799084305763245,-0.10431802272796631,0.29216432571411133,0.32232266664505005,-0.6253748536109924,0.06300056725740433,0.040385473519563675,-0.03,-0.3958783447742462,0.0538487546145916
3.5459907054901123,0.614496648311615,0.5825935006141663,-0.1992487609386444,-0.04449745640158653,0.17048929631710052,-0.9639778137207031,-0.5297987461090088,-0.06,0.5154274702072144,0.9458582997322083,0.0878371074795723,-0.5585702061653137,-1.6101338863372803,-0.30979400873184204,0.7944881319999695,1.2792645692825317,0.24,-0.5803760886192322,-0.1053580567240715,0.2920621931552887,0.32254156470298767,-0.625622034072876,0.06277845799922943,0.04035460203886032,-0.03,-0.3952069580554962,0.05539124086499214
3.5460433959960938,0.6143630146980286,0.582509458065033,-0.19923189282417297,-0.04440292343497276,0.17011024057865143,-0.9640526175498962,-0.5298569202423096,-0.06,0.5145911574363708,0.9465562701225281,0.08762941509485245,-0.5588440895080566,-1.6102759838104248,-0.3103194534778595,0.7946436405181885,1.2802536487579346,0.24,-0.5808733701705933,-0.10655389726161957,0.29187557101249695,0.32282689213752747,-0.6259217262268066,0.06262753903865814,0.04021184518933296,-0.03,-0.39441341161727905,0.056912120431661606
3.546100616455078,0.6141985058784485,0.582460343837738,-0.19920025765895844,-0.0443045049905777,0.1697179228067398,-0.9641327857971191,-0.5297994017601013,-0.06,0.5136476755142212,0.9470369219779968,0.08734215050935745,-0.5589885115623474,-1.6102585792541504,-0.31094619631767273,0.7946169972419739,1.281140923500061,0.24,-0.5813360214233398,-0.10788855701684952,0.29164251685142517,0.3231463134288788,-0.6262396574020386,0.06258923560380936,0.03992021083831787,-0.03,-0.39353692531585693,0.05845709517598152
3.5461647510528564,0.6139996647834778,0.5824427604675293,-0.19915762543678284,-0.04420342296361923,0.16931487619876862,-0.9642171263694763,-0.5296273827552795,-0.06,0.5126017928123474,0.9473117589950562,0.08697285503149033,-0.5590291619300842,-1.6100940704345703,-0.3116621971130371,0.7944179177284241,1.2819312810897827,0.24,-0.5817164778709412,-0.10934257507324219,0.2914053499698639,0.3234718143939972,-0.62654048204422,0.06267677992582321,0.039448194205760956,-0.03,-0.39262285828590393,0.0600752979516983
3.546239137649536,0.6137639880180359,0.5824529528617859,-0.1991090029478073,-0.044102992862463,0.16890259087085724,-0.9643040299415588,-0.5293540358543396,-0.06,0.5114544034004211,0.9474103450775146,0.08651053160429001,-0.5589772462844849,-1.6098016500473022,-0.31245508790016174,0.7940691709518433,1.282649040222168,0.24,-0.5820125341415405,-0.11089251190423965,0.29120108485221863,0.3237854540348053,-0.626792848110199,0.06287020444869995,0.03877847641706467,-0.03,-0.3917108476161957,0.06178567185997963
3.5463242530822754,0.6134881377220154,0.5824872255325317,-0.19905871152877808,-0.04400559142231941,0.16848124563694,-0.9643926620483398,-0.5289862155914307,-0.06,0.5102064609527588,0.947343111038208,0.08595354110002518,-0.55884850025177,-1.6094024181365967,-0.31330445408821106,0.793593168258667,1.2833293676376343,0.24,-0.5822654962539673,-0.11251654475927353,0.29105305671691895,0.32406866550445557,-0.6269779801368713,0.06316708028316498,0.03791395202279091,-0.03,-0.3908184766769409,0.06358588486909866
3.546421766281128,0.613170325756073,0.5825451612472534,-0.1990102380514145,-0.043907858431339264,0.16805657744407654,-0.9644810557365417,-0.5285180807113647,-0.06,0.5088674426078796,0.9471120834350586,0.08529423922300339,-0.5586395859718323,-1.608891248703003,-0.31418687105178833,0.7930134534835815,1.2840012311935425,0.24,-0.5825536251068115,-0.11418274790048599,0.290978342294693,0.3242994248867035,-0.62708979845047,0.06358633935451508,0.03688203915953636,-0.03,-0.389934241771698,0.06546927243471146
3.5465385913848877,0.6128079891204834,0.5826272368431091,-0.19896234571933746,-0.04379601404070854,0.16763772070407867,-0.9645689725875854,-0.5278920531272888,-0.06,0.5074485540390015,0.9467090368270874,0.08452049642801285,-0.5583709478378296,-1.6082311868667603,-0.3150978088378906,0.7923559546470642,1.2847011089324951,0.24,-0.5829682946205139,-0.11585905402898788,0.29100754857063293,0.32447344064712524,-0.6271190643310547,0.06410780549049377,0.03574158996343613,-0.03,-0.38901638984680176,0.06743557006120682
3.546679973602295,0.6123999357223511,0.5827356576919556,-0.19891270995140076,-0.043654922395944595,0.16723249852657318,-0.9646559953689575,-0.5270540118217468,-0.06,0.5059585571289062,0.946111261844635,0.08362621814012527,-0.5580520033836365,-1.6073753833770752,-0.3160494565963745,0.7916196584701538,1.2854269742965698,0.24,-0.5835109353065491,-0.1175210028886795,0.29116058349609375,0.3246018588542938,-0.6270483136177063,0.06465785205364227,0.034567032009363174,-0.03,-0.38801074028015137,0.06946218758821487
3.546846628189087,0.6119464635848999,0.5828708410263062,-0.19886329770088196,-0.043489206582307816,0.16684307157993317,-0.9647411108016968,-0.526012659072876,-0.06,0.5044043064117432,0.9453187584877014,0.08261268585920334,-0.557678759098053,-1.6063294410705566,-0.31704768538475037,0.7907917499542236,1.2861284017562866,0.24,-0.5840287804603577,-0.11915002763271332,0.29139456152915955,0.32468870282173157,-0.6268516778945923,0.06517771631479263,0.033409830182790756,-0.03,-0.38686609268188477,0.07145869731903076
3.547032594680786,0.6114504337310791,0.5830284357070923,-0.19882096350193024,-0.04332730174064636,0.16647005081176758,-0.9648215770721436,-0.5248530507087708,-0.06,0.5027952194213867,0.9443506598472595,0.08148901164531708,-0.5572460293769836,-1.6051653623580933,-0.3180691599845886,0.7898531556129456,1.2867547273635864,0.24,-0.584383487701416,-0.12072714418172836,0.2916125953197479,0.32471656799316406,-0.6264887452125549,0.06567220389842987,0.032290104776620865,-0.03,-0.3855319321155548,0.07325857877731323
3.5472326278686523,0.6109156012535095,0.5832005143165588,-0.19879646599292755,-0.0432119257748127,0.16610820591449738,-0.9648941159248352,-0.5237061381340027,-0.06,0.5011375546455383,0.9432545900344849,0.0802793800830841,-0.5567578673362732,-1.6040149927139282,-0.3190627098083496,0.7888150811195374,1.2873135805130005,0.24,-0.5845415592193604,-0.12224625796079636,0.291709840297699,0.3246558904647827,-0.6259074807167053,0.0661827102303505,0.031195325776934624,-0.03,-0.3839602470397949,0.07467389851808548
3.5474395751953125,0.6103469729423523,0.5833743214607239,-0.19880254566669464,-0.04318656027317047,0.165754035115242,-0.9649549722671509,-0.5227134823799133,-0.06,0.49944964051246643,0.9421051144599915,0.07900723069906235,-0.5562387704849243,-1.6030296087265015,-0.3199479877948761,0.7877294421195984,1.2878714799880981,0.24,-0.5846189260482788,-0.12369780242443085,0.29162392020225525,0.3244848847389221,-0.6250534653663635,0.06671570986509323,0.030092019587755203,-0.03,-0.38211944699287415,0.07555187493562698
3.5476481914520264,0.6097525954246521,0.5835373997688293,-0.19885355234146118,-0.04327790066599846,0.16541697084903717,-0.9649981260299683,-0.5219784379005432,-0.06,0.4977753460407257,0.9409759044647217,0.07770156860351562,-0.5557111501693726,-1.6023403406143188,-0.3206298351287842,0.7866767644882202,1.288520336151123,0.24,-0.5848107933998108,-0.1250459998846054,0.29137128591537476,0.32419198751449585,-0.623886227607727,0.06720245629549026,0.028950124979019165,-0.03,-0.38001227378845215,0.07582203298807144
3.5478601455688477,0.6091423630714417,0.5836787819862366,-0.19896039366722107,-0.043486882001161575,0.16512547433376312,-0.9650166034698486,-0.5215206742286682,-0.06,0.4961942732334137,0.9399160742759705,0.0763774886727333,-0.5552216172218323,-1.6019997596740723,-0.32101643085479736,0.7857533097267151,1.2893232107162476,0.24,-0.585246205329895,-0.12621809542179108,0.2910447418689728,0.32377442717552185,-0.622399628162384,0.0675230622291565,0.02775489166378975,-0.03,-0.37769222259521484,0.07553251087665558
3.548081398010254,0.6085286736488342,0.5837915539741516,-0.19912682473659515,-0.043787579983472824,0.16491800546646118,-0.9650042057037354,-0.5212696194648743,-0.06,0.4948011636734009,0.9389533996582031,0.07505533844232559,-0.5548284649848938,-1.6019700765609741,-0.3210645914077759,0.7850428223609924,1.2902814149856567,0.24,-0.5858964920043945,-0.12712852656841278,0.29077669978141785,0.3232213854789734,-0.6206294894218445,0.06759385019540787,0.026509137824177742,-0.03,-0.3752589821815491,0.07485619187355042
3.548318386077881,0.6079246401786804,0.5838738083839417,-0.19934843480587006,-0.044136662036180496,0.16482530534267426,-0.9649583697319031,-0.521116316318512,-0.06,0.49367207288742065,0.9380979537963867,0.07374104857444763,-0.5545779466629028,-1.6021543741226196,-0.3207816481590271,0.7845863103866577,1.291337013244629,0.24,-0.5866029262542725,-0.12771949172019958,0.2906881272792816,0.3225092589855194,-0.6186411380767822,0.06742750108242035,0.02522709034383297,-0.03,-0.37283381819725037,0.07404814660549164
3.5485763549804688,0.6073414087295532,0.583926260471344,-0.19961273670196533,-0.04449160769581795,0.16485342383384705,-0.9648826122283936,-0.5209627747535706,-0.06,0.49282726645469666,0.9373519420623779,0.0724557414650917,-0.5544885396957397,-1.6024466753005981,-0.32022950053215027,0.7843855023384094,1.2924249172210693,0.24,-0.5872064828872681,-0.1279926300048828,0.29084956645965576,0.32163020968437195,-0.6165141463279724,0.06710823625326157,0.023924872279167175,-0.03,-0.37053585052490234,0.0733649730682373
3.5488545894622803,0.6067889332771301,0.5839520692825317,-0.19990122318267822,-0.044819507747888565,0.16498689353466034,-0.9647849202156067,-0.5207352638244629,-0.06,0.49224647879600525,0.9367097616195679,0.07121412456035614,-0.5545487403869629,-1.6027477979660034,-0.3194911777973175,0.7844165563583374,1.2935078144073486,0.24,-0.5876426696777344,-0.12800009548664093,0.2912786900997162,0.32061439752578735,-0.6143267154693604,0.06672965735197067,0.022617356851696968,-0.03,-0.36845993995666504,0.07303064316511154
3.5491530895233154,0.6062736511230469,0.5839589238166809,-0.20019082725048065,-0.045095495879650116,0.16519303619861603,-0.9646766781806946,-0.5203859210014343,-0.06,0.49186545610427856,0.9361780285835266,0.07001964747905731,-0.5547648668289185,-1.6029729843139648,-0.318677693605423,0.7846297025680542,1.2945722341537476,0.24,-0.5879684686660767,-0.1278369426727295,0.29195159673690796,0.3195224404335022,-0.6121453642845154,0.06637933105230331,0.021323731169104576,-0.03,-0.3666594326496124,0.07323947548866272
3.549466848373413,0.6057991981506348,0.583959698677063,-0.20045477151870728,-0.04529735445976257,0.1654283106327057,-0.9645721912384033,-0.519865870475769,-0.06,0.49159473180770874,0.9356987476348877,0.06889767944812775,-0.5550815463066101,-1.6030319929122925,-0.31792449951171875,0.7849234342575073,1.2955796718597412,0.24,-0.5882244110107422,-0.12762853503227234,0.29281067848205566,0.31841841340065,-0.6100158095359802,0.06618945300579071,0.020079083740711212,-0.03,-0.36514127254486084,0.07414744049310684
3.549795627593994,0.6053647994995117,0.5839751958847046,-0.20066039264202118,-0.04539868235588074,0.16564777493476868,-0.9644868969917297,-0.5190855264663696,-0.06,0.4913230538368225,0.9351783990859985,0.06784269213676453,-0.5554293394088745,-1.6027790307998657,-0.3174085021018982,0.7851524353027344,1.2964383363723755,0.24,-0.588348925113678,-0.12751099467277527,0.2937748432159424,0.31733858585357666,-0.607948362827301,0.06640499830245972,0.018930695950984955,-0.03,-0.3638671636581421,0.0759199932217598
3.5501365661621094,0.604963481426239,0.5840368866920471,-0.20076869428157806,-0.045360907912254333,0.1658034324645996,-0.9644394516944885,-0.5178996920585632,-0.06,0.49091893434524536,0.9344618916511536,0.06683839112520218,-0.5557152032852173,-1.6019901037216187,-0.31734418869018555,0.785120964050293,1.2970000505447388,0.24,-0.5882112383842468,-0.12763918936252594,0.2947511076927185,0.31627634167671204,-0.6058977842330933,0.06741184741258621,0.01792333461344242,-0.03,-0.36276692152023315,0.0788121297955513
3.550494909286499,0.6045794486999512,0.5841888785362244,-0.20072773098945618,-0.04512389004230499,0.16583746671676636,-0.9644532203674316,-0.5160732269287109,-0.06,0.49019691348075867,0.9333093762397766,0.06583370268344879,-0.5557718276977539,-1.6003249883651733,-0.31802594661712646,0.7845598459243774,1.2970478534698486,0.24,-0.5875683426856995,-0.12819799780845642,0.29562658071517944,0.31515538692474365,-0.6037209033966064,0.06981628388166428,0.017076687887310982,-0.03,-0.3617347776889801,0.08325185626745224
3.5508809089660645,0.6041836142539978,0.5844903588294983,-0.20047065615653992,-0.04460671544075012,0.165668785572052,-0.9645597338676453,-0.5132730007171631,-0.06,0.48890531063079834,0.9313920736312866,0.06475217640399933,-0.5554190278053284,-1.597324252128601,-0.31985947489738464,0.7830977439880371,1.2963132858276367,0.24,-0.5861215591430664,-0.129429891705513,0.29623526334762573,0.3138059973716736,-0.6011378765106201,0.07450482249259949,0.016365040093660355,-0.03,-0.3606046438217163,0.08982457965612411
3.5512990951538086,0.6037331223487854,0.585015594959259,-0.19992025196552277,-0.04372458532452583,0.1651821881532669,-0.9647977948188782,-0.5091372728347778,-0.06,0.48669448494911194,0.9283075332641602,0.06349740922451019,-0.5544129610061646,-1.5924664735794067,-0.32332342863082886,0.780261218547821,1.2945245504379272,0.24,-0.5836687684059143,-0.13164012134075165,0.29633620381355286,0.31202101707458496,-0.5977206230163574,0.08254671841859818,0.015717796981334686,-0.03,-0.3591337502002716,0.09908512979745865
3.551744222640991,0.6031631231307983,0.5858526825904846,-0.1989935040473938,-0.04241470992565155,0.16422446072101593,-0.9652113318443298,-0.5033236145973206,-0.06,0.48307889699935913,0.9235303997993469,0.061834294348955154,-0.5524393320083618,-1.5849409103393555,-0.328715980052948,0.7756096720695496,1.2912969589233398,0.24,-0.5798090100288391,-0.13520923256874084,0.29557862877845764,0.30962300300598145,-0.5928524136543274,0.09509668499231339,0.015011335723102093,-0.03,-0.3569346070289612,0.11133850365877151
3.552182912826538,0.6023706793785095,0.5871184468269348,-0.19758744537830353,-0.04060252755880356,0.16248401999473572,-0.9658724069595337,-0.4955371022224426,-0.06,0.47726020216941833,0.916490375995636,0.05966915562748909,-0.5488368272781372,-1.5734055042266846,-0.33635789155960083,0.7688592076301575,1.2861030101776123,0.24,-0.5743139982223511,-0.14088062942028046,0.293569952249527,0.306502103805542,-0.585688591003418,0.11325635761022568,0.01410900428891182,-0.03,-0.35334116220474243,0.1265425682067871
3.5526204109191895,0.6012282371520996,0.5889527797698975,-0.1955411732196808,-0.03812086582183838,0.15953418612480164,-0.9668811559677124,-0.4850652813911438,-0.06,0.4682111144065857,0.9063001871109009,0.05680868402123451,-0.5429708361625671,-1.556777834892273,-0.3474610149860382,0.7587178945541382,1.2787129878997803,0.24,-0.5670140385627747,-0.14968349039554596,0.29001447558403015,0.3026796877384186,-0.5753358006477356,0.13778497278690338,0.01298331469297409,-0.03,-0.3473309278488159,0.14455321431159973
3.5530331134796143,0.5996080040931702,0.5914902687072754,-0.19277799129486084,-0.03494147211313248,0.1550452560186386,-0.9682854413986206,-0.4715183675289154,-0.06,0.4550938606262207,0.892038881778717,0.053017646074295044,-0.5341634154319763,-1.5338788032531738,-0.36251845955848694,0.7441027760505676,1.2684588432312012,0.24,-0.5580056309700012,-0.16233070194721222,0.28459444642066956,0.2984069287776947,-0.5610093474388123,0.16810043156147003,0.011431945487856865,-0.03,-0.3377629816532135,0.16483473777770996
3.5533461570739746,0.5974459648132324,0.5948033928871155,-0.18937517702579498,-0.03139319270849228,0.1488858014345169,-0.9700434803962708,-0.45542076230049133,-0.06,0.437638521194458,0.8729040026664734,0.04823930934071541,-0.5217212438583374,-1.504497766494751,-0.3807268440723419,0.7246158719062805,1.2555958032608032,0.24,-0.5485521554946899,-0.17880138754844666,0.27678656578063965,0.2940487861633301,-0.5421889424324036,0.20214520394802094,0.008889209479093552,-0.03,-0.32369932532310486,0.18623727560043335
3.5534703731536865,0.5947455167770386,0.5988080501556396,-0.1855895072221756,-0.02798406034708023,0.14119502902030945,-0.9720274209976196,-0.437977135181427,-0.06,0.4163514971733093,0.8488113284111023,0.04259771481156349,-0.5054351687431335,-1.468958854675293,-0.40036216378211975,0.700617253780365,1.239963412284851,0.24,-0.5384781360626221,-0.19812464714050293,0.26628974080085754,0.29008278250694275,-0.5186553001403809,0.23703031241893768,0.004728381056338549,-0.03,-0.3048546612262726,0.2067621499300003
3.5534186363220215,0.5915508270263672,0.6033428907394409,-0.18167974054813385,-0.024981986731290817,0.13231807947158813,-0.9740945100784302,-0.41979458928108215,-0.06,0.3921735882759094,0.8200700879096985,0.03618064150214195,-0.48568350076675415,-1.428056240081787,-0.4194541573524475,0.6732718348503113,1.2218296527862549,0.24,-0.5283098816871643,-0.21864952147006989,0.25344565510749817,0.28675663471221924,-0.4905600845813751,0.2702766954898834,-0.0012566042132675648,-0.03,-0.28168007731437683,0.22393697500228882
3.553262948989868,0.5879570841789246,0.6081631183624268,-0.177872896194458,-0.02251630276441574,0.12257380783557892,-0.976129949092865,-0.4013786315917969,-0.06,0.366102397441864,0.7876588106155396,0.02921045757830143,-0.46330952644348145,-1.3836262226104736,-0.4365392029285431,0.6444283127784729,1.2019990682601929,0.24,-0.5195863246917725,-0.2386237233877182,0.23903533816337585,0.28411170840263367,-0.458462119102478,0.29947373270988464,-0.009023396298289299,-0.03,-0.2556174695491791,0.23569945991039276
3.5530757904052734,0.5840455293655396,0.6129390001296997,-0.17398792505264282,-0.02073834091424942,0.1124626100063324,-0.9780849814414978,-0.38410916924476624,-0.06,0.33920225501060486,0.7546306252479553,0.021968239918351173,-0.440268337726593,-1.3382054567337036,-0.4496566951274872,0.6153644919395447,1.1820791959762573,0.24,-0.5136756300926208,-0.2560221254825592,0.22403790056705475,0.28229525685310364,-0.42316678166389465,0.32270675897598267,-0.01816335879266262,-0.03,-0.22856281697750092,0.24198505282402039
3.5529043674468994,0.5799100399017334,0.617315948009491,-0.1696903556585312,-0.019729597494006157,0.10251972824335098,-0.9799517393112183,-0.3698529899120331,-0.06,0.31153014302253723,0.7251892685890198,0.01429576613008976,-0.41913363337516785,-1.2931514978408813,-0.45757901668548584,0.5859259366989136,1.1625782251358032,0.24,-0.5078306198120117,-0.2692303955554962,0.20895005762577057,0.2810080945491791,-0.3855924606323242,0.34022611379623413,-0.028403587639331818,-0.03,-0.2018059641122818,0.24476167559623718
3.5528292655944824,0.5757468938827515,0.6210312247276306,-0.1649581342935562,-0.019306711852550507,0.09293957054615021,-0.9817219972610474,-0.35952770709991455,-0.06,0.28183770179748535,0.7022778987884521,0.006037233397364616,-0.4016956388950348,-1.2493976354599,-0.4610435664653778,0.5564998984336853,1.1439108848571777,0.24,-0.4988260567188263,-0.2778998911380768,0.19377592206001282,0.2790795862674713,-0.34670117497444153,0.3533041775226593,-0.03948752582073212,-0.03,-0.17531341314315796,0.2455446422100067
3.5529658794403076,0.5717381238937378,0.6238861083984375,-0.1598910391330719,-0.01905328594148159,0.08377166092395782,-0.9833890795707703,-0.35319527983665466,-0.06,0.2510266602039337,0.6881088614463806,-0.0026056580245494843,-0.38953641057014465,-1.2079352140426636,-0.4614802300930023,0.528130829334259,1.1274826526641846,0.24,-0.48684847354888916,-0.2824500799179077,0.17867639660835266,0.2751253843307495,-0.30731576681137085,0.3622559905052185,-0.050651609897613525,-0.03,-0.14816801249980927,0.2441052347421646
3.5533883571624756,0.5680524706840515,0.6257435083389282,-0.15472067892551422,-0.01859741285443306,0.07496538758277893,-0.9849343299865723,-0.3506198823451996,-0.06,0.22107720375061035,0.6838745474815369,-0.010690232738852501,-0.3836599886417389,-1.1700043678283691,-0.46044936776161194,0.501917839050293,1.1148231029510498,0.2394266277551651,-0.4735763669013977,-0.2836637496948242,0.16382266581058502,0.26808488368988037,-0.26829081773757935,0.3663901686668396,-0.061128463596105576,-0.03,-0.1197715550661087,0.240026593208313
3.5541017055511475,0.5647978186607361,0.6266179084777832,-0.1497640758752823,-0.017796555534005165,0.06640662252902985,-0.9863285422325134,-0.3514636158943176,-0.06,0.1949390172958374,0.6888144612312317,-0.017706310376524925,-0.38318657875061035,-1.1365509033203125,-0.45945295691490173,0.4784659147262573,1.1064553260803223,0.2374711036682129,-0.45986634492874146,-0.2823667824268341,0.14944732189178467,0.2580372393131256,-0.230984166264534,0.3646393120288849,-0.07060546427965164,-0.03,-0.09102971106767654,0.23389427363872528
3.5550663471221924,0.5620099902153015,0.6266834139823914,-0.14534994959831238,-0.016643116250634193,0.057829711586236954,-0.9875485301017761,-0.3547848165035248,-0.06,0.17237058281898499,0.7004380226135254,-0.022809434682130814,-0.38655123114585876,-1.1076017618179321,-0.4600638747215271,0.4576042890548706,1.1015841960906982,0.23637281358242035,-0.44523030519485474,-0.2796482443809509,0.13578097522258759,0.24579492211341858,-0.1972673237323761,0.3573096692562103,-0.07912814617156982,-0.03,-0.0636303573846817,0.22674249112606049
3.556220769882202,0.5596557259559631,0.6261411905288696,-0.14160962402820587,-0.015235597267746925,0.04955694451928139,-0.9885639548301697,-0.35918885469436646,-0.06,0.1508355438709259,0.7157106399536133,-0.027881983667612076,-0.3924960792064667,-1.0827587842941284,-0.46202269196510315,0.43947499990463257,1.099246859550476,0.23603534698486328,-0.42960217595100403,-0.27554547786712646,0.12314914911985397,0.23252829909324646,-0.16844478249549866,0.34634530544281006,-0.08690644055604935,-0.03,-0.03866647928953171,0.2195129096508026
3.5575127601623535,0.5576015710830688,0.6252210736274719,-0.13853952288627625,-0.01369054801762104,0.041943445801734924,-0.9893735647201538,-0.36376139521598816,-0.06,0.13113881647586823,0.7324491143226624,-0.03253382816910744,-0.3998817801475525,-1.0611944198608398,-0.4646422564983368,0.4238084554672241,1.0982857942581177,0.2361096441745758,-0.41275957226753235,-0.2703505754470825,0.1117769405245781,0.21935079991817474,-0.14439046382904053,0.33472877740859985,-0.09436620026826859,-0.03,-0.01584530808031559,0.2131994366645813
3.5588772296905518,0.5556910634040833,0.6241132616996765,-0.13602539896965027,-0.012174839153885841,0.03518185019493103,-0.9900055527687073,-0.3680858910083771,-0.06,0.11346050351858139,0.7491040825843811,-0.03695754334330559,-0.4078047573566437,-1.041930079460144,-0.46761006116867065,0.40994876623153687,1.0976455211639404,0.23886200785636902,-0.3955356180667877,-0.2646912932395935,0.10165855288505554,0.20725129544734955,-0.12391068041324615,0.3251490592956543,-0.10201593488454819,-0.03847669064998627,0.005978022236377001,0.20824575424194336
3.560325860977173,0.5538011789321899,0.6229998469352722,-0.1338135451078415,-0.010692204348742962,0.02934861369431019,-0.9905140399932861,-0.37147852778434753,-0.06,0.09764518588781357,0.7644847631454468,-0.04144130274653435,-0.4158055782318115,-1.0251356363296509,-0.47321268916130066,0.39525264501571655,1.0979187488555908,0.24,-0.37687093019485474,-0.25923052430152893,0.09299014508724213,0.1969773918390274,-0.10575147718191147,0.3190609812736511,-0.11002974212169647,-0.04940999299287796,0.02826007455587387,0.20451070368289948
3.561910390853882,0.5518895983695984,0.621894359588623,-0.1318393498659134,-0.00924372673034668,0.02480144426226616,-0.9909175038337708,-0.3738005757331848,-0.06,0.08420553058385849,0.7788257002830505,-0.046126946806907654,-0.4240875244140625,-1.0085762739181519,-0.48002195358276367,0.375762939453125,1.0959657430648804,0.22375164926052094,-0.3615022599697113,-0.25389307737350464,0.08574093133211136,0.18853352963924408,-0.08805575966835022,0.31681686639785767,-0.11838938295841217,-0.0572834350168705,0.0516410656273365,0.20140743255615234
3.563598871231079,0.549823522567749,0.6209629774093628,-0.1297469586133957,-0.007867695763707161,0.02131744846701622,-0.9912866950035095,-0.3748909831047058,-0.06,0.07232487201690674,0.7913747429847717,-0.05134880170226097,-0.43215426802635193,-0.9936091899871826,-0.4832109808921814,0.359427273273468,1.0955030918121338,0.2227703183889389,-0.33686143159866333,-0.24955348670482635,0.07982389628887177,0.18195512890815735,-0.06867001950740814,0.3176204264163971,-0.127263605594635,-0.06149596720933914,0.07567302882671356,0.19916002452373505
3.565316915512085,0.5474948883056641,0.6200257539749146,-0.1278131753206253,-0.006630702875554562,0.01840597577393055,-0.9916051626205444,-0.37572357058525085,-0.06,0.06116897612810135,0.803196907043457,-0.05704117566347122,-0.44014331698417664,-0.9765526056289673,-0.48485758900642395,0.34422942996025085,1.0929673910140991,0.23031893372535706,-0.32037031650543213,-0.24704194068908691,0.07463247328996658,0.17757342755794525,-0.04738575220108032,0.32050400972366333,-0.13761958479881287,-0.06342481821775436,0.10044113546609879,0.197585791349411
3.5671050548553467,0.5450270175933838,0.6195391416549683,-0.1254110038280487,-0.005129597149789333,0.014923876151442528,-0.9919792413711548,-0.3745972216129303,-0.06,0.048557162284851074,0.8118719458580017,-0.06301577389240265,-0.44638481736183167,-0.9621312022209167,-0.48579591512680054,0.3287467658519745,1.1006712913513184,0.23005767166614532,-0.33165547251701355,-0.24757543206214905,0.06959430873394012,0.17462435364723206,-0.026095710694789886,0.32668232917785645,-0.1489102691411972,-0.06518126279115677,0.12494372576475143,0.19733041524887085
3.568871021270752,0.5425866842269897,0.6193737387657166,-0.12270645797252655,-0.0036334467586129904,0.011798313818871975,-0.9923661947250366,-0.37228062748908997,-0.06,0.03644617646932602,0.8181028962135315,-0.06909529119729996,-0.45157939195632935,-0.9462921023368835,-0.4864185154438019,0.3104899227619171,1.106359839439392,0.22700048983097076,-0.34226304292678833,-0.2479097545146942,0.06425606459379196,0.17274069786071777,-0.006856685504317284,0.33509039878845215,-0.16087152063846588,-0.06754136830568314,0.14868485927581787,0.19814608991146088
3.570530652999878,0.540222704410553,0.6193932890892029,-0.11975277960300446,-0.002476984867826104,0.009679649025201797,-0.9927533268928528,-0.3700105547904968,-0.06,0.02603207342326641,0.823095440864563,-0.07513439655303955,-0.45640096068382263,-0.9306491017341614,-0.4850216209888458,0.29220935702323914,1.1098988056182861,0.22324669361114502,-0.3510662615299225,-0.24655862152576447,0.05920489877462387,0.17237024009227753,0.010759505443274975,0.34313148260116577,-0.17402270436286926,-0.06958892941474915,0.1716637760400772,0.20228230953216553
3.572049856185913,0.5379347801208496,0.619499683380127,-0.11655499786138535,-0.0016583373071625829,0.008181747049093246,-0.9931491017341614,-0.36844825744628906,-0.06,0.016552763059735298,0.8277865648269653,-0.08106686174869537,-0.4610225260257721,-0.9155839681625366,-0.4820883572101593,0.2739090323448181,1.1120240688323975,0.21895040571689606,-0.3585028648376465,-0.24473793804645538,0.0544012114405632,0.1728188395500183,0.029184941202402115,0.34990695118904114,-0.18827781081199646,-0.07073461264371872,0.19389726221561432,0.2098274528980255
3.5734457969665527,0.5357486009597778,0.6196835041046143,-0.11324913799762726,-0.0009480947046540678,0.006741623394191265,-0.9935432076454163,-0.3671671748161316,-0.06,0.007197239901870489,0.8319792151451111,-0.08682499080896378,-0.46517568826675415,-0.9004930853843689,-0.4788426160812378,0.25526320934295654,1.1130404472351074,0.21452127397060394,-0.36503368616104126,-0.24355000257492065,0.04915247857570648,0.17333799600601196,0.048469141125679016,0.35709649324417114,-0.2028825432062149,-0.07147958129644394,0.21512539684772491,0.2192220389842987
3.5747451782226562,0.5337197780609131,0.6198824048042297,-0.11005377024412155,-0.00020979155669920146,0.005348240025341511,-0.9939112067222595,-0.3658080995082855,-0.06,-0.001721403212286532,0.8357449173927307,-0.09222789853811264,-0.4689902365207672,-0.8857818245887756,-0.47569212317466736,0.23729321360588074,1.1135104894638062,0.21037356555461884,-0.3709588646888733,-0.24276629090309143,0.04329950362443924,0.17405706644058228,0.0671357735991478,0.365253746509552,-0.2174053192138672,-0.07260318100452423,0.23515281081199646,0.2293580174446106
3.5759568214416504,0.531888484954834,0.6200265288352966,-0.10709372907876968,0.0005562471924349666,0.004176810383796692,-0.9942399263381958,-0.36444294452667236,-0.06,-0.009723960421979427,0.8394623398780823,-0.0971580296754837,-0.4727676510810852,-0.8722184896469116,-0.4725412130355835,0.22103890776634216,1.11395263671875,0.20663177967071533,-0.3763924241065979,-0.24183884263038635,0.036990467458963394,0.17544688284397125,0.0839889794588089,0.37350931763648987,-0.23165544867515564,-0.07442609965801239,0.2540268003940582,0.23940183222293854
3.577094793319702,0.5302554965019226,0.6201282739639282,-0.10438482463359833,0.0014435268240049481,0.003329803002998233,-0.9945303201675415,-0.36268746852874756,-0.06,-0.016564376652240753,0.842978835105896,-0.10164172947406769,-0.47651970386505127,-0.859587550163269,-0.4693715572357178,0.20660839974880219,1.11434805393219,0.20328779518604279,-0.3813517987728119,-0.2405141144990921,0.03057096339762211,0.17769570648670197,0.09853485971689224,0.38124576210975647,-0.24525408446788788,-0.07651998847723007,0.27159586548805237,0.24900197982788086
3.5781631469726562,0.5287882685661316,0.6202225685119629,-0.10187352448701859,0.002505306852981448,0.002716346876695752,-0.9947904348373413,-0.3603671193122864,-0.06,-0.02244185283780098,0.8461223840713501,-0.1057252287864685,-0.4801318347454071,-0.8473822474479675,-0.46630364656448364,0.19344274699687958,1.1145356893539429,0.2002381980419159,-0.38588589429855347,-0.23910760879516602,0.024305036291480064,0.18067844212055206,0.11112532764673233,0.3879257142543793,-0.2581247389316559,-0.07824252545833588,0.28783631324768066,0.2580776512622833
3.5791282653808594,0.5274450778961182,0.620313823223114,-0.0994691550731659,0.0036465723533183336,0.0021670532878488302,-0.9950315356254578,-0.35793522000312805,-0.06,-0.02787254936993122,0.8490898013114929,-0.10950646549463272,-0.48353829979896545,-0.8355426788330078,-0.4633502662181854,0.18096598982810974,1.114492654800415,0.19738410413265228,-0.3899952471256256,-0.23803330957889557,0.018186300992965698,0.18425771594047546,0.12224264442920685,0.393165647983551,-0.27063751220703125,-0.07930002361536026,0.3029771149158478,0.26640355587005615
3.5799577236175537,0.5261958241462708,0.6203758120536804,-0.09710144251585007,0.0047421567142009735,0.0016010154504328966,-0.9952617883682251,-0.35599780082702637,-0.06,-0.03322327136993408,0.8522873520851135,-0.11307717859745026,-0.48679620027542114,-0.824356734752655,-0.4603950083255768,0.16894692182540894,1.1143467426300049,0.19459572434425354,-0.39368778467178345,-0.2373732179403305,0.01215369626879692,0.18833108246326447,0.13203315436840057,0.397224485874176,-0.2832742929458618,-0.07988326996564865,0.3173741400241852,0.2737254798412323
3.580641269683838,0.5250272154808044,0.620376706123352,-0.0947423055768013,0.005780591629445553,0.0010114125907421112,-0.995484471321106,-0.35476580262184143,-0.06,-0.038621582090854645,0.8560479283332825,-0.11650283634662628,-0.49005240201950073,-0.8139503002166748,-0.45736584067344666,0.1574028581380844,1.1143077611923218,0.19186174869537354,-0.3970493972301483,-0.2370535433292389,0.006279713939875364,0.1927139163017273,0.1405678689479828,0.4009571373462677,-0.2962920367717743,-0.08040279150009155,0.33148661255836487,0.2801351845264435
3.5812079906463623,0.5239320397377014,0.620307445526123,-0.09238725900650024,0.006891721859574318,0.00037885340861976147,-0.9956991076469421,-0.35392752289772034,-0.06,-0.0440688319504261,0.860434889793396,-0.11973007023334503,-0.49344348907470703,-0.8039400577545166,-0.4543702304363251,0.14621974527835846,1.1144973039627075,0.1892116367816925,-0.4002435803413391,-0.23712792992591858,0.0008456251816824079,0.1971011608839035,0.14815197885036469,0.40523383021354675,-0.30959099531173706,-0.08115606755018234,0.3457625210285187,0.2860765755176544
3.5816843509674072,0.5229072570800781,0.6201809048652649,-0.09002336859703064,0.008213543333113194,-0.00033398056984879076,-0.9959056377410889,-0.35307392477989197,-0.06,-0.0496424175798893,0.8653430342674255,-0.12289660423994064,-0.4969552159309387,-0.7938434481620789,-0.4515756070613861,0.13509584963321686,1.1149524450302124,0.18644346296787262,-0.40332555770874023,-0.23772534728050232,-0.0037824760656803846,0.20112912356853485,0.15524955093860626,0.4104226231575012,-0.3229878842830658,-0.08226636797189713,0.3604547083377838,0.29203489422798157
3.5820844173431396,0.5219641327857971,0.6200146675109863,-0.08763112127780914,0.009779755026102066,-0.0011171860387548804,-0.9961042404174805,-0.35206159949302673,-0.06,-0.055265892297029495,0.87069171667099,-0.12589488923549652,-0.5005810260772705,-0.7835142612457275,-0.4490678310394287,0.12373646348714828,1.1156466007232666,0.18295669555664062,-0.4063912332057953,-0.23881863057613373,-0.007342677563428879,0.20444348454475403,0.1622340828180313,0.41644036769866943,-0.3364426791667938,-0.0838085189461708,0.37554866075515747,0.29819509387016296
3.5824053287506104,0.5211230516433716,0.6197892427444458,-0.08525503426790237,0.011513818986713886,-0.0018966567004099488,-0.9962908029556274,-0.35104498267173767,-0.06,-0.060794807970523834,0.8765166997909546,-0.12874440848827362,-0.5043742060661316,-0.7733815908432007,-0.4468265175819397,0.11243648082017899,1.1166664361953735,0.17858773469924927,-0.4095001220703125,-0.2402036190032959,-0.009781023487448692,0.20676806569099426,0.1692269891500473,0.4231279194355011,-0.3500592112541199,-0.08584637194871902,0.39087164402008057,0.304377943277359
3.582650661468506,0.5203883647918701,0.6194858551025391,-0.08294906467199326,0.01335048582404852,-0.002615345409139991,-0.9964608550071716,-0.3501386344432831,-0.06,-0.06607742607593536,0.882860004901886,-0.1314009130001068,-0.5083836913108826,-0.7638199925422668,-0.44474974274635315,0.10175864398479462,1.118133544921875,0.17388774454593658,-0.4125661551952362,-0.24172480404376984,-0.01116966176778078,0.20801496505737305,0.17619185149669647,0.4304642081260681,-0.3638313114643097,-0.08831564337015152,0.4062255918979645,0.3101295828819275
3.5828325748443604,0.5197523832321167,0.6191237568855286,-0.0807395800948143,0.015258544124662876,-0.0032681352458894253,-0.9966130256652832,-0.3492874503135681,-0.05637834221124649,-0.07105807214975357,0.8895108699798584,-0.13384760916233063,-0.5124998688697815,-0.7547852396965027,-0.4428107738494873,0.09183046966791153,1.119877815246582,0.16929474472999573,-0.41553381085395813,-0.2433594912290573,-0.011670837178826332,0.20816612243652344,0.18317829072475433,0.438373863697052,-0.37764057517051697,-0.09096963703632355,0.4214117228984833,0.31501659750938416
3.5829577445983887,0.519203782081604,0.6187481880187988,-0.07861371338367462,0.01719757169485092,-0.0038557352963835,-0.996749222278595,-0.34840524196624756,-0.05173021927475929,-0.07570596039295197,0.896120548248291,-0.13608331978321075,-0.5165303349494934,-0.7461013197898865,-0.44096365571022034,0.08248808234930038,1.1215814352035522,0.16492848098278046,-0.41828641295433044,-0.24508064985275269,-0.0114907743409276,0.20719656348228455,0.19032703340053558,0.44643634557724,-0.39140820503234863,-0.09342163801193237,0.43619003891944885,0.31906747817993164
3.583019256591797,0.5187312364578247,0.6183964014053345,-0.07654784619808197,0.019095616415143013,-0.0043528759852051735,-0.9968734979629517,-0.34753939509391785,-0.04725654050707817,-0.08000051230192184,0.9024338722229004,-0.13813716173171997,-0.5203276872634888,-0.7378009557723999,-0.4391099810600281,0.07359028607606888,1.1230010986328125,0.16062650084495544,-0.42063772678375244,-0.24677425622940063,-0.010878932662308216,0.20519715547561646,0.19770023226737976,0.45397770404815674,-0.4051538407802582,-0.095307856798172,0.4502752721309662,0.3226696252822876
3.5830137729644775,0.5183250308036804,0.6180816888809204,-0.0745357796549797,0.0208798348903656,-0.00474592624232173,-0.9969884157180786,-0.3468226194381714,-0.04292851686477661,-0.08395139873027802,0.9083689451217651,-0.14003919064998627,-0.5238205194473267,-0.7300710082054138,-0.43721845746040344,0.06506872922182083,1.1241154670715332,0.15611037611961365,-0.42255109548568726,-0.2483462542295456,-0.010137730278074741,0.20240071415901184,0.20529882609844208,0.46044862270355225,-0.418907105922699,-0.09634429216384888,0.4633196294307709,0.32628172636032104
3.5829386711120605,0.517975926399231,0.617810070514679,-0.07259076833724976,0.022533150389790535,-0.005034496542066336,-0.997094452381134,-0.3462580144405365,-0.038754306733608246,-0.0875486209988594,0.9138497114181519,-0.1418003886938095,-0.5269590616226196,-0.7229730486869812,-0.4353140890598297,0.05690845474600792,1.1249336004257202,0.15126188099384308,-0.42403444647789,-0.24976487457752228,-0.009601515717804432,0.19913062453269958,0.21308380365371704,0.4658224582672119,-0.43256261944770813,-0.09635890275239944,0.47500964999198914,0.33029040694236755
3.5828120708465576,0.5176690816879272,0.6176005601882935,-0.07071574032306671,0.024104377254843712,-0.005257030948996544,-0.9971913695335388,-0.34563785791397095,-0.03472433611750603,-0.09081368893384933,0.9187120795249939,-0.14342175424098969,-0.5296937823295593,-0.7165247201919556,-0.43331772089004517,0.049507174640893936,1.1257283687591553,0.14687038958072662,-0.42459073662757874,-0.2511281967163086,-0.009588063694536686,0.19576355814933777,0.22093580663204193,0.4705154299736023,-0.44583818316459656,-0.09529846161603928,0.4852110743522644,0.3349669575691223
3.5826385021209717,0.517392635345459,0.6174143552780151,-0.06898549199104309,0.025623008608818054,-0.005402923095971346,-0.9972738027572632,-0.3449559509754181,-0.030969861894845963,-0.09369160234928131,0.923126757144928,-0.14489935338497162,-0.5321125984191895,-0.7100234627723694,-0.43127676844596863,0.04270920157432556,1.1257007122039795,0.14378532767295837,-0.42525380849838257,-0.25243598222732544,-0.010401824489235878,0.19259332120418549,0.22866691648960114,0.4748026132583618,-0.45849817991256714,-0.09327154606580734,0.49408671259880066,0.34042099118232727
3.5824410915374756,0.5171312689781189,0.6172443628311157,-0.06740185618400574,0.027154551818966866,-0.005604943726211786,-0.9973405003547668,-0.3440994918346405,-0.027556611225008965,-0.0964236930012703,0.9271361827850342,-0.14626182615756989,-0.534246563911438,-0.7035731077194214,-0.4293953776359558,0.036499813199043274,1.1254876852035522,0.141701340675354,-0.4258365035057068,-0.2539370656013489,-0.012094687670469284,0.18977640569210052,0.23607337474822998,0.47852450609207153,-0.470171183347702,-0.09048052877187729,0.5018767714500427,0.3467182219028473
3.5822291374206543,0.5168730020523071,0.6170684099197388,-0.06597425788640976,0.02869456820189953,-0.005931507796049118,-0.9973909258842468,-0.3431718647480011,-0.024550260975956917,-0.09919694066047668,0.9308957457542419,-0.14755767583847046,-0.536162793636322,-0.6972129940986633,-0.42777949571609497,0.03079087845981121,1.1252704858779907,0.1406083106994629,-0.4264691174030304,-0.255688339471817,-0.014629757031798363,0.18736933171749115,0.2429715245962143,0.48113179206848145,-0.48058003187179565,-0.08720219880342484,0.5088221430778503,0.35373327136039734
3.582000494003296,0.5165982246398926,0.6168755888938904,-0.06468086689710617,0.030197106301784515,-0.006417525000870228,-0.9974282383918762,-0.342381089925766,-0.021919172257184982,-0.10217078775167465,0.9345377087593079,-0.14882540702819824,-0.5378945469856262,-0.6910257339477539,-0.4263816773891449,0.025511128827929497,1.125108003616333,0.14053155481815338,-0.4271842837333679,-0.2576344311237335,-0.017999501898884773,0.1854495108127594,0.2491159588098526,0.4821757972240448,-0.4895128607749939,-0.08370649814605713,0.5150389075279236,0.36119207739830017
3.5817511081695557,0.5162824988365173,0.6166691184043884,-0.06346649676561356,0.031607359647750854,-0.007070453837513924,-0.9974582195281982,-0.3419210910797119,-0.01953418366611004,-0.10549583286046982,0.938133180141449,-0.15013094246387482,-0.53943932056427,-0.6850172281265259,-0.4250513017177582,0.020484203472733498,1.1249221563339233,0.14144311845302582,-0.42795732617378235,-0.2596299946308136,-0.022189494222402573,0.1841197907924652,0.25415685772895813,0.48138427734375,-0.49683648347854614,-0.08027242124080658,0.520507276058197,0.3687969744205475
3.581467628479004,0.5159004926681519,0.6164593696594238,-0.06226460635662079,0.03286626935005188,-0.007885351777076721,-0.9974871873855591,-0.34197938442230225,-0.017242198809981346,-0.10932127386331558,0.9417119026184082,-0.15157459676265717,-0.5407883524894714,-0.6792017221450806,-0.42362532019615173,0.015471509657800198,1.1246147155761719,0.14317062497138977,-0.4287303686141968,-0.26149657368659973,-0.02714754454791546,0.1834813356399536,0.25773629546165466,0.4786882996559143,-0.5025425553321838,-0.07712376117706299,0.525041401386261,0.3764064610004425
3.5811448097229004,0.5154315829277039,0.6162555813789368,-0.06101493164896965,0.03392358496785164,-0.008846568875014782,-0.9975208640098572,-0.3427135944366455,-0.01488981582224369,-0.11373987048864365,0.9453014135360718,-0.15320612490177155,-0.5419265627861023,-0.6736305952072144,-0.42197781801223755,0.010218366049230099,1.1241363286972046,0.14532166719436646,-0.42944809794425964,-0.2630523443222046,-0.03276127576828003,0.18358713388442993,0.25961461663246155,0.47429537773132324,-0.5067548155784607,-0.07445495575666428,0.5284127593040466,0.38400301337242126
3.5807769298553467,0.5148640275001526,0.616064727306366,-0.059683021157979965,0.03476198390126228,-0.009924794547259808,-0.9975624680519104,-0.3441665470600128,-0.01238195039331913,-0.11877112835645676,0.9488931894302368,-0.15507079660892487,-0.5428582429885864,-0.668359100818634,-0.4200548827648163,0.004543100018054247,1.1234978437423706,0.14745697379112244,-0.430085152387619,-0.2641283869743347,-0.03887670487165451,0.1843792051076889,0.25974881649017334,0.468813419342041,-0.5096680521965027,-0.07244845479726791,0.5304857492446899,0.39161768555641174
3.580369472503662,0.5141990780830383,0.6158877611160278,-0.05827115848660469,0.03540312871336937,-0.011080981232225895,-0.9976112842559814,-0.3462440073490143,-0.009695044718682766,-0.12432210147380829,0.9524613618850708,-0.15716470777988434,-0.5435965657234192,-0.6634142398834229,-0.41787755489349365,-0.0015823120484128594,1.1227612495422363,0.149252787232399,-0.4306563436985016,-0.2645910978317261,-0.045323941856622696,0.18564891815185547,0.25831833481788635,0.4631563425064087,-0.5115039944648743,-0.07122784852981567,0.5312985181808472,0.39930567145347595
3.579929828643799,0.5134497880935669,0.615720272064209,-0.05681150034070015,0.03589197248220444,-0.012274976819753647,-0.9976640343666077,-0.3487982153892517,-0.0068809716030955315,-0.13025178015232086,0.9559929966926575,-0.15947569906711578,-0.5441449284553528,-0.6588159799575806,-0.4155069887638092,-0.00801862869411707,1.1220098733901978,0.15062323212623596,-0.4311755299568176,-0.2643495500087738,-0.05191699042916298,0.18704989552497864,0.25567877292633057,0.4582676887512207,-0.5124697089195251,-0.07082540541887283,0.5310203433036804,0.40703991055488586
3.5794641971588135,0.5126359462738037,0.6155526041984558,-0.05535321682691574,0.03627321496605873,-0.01348020788282156,-0.9977166056632996,-0.35163354873657227,-0.004035137593746185,-0.13638567924499512,0.9594108462333679,-0.16193144023418427,-0.5445945858955383,-0.6545819044113159,-0.41302621364593506,-0.014517431147396564,1.1213226318359375,0.151736319065094,-0.4316975474357605,-0.2633676528930664,-0.05850740522146225,0.18817557394504547,0.25224098563194275,0.45499035716056824,-0.512741208076477,-0.07117125391960144,0.5298405289649963,0.4146249294281006
3.5789825916290283,0.511784553527832,0.6153875589370728,-0.05395863577723503,0.036601029336452484,-0.014686980284750462,-0.997763991355896,-0.35454225540161133,-0.0012949822703376412,-0.14253999292850494,0.962628960609436,-0.16444845497608185,-0.5448843836784363,-0.6507254838943481,-0.41065713763237,-0.021013490855693817,1.1208101511001587,0.1522883027791977,-0.43226009607315063,-0.26166093349456787,-0.0649934709072113,0.18862149119377136,0.24835911393165588,0.45401495695114136,-0.5124232172966003,-0.07210641354322433,0.5278749465942383,0.42172807455062866
3.578505754470825,0.5109393000602722,0.6152382493019104,-0.05267815291881561,0.03692562133073807,-0.015885867178440094,-0.9978021383285522,-0.3572663962841034,0.0012163737555965781,-0.14848782122135162,0.9654966592788696,-0.166890949010849,-0.5449994206428528,-0.6475349068641663,-0.4090036451816559,-0.028128311038017273,1.1210200786590576,0.14979858696460724,-0.43295279145240784,-0.2592412233352661,-0.0713474303483963,0.18805113434791565,0.24422919750213623,0.45577752590179443,-0.511538565158844,-0.07340650260448456,0.5250526070594788,0.4279140830039978
3.578014373779297,0.5100977420806885,0.615113377571106,-0.05152054876089096,0.03720365837216377,-0.016965694725513458,-0.9978343844413757,-0.3598317503929138,0.0035710223019123077,-0.154012069106102,0.9679185152053833,-0.16926823556423187,-0.5448938012123108,-0.6447581052780151,-0.40736156702041626,-0.03464724123477936,1.1211646795272827,0.14743182063102722,-0.4335040748119354,-0.2559387683868408,-0.07778220623731613,0.18645824491977692,0.23983778059482574,0.46050503849983215,-0.5101822018623352,-0.0745956227183342,0.521090567111969,0.4328446686267853
3.5775039196014404,0.5092783570289612,0.6150429248809814,-0.05048837885260582,0.0374189093708992,-0.018012525513768196,-0.9978607892990112,-0.36225104331970215,0.005697738379240036,-0.15917858481407166,0.9697288870811462,-0.1714765429496765,-0.5444151163101196,-0.6422573328018188,-0.40592074394226074,-0.04090814292430878,1.1210787296295166,0.1449737846851349,-0.4338310956954956,-0.2519850432872772,-0.08443313091993332,0.1838793009519577,0.23503777384757996,0.46792155504226685,-0.5083715319633484,-0.07528744637966156,0.5156583786010742,0.43621718883514404
3.5769636631011963,0.5084943175315857,0.6150496006011963,-0.04957194998860359,0.037516068667173386,-0.019070252776145935,-0.9978833794593811,-0.3646448850631714,0.007564920000731945,-0.16405454277992249,0.9708042740821838,-0.1734902709722519,-0.5434364676475525,-0.640021026134491,-0.4046688377857208,-0.04694991186261177,1.1205494403839111,0.14262281358242035,-0.43381109833717346,-0.24752169847488403,-0.09137747436761856,0.18042145669460297,0.22979484498500824,0.47719454765319824,-0.5061948299407959,-0.07516061514616013,0.5086323618888855,0.4379452168941498
3.5763914585113525,0.5077633261680603,0.6151511073112488,-0.04875651374459267,0.03746289759874344,-0.020177820697426796,-0.9979038238525391,-0.3670825660228729,0.00915677472949028,-0.1686747819185257,0.9710754156112671,-0.1752450317144394,-0.5418843030929565,-0.6380091905593872,-0.40365085005760193,-0.05291849747300148,1.1194453239440918,0.1403186023235321,-0.4333651065826416,-0.2426767498254776,-0.09856611490249634,0.1761346161365509,0.22433200478553772,0.48732343316078186,-0.5037449598312378,-0.07402122765779495,0.5003029108047485,0.43833890557289124
3.5757880210876465,0.5071080923080444,0.6153586506843567,-0.04803904891014099,0.037267252802848816,-0.021322211250662804,-0.9979221224784851,-0.3694995641708374,0.010465709492564201,-0.17296721041202545,0.9704857468605042,-0.17671674489974976,-0.539742112159729,-0.6361543536186218,-0.40286538004875183,-0.05878858640789986,1.1176621913909912,0.1381254494190216,-0.4324299395084381,-0.2374640256166458,-0.10586878657341003,0.17105655372142792,0.21908031404018402,0.4975340664386749,-0.5010783076286316,-0.0717831552028656,0.49123895168304443,0.43803080916404724
3.575167655944824,0.5065522789955139,0.6156784296035767,-0.04742477461695671,0.036966972053050995,-0.022449668496847153,-0.9979379773139954,-0.3717244863510132,0.011523417197167873,-0.1767061948776245,0.9690025448799133,-0.17777739465236664,-0.5370518565177917,-0.6343653202056885,-0.4022945761680603,-0.06444842368364334,1.1151421070098877,0.1360996961593628,-0.4309711456298828,-0.23182600736618042,-0.11309563368558884,0.1652848720550537,0.2145742028951645,0.5072044134140015,-0.4982403516769409,-0.06855574250221252,0.48221492767333984,0.4376254081726074
3.5745420455932617,0.5061153173446655,0.6161140203475952,-0.04692184552550316,0.036598511040210724,-0.023514972999691963,-0.9979508519172668,-0.37361761927604675,0.012364751659333706,-0.17966090142726898,0.966637134552002,-0.1781967282295227,-0.5339089035987854,-0.6325669288635254,-0.40193453431129456,-0.06980084627866745,1.1118534803390503,0.13426952064037323,-0.4289645552635193,-0.2257416844367981,-0.1200697049498558,0.1590465009212494,0.211185485124588,0.5158886313438416,-0.49533307552337646,-0.06464020907878876,0.47408175468444824,0.4374546408653259
3.573925256729126,0.5058123469352722,0.6166626214981079,-0.046534955501556396,0.03620116040110588,-0.02449648268520832,-0.9979597926139832,-0.3750554621219635,0.012996689416468143,-0.18171463906764984,0.9634289145469666,-0.17788425087928772,-0.5303502082824707,-0.6306777596473694,-0.4018023908138275,-0.07478723675012589,1.1078360080718994,0.13265809416770935,-0.42647841572761536,-0.2192593216896057,-0.12662287056446075,0.15271276235580444,0.208919495344162,0.5233880281448364,-0.4925282597541809,-0.06041136011481285,0.46756282448768616,0.4376118779182434
3.5733301639556885,0.5056503415107727,0.6173059344291687,-0.04625136777758598,0.035811156034469604,-0.0253961980342865,-0.9979645609855652,-0.37602123618125916,0.013442190364003181,-0.18285346031188965,0.9595611691474915,-0.17675359547138214,-0.5264842510223389,-0.6286049485206604,-0.40188977122306824,-0.07939010113477707,1.1031584739685059,0.1313631534576416,-0.42355796694755554,-0.21247096359729767,-0.13262419402599335,0.14674730598926544,0.2074352651834488,0.5297746658325195,-0.4900357723236084,-0.0561390221118927,0.46298947930336,0.43811020255088806
3.5727665424346924,0.5056294202804565,0.6180136203765869,-0.046033553779125214,0.03544250503182411,-0.02622830867767334,-0.9979662895202637,-0.3766321837902069,0.013764549046754837,-0.1831323355436325,0.9553530216217041,-0.1746705174446106,-0.5225182175636292,-0.6263334155082703,-0.4021593928337097,-0.0836576297879219,1.097981572151184,0.13038937747478485,-0.4203154742717743,-0.20547278225421906,-0.13797105848789215,0.14158427715301514,0.2062825709581375,0.5350874662399292,-0.48803091049194336,-0.051919449120759964,0.46019047498703003,0.4388814866542816
3.572240114212036,0.5057413578033447,0.618753969669342,-0.045842137187719345,0.0351000651717186,-0.027039235457777977,-0.9979655146598816,-0.3771064579486847,0.013990930281579494,-0.18275083601474762,0.9511896967887878,-0.17159387469291687,-0.5185559391975403,-0.6238434910774231,-0.40259891748428345,-0.08772297948598862,1.0924632549285889,0.1297067105770111,-0.41686224937438965,-0.19841058552265167,-0.14255055785179138,0.13753753900527954,0.20507961511611938,0.5391666293144226,-0.48660367727279663,-0.04775116592645645,0.4586469829082489,0.4398308992385864
3.571744680404663,0.5059709548950195,0.6194882988929749,-0.0456506721675396,0.03476712852716446,-0.027906864881515503,-0.9979621171951294,-0.3776714503765106,0.014076290652155876,-0.18204817175865173,0.9473483562469482,-0.16766811907291412,-0.5147702097892761,-0.6212304830551147,-0.4032447040081024,-0.09170041233301163,1.086854100227356,0.12929102778434753,-0.41334033012390137,-0.1915036141872406,-0.14636161923408508,0.1347348839044571,0.2036416232585907,0.5417053699493408,-0.48575788736343384,-0.043626610189676285,0.45801842212677,0.4408279061317444
3.571274757385254,0.5063022971153259,0.6201774477958679,-0.04544254392385483,0.0344158373773098,-0.028888555243611336,-0.997955858707428,-0.3785465657711029,0.01394271943718195,-0.1814107447862625,0.9440687894821167,-0.16326282918453217,-0.5112661719322205,-0.6186530590057373,-0.40410786867141724,-0.09560862183570862,1.0814117193222046,0.129159078001976,-0.40991199016571045,-0.18495580554008484,-0.14949564635753632,0.1330440491437912,0.20208844542503357,0.5421668887138367,-0.4853876829147339,-0.03951866924762726,0.458427757024765,0.4417423605918884
3.5708212852478027,0.5067217350006104,0.6207873821258545,-0.04520696401596069,0.03401772677898407,-0.03000880591571331,-0.9979471564292908,-0.37989935278892517,0.01351291686296463,-0.1811947077512741,0.941493809223175,-0.15889407694339752,-0.508102536201477,-0.6163177490234375,-0.40517857670783997,-0.09940357506275177,1.0763574838638306,0.12929503619670868,-0.40666747093200684,-0.17890997231006622,-0.15218901634216309,0.13222339749336243,0.20060405135154724,0.5402419567108154,-0.4853064715862274,-0.03533820062875748,0.4601699411869049,0.4425687789916992
3.5703742504119873,0.5072198510169983,0.6212885975837708,-0.044946275651454926,0.033544328063726425,-0.03126450255513191,-0.997936487197876,-0.3818373680114746,0.012707780115306377,-0.18166615068912506,0.9397038817405701,-0.15507560968399048,-0.5053286552429199,-0.6144635081291199,-0.4064485728740692,-0.10297153145074844,1.0719069242477417,0.12968388199806213,-0.4037040174007416,-0.17345206439495087,-0.15480104088783264,0.13209505379199982,0.19926601648330688,0.5361214876174927,-0.48532116413116455,-0.0309460386633873,0.4633413255214691,0.4434662461280823
3.5699334144592285,0.507793128490448,0.6216631531715393,-0.04467761889100075,0.033013373613357544,-0.032633375376462936,-0.9979223012924194,-0.3842904269695282,0.011470053344964981,-0.18291045725345612,0.9387046694755554,-0.15215036273002625,-0.5029862523078918,-0.613182008266449,-0.4079386591911316,-0.10618684440851212,1.0682141780853271,0.1303037852048874,-0.40107035636901855,-0.1686665266752243,-0.15757621824741364,0.13252781331539154,0.19818538427352905,0.5302159190177917,-0.48522067070007324,-0.03,0.46778321266174316,0.4445437490940094
3.5695104598999023,0.5084441900253296,0.6218991279602051,-0.044434115290641785,0.032481979578733444,-0.03408614918589592,-0.9979020953178406,-0.3870573937892914,0.009750773198902607,-0.18485835194587708,0.9384783506393433,-0.15025654435157776,-0.501124382019043,-0.6124480366706848,-0.409708172082901,-0.1088976040482521,1.0654195547103882,0.1312025487422943,-0.39887985587120056,-0.1646696776151657,-0.16055357456207275,0.1334129124879837,0.19757676124572754,0.5229429602622986,-0.4848850667476654,-0.03,0.47320982813835144,0.44575610756874084
3.5691144466400146,0.5091731548309326,0.6219848990440369,-0.04425235092639923,0.032002080231904984,-0.035578347742557526,-0.9978735446929932,-0.38996055722236633,0.007523248437792063,-0.18736548721790314,0.9390315413475037,-0.14941395819187164,-0.49979785084724426,-0.6122764348983765,-0.4118017852306366,-0.11092128604650497,1.0636500120162964,0.13238900899887085,-0.3971768915653229,-0.16152095794677734,-0.16362568736076355,0.13473060727119446,0.19760799407958984,0.5148345828056335,-0.4843984544277191,-0.03,0.4792434275150299,0.446975976228714
3.5687503814697266,0.5099710822105408,0.6219169497489929,-0.044159259647130966,0.03161069378256798,-0.03703952580690384,-0.9978370070457458,-0.3928307294845581,0.004822269082069397,-0.19023939967155457,0.9403266310691833,-0.14962492883205414,-0.49904119968414307,-0.612694263458252,-0.41418957710266113,-0.11206582933664322,1.0629748106002808,0.13388925790786743,-0.3960123658180237,-0.159160777926445,-0.16659124195575714,0.13657830655574799,0.1983199417591095,0.5066632032394409,-0.48402300477027893,-0.03,0.4854834973812103,0.4481298327445984
3.5684211254119873,0.5108186602592468,0.6217029094696045,-0.04416999965906143,0.031340960413217545,-0.03839705139398575,-0.9977937340736389,-0.3954964280128479,0.001731349271722138,-0.1932954341173172,0.9422536492347717,-0.15088045597076416,-0.4988425076007843,-0.6136794090270996,-0.41679930686950684,-0.11223381757736206,1.063362956047058,0.13565067946910858,-0.3953467607498169,-0.15745632350444794,-0.16919584572315216,0.13908326625823975,0.1996428668498993,0.4993084669113159,-0.4840919077396393,-0.03,0.4915546476840973,0.44928979873657227
3.568124532699585,0.5116909146308899,0.6213622093200684,-0.04429129511117935,0.03120928630232811,-0.03959374502301216,-0.99774569272995,-0.39781343936920166,-0.001647116499952972,-0.1963769644498825,0.9446434378623962,-0.15314246714115143,-0.4991379976272583,-0.6151822805404663,-0.41953954100608826,-0.11139778792858124,1.0647194385528564,0.13761264085769653,-0.3951420187950134,-0.1562374383211136,-0.1712220162153244,0.14231358468532562,0.20138001441955566,0.49354255199432373,-0.48489874601364136,-0.03,0.49714788794517517,0.4505370855331421
3.5678460597991943,0.5125600695610046,0.6209206581115723,-0.044524818658828735,0.03119148313999176,-0.0405881404876709,-0.9976959228515625,-0.39975637197494507,-0.0052178408950567245,-0.19937805831432343,0.9472863674163818,-0.15636445581912994,-0.4998014569282532,-0.61723393201828,-0.42231103777885437,-0.10958302766084671,1.0668880939483643,0.13968034088611603,-0.39529111981391907,-0.15529344975948334,-0.17256170511245728,0.14619749784469604,0.20325967669487,0.48978424072265625,-0.48663631081581116,-0.03,0.5020288228988647,0.45187297463417053
3.56756854057312,0.5133895874023438,0.6204142570495605,-0.04486681520938873,0.031238814815878868,-0.04133515805006027,-0.9976483583450317,-0.4015038311481476,-0.008785734884440899,-0.20194709300994873,0.9501772522926331,-0.15982092916965485,-0.5006006360054016,-0.6198832988739014,-0.4249744713306427,-0.10684914141893387,1.0696442127227783,0.14172115921974182,-0.39565205574035645,-0.1543620079755783,-0.17324095964431763,0.15054334700107574,0.20501144230365753,0.4881712794303894,-0.48932307958602905,-0.03,0.5060398578643799,0.45326104760169983
3.567291736602783,0.5140953660011292,0.6198973059654236,-0.04530734941363335,0.03133685141801834,-0.04185641556978226,-0.9976037740707397,-0.4036993980407715,-0.011534728109836578,-0.20207460224628448,0.9541232585906982,-0.15848912298679352,-0.5019051432609558,-0.6228822469711304,-0.42741188406944275,-0.10359147936105728,1.0727121829986572,0.14354193210601807,-0.39617031812667847,-0.15332776308059692,-0.1733761578798294,0.1551343947649002,0.206464022397995,0.48876795172691345,-0.4927259385585785,-0.03,0.5091745853424072,0.4547171890735626
3.5669918060302734,0.5146257281303406,0.6194063425064087,-0.045842137187719345,0.0314507856965065,-0.042406853288412094,-0.9975523948669434,-0.4057428240776062,-0.014159717597067356,-0.20216767489910126,0.9576302766799927,-0.15706226229667664,-0.5028404593467712,-0.625900149345398,-0.42983582615852356,-0.10051308572292328,1.075900912284851,0.14505937695503235,-0.3968477249145508,-0.1524440497159958,-0.17340946197509766,0.15959049761295319,0.2072579562664032,0.49153682589530945,-0.49641919136047363,-0.03,0.5117926597595215,0.45551228523254395
3.5666656494140625,0.5149502158164978,0.618969738483429,-0.046446915715932846,0.03159471973776817,-0.04285252094268799,-0.9975008368492126,-0.4072069227695465,-0.016595838591456413,-0.20254915952682495,0.9601178765296936,-0.15686354041099548,-0.5033765435218811,-0.6288771033287048,-0.43200385570526123,-0.09759031236171722,1.0790199041366577,0.14614875614643097,-0.39756831526756287,-0.1512758731842041,-0.17356052994728088,0.16341473162174225,0.20755189657211304,0.49581044912338257,-0.4999617338180542,-0.03,0.5139979720115662,0.45623326301574707
3.566310405731201,0.5150085091590881,0.6186235547065735,-0.047084297984838486,0.031756773591041565,-0.04306657984852791,-0.9974566102027893,-0.40828898549079895,-0.018317295238375664,-0.20233020186424255,0.9618123173713684,-0.1562986969947815,-0.5034355521202087,-0.6317693591117859,-0.4336160719394684,-0.09492617100477219,1.0818625688552856,0.14653238654136658,-0.398220032453537,-0.14942751824855804,-0.17434628307819366,0.16643816232681274,0.20748083293437958,0.5016801357269287,-0.5028465986251831,-0.03,0.5158231258392334,0.45728799700737
3.565908193588257,0.5147883296012878,0.6183708906173706,-0.047750234603881836,0.03187117725610733,-0.042955923825502396,-0.9974260926246643,-0.40884605050086975,-0.019442442804574966,-0.20204588770866394,0.9622649550437927,-0.15687187016010284,-0.5029807686805725,-0.6348820924758911,-0.43450605869293213,-0.09231079369783401,1.084405779838562,0.14617139101028442,-0.398709774017334,-0.14667727053165436,-0.1760975867509842,0.16844165325164795,0.20744739472866058,0.5084567666053772,-0.5047858953475952,-0.03,0.5166807770729065,0.45885905623435974
3.5654735565185547,0.5142920017242432,0.6182515025138855,-0.04852649196982384,0.03203677758574486,-0.04264978691935539,-0.9973964691162109,-0.4086402356624603,-0.020025424659252167,-0.2012440413236618,0.9613379240036011,-0.15748059749603271,-0.501788854598999,-0.637722909450531,-0.4350224733352661,-0.09003988653421402,1.086493968963623,0.14511388540267944,-0.39906299114227295,-0.14341115951538086,-0.17926353216171265,0.16944335401058197,0.20769540965557098,0.5164114832878113,-0.5052304267883301,-0.03,0.5160647630691528,0.46099966764450073
3.5649993419647217,0.5135229229927063,0.6182698011398315,-0.049441248178482056,0.03224563971161842,-0.04227492958307266,-0.9973607659339905,-0.4076271057128906,-0.020300759002566338,-0.2003217190504074,0.9588122963905334,-0.1585845649242401,-0.4997435510158539,-0.6402091979980469,-0.43537068367004395,-0.08827800303697586,1.088133692741394,0.1434297114610672,-0.39932185411453247,-0.14000935852527618,-0.18398067355155945,0.16942797601222992,0.20848163962364197,0.5246160626411438,-0.5040996670722961,-0.03,0.5139268636703491,0.4640631079673767
3.5644702911376953,0.5124773383140564,0.6184062361717224,-0.05047859996557236,0.03244310989975929,-0.04183419048786163,-0.9973208904266357,-0.4060824513435364,-0.0202481672167778,-0.1992911845445633,0.954894483089447,-0.16003398597240448,-0.49687156081199646,-0.6425784230232239,-0.4355108141899109,-0.08697923272848129,1.0894253253936768,0.1410665065050125,-0.39948660135269165,-0.13650652766227722,-0.1902959793806076,0.1685795783996582,0.20983824133872986,0.532174825668335,-0.5012912154197693,-0.03,0.5107235908508301,0.4678489565849304
3.5638880729675293,0.5111546516418457,0.6186367869377136,-0.05162814259529114,0.032650310546159744,-0.041324906051158905,-0.9972766041755676,-0.4040403962135315,-0.019854087382555008,-0.1981756091117859,0.9497601985931396,-0.161829873919487,-0.49328237771987915,-0.644859790802002,-0.43544623255729675,-0.08613214641809464,1.0905176401138306,0.13796409964561462,-0.3996407687664032,-0.132934108376503,-0.19795899093151093,0.16714611649513245,0.2117813527584076,0.5386597514152527,-0.496797651052475,-0.03,0.5070523023605347,0.4723198115825653
3.5632572174072266,0.5095646977424622,0.6189128756523132,-0.0529024675488472,0.03288847208023071,-0.04070553183555603,-0.9972274303436279,-0.40153762698173523,-0.019168393686413765,-0.19698652625083923,0.9436915516853333,-0.16412775218486786,-0.489172101020813,-0.6472568511962891,-0.4351564347743988,-0.08541329950094223,1.0917092561721802,0.13426826894283295,-0.3999168574810028,-0.12926727533340454,-0.20653122663497925,0.16541504859924316,0.21421879529953003,0.5440208911895752,-0.4908795952796936,-0.03,0.5033066868782043,0.47747668623924255
3.5625877380371094,0.5077304244041443,0.6191790103912354,-0.05432265251874924,0.03318022936582565,-0.039945088326931,-0.9971721172332764,-0.3986828625202179,-0.018251916393637657,-0.1956038624048233,0.9371108412742615,-0.16674746572971344,-0.4847903847694397,-0.649994969367981,-0.4346725642681122,-0.0844607725739479,1.0933369398117065,0.1301620602607727,-0.40046975016593933,-0.12559790909290314,-0.2154335379600525,0.1637578308582306,0.21686533093452454,0.5484199523925781,-0.483984112739563,-0.03162258118391037,0.4996509253978729,0.48289060592651367
3.561898708343506,0.5056970119476318,0.6193928718566895,-0.05589880794286728,0.03356963023543358,-0.03903258591890335,-0.9971081614494324,-0.39544805884361267,-0.017206823453307152,-0.19400039315223694,0.9303210973739624,-0.16970963776111603,-0.48036623001098633,-0.6531192660331726,-0.43407025933265686,-0.08303732424974442,1.0956259965896606,0.12582160532474518,-0.4014158546924591,-0.12210636585950851,-0.22413289546966553,0.1625165492296219,0.21929578483104706,0.5522433519363403,-0.4766184985637665,-0.034739311784505844,0.49606919288635254,0.48797622323036194
3.561215877532959,0.5035204887390137,0.6195376515388489,-0.05761820822954178,0.03410762920975685,-0.03799302875995636,-0.9970321655273438,-0.3918249011039734,-0.016076354309916496,-0.1920405924320221,0.9236161708831787,-0.17259584367275238,-0.4760901629924774,-0.6564769148826599,-0.4334747791290283,-0.08118147403001785,1.0986348390579224,0.12125246971845627,-0.40280330181121826,-0.11902321875095367,-0.23228563368320465,0.16192986071109772,0.22099724411964417,0.5559847950935364,-0.46924880146980286,-0.03764060139656067,0.49234187602996826,0.49214664101600647
3.5605452060699463,0.5012139678001404,0.6196283102035522,-0.059406936168670654,0.03480321913957596,-0.036953896284103394,-0.9969422221183777,-0.3881090581417084,-0.014689888805150986,-0.18947485089302063,0.9174467921257019,-0.17386487126350403,-0.4721844494342804,-0.6596817374229431,-0.4329640567302704,-0.07946158200502396,1.1022038459777832,0.11629940569400787,-0.40463823080062866,-0.11664749681949615,-0.23972615599632263,0.16213396191596985,0.22130590677261353,0.5596226453781128,-0.4622674286365509,-0.04038636386394501,0.48854148387908936,0.4945155382156372
3.5598814487457275,0.49874892830848694,0.6196682453155518,-0.06116914004087448,0.03559067100286484,-0.03602223843336105,-0.9968420267105103,-0.38491371273994446,-0.0127937076613307,-0.1861761212348938,0.912388026714325,-0.17226433753967285,-0.4685537815093994,-0.6625667214393616,-0.43241873383522034,-0.07832014560699463,1.1061762571334839,0.11102579534053802,-0.4068959653377533,-0.11502932012081146,-0.24637004733085632,0.16301390528678894,0.219698965549469,0.5623089075088501,-0.45605897903442383,-0.043068092316389084,0.4852917790412903,0.4943273961544037
3.5592281818389893,0.49609997868537903,0.6196438074111938,-0.06283111870288849,0.036422837525606155,-0.0352402925491333,-0.996736466884613,-0.3826000690460205,-0.010242042131721973,-0.1822933703660965,0.9088374972343445,-0.16746512055397034,-0.46533310413360596,-0.6650682687759399,-0.43166911602020264,-0.07792291045188904,1.1105036735534668,0.10564963519573212,-0.40959879755973816,-0.11400636285543442,-0.25209978222846985,0.16424345970153809,0.21587078273296356,0.5633524656295776,-0.45104554295539856,-0.045406125485897064,0.4835377633571625,0.4922035038471222
3.5586042404174805,0.4932788610458374,0.6195688843727112,-0.06437787413597107,0.037309564650058746,-0.034554753452539444,-0.9966289401054382,-0.3808291554450989,-0.007055529858916998,-0.178058460354805,0.9063657522201538,-0.16041681170463562,-0.46252885460853577,-0.6671266555786133,-0.43070584535598755,-0.07837226241827011,1.1151450872421265,0.09984389692544937,-0.412776380777359,-0.11327986419200897,-0.2566080689430237,0.1654025912284851,0.20970316231250763,0.5627420544624329,-0.4477003216743469,-0.04659300670027733,0.48359444737434387,0.4901764392852783
3.5580365657806396,0.4903121590614319,0.6194798350334167,-0.06588602066040039,0.038301389664411545,-0.033726345747709274,-0.9965212345123291,-0.3788907527923584,-0.0032404563389718533,-0.17305901646614075,0.9042792916297913,-0.15185678005218506,-0.4600284993648529,-0.6687621474266052,-0.42941775918006897,-0.07916305214166641,1.1198880672454834,0.09365172684192657,-0.4162125885486603,-0.11224795877933502,-0.25984135270118713,0.16623078286647797,0.20135067403316498,0.5616059899330139,-0.4459981918334961,-0.04613726958632469,0.4846859276294708,0.48929426074028015
3.5575506687164307,0.48723357915878296,0.6194024085998535,-0.06745743751525879,0.039476651698350906,-0.03264840319752693,-0.996406078338623,-0.37615343928337097,0.0010565688135102391,-0.16691619157791138,0.9020348191261292,-0.14221042394638062,-0.4577300250530243,-0.6698933243751526,-0.4279273748397827,-0.07992430031299591,1.124648094177246,0.08718296140432358,-0.41985583305358887,-0.11071204394102097,-0.26230472326278687,0.16671955585479736,0.19118063151836395,0.5612294673919678,-0.44517695903778076,-0.04467619210481644,0.48654794692993164,0.488259494304657
3.5571508407592773,0.4840821325778961,0.6193351149559021,-0.06912149488925934,0.0408271923661232,-0.03148960694670677,-0.9962748885154724,-0.37258464097976685,0.005435194354504347,-0.16028830409049988,0.8994571566581726,-0.1320081204175949,-0.45550796389579773,-0.6704257130622864,-0.42649805545806885,-0.08068474382162094,1.1294301748275757,0.08083026856184006,-0.4238128960132599,-0.10917322337627411,-0.26454296708106995,0.1667763590812683,0.17997469007968903,0.5613946914672852,-0.4446204900741577,-0.04319467023015022,0.489804208278656,0.4860273599624634
3.556809186935425,0.4808979630470276,0.6192607879638672,-0.07080111652612686,0.04222240671515465,-0.03038305789232254,-0.9961331486701965,-0.3685929775238037,0.009737412445247173,-0.15392164885997772,0.8965109586715698,-0.12243083864450455,-0.4532615542411804,-0.670608639717102,-0.4251670837402344,-0.08165508508682251,1.1342511177062988,0.07458658516407013,-0.42796462774276733,-0.10806955397129059,-0.2666526138782501,0.1662781983613968,0.16870668530464172,0.561237633228302,-0.44442376494407654,-0.042024288326501846,0.4944007694721222,0.4839978516101837
3.5565013885498047,0.4777180552482605,0.6191585063934326,-0.07240834087133408,0.043478261679410934,-0.029220839962363243,-0.9959983229637146,-0.36478856205940247,0.014116957783699036,-0.14777237176895142,0.8935421109199524,-0.11363633722066879,-0.45111632347106934,-0.6710290908813477,-0.42365261912345886,-0.08272454887628555,1.1390507221221924,0.06816507130861282,-0.43209347128868103,-0.10731110721826553,-0.2682569622993469,0.16522884368896484,0.15863606333732605,0.560055136680603,-0.444886714220047,-0.04104817658662796,0.4990207254886627,0.48340755701065063
3.5562257766723633,0.4745789170265198,0.6189945936203003,-0.07393170893192291,0.04452625289559364,-0.02798919938504696,-0.9958754777908325,-0.3616257905960083,0.01853899285197258,-0.14179731905460358,0.8911320567131042,-0.1047864630818367,-0.4493201971054077,-0.6719739437103271,-0.4219714403152466,-0.08380554616451263,1.1439133882522583,0.06138284131884575,-0.43623778223991394,-0.10692092031240463,-0.2690221667289734,0.16372990608215332,0.1507483422756195,0.5575417876243591,-0.44565391540527344,-0.04071890190243721,0.5025781989097595,0.4826364815235138
3.556001901626587,0.47150570154190063,0.6187369227409363,-0.0753493458032608,0.04544730484485626,-0.02685294859111309,-0.9957588315010071,-0.35906195640563965,0.022868597880005836,-0.13643307983875275,0.8894643187522888,-0.09649202227592468,-0.4479711949825287,-0.673243522644043,-0.4202568233013153,-0.0848064050078392,1.1491955518722534,0.05500984564423561,-0.4406229853630066,-0.10728561133146286,-0.2687424421310425,0.1617744266986847,0.1454339474439621,0.5536471009254456,-0.4460557997226715,-0.04158646985888481,0.5052027702331543,0.4799172878265381
3.5558536052703857,0.4685141146183014,0.61839359998703,-0.07658854871988297,0.04634977877140045,-0.025769898667931557,-0.995651364326477,-0.3567221462726593,0.027230922132730484,-0.1318599134683609,0.8884237408638,-0.08950135856866837,-0.44713854789733887,-0.6743854880332947,-0.4183579981327057,-0.08584827184677124,1.1547808647155762,0.04925144836306572,-0.4452558755874634,-0.10849986970424652,-0.2671017348766327,0.15935391187667847,0.14296196401119232,0.5487282872200012,-0.44614076614379883,-0.04309352859854698,0.5072396993637085,0.4769238829612732
3.555776834487915,0.4656056761741638,0.6180023550987244,-0.07756945490837097,0.04723634570837021,-0.02457890473306179,-0.995563805103302,-0.35443785786628723,0.031913287937641144,-0.12787649035453796,0.8878518342971802,-0.08384259790182114,-0.4468064308166504,-0.675110399723053,-0.41600069403648376,-0.0872710570693016,1.1601777076721191,0.04350920766592026,-0.44995927810668945,-0.11051257699728012,-0.26380789279937744,0.15700334310531616,0.14345040917396545,0.5433235168457031,-0.44671177864074707,-0.04414070397615433,0.5087475180625916,0.4762309789657593
3.555776834487915,0.4656056761741638,0.6180023550987244,0.0,0.0,0.0,1.0,-0.35443785786628723,0.031913287937641144,-0.12787649035453796,0.8878518342971802,-0.08384259790182114,-0.4468064308166504,-0.675110399723053,-0.41600069403648376,-0.0872710570693016,1.1601777076721191,0.04350920766592026,-0.44995927810668945,-0.11051257699728012,-0.26380789279937744,0.15700334310531616,0.14345040917396545,0.5433235168457031,-0.44671177864074707,-0.04414070397615433,0.5087475180625916,0.4762309789657593
3.555776834487915,0.4656056761741638,0.6180023550987244,0.0,0.0,0.0,1.0,-0.35210910070896145,0.03127502217888832,-0.1263689605474472,0.8804347976112366,-0.08216574594378472,-0.44329030220031734,-0.6663681917285919,-0.4076806801557541,-0.08657563592791556,1.1473141535186768,0.042639023512601855,-0.44638009254455563,-0.10830232545733452,-0.2585317349433899,0.15386327624320983,0.14058140099048613,0.5324570465087891,-0.43777754306793215,-0.04325788989663124,0.49857256770133973,0.4667063593864441
3.555776834487915,0.4656056761741638,0.6180023550987244,0.0,0.0,0.0,1.0,-0.34978034355163573,0.030636756420135497,-0.12486143074035645,0.873017760925293,-0.0804888939857483,-0.4397741735839844,-0.6576259837341308,-0.3993606662750244,-0.08588021478652955,1.1344505993652345,0.041768839359283445,-0.4428009069824219,-0.10609207391738891,-0.2532555770874023,0.1507232093811035,0.13771239280700684,0.521590576171875,-0.4288433074951172,-0.04237507581710816,0.4883976173400879,0.4571817398071289
3.555776834487915,0.4656056761741638,0.6180023550987244,0.0,0.0,0.0,1.0,-0.34745158639431,0.029998490661382674,-0.12335390093326569,0.8656007242393494,-0.07881204202771187,-0.43625804496765136,-0.6488837757396697,-0.39104065239429475,-0.0851847936451435,1.121587045211792,0.04089865520596504,-0.4392217214202881,-0.10388182237744331,-0.24797941923141478,0.14758314251899718,0.13484338462352752,0.510724105834961,-0.41990907192230226,-0.041492261737585065,0.4782226669788361,0.44765712022781373
3.555776834487915,0.4656056761741638,0.6180023550987244,0.0,0.0,0.0,1.0,-0.34512282923698423,0.029360224902629854,-0.12184637112617493,0.8581836875534057,-0.07713519006967545,-0.4327419163513183,-0.6401415677452087,-0.3827206385135651,-0.08448937250375747,1.1087234910583497,0.04002847105264664,-0.43564253585815427,-0.10167157083749771,-0.24270326137542725,0.14444307565689088,0.13197437644004822,0.49985763549804685,-0.4109748363494873,-0.04060944765806198,0.4680477166175842,0.4381325006484985
3.555776834487915,0.4656056761741638,0.6180023550987244,0.0,0.0,0.0,1.0,-0.3427940720796585,0.02872195914387703,-0.12033884131908418,0.8507666508674622,-0.07545833811163902,-0.4292257877349854,-0.6313993597507477,-0.3744006246328354,-0.08379395136237144,1.0958599369049074,0.03915828689932823,-0.4320633502960205,-0.09946131929755211,-0.2374271035194397,0.14130300879478455,0.1291053682565689,0.48899116516113283,-0.40204060077667236,-0.039726633578538895,0.4578727662563324,0.42860788106918335
3.555776834487915,0.4656056761741638,0.6180023550987244,0.0,0.0,0.0,1.0,-0.34046531492233273,0.028083693385124207,-0.11883131151199341,0.8433496141815185,-0.0737814861536026,-0.42570965911865233,-0.6226571517562867,-0.36608061075210574,-0.08309853022098541,1.082996382751465,0.03828810274600983,-0.42848416473388673,-0.0972510677576065,-0.23215094566345215,0.13816294193267822,0.1262363600730896,0.47812469482421877,-0.39310636520385744,-0.03884381949901581,0.44769781589508056,0.4190832614898682
3.555776834487915,0.4656056761741638,0.6180023550987244,0.0,0.0,0.0,1.0,-0.33813655776500706,0.027445427626371383,-0.11732378170490264,0.8359325774955749,-0.07210463419556618,-0.42219353050231934,-0.6139149437618255,-0.357760596871376,-0.08240310907959937,1.0701328285980225,0.03741791859269142,-0.42490497917175296,-0.0950408162176609,-0.2268747878074646,0.1350228750705719,0.12336735188961029,0.4672582244873047,-0.38417212963104247,-0.037961005419492724,0.43752286553382874,0.40955864191055297
3.555776834487915,0.4656056761741638,0.6180023550987244,0.0,0.0,0.0,1.0,-0.3358078006076813,0.02680716186761856,-0.11581625189781189,0.8285155408096314,-0.07042778223752975,-0.41867740188598634,-0.6051727357673645,-0.34944058299064634,-0.08170768793821336,1.05726927444458,0.036547734439373016,-0.42132579360961914,-0.0928305646777153,-0.22159862995147706,0.13188280820846557,0.12049834370613098,0.4563917541503906,-0.37523789405822755,-0.03707819133996963,0.4273479151725769,0.4000340223312378
3.555776834487915,0.4656056761741638,0.6180023550987244,0.0,0.0,0.0,1.0,-0.3334790434503555,0.026168896108865736,-0.11430872209072113,0.8210985041236878,-0.06875093027949333,-0.4151612732696533,-0.5964305277729034,-0.34112056910991667,-0.08101226679682731,1.0444057202911377,0.03567755028605461,-0.41774660804748537,-0.09062031313776969,-0.2163224720954895,0.12874274134635924,0.11762933552265167,0.44552528381347656,-0.3663036584854126,-0.03619537726044655,0.4171729648113251,0.3905094027519226
3.555776834487915,0.4656056761741638,0.6180023550987244,0.0,0.0,0.0,1.0,-0.3311502862930298,0.025530630350112916,-0.11280119228363036,0.8136814674377442,-0.06707407832145691,-0.41164514465332036,-0.5876883197784424,-0.332800555229187,-0.08031684565544128,1.0315421661376953,0.0348073661327362,-0.41416742248535154,-0.0884100615978241,-0.21104631423950196,0.12560267448425294,0.11476032733917237,0.4346588134765625,-0.35736942291259766,-0.03531256318092346,0.4069980144500732,0.3809847831726074
3.555776834487915,0.4656056761741638,0.6180023550987244,0.0,0.0,0.0,1.0,-0.32882152913570406,0.024892364591360093,-0.11129366247653961,0.8062644307518005,-0.06539722636342049,-0.4081290160369873,-0.5789461117839813,-0.32448054134845733,-0.07962142451405525,1.018678611984253,0.0339371819794178,-0.4105882369232178,-0.0861998100578785,-0.2057701563835144,0.12246260762214661,0.11189131915569306,0.4237923431396484,-0.34843518733978274,-0.03442974910140038,0.3968230640888214,0.37146016359329226
3.555776834487915,0.4656056761741638,0.6180023550987244,0.0,0.0,0.0,1.0,-0.3264927719783783,0.02425409883260727,-0.10978613266944885,0.7988473940658569,-0.06372037440538407,-0.40461288742065427,-0.5702039037895202,-0.31616052746772766,-0.07892600337266922,1.0058150578308105,0.0330669978260994,-0.40700905136108395,-0.0839895585179329,-0.20049399852752686,0.11932254076004029,0.10902231097221375,0.41292587280273435,-0.33950095176696776,-0.03354693502187729,0.3866481137275696,0.36193554401397704
3.555776834487915,0.4656056761741638,0.6180023550987244,0.0,0.0,0.0,1.0,-0.32416401482105256,0.023615833073854446,-0.10827860286235809,0.7914303573799133,-0.06204352244734764,-0.40109675880432133,-0.5614616957950592,-0.307840513586998,-0.07823058223128318,0.9929515036773682,0.03219681367278099,-0.40342986579895024,-0.08177930697798728,-0.1952178406715393,0.11618247389793396,0.10615330278873443,0.40205940246582034,-0.33056671619415284,-0.0326641209423542,0.37647316336631775,0.3524109244346619
3.555776834487915,0.4656056761741638,0.6180023550987244,0.0,0.0,0.0,1.0,-0.3218352576637268,0.022977567315101623,-0.10677107305526734,0.7840133206939697,-0.06036667048931122,-0.3975806301879883,-0.5527194878005981,-0.2995204997062683,-0.07753516108989716,0.9800879495239257,0.031326629519462586,-0.3998506802368164,-0.07956905543804169,-0.18994168281555177,0.11304240703582763,0.10328429460525512,0.39119293212890627,-0.32163248062133787,-0.031781306862831114,0.36629821300506593,0.34288630485534666
3.555776834487915,0.4656056761741638,0.6180023550987244,0.0,0.0,0.0,1.0,-0.31950650050640106,0.0223393015563488,-0.10526354324817658,0.7765962840080262,-0.05868981853127479,-0.3940645015716553,-0.5439772798061371,-0.29120048582553865,-0.07683973994851112,0.9672243953704834,0.03045644536614418,-0.3962714946746826,-0.07735880389809609,-0.1846655249595642,0.10990234017372132,0.10041528642177582,0.3803264617919922,-0.31269824504852295,-0.03089849278330803,0.3561232626438141,0.3333616852760315
3.555776834487915,0.4656056761741638,0.6180023550987244,0.0,0.0,0.0,1.0,-0.31717774334907534,0.02170103579759598,-0.10375601344108581,0.7691792473220825,-0.05701296657323837,-0.3905483729553223,-0.535235071811676,-0.282880471944809,-0.07614431880712509,0.954360841217041,0.029586261212825773,-0.3926923091125488,-0.07514855235815049,-0.17938936710357667,0.10676227331161499,0.09754627823829651,0.36945999145507813,-0.30376400947570803,-0.030015678703784944,0.34594831228256223,0.32383706569671633
3.555776834487915,0.4656056761741638,0.6180023550987244,0.0,0.0,0.0,1.0,-0.31484898619174956,0.021062770038843156,-0.10224848363399505,0.7617622106361388,-0.05533611461520195,-0.38703224433898925,-0.5264928638172149,-0.2745604580640793,-0.07544889766573906,0.9414972870635987,0.02871607705950737,-0.38911312355041505,-0.07293830081820488,-0.1741132092475891,0.10362220644950866,0.0946772700548172,0.35859352111816406,-0.29482977390289306,-0.029132864624261855,0.3357733619213104,0.3143124461174011
3.555776834487915,0.4656056761741638,0.6180023550987244,0.0,0.0,0.0,1.0,-0.31252022903442384,0.020424504280090332,-0.1007409538269043,0.7543451739501954,-0.05365926265716553,-0.3835161157226562,-0.5177506558227539,-0.26624044418334963,-0.07475347652435302,0.9286337329101562,0.027845892906188965,-0.3855339379882813,-0.07072804927825928,-0.16883705139160157,0.10048213958740235,0.09180826187133789,0.34772705078125,-0.28589553833007814,-0.02825005054473877,0.3255984115600586,0.30478782653808595
3.555776834487915,0.4656056761741638,0.6180023550987244,0.0,0.0,0.0,1.0,-0.3101914718770981,0.01978623852133751,-0.09923342401981353,0.7469281372642517,-0.0519824106991291,-0.37999998710632327,-0.5090084478282928,-0.2579204303026199,-0.07405805538296699,0.9157701787567138,0.02697570875287056,-0.38195475242614746,-0.06851779773831368,-0.163560893535614,0.09734207272529602,0.08893925368785859,0.3368605804443359,-0.27696130275726316,-0.02736723646521568,0.31542346119880676,0.29526320695877073
3.555776834487915,0.4656056761741638,0.6180023550987244,0.0,0.0,0.0,1.0,-0.30786271471977233,0.019147972762584686,-0.09772589421272278,0.739511100578308,-0.05030555874109268,-0.3764838584899902,-0.5002662398338318,-0.24960041642189026,-0.07336263424158096,0.9029066246032714,0.026105524599552156,-0.3783755668640137,-0.06630754619836807,-0.15828473567962648,0.09420200586318969,0.08607024550437928,0.32599411010742185,-0.26802706718444824,-0.026484422385692596,0.30524851083755494,0.28573858737945557
3.555776834487915,0.4656056761741638,0.6180023550987244,0.0,0.0,0.0,1.0,-0.3055339575624466,0.018509707003831862,-0.09621836440563201,0.7320940638923645,-0.04862870678305626,-0.3729677298736573,-0.4915240318393707,-0.2412804025411606,-0.07266721310019493,0.8900430704498291,0.02523534044623375,-0.3747963813018799,-0.06409729465842247,-0.1530085778236389,0.09106193900108338,0.08320123732089996,0.31512763977050784,-0.2590928316116333,-0.02560160830616951,0.2950735604763031,0.2762139678001404
3.555776834487915,0.4656056761741638,0.6180023550987244,0.0,0.0,0.0,1.0,-0.30320520040512083,0.017871441245079042,-0.09471083459854125,0.7246770272064209,-0.04695185482501984,-0.36945160125732424,-0.48278182384490964,-0.2329603886604309,-0.0719717919588089,0.8771795162963867,0.024365156292915344,-0.3712171957397461,-0.06188704311847687,-0.14773241996765138,0.08792187213897705,0.08033222913742065,0.30426116943359377,-0.25015859603881835,-0.024718794226646423,0.28489861011505124,0.2666893482208252
3.555776834487915,0.4656056761741638,0.6180023550987244,0.0,0.0,0.0,1.0,-0.3008764432477951,0.01723317548632622,-0.0932033047914505,0.7172599905204773,-0.04527500286698341,-0.36593547264099124,-0.4740396158504486,-0.22464037477970122,-0.07127637081742287,0.8643159621429444,0.023494972139596938,-0.36763801017761233,-0.059676791578531264,-0.14245626211166382,0.08478180527687072,0.07746322095394134,0.2933946990966797,-0.24122436046600343,-0.023835980147123337,0.2747236597537994,0.25716472864151
3.555776834487915,0.4656056761741638,0.6180023550987244,0.0,0.0,0.0,1.0,-0.29854768609046933,0.016594909727573395,-0.09169577498435974,0.7098429538345337,-0.04359815090894699,-0.3624193440246582,-0.46529740785598755,-0.21632036089897155,-0.07058094967603684,0.851452407989502,0.022624787986278535,-0.3640588246154785,-0.057466540038585666,-0.13718010425567628,0.08164173841476441,0.07459421277046203,0.28252822875976563,-0.23229012489318848,-0.02295316606760025,0.2645487093925476,0.24764010906219483
3.555776834487915,0.4656056761741638,0.6180023550987244,0.0,0.0,0.0,1.0,-0.2962189289331436,0.015956643968820572,-0.09018824517726898,0.70242591714859,-0.04192129895091057,-0.3589032154083252,-0.4565551998615265,-0.20800034701824188,-0.0698855285346508,0.8385888538360595,0.02175460383296013,-0.36047963905334474,-0.05525628849864006,-0.13190394639968872,0.07850167155265808,0.07172520458698273,0.27166175842285156,-0.22335588932037354,-0.022070351988077164,0.2543737590312958,0.23811548948287964
3.555776834487915,0.4656056761741638,0.6180023550987244,0.0,0.0,0.0,1.0,-0.2938901717758179,0.015318378210067748,-0.08868071537017823,0.6950088804626465,-0.04024444699287415,-0.3553870867919922,-0.4478129918670654,-0.1996803331375122,-0.06919010739326477,0.8257252996826172,0.020884419679641723,-0.35690045349121097,-0.053046036958694455,-0.12662778854370116,0.07536160469055175,0.06885619640350342,0.2607952880859375,-0.2144216537475586,-0.02118753790855408,0.24419880867004395,0.22859086990356445
3.555776834487915,0.4656056761741638,0.6180023550987244,0.0,0.0,0.0,1.0,-0.2915614146184921,0.014680112451314927,-0.08717318556308747,0.6875918437767028,-0.038567595034837726,-0.35187095817565917,-0.43907078387260434,-0.19136031925678254,-0.06849468625187874,0.8128617455291748,0.02001423552632332,-0.35332126792907714,-0.050835785418748856,-0.12135163068771362,0.07222153782844544,0.06598718822002411,0.24992881774902342,-0.20548741817474364,-0.02030472382903099,0.2340238583087921,0.21906625032424926
3.555776834487915,0.4656056761741638,0.6180023550987244,0.0,0.0,0.0,1.0,-0.28923265746116633,0.014041846692562103,-0.0856656557559967,0.6801748070907593,-0.0368907430768013,-0.3483548295593262,-0.4303285758781433,-0.18304030537605287,-0.06779926511049271,0.7999981913757325,0.019144051373004914,-0.3497420823669434,-0.04862553387880325,-0.11607547283172608,0.06908147096633911,0.0631181800365448,0.23906234741210938,-0.19655318260192872,-0.019421909749507905,0.22384890794754028,0.2095416307449341
3.555776834487915,0.4656056761741638,0.6180023550987244,0.0,0.0,0.0,1.0,-0.2869039003038406,0.01340358093380928,-0.08415812594890594,0.6727577704048158,-0.03521389111876488,-0.3448387009429932,-0.42158636788368226,-0.17472029149532317,-0.06710384396910668,0.78713463722229,0.018273867219686508,-0.3461628968048096,-0.04641528233885765,-0.11079931497573853,0.06594140410423278,0.06024917185306549,0.2281958770751953,-0.18761894702911378,-0.018539095669984816,0.21367395758628846,0.2000170111656189
3.555776834487915,0.4656056761741638,0.6180023550987244,0.0,0.0,0.0,1.0,-0.2845751431465149,0.012765315175056458,-0.08265059614181519,0.665340733718872,-0.033537039160728456,-0.3413225723266602,-0.4128441598892212,-0.1664002776145935,-0.06640842282772064,0.7742710830688476,0.0174036830663681,-0.34258371124267584,-0.04420503079891205,-0.10552315711975098,0.06280133724212647,0.05738016366958618,0.21732940673828124,-0.17868471145629883,-0.01765628159046173,0.2034990072250366,0.1904923915863037
3.555776834487915,0.4656056761741638,0.6180023550987244,0.0,0.0,0.0,1.0,-0.28224638598918916,0.012127049416303635,-0.08114306633472443,0.6579236970329285,-0.031860187202692035,-0.33780644371032714,-0.40410195189476017,-0.15808026373386383,-0.06571300168633461,0.7614075289154053,0.0165334989130497,-0.33900452568054196,-0.04199477925896645,-0.10024699926376343,0.05966127038002014,0.054511155486106876,0.20646293640136718,-0.16975047588348388,-0.016773467510938646,0.1933240568637848,0.18096777200698852
3.555776834487915,0.4656056761741638,0.6180023550987244,0.0,0.0,0.0,1.0,-0.2799176288318634,0.011488783657550811,-0.07963553652763367,0.6505066603469849,-0.03018333524465561,-0.33429031509399415,-0.39535974390029904,-0.14976024985313416,-0.06501758054494858,0.7485439747619629,0.015663314759731293,-0.3354253401184082,-0.03978452771902084,-0.09497084140777588,0.056521203517913815,0.05164214730262756,0.19559646606445313,-0.16081624031066893,-0.015890653431415557,0.18314910650253297,0.17144315242767333
3.555776834487915,0.4656056761741638,0.6180023550987244,0.0,0.0,0.0,1.0,-0.27758887167453766,0.01085051789879799,-0.0781280067205429,0.6430896236610413,-0.028506483286619186,-0.33077418647766116,-0.38661753590583803,-0.1414402359724045,-0.06432215940356255,0.7356804206085206,0.014793130606412887,-0.3318461545562744,-0.037574276179075244,-0.08969468355178833,0.053381136655807494,0.048773139119148254,0.18472999572753906,-0.15188200473785402,-0.015007839351892472,0.17297415614128112,0.16191853284835817
3.555776834487915,0.4656056761741638,0.6180023550987244,0.0,0.0,0.0,1.0,-0.2752601145172119,0.010212252140045166,-0.07662047691345214,0.6356725869750977,-0.026829631328582765,-0.3272580578613281,-0.3778753279113769,-0.13312022209167482,-0.0636267382621765,0.722816866455078,0.013922946453094482,-0.32826696899414065,-0.03536402463912964,-0.08441852569580079,0.050241069793701174,0.045904130935668946,0.173863525390625,-0.14294776916503907,-0.014125025272369385,0.1627992057800293,0.15239391326904297
3.555776834487915,0.4656056761741638,0.6180023550987244,0.0,0.0,0.0,1.0,-0.27293135735988616,0.009573986381292343,-0.07511294710636138,0.628255550289154,-0.02515277937054634,-0.3237419292449951,-0.3691331199169159,-0.12480020821094513,-0.06293131712079048,0.7099533123016357,0.013052762299776078,-0.3246877834320069,-0.033153773099184033,-0.07914236783981324,0.047101002931594846,0.04303512275218964,0.16299705505371093,-0.13401353359222412,-0.013242211192846298,0.15262425541877747,0.14286929368972778
3.555776834487915,0.4656056761741638,0.6180023550987244,0.0,0.0,0.0,1.0,-0.27060260020256044,0.008935720622539521,-0.07360541729927063,0.6208385136032104,-0.02347592741250992,-0.3202258006286621,-0.3603909119224548,-0.11648019433021545,-0.062235895979404446,0.6970897581481934,0.012182578146457672,-0.32110859786987306,-0.030943521559238435,-0.07386620998382569,0.043960936069488525,0.040166114568710325,0.15213058471679688,-0.12507929801940917,-0.012359397113323211,0.14244930505752562,0.1333446741104126
3.555776834487915,0.4656056761741638,0.6180023550987244,0.0,0.0,0.0,1.0,-0.26827384304523466,0.008297454863786698,-0.07209788749217987,0.6134214769172669,-0.021799075454473495,-0.31670967201232914,-0.35164870392799374,-0.10816018044948578,-0.061540474838018416,0.684226203994751,0.011312393993139267,-0.3175294123077393,-0.028733270019292833,-0.06859005212783814,0.040820869207382204,0.03729710638523102,0.14126411437988282,-0.11614506244659424,-0.011476583033800124,0.1322743546962738,0.12382005453109741
3.555776834487915,0.4656056761741638,0.6180023550987244,0.0,0.0,0.0,1.0,-0.26594508588790894,0.007659189105033874,-0.07059035768508912,0.6060044402313233,-0.020122223496437074,-0.3131935433959961,-0.34290649593353273,-0.0998401665687561,-0.06084505369663239,0.6713626498413086,0.010442209839820861,-0.31395022674560547,-0.026523018479347227,-0.06331389427185058,0.03768080234527588,0.03442809820175171,0.13039764404296875,-0.1072108268737793,-0.01059376895427704,0.12209940433502198,0.11429543495178222
3.555776834487915,0.4656056761741638,0.6180023550987244,0.0,0.0,0.0,1.0,-0.26361632873058316,0.007020923346281052,-0.06908282787799835,0.5985874035453796,-0.01844537153840065,-0.3096774147796631,-0.33416428793907166,-0.09152015268802643,-0.06014963255524636,0.6584990956878662,0.009572025686502457,-0.3103710411834717,-0.024312766939401625,-0.05803773641586304,0.034540735483169556,0.0315590900182724,0.11953117370605469,-0.09827659130096436,-0.009710954874753952,0.11192445397377014,0.10477081537246705
3.555776834487915,0.4656056761741638,0.6180023550987244,0.0,0.0,0.0,1.0,-0.26128757157325744,0.006382657587528229,-0.06757529807090759,0.591170366859436,-0.016768519580364228,-0.30616128616333005,-0.3254220799446106,-0.08320013880729675,-0.05945421141386033,0.6456355415344238,0.00870184153318405,-0.30679185562133787,-0.022102515399456023,-0.05276157855987549,0.031400668621063235,0.02869008183479309,0.10866470336914062,-0.08934235572814941,-0.008828140795230865,0.1017495036125183,0.09524619579315186
3.555776834487915,0.4656056761741638,0.6180023550987244,0.0,0.0,0.0,1.0,-0.25895881441593166,0.005744391828775406,-0.06606776826381683,0.5837533301734924,-0.015091667622327805,-0.30264515754699706,-0.3166798719501495,-0.07488012492656708,-0.058758790272474284,0.6327719873809814,0.007831657379865646,-0.3032126700592041,-0.01989226385951042,-0.04748542070388794,0.028260601758956908,0.02582107365131378,0.09779823303222657,-0.08040812015533447,-0.007945326715707779,0.09157455325126648,0.08572157621383666
3.555776834487915,0.4656056761741638,0.6180023550987244,0.0,0.0,0.0,1.0,-0.25663005725860594,0.005106126070022583,-0.06456023845672608,0.5763362934875489,-0.013414815664291382,-0.29912902893066406,-0.30793766395568845,-0.06656011104583741,-0.058063369131088255,0.6199084332275391,0.006961473226547241,-0.29963348449707033,-0.01768201231956482,-0.04220926284790039,0.025120534896850587,0.022952065467834473,0.0869317626953125,-0.07147388458251953,-0.0070625126361846926,0.08139960289001465,0.07619695663452149
3.555776834487915,0.4656056761741638,0.6180023550987244,0.0,0.0,0.0,1.0,-0.2543013001012802,0.0044678603112697605,-0.0630527086496353,0.5689192568016053,-0.01173796370625496,-0.2956129003143311,-0.29919545596122743,-0.058240097165107724,-0.05736794798970222,0.6070448790740967,0.006091289073228836,-0.2960542989349365,-0.015471760779619217,-0.036933104991912845,0.021980468034744263,0.020083057284355162,0.07606529235839844,-0.06253964900970459,-0.006179698556661606,0.07122465252876281,0.0666723370552063
3.555776834487915,0.4656056761741638,0.6180023550987244,0.0,0.0,0.0,1.0,-0.25197254294395444,0.003829594552516937,-0.061545178842544554,0.5615022201156616,-0.010061111748218537,-0.2920967716979981,-0.29045324796676636,-0.04992008328437805,-0.05667252684831619,0.5941813249206543,0.005221104919910431,-0.29247511337280274,-0.013261509239673614,-0.03165694713592529,0.01884040117263794,0.017214049100875855,0.06519882202148437,-0.05360541343688965,-0.00529688447713852,0.06104970216751099,0.05714771747589111
3.555776834487915,0.4656056761741638,0.6180023550987244,0.0,0.0,0.0,1.0,-0.2496437857866287,0.0031913287937641146,-0.06003764903545379,0.554085183429718,-0.008384259790182114,-0.28858064308166503,-0.2817110399723053,-0.041600069403648375,-0.05597710570693015,0.5813177707672119,0.004350920766592025,-0.288895927810669,-0.011051257699728012,-0.026380789279937745,0.015700334310531618,0.014345040917396546,0.05433235168457031,-0.04467117786407471,-0.004414070397615433,0.05087475180625915,0.04762309789657593
3.555776834487915,0.4656056761741638,0.6180023550987244,0.0,0.0,0.0,1.0,-0.247315028629303,0.0025530630350112916,-0.05853011922836304,0.5466681467437744,-0.006707407832145691,-0.28506451446533204,-0.2729688319778443,-0.033280055522918704,-0.05528168456554413,0.5684542166137695,0.0034807366132736206,-0.28531674224853515,-0.00884100615978241,-0.021104631423950197,0.012560267448425293,0.011476032733917237,0.04346588134765625,-0.03573694229125977,-0.0035312563180923463,0.04069980144500732,0.038098478317260744
3.555776834487915,0.4656056761741638,0.6180023550987244,0.0,0.0,0.0,1.0,-0.24498627147197724,0.0019147972762584686,-0.05702258942127228,0.5392511100578308,-0.005030555874109268,-0.28154838584899905,-0.2642266239833832,-0.024960041642189026,-0.054586263424158094,0.5555906624603271,0.0026105524599552153,-0.2817375566864014,-0.006630754619836807,-0.015828473567962645,0.00942020058631897,0.008607024550437927,0.03259941101074219,-0.026802706718444824,-0.00264844223856926,0.030524851083755494,0.028573858737945556
3.555776834487915,0.4656056761741638,0.6180023550987244,0.0,0.0,0.0,1.0,-0.2426575143146515,0.0012765315175056458,-0.05551505961418152,0.5318340733718873,-0.0033537039160728456,-0.278032257232666,-0.25548441598892213,-0.016640027761459352,-0.053890842282772064,0.5427271083068848,0.0017403683066368103,-0.27815837112426756,-0.004420503079891205,-0.010552315711975098,0.006280133724212647,0.005738016366958618,0.021732940673828124,-0.017868471145629884,-0.0017656281590461731,0.02034990072250366,0.019049239158630372
3.555776834487915,0.4656056761741638,0.6180023550987244,0.0,0.0,0.0,1.0,-0.2403287571573257,0.0006382657587528229,-0.054007529807090754,0.5244170366859436,-0.0016768519580364228,-0.27451612861633307,-0.24674220799446103,-0.008320013880729676,-0.05319542114138603,0.5298635541534423,0.0008701841533184051,-0.27457918556213384,-0.0022102515399456024,-0.005276157855987549,0.0031400668621063233,0.002869008183479309,0.010866470336914062,-0.008934235572814942,-0.0008828140795230866,0.01017495036125183,0.009524619579315186
0.0,0.0,0.0,0.023719828575849533,0.0943426713347435,0.7298155426979065,-0.6766875982284546,-0.2403287571573257,0.0006382657587528229,-0.054007529807090754,0.5244170366859436,-0.0016768519580364228,-0.27451612861633307,-0.24674220799446103,-0.008320013880729676,-0.05319542114138603,0.5298635541534423,0.0008701841533184051,-0.27457918556213384,-0.0022102515399456024,-0.005276157855987549,0.0031400668621063233,0.002869008183479309,0.010866470336914062,-0.008934235572814942,-0.0008828140795230866,0.01017495036125183,0.009524619579315186
0.0,0.0,0.0,0.023719828575849533,0.0943426713347435,0.7298155426979065,-0.6766875982284546,-0.23573546062071318,0.003497110071778297,-0.049790257712364186,0.5229270869844437,-0.0016433149188756944,-0.2690258060440064,-0.249180071559143,-0.013413518464565278,-0.04746508057630062,0.5376007111423492,0.0008527804702520371,-0.2690876018508912,-0.0036738959044218065,-0.009407792103290558,0.005270894074440003,0.0032018920764327052,0.02679000482559204,-0.0160843186378479,-0.0024059918075799943,0.019857151699066163,0.020177183628082275
0.0,0.0,0.0,0.023719828575849533,0.0943426713347435,0.7298155426979065,-0.6766875982284546,-0.23114216408410068,0.006355954384803772,-0.04557298561763763,0.5214371372829437,-0.001609777879714966,-0.2635354834716797,-0.251617935123825,-0.018507023048400878,-0.0417347400112152,0.5453378681312561,0.000835376787185669,-0.2635960181396485,-0.005137540268898011,-0.013539426350593568,0.007401721286773682,0.003534775969386101,0.04271353931427002,-0.02323440170288086,-0.003929169535636902,0.029539353036880493,0.030829747676849366
0.0,0.0,0.0,0.023719828575849533,0.0943426713347435,0.7298155426979065,-0.6766875982284546,-0.22654886754748818,0.009214798697829247,-0.04135571352291107,0.5199471875814438,-0.0015762408405542376,-0.2580451608993531,-0.25405579868850703,-0.02360052763223648,-0.0360043994461298,0.5530750251201629,0.0008179731041193009,-0.2581044344284058,-0.006601184633374214,-0.017671060597896575,0.009532548499107361,0.0038676598623394965,0.058637073802948,-0.03038448476791382,-0.00545234726369381,0.03922155437469482,0.04148231172561646
0.0,0.0,0.0,0.023719828575849533,0.0943426713347435,0.7298155426979065,-0.6766875982284546,-0.22195557101087565,0.01207364301085472,-0.0371384414281845,0.5184572378799439,-0.0015427038013935091,-0.2525548383270264,-0.25649366225318904,-0.02869403221607208,-0.030274058881044386,0.5608121821090698,0.0008005694210529328,-0.2526128507171631,-0.008064828997850418,-0.021802694845199585,0.011663375711441042,0.004200543755292893,0.07456060829162597,-0.03753456783294678,-0.006975524991750717,0.048903755712509156,0.05213487577438354
0.0,0.0,0.0,0.023719828575849533,0.0943426713347435,0.7298155426979065,-0.6766875982284546,-0.21736227447426318,0.014932487323880196,-0.03292116933345794,0.516967288178444,-0.0015091667622327805,-0.24706451575469976,-0.25893152581787104,-0.03378753679990768,-0.02454371831595897,0.5685493390979767,0.0007831657379865646,-0.24712126700592044,-0.009528473362326623,-0.025934329092502595,0.013794202923774718,0.004533427648246288,0.09048414278030395,-0.04468465089797974,-0.008498702719807624,0.05858595705032349,0.06278743982315063
0.0,0.0,0.0,0.023719828575849533,0.0943426713347435,0.7298155426979065,-0.6766875982284546,-0.21276897793765068,0.01779133163690567,-0.02870389723873138,0.515477338476944,-0.001475629723072052,-0.24157419318237308,-0.26136938938255305,-0.038881041383743285,-0.01881337775087356,0.5762864960868834,0.0007657620549201966,-0.24162968329467777,-0.010992117726802825,-0.0300659633398056,0.0159250301361084,0.004866311541199684,0.10640767726898194,-0.0518347339630127,-0.010021880447864532,0.06826815838813782,0.07344000387191772
0.0,0.0,0.0,0.023719828575849533,0.0943426713347435,0.7298155426979065,-0.6766875982284546,-0.20817568140103812,0.020650175949931144,-0.02448662514400482,0.513987388775444,-0.0014420926839113235,-0.23608387061004646,-0.26380725294723506,-0.04397454596757889,-0.01308303718578814,0.5840236530757904,0.0007483583718538284,-0.2361380995834351,-0.01245576209127903,-0.034197597587108615,0.018055857348442075,0.00519919543415308,0.12233121175765992,-0.05898481702804565,-0.01154505817592144,0.07795035972595214,0.08409256792068481
0.0,0.0,0.0,0.023719828575849533,0.0943426713347435,0.7298155426979065,-0.6766875982284546,-0.20358238486442562,0.023509020262956617,-0.02026935304927825,0.5124974390739441,-0.001408555644750595,-0.23059354803771978,-0.26624511651191707,-0.049068050551414485,-0.007352696620702738,0.5917608100646972,0.0007309546887874604,-0.23064651587219243,-0.013919406455755234,-0.03832923183441162,0.02018668456077576,0.005532079327106476,0.1382547462463379,-0.06613490009307861,-0.013068235903978348,0.08763256106376648,0.0947451319694519
0.0,0.0,0.0,0.023719828575849533,0.0943426713347435,0.7298155426979065,-0.6766875982284546,-0.19898908832781312,0.026367864575982093,-0.01605208095455169,0.5110074893724442,-0.0013750186055898667,-0.2251032254653931,-0.2686829800765991,-0.054161555135250096,-0.0016223560556173286,0.599497967053604,0.0007135510057210922,-0.22515493216094973,-0.015383050820231439,-0.04246086608171463,0.022317511773109436,0.005864963220059872,0.15417828073501585,-0.07328498315811156,-0.014591413632035255,0.09731476240158081,0.105397696018219
0.0,0.0,0.0,0.023719828575849533,0.0943426713347435,0.7298155426979065,-0.6766875982284546,-0.1943957917912006,0.02922670888900757,-0.01183480885982513,0.5095175396709443,-0.0013414815664291382,-0.21961290289306645,-0.2711208436412811,-0.05925505971908569,0.004107984509468088,0.607235124042511,0.000696147322654724,-0.21966334844970706,-0.01684669518470764,-0.04659250032901764,0.024448338985443116,0.006197847113013267,0.17010181522369386,-0.08043506622314453,-0.016114591360092162,0.10699696373939514,0.11605026006698609
0.0,0.0,0.0,0.023719828575849533,0.0943426713347435,0.7298155426979065,-0.6766875982284546,-0.1898024952545881,0.032085553202033046,-0.007617536765098569,0.5080275899694443,-0.0013079445272684098,-0.21412258032073977,-0.2735587072059631,-0.0643485643029213,0.009838325074553497,0.6149722810314178,0.000678743639588356,-0.2141717647384644,-0.018310339549183846,-0.05072413457632065,0.026579166197776796,0.0065307310059666635,0.1860253497123718,-0.0875851492881775,-0.017637769088149072,0.11667916507720948,0.12670282411575318
