1.4996154308319092,0.00040292833000421524,0.6432948112487793,0.0,0.0,0.0,1.0,-0.23799999999999996,0.0,-0.0525,0.517,0.0,-0.271,-0.23799999999999996,0.0,-0.0525,0.517,0.0,-0.271,0.0,0.0,0.0,0.0,0.0,0.0,0.0,0.0,0.0
1.4996154308319092,0.00040292833000421524,0.6432948112487793,0.0,0.0,0.0,1.0,-0.23674205212831495,0.001162712797522545,-0.0522047540962696,0.5222726534938812,0.0001900658942759037,-0.27296335192203525,-0.24139295636653899,-0.003164637088775635,-0.04748525429964065,0.5296992432212829,0.001019846647977829,-0.27384227903366093,-0.004326685070991516,-0.004824855029582977,0.0032354721426963804,0.0021381084620952606,0.016907531023025512,-0.008887180685997009,-0.0006,0.009875046014785767,0.014626771211624146
1.4996154308319092,0.00040292833000421524,0.6432948112487793,0.0,0.0,0.0,1.0,-0.23548410425662994,0.00232542559504509,-0.051909508192539214,0.5275453069877625,0.0003801317885518074,-0.2749267038440704,-0.24478591273307798,-0.00632927417755127,-0.04247050859928131,0.5423984864425659,0.002039693295955658,-0.2766845580673218,-0.008653370141983032,-0.009649710059165954,0.006470944285392761,0.004276216924190521,0.033815062046051024,-0.017774361371994018,-0.0012,0.019750092029571533,0.02925354242324829
1.4996154308319092,0.00040292833000421524,0.6432948112487793,0.0,0.0,0.0,1.0,-0.23422615638494493,0.0034881383925676347,-0.05161426228880882,0.5328179604816436,0.0005701976828277111,-0.2768900557661057,-0.248178869099617,-0.009493911266326904,-0.03745576289892197,0.5550977296638488,0.003059539943933487,-0.2795268371009827,-0.012980055212974548,-0.014474565088748932,0.009706416428089141,0.006414325386285782,0.05072259306907654,-0.02666154205799103,-0.0018,0.0296251380443573,0.043880313634872437
1.4996154308319092,0.00040292833000421524,0.6432948112487793,0.0,0.0,0.0,1.0,-0.2329682085132599,0.00465085119009018,-0.051319016385078436,0.5380906139755249,0.0007602635771036149,-0.2788534076881409,-0.25157182546615603,-0.01265854835510254,-0.03244101719856263,0.5677969728851319,0.004079386591911316,-0.28236911613464355,-0.017306740283966063,-0.019299420118331908,0.012941888570785522,0.008552433848381042,0.06763012409210205,-0.035548722743988036,-0.0024,0.039500184059143066,0.05850708484649658
1.4996154308319092,0.00040292833000421524,0.6432948112487793,0.0,0.0,0.0,1.0,-0.23171026064157482,0.005813563987612724,-0.051023770481348034,0.5433632674694061,0.0009503294713795185,-0.2808167596101761,-0.254964781832695,-0.015823185443878174,-0.027426271498203272,0.5804962161064148,0.005099233239889145,-0.28521139516830446,-0.021633425354957582,-0.024124275147914886,0.016177360713481904,0.010690542310476303,0.08453765511512756,-0.044435903429985046,-0.003,0.049375230073928834,0.07313385605812073
1.4996154308319092,0.00040292833000421524,0.6432948112487793,0.0,0.0,0.0,1.0,-0.2304523127698898,0.006976276785135269,-0.050728524577617645,0.5486359209632874,0.0011403953656554222,-0.28278011153221133,-0.258357738199234,-0.018987822532653808,-0.02241152579784393,0.5931954593276978,0.006119079887866974,-0.28805367420196537,-0.025960110425949097,-0.028949130177497864,0.019412832856178282,0.012828650772571564,0.10144518613815308,-0.05332308411598206,-0.0036,0.0592502760887146,0.08776062726974487
1.4996154308319092,0.00040292833000421524,0.6432948112487793,0.0,0.0,0.0,1.0,-0.2291943648982048,0.008138989582657814,-0.05043327867388725,0.5539085744571686,0.0013304612599313258,-0.28474346345424656,-0.261750694565773,-0.022152459621429442,-0.017396780097484583,0.6058947025489807,0.007138926535844803,-0.2908959532356262,-0.030286795496940612,-0.03377398520708084,0.022648304998874665,0.014966759234666824,0.1183527171611786,-0.06221026480197907,-0.0042,0.06912532210350036,0.10238739848136902
1.4996154308319092,0.00040292833000421524,0.6432948112487793,0.0,0.0,0.0,1.0,-0.22793641702651976,0.00930170238018036,-0.05013803277015686,0.5591812279510499,0.0015205271542072297,-0.2867068153762818,-0.265143650932312,-0.02531709671020508,-0.012382034397125243,0.6185939457702637,0.008158773183822632,-0.29373823226928714,-0.03461348056793213,-0.038598840236663816,0.025883777141571043,0.017104867696762085,0.1352602481842041,-0.07109744548797607,-0.0048,0.07900036811828613,0.11701416969299316
1.4996154308319092,0.00040292833000421524,0.6432948112487793,0.0,0.0,0.0,1.0,-0.22667846915483472,0.010464415177702904,-0.049842786866426465,0.564453881444931,0.0017105930484831334,-0.28867016729831696,-0.268536607298851,-0.028481733798980714,-0.007367288696765895,0.6312931889915466,0.00917861983180046,-0.296580511302948,-0.03894016563892364,-0.043423695266246794,0.029119249284267425,0.019242976158857346,0.15216777920722963,-0.07998462617397309,-0.0054,0.0888754141330719,0.1316409409046173
1.4996154308319092,0.00040292833000421524,0.6432948112487793,0.0,0.0,0.0,1.0,-0.2254205212831497,0.011627127975225448,-0.04954754096269608,0.5697265349388122,0.001900658942759037,-0.2906335192203522,-0.27192956366539,-0.03164637088775635,-0.0023525429964065606,0.6439924322128295,0.01019846647977829,-0.2994227903366089,-0.043266850709915164,-0.04824855029582977,0.03235472142696381,0.021381084620952607,0.16907531023025513,-0.08887180685997009,-0.006,0.09875046014785767,0.14626771211624146
1.4996154308319092,0.00040292833000421524,0.6432948112487793,0.0,0.0,0.0,1.0,-0.2241625734114647,0.012789840772747994,-0.04925229505896568,0.5749991884326935,0.002090724837034941,-0.2925968711423874,-0.27532252003192903,-0.034811007976531985,0.0026622027039527874,0.6566916754341126,0.011218313127756119,-0.30226506937026976,-0.04759353578090668,-0.05307340532541275,0.035590193569660186,0.023519193083047868,0.18598284125328063,-0.0977589875459671,-0.006599999999999999,0.10862550616264344,0.1608944833278656
1.4996154308319092,0.00040292833000421524,0.6432948112487793,0.0,0.0,0.0,1.0,-0.2229046255397797,0.013952553570270539,-0.048957049155235285,0.5802718419265747,0.0022807907313108443,-0.29456022306442264,-0.27871547639846805,-0.037975645065307616,0.007676948404312135,0.6693909186553955,0.012238159775733948,-0.30510734840393067,-0.051920220851898194,-0.05789826035499573,0.038825665712356565,0.02565730154514313,0.20289037227630616,-0.10664616823196411,-0.0072,0.1185005521774292,0.17552125453948975
1.4996154308319092,0.00040292833000421524,0.6432948112487793,0.0,0.0,0.0,1.0,-0.2216466776680946,0.015115266367793083,-0.04866180325150489,0.585544495420456,0.002470856625586748,-0.29652357498645787,-0.28210843276500697,-0.04114028215408325,0.012691694104671483,0.6820901618766785,0.013258006423711777,-0.3079496274375916,-0.05624690592288971,-0.0627231153845787,0.04206113785505295,0.027795410007238387,0.21979790329933166,-0.11553334891796112,-0.0078000000000000005,0.12837559819221497,0.1901480257511139
1.4996154308319092,0.00040292833000421524,0.6432948112487793,0.0,0.0,0.0,1.0,-0.22038872979640958,0.016277979165315627,-0.04836655734777451,0.5908171489143372,0.0026609225198626517,-0.29848692690849304,-0.285501389131546,-0.044304919242858884,0.017706439805030824,0.6947894050979615,0.014277853071689606,-0.31079190647125243,-0.060573590993881224,-0.06754797041416168,0.04529660999774933,0.029933518469333648,0.2367054343223572,-0.12442052960395814,-0.0084,0.13825064420700073,0.20477479696273804
1.4996154308319092,0.00040292833000421524,0.6432948112487793,0.0,0.0,0.0,1.0,-0.21913078192472457,0.01744069196283817,-0.04807131144404411,0.5960898024082184,0.0028509884141385555,-0.30045027883052833,-0.288894345498085,-0.04746955633163452,0.022721185505390172,0.7074886483192444,0.015297699719667435,-0.3136341855049134,-0.06490027606487274,-0.07237282544374465,0.04853208214044571,0.03207162693142891,0.2536129653453827,-0.13330771028995514,-0.009,0.1481256902217865,0.21940156817436218
1.4996154308319092,0.00040292833000421524,0.6432948112487793,0.0,0.0,0.0,1.0,-0.21787283405303953,0.01860340476036072,-0.04777606554031372,0.6013624559020996,0.0030410543084144594,-0.30241363075256344,-0.29228730186462404,-0.05063419342041016,0.02773593120574952,0.7201878915405273,0.016317546367645264,-0.31647646453857425,-0.06922696113586425,-0.07719768047332763,0.051767554283142087,0.03420973539352417,0.2705204963684082,-0.14219489097595214,-0.0096,0.15800073623657226,0.23402833938598633
1.4996154308319092,0.00040292833000421524,0.6432948112487793,0.0,0.0,0.0,1.0,-0.21661488618135452,0.019766117557883264,-0.04748081963658333,0.6066351093959809,0.003231120202690363,-0.3043769826745987,-0.29568025823116306,-0.05379883050918579,0.03275067690610886,0.7328871347618103,0.017337393015623093,-0.3193187435722351,-0.07355364620685577,-0.08202253550291061,0.05500302642583847,0.03634784385561943,0.2874280273914337,-0.15108207166194915,-0.0102,0.16787578225135802,0.24865511059761047
1.4996154308319092,0.00040292833000421524,0.6432948112487793,0.0,0.0,0.0,1.0,-0.21535693830966948,0.020928830355405808,-0.04718557373285293,0.6119077628898622,0.0034211860969662667,-0.3063403345966339,-0.299073214597702,-0.05696346759796143,0.03776542260646821,0.7455863779830934,0.01835723966360092,-0.322161022605896,-0.07788033127784728,-0.08684739053249359,0.05823849856853485,0.03848595231771469,0.30433555841445925,-0.15996925234794618,-0.0108,0.1777508282661438,0.2632818818092346
1.4996154308319092,0.00040292833000421524,0.6432948112487793,0.0,0.0,0.0,1.0,-0.21409899043798447,0.022091543152928352,-0.04689032782912254,0.6171804163837433,0.00361125199124217,-0.30830368651866913,-0.302466170964241,-0.06012810468673706,0.04278016830682754,0.7582856212043763,0.01937708631157875,-0.3250033016395569,-0.08220701634883881,-0.09167224556207657,0.06147397071123123,0.04062406077980995,0.32124308943748475,-0.16885643303394318,-0.011399999999999999,0.18762587428092956,0.27790865302085876
1.4996154308319092,0.00040292833000421524,0.6432948112487793,0.0,0.0,0.0,1.0,-0.21284104256629943,0.023254255950450897,-0.04659508192539215,0.6224530698776245,0.003801317885518074,-0.31026703844070436,-0.30585912733078,-0.0632927417755127,0.047794914007186884,0.7709848644256592,0.02039693295955658,-0.3278455806732178,-0.08653370141983033,-0.09649710059165954,0.06470944285392762,0.042762169241905214,0.33815062046051025,-0.17774361371994019,-0.012,0.19750092029571534,0.2925354242324829
1.4996154308319092,0.00040292833000421524,0.6432948112487793,0.0,0.0,0.0,1.0,-0.2115830946946144,0.02441696874797344,-0.04629983602166175,0.6277257233715057,0.003991383779793978,-0.3122303903627396,-0.30925208369731905,-0.06645737886428833,0.05280965970754623,0.7836841076469421,0.02141677960753441,-0.33068785970687864,-0.09086038649082184,-0.10132195562124252,0.06794491499662399,0.04490027770400047,0.35505815148353576,-0.1866307944059372,-0.0126,0.2073759663105011,0.30716219544410706
1.4996154308319092,0.00040292833000421524,0.6432948112487793,0.0,0.0,0.0,1.0,-0.21032514682292935,0.02557968154549599,-0.046004590117931364,0.632998376865387,0.004181449674069882,-0.3141937422847748,-0.312645040063858,-0.06962201595306397,0.05782440540790558,0.7963833508682251,0.022436626255512238,-0.33353013874053955,-0.09518707156181336,-0.1061468106508255,0.07118038713932037,0.047038386166095736,0.37196568250656126,-0.1955179750919342,-0.013199999999999998,0.21725101232528687,0.3217889666557312
1.4996154308319092,0.00040292833000421524,0.6432948112487793,0.0,0.0,0.0,1.0,-0.20906719895124434,0.026742394343018533,-0.045709344214200975,0.6382710303592682,0.004371515568345785,-0.31615709420681,-0.31603799643039704,-0.0727866530418396,0.06283915110826492,0.809082594089508,0.023456472903490067,-0.33637241777420046,-0.09951375663280487,-0.11097166568040848,0.07441585928201676,0.04917649462819099,0.3888732135295868,-0.20440515577793122,-0.0138,0.22712605834007263,0.33641573786735535
1.4996154308319092,0.00040292833000421524,0.6432948112487793,0.0,0.0,0.0,1.0,-0.20780925107955933,0.027905107140541077,-0.04541409831047058,0.6435436838531494,0.004561581462621689,-0.31812044612884527,-0.319430952796936,-0.07595129013061523,0.06785389680862426,0.821781837310791,0.024476319551467896,-0.3392146968078613,-0.10384044170379639,-0.11579652070999145,0.07765133142471313,0.05131460309028626,0.4057807445526123,-0.21329233646392823,-0.0144,0.2370011043548584,0.3510425090789795
1.4996154308319092,0.00040292833000421524,0.6432948112487793,0.0,0.0,0.0,1.0,-0.2065513032078743,0.02906781993806362,-0.045118852406740184,0.6488163373470306,0.0047516473568975925,-0.32008379805088044,-0.32282390916347503,-0.07911592721939087,0.07286864250898362,0.8344810805320739,0.025496166199445724,-0.3420569758415222,-0.1081671267747879,-0.12062137573957443,0.08088680356740952,0.053452711552381516,0.4226882755756378,-0.22217951714992523,-0.015,0.24687615036964417,0.36566928029060364
1.4996154308319092,0.00040292833000421524,0.6432948112487793,0.0,0.0,0.0,1.0,-0.20529335533618925,0.030230532735586166,-0.044823606503009795,0.6540889908409119,0.004941713251173496,-0.3220471499729156,-0.32621686553001406,-0.0822805643081665,0.07788338820934296,0.847180323753357,0.026516012847423553,-0.34489925487518314,-0.11249381184577942,-0.1254462307691574,0.0841222757101059,0.05559082001447677,0.4395958065986633,-0.23106669783592224,-0.015600000000000001,0.25675119638442995,0.3802960515022278
1.4996154308319092,0.00040292833000421524,0.6432948112487793,0.0,0.0,0.0,1.0,-0.20403540746450427,0.03139324553310871,-0.04452836059927941,0.659361644334793,0.0051317791454494,-0.3240105018949509,-0.329609821896553,-0.08544520139694214,0.0828981339097023,0.85987956697464,0.027535859495401382,-0.347741533908844,-0.11682049691677093,-0.1302710857987404,0.08735774785280227,0.05772892847657204,0.4565033376216888,-0.23995387852191924,-0.0162,0.2666262423992157,0.39492282271385193
1.4996154308319092,0.00040292833000421524,0.6432948112487793,0.0,0.0,0.0,1.0,-0.2027774595928192,0.032555958330631254,-0.04423311469554901,0.6646342978286743,0.005321845039725303,-0.32597385381698607,-0.33300277826309205,-0.08860983848571777,0.08791287961006165,0.8725788101959229,0.02855570614337921,-0.3505838129425049,-0.12114718198776245,-0.13509594082832335,0.09059321999549866,0.059867036938667295,0.4734108686447144,-0.24884105920791627,-0.0168,0.27650128841400146,0.4095495939254761
1.4996154308319092,0.00040292833000421524,0.6432948112487793,0.0,0.0,0.0,1.0,-0.2015195117211342,0.0337186711281538,-0.043937868791818616,0.6699069513225556,0.005511910934001207,-0.3279372057390213,-0.336395734629631,-0.0917744755744934,0.092927625310421,0.8852780534172058,0.02957555279135704,-0.3534260919761658,-0.12547386705875396,-0.13992079585790634,0.09382869213819504,0.06200514540076256,0.4903183996677399,-0.25772823989391325,-0.0174,0.28637633442878724,0.4241763651371002
1.4996154308319092,0.00040292833000421524,0.6432948112487793,0.0,0.0,0.0,1.0,-0.20026156384944915,0.03488138392567634,-0.04364262288808823,0.6751796048164367,0.005701976828277111,-0.3299005576610565,-0.33978869099617004,-0.09493911266326904,0.09794237101078034,0.8979772966384888,0.03059539943933487,-0.35626837100982667,-0.12980055212974548,-0.1447456508874893,0.09706416428089142,0.06414325386285782,0.5072259306907654,-0.2666154205799103,-0.018,0.296251380443573,0.43880313634872437
1.4996154308319092,0.00040292833000421524,0.6432948112487793,0.0,0.0,0.0,1.0,-0.19900361597776414,0.03604409672319889,-0.04334737698435783,0.680452258310318,0.005892042722553015,-0.33186390958309175,-0.34318164736270906,-0.09810374975204468,0.10295711671113969,0.9106765398597717,0.0316152460873127,-0.3591106500434876,-0.134127237200737,-0.1495705059170723,0.1002996364235878,0.06628136232495307,0.5241334617137909,-0.2755026012659073,-0.0186,0.30612642645835875,0.4534299075603485
1.4996154308319092,0.00040292833000421524,0.6432948112487793,0.0,0.0,0.0,1.0,-0.19774566810607908,0.03720680952072144,-0.04305213108062744,0.6857249118041993,0.006082108616828919,-0.333827261505127,-0.34657460372924803,-0.10126838684082032,0.10797186241149903,0.9233757830810547,0.03263509273529053,-0.3619529290771485,-0.1384539222717285,-0.15439536094665526,0.10353510856628417,0.06841947078704834,0.5410409927368164,-0.2843897819519043,-0.0192,0.31600147247314453,0.46805667877197266
1.4996154308319092,0.00040292833000421524,0.6432948112487793,0.0,0.0,0.0,1.0,-0.19648772023439406,0.03836952231824398,-0.04275688517689705,0.6909975652980804,0.006272174511104822,-0.3357906134271622,-0.34996756009578706,-0.10443302392959594,0.11298660811185837,0.9360750263023376,0.033654939383268356,-0.36479520811080934,-0.14278060734272002,-0.15922021597623826,0.10677058070898056,0.0705575792491436,0.5579485237598419,-0.2932769626379013,-0.019799999999999998,0.3258765184879303,0.4826834499835968
1.4996154308319092,0.00040292833000421524,0.6432948112487793,0.0,0.0,0.0,1.0,-0.19522977236270905,0.03953223511576653,-0.04246163927316665,0.6962702187919617,0.006462240405380726,-0.3377539653491974,-0.3533605164623261,-0.10759766101837158,0.11800135381221773,0.9487742695236207,0.034674786031246185,-0.36763748714447025,-0.14710729241371154,-0.16404507100582122,0.11000605285167694,0.07269568771123885,0.5748560547828674,-0.3021641433238983,-0.0204,0.33575156450271604,0.49731022119522095
1.4996154308319092,0.00040292833000421524,0.6432948112487793,0.0,0.0,0.0,1.0,-0.19397182449102401,0.04069494791328907,-0.04216639336943626,0.7015428722858429,0.0066523062996566296,-0.33971731727123267,-0.35675347282886505,-0.11076229810714722,0.12301609951257707,0.9614735127449036,0.035694632679224014,-0.37047976617813116,-0.15143397748470305,-0.1688699260354042,0.11324152499437332,0.07483379617333412,0.5917635858058929,-0.3110513240098953,-0.021,0.3456266105175018,0.5119369924068451
1.4996154308319092,0.00040292833000421524,0.6432948112487793,0.0,0.0,0.0,1.0,-0.19271387661933898,0.041857660710811616,-0.041871147465705874,0.7068155257797242,0.0068423721939325334,-0.34168066919326784,-0.360146429195404,-0.11392693519592285,0.12803084521293642,0.9741727559661866,0.03671447932720184,-0.373322045211792,-0.15576066255569457,-0.17369478106498717,0.1164769971370697,0.07697190463542938,0.6086711168289185,-0.31993850469589236,-0.0216,0.3555016565322876,0.5265637636184692
1.4996154308319092,0.00040292833000421524,0.6432948112487793,0.0,0.0,0.0,1.0,-0.19145592874765396,0.04302037350833416,-0.04157590156197548,0.7120881792736053,0.007032438088208437,-0.34364402111530307,-0.36353938556194304,-0.11709157228469849,0.13304559091329576,0.9868719991874695,0.03773432597517967,-0.37616432424545293,-0.16008734762668608,-0.17851963609457017,0.11971246927976609,0.07911001309752465,0.625578647851944,-0.32882568538188933,-0.022199999999999998,0.3653767025470734,0.5411905348300934
1.4996154308319092,0.00040292833000421524,0.6432948112487793,0.0,0.0,0.0,1.0,-0.19019798087596892,0.044183086305856704,-0.04128065565824508,0.7173608327674865,0.00722250398248434,-0.34560737303733824,-0.36693234192848206,-0.12025620937347412,0.13806033661365508,0.9995712424087524,0.0387541726231575,-0.37900660327911373,-0.16441403269767763,-0.18334449112415313,0.12294794142246246,0.0812481215596199,0.6424861788749695,-0.33771286606788636,-0.022799999999999997,0.3752517485618591,0.5558173060417175
1.4996154308319092,0.00040292833000421524,0.6432948112487793,0.0,0.0,0.0,1.0,-0.18894003300428389,0.04534579910337925,-0.040985409754514694,0.7226334862613677,0.007412569876760244,-0.34757072495937347,-0.3703252982950211,-0.12342084646224975,0.14307508231401442,1.0122704856300353,0.03977401927113533,-0.38184888231277464,-0.16874071776866914,-0.18816934615373612,0.12618341356515883,0.08338623002171516,0.659393709897995,-0.34660004675388334,-0.023399999999999997,0.3851267945766449,0.5704440772533417
1.4996154308319092,0.00040292833000421524,0.6432948112487793,0.0,0.0,0.0,1.0,-0.18768208513259887,0.04650851190090179,-0.040690163850784306,0.7279061397552491,0.007602635771036148,-0.3495340768814087,-0.37371825466156006,-0.1265854835510254,0.14808982801437376,1.0249697288513184,0.04079386591911316,-0.38469116134643555,-0.17306740283966066,-0.1929942011833191,0.12941888570785523,0.08552433848381043,0.6763012409210205,-0.35548722743988037,-0.024,0.3950018405914307,0.5850708484649658
1.4996154308319092,0.00040292833000421524,0.6432948112487793,0.0,0.0,0.0,1.0,-0.18642413726091384,0.04767122469842434,-0.04039491794705391,0.7331787932491303,0.007792701665312052,-0.3514974288034439,-0.377111211028099,-0.12975012063980101,0.15310457371473313,1.0376689720726013,0.04181371256709099,-0.3875334403800964,-0.17739408791065217,-0.19781905621290208,0.1326543578505516,0.08766244694590569,0.6932087719440461,-0.3643744081258774,-0.0246,0.40487688660621646,0.59969761967659
1.4996154308319092,0.00040292833000421524,0.6432948112487793,0.0,0.0,0.0,1.0,-0.18516618938922882,0.04883393749594688,-0.040099672043323514,0.7384514467430114,0.007982767559587956,-0.35346078072547915,-0.38050416739463805,-0.13291475772857667,0.15811931941509247,1.0503682152938842,0.04283355921506882,-0.3903757194137573,-0.18172077298164369,-0.20264391124248504,0.13588982999324797,0.08980055540800094,0.7101163029670715,-0.3732615888118744,-0.0252,0.4147519326210022,0.6143243908882141
1.4996154308319092,0.00040292833000421524,0.6432948112487793,0.0,0.0,0.0,1.0,-0.18390824151754379,0.049996650293469426,-0.039804426139593126,0.7437241002368927,0.008172833453863859,-0.3554241326475144,-0.3838971237611771,-0.1360793948173523,0.1631340651154518,1.0630674585151674,0.043853405863046646,-0.3932179984474182,-0.1860474580526352,-0.20746876627206803,0.13912530213594437,0.09193866387009621,0.7270238339900971,-0.3821487694978714,-0.0258,0.42462697863578797,0.6289511620998383
1.4996154308319092,0.00040292833000421524,0.6432948112487793,0.0,0.0,0.0,1.0,-0.18265029364585877,0.05115936309099198,-0.03950918023586273,0.7489967537307739,0.008362899348139764,-0.35738748456954955,-0.38729008012771604,-0.13924403190612794,0.16814881081581115,1.0757667017364503,0.044873252511024475,-0.3960602774810791,-0.19037414312362672,-0.212293621301651,0.14236077427864074,0.09407677233219147,0.7439313650131225,-0.3910359501838684,-0.026399999999999996,0.43450202465057375,0.6435779333114624
1.4996154308319092,0.00040292833000421524,0.6432948112487793,0.0,0.0,0.0,1.0,-0.18139234577417374,0.05232207588851452,-0.039213934332132334,0.7542694072246551,0.008552965242415667,-0.3593508364915848,-0.39068303649425506,-0.14240866899490356,0.1731635565161705,1.0884659449577332,0.045893099159002304,-0.39890255651474,-0.19470082819461823,-0.217118476331234,0.14559624642133712,0.09621488079428672,0.7608388960361481,-0.3999231308698654,-0.026999999999999996,0.4443770706653595,0.6582047045230865
1.4996154308319092,0.00040292833000421524,0.6432948112487793,0.0,0.0,0.0,1.0,-0.1801343979024887,0.053484788686037066,-0.03891868842840195,0.7595420607185364,0.00874303113669157,-0.36131418841361995,-0.3940759928607941,-0.1455733060836792,0.17817830221652983,1.101165188179016,0.04691294580698013,-0.40174483554840085,-0.19902751326560975,-0.22194333136081695,0.14883171856403352,0.09835298925638199,0.7777464270591736,-0.40881031155586245,-0.0276,0.45425211668014526,0.6728314757347107
1.4996154308319092,0.00040292833000421524,0.6432948112487793,0.0,0.0,0.0,1.0,-0.17887645003080366,0.05464750148355961,-0.03862344252467156,0.7648147142124176,0.008933097030967474,-0.36327754033565524,-0.39746894922733306,-0.14873794317245484,0.18319304791688917,1.1138644314002992,0.04793279245495796,-0.40458711458206176,-0.20335419833660126,-0.22676818639039995,0.1520671907067299,0.10049109771847725,0.7946539580821991,-0.4176974922418594,-0.0282,0.46412716269493104,0.6874582469463348
1.4996154308319092,0.00040292833000421524,0.6432948112487793,0.0,0.0,0.0,1.0,-0.17761850215911865,0.055810214281082154,-0.03832819662094116,0.7700873677062988,0.009123162925243377,-0.36524089225769046,-0.400861905593872,-0.15190258026123046,0.18820779361724854,1.1265636746215821,0.04895263910293579,-0.40742939361572267,-0.20768088340759278,-0.2315930414199829,0.15530266284942626,0.10262920618057252,0.8115614891052246,-0.42658467292785646,-0.0288,0.4740022087097168,0.702085018157959
1.4996154308319092,0.00040292833000421524,0.6432948112487793,0.0,0.0,0.0,1.0,-0.1763605542874336,0.0569729270786047,-0.03803295071721077,0.7753600212001801,0.009313228819519282,-0.36720424417972564,-0.40425486196041105,-0.15506721735000611,0.19322253931760788,1.139262917842865,0.04997248575091362,-0.4102716726493835,-0.2120075684785843,-0.2364178964495659,0.15853813499212266,0.10476731464266777,0.8284690201282501,-0.43547185361385343,-0.0294,0.48387725472450255,0.7167117893695831
1.4996154308319092,0.00040292833000421524,0.6432948112487793,-0.050187624990940094,0.062123071402311325,-0.00043369573540985584,-0.996805727481842,-0.1751026064157486,0.05813563987612724,-0.03773770481348038,0.7806326746940613,0.009503294713795185,-0.36916759610176086,-0.4076478183269501,-0.15823185443878174,0.19823728501796722,1.151962161064148,0.05099233239889145,-0.41311395168304443,-0.2163342535495758,-0.24124275147914886,0.16177360713481903,0.10690542310476303,0.8453765511512756,-0.44435903429985046,-0.03,0.49375230073928833,0.7313385605812073
1.4993547201156616,0.0011672195978462696,0.639508068561554,-0.052118491381406784,0.0589742586016655,0.0011244647903367877,-0.996897280216217,-0.17960795760154724,0.0582486167550087,-0.022634495049715042,0.8013603091239929,-0.018987217918038368,-0.48163387179374695,-0.3850635290145874,-0.17258881032466888,0.1771707832813263,1.1130121946334839,0.0580923967063427,-0.5168367624282837,-0.21403877437114716,-0.2092992514371872,0.16038252413272858,0.17315028607845306,0.7761260867118835,-0.43399715423583984,-0.03,0.5121324062347412,0.7118411660194397
1.4982670545578003,0.0022754264064133167,0.6340867280960083,-0.055427972227334976,0.052216555923223495,0.00584797840565443,-0.9970791935920715,-0.19838303327560425,0.0512329638004303,-0.015179057605564594,0.8134114146232605,-0.04614390432834625,-0.5093196630477905,-0.38139575719833374,-0.18438822031021118,0.1723202019929886,1.0729647874832153,0.0613001324236393,-0.5845484733581543,-0.2035035789012909,-0.18259017169475555,0.15715107321739197,0.24601969122886658,0.7256761789321899,-0.43100664019584656,-0.03,0.5273579955101013,0.6935049295425415
1.4968961477279663,0.003161411266773939,0.6303454041481018,-0.05945948138833046,0.04420934244990349,0.011222119443118572,-0.9971880316734314,-0.22217723727226257,0.037273257970809937,-0.029937757179141045,0.8264425992965698,-0.09026853740215302,-0.5155541896820068,-0.405974417924881,-0.18609283864498138,0.19764268398284912,1.071463942527771,0.07287890464067459,-0.5900000000000001,-0.18728572130203247,-0.17095836997032166,0.1558849811553955,0.29333609342575073,0.7156394720077515,-0.4305175244808197,-0.03,0.5269603729248047,0.6835739016532898
1.495368242263794,0.003581136930733919,0.6284357905387878,-0.061984021216630936,0.03666631877422333,0.013352408073842525,-0.997313916683197,-0.2395174503326416,0.024594634771347046,-0.05364946648478508,0.8234854936599731,-0.14400328695774078,-0.5128273963928223,-0.43890729546546936,-0.18205206096172333,0.22439396381378174,1.0871952772140503,0.08810801059007645,-0.5900000000000001,-0.1713314950466156,-0.17417460680007935,0.16073863208293915,0.29883289337158203,0.7288917899131775,-0.42939504981040955,-0.03,0.5056343674659729,0.6858469247817993
1.4937366247177124,0.0035057272762060165,0.6277921795845032,-0.0631241723895073,0.030324196442961693,0.014484629034996033,-0.9974396228790283,-0.2549290955066681,0.017461078241467476,-0.07259328663349152,0.8202990293502808,-0.18395614624023438,-0.5096527338027954,-0.46279314160346985,-0.176873117685318,0.24170108139514923,1.0935081243515015,0.09951692819595337,-0.5900000000000001,-0.15111097693443298,-0.18701447546482086,0.16817137598991394,0.2656385600566864,0.7443720102310181,-0.4280227720737457,-0.03,0.474498450756073,0.7021534442901611
1.4922882318496704,0.0025309408083558083,0.6287036538124084,-0.06320557743310928,0.026083162054419518,0.013403569348156452,-0.9975695013999939,-0.26629897952079773,0.018114987760782242,-0.076920285820961,0.8150292038917542,-0.18499867618083954,-0.5004062056541443,-0.47212740778923035,-0.17351189255714417,0.24453793466091156,1.0870702266693115,0.10608446598052979,-0.5900000000000001,-0.13349154591560364,-0.20712296664714813,0.17634156346321106,0.21721811592578888,0.7644587159156799,-0.42753899097442627,-0.03,0.4555613398551941,0.7245738506317139
1.4909780025482178,0.0007373425178229809,0.6308454275131226,-0.06260348856449127,0.02372869849205017,0.009054110385477543,-0.9977151155471802,-0.26804885268211365,0.021681485697627068,-0.07963616400957108,0.7952874302864075,-0.17587591707706451,-0.4848993420600891,-0.4682495594024658,-0.17285224795341492,0.23430782556533813,1.070273756980896,0.11179917305707932,-0.5900000000000001,-0.1251702755689621,-0.2314154952764511,0.1839015930891037,0.18077747523784637,0.790046215057373,-0.4282418191432953,-0.03,0.45963940024375916,0.735331118106842
1.4897416830062866,-0.0016851122491061687,0.633632481098175,-0.06136056035757065,0.022646425291895866,0.0038263765163719654,-0.9978513121604919,-0.26476356387138367,0.025809844955801964,-0.0902932733297348,0.7705835103988647,-0.18179546296596527,-0.4669371545314789,-0.457093745470047,-0.17130838334560394,0.21943050622940063,1.0481690168380737,0.11925000697374344,-0.5894222855567932,-0.1216149553656578,-0.25305262207984924,0.1927216500043869,0.15843364596366882,0.8159855008125305,-0.43521901965141296,-0.03,0.4808014929294586,0.7391216158866882
1.488478660583496,-0.004464432597160339,0.6362435221672058,-0.058995310217142105,0.02192491851747036,-0.0005142251611687243,-0.9980173110961914,-0.26242581009864807,0.03373943269252777,-0.09956514090299606,0.7498252987861633,-0.18575409054756165,-0.4506326913833618,-0.4471098780632019,-0.16899849474430084,0.19694148004055023,1.0283890962600708,0.10979598760604858,-0.5778690576553345,-0.1164894700050354,-0.266960471868515,0.20376260578632355,0.14126066863536835,0.8356191515922546,-0.4519985318183899,-0.03,0.5050538778305054,0.7409100532531738
1.4871437549591064,-0.007330831605941057,0.6383752822875977,-0.05565556511282921,0.02131120301783085,-0.002793856430798769,-0.9982185959815979,-0.26111090183258057,0.04486031457781792,-0.10673540830612183,0.7337417006492615,-0.19091744720935822,-0.4383693039417267,-0.4387338161468506,-0.16240136325359344,0.17728088796138763,1.0102629661560059,0.09949207305908203,-0.5664272308349609,-0.1060003936290741,-0.27253004908561707,0.21596331894397736,0.12647882103919983,0.8544336557388306,-0.47780102491378784,-0.03,0.5209200978279114,0.7390723824501038
1.4858789443969727,-0.0099386190995574,0.6403232216835022,-0.05224304646253586,0.021260248497128487,-0.0039206636138260365,-0.9984002709388733,-0.2581852078437805,0.056407053023576736,-0.11134293675422668,0.7190017104148865,-0.1952606439590454,-0.4279518723487854,-0.4299362599849701,-0.15458817780017853,0.16094231605529785,0.992882251739502,0.09074853360652924,-0.555228590965271,-0.09271232038736343,-0.2699156403541565,0.22796261310577393,0.11501295119524002,0.8770696520805359,-0.5092620253562927,-0.03,0.5208633542060852,0.7325302362442017
1.4846742153167725,-0.01198048610240221,0.6422879695892334,-0.049700114876031876,0.021547971293330193,-0.004601082298904657,-0.9985209703445435,-0.2535179555416107,0.06576068699359894,-0.11217912286520004,0.703641951084137,-0.1959143877029419,-0.4171990156173706,-0.4211491644382477,-0.1486494541168213,0.14814011752605438,0.9759009480476379,0.0840722918510437,-0.5443846583366394,-0.07943116873502731,-0.26099586486816406,0.2387055605649948,0.10545908659696579,0.8996369242668152,-0.542066216468811,-0.03,0.5052646398544312,0.7205615639686584
1.4833946228027344,-0.013342078775167465,0.6443539261817932,-0.04839431867003441,0.021579865366220474,-0.005692248232662678,-0.9985789656639099,-0.24905838072299957,0.07148166745901108,-0.10997583717107773,0.6871708035469055,-0.1904502660036087,-0.405022531747818,-0.4137840270996094,-0.14623089134693146,0.13789978623390198,0.9593217372894287,0.0794437825679779,-0.5336959958076477,-0.06894099712371826,-0.24875546991825104,0.2464522421360016,0.09698263555765152,0.9163638949394226,-0.5735947489738464,-0.03,0.4785078465938568,0.7057516574859619
1.481954574584961,-0.014048811048269272,0.6465924382209778,-0.048189133405685425,0.02112664096057415,-0.007586044259369373,-0.9985859394073486,-0.24533531069755554,0.07349559664726257,-0.10632670670747757,0.6687105298042297,-0.18012990057468414,-0.39079704880714417,-0.4079456031322479,-0.14729610085487366,0.12935446202754974,0.9425733685493469,0.07699105888605118,-0.5228102803230286,-0.06229231134057045,-0.23616312444210052,0.24979616701602936,0.08918041735887527,0.9235162138938904,-0.6016518473625183,-0.03,0.4447881281375885,0.6934932470321655
1.4803649187088013,-0.01417346578091383,0.6489963531494141,-0.04876464977860451,0.02034870535135269,-0.009842537343502045,-0.9985543489456177,-0.2414540946483612,0.07269380986690521,-0.10133618116378784,0.6478968262672424,-0.16688400506973267,-0.3748069703578949,-0.40312936902046204,-0.15083320438861847,0.12251394987106323,0.9253135919570923,0.07644214481115341,-0.51141756772995,-0.05851983651518822,-0.2252180278301239,0.24825464189052582,0.08235623687505722,0.9224151372909546,-0.6241256594657898,-0.03,0.40843045711517334,0.6868624091148376
1.478646993637085,-0.013805774971842766,0.6514650583267212,-0.04979417845606804,0.0193626806139946,-0.01195012591779232,-0.9985001087188721,-0.2368754744529724,0.07001382857561111,-0.09541837126016617,0.6249854564666748,-0.1535150557756424,-0.357687771320343,-0.3992652893066406,-0.15578106045722961,0.11739658564329147,0.907731294631958,0.07686445116996765,-0.4994499683380127,-0.056255098432302475,-0.217645525932312,0.24240638315677643,0.07601964473724365,0.9177812337875366,-0.63970547914505,-0.0314866341650486,0.3732837736606598,0.6857532262802124
1.4768173694610596,-0.013045109808444977,0.6538022756576538,-0.05098479613661766,0.01819736137986183,-0.013671322725713253,-0.9984399080276489,-0.23219290375709534,0.06622811406850815,-0.08959414809942245,0.6015625596046448,-0.14242765307426453,-0.34054645895957947,-0.3968767523765564,-0.16114792227745056,0.11425533890724182,0.8909985423088074,0.07808121293783188,-0.4874696433544159,-0.05449885129928589,-0.21488693356513977,0.23333561420440674,0.06913409382104874,0.91469407081604,-0.6483460068702698,-0.035303231328725815,0.343921035528183,0.6897507905960083
1.4749201536178589,-0.012009025551378727,0.6557585000991821,-0.05206778272986412,0.016917642205953598,-0.01485980860888958,-0.9983896613121033,-0.2286098450422287,0.06212122365832329,-0.08483802527189255,0.5804749727249146,-0.13525637984275818,-0.3250076472759247,-0.39656007289886475,-0.16604290902614594,0.1132221668958664,0.8767644166946411,0.07978663593530655,-0.47638222575187683,-0.05216295272111893,-0.21781782805919647,0.2224796563386917,0.06066165864467621,0.916070818901062,-0.6507041454315186,-0.03697483614087105,0.32399073243141174,0.6992573738098145
1.473032832145691,-0.01082542259246111,0.6571323871612549,-0.05283700302243233,0.015682006254792213,-0.01537072379142046,-0.9983616471290588,-0.22698338329792023,0.05842877924442291,-0.08176786452531815,0.5644519329071045,-0.13297978043556213,-0.31272226572036743,-0.39859530329704285,-0.1696811318397522,0.11451837420463562,0.8666054606437683,0.08189835399389267,-0.4671407639980316,-0.04790957644581795,-0.22708885371685028,0.21151626110076904,0.04978953301906586,0.9231546521186829,-0.6470454335212708,-0.03666061908006668,0.3150155246257782,0.7152101993560791
1.4712588787078857,-0.009581570513546467,0.6578221321105957,-0.053251877427101135,0.014760713092982769,-0.015085089951753616,-0.9983580112457275,-0.2272108942270279,0.05553831905126572,-0.08028504252433777,0.5549952387809753,-0.13606832921504974,-0.30474135279655457,-0.4025864601135254,-0.17180587351322174,0.11811754107475281,0.8613485097885132,0.08411865681409836,-0.46040838956832886,-0.040668319910764694,-0.24279598891735077,0.2019583284854889,0.03676507622003555,0.9371689558029175,-0.6370707750320435,-0.03476134315133095,0.31658604741096497,0.7384722232818604
1.4696869850158691,-0.008292729035019875,0.6578031182289124,-0.05342382565140724,0.014386864379048347,-0.013990449719130993,-0.9983702301979065,-0.2288672924041748,0.05330651253461838,-0.07999642193317413,0.5526972413063049,-0.1438831239938736,-0.30156102776527405,-0.40804603695869446,-0.17262229323387146,0.12412669509649277,0.8614408373832703,0.08659110218286514,-0.45668816566467285,-0.03015761263668537,-0.26385173201560974,0.19477389752864838,0.02288111485540867,0.9590411186218262,-0.6209084987640381,-0.03191805258393288,0.3275124430656433,0.7688005566596985
1.4683740139007568,-0.006912747863680124,0.6570980548858643,-0.05359024554491043,0.014659139327704906,-0.012118344195187092,-0.9983818531036377,-0.23161718249320984,0.05115823447704315,-0.08018424361944199,0.5575895309448242,-0.1546093374490738,-0.30325672030448914,-0.41479042172431946,-0.17269225418567657,0.1328107714653015,0.8670664429664612,0.08953234553337097,-0.45620816946029663,-0.016844183206558228,-0.28770914673805237,0.19007310271263123,0.010266794823110104,0.9888104200363159,-0.5999624729156494,-0.03,0.3466804623603821,0.8042842149734497
1.4673206806182861,-0.005390150472521782,0.6557832360267639,-0.053979627788066864,0.015478395856916904,-0.009613695554435253,-0.9983757138252258,-0.2353052943944931,0.04845067486166954,-0.08030322194099426,0.5687898993492126,-0.16650797426700592,-0.30923181772232056,-0.4228819012641907,-0.17261216044425964,0.14424195885658264,0.8778456449508667,0.09315483272075653,-0.45877835154533386,-0.0017101060366258025,-0.31118127703666687,0.18735912442207336,0.0008700457401573658,1.0260974168777466,-0.5765843987464905,-0.03,0.3729343116283417,0.8412156105041504
1.4664658308029175,-0.0037412296514958143,0.6540874242782593,-0.054817259311676025,0.016500750556588173,-0.006736429873853922,-0.9983372688293457,-0.2408270239830017,0.04457017406821251,-0.07909118384122849,0.5859197378158569,-0.17271201312541962,-0.318734347820282,-0.43238791823387146,-0.17296521365642548,0.15806694328784943,0.8921715617179871,0.09748595207929611,-0.4635399878025055,0.014293244108557701,-0.33161723613739014,0.1859929859638214,-0.004698440432548523,1.0699000358581543,-0.5531923770904541,-0.03,0.4042331576347351,0.8749499917030334
1.4657398462295532,-0.0021025710739195347,0.6523332595825195,-0.05635158717632294,0.01740937866270542,-0.0038974862545728683,-0.9982514977455139,-0.2475614994764328,0.03935067355632782,-0.07492147386074066,0.6053768992424011,-0.1700054407119751,-0.3290748596191406,-0.44290220737457275,-0.17443647980690002,0.1732591837644577,0.9078027606010437,0.10230740904808044,-0.46911999583244324,0.030427660793066025,-0.3475583493709564,0.18510699272155762,-0.00704765971750021,1.1171554327011108,-0.5313355922698975,-0.032687749713659286,0.4373622238636017,0.9021945595741272
1.4650883674621582,-0.0005134479142725468,0.6506598591804504,-0.05866464972496033,0.01807679980993271,-0.001069155870936811,-0.9981134533882141,-0.252712219953537,0.03273700550198555,-0.06940335035324097,0.6210506558418274,-0.16705816984176636,-0.3375515937805176,-0.45437735319137573,-0.17710350453853607,0.1898309290409088,0.9236957430839539,0.10755390673875809,-0.4749069809913635,0.046945758163928986,-0.3588714301586151,0.18429750204086304,-0.008103366941213608,1.1643977165222168,-0.5113198757171631,-0.04255318269133568,0.4687693119049072,0.9212961196899414
1.4644724130630493,0.0010232352651655674,0.6491840481758118,-0.06189125403761864,0.01842333748936653,0.0020657754503190517,-0.9979106783866882,-0.25563180446624756,0.024660510942339897,-0.061438389122486115,0.6315158605575562,-0.1637410819530487,-0.3434123992919922,-0.46705085039138794,-0.18093904852867126,0.2084999680519104,0.9391679763793945,0.11316260695457458,-0.4803497791290283,0.06459933519363403,-0.3663206100463867,0.18292248249053955,-0.009760242886841297,1.2093228101730347,-0.49232789874076843,-0.05850162357091904,0.49710148572921753,0.9315824508666992
1.4638725519180298,0.0025375657714903355,0.6480138301849365,-0.06614561378955841,0.018507661297917366,0.005592205561697483,-0.997622549533844,-0.25555557012557983,0.014886988326907158,-0.05047095939517021,0.6355144381523132,-0.1598505973815918,-0.346083402633667,-0.4806203544139862,-0.18615470826625824,0.22951854765415192,0.9535052180290222,0.11921446770429611,-0.4849795997142792,0.08330617845058441,-0.37045902013778687,0.17976441979408264,-0.01305358950048685,1.2498362064361572,-0.473071426153183,-0.08044282346963882,0.5223394632339478,0.934260368347168
1.4632446765899658,0.004030894488096237,0.6473104953765869,-0.07137485593557358,0.01827440969645977,0.009581904858350754,-0.9972361326217651,-0.2519269585609436,0.0035127410665154457,-0.03621501848101616,0.6314406991004944,-0.15536712110042572,-0.3446076214313507,-0.4947357773780823,-0.1926562786102295,0.25269636511802673,0.9654021859169006,0.12563754618167877,-0.48797643184661865,0.10259858518838882,-0.37204569578170776,0.17422237992286682,-0.018158942461013794,1.2843998670578003,-0.45207861065864563,-0.1073400154709816,0.5453647971153259,0.9295374155044556
1.4624748229980469,0.0054626259952783585,0.6471809148788452,-0.0773981586098671,0.01734502986073494,0.014019724912941456,-0.9967506527900696,-0.24550627171993256,-0.009191084653139114,-0.019091783091425896,0.6183742880821228,-0.15039508044719696,-0.3382464349269867,-0.5100374817848206,-0.2000049352645874,0.27764612436294556,0.9737952947616577,0.13199791312217712,-0.4884376525878906,0.12149465829133987,-0.3715199828147888,0.1667821854352951,-0.024739278480410576,1.311516523361206,-0.42897897958755493,-0.13696050643920898,0.5675256848335266,0.9177483916282654
1.4615122079849243,0.0067908912897109985,0.6476408243179321,-0.08394418656826019,0.015537741594016552,0.018854409456253052,-0.9961708784103394,-0.23693403601646423,-0.02281288616359234,0.00020881765522062778,0.5963008403778076,-0.1451653689146042,-0.3268260061740875,-0.5267364978790283,-0.20758728682994843,0.3038921058177948,0.9782388806343079,0.13817912340164185,-0.4859824478626251,0.1387302130460739,-0.3680438697338104,0.15856830775737762,-0.03257645666599274,1.3305989503860474,-0.4035192131996155,-0.16683661937713623,0.5901758074760437,0.8981475830078125
1.4603817462921143,0.008028499782085419,0.6485310196876526,-0.0906820297241211,0.012933113612234592,0.02397557720541954,-0.9955072402954102,-0.22709053754806519,-0.03692411258816719,0.02064131386578083,0.5671980381011963,-0.13992205262184143,-0.31142228841781616,-0.5446826219558716,-0.21482306718826294,0.33082151412963867,0.9793674945831299,0.1440734565258026,-0.481082022190094,0.1528731733560562,-0.3605361580848694,0.15059208869934082,-0.04196595028042793,1.3431103229522705,-0.3756408095359802,-0.19522956013679504,0.6143442988395691,0.868964433670044
1.4591286182403564,0.009236575104296207,0.6495388746261597,-0.09732822328805923,0.00970884133130312,0.029086275026202202,-0.9947797656059265,-0.21770715713500977,-0.05124599486589432,0.04065205901861191,0.535142183303833,-0.1348130851984024,-0.29416558146476746,-0.5639340877532959,-0.22133547067642212,0.3579182028770447,0.9790142178535461,0.14981213212013245,-0.4749580919742584,0.1622215360403061,-0.34871864318847656,0.1431954950094223,-0.05343525484204292,1.3514717817306519,-0.345943808555603,-0.22160111367702484,0.6409904956817627,0.8284351825714111
1.4578325748443604,0.010468931868672371,0.6503524780273438,-0.10374543815851212,0.0062070973217487335,0.03376728668808937,-0.9940111041069031,-0.21024705469608307,-0.06,0.05871262773871422,0.5045213103294373,-0.12995953857898712,-0.2773599922657013,-0.5841789245605469,-0.22721028327941895,0.38456711173057556,0.9792764782905579,0.15554919838905334,-0.4691220819950104,0.16515061259269714,-0.3330496847629547,0.13630656898021698,-0.06764838844537735,1.3575210571289062,-0.3151964843273163,-0.24667905271053314,0.6707468628883362,0.7746192216873169
1.4566004276275635,0.01170763373374939,0.6507959961891174,-0.10991089046001434,0.0028924604412168264,0.03758795186877251,-0.9932261109352112,-0.20503802597522736,-0.06,0.07374552637338638,0.4781820476055145,-0.12544018030166626,-0.26259613037109375,-0.6043806076049805,-0.23290136456489563,0.4099258482456207,0.9815487265586853,0.16142401099205017,-0.46488702297210693,0.1603916436433792,-0.3142862021923065,0.13019578158855438,-0.0850038081407547,1.3624567985534668,-0.2844313681125641,-0.27161696553230286,0.7032923102378845,0.7059487104415894
1.4555165767669678,0.012832478620111942,0.6508457660675049,-0.11575791239738464,8.771922875894234e-05,0.04033154621720314,-0.992458164691925,-0.20171229541301727,-0.06,0.08531710505485535,0.45711782574653625,-0.1215159147977829,-0.2505241930484772,-0.6234415769577026,-0.2386072427034378,0.43301063776016235,0.9862155318260193,0.16712333261966705,-0.4628249704837799,0.1475745141506195,-0.2931526303291321,0.1259748935699463,-0.10492045432329178,1.3667525053024292,-0.2551349997520447,-0.2971416413784027,0.7363863587379456,0.6223494410514832
1.4546003341674805,0.013644704595208168,0.6505322456359863,-0.12110177427530289,-0.0022156047634780407,0.04207790642976761,-0.9917452931404114,-0.2005326896905899,-0.06,0.09344254434108734,0.44215574860572815,-0.1184302270412445,-0.24153509736061096,-0.6410462856292725,-0.24378177523612976,0.45309096574783325,0.9932360053062439,0.17192953824996948,-0.4629978835582733,0.12741106748580933,-0.2703658640384674,0.12529519200325012,-0.1254904419183731,1.3704886436462402,-0.22881154716014862,-0.3236645758152008,0.7660154104232788,0.5252098441123962
1.4538061618804932,0.013940922915935516,0.6498816013336182,-0.12571188807487488,-0.00430230051279068,0.043093860149383545,-0.9911209940910339,-0.20243661105632782,-0.06,0.09835487604141235,0.4341837465763092,-0.11664602905511856,-0.23605777323246002,-0.6576582193374634,-0.24736879765987396,0.4699067771434784,1.0023508071899414,0.17521889507770538,-0.46480029821395874,0.10134129226207733,-0.24658681452274323,0.12947075068950653,-0.14480501413345337,1.373632550239563,-0.20700572431087494,-0.3512781858444214,0.7883173823356628,0.41834691166877747
1.4530879259109497,0.013632102869451046,0.6490140557289124,-0.12943287193775177,-0.0064071472734212875,0.04373347759246826,-0.9906026124954224,-0.2073395848274231,-0.06,0.10083230584859848,0.43226248025894165,-0.11630354821681976,-0.23359329998493195,-0.6735584735870361,-0.2487030178308487,0.4832199215888977,1.0127795934677124,0.17593319714069366,-0.4674825072288513,0.07131869345903397,-0.22168982028961182,0.13814376294612885,-0.1620551198720932,1.3751459121704102,-0.19077558815479279,-0.3795519769191742,0.8013915419578552,0.30841055512428284
1.4524132013320923,0.012787031009793282,0.6481518149375916,-0.13222667574882507,-0.00861575361341238,0.04442177712917328,-0.9901860356330872,-0.21370403468608856,-0.06,0.10217776149511337,0.43320831656455994,-0.11719484627246857,-0.2326354831457138,-0.6883061528205872,-0.2477114498615265,0.4931824207305908,1.0227314233779907,0.17415201663970947,-0.4698874354362488,0.03988323360681534,-0.19542372226715088,0.14912743866443634,-0.17770759761333466,1.3745638132095337,-0.180120587348938,-0.4081028401851654,0.8060855865478516,0.20253843069076538
1.4517405033111572,0.011548885144293308,0.6475498080253601,-0.1340799331665039,-0.010992935858666897,0.045483238995075226,-0.9898650050163269,-0.2197730988264084,-0.06,0.10361584275960922,0.43328210711479187,-0.11891108751296997,-0.2313069999217987,-0.7010917663574219,-0.244522824883461,0.5003093481063843,1.029896855354309,0.17116960883140564,-0.470676988363266,0.009482570923864841,-0.1681380420923233,0.15969011187553406,-0.19247543811798096,1.3728971481323242,-0.17409400641918182,-0.43666934967041016,0.805762767791748,0.10659206658601761
1.4510382413864136,0.010070017538964748,0.6474107503890991,-0.134962260723114,-0.013499025255441666,0.04705257713794708,-0.9896407723426819,-0.22407494485378265,-0.06,0.10617810487747192,0.42967063188552856,-0.12100536376237869,-0.22812825441360474,-0.7110203504562378,-0.23945023119449615,0.5048182010650635,1.0325260162353516,0.168125182390213,-0.4688225984573364,-0.018262451514601707,-0.1404893547296524,0.16748015582561493,-0.20706556737422943,1.3725576400756836,-0.17089904844760895,-0.46484294533729553,0.805030345916748,0.024789607152342796
1.4503096342086792,0.008499993942677975,0.6478228569030762,-0.13488638401031494,-0.01596652716398239,0.04913078248500824,-0.9895133972167969,-0.22532092034816742,-0.06,0.11163084954023361,0.42081478238105774,-0.12361404299736023,-0.22218453884124756,-0.7174962162971497,-0.23311597108840942,0.5064444541931152,1.0299924612045288,0.16461308300495148,-0.46413177251815796,-0.042666345834732056,-0.11296223849058151,0.17067626118659973,-0.22170740365982056,1.376102089881897,-0.16832803189754486,-0.49204665422439575,0.8081748485565186,-0.04065592586994171
1.4495370388031006,0.006995317526161671,0.648711621761322,-0.1339121013879776,-0.018297219648957253,0.051399607211351395,-0.9894901514053345,-0.2227948009967804,-0.06,0.12330921739339828,0.4064975380897522,-0.12707935273647308,-0.21336998045444489,-0.7207697629928589,-0.22627247869968414,0.5048924684524536,1.0230190753936768,0.15992365777492523,-0.45708295702934265,-0.06395141780376434,-0.0863490030169487,0.16832466423511505,-0.23596833646297455,1.3855702877044678,-0.1641925722360611,-0.5175231695175171,0.8176339864730835,-0.08963020890951157
1.4486581087112427,0.005702618509531021,0.6499595642089844,-0.1322743147611618,-0.02064821682870388,0.05339154228568077,-0.9895586967468262,-0.2178596407175064,-0.06,0.14309746026992798,0.3882499039173126,-0.13020627200603485,-0.20159918069839478,-0.7222490906715393,-0.21983659267425537,0.500150740146637,1.0128650665283203,0.15292146801948547,-0.4483007788658142,-0.08243070542812347,-0.06183222308754921,0.16047361493110657,-0.24829618632793427,1.4010989665985107,-0.1566735804080963,-0.5403130650520325,0.8335491418838501,-0.12356957793235779
1.4475923776626587,0.004764953628182411,0.6513558030128479,-0.1303703784942627,-0.023310309275984764,0.05476665124297142,-0.9896770715713501,-0.21233969926834106,-0.06,0.17069050669670105,0.3680543303489685,-0.13261696696281433,-0.18744198977947235,-0.724218487739563,-0.21530120074748993,0.4918336868286133,1.0008244514465332,0.14576080441474915,-0.43813496828079224,-0.097882941365242,-0.04048154503107071,0.1482122838497162,-0.25744643807411194,1.4195969104766846,-0.1447754055261612,-0.5594238042831421,0.8544659614562988,-0.1449192762374878
1.4463517665863037,0.0042444393038749695,0.6526846885681152,-0.12859797477722168,-0.02624673582613468,0.055519506335258484,-0.9897934794425964,-0.206229105591774,-0.06,0.20434854924678802,0.3463114798069,-0.13576927781105042,-0.1714657098054886,-0.7288461327552795,-0.2137770652770996,0.4816235303878784,0.9888787865638733,0.13789759576320648,-0.4269602596759796,-0.10957124084234238,-0.02278280071914196,0.1332649290561676,-0.263323038816452,1.4370534420013428,-0.1281326562166214,-0.5737829804420471,0.8785703778266907,-0.14999999999999997
1.4450186491012573,0.004184337332844734,0.6537173986434937,-0.12739257514476776,-0.02916860394179821,0.056074388325214386,-0.9898362159729004,-0.19868221879005432,-0.06,0.24202954769134521,0.3228093385696411,-0.14182518422603607,-0.15415693819522858,-0.7369764447212219,-0.21564461290836334,0.4709457457065582,0.9794983267784119,0.13142943382263184,-0.41561681032180786,-0.11639915406703949,-0.009035550057888031,0.11737014353275299,-0.2662615180015564,1.4509847164154053,-0.10710462927818298,-0.5828309655189514,0.9041489362716675,-0.14999999999999997
1.443642497062683,0.004564536735415459,0.6544309854507446,-0.12735722959041595,-0.031913917511701584,0.05697929114103317,-0.989704430103302,-0.19173111021518707,-0.06,0.28082606196403503,0.30153387784957886,-0.14448213577270508,-0.1380762904882431,-0.7470816969871521,-0.22113366425037384,0.4614774286746979,0.9721194505691528,0.12546491622924805,-0.40731456875801086,-0.11773332208395004,0.000422420387621969,0.10180550813674927,-0.2662845551967621,1.46,-0.0832407996058464,-0.5868610739707947,0.9301035404205322,-0.14999999999999997
1.4423863887786865,0.005208542570471764,0.6547693014144897,-0.1279776245355606,-0.033875759690999985,0.057882945984601974,-0.989506721496582,-0.18480344116687775,-0.06,0.3191560208797455,0.29000000000000004,-0.14623798429965973,-0.12489459663629532,-0.7600290179252625,-0.2278101146221161,0.4547958970069885,0.9696987867355347,0.12048541754484177,-0.398441880941391,-0.11511357128620148,0.006782142445445061,0.088636115193367,-0.2633742094039917,1.46,-0.05696580186486244,-0.5857090950012207,0.9543946981430054,-0.14999999999999997
1.4411903619766235,0.006024222820997238,0.6547040939331055,-0.12930342555046082,-0.035168178379535675,0.05888696014881134,-0.9892299771308899,-0.17956247925758362,-0.06,0.35526955127716064,0.29000000000000004,-0.1471419483423233,-0.11549878865480423,-0.7718375325202942,-0.2364630550146103,0.44866809248924255,0.9693718552589417,0.11575154215097427,-0.3946959674358368,-0.10915006697177887,0.010503753088414669,0.07876676321029663,-0.25754493474960327,1.46,-0.03028794378042221,-0.5804626941680908,0.9758020043373108,-0.14999999999999997
1.4401177167892456,0.006843230687081814,0.6543582081794739,-0.13056887686252594,-0.03559049963951111,0.05936625227332115,-0.9890201091766357,-0.1750706285238266,-0.06,0.38811811804771423,0.29000000000000004,-0.14823374152183533,-0.10992200672626495,-0.7841635942459106,-0.24425514042377472,0.4451240003108978,0.973050594329834,0.1135946735739708,-0.389460027217865,-0.10177721083164215,0.012670486234128475,0.07309472560882568,-0.24978943169116974,1.46,-0.004109210334718227,-0.5714671015739441,0.9932432174682617,-0.14999999999999997
1.4391005039215088,0.007656271569430828,0.6538004875183105,-0.13201145827770233,-0.03545042872428894,0.05962757393717766,-0.9888177514076233,-0.17292062938213348,-0.05895229056477547,0.4162784516811371,0.29000000000000004,-0.14903117716312408,-0.10763046890497208,-0.7928827404975891,-0.25305724143981934,0.440957248210907,0.9758977293968201,0.11328842490911484,-0.3890150487422943,-0.09288571029901505,0.013547576032578945,0.07096681743860245,-0.24038363993167877,1.46,0.019805578514933586,-0.5605754852294922,1.0065313577651978,-0.14999999999999997
1.4381444454193115,0.00842345878481865,0.6530960202217102,-0.13301673531532288,-0.034856025129556656,0.05929950624704361,-0.988723874092102,-0.17062224447727203,-0.0553184449672699,0.4407946765422821,0.29000000000000004,-0.15033367276191711,-0.10878623276948929,-0.8016018867492676,-0.26022717356681824,0.4390672445297241,0.9810308218002319,0.11768136918544769,-0.3856775462627411,-0.0836949497461319,0.013669491745531559,0.07221557945013046,-0.22973138093948364,1.46,0.040524113923311234,-0.5483798980712891,1.0155094861984253,-0.14999999999999997
1.437146544456482,0.009256506338715553,0.6523457765579224,-0.1340513676404953,-0.034332629293203354,0.058663465082645416,-0.9886403679847717,-0.17059235274791718,-0.05175561457872391,0.4607495069503784,0.29000000000000004,-0.15112915635108948,-0.11084602028131485,-0.807946503162384,-0.267450749874115,0.43709665536880493,0.9847709536552429,0.1244136318564415,-0.3850958049297333,-0.0741581842303276,0.01278924010694027,0.07541730254888535,-0.21846850216388702,1.46,0.05650295317173004,-0.5372084379196167,1.02060866355896,-0.14999999999999997
1.4361494779586792,0.010168985463678837,0.651669979095459,-0.13495059311389923,-0.033880870789289474,0.05758513882756233,-0.98859703540802,-0.17262226343154907,-0.04916033521294594,0.4780125319957733,0.2959939241409302,-0.15146580338478088,-0.11285547912120819,-0.8135057687759399,-0.2747606337070465,0.4361110329627991,0.9858588576316833,0.13357630372047424,-0.3835158944129944,-0.06506885588169098,0.011337262578308582,0.07989242672920227,-0.2076326459646225,1.46,0.06807325035333633,-0.5281973481178284,1.0216939449310303,-0.14999999999999997
1.435152292251587,0.011185736395418644,0.6510791182518005,-0.1356445699930191,-0.03350517153739929,0.05624885857105255,-0.9885918498039246,-0.17528152465820312,-0.04664786532521248,0.49331384897232056,0.3054842948913574,-0.15060414373874664,-0.11490439623594284,-0.8185679912567139,-0.28103145956993103,0.4352770745754242,0.9877031445503235,0.1445128172636032,-0.38079744577407837,-0.056510668247938156,0.009538211859762669,0.08502906560897827,-0.1972518414258957,1.46,0.07589232176542282,-0.5221491456031799,1.0186883211135864,-0.14999999999999997
1.4341354370117188,0.012341238558292389,0.6505523920059204,-0.1363706737756729,-0.033332791179418564,0.05481718108057976,-0.9885783195495605,-0.17830169200897217,-0.04480282962322235,0.5073361992835999,0.3141677677631378,-0.14907027781009674,-0.11664879322052002,-0.8227627277374268,-0.28701481223106384,0.43501725792884827,0.9880449771881104,0.155955508351326,-0.3787004053592682,-0.04865281283855438,0.007429668214172125,0.09002211689949036,-0.18809111416339874,1.46,0.08037395775318146,-0.519609808921814,1.0122902393341064,-0.14999999999999997
1.433107852935791,0.013660991564393044,0.6500892639160156,-0.13715814054012299,-0.03332800045609474,0.053134381771087646,-0.9885612726211548,-0.18154211342334747,-0.04389673471450806,0.5194844007492065,0.3218286633491516,-0.14696992933750153,-0.1178973987698555,-0.8269284963607788,-0.29315871000289917,0.43533679842948914,0.9875220656394958,0.16842132806777954,-0.3762156367301941,-0.04211539775133133,0.005092170555144548,0.09428592771291733,-0.18070323765277863,1.46,0.08242280036211014,-0.5205307006835938,1.003298044204712,-0.14999999999999997
1.4321271181106567,0.015162302181124687,0.6497246623039246,-0.1379740685224533,-0.033334728330373764,0.051376305520534515,-0.988540530204773,-0.18427415192127228,-0.044059690088033676,0.5307363271713257,0.3278200030326843,-0.14437474310398102,-0.11876163631677628,-0.8318866491317749,-0.2990927994251251,0.43552595376968384,0.9881839752197266,0.1733522266149521,-0.37413179874420166,-0.0367608368396759,0.002987929154187441,0.09749861806631088,-0.175428569316864,1.46,0.08312437683343887,-0.524374783039093,0.9926872849464417,-0.14999999999999997
1.431215763092041,0.01685289852321148,0.6494386196136475,-0.13890810310840607,-0.03327927365899086,0.04970531910657883,-0.9884970188140869,-0.18615667521953583,-0.045456662774086,0.5414947867393494,0.33216527104377747,-0.14135418832302094,-0.11926767975091934,-0.8370145559310913,-0.3052186667919159,0.4362339973449707,0.9889683723449707,0.17635804414749146,-0.3720974028110504,-0.03250059485435486,0.0012325074058026075,0.09940771758556366,-0.17204439640045166,1.46,0.08312926441431046,-0.5301902294158936,0.9815972447395325,-0.14999999999999997
1.430376648902893,0.01869412511587143,0.6492140889167786,-0.13994677364826202,-0.03318493068218231,0.048212680965662,-0.9884276390075684,-0.1873578429222107,-0.04794250801205635,0.5516228079795837,0.3351650536060333,-0.13804316520690918,-0.11962224543094635,-0.8421207666397095,-0.31165769696235657,0.4372085630893707,0.9892144203186035,0.1793731153011322,-0.3697566092014313,-0.029246840626001358,-0.0003780631523113698,0.10008032619953156,-0.16999001801013947,1.46,0.08280983567237854,-0.5368152260780334,0.9709116816520691,-0.14999999999999997
1.4296013116836548,0.020645419135689735,0.6490740180015564,-0.14103057980537415,-0.03314632177352905,0.04714519903063774,-0.988326370716095,-0.18792398273944855,-0.05133965238928795,0.5613846182823181,0.3366355299949646,-0.1345452070236206,-0.11975295841693878,-0.8474575281143188,-0.3181043267250061,0.43832671642303467,0.9886500239372253,0.1824297457933426,-0.3666151762008667,-0.026517415419220924,-0.0020192174706608057,0.0997970700263977,-0.16878001391887665,1.46,0.08221974968910217,-0.5434438586235046,0.9612331986427307,-0.14999999999999997
1.428896188735962,0.022680986672639847,0.6490060687065125,-0.1421215683221817,-0.03319702297449112,0.04669239744544029,-0.9881898164749146,-0.18803885579109192,-0.05547065660357475,0.5704365372657776,0.3369527757167816,-0.13094407320022583,-0.1199711486697197,-0.8531875610351562,-0.32429033517837524,0.43958672881126404,0.987273097038269,0.18532930314540863,-0.3625987768173218,-0.0240512453019619,-0.003837410593405366,0.09880581498146057,-0.16780740022659302,1.46,0.08145688474178314,-0.5493962168693542,0.9530806541442871,-0.14999999999999997
1.4282827377319336,0.02476547472178936,0.6489919424057007,-0.14315703511238098,-0.033258166164159775,0.04683295264840126,-0.9880315661430359,-0.18797022104263306,-0.06,0.5780131816864014,0.3368193805217743,-0.12743479013442993,-0.12062394618988037,-0.859171986579895,-0.3301498293876648,0.4402221739292145,0.9853367805480957,0.1875942200422287,-0.3578530251979828,-0.02202734351158142,-0.005818125791847706,0.09744925051927567,-0.16672717034816742,1.46,0.08072717487812042,-0.5540666580200195,0.9466863870620728,-0.14999999999999997
1.4277777671813965,0.02688014879822731,0.649013102054596,-0.14418768882751465,-0.033302731812000275,0.04762187972664833,-0.9878425002098083,-0.18771205842494965,-0.06,0.5843703150749207,0.3363014757633209,-0.12392136454582214,-0.1217038482427597,-0.8656224012374878,-0.3357742726802826,0.4402799606323242,0.9830420017242432,0.18932785093784332,-0.3524130880832672,-0.02047479711472988,-0.007851663045585155,0.0959099680185318,-0.16487765312194824,1.46,0.07984703034162521,-0.5571748614311218,0.9421091079711914,-0.14999999999999997
1.4274234771728516,0.029001452028751373,0.6490329504013062,-0.14526718854904175,-0.03323958441615105,0.04919736459851265,-0.987609326839447,-0.18703342974185944,-0.06,0.5903706550598145,0.33565789461135864,-0.12047538161277771,-0.12340375781059265,-0.8725053668022156,-0.34122973680496216,0.4400986135005951,0.9806694388389587,0.19065062701702118,-0.34643760323524475,-0.01920989900827408,-0.009825090877711773,0.09431292861700058,-0.16235952079296112,1.46,0.07887044548988342,-0.5583122372627258,0.9390185475349426,-0.14999999999999997
1.427250623703003,0.03111170046031475,0.6489879488945007,-0.14636516571044922,-0.032993510365486145,0.051516078412532806,-0.9873371124267578,-0.18578872084617615,-0.06,0.5964928865432739,0.3360435962677002,-0.11756852269172668,-0.12629401683807373,-0.8796985745429993,-0.3465501666069031,0.43990764021873474,0.9786861538887024,0.19176103174686432,-0.34047216176986694,-0.018407557159662247,-0.01186447124928236,0.09287554025650024,-0.15897254645824432,1.46,0.07791458070278168,-0.5574667453765869,0.9370132088661194,-0.14999999999999997
1.4272527694702148,0.033223170787096024,0.6488563418388367,-0.14750133454799652,-0.03261454775929451,0.054309722036123276,-0.9870308637619019,-0.1842474788427353,-0.06,0.6030233502388,0.3377451002597809,-0.11492513865232468,-0.1303406059741974,-0.887249231338501,-0.3518134653568268,0.4398622214794159,0.9773055911064148,0.19276022911071777,-0.3347366154193878,-0.01866062544286251,-0.014272674918174744,0.09168527275323868,-0.1547665297985077,1.46,0.07665939629077911,-0.5551649332046509,0.9360433220863342,-0.14999999999999997
1.4274311065673828,0.03533760458230972,0.6486632823944092,-0.14866438508033752,-0.03209853172302246,0.05732427164912224,-0.9867028594017029,-0.1823306828737259,-0.06,0.6098742485046387,0.34023317694664,-0.11258020997047424,-0.13518019020557404,-0.8947003483772278,-0.35705673694610596,0.4401457607746124,0.9764278531074524,0.19383330643177032,-0.32946255803108215,-0.020428797230124474,-0.017108866944909096,0.0907386913895607,-0.14990514516830444,1.46,0.07492556422948837,-0.551889181137085,0.9359833598136902,-0.14999999999999997
1.4277771711349487,0.0374382883310318,0.6484407782554626,-0.14978985488414764,-0.031451817601919174,0.0603940486907959,-0.986370325088501,-0.18000732362270355,-0.06,0.6167577505111694,0.3431318700313568,-0.11047814041376114,-0.1405174732208252,-0.9015496969223022,-0.36205610632896423,0.4408341646194458,0.9758586883544922,0.19503125548362732,-0.32476669549942017,-0.023841790854930878,-0.02031732350587845,0.09010481089353561,-0.14509302377700806,1.46,0.07255025953054428,-0.5480050444602966,0.936515212059021,-0.14999999999999997
1.4282639026641846,0.03950785472989082,0.6482139825820923,-0.15079538524150848,-0.030745461583137512,0.06340309232473373,-0.9860504269599915,-0.1775059998035431,-0.06,0.6234188675880432,0.3463495373725891,-0.10857771337032318,-0.14617662131786346,-0.9075474739074707,-0.3664938807487488,0.4418891370296478,0.9753959774971008,0.19629457592964172,-0.3206368088722229,-0.028773795813322067,-0.02386453188955784,0.08987193554639816,-0.14107780158519745,1.46,0.0694415345788002,-0.543748676776886,0.9370890855789185,-0.14999999999999997
1.4288585186004639,0.04153955727815628,0.6480022072792053,-0.15162265300750732,-0.030065618455410004,0.0662444680929184,-0.98575758934021,-0.17510350048542023,-0.06,0.6296285390853882,0.3498285710811615,-0.10682577639818192,-0.15200623869895935,-0.9126127362251282,-0.3702525496482849,0.4431667923927307,0.9748367667198181,0.197616308927536,-0.31696873903274536,-0.03503240644931793,-0.02770952694118023,0.09003259241580963,-0.1381315290927887,1.46,0.06566815078258514,-0.5393791794776917,0.9371320009231567,-0.14999999999999997
1.4295240640640259,0.04351222142577171,0.6478300094604492,-0.15222015976905823,-0.029469482600688934,0.0688246414065361,-0.9855067133903503,-0.17296522855758667,-0.06,0.63520348072052,0.3534068465232849,-0.10516800731420517,-0.15778765082359314,-0.9164339900016785,-0.3732162117958069,0.44529375433921814,0.9739542603492737,0.1989651322364807,-0.3139020800590515,-0.042416688054800034,-0.031731825321912766,0.09053726494312286,-0.13634301722049713,1.4585422277450562,0.061434485018253326,-0.5351150631904602,0.9363763332366943,-0.14999999999999997
1.430248737335205,0.0454183965921402,0.6477210521697998,-0.1525464653968811,-0.028937097638845444,0.07101429253816605,-0.9853166341781616,-0.17100313305854797,-0.06,0.6399253606796265,0.3567909896373749,-0.10358455032110214,-0.16331200301647186,-0.9187529683113098,-0.37565770745277405,0.4474004805088043,0.9726116061210632,0.20028463006019592,-0.3113017678260803,-0.0507938489317894,-0.03568476811051369,0.09122537076473236,-0.13552451133728027,1.45448899269104,0.05709304288029671,-0.5312492847442627,0.9348440170288086,-0.14999999999999997
1.4310351610183716,0.04728110134601593,0.6476793885231018,-0.15263226628303528,-0.0284985713660717,0.07290488481521606,-0.9851781129837036,-0.16915108263492584,-0.06,0.6440013647079468,0.3597959280014038,-0.10204336792230606,-0.16855399310588837,-0.920177161693573,-0.3780069053173065,0.4478812515735626,0.9707005620002747,0.20202767848968506,-0.30859893560409546,-0.05956632271409035,-0.03935336321592331,0.09181901067495346,-0.1354403793811798,1.4502744674682617,0.05290086194872856,-0.5281086564064026,0.9327123761177063,-0.14999999999999997
1.4318840503692627,0.04910672456026077,0.6476898193359375,-0.1526000052690506,-0.028247155249118805,0.07479739189147949,-0.9850485920906067,-0.16734200716018677,-0.06,0.6480628252029419,0.36212578415870667,-0.10060423612594604,-0.17347338795661926,-0.9218334555625916,-0.38058358430862427,0.4455941617488861,0.968205451965332,0.20362122356891632,-0.30538415908813477,-0.06777828931808472,-0.04261340945959091,0.0920369103550911,-0.13571284711360931,1.4461599588394165,0.04884980991482735,-0.5258148908615112,0.9303669333457947,-0.14999999999999997
1.4327706098556519,0.050866901874542236,0.6477978825569153,-0.15242967009544373,-0.028228722512722015,0.07693719118833542,-0.9849106073379517,-0.16532425582408905,-0.06,0.6526293754577637,0.3631156086921692,-0.09932948648929596,-0.17766524851322174,-0.9243817925453186,-0.3824438154697418,0.4424807131290436,0.9663421511650085,0.19964595139026642,-0.30204102396965027,-0.07476245611906052,-0.045381344854831696,0.09181268513202667,-0.1361309438943863,1.4427337646484375,0.04482778534293175,-0.5242058038711548,0.9283081889152527,-0.14999999999999997
1.4337170124053955,0.05257759243249893,0.6479899287223816,-0.15213777124881744,-0.028277598321437836,0.07925999164581299,-0.9847701191902161,-0.16272315382957458,-0.06,0.6576278805732727,0.3627687394618988,-0.09823669493198395,-0.18130509555339813,-0.9270018339157104,-0.3841121196746826,0.4380767047405243,0.9643672108650208,0.19411404430866241,-0.2982602119445801,-0.08065764605998993,-0.04744698107242584,0.09103453904390335,-0.13666673004627228,1.4406312704086304,0.04103073850274086,-0.5234716534614563,0.9269336462020874,-0.14999999999999997
1.4347186088562012,0.054228365421295166,0.6482164859771729,-0.15184372663497925,-0.02841372787952423,0.08185946941375732,-0.9845988750457764,-0.15970705449581146,-0.06,0.6632015109062195,0.36145374178886414,-0.0973651111125946,-0.18457382917404175,-0.9297894239425659,-0.38694190979003906,0.43213707208633423,0.9617176651954651,0.18725429475307465,-0.2947070598602295,-0.0852375477552414,-0.048875629901885986,0.08972477912902832,-0.13714973628520966,1.4399229288101196,0.03724242001771927,-0.5236400365829468,0.926421046257019,-0.14999999999999997
1.4357688426971436,0.05573161691427231,0.6485180258750916,-0.15137933194637299,-0.02861870639026165,0.08470161259174347,-0.9844240546226501,-0.15618735551834106,-0.06,0.6692069172859192,0.35905447602272034,-0.09679407626390457,-0.18735645711421967,-0.9336478114128113,-0.3903766870498657,0.4262591004371643,0.9592547416687012,0.17752200365066528,-0.2896588444709778,-0.08859767019748688,-0.04968878626823425,0.08831099420785904,-0.13779976963996887,1.4406129121780396,0.03345969319343567,-0.5243460536003113,0.926436722278595,-0.14999999999999997
1.4368635416030884,0.05712636932730675,0.648808479309082,-0.15101762115955353,-0.028934506699442863,0.0878681093454361,-0.9841928482055664,-0.15245093405246735,-0.06,0.6758460998535156,0.35601577162742615,-0.09646580368280411,-0.1898343712091446,-0.9377049207687378,-0.3933628797531128,0.41787928342819214,0.9569339752197266,0.16779448091983795,-0.285118043422699,-0.09075596183538437,-0.05006364360451698,0.08665870130062103,-0.1384015530347824,1.4424445629119873,0.02954094484448433,-0.5258910059928894,0.9267328977584839,-0.14999999999999997
1.4380106925964355,0.058389678597450256,0.6490404009819031,-0.1508418619632721,-0.029254546388983727,0.09115993976593018,-0.9839109778404236,-0.1484621912240982,-0.06,0.6827422380447388,0.35262349247932434,-0.09648068994283676,-0.19213692843914032,-0.942340075969696,-0.397520512342453,0.4095227122306824,0.9539838433265686,0.15682998299598694,-0.2811603546142578,-0.0923827663064003,-0.05003074184060097,0.08494319021701813,-0.13900230824947357,1.4452255964279175,0.025472236797213554,-0.5279847383499146,0.9273708462715149,-0.14999999999999997
1.4391982555389404,0.059477560222148895,0.6492429971694946,-0.150675967335701,-0.029487689957022667,0.09449324011802673,-0.9836148023605347,-0.14415544271469116,-0.06,0.6896504759788513,0.34916648268699646,-0.09679769724607468,-0.19438117742538452,-0.9478228688240051,-0.40097829699516296,0.4022163450717926,0.95350581407547,0.14736509323120117,-0.2761593163013458,-0.09386815130710602,-0.049687404185533524,0.08357977122068405,-0.13952863216400146,1.4487824440002441,0.02147362194955349,-0.5300523042678833,0.9278987050056458,-0.14999999999999997
1.4404246807098389,0.0604187473654747,0.64930260181427,-0.15078815817832947,-0.02962566539645195,0.09785851091146469,-0.9832643866539001,-0.1399364471435547,-0.06,0.6965346336364746,0.3465956747531891,-0.09734339267015457,-0.19703787565231323,-0.9524199962615967,-0.4047587215900421,0.3940562605857849,0.9519999027252197,0.1382383108139038,-0.2738713026046753,-0.09543443471193314,-0.04922185838222504,0.08253934234380722,-0.1398123800754547,1.45252525806427,0.017614582553505898,-0.5321759581565857,0.9279547929763794,-0.14999999999999997
1.4416301250457764,0.06113676354289055,0.6493328809738159,-0.15078668296337128,-0.029689278453588486,0.10100256651639938,-0.9829447865486145,-0.13585758209228516,-0.06,0.702832043170929,0.34459152817726135,-0.09824404865503311,-0.19974443316459656,-0.9581809043884277,-0.40768393874168396,0.3893755376338959,0.9530131816864014,0.1314729005098343,-0.2693285048007965,-0.0976841002702713,-0.04882656782865524,0.08237923681735992,-0.14018157124519348,1.4561771154403687,0.013943332247436047,-0.5334197282791138,0.9273777008056641,-0.14999999999999997
1.4428097009658813,0.061675868928432465,0.6492581963539124,-0.15088561177253723,-0.029639318585395813,0.10398731380701065,-0.9826198220252991,-0.13218170404434204,-0.06,0.7086091637611389,0.34402036666870117,-0.0995093584060669,-0.2027939110994339,-0.9621794819831848,-0.40979090332984924,0.3839709758758545,0.9541108012199402,0.12505663931369781,-0.2680562436580658,-0.1005655825138092,-0.048590756952762604,0.08287589251995087,-0.14062005281448364,1.4594037532806396,0.010641181841492653,-0.5341248512268066,0.9259691834449768,-0.14999999999999997
1.443934679031372,0.06204644963145256,0.6490913033485413,-0.1510254144668579,-0.029484568163752556,0.10661841928958893,-0.9823209643363953,-0.12898679077625275,-0.06,0.7135763168334961,0.34472644329071045,-0.10081382095813751,-0.20623274147510529,-0.9646764993667603,-0.4119446873664856,0.37899819016456604,0.9541674256324768,0.11980955302715302,-0.2687338590621948,-0.10447188466787338,-0.048623278737068176,0.08404144644737244,-0.14140643179416656,1.46,0.007660539820790291,-0.5342347621917725,0.9239600300788879,-0.14999999999999997
1.4449585676193237,0.06220071017742157,0.6489332914352417,-0.15089239180088043,-0.029250038787722588,0.1087566390633583,-0.9821140170097351,-0.12634553015232086,-0.06,0.717315137386322,0.346576988697052,-0.10231050848960876,-0.20972087979316711,-0.9665538668632507,-0.4133429527282715,0.3765537142753601,0.9553431272506714,0.1162860319018364,-0.26860180497169495,-0.10956250131130219,-0.04887305200099945,0.08609069883823395,-0.14276067912578583,1.46,0.005071094259619713,-0.5334512591362,0.9215054512023926,-0.14999999999999997
1.4458696842193604,0.062170952558517456,0.6487945318222046,-0.15048722922801971,-0.02901126816868782,0.11040684580802917,-0.9819990396499634,-0.12441814690828323,-0.06,0.7198948264122009,0.3495076298713684,-0.10385951399803162,-0.21323856711387634,-0.9678353071212769,-0.4133715033531189,0.37458476424217224,0.9580981731414795,0.11579619348049164,-0.26741066575050354,-0.11563994735479355,-0.049340151250362396,0.08876318484544754,-0.14467407763004303,1.46,0.0028663172852247953,-0.5321395993232727,0.9186093211174011,-0.14999999999999997
1.446646809577942,0.062035344541072845,0.6486188173294067,-0.150044783949852,-0.02887520007789135,0.11164002865552902,-0.9819313883781433,-0.12352664023637772,-0.06,0.7215448617935181,0.35355448722839355,-0.10538934171199799,-0.2168111950159073,-0.967488169670105,-0.4127002954483032,0.37176236510276794,0.9596236944198608,0.11523610353469849,-0.2685014009475708,-0.12241276353597641,-0.050044696778059006,0.09160101413726807,-0.1474025845527649,1.46,0.0007971625309437513,-0.5309842824935913,0.9157683849334717,-0.14999999999999997
1.4472851753234863,0.061821505427360535,0.6484459638595581,-0.14947375655174255,-0.02880282700061798,0.11233307421207428,-0.9819415211677551,-0.1235538050532341,-0.06,0.7219995856285095,0.3584684431552887,-0.10672913491725922,-0.22034399211406708,-0.9663432240486145,-0.4118662476539612,0.36883413791656494,0.9608107209205627,0.11608238518238068,-0.2696886658668518,-0.12992845475673676,-0.05079410597681999,0.09444223344326019,-0.15114769339561462,1.46,-0.0009979140013456345,-0.5300659537315369,0.9134036898612976,-0.14999999999999997
1.4477859735488892,0.06155463308095932,0.6482821106910706,-0.148786261677742,-0.028794370591640472,0.1125708520412445,-0.9820189476013184,-0.12440291792154312,-0.06,0.7214633226394653,0.3640614151954651,-0.10790353268384933,-0.22377830743789673,-0.9646081328392029,-0.4112338125705719,0.365575909614563,0.9616300463676453,0.11796160042285919,-0.2708628177642822,-0.13777662813663483,-0.05133878067135811,0.09710201621055603,-0.15565361082553864,1.4599037170410156,-0.002436454640701413,-0.5294253826141357,0.9117872714996338,-0.14999999999999997
1.4481418132781982,0.06126069277524948,0.6481362581253052,-0.14801855385303497,-0.028902634978294373,0.11247757077217102,-0.9821425080299377,-0.126043438911438,-0.06,0.7202167510986328,0.37000277638435364,-0.10888661444187164,-0.22698348760604858,-0.9626812934875488,-0.41068732738494873,0.36192163825035095,0.9620649814605713,0.12028101831674576,-0.27186349034309387,-0.14551566541194916,-0.051476869732141495,0.0993974581360817,-0.16075044870376587,1.4574354887008667,-0.0036876893136650324,-0.5290870070457458,0.9113249182701111,-0.14999999999999997
1.4483554363250732,0.06095525622367859,0.6480212211608887,-0.14720351994037628,-0.029141362756490707,0.11218713223934174,-0.9822911024093628,-0.128290057182312,-0.06,0.7185770869255066,0.37586262822151184,-0.10967729985713959,-0.22981812059879303,-0.9608401656150818,-0.4099735617637634,0.35823479294776917,0.9622333645820618,0.12208999693393707,-0.27265021204948425,-0.15274927020072937,-0.050973400473594666,0.10117854177951813,-0.16623851656913757,1.4548019170761108,-0.004841646645218134,-0.5291190147399902,0.9122906923294067,-0.14999999999999997
1.4484500885009766,0.06065983325242996,0.6479374170303345,-0.14641621708869934,-0.02945704199373722,0.11176694184541702,-0.9824473261833191,-0.13080532848834991,-0.06,0.7167526483535767,0.38119691610336304,-0.11026477813720703,-0.23214934766292572,-0.9592456221580505,-0.40927886962890625,0.35454779863357544,0.9622116088867188,0.12326357513666153,-0.27321088314056396,-0.15924203395843506,-0.04962797835469246,0.10227641463279724,-0.17178680002689362,1.452351689338684,-0.005866842344403267,-0.5296010375022888,0.9146698713302612,-0.14999999999999997
1.4484498500823975,0.06039340794086456,0.6478732228279114,-0.1457444280385971,-0.029796723276376724,0.11124385893344879,-0.9825962781906128,-0.13334131240844727,-0.06,0.7148642539978027,0.38574129343032837,-0.1106613278388977,-0.23391315340995789,-0.9580758213996887,-0.4088367819786072,0.350979208946228,0.9621176719665527,0.1241341084241867,-0.2735332250595093,-0.16485527157783508,-0.04737872630357742,0.1026071310043335,-0.17712204158306122,1.4505234956741333,-0.006731640547513962,-0.5305516719818115,0.9182965159416199,-0.14999999999999997
1.448379397392273,0.060168761759996414,0.6478109955787659,-0.14526306092739105,-0.03009885735809803,0.11061613261699677,-0.9827291369438171,-0.1357051581144333,-0.06,0.7129473090171814,0.38942405581474304,-0.1108609288930893,-0.2351466566324234,-0.957389771938324,-0.4089622497558594,0.34748485684394836,0.9620090126991272,0.1253703534603119,-0.27363643050193787,-0.1695176362991333,-0.0441988930106163,0.10219706594944,-0.1819881945848465,1.4496067762374878,-0.007353837601840496,-0.5318953394889832,0.9229009747505188,-0.14999999999999997
1.448256254196167,0.05998620390892029,0.6477353572845459,-0.14501281082630157,-0.03032219596207142,0.10989448428153992,-0.9828401803970337,-0.1377841830253601,-0.06,0.711044430732727,0.3922821581363678,-0.1108839139342308,-0.23592586815357208,-0.9572358131408691,-0.4097166061401367,0.3442937433719635,0.9620473384857178,0.12717299163341522,-0.2736161947250366,-0.17312142252922058,-0.04011698067188263,0.10119784623384476,-0.1861787736415863,1.4496701955795288,-0.007653425447642803,-0.5334287285804749,0.9281172156333923,-0.14999999999999997
1.4480936527252197,0.05983386188745499,0.6476373076438904,-0.14499463140964508,-0.03043285571038723,0.10907895863056183,-0.9829303026199341,-0.1395236700773239,-0.06,0.7091431021690369,0.39444780349731445,-0.11075811833143234,-0.23632752895355225,-0.957555890083313,-0.41099995374679565,0.3416937589645386,0.9624156951904297,0.12928356230258942,-0.2736669182777405,-0.17558537423610687,-0.035214487463235855,0.09984704852104187,-0.1894870549440384,1.4506309032440186,-0.007546681445091963,-0.5349005460739136,0.9335083961486816,-0.14999999999999997
1.4479069709777832,0.05970027670264244,0.6475054025650024,-0.1451944261789322,-0.03040141426026821,0.10814477503299713,-0.9830050468444824,-0.14091813564300537,-0.06,0.707165539264679,0.39614203572273254,-0.11052558571100235,-0.23647187650203705,-0.9582570195198059,-0.4128677248954773,0.3394510746002197,0.9631494283676147,0.13198943436145782,-0.27381929755210876,-0.17690801620483398,-0.029622063040733337,0.09838434308767319,-0.19174228608608246,1.4523133039474487,-0.0069984993897378445,-0.5361368656158447,0.938716471195221,-0.14999999999999997
1.4477074146270752,0.05957101285457611,0.6473357677459717,-0.1455826610326767,-0.03022051230072975,0.10705849528312683,-0.9830721020698547,-0.1420155167579651,-0.06,0.7050091028213501,0.3975692093372345,-0.11021528393030167,-0.23645760118961334,-0.959221601486206,-0.4153396785259247,0.3373931646347046,0.964260458946228,0.1354183852672577,-0.27410757541656494,-0.17714494466781616,-0.023540697991847992,0.09704183042049408,-0.19287380576133728,1.4545390605926514,-0.006071873940527439,-0.5370548367500305,0.9435420632362366,-0.14999999999999997
1.4475001096725464,0.059432968497276306,0.6471283435821533,-0.14612403512001038,-0.029898924753069878,0.10578203201293945,-0.98313969373703,-0.1428917646408081,-0.06,0.7025666236877441,0.39888113737106323,-0.10985172539949417,-0.23634073138237,-0.9603197574615479,-0.4184204339981079,0.3353510797023773,0.9657208919525146,0.1396397054195404,-0.2745748460292816,-0.17639891803264618,-0.017210932448506355,0.09601376950740814,-0.1929328888654709,1.4571256637573242,-0.004893876146525145,-0.5376814007759094,0.947908878326416,-0.14999999999999997
1.4472861289978027,0.059276044368743896,0.6468858122825623,-0.14678245782852173,-0.0294667799025774,0.10428942739963531,-0.9832141995429993,-0.1436723917722702,-0.06,0.6997545957565308,0.400217741727829,-0.1094450131058693,-0.23616240918636322,-0.9614701867103577,-0.4221085011959076,0.333114892244339,0.9674445390701294,0.14476272463798523,-0.2751925587654114,-0.17477500438690186,-0.010899043641984463,0.09543173760175705,-0.19208654761314392,1.4598939418792725,-0.003629495855420828,-0.5381324887275696,0.9518108367919922,-0.14999999999999997
1.4470598697662354,0.059091418981552124,0.6466160416603088,-0.14751751720905304,-0.02897217497229576,0.10257953405380249,-0.9832987189292908,-0.14449231326580048,-0.06,0.696536660194397,0.40166085958480835,-0.10900743305683136,-0.23598486185073853,-0.9626274704933167,-0.4262944161891937,0.33059239387512207,0.9693402051925659,0.15065912902355194,-0.2759513556957245,-0.1723620444536209,-0.004863177891820669,0.09536193311214447,-0.1905626505613327,1.46,-0.0024448796175420284,-0.5385575890541077,0.9552687406539917,-0.14999999999999997
1.4468142986297607,0.05887264758348465,0.6463309526443481,-0.14829088747501373,-0.028461666777729988,0.10065901279449463,-0.9833958745002747,-0.14547574520111084,-0.06,0.6928943991661072,0.4032503068447113,-0.10863811522722244,-0.2357276976108551,-0.9637556076049805,-0.43085309863090515,0.32774195075035095,0.971321165561676,0.15709637105464935,-0.276822954416275,-0.16927197575569153,0.0006822595605626702,0.09579569101333618,-0.18860995769500732,1.46,-0.0014812948647886515,-0.5391102433204651,0.9583298563957214,-0.14999999999999997
1.4465429782867432,0.0586157962679863,0.6460371017456055,-0.14906029403209686,-0.027970483526587486,0.09854499250650406,-0.9835076928138733,-0.14670556783676147,-0.06,0.6888543963432312,0.40498849749565125,-0.10813722014427185,-0.23536869883537292,-0.9648098349571228,-0.4356383979320526,0.32456234097480774,0.9733333587646484,0.1638132631778717,-0.2777962386608124,-0.1656358242034912,0.005592829082161188,0.09666748344898224,-0.18648038804531097,1.46,-0.0008267956436611712,-0.5399156808853149,0.9610482454299927,-0.14999999999999997
1.4462437629699707,0.05832413583993912,0.6457652449607849,-0.14975498616695404,-0.027501679956912994,0.09622293710708618,-0.9836452603340149,-0.1481047123670578,-0.06,0.6843937635421753,0.40666937828063965,-0.10759276896715164,-0.2348349541425705,-0.9660453200340271,-0.44048938155174255,0.3210119903087616,0.9760482907295227,0.16706684231758118,-0.2792474925518036,-0.16167716681957245,0.009822119027376175,0.09785670787096024,-0.1844213455915451,1.46,-0.0004828906967304647,-0.5410209894180298,0.9634818434715271,-0.14999999999999997
1.4459301233291626,0.05802910029888153,0.6455411911010742,-0.15032805502414703,-0.027001505717635155,0.09370888024568558,-0.9838144779205322,-0.1494893878698349,-0.06,0.6795664429664612,0.4082009792327881,-0.10701687633991241,-0.23408666253089905,-0.9673143625259399,-0.44537317752838135,0.31731975078582764,0.9796794056892395,0.1662445068359375,-0.2813159227371216,-0.15761348605155945,0.013333538547158241,0.09920449554920197,-0.1828860491514206,1.46,-0.000317307683872059,-0.5425344109535217,0.9656752347946167,-0.14999999999999997
1.4456136226654053,0.057745061814785004,0.645342230796814,-0.15081235766410828,-0.02643265575170517,0.09108489751815796,-0.9840022921562195,-0.1507672518491745,-0.06,0.6745378971099854,0.4097042977809906,-0.10640313476324081,-0.23329144716262817,-0.9678851962089539,-0.45031899213790894,0.3135279417037964,0.983029305934906,0.16564810276031494,-0.2834557592868805,-0.1535152643918991,0.016168609261512756,0.10054118186235428,-0.1819552332162857,1.46,-0.0001398471067659557,-0.544539213180542,0.9676772356033325,-0.14999999999999997
1.4452868700027466,0.05747252702713013,0.6451692581176758,-0.15116780996322632,-0.02582710236310959,0.0884302407503128,-0.984205961227417,-0.15204373002052307,-0.06,0.669418454170227,0.41135507822036743,-0.10577993094921112,-0.2325475513935089,-0.9676791429519653,-0.4549373686313629,0.3099105656147003,0.9859576225280762,0.16508278250694275,-0.28563743829727173,-0.1494181603193283,0.01837206818163395,0.10175566375255585,-0.18155696988105774,1.46,0.00014689378440380096,-0.5470305681228638,0.9694896936416626,-0.14999999999999997
1.4449644088745117,0.05724024772644043,0.6450023055076599,-0.15143755078315735,-0.025227749720215797,0.08584514260292053,-0.9844087958335876,-0.1534176915884018,-0.06,0.6643891930580139,0.41332730650901794,-0.10514037311077118,-0.23202025890350342,-0.9673557281494141,-0.45948880910873413,0.30599889159202576,0.9887136816978455,0.16485783457756042,-0.2874886691570282,-0.1452953815460205,0.020078670233488083,0.10256656259298325,-0.1814628392457962,1.46,0.0005865437560714781,-0.5500913262367249,0.9711993932723999,-0.14999999999999997
1.444643259048462,0.057065531611442566,0.6448177099227905,-0.1516842395067215,-0.024692825973033905,0.08339199423789978,-0.9845952391624451,-0.15505918860435486,-0.06,0.6595686674118042,0.41576212644577026,-0.10447108745574951,-0.23181287944316864,-0.9672585129737854,-0.4638437032699585,0.3022465705871582,0.9913628101348877,0.16435331106185913,-0.28925132751464844,-0.1412484496831894,0.02134067937731743,0.1027953028678894,-0.1816204935312271,1.46,0.0009666983387432992,-0.553607702255249,0.9732316732406616,-0.14999999999999997
1.4443414211273193,0.05696038156747818,0.6446087956428528,-0.15196216106414795,-0.024209093302488327,0.08108465373516083,-0.9847571849822998,-0.15684032440185547,-0.06,0.6550282835960388,0.4184829294681549,-0.10374293476343155,-0.23189310729503632,-0.9676257967948914,-0.46818506717681885,0.2987061142921448,0.9940599203109741,0.1638900637626648,-0.2908388376235962,-0.13744935393333435,0.022197220474481583,0.10237668454647064,-0.18194086849689484,1.46,0.0013605767162516713,-0.5574199557304382,0.9756277203559875,-0.14999999999999997
1.444061040878296,0.05691257119178772,0.6443786025047302,-0.15228287875652313,-0.02377692610025406,0.0789487212896347,-0.9848915934562683,-0.1586894541978836,-0.06,0.650824785232544,0.4213668704032898,-0.10299979150295258,-0.23219837248325348,-0.968412458896637,-0.4723447561264038,0.2957339882850647,0.9967744946479797,0.16353783011436462,-0.29230013489723206,-0.13399584591388702,0.022688498720526695,0.10139884054660797,-0.18245047330856323,1.46,0.0018461738945916295,-0.5612483024597168,0.9782750010490417,-0.14999999999999997
1.4438122510910034,0.056903500109910965,0.6441277265548706,-0.15264251828193665,-0.02338152937591076,0.07698505371809006,-0.9850007891654968,-0.16053801774978638,-0.06,0.6469540596008301,0.42437952756881714,-0.10227388143539429,-0.2327178567647934,-0.9695850610733032,-0.4763336479663849,0.2931918799877167,0.9995458126068115,0.1632268726825714,-0.29368120431900024,-0.13099797070026398,0.022913390770554543,0.09997313469648361,-0.18312585353851318,1.46,0.002559170825406909,-0.5649049878120422,0.9809381365776062,-0.14999999999999997
1.4436092376708984,0.05691295862197876,0.6438579559326172,-0.15303298830986023,-0.022993076592683792,0.07518202811479568,-0.9850886464118958,-0.16227953135967255,-0.06,0.6433902382850647,0.4274830222129822,-0.10160928964614868,-0.23343031108379364,-0.9710509777069092,-0.4801941514015198,0.2908988893032074,1.0024288892745972,0.16287091374397278,-0.2950248122215271,-0.12855519354343414,0.023035885766148567,0.0982263907790184,-0.18391752243041992,1.46,0.0035345323849469423,-0.5681985020637512,0.98354572057724,-0.14999999999999997
1.44346022605896,0.0569237545132637,0.6435773372650146,-0.15344320237636566,-0.022592024877667427,0.0735119879245758,-0.9851601719856262,-0.16382072865962982,-0.06,0.6400825381278992,0.43056386709213257,-0.1010357216000557,-0.23427008092403412,-0.9726351499557495,-0.483956515789032,0.28877848386764526,1.0054101943969727,0.16248494386672974,-0.2963961958885193,-0.1267547309398651,0.023127328604459763,0.09629813581705093,-0.18469955027103424,1.46,0.004704035818576813,-0.5709452033042908,0.9861223697662354,-0.14999999999999997
1.443368911743164,0.05691930279135704,0.6432963013648987,-0.15385344624519348,-0.02216680347919464,0.07195203751325607,-0.9852209687232971,-0.1650930792093277,-0.06,0.6369844079017639,0.43351906538009644,-0.10057265311479568,-0.23517058789730072,-0.9741430282592773,-0.48761528730392456,0.28675347566604614,1.0084335803985596,0.16209374368190765,-0.2978399693965912,-0.12560893595218658,0.02320016734302044,0.09432018548250198,-0.18534784018993378,1.46,0.006023779045790434,-0.5730303525924683,0.9886083006858826,-0.14999999999999997
1.4433342218399048,0.05688445642590523,0.6430221199989319,-0.15423555672168732,-0.02172158658504486,0.07048697769641876,-0.9852770566940308,-0.1661161184310913,-0.06,0.6340472102165222,0.4363529086112976,-0.10024241358041763,-0.23610463738441467,-0.9754266738891602,-0.49112796783447266,0.2847280502319336,1.0114446878433228,0.16169965267181396,-0.2993825376033783,-0.1250571459531784,0.023261385038495064,0.09239828586578369,-0.18583481013774872,1.46,0.007447855547070503,-0.5744220614433289,0.9909359812736511,-0.14999999999999997
1.443346619606018,0.0568113699555397,0.6427561044692993,-0.1545703262090683,-0.02127639204263687,0.06909926980733871,-0.9853326082229614,-0.1669871211051941,-0.06,0.6312159895896912,0.43913963437080383,-0.10004732757806778,-0.2370782494544983,-0.9764472246170044,-0.49444904923439026,0.2826576828956604,1.0144188404083252,0.1613045036792755,-0.301030695438385,-0.12499719113111496,0.023316198959946632,0.09058848768472672,-0.18615511059761047,1.46,0.008898114785552025,-0.5751790404319763,0.9930862188339233,-0.14999999999999997
1.443393588066101,0.05670128017663956,0.6424980163574219,-0.15485280752182007,-0.02085546776652336,0.06776835024356842,-0.9853898286819458,-0.1678163707256317,-0.06,0.628441333770752,0.4419344663619995,-0.0999593436717987,-0.23808875679969788,-0.977234423160553,-0.49756163358688354,0.2805631160736084,1.0173331499099731,0.16093268990516663,-0.30277031660079956,-0.12531019747257233,0.023364730179309845,0.0889117419719696,-0.1863275170326233,1.46,0.010278877802193165,-0.5754244327545166,0.9950821399688721,-0.14999999999999997
1.4434598684310913,0.056561343371868134,0.6422495245933533,-0.15508078038692474,-0.020470628514885902,0.0664692372083664,-0.9854505062103271,-0.16867707669734955,-0.06,0.6256799101829529,0.4447476863861084,-0.0999474823474884,-0.23911088705062866,-0.9777907729148865,-0.5004721283912659,0.2784702479839325,1.0201520919799805,0.16061469912528992,-0.304574191570282,-0.12587714195251465,0.023424632847309113,0.08738350123167038,-0.18635161221027374,1.46,0.011517497710883617,-0.5752852559089661,0.9969707727432251,-0.14999999999999997
1.4435404539108276,0.056387484073638916,0.6420010924339294,-0.15526968240737915,-0.020108971744775772,0.06514518707990646,-0.9855166077613831,-0.1696203649044037,-0.06,0.6228100657463074,0.44767501950263977,-0.10002002120018005,-0.24016496539115906,-0.9781605005264282,-0.5032958388328552,0.276308536529541,1.0229777097702026,0.1603231430053711,-0.30651357769966125,-0.12664946913719177,0.023558542132377625,0.08602762222290039,-0.18622732162475586,1.46,0.012594522908329964,-0.5748606324195862,0.9988030195236206,-0.14999999999999997
1.4436438083648682,0.05615822970867157,0.6417466402053833,-0.1554364413022995,-0.019735708832740784,0.0638088658452034,-0.9855852723121643,-0.17053565382957458,-0.06,0.6198581457138062,0.45069122314453125,-0.10021966695785522,-0.2412470579147339,-0.9783570170402527,-0.5060699582099915,0.2740130126476288,1.0259277820587158,0.15998360514640808,-0.3086532950401306,-0.12741902470588684,0.023880155757069588,0.08488492667675018,-0.18604660034179688,1.46,0.013518610037863255,-0.5742802619934082,1.0006314516067505,-0.14999999999999997
1.443768858909607,0.0558600053191185,0.6415034532546997,-0.15560515224933624,-0.01936718262732029,0.06257157027721405,-0.9856452345848083,-0.1712358593940735,-0.06,0.6170849800109863,0.45338839292526245,-0.10057302564382553,-0.24217139184474945,-0.9784557819366455,-0.5086169838905334,0.2717703580856323,1.0288832187652588,0.15959013998508453,-0.31087997555732727,-0.12778949737548828,0.02438342198729515,0.08394450694322586,-0.1859089434146881,1.46,0.01417525950819254,-0.5736731886863708,1.002629280090332,-0.14999999999999997
1.44390869140625,0.05549103021621704,0.6412747502326965,-0.15581099689006805,-0.0190373994410038,0.061477985233068466,-0.9856879711151123,-0.1717054694890976,-0.06,0.614604651927948,0.45557281374931335,-0.10106724500656128,-0.24284496903419495,-0.9786379337310791,-0.5108364224433899,0.2698575556278229,1.0318305492401123,0.15917199850082397,-0.3131507337093353,-0.12759751081466675,0.02493721805512905,0.08315718919038773,-0.18592014908790588,1.46,0.014459415338933468,-0.5731897950172424,1.0051074028015137,-0.14999999999999997
1.4440542459487915,0.05504564940929413,0.6410569548606873,-0.15606647729873657,-0.018757469952106476,0.06049014627933502,-0.9857140779495239,-0.17201125621795654,-0.06,0.6123469471931458,0.45725032687187195,-0.10168148577213287,-0.24323642253875732,-0.9788442254066467,-0.5125516653060913,0.26880547404289246,1.0347672700881958,0.15899695456027985,-0.31554508209228516,-0.12694485485553741,0.0254073403775692,0.08254225552082062,-0.18633385002613068,1.46,0.01438310369849205,-0.5729541778564453,1.0083800554275513,-0.14999999999999997
1.4442191123962402,0.054537802934646606,0.6408495903015137,-0.1563916802406311,-0.01847977004945278,0.05954412370920181,-0.9857254028320312,-0.17203432321548462,-0.06,0.6102209687232971,0.45836421847343445,-0.10240115970373154,-0.2433347851037979,-0.9791092872619629,-0.5142343640327454,0.26793867349624634,1.0377720594406128,0.15869316458702087,-0.3180752694606781,-0.1260354071855545,0.025800254195928574,0.08207754045724869,-0.1873319447040558,1.46,0.014104075729846954,-0.5730912685394287,1.0125770568847656,-0.14999999999999997
1.444409966468811,0.053969576954841614,0.6406571269035339,-0.15676423907279968,-0.018192239105701447,0.05870410054922104,-0.9857218861579895,-0.17169927060604095,-0.06,0.6083411574363708,0.4589148461818695,-0.10324536263942719,-0.2431776374578476,-0.9793682098388672,-0.5157763957977295,0.2672409415245056,1.0407894849777222,0.1583283394575119,-0.32067635655403137,-0.12481804937124252,0.02612198330461979,0.08180194348096848,-0.1889486163854599,1.46,0.013831816613674164,-0.5735242366790771,1.0175098180770874,-0.14999999999999997
1.4446203708648682,0.05334264785051346,0.6404803991317749,-0.15714409947395325,-0.01791483163833618,0.058017268776893616,-0.9857072234153748,-0.17109747231006622,-0.06,0.6067606210708618,0.459065705537796,-0.10423372685909271,-0.24285383522510529,-0.979533314704895,-0.5169714093208313,0.2667839825153351,1.0437339544296265,0.1577572077512741,-0.3233444392681122,-0.12330249696969986,0.026347337290644646,0.08178259432315826,-0.1909678429365158,1.46,0.013731236569583416,-0.5741072297096252,1.0227867364883423,-0.14999999999999997
1.4448374509811401,0.05266053229570389,0.6403204798698425,-0.15748271346092224,-0.017681555822491646,0.05742213875055313,-0.9856922030448914,-0.17045676708221436,-0.06,0.6053170561790466,0.45904576778411865,-0.10533495247364044,-0.24242644011974335,-0.9795345664024353,-0.5177719593048096,0.2664754092693329,1.046563744544983,0.15736748278141022,-0.3260096311569214,-0.1217430979013443,0.02644789218902588,0.0820801854133606,-0.1931089162826538,1.46,0.013820713385939598,-0.5747343897819519,1.028027057647705,-0.14999999999999997
1.4450541734695435,0.05194272845983505,0.6401751637458801,-0.15774746239185333,-0.017523013055324554,0.05689607560634613,-0.985683262348175,-0.16995523869991302,-0.06,0.603941023349762,0.45906704664230347,-0.1065070852637291,-0.24199174344539642,-0.9794461727142334,-0.518295407295227,0.26587891578674316,1.0492385625839233,0.156808003783226,-0.32859987020492554,-0.12030075490474701,0.026402492076158524,0.08267496526241302,-0.19524431228637695,1.46,0.014042356051504612,-0.5753455758094788,1.0328845977783203,-0.14999999999999997
1.445265769958496,0.05121222138404846,0.6400477886199951,-0.1579214483499527,-0.017458613961935043,0.056447047740221024,-0.9856822490692139,-0.16966639459133148,-0.06,0.6026464700698853,0.4591839909553528,-0.10771648585796356,-0.24159081280231476,-0.979282021522522,-0.5185155272483826,0.26498234272003174,1.0516756772994995,0.15608501434326172,-0.3310432434082031,-0.11906842142343521,0.026214126497507095,0.08348315209150314,-0.19735707342624664,1.46,0.014321067370474339,-0.575900673866272,1.037100911140442,-0.14999999999999997
1.445471167564392,0.05049465596675873,0.6399412751197815,-0.1579960733652115,-0.017486771568655968,0.05608496069908142,-0.9856904745101929,-0.16959550976753235,-0.06,0.6014601588249207,0.4594198167324066,-0.10892955213785172,-0.24125653505325317,-0.9790219664573669,-0.5184340476989746,0.26381561160087585,1.0538023710250854,0.15525338053703308,-0.3332701623439789,-0.11812205612659454,0.02592645026743412,0.0843840092420578,-0.19943447411060333,1.46,0.014605974778532982,-0.5763936638832092,1.0405323505401611,-0.14999999999999997
1.445675015449524,0.04980876296758652,0.6398630142211914,-0.15796306729316711,-0.017583457753062248,0.05581005662679672,-0.9857096672058105,-0.169657364487648,-0.06,0.6003924012184143,0.45972055196762085,-0.11014482378959656,-0.24099241197109222,-0.9785559773445129,-0.5180912017822266,0.2623530626296997,1.0555503368377686,0.15435829758644104,-0.33525165915489197,-0.11752386391162872,0.02561420574784279,0.085250124335289,-0.2014571875333786,1.46,0.014911431819200516,-0.5768228769302368,1.0430713891983032,-0.14999999999999997
1.4458848237991333,0.04915815591812134,0.6398125290870667,-0.15779811143875122,-0.017742697149515152,0.05566016212105751,-0.9857417345046997,-0.1698472797870636,-0.06,0.599484920501709,0.4601937532424927,-0.1114116683602333,-0.2408837229013443,-0.977816104888916,-0.5174106955528259,0.2605702877044678,1.0568947792053223,0.15339000523090363,-0.3369816839694977,-0.11721372604370117,0.025326047092676163,0.08599831908941269,-0.20351891219615936,1.46,0.015215456485748291,-0.5771015882492065,1.0447359085083008,-0.14999999999999997
1.446101427078247,0.048553455621004105,0.6397987008094788,-0.15748649835586548,-0.017989907413721085,0.05576930195093155,-0.9857809543609619,-0.17010094225406647,-0.06,0.5990432500839233,0.460731565952301,-0.11263963580131531,-0.24092839658260345,-0.9768701195716858,-0.5161567330360413,0.25861656665802,1.057711124420166,0.15232042968273163,-0.33832964301109314,-0.1169353574514389,0.025064298883080482,0.08651672303676605,-0.20571056008338928,1.46,0.015385636128485203,-0.5771424174308777,1.0457563400268555,-0.14999999999999997
1.446317434310913,0.048023734241724014,0.6398298740386963,-0.157028466463089,-0.018317503854632378,0.05614164099097252,-0.985826849937439,-0.17037682235240936,-0.06,0.599095344543457,0.4612504839897156,-0.11378998309373856,-0.24110299348831177,-0.9756964445114136,-0.5143613815307617,0.2565256357192993,1.0578957796096802,0.15119898319244385,-0.33920368552207947,-0.11678611487150192,0.02481231465935707,0.08668611198663712,-0.2079204022884369,1.46,0.015293839387595654,-0.5770238041877747,1.0465359687805176,-0.14999999999999997
1.4465336799621582,0.04759960621595383,0.6399175524711609,-0.15643252432346344,-0.01864355057477951,0.05661366879940033,-0.9858884811401367,-0.17052854597568512,-0.06,0.5993713140487671,0.4616100490093231,-0.11481565237045288,-0.24131903052330017,-0.9739865660667419,-0.5124121308326721,0.2540628910064697,1.0573924779891968,0.15013550221920013,-0.3396430015563965,-0.11719032377004623,0.024656398221850395,0.08648958057165146,-0.21010722219944,1.46,0.015001180581748486,-0.5768505930900574,1.0473097562789917,-0.14999999999999997
1.4467538595199585,0.04729471728205681,0.6400803923606873,-0.15570169687271118,-0.018892979249358177,0.057085584849119186,-0.9859721660614014,-0.1703285574913025,-0.06,0.5997380614280701,0.4615384340286255,-0.11569168418645859,-0.24142485857009888,-0.9714143872261047,-0.5105733871459961,0.25099748373031616,1.0560952425003052,0.14914575219154358,-0.3396638333797455,-0.11830999702215195,0.02472729980945587,0.08603319525718689,-0.21220248937606812,1.46,0.014640163630247116,-0.5764641761779785,1.0479830503463745,-0.14999999999999997
1.4469729661941528,0.047096896916627884,0.6403152346611023,-0.15481258928775787,-0.019075637683272362,0.05759081244468689,-0.9860792756080627,-0.16983561217784882,-0.06,0.6002210974693298,0.4611632525920868,-0.11647146195173264,-0.24148054420948029,-0.9679891467094421,-0.5087270140647888,0.2473142445087433,1.0540238618850708,0.1482582986354828,-0.3392600417137146,-0.11992567032575607,0.024991681799292564,0.08548163622617722,-0.21390466392040253,1.46,0.014290141873061657,-0.5755384564399719,1.0483044385910034,-0.14999999999999997
1.447183609008789,0.04698833450675011,0.6406203508377075,-0.15374858677387238,-0.01921978034079075,0.05817241966724396,-0.9862088561058044,-0.16912876069545746,-0.06,0.6008942127227783,0.4605560898780823,-0.1171499639749527,-0.2415027618408203,-0.9637656807899475,-0.5067259073257446,0.2430112510919571,1.051168441772461,0.14739824831485748,-0.33840930461883545,-0.12176469713449478,0.025284022092819214,0.08490204066038132,-0.21516528725624084,1.46,0.013984046876430511,-0.5739365220069885,1.048120379447937,-0.14999999999999997
1.447380781173706,0.04696079343557358,0.640997052192688,-0.15249811112880707,-0.019314656034111977,0.05879352241754532,-0.9863642454147339,-0.1682247519493103,-0.06,0.6016653776168823,0.4597412347793579,-0.1176874041557312,-0.24147430062294006,-0.9586631655693054,-0.5046079158782959,0.23796868324279785,1.047524094581604,0.14651963114738464,-0.3371296525001526,-0.12379159033298492,0.025459138676524162,0.08427255600690842,-0.21590359508991241,1.46,0.013620050624012947,-0.5718412399291992,1.047641396522522,-0.14999999999999997
1.44756019115448,0.04701419919729233,0.6414434909820557,-0.15108072757720947,-0.019347433000802994,0.05933714658021927,-0.9865491390228271,-0.16715440154075623,-0.06,0.6023454070091248,0.4586794376373291,-0.11811395734548569,-0.24132314324378967,-0.9526479244232178,-0.5025792717933655,0.23207853734493256,1.0431336164474487,0.1456710696220398,-0.3354819416999817,-0.12616389989852905,0.02546476386487484,0.08360783010721207,-0.21635758876800537,1.46,0.01305074617266655,-0.5696494579315186,1.047174334526062,-0.14999999999999997
1.447724461555481,0.04714403301477432,0.6419685482978821,-0.149539977312088,-0.019309446215629578,0.05980062857270241,-0.9867565631866455,-0.16576248407363892,-0.06,0.602975070476532,0.4570428431034088,-0.11837958544492722,-0.24089302122592926,-0.9457647204399109,-0.500701367855072,0.22544503211975098,1.0379829406738281,0.1448686271905899,-0.33346182107925415,-0.12875965237617493,0.02540867030620575,0.08298754692077637,-0.21685786545276642,1.46,0.012267095036804676,-0.5675610303878784,1.0468013286590576,-0.14999999999999997
1.447863221168518,0.04734233021736145,0.6425553560256958,-0.1479286551475525,-0.019294200465083122,0.06032610684633255,-0.9869678616523743,-0.16420505940914154,-0.06,0.603833019733429,0.4548555612564087,-0.11852309852838516,-0.24020783603191376,-0.9385682940483093,-0.4986981153488159,0.2185666561126709,1.0321632623672485,0.14406226575374603,-0.33099424839019775,-0.13113941252231598,0.025256123393774033,0.08252834528684616,-0.21729110181331635,1.46,0.011232969351112843,-0.5656129717826843,1.0464527606964111,-0.14999999999999997
1.4479621648788452,0.04760090261697769,0.6431639790534973,-0.14631988108158112,-0.019427767023444176,0.06100548431277275,-0.987163245677948,-0.16287173330783844,-0.06,0.6050394177436829,0.452434241771698,-0.11856352537870407,-0.2394225150346756,-0.9318448901176453,-0.4963577687740326,0.2120487242937088,1.0259507894515991,0.1432315856218338,-0.3280884921550751,-0.1329861432313919,0.02484569139778614,0.08232728391885757,-0.21753692626953125,1.46,0.009994997642934322,-0.563835084438324,1.0459905862808228,-0.14999999999999997
1.4480143785476685,0.047914180904626846,0.643742561340332,-0.14482669532299042,-0.019813740625977516,0.061874985694885254,-0.987321674823761,-0.16213905811309814,-0.06,0.6066314578056335,0.45013028383255005,-0.11848192662000656,-0.2387051284313202,-0.9264487624168396,-0.4936358630657196,0.20659351348876953,1.0197726488113403,0.14240874350070953,-0.32485267519950867,-0.13413631916046143,0.02403000369668007,0.08241505920886993,-0.217432901263237,1.46,0.008599501103162766,-0.5623122453689575,1.0453119277954102,-0.14999999999999997
1.4480218887329102,0.04827999323606491,0.6442242860794067,-0.14361672103405,-0.020545249804854393,0.06296707689762115,-0.9874143600463867,-0.1623474806547165,-0.06,0.6086499691009521,0.44828978180885315,-0.11827265471220016,-0.23824210464954376,-0.9234086871147156,-0.49058419466018677,0.20313043892383575,1.014215350151062,0.14169009029865265,-0.32148048281669617,-0.13446862995624542,0.02272624336183071,0.08277449756860733,-0.21698172390460968,1.46,0.007049360312521458,-0.5611782073974609,1.04434072971344,-0.14999999999999997
1.4480162858963013,0.048686422407627106,0.6445432901382446,-0.1428765505552292,-0.021600842475891113,0.0642935186624527,-0.9874138236045837,-0.1634766161441803,-0.06,0.6111327409744263,0.4471079707145691,-0.11796850711107254,-0.23820741474628448,-0.9234461784362793,-0.4874166250228882,0.20254547894001007,1.00997793674469,0.1412428617477417,-0.31832143664360046,-0.13394483923912048,0.0211007259786129,0.08336581289768219,-0.21631185710430145,1.46,0.0056027574464678764,-0.560508668422699,1.0429569482803345,-0.14999999999999997
1.4480656385421753,0.04909955710172653,0.6446419954299927,-0.1427474021911621,-0.022809108719229698,0.06582634896039963,-0.9873042702674866,-0.16509757936000824,-0.06,0.6140496730804443,0.4467247426509857,-0.11768493801355362,-0.2387896627187729,-0.9266441464424133,-0.48446691036224365,0.2053627073764801,1.0077693462371826,0.14125654101371765,-0.3159048855304718,-0.13265281915664673,0.019523881375789642,0.08417434245347977,-0.215561643242836,1.46,0.004809235222637653,-0.5602989792823792,1.0410346984863281,-0.14999999999999997
1.448250651359558,0.04945854842662811,0.6444770693778992,-0.14327450096607208,-0.023906657472252846,0.06744664907455444,-0.9870926141738892,-0.16664369404315948,-0.06,0.617143452167511,0.4474013149738312,-0.11760547012090683,-0.24021713435649872,-0.9324477314949036,-0.4821294844150543,0.21150214970111847,1.0082167387008667,0.1418815553188324,-0.31485992670059204,-0.13089171051979065,0.018368342891335487,0.0852617397904396,-0.21491484344005585,1.46,0.0053201341070234776,-0.5604857206344604,1.0385587215423584,-0.14999999999999997
1.4486491680145264,0.049681611359119415,0.6440260410308838,-0.1443878412246704,-0.02462531067430973,0.06897231936454773,-0.9868072271347046,-0.1676201969385147,-0.06,0.6199858784675598,0.44952017068862915,-0.11794453114271164,-0.24270866811275482,-0.9398390650749207,-0.4807266891002655,0.22029855847358704,1.011725902557373,0.1431727111339569,-0.31578734517097473,-0.1290830671787262,0.01786043681204319,0.08676238358020782,-0.21460434794425964,1.46,0.007634414825588465,-0.5609650611877441,1.0356858968734741,-0.14999999999999997
1.4493275880813599,0.0496743842959404,0.6432976126670837,-0.14590874314308167,-0.024764318019151688,0.0703188106417656,-0.9864848852157593,-0.1677466183900833,-0.06,0.6220054030418396,0.45375609397888184,-0.11982158571481705,-0.246582493185997,-0.947594940662384,-0.48024752736091614,0.23075072467327118,1.0183334350585938,0.14502914249897003,-0.3190719187259674,-0.12743930518627167,0.018006104975938797,0.08882874995470047,-0.2148335576057434,1.46,0.01192349474877119,-0.5616031289100647,1.0327093601226807,-0.14999999999999997
1.4503052234649658,0.04937828332185745,0.642358660697937,-0.14760854840278625,-0.02430967055261135,0.07156053185462952,-0.9861539602279663,-0.16702033579349518,-0.06,0.6227409839630127,0.4604693651199341,-0.1251327246427536,-0.25193625688552856,-0.9546639323234558,-0.4802902042865753,0.241826131939888,1.0273925065994263,0.14722193777561188,-0.3245479464530945,-0.1259368509054184,0.018401596695184708,0.09148591756820679,-0.21565313637256622,1.46,0.01772301457822323,-0.5623595118522644,1.0301563739776611,-0.14999999999999997
1.4515362977981567,0.04878885671496391,0.6412637829780579,-0.14917419850826263,-0.023439060896635056,0.072601318359375,-0.9858633875846863,-0.16588175296783447,-0.06,0.6222501993179321,0.46942266821861267,-0.13211661577224731,-0.2585676312446594,-0.9603263735771179,-0.4804740846157074,0.2521451711654663,1.0381368398666382,0.14953184127807617,-0.3318329155445099,-0.125067800283432,0.018274668604135513,0.09469285607337952,-0.2167637050151825,1.46,0.02402147650718689,-0.5633575916290283,1.0285147428512573,-0.14999999999999997
1.4529529809951782,0.047939300537109375,0.6400992274284363,-0.15029889345169067,-0.02236689254641533,0.07311728596687317,-0.9856792688369751,-0.16490057110786438,-0.06,0.6202972531318665,0.48005735874176025,-0.1388603299856186,-0.2659812271595001,-0.9637711644172668,-0.4808410704135895,0.25994014739990234,1.0496041774749756,0.15177084505558014,-0.34049713611602783,-0.125679612159729,0.0170566588640213,0.09832243621349335,-0.21784307062625885,1.46,0.02993246540427208,-0.5646329522132874,1.0273692607879639,-0.14999999999999997
1.4545347690582275,0.046872545033693314,0.6390491724014282,-0.1508205682039261,-0.021166397258639336,0.07291413098573685,-0.9856412410736084,-0.1639174073934555,-0.06,0.6160145401954651,0.49119165539741516,-0.14751726388931274,-0.2733985483646393,-0.9637396335601807,-0.48174676299095154,0.2635546028614044,1.0602551698684692,0.15351936221122742,-0.34984204173088074,-0.12804736196994781,0.014840764924883842,0.10207020491361618,-0.21869444847106934,1.46,0.035086482763290405,-0.5658379197120667,1.0254204273223877,-0.14999999999999997
1.4562549591064453,0.04564238712191582,0.6383160352706909,-0.15072377026081085,-0.02002027817070484,0.07220016419887543,-0.9857325553894043,-0.16268692910671234,-0.06,0.610100269317627,0.5015617609024048,-0.15731219947338104,-0.2819393277168274,-0.9598745703697205,-0.4829191267490387,0.2626964747905731,1.0685415267944336,0.15493826568126678,-0.3588479459285736,-0.13143742084503174,0.01164451614022255,0.10549140721559525,-0.21855756640434265,1.46,0.03899900242686272,-0.5664060711860657,1.0213258266448975,-0.14999999999999997
1.458045244216919,0.04431675374507904,0.6379497051239014,-0.14989356696605682,-0.01920805126428604,0.07118254154920578,-0.9859492778778076,-0.16096191108226776,-0.06,0.603208601474762,0.5086281895637512,-0.16882212460041046,-0.2873689532279968,-0.9526211023330688,-0.4836769998073578,0.25738295912742615,1.0738060474395752,0.15601104497909546,-0.3668699860572815,-0.13515332341194153,0.007213785778731108,0.10835058242082596,-0.21666476130485535,1.46,0.04121752083301544,-0.5660384893417358,1.0141702890396118,-0.14999999999999997
1.4598463773727417,0.04297211393713951,0.6380733251571655,-0.1483566164970398,-0.018929796293377876,0.06998571753501892,-0.9862726926803589,-0.15919069945812225,-0.05673430114984512,0.5953685641288757,0.5124800205230713,-0.18274101614952087,-0.2910628616809845,-0.9422299265861511,-0.4837912321090698,0.2476523518562317,1.0750341415405273,0.15666334331035614,-0.3730946481227875,-0.13881802558898926,0.0015270323492586613,0.11027082055807114,-0.21265633404254913,1.46,0.04144032299518585,-0.5651004314422607,1.003887414932251,-0.14999999999999997
1.4616044759750366,0.041675034910440445,0.6386973857879639,-0.14607766270637512,-0.019310588017106056,0.0688118264079094,-0.9866880178451538,-0.1575164645910263,-0.05042118951678276,0.586191713809967,0.5126230716705322,-0.1978481113910675,-0.2928486764431,-0.9291735887527466,-0.4827329218387604,0.23392537236213684,1.0718997716903687,0.15686801075935364,-0.37705010175704956,-0.142008975148201,-0.004919961094856262,0.11116993427276611,-0.2070881724357605,1.46,0.03951067849993706,-0.5640691518783569,0.9913394451141357,-0.14999999999999997
1.4632923603057861,0.040472328662872314,0.6397226452827454,-0.14300982654094696,-0.020374735817313194,0.06810930371284485,-0.9871646761894226,-0.1557881236076355,-0.04319697245955467,0.5756390690803528,0.5092071294784546,-0.21248973906040192,-0.2929544150829315,-0.9143574237823486,-0.47948023676872253,0.2176104336977005,1.0648956298828125,0.1572248786687851,-0.37864556908607483,-0.14396333694458008,-0.011307279579341412,0.11118002980947495,-0.20090775191783905,1.46,0.035625964403152466,-0.5632174611091614,0.978246808052063,-0.14999999999999997
1.4649271965026855,0.03940335661172867,0.6410077810287476,-0.13920697569847107,-0.021944941952824593,0.06821487098932266,-0.9876671433448792,-0.15366515517234802,-0.034942805767059326,0.5641059279441833,0.5030107498168945,-0.2255021631717682,-0.29208311438560486,-0.8984906077384949,-0.47361302375793457,0.2001173049211502,1.0548852682113647,0.15779417753219604,-0.3781706392765045,-0.14437322318553925,-0.01681908220052719,0.11048751324415207,-0.19509926438331604,1.46,0.030474305152893066,-0.5627903342247009,0.966732919216156,-0.14999999999999997
1.466548204421997,0.03850429877638817,0.6424171924591064,-0.13487817347049713,-0.023763220757246017,0.06918734312057495,-0.9881579875946045,-0.1507892906665802,-0.025936979800462723,0.5522249937057495,0.4949244260787964,-0.23651257157325745,-0.29081210494041443,-0.8821418285369873,-0.4656115770339966,0.18244215846061707,1.042766809463501,0.1579107642173767,-0.37611767649650574,-0.14363403618335724,-0.021017298102378845,0.10930276662111282,-0.19042600691318512,1.46,0.02484491840004921,-0.5630667805671692,0.9586315155029297,-0.14999999999999997
1.468178629875183,0.03778655081987381,0.6438372135162354,-0.13027341663837433,-0.025646615773439407,0.07091879099607468,-0.9886058568954468,-0.14706860482692719,-0.016594424843788147,0.540642499923706,0.48579972982406616,-0.24,-0.28968942165374756,-0.8659141659736633,-0.4562472701072693,0.16507640480995178,1.0296363830566406,0.15549461543560028,-0.3743598461151123,-0.14250606298446655,-0.02381034381687641,0.10792557895183563,-0.18752090632915497,1.46,0.019271893426775932,-0.564087450504303,0.9549897909164429,-0.14999999999999997
1.469827651977539,0.03724553436040878,0.6451552510261536,-0.12568220496177673,-0.02753540687263012,0.07320559769868851,-0.9889825582504272,-0.14294640719890594,-0.007525927387177944,0.529756486415863,0.4772823452949524,-0.24,-0.28965994715690613,-0.8501942753791809,-0.446546345949173,0.14792118966579437,1.0153108835220337,0.14902468025684357,-0.3703707754611969,-0.1419137716293335,-0.025321098044514656,0.10656938701868057,-0.1866999864578247,1.46,0.013950344175100327,-0.5658047199249268,0.9559365510940552,-0.14999999999999997
1.471480131149292,0.036818187683820724,0.6463544964790344,-0.12125324457883835,-0.029402639716863632,0.07574907690286636,-0.9892901182174683,-0.13854731619358063,0.0006104912026785314,0.5207659006118774,0.4704352021217346,-0.24,-0.29186758399009705,-0.8353647589683533,-0.4367223083972931,0.1320626139640808,1.0008718967437744,0.1402059942483902,-0.3660190999507904,-0.1428309977054596,-0.0257071815431118,0.10551498830318451,-0.1881628781557083,1.46,0.00898602046072483,-0.5678038001060486,0.9607676267623901,-0.14999999999999997
1.473148226737976,0.036440592259168625,0.6474895477294922,-0.11707786470651627,-0.031150981783866882,0.07813058793544769,-0.9895543456077576,-0.13410557806491852,0.008306409232318401,0.5128432512283325,0.463927686214447,-0.24,-0.294012188911438,-0.8212592601776123,-0.4270581007003784,0.11851996928453445,0.9871170520782471,0.13356046378612518,-0.36206984519958496,-0.1462240368127823,-0.02506706491112709,0.10493950545787811,-0.19187802076339722,1.46,0.004479710012674332,-0.5698357820510864,0.9682071208953857,-0.14999999999999997
1.474821925163269,0.036046162247657776,0.6485893130302429,-0.11305569112300873,-0.03266444057226181,0.07999075949192047,-0.989824652671814,-0.12931975722312927,0.015622057020664215,0.504830002784729,0.4571450650691986,-0.24,-0.29565194249153137,-0.807498037815094,-0.4178875684738159,0.10670975595712662,0.9747841954231262,0.1323588341474533,-0.3592737913131714,-0.1525961458683014,-0.02340931072831154,0.10502476990222931,-0.19749800860881805,1.46,0.00030628309468738735,-0.5716044306755066,0.9769793152809143,-0.14999999999999997
1.4764981269836426,0.03560437262058258,0.6496798396110535,-0.10925819724798203,-0.03394557163119316,0.08130279183387756,-0.9901010394096375,-0.1248127669095993,0.022753369063138962,0.49666038155555725,0.4511817395687103,-0.24,-0.29588446021080017,-0.7933049201965332,-0.4096287488937378,0.09520269185304642,0.9626777172088623,0.13116471469402313,-0.35695773363113403,-0.16158847510814667,-0.020769912749528885,0.10552675276994705,-0.20417334139347076,1.46,-0.004161190241575241,-0.573090672492981,0.9861308932304382,-0.14999999999999997
1.4781577587127686,0.035103440284729004,0.6508074998855591,-0.10576102882623672,-0.035070713609457016,0.08212834596633911,-0.9903733730316162,-0.12116772681474686,0.029783375561237335,0.4883815050125122,0.4467604160308838,-0.24,-0.29391664266586304,-0.7789198756217957,-0.4023343026638031,0.08401499688625336,0.9505734443664551,0.13028152287006378,-0.3549007773399353,-0.17257808148860931,-0.017475632950663567,0.1061120331287384,-0.21078267693519592,1.46,-0.009483021683990955,-0.5740819573402405,0.9947097897529602,-0.14999999999999997
1.4797890186309814,0.034526143223047256,0.6520043611526489,-0.10259350389242172,-0.036073967814445496,0.08253929018974304,-0.99063640832901,-0.11851762235164642,0.036714427173137665,0.48011961579322815,0.4439358413219452,-0.24,-0.2894017994403839,-0.7644035220146179,-0.3959617614746094,0.07293781638145447,0.9382869601249695,0.12953361868858337,-0.3529380261898041,-0.184860959649086,-0.013941450044512749,0.10663758963346481,-0.2162611484527588,1.46,-0.01571139693260193,-0.5742202401161194,1.0016144514083862,-0.1461721807718277
1.4813872575759888,0.03384228050708771,0.6532830595970154,-0.09971070289611816,-0.036944977939128876,0.08255962282419205,-0.9908968806266785,-0.11647742986679077,0.04349295422434807,0.4719005525112152,0.4419470429420471,-0.24,-0.28241315484046936,-0.7496095299720764,-0.3904542624950409,0.061361685395240784,0.9257367849349976,0.12867766618728638,-0.3509787619113922,-0.19777308404445648,-0.010679341852664948,0.1070932075381279,-0.2195853441953659,1.46,-0.022436169907450676,-0.5732441544532776,1.0059115886688232,-0.14036086201667786
1.4829447269439697,0.03302383050322533,0.6546244621276855,-0.09701896458864212,-0.0376829132437706,0.0822703167796135,-0.9911603927612305,-0.11460847407579422,0.05016034469008446,0.46354231238365173,0.4400723874568939,-0.24,-0.2734816372394562,-0.7345569729804993,-0.38563886284828186,0.048869695514440536,0.9128667116165161,0.12735354900360107,-0.34882852435112,-0.21052071452140808,-0.007995386607944965,0.10758807510137558,-0.22013811767101288,1.46,-0.0291916374117136,-0.5709459781646729,1.007361650466919,-0.1354084312915802
1.4844461679458618,0.03205166757106781,0.6559924483299255,-0.09442843496799469,-0.03830356150865555,0.08179299533367157,-0.9914261102676392,-0.1125437319278717,0.056776851415634155,0.4547959566116333,0.4377431571483612,-0.24,-0.2633001208305359,-0.7193021178245544,-0.38102826476097107,0.035608939826488495,0.8999821543693542,0.12577590346336365,-0.3467012643814087,-0.22227193415164948,-0.006014657206833363,0.10830610245466232,-0.21793663501739502,1.46,-0.0356498546898365,-0.5673089623451233,1.0063998699188232,-0.13134555518627167
1.4858571290969849,0.030938919633626938,0.6572878956794739,-0.09189494699239731,-0.038880810141563416,0.08110783994197845,-0.9916980266571045,-0.1100853756070137,0.06343266367912292,0.4449341893196106,0.43457725644111633,-0.24,-0.25553494691848755,-0.704403817653656,-0.37652552127838135,0.021743975579738617,0.8877409100532532,0.12377806752920151,-0.3448905944824219,-0.23258909583091736,-0.004935861099511385,0.10948473960161209,-0.21361194550991058,1.46,-0.04174532741308212,-0.5626676678657532,1.0038529634475708,-0.12832298874855042
1.4870802164077759,0.029760971665382385,0.6583399176597595,-0.08927762508392334,-0.03958585113286972,0.08004144579172134,-0.9919958114624023,-0.10712116956710815,0.07017207890748978,0.43288207054138184,0.4291435778141022,-0.24,-0.25076743960380554,-0.6909250617027283,-0.37201058864593506,0.007340225391089916,0.8772317171096802,0.12150510400533676,-0.34373942017555237,-0.24150244891643524,-0.0051317038014531136,0.11162150651216507,-0.2085561454296112,1.46,-0.04777232185006142,-0.5575119256973267,1.0009156465530396,-0.12610115110874176
1.4881079196929932,0.028565824031829834,0.6591748595237732,-0.08657921105623245,-0.04038607329130173,0.0785941332578659,-0.9923183917999268,-0.10461893677711487,0.07702174037694931,0.41937845945358276,0.42317768931388855,-0.24,-0.24768280982971191,-0.6786736249923706,-0.3674561083316803,-0.007267727516591549,0.8681513071060181,0.11889754235744476,-0.3430802822113037,-0.2490493804216385,-0.00639850739389658,0.11499027907848358,-0.2040550857782364,1.46,-0.0540778674185276,-0.5524940490722656,0.9991057515144348,-0.12398309260606766
1.4889901876449585,0.027374204248189926,0.6598145365715027,-0.08379235118627548,-0.041061241179704666,0.07669071108102798,-0.9926788210868835,-0.10260972380638123,0.08412764966487885,0.4048457145690918,0.41773170232772827,-0.24,-0.24587295949459076,-0.6669014692306519,-0.36308473348617554,-0.022130277007818222,0.8604915738105774,0.11646775901317596,-0.3431064784526825,-0.25558656454086304,-0.007931709289550781,0.11959822475910187,-0.20042812824249268,1.46,-0.060732800513505936,-0.5480946898460388,0.9994891285896301,-0.12153983861207962
1.4897886514663696,0.026196002960205078,0.6602667570114136,-0.08091652393341064,-0.041375722736120224,0.07425787299871445,-0.9930891990661621,-0.10120458155870438,0.0916600376367569,0.38914936780929565,0.4140888452529907,-0.24,-0.24543939530849457,-0.6548043489456177,-0.35919293761253357,-0.03763324394822121,0.8542645573616028,0.11412893980741501,-0.3440213203430176,-0.2613105773925781,-0.008775116875767708,0.1251392364501953,-0.19764184951782227,1.46,-0.0675109326839447,-0.5446433424949646,1.002439022064209,-0.11894146353006363
1.4905215501785278,0.02503705583512783,0.660529613494873,-0.0779787003993988,-0.04128016531467438,0.07124115526676178,-0.993549108505249,-0.10094558447599411,0.09975001215934753,0.3720873296260834,0.4134769141674042,-0.24,-0.24653926491737366,-0.6422654986381531,-0.3559178411960602,-0.05378376320004463,0.8495938181877136,0.11209851503372192,-0.34595561027526855,-0.2662449777126312,-0.008668270893394947,0.13119304180145264,-0.19565710425376892,1.46,-0.07423902302980423,-0.5423758029937744,1.007607102394104,-0.11674752831459045
1.4911723136901855,0.023894445970654488,0.6606073379516602,-0.07500904053449631,-0.04087771102786064,0.06760243326425552,-0.994048535823822,-0.10234561562538147,0.10834697633981705,0.35382065176963806,0.41619229316711426,-0.24,-0.24915531277656555,-0.6295560002326965,-0.3532734811306,-0.0705929547548294,0.8464605212211609,0.11033132672309875,-0.34885019063949585,-0.2704418897628784,-0.008074227720499039,0.13738243281841278,-0.19428782165050507,1.46,-0.08081932365894318,-0.5412588119506836,1.014045238494873,-0.11512824892997742
1.4917163848876953,0.022759366780519485,0.6605272889137268,-0.07200347632169724,-0.04030034691095352,0.0633503869175911,-0.9945743083953857,-0.10569772124290466,0.11736968159675598,0.33482590317726135,0.42194676399230957,-0.24,-0.25302815437316895,-0.6168596148490906,-0.35113024711608887,-0.08815937489271164,0.8445712924003601,0.10867460817098618,-0.3524811267852783,-0.27401432394981384,-0.007542115170508623,0.1434129923582077,-0.1930827796459198,1.46,-0.08711706101894379,-0.5409671068191528,1.020704746246338,-0.1137024313211441
1.4921351671218872,0.021627550944685936,0.660338819026947,-0.06894361227750778,-0.039661768823862076,0.0585649199783802,-0.9951099157333374,-0.11107989400625229,0.12671102583408356,0.31569311022758484,0.4301814138889313,-0.24,-0.2576724886894226,-0.6042163372039795,-0.34927085041999817,-0.10658060014247894,0.8433874249458313,0.10690945386886597,-0.3564855456352234,-0.27704471349716187,-0.007372766267508268,0.1490112841129303,-0.19137601554393768,1.46,-0.09297287464141846,-0.5412071347236633,1.0267877578735352,-0.11224529892206192
1.492423415184021,0.020513921976089478,0.6600983738899231,-0.06584910303354263,-0.03903574123978615,0.0533568374812603,-0.9956369996070862,-0.1183159351348877,0.1361353099346161,0.29689934849739075,0.4401772618293762,-0.24,-0.26248598098754883,-0.5917149186134338,-0.34754475951194763,-0.12558969855308533,0.8424907326698303,0.10531946271657944,-0.3605714738368988,-0.27959227561950684,-0.007607353385537863,0.15382592380046844,-0.18854162096977234,1.46,-0.0983913242816925,-0.5418403148651123,1.0319653749465942,-0.1108098104596138
1.4925869703292847,0.01945122703909874,0.6598518490791321,-0.06277678906917572,-0.03844568133354187,0.047855205833911896,-0.9961378574371338,-0.12705035507678986,0.14532709121704102,0.2786703109741211,0.4512965679168701,-0.24,-0.2669370174407959,-0.5793679356575012,-0.34595608711242676,-0.14500866830348969,0.8414672017097473,0.10373561829328537,-0.36442720890045166,-0.2816663086414337,-0.008186344988644123,0.15742851793766022,-0.18441669642925262,1.46,-0.10351362079381943,-0.5427776575088501,1.0362370014190674,-0.10941051691770554
1.4926265478134155,0.018458181992173195,0.6596466898918152,-0.05974419414997101,-0.037900034338235855,0.04217831790447235,-0.9966017603874207,-0.1369512528181076,0.15416166186332703,0.26092594861984253,0.4630512595176697,-0.24,-0.27048131823539734,-0.5671319961547852,-0.34434187412261963,-0.16439418494701385,0.8399262428283691,0.10230714827775955,-0.367800772190094,-0.28325700759887695,-0.009041542187333107,0.159525066614151,-0.17920610308647156,1.46,-0.1084146574139595,-0.5437851548194885,1.0395599603652954,-0.10795500874519348
1.492547631263733,0.017534025013446808,0.6595215201377869,-0.05672914534807205,-0.03741167113184929,0.036475297063589096,-0.9970213770866394,-0.1477830410003662,0.16279037296772003,0.2439880073070526,0.4751993417739868,-0.24,-0.27283433079719543,-0.5548836588859558,-0.3425523638725281,-0.18398281931877136,0.8374473452568054,0.10066964477300644,-0.3704134225845337,-0.28426820039749146,-0.010134219191968441,0.16003189980983734,-0.17327307164669037,1.46,-0.11296489089727402,-0.5446360111236572,1.0416675806045532,-0.1065402552485466
1.4923384189605713,0.01665683463215828,0.6595034003257751,-0.05369335412979126,-0.03703070804476738,0.030858173966407776,-0.9973933100700378,-0.1593945473432541,0.1712314486503601,0.2274140864610672,0.48737385869026184,-0.24,-0.27389657497406006,-0.5427084565162659,-0.3403037488460541,-0.2036154419183731,0.8337906002998352,0.09891059994697571,-0.3720916211605072,-0.28469905257225037,-0.011570556089282036,0.15910297632217407,-0.1669396162033081,1.46,-0.11691251397132874,-0.5451322197914124,1.0421925783157349,-0.10540623962879181
1.491990327835083,0.015795597806572914,0.6595709323883057,-0.050587497651576996,-0.03681435436010361,0.025388063862919807,-0.9977178573608398,-0.17171607911586761,0.1796191781759262,0.2112533450126648,0.4992998540401459,-0.24,-0.2739061415195465,-0.530845046043396,-0.3374375104904175,-0.22342921793460846,0.8290911316871643,0.09686250239610672,-0.3728749454021454,-0.28470173478126526,-0.0134449303150177,0.1570737063884735,-0.16056318581104279,1.46,-0.12006000429391861,-0.5451146364212036,1.0411169528961182,-0.10470755398273468
1.4914970397949219,0.014907476492226124,0.6596788763999939,-0.04735497757792473,-0.036772266030311584,0.02004282735288143,-0.9979996681213379,-0.1846604198217392,0.18810084462165833,0.1953735500574112,0.5107535123825073,-0.24,-0.2732399106025696,-0.5194771885871887,-0.3337636888027191,-0.2431734800338745,0.8236841559410095,0.09457910060882568,-0.37300610542297363,-0.2846320867538452,-0.015703829005360603,0.15438775718212128,-0.154536634683609,1.46,-0.12237536907196045,-0.5444717407226562,1.0389933586120605,-0.10431864112615585
1.4908690452575684,0.013955303467810154,0.6597860455513,-0.0439506433904171,-0.036853522062301636,0.014790034852921963,-0.9982441663742065,-0.1981600672006607,0.1968240737915039,0.17954450845718384,0.5218282341957092,-0.24,-0.27224525809288025,-0.5085607171058655,-0.3292289674282074,-0.262921005487442,0.8178710341453552,0.0919915959239006,-0.37271976470947266,-0.2848227918148041,-0.01818693056702614,0.1514730602502823,-0.14924348890781403,1.46,-0.12390845268964767,-0.5432496666908264,1.0366888046264648,-0.10395156592130661
1.490125060081482,0.01291213370859623,0.6598708033561707,-0.040351368486881256,-0.036982592195272446,0.00961296632885933,-0.9984545707702637,-0.21224062144756317,0.20590442419052124,0.16344384849071503,0.5328947901725769,-0.24,-0.2711097300052643,-0.4979310929775238,-0.3238239884376526,-0.2827678322792053,0.811812698841095,0.08906014263629913,-0.37219011783599854,-0.2854999005794525,-0.020698033273220062,0.14865559339523315,-0.14483951032161713,1.46,-0.12472237646579742,-0.5416735410690308,1.0350233316421509,-0.1033816933631897
1.4892785549163818,0.011765656992793083,0.6599130034446716,-0.036538850516080856,-0.03711460530757904,0.004470968618988991,-0.9986327290534973,-0.22712266445159912,0.21540479362010956,0.14668047428131104,0.5444555878639221,-0.24,-0.269989550113678,-0.4874962568283081,-0.31756654381752014,-0.3027783930301666,0.8056541681289673,0.08580831438302994,-0.37156209349632263,-0.28686559200286865,-0.02307220548391342,0.1461530476808548,-0.14115554094314575,1.46,-0.12492173165082932,-0.5401164293289185,1.0345051288604736,-0.10267012566328049
1.4883359670639038,0.010520678013563156,0.6598931550979614,-0.032491810619831085,-0.03723284229636192,-0.0007022802019491792,-0.9987779259681702,-0.24328695237636566,0.22537024319171906,0.12885326147079468,0.5572096109390259,-0.24,-0.2688344419002533,-0.47722622752189636,-0.3105030357837677,-0.3230476677417755,0.7995179295539856,0.08227190375328064,-0.37093499302864075,-0.28912657499313354,-0.025149034336209297,0.1440449208021164,-0.13779081404209137,1.46,-0.12470743060112,-0.5389388203620911,1.0353859663009644,-0.10193132609128952
1.4873149394989014,0.009192445315420628,0.6598308682441711,-0.02825728990137577,-0.03730259835720062,-0.005945838056504726,-0.9988867044448853,-0.2613440454006195,0.2356642782688141,0.10945132374763489,0.5721835494041443,-0.24,-0.2672570049762726,-0.4669605493545532,-0.30278074741363525,-0.34361496567726135,0.7932802438735962,0.07852985709905624,-0.3702808618545532,-0.2923845648765564,-0.026709377765655518,0.14222344756126404,-0.13426770269870758,1.46,-0.12427467852830887,-0.5384615659713745,1.03752863407135,-0.10122307389974594
1.4862295389175415,0.00779664097353816,0.6597252488136292,-0.02385447546839714,-0.037299979478120804,-0.01130513846874237,-0.9989553093910217,-0.28177663683891296,0.2461499720811844,0.08830621838569641,0.5900676846504211,-0.24,-0.26484414935112,-0.45663174986839294,-0.29450446367263794,-0.3644975423812866,0.7869635224342346,0.07467333227396011,-0.3696344196796417,-0.2966674268245697,-0.027467142790555954,0.1406387835741043,-0.13016732037067413,1.46,-0.12369593232870102,-0.5388038754463196,1.040147066116333,-0.10069412738084793
1.485071063041687,0.006356436293572187,0.6595813632011414,-0.01927017979323864,-0.037225980311632156,-0.016886373981833458,-0.998978316783905,-0.30490583181381226,0.25656285881996155,0.06367096304893494,0.6114579439163208,-0.24,-0.2643376588821411,-0.446135014295578,-0.28574052453041077,-0.38591858744621277,0.780470073223114,0.07074180245399475,-0.368953675031662,-0.30200597643852234,-0.027074087411165237,0.13931560516357422,-0.12528975307941437,1.46,-0.12293170392513275,-0.5398575067520142,1.0420184135437012,-0.1005537137389183
1.483796238899231,0.004950357601046562,0.6594331860542297,-0.014484100043773651,-0.037171296775341034,-0.022638771682977676,-0.9989473819732666,-0.331031858921051,0.26657795906066895,0.03341101109981537,0.6355938911437988,-0.24,-0.2612808644771576,-0.43566709756851196,-0.27641361951828003,-0.4077334702014923,0.7733526825904846,0.0667676255106926,-0.367825448513031,-0.3081226050853729,-0.025455009192228317,0.13837414979934692,-0.11973747611045837,1.46,-0.12214912474155426,-0.5415482521057129,1.0415587425231934,-0.10092133283615112
1.4824316501617432,0.0036112715024501085,0.6592870950698853,-0.009435269981622696,-0.03715142980217934,-0.028432771563529968,-0.9988604784011841,-0.36133721470832825,0.27652040123939514,0.0029091560281813145,0.6645081043243408,-0.24,-0.2571600675582886,-0.42524081468582153,-0.26628926396369934,-0.42972177267074585,0.765384316444397,0.06279813498258591,-0.3660968542098999,-0.31476351618766785,-0.022535745054483414,0.13809539377689362,-0.11339865624904633,1.46,-0.1214771494269371,-0.5437338948249817,1.0374122858047485,-0.10214896500110626
1.4810870885849,0.002369928639382124,0.6590576171875,-0.004197935573756695,-0.03698998689651489,-0.03453783690929413,-0.9987097978591919,-0.39640793204307556,0.28693997859954834,-0.022434381768107414,0.698911190032959,-0.24,-0.25096720457077026,-0.4144773483276367,-0.25597265362739563,-0.4521314203739166,0.7574847340583801,0.059169232845306396,-0.36451441049575806,-0.32246309518814087,-0.01790706068277359,0.1382518708705902,-0.10596750676631927,1.46,-0.12081260234117508,-0.546345591545105,1.0294458866119385,-0.10442222654819489
1.4798657894134521,0.001281818374991417,0.6586028933525085,0.0011650281958281994,-0.0364501066505909,-0.04141319915652275,-0.9984762072563171,-0.43423226475715637,0.29765745997428894,-0.04207553341984749,0.7352097630500793,-0.24,-0.2436698079109192,-0.40293505787849426,-0.24633167684078217,-0.47546523809432983,0.7511394619941711,0.056395649909973145,-0.3641669750213623,-0.3317112922668457,-0.010900855995714664,0.1382543444633484,-0.09775097668170929,1.46,-0.11977462470531464,-0.5496991276741028,1.0187783241271973,-0.10825835168361664
1.4787918329238892,0.0003652427694760263,0.6578488349914551,0.006656405981630087,-0.03552118316292763,-0.04923095554113388,-0.9981333613395691,-0.47214239835739136,0.3086780905723572,-0.05589129030704498,0.7696358561515808,-0.24,-0.23661921918392181,-0.39072296023368835,-0.23764462769031525,-0.49992021918296814,0.7470756769180298,0.054578378796577454,-0.36549752950668335,-0.3421230912208557,-0.0018600467592477798,0.13755279779434204,-0.09007646888494492,1.46,-0.11868109554052353,-0.5541111826896667,1.0079997777938843,-0.11385902017354965
1.4778140783309937,-0.00033610640093684196,0.6567774415016174,0.012114879675209522,-0.03443630784749985,-0.057914067059755325,-0.9976538419723511,-0.5078198909759521,0.3197508752346039,-0.0628984346985817,0.7982277274131775,-0.24,-0.23111461102962494,-0.37888622283935547,-0.2303764820098877,-0.5249247550964355,0.7458088994026184,0.053681470453739166,-0.3685031235218048,-0.3527809977531433,0.007514014840126038,0.13545913994312286,-0.08456297218799591,1.46,-0.11833775788545609,-0.559733510017395,1.000440001487732,-0.1200224980711937
1.4768413305282593,-0.0008018277585506439,0.6554685235023499,0.017163876444101334,-0.03341120108962059,-0.06768665462732315,-0.996999204158783,-0.5371958613395691,0.32977190613746643,-0.06131431832909584,0.8147709369659424,-0.24,-0.2289600670337677,-0.36801159381866455,-0.2255723476409912,-0.5504435896873474,0.7474674582481384,0.0538359209895134,-0.3730374276638031,-0.36401283740997314,0.01324856374412775,0.14007021486759186,-0.08134942501783371,1.46,-0.11928931623697281,-0.566508948802948,0.9989712238311768,-0.12558463215827942
1.4759182929992676,-0.000985997961834073,0.6540172696113586,0.021929416805505753,-0.032264236360788345,-0.07800664752721786,-0.9961891770362854,-0.5596898794174194,0.3391149342060089,-0.05224538594484329,0.8207112550735474,-0.24,-0.22999946773052216,-0.3572954833507538,-0.22240608930587769,-0.5759626030921936,0.7507964968681335,0.05496270954608917,-0.37835532426834106,-0.37378761172294617,0.01729108951985836,0.1459416151046753,-0.08253220468759537,1.46,-0.1212601289153099,-0.5738391280174255,1.0044957399368286,-0.12962283194065094
1.474956750869751,-0.0008485377766191959,0.652554988861084,0.026375409215688705,-0.031239954754710197,-0.08879876881837845,-0.9952100515365601,-0.575254499912262,0.3465411961078644,-0.0388602539896965,0.8165155649185181,-0.24,-0.23417720198631287,-0.3469701409339905,-0.22070060670375824,-0.6014178395271301,0.7546526193618774,0.05698972940444946,-0.38358280062675476,-0.38141557574272156,0.02074984647333622,0.15064020454883575,-0.08806347101926804,1.46,-0.12514713406562805,-0.580851137638092,1.0167925357818604,-0.13165739178657532
1.4737861156463623,-0.0003395318053662777,0.6512323021888733,0.030379043892025948,-0.030710259452462196,-0.09983435273170471,-0.9940658807754517,-0.5841984152793884,0.3491106331348419,-0.028930818662047386,0.8030864000320435,-0.24,-0.24457049369812012,-0.3379693031311035,-0.22047169506549835,-0.6262751817703247,0.7579814791679382,0.05970532447099686,-0.3876684010028839,-0.38617178797721863,0.023962832987308502,0.15320554375648499,-0.09670918434858322,1.46,-0.13131120800971985,-0.586178183555603,1.0333290100097656,-0.13071517646312714
1.4724613428115845,0.0004308628849685192,0.6501615643501282,0.0341779999434948,-0.030437471345067024,-0.11014363169670105,-0.9928613305091858,-0.5864453911781311,0.3489801287651062,-0.022549837827682495,0.7814762592315674,-0.2362406700849533,-0.25804436206817627,-0.3298204243183136,-0.2200803905725479,-0.6492743492126465,0.7594308853149414,0.06291627883911133,-0.3899291157722473,-0.3861284554004669,0.027769602835178375,0.15426021814346313,-0.10701414197683334,1.46,-0.1376763880252838,-0.588738203048706,1.0502594709396362,-0.12629960477352142
1.4709657430648804,0.0013496591709554195,0.6499443054199219,0.03710204362869263,-0.03061695396900177,-0.11874482035636902,-0.9917587637901306,-0.5891375541687012,0.34508857131004333,-0.026685817167162895,0.7635740637779236,-0.22576403617858887,-0.2644532024860382,-0.322907418012619,-0.21903309226036072,-0.6664506793022156,0.7555768489837646,0.06851711869239807,-0.3882552981376648,-0.38010624051094055,0.03044414520263672,0.15472495555877686,-0.11645245552062988,1.46,-0.14369434118270874,-0.5881669521331787,1.065914273262024,-0.11580542474985123
1.469523310661316,0.0023041602689772844,0.6513508558273315,0.03794170171022415,-0.030820390209555626,-0.1242353543639183,-0.9910479187965393,-0.5913178324699402,0.33872881531715393,-0.03283465653657913,0.7525540590286255,-0.22200705111026764,-0.255039781332016,-0.3155090808868408,-0.21771427989006042,-0.6754701733589172,0.7424350380897522,0.07861652970314026,-0.380485475063324,-0.3672601282596588,0.030849628150463104,0.15526115894317627,-0.11848977953195572,1.46,-0.14688986539840698,-0.5875107049942017,1.0774786472320557,-0.10547743737697601
1.4679361581802368,0.0033417700324207544,0.6532844305038452,0.037636931985616684,-0.03199649229645729,-0.12836600840091705,-0.9904957413673401,-0.5889046788215637,0.3309474587440491,-0.031216997653245926,0.734610915184021,-0.21632912755012512,-0.24246259033679962,-0.3108212947845459,-0.21789027750492096,-0.6828306913375854,0.7266008257865906,0.08678930997848511,-0.370072603225708,-0.3534236550331116,0.02995789609849453,0.15485647320747375,-0.1113298162817955,1.46,-0.15005408227443695,-0.5879859924316406,1.0856677293777466,-0.10187369585037231
1.466174840927124,0.004448081366717815,0.6554732322692871,0.036452315747737885,-0.03436063230037689,-0.13161680102348328,-0.9900341033935547,-0.5848692655563354,0.32167375087738037,-0.023887621238827705,0.7121349573135376,-0.2091512680053711,-0.2273663729429245,-0.3087174594402313,-0.21945227682590485,-0.6912413835525513,0.7079587578773499,0.08658073097467422,-0.35690975189208984,-0.3408544361591339,0.029295016080141068,0.15437357127666473,-0.09894321113824844,1.46,-0.15614789724349976,-0.5889419913291931,1.0934319496154785,-0.10403294116258621
1.46438729763031,0.0056063630618155,0.657699704170227,0.03471039980649948,-0.037368293851614,-0.13398608565330505,-0.9896698594093323,-0.5796379446983337,0.31190842390060425,-0.011770064942538738,0.6877201795578003,-0.2011006623506546,-0.211403951048851,-0.3085472881793976,-0.22177806496620178,-0.6991854906082153,0.6882151961326599,0.08074021339416504,-0.3424038589000702,-0.32981327176094055,0.029942508786916733,0.15427716076374054,-0.08523403853178024,1.46,-0.16460873186588287,-0.589219331741333,1.1027719974517822,-0.10924962162971497
1.462702989578247,0.006800428032875061,0.659770667552948,0.03271520510315895,-0.04048694297671318,-0.13530690968036652,-0.9894354343414307,-0.5736444592475891,0.30297768115997314,0.004957624711096287,0.6641381978988647,-0.19260357320308685,-0.19609911739826202,-0.3101625442504883,-0.22450517117977142,-0.7043238878250122,0.6698890924453735,0.0742703303694725,-0.3283681869506836,-0.3193015456199646,0.03079322725534439,0.1551370769739151,-0.0735427588224411,1.46,-0.17203383147716522,-0.587935745716095,1.1128199100494385,-0.11487778276205063
1.4612675905227661,0.00794750265777111,0.6616582274436951,0.030771490186452866,-0.043097175657749176,-0.13564972579479218,-0.9893405437469482,-0.5661041736602783,0.29594460129737854,0.02414054423570633,0.6419329047203064,-0.1849203258752823,-0.1820497065782547,-0.3119339644908905,-0.2267969697713852,-0.706298291683197,0.653456449508667,0.0703371912240982,-0.31564074754714966,-0.3090111315250397,0.0312865749001503,0.15731355547904968,-0.06450922787189484,1.46,-0.1741483360528946,-0.5855613946914673,1.1216826438903809,-0.12102697044610977
1.460102915763855,0.008929898031055927,0.6633508801460266,0.028899606317281723,-0.045049671083688736,-0.13561908900737762,-0.9893141984939575,-0.557447075843811,0.28933483362197876,0.04106369987130165,0.6209577322006226,-0.17820963263511658,-0.16959248483181,-0.31307661533355713,-0.22885754704475403,-0.7061012387275696,0.6394050717353821,0.06967399269342422,-0.3048485815525055,-0.30018213391304016,0.030958307906985283,0.16073647141456604,-0.05816489830613136,1.46,-0.16985851526260376,-0.5827162861824036,1.1289805173873901,-0.12688016891479492
1.459118127822876,0.009600121527910233,0.6647114157676697,0.027140256017446518,-0.04662016034126282,-0.13589884340763092,-0.9892529845237732,-0.5494697690010071,0.2827616035938263,0.052199941128492355,0.6021151542663574,-0.17382024228572845,-0.15887320041656494,-0.3141671121120453,-0.23112456500530243,-0.704594075679779,0.628664493560791,0.06995613873004913,-0.29662948846817017,-0.2940080463886261,0.029409408569335938,0.16580669581890106,-0.05546538531780243,1.46,-0.16043773293495178,-0.579656183719635,1.1343848705291748,-0.13124266266822815
1.4582282304763794,0.009835055097937584,0.6656816005706787,0.02556435391306877,-0.04810140281915665,-0.13689927756786346,-0.9890860915184021,-0.5442278385162354,0.27639010548591614,0.05829797685146332,0.5861518979072571,-0.17097881436347961,-0.14917823672294617,-0.3157724142074585,-0.23354607820510864,-0.7018296122550964,0.6211776733398438,0.06929749250411987,-0.2909596860408783,-0.29069942235946655,0.02672918327152729,0.17290526628494263,-0.05680721998214722,1.46,-0.1471455991268158,-0.5761259198188782,1.1364809274673462,-0.13366203010082245
1.4573882818222046,0.009581497870385647,0.6663696765899658,0.024276740849018097,-0.04962262511253357,-0.13882538676261902,-0.988774836063385,-0.5418265461921692,0.2704515755176544,0.060607414692640305,0.571992039680481,-0.16886016726493835,-0.1395469605922699,-0.3180302083492279,-0.23600177466869354,-0.6994556784629822,0.617035448551178,0.07013148069381714,-0.28797829151153564,-0.29003065824508667,0.023459799587726593,0.18173594772815704,-0.06046987697482109,1.46,-0.13118283450603485,-0.5717241764068604,1.1347744464874268,-0.13408209383487701
1.4565575122833252,0.008828328922390938,0.66688072681427,0.02319970354437828,-0.05121077597141266,-0.14153282344341278,-0.9883357882499695,-0.5413331389427185,0.26489728689193726,0.06007951498031616,0.5582583546638489,-0.16753190755844116,-0.12923209369182587,-0.3202815055847168,-0.23739230632781982,-0.6968563795089722,0.6147707104682922,0.07045859098434448,-0.28747308254241943,-0.2913995385169983,0.02031634747982025,0.19128809869289398,-0.0639776661992073,1.46,-0.11408781260251999,-0.5667518973350525,1.1307919025421143,-0.1321619302034378
1.455767035484314,0.007624578662216663,0.6673227548599243,0.02229004167020321,-0.052648939192295074,-0.14497466385364532,-0.9877820611000061,-0.5413156151771545,0.2597503364086151,0.0575413703918457,0.5438132882118225,-0.16689947247505188,-0.11786701530218124,-0.32171395421028137,-0.23798400163650513,-0.6944497227668762,0.6131165027618408,0.07086942344903946,-0.28831592202186584,-0.29439204931259155,0.017589323222637177,0.2003495991230011,-0.06574548035860062,1.46,-0.09638194739818573,-0.5620161294937134,1.1260905265808105,-0.12720154225826263
1.454975962638855,0.006065689027309418,0.6676711440086365,0.021535733714699745,-0.05398940294981003,-0.1489299237728119,-0.9871379137039185,-0.5419359803199768,0.25501319766044617,0.05343370884656906,0.5291520357131958,-0.16668067872524261,-0.10584984719753265,-0.3228754997253418,-0.2381913810968399,-0.6932003498077393,0.6124023199081421,0.07088912278413773,-0.29017382860183716,-0.2981085777282715,0.014429292641580105,0.2079795002937317,-0.06501977890729904,1.46,-0.07841356843709946,-0.5586358308792114,1.121080756187439,-0.11946970969438553
1.4541274309158325,0.0042434632778167725,0.6678885221481323,0.020998496562242508,-0.05540936067700386,-0.15294675529003143,-0.9864562749862671,-0.5439209342002869,0.2510688006877899,0.04898807033896446,0.5153407454490662,-0.16681215167045593,-0.09359178692102432,-0.3249076008796692,-0.23821528255939484,-0.6938313841819763,0.6129923462867737,0.07000116258859634,-0.2926243245601654,-0.3012477159500122,0.010016965679824352,0.21370583772659302,-0.06130782514810562,1.46,-0.060292165726423264,-0.5572133660316467,1.1151882410049438,-0.10968884825706482
1.4532129764556885,0.0022207172587513924,0.6680231690406799,0.020735541358590126,-0.056948624551296234,-0.15656083822250366,-0.9858070015907288,-0.5471209287643433,0.24834810197353363,0.04622601345181465,0.5025455951690674,-0.16655845940113068,-0.08128002285957336,-0.3280658423900604,-0.23775139451026917,-0.6967058777809143,0.614177942276001,0.06784376502037048,-0.2948938310146332,-0.3028789460659027,0.004203694872558117,0.21726365387439728,-0.0540262833237648,1.46,-0.042360302060842514,-0.5575945973396301,1.1087796688079834,-0.09834691882133484
1.4522496461868286,3.139721229672432e-05,0.6681621670722961,0.020723437890410423,-0.05855443328619003,-0.15952248871326447,-0.9852383136749268,-0.5508246421813965,0.24696360528469086,0.04721004515886307,0.49011605978012085,-0.165516197681427,-0.06848057359457016,-0.33198973536491394,-0.23633849620819092,-0.701007068157196,0.6148486137390137,0.06443846970796585,-0.29648643732070923,-0.30287957191467285,-0.0027520167641341686,0.21843531727790833,-0.04353443533182144,1.46,-0.02586834505200386,-0.5592308044433594,1.1037768125534058,-0.08584330976009369
1.4512814283370972,-0.002288077026605606,0.668334424495697,0.020889760926365852,-0.06006168946623802,-0.16190551221370697,-0.9847552180290222,-0.5542593002319336,0.24694190919399261,0.052721261978149414,0.4774180054664612,-0.16356192529201508,-0.05478670448064804,-0.33598753809928894,-0.23390188813209534,-0.7055781483650208,0.6146913170814514,0.06029834225773811,-0.2974822223186493,-0.30170685052871704,-0.010291887447237968,0.2170858383178711,-0.030991612002253532,1.46,-0.011716583743691444,-0.5617012977600098,1.1013360023498535,-0.07332045584917068
1.4503331184387207,-0.004708097316324711,0.6685173511505127,0.021127041429281235,-0.06136350706219673,-0.1639876663684845,-0.9843252301216125,-0.5571452975273132,0.24761466681957245,0.06117873266339302,0.4645509421825409,-0.16091154515743256,-0.04061783105134964,-0.33960139751434326,-0.23079681396484375,-0.7094968557357788,0.6141402721405029,0.056058645248413086,-0.2983505427837372,-0.2998332977294922,-0.018111197277903557,0.21333467960357666,-0.01754956878721714,1.46,0.00011921983968932182,-0.5646106004714966,1.1003649234771729,-0.062018487602472305
1.4493935108184814,-0.00722781615331769,0.6686908006668091,0.02135019190609455,-0.062480680644512177,-0.1659548580646515,-0.9839203357696533,-0.559262752532959,0.2484055757522583,0.07049018889665604,0.4512465298175812,-0.15818153321743011,-0.02627185545861721,-0.34286344051361084,-0.22715450823307037,-0.7110382914543152,0.613497257232666,0.05223337188363075,-0.2996072471141815,-0.2972223162651062,-0.02641591988503933,0.20768606662750244,-0.004230659455060959,1.46,0.010516492649912834,-0.5673772096633911,1.0980881452560425,-0.05273681879043579
1.4484578371047974,-0.00988076999783516,0.6688929200172424,0.021575171500444412,-0.06348159909248352,-0.16788406670093536,-0.9835239052772522,-0.560177743434906,0.24915193021297455,0.07911532372236252,0.43636876344680786,-0.1559751331806183,-0.011320467106997967,-0.3458120822906494,-0.22265325486660004,-0.7090185880661011,0.6123985052108765,0.049331746995449066,-0.3012188971042633,-0.29376670718193054,-0.03543291240930557,0.2009270191192627,0.008478746749460697,1.46,0.02029487118124962,-0.5692216157913208,1.092437982559204,-0.045957401394844055
1.4475483894348145,-0.012716978788375854,0.6691763401031494,0.02191883511841297,-0.06439737230539322,-0.16986335813999176,-0.983116865158081,-0.5594907999038696,0.25011318922042847,0.08627574145793915,0.4187760055065155,-0.15465675294399261,0.004724304657429457,-0.348160058259964,-0.2168130725622177,-0.7038568258285522,0.6101937890052795,0.047914598137140274,-0.30279743671417236,-0.2898487448692322,-0.044837191700935364,0.19384709000587463,0.020575888454914093,1.46,0.029355458915233612,-0.5696155428886414,1.0834101438522339,-0.04257915914058685
1.4467211961746216,-0.015758926048874855,0.669574499130249,0.02259869873523712,-0.06516669690608978,-0.17195723950862885,-0.9826866984367371,-0.5569491386413574,0.2518288791179657,0.09103906154632568,0.39840221405029297,-0.15468068420886993,0.021429242566227913,-0.3498325049877167,-0.21006722748279572,-0.6977742910385132,0.6063563823699951,0.048958051949739456,-0.30317553877830505,-0.286019891500473,-0.054081693291664124,0.18704082071781158,0.03204149007797241,1.46,0.037220299243927,-0.5684120059013367,1.0716784000396729,-0.04347415268421173
1.445965051651001,-0.018962807953357697,0.6699898838996887,0.023668859153985977,-0.06586699932813644,-0.17387457191944122,-0.9822773933410645,-0.5534892082214355,0.25475209951400757,0.09340247511863708,0.3762066066265106,-0.15649180114269257,0.03874386474490166,-0.35127872228622437,-0.20210053026676178,-0.6911674737930298,0.6015670299530029,0.051038503646850586,-0.30293455719947815,-0.2821037173271179,-0.06328019499778748,0.18079733848571777,0.04280738905072212,1.46,0.04339379072189331,-0.566140353679657,1.057049036026001,-0.04871813580393791
1.4452414512634277,-0.02230352908372879,0.6703155636787415,0.02498493902385235,-0.06657399982213974,-0.17547230422496796,-0.9819129109382629,-0.5500366687774658,0.2587346136569977,0.09460224956274033,0.3537406027317047,-0.15934085845947266,0.056062810122966766,-0.35280510783195496,-0.19288542866706848,-0.6816951036453247,0.595687985420227,0.05049211531877518,-0.3020767569541931,-0.278046578168869,-0.07266432046890259,0.17536282539367676,0.05285940319299698,1.46,0.04831279069185257,-0.5628774762153625,1.0376487970352173,-0.056341495364904404
1.4445544481277466,-0.02577074244618416,0.6704894304275513,0.02635161206126213,-0.06719907373189926,-0.17698155343532562,-0.9815636277198792,-0.5467924475669861,0.2631872594356537,0.09485102444887161,0.3317025601863861,-0.162845179438591,0.07314445078372955,-0.35437288880348206,-0.18319621682167053,-0.6680741906166077,0.5894563794136047,0.04675120487809181,-0.30097511410713196,-0.27443790435791016,-0.08196470141410828,0.1709422469139099,0.06239470839500427,1.46,0.05292515084147453,-0.5583357214927673,1.0117518901824951,-0.06390471756458282
1.44388747215271,-0.029388390481472015,0.6704220175743103,0.027531886473298073,-0.06766960769891739,-0.17866654694080353,-0.9811936020851135,-0.544098973274231,0.26753392815589905,0.09423359483480453,0.31094855070114136,-0.1666780412197113,0.08972862362861633,-0.35518622398376465,-0.17211264371871948,-0.6489396095275879,0.5848618745803833,0.03963996469974518,-0.3029398024082184,-0.27181312441825867,-0.09093186259269714,0.167626291513443,0.07163740694522858,1.46,0.057869501411914825,-0.5525845885276794,0.9791425466537476,-0.07056380808353424
1.44332754611969,-0.03316640853881836,0.670167863368988,0.02869279496371746,-0.06769508123397827,-0.18087178468704224,-0.980754554271698,-0.5417194366455078,0.27210626006126404,0.0923214852809906,0.2916291058063507,-0.1708715707063675,0.10582597553730011,-0.35503309965133667,-0.16074444353580475,-0.6263416409492493,0.5828830003738403,0.034731049090623856,-0.30763453245162964,-0.27058467268943787,-0.09915410727262497,0.16545836627483368,0.08051551878452301,1.46,0.06379496306180954,-0.5455137491226196,0.94124436378479,-0.07615955919027328
1.4429229497909546,-0.037064190953969955,0.6697523593902588,0.030116761103272438,-0.06716343015432358,-0.18357105553150177,-0.9802466630935669,-0.5404507517814636,0.2776319086551666,0.08859868347644806,0.29000000000000004,-0.17550259828567505,0.12057193368673325,-0.35413873195648193,-0.14977289736270905,-0.6061196327209473,0.5837345123291016,0.03385850787162781,-0.3141852915287018,-0.27046287059783936,-0.10672923922538757,0.1641174554824829,0.0891193300485611,1.46,0.06967030465602875,-0.5379354953765869,0.9019461274147034,-0.08157579600811005
1.442639946937561,-0.04099356383085251,0.6691462397575378,0.03164322301745415,-0.0661567822098732,-0.18647263944149017,-0.9797192215919495,-0.5412033796310425,0.2837953567504883,0.0838862806558609,0.29000000000000004,-0.17992666363716125,0.13290062546730042,-0.3526588976383209,-0.13955526053905487,-0.5913488268852234,0.5865171551704407,0.031952038407325745,-0.3214966356754303,-0.2705935835838318,-0.11408180743455887,0.16277581453323364,0.09695105254650116,1.46,0.07397700846195221,-0.5312321782112122,0.8651142716407776,-0.08694968372583389
1.4424477815628052,-0.04484183341264725,0.668379545211792,0.03309858962893486,-0.06476627290248871,-0.18924234807491302,-0.9792327880859375,-0.5442078113555908,0.2901029586791992,0.0805647149682045,0.29000000000000004,-0.18318602442741394,0.14307108521461487,-0.3512144684791565,-0.1308199167251587,-0.5836770534515381,0.591411292552948,0.028788164258003235,-0.3291448950767517,-0.26996493339538574,-0.1217888593673706,0.16073240339756012,0.1033373475074768,1.46,0.0760665088891983,-0.5262230634689331,0.8332338333129883,-0.09129223972558975
1.4422835111618042,-0.04855043813586235,0.667503297328949,0.03431268408894539,-0.06322561204433441,-0.1917366236448288,-0.9788064360618591,-0.5492619276046753,0.2958426773548126,0.07993873953819275,0.29000000000000004,-0.18427984416484833,0.15114451944828033,-0.35050341486930847,-0.12410249561071396,-0.5832937359809875,0.5983021259307861,0.024283209815621376,-0.3367988169193268,-0.2679637670516968,-0.1304980218410492,0.15763258934020996,0.10731737315654755,1.46,0.07610410451889038,-0.5230981111526489,0.8073649406433105,-0.0937318429350853
1.4421348571777344,-0.052109166979789734,0.666536808013916,0.035321351140737534,-0.06164329871535301,-0.19382373988628387,-0.978460431098938,-0.5552064180374146,0.3015384078025818,0.08307837694883347,0.29000000000000004,-0.18364819884300232,0.1589130312204361,-0.3506194055080414,-0.11894356459379196,-0.5881495475769043,0.6065219640731812,0.018592702224850655,-0.3443346917629242,-0.2641320526599884,-0.13991472125053406,0.153743177652359,0.10838340222835541,1.46,0.07545536756515503,-0.5216491222381592,0.7872036695480347,-0.09477853029966354
1.441927433013916,-0.05562761425971985,0.6656549572944641,0.03606873005628586,-0.060300569981336594,-0.1957405060529709,-0.9781351685523987,-0.5610393285751343,0.3061532974243164,0.08539770543575287,0.29000000000000004,-0.1830063760280609,0.1642187386751175,-0.35140493512153625,-0.11477293074131012,-0.5949517488479614,0.6145259737968445,0.012434074655175209,-0.3511320948600769,-0.2589678168296814,-0.1492445170879364,0.14971664547920227,0.10638287663459778,1.46,0.07496704906225204,-0.5211055874824524,0.7723691463470459,-0.09582529962062836
1.441745638847351,-0.059100326150655746,0.664813756942749,0.03671732172369957,-0.059026483446359634,-0.19741487503051758,-0.9778522253036499,-0.5654561519622803,0.3106980323791504,0.08793825656175613,0.29000000000000004,-0.18275931477546692,0.17024347186088562,-0.35220393538475037,-0.11066640168428421,-0.6014135479927063,0.621949315071106,0.006505405995994806,-0.35757189989089966,-0.25238239765167236,-0.15698888897895813,0.14630649983882904,0.10114950686693192,1.46,0.07554709166288376,-0.5205982327461243,0.7625030279159546,-0.09814804792404175
1.4416004419326782,-0.06250288337469101,0.6640071272850037,0.037324704229831696,-0.057934340089559555,-0.1991206705570221,-0.9775485992431641,-0.5694518089294434,0.3148161470890045,0.09098181128501892,0.29000000000000004,-0.18226459622383118,0.17685428261756897,-0.35308191180229187,-0.1066906601190567,-0.6079682111740112,0.6288096904754639,0.0006422341684810817,-0.36371955275535583,-0.24504894018173218,-0.16271647810935974,0.1440332978963852,0.09278403222560883,1.46,0.07702624052762985,-0.5189809203147888,0.7570141553878784,-0.10173012316226959
1.441578984260559,-0.06573387235403061,0.6631263494491577,0.03803899139165878,-0.05688939243555069,-0.20098617672920227,-0.9772006273269653,-0.5739952921867371,0.31896957755088806,0.09740293771028519,0.29000000000000004,-0.18005886673927307,0.1861397922039032,-0.35374507308006287,-0.10284947603940964,-0.6148266196250916,0.6358249187469482,-0.00480952812358737,-0.37019774317741394,-0.23725417256355286,-0.16632972657680511,0.14309167861938477,0.08167492598295212,1.46,0.0797508955001831,-0.5154670476913452,0.7549187541007996,-0.10579238086938858
1.4416762590408325,-0.06876540929079056,0.6622464656829834,0.038821615278720856,-0.05595743656158447,-0.2034265697002411,-0.9767186045646667,-0.5799373984336853,0.3221971392631531,0.10528244823217392,0.29000000000000004,-0.17594505846500397,0.19562391936779022,-0.35393351316452026,-0.09940934926271439,-0.6225813627243042,0.6426708102226257,-0.009242060594260693,-0.37686800956726074,-0.2298637330532074,-0.1685340702533722,0.14327940344810486,0.06931359320878983,1.46,0.0841321125626564,-0.5099817514419556,0.7549741864204407,-0.10995477437973022
1.4418599605560303,-0.07159240543842316,0.661453902721405,0.03958971053361893,-0.055192578583955765,-0.20659920573234558,-0.9760650992393494,-0.5864939093589783,0.3240169584751129,0.1110772117972374,0.29000000000000004,-0.17153455317020416,0.203616201877594,-0.35365501046180725,-0.09656225144863129,-0.6310026049613953,0.6491048336029053,-0.011328848078846931,-0.3836049735546112,-0.2233104556798935,-0.16972598433494568,0.14409838616847992,0.057638369500637054,1.46,0.09033616632223129,-0.5034023523330688,0.7564795613288879,-0.11485938727855682
1.442119836807251,-0.07424024492502213,0.6608229875564575,0.040313296020030975,-0.05449419841170311,-0.2102387547492981,-0.975297212600708,-0.5914866328239441,0.3247554898262024,0.11262647062540054,0.29000000000000004,-0.16843995451927185,0.21051310002803802,-0.35282179713249207,-0.09400872886180878,-0.6390882134437561,0.6548333764076233,-0.009971879422664642,-0.39011675119400024,-0.21722282469272614,-0.16971075534820557,0.14525365829467773,0.048228465020656586,1.46,0.0983244851231575,-0.4967513978481293,0.7590111494064331,-0.12112429738044739
1.4425125122070312,-0.07662878930568695,0.6601734161376953,0.04119090363383293,-0.05368831008672714,-0.21386471390724182,-0.9745166301727295,-0.5953704714775085,0.3260888457298279,0.11300597339868546,0.29000000000000004,-0.1665959656238556,0.21887372434139252,-0.3516571521759033,-0.09139571338891983,-0.6462259292602539,0.6608875393867493,-0.005982718430459499,-0.39693376421928406,-0.21091347932815552,-0.16827811300754547,0.1469373106956482,0.041592638939619064,1.46,0.1074521392583847,-0.4905061721801758,0.7621875405311584,-0.1282871961593628
1.442980408668518,-0.07876328378915787,0.659524142742157,0.0421769805252552,-0.05297231674194336,-0.21757660806179047,-0.9736915826797485,-0.599584698677063,0.3273419141769409,0.11166900396347046,0.29000000000000004,-0.1651378571987152,0.22686456143856049,-0.35062703490257263,-0.08892528712749481,-0.6525244116783142,0.6671678423881531,0.0002599167637526989,-0.4039008319377899,-0.20490239560604095,-0.16570287942886353,0.14950154721736908,0.03725552558898926,1.46,0.11643024533987045,-0.4844851791858673,0.7652929425239563,-0.13536207377910614
1.4434889554977417,-0.08064167946577072,0.6589190363883972,0.043132588267326355,-0.05237786844372749,-0.2214176207780838,-0.9728156328201294,-0.6035619974136353,0.3281022608280182,0.10776180773973465,0.29000000000000004,-0.16478702425956726,0.23398247361183167,-0.3498765528202057,-0.08690179884433746,-0.657603919506073,0.6736952066421509,0.008872070349752903,-0.41091787815093994,-0.19950629770755768,-0.16177265346050262,0.15279798209667206,0.03476859629154205,1.46,0.1245444193482399,-0.47868824005126953,0.7677667140960693,-0.1420014649629593
1.4440197944641113,-0.08222346007823944,0.6583548784255981,0.043907467275857925,-0.05182889103889465,-0.2252904325723648,-0.9719208478927612,-0.6068572998046875,0.32826077938079834,0.10103259980678558,0.29000000000000004,-0.16580528020858765,0.2397782951593399,-0.34934350848197937,-0.08561823517084122,-0.660866916179657,0.6805151700973511,0.019055332988500595,-0.4179486036300659,-0.19468580186367035,-0.1564149260520935,0.15606456995010376,0.03385430946946144,1.46,0.13134053349494934,-0.47323283553123474,0.7694292068481445,-0.1478576958179474
1.4445635080337524,-0.08348298072814941,0.6578584313392639,0.04436463862657547,-0.051217347383499146,-0.22907213866710663,-0.9710480570793152,-0.6088758707046509,0.3276878297328949,0.09288673102855682,0.29000000000000004,-0.16764211654663086,0.24430842697620392,-0.3486786186695099,-0.08534497767686844,-0.6624559164047241,0.6875263452529907,0.030210092663764954,-0.42485544085502625,-0.1902289092540741,-0.15004444122314453,0.15864969789981842,0.03415936604142189,1.46,0.13669201731681824,-0.4682348966598511,0.7703372240066528,-0.14999999999999997
1.445112705230713,-0.08444014936685562,0.6574262976646423,0.0444737933576107,-0.05052337050437927,-0.2327626496553421,-0.9702013731002808,-0.6098836660385132,0.3262438476085663,0.08554353564977646,0.29000000000000004,-0.16915085911750793,0.24804888665676117,-0.34767261147499084,-0.08607897162437439,-0.6621932983398438,0.6944750547409058,0.04144037514925003,-0.4315301775932312,-0.1860618144273758,-0.14334264397621155,0.1604975163936615,0.035258304327726364,1.46,0.1406923532485962,-0.4637170135974884,0.7705348134040833,-0.14999999999999997
1.4456504583358765,-0.08512669801712036,0.6570242643356323,0.0442640595138073,-0.0497865229845047,-0.2364349067211151,-0.9693607687950134,-0.6104457378387451,0.32391661405563354,0.07861802726984024,0.29000000000000004,-0.17026351392269135,0.25088950991630554,-0.3464442789554596,-0.08779287338256836,-0.6600951552391052,0.7013618350028992,0.05184534937143326,-0.4379074275493622,-0.18220333755016327,-0.13686016201972961,0.16175994277000427,0.03671685978770256,1.46,0.14350974559783936,-0.45981547236442566,0.7701240181922913,-0.14999999999999997
1.4461777210235596,-0.08556950092315674,0.6566413640975952,0.04376078024506569,-0.0489889532327652,-0.24005503952503204,-0.9685342311859131,-0.6107704043388367,0.32086050510406494,0.07198257744312286,0.29000000000000004,-0.1710384488105774,0.25267690420150757,-0.34493201971054077,-0.09035317599773407,-0.6562674045562744,0.708053469657898,0.06075870990753174,-0.4438766539096832,-0.1784464716911316,-0.13101887702941895,0.16244229674339294,0.03827778622508049,1.46,0.14545147120952606,-0.4568425118923187,0.7694861888885498,-0.14999999999999997
1.4467015266418457,-0.08578620851039886,0.6562901139259338,0.04299759492278099,-0.04809960350394249,-0.24349388480186462,-0.9677542448043823,-0.6107805371284485,0.31734228134155273,0.06582242250442505,0.29000000000000004,-0.1715395301580429,0.25331440567970276,-0.3430114686489105,-0.09353940933942795,-0.6511092185974121,0.7143359780311584,0.06815412640571594,-0.44934359192848206,-0.17440713942050934,-0.1262325644493103,0.1625230759382248,0.039817582815885544,1.4574161767959595,0.1467989832162857,-0.45509982109069824,0.7691435813903809,-0.14999999999999997
1.4472224712371826,-0.08579324930906296,0.6559877395629883,0.04204405099153519,-0.04715334251523018,-0.24659068882465363,-0.9670582413673401,-0.6104720830917358,0.31365659832954407,0.060383204370737076,0.29000000000000004,-0.171809583902359,0.2528129816055298,-0.34077250957489014,-0.09701114147901535,-0.6452261805534363,0.7200431227684021,0.07441522926092148,-0.4542594254016876,-0.16968132555484772,-0.12283845245838165,0.1622491478919983,0.04119262471795082,1.4535341262817383,0.14767862856388092,-0.45467841625213623,0.7694670557975769,-0.14999999999999997
1.4477330446243286,-0.0856054425239563,0.6557467579841614,0.040997691452503204,-0.04624982178211212,-0.2491815835237503,-0.9664825201034546,-0.6100617051124573,0.3100854754447937,0.05584295466542244,0.29000000000000004,-0.17190533876419067,0.2512117624282837,-0.338528573513031,-0.10048060119152069,-0.6392104625701904,0.7251074314117432,0.0800914466381073,-0.45864394307136536,-0.16394567489624023,-0.12101727724075317,0.16207487881183624,0.04217113181948662,1.4506936073303223,0.14813771843910217,-0.45547226071357727,0.770514190196991,-0.14999999999999997
1.4482238292694092,-0.08523691445589066,0.6555750370025635,0.03995552659034729,-0.04548966884613037,-0.2511310875415802,-0.9660575985908508,-0.6098013520240784,0.3068673014640808,0.05234145000576973,0.29000000000000004,-0.17177796363830566,0.24852944910526276,-0.3365379571914673,-0.1038336306810379,-0.6334570050239563,0.7294429540634155,0.08551714569330215,-0.4623630940914154,-0.15706971287727356,-0.12075966596603394,0.1624038815498352,0.04249678924679756,1.4487836360931396,0.14823848009109497,-0.45730844140052795,0.77215576171875,-0.14712540805339813
1.4486891031265259,-0.08470434695482254,0.6554756164550781,0.038984544575214386,-0.04493420943617821,-0.2524107098579407,-0.9657896757125854,-0.609824538230896,0.3041122257709503,0.049916572868824005,0.29000000000000004,-0.1714610457420349,0.24494041502475739,-0.33493557572364807,-0.10696103423833847,-0.6279999613761902,0.7329179644584656,0.09056571871042252,-0.4653021991252899,-0.14928673207759857,-0.12184040248394012,0.1634417325258255,0.04209031164646149,1.447662353515625,0.14810876548290253,-0.45996853709220886,0.774164617061615,-0.1411089450120926
1.4491236209869385,-0.08403495699167252,0.6554440259933472,0.038117509335279465,-0.04460575431585312,-0.25314033031463623,-0.9656487107276917,-0.6100841164588928,0.3017479181289673,0.04840392619371414,0.29000000000000004,-0.17097389698028564,0.2407999485731125,-0.3337675631046295,-0.10975713282823563,-0.6224586963653564,0.7354506850242615,0.09498890489339828,-0.46739113330841064,-0.1412198543548584,-0.12379910051822662,0.16522231698036194,0.041143931448459625,1.4469927549362183,0.14797140657901764,-0.463115394115448,0.7761409282684326,-0.13445007801055908
1.4495235681533813,-0.08326537907123566,0.6554672718048096,0.03735274448990822,-0.04449685662984848,-0.2535507380962372,-0.9655758142471313,-0.6104497909545898,0.2995457649230957,0.04739568382501602,0.29000000000000004,-0.17036345601081848,0.2365579456090927,-0.33306679129600525,-0.11218225210905075,-0.6162004470825195,0.7371861338615417,0.09889862686395645,-0.4687780737876892,-0.13370157778263092,-0.12606830894947052,0.16766352951526642,0.0400472991168499,1.4462792873382568,0.1481151282787323,-0.46631333231925964,0.7775149345397949,-0.12778286635875702
1.4498941898345947,-0.08244149386882782,0.6555266380310059,0.03667069599032402,-0.04455460235476494,-0.25392067432403564,-0.9655020236968994,-0.610826849937439,0.29727211594581604,0.0466146282851696,0.29000000000000004,-0.16967745125293732,0.23267632722854614,-0.3328300714492798,-0.11399843543767929,-0.6085298657417297,0.7382655143737793,0.10210821777582169,-0.4697341024875641,-0.12755365669727325,-0.12813237309455872,0.17062939703464508,0.03916781395673752,1.4450628757476807,0.1488238424062729,-0.4691314399242401,0.7777594327926636,-0.1216890886425972
1.4502489566802979,-0.08161093294620514,0.6555976271629333,0.03606196865439415,-0.04468949884176254,-0.2544941306114197,-0.96536785364151,-0.6111768484115601,0.29478973150253296,0.045615121722221375,0.29000000000000004,-0.1689581423997879,0.22936131060123444,-0.3329087495803833,-0.11492719501256943,-0.5990565419197083,0.7387837171554565,0.10420548170804977,-0.4704735577106476,-0.12338633835315704,-0.1296849101781845,0.17393866181373596,0.0386628620326519,1.4431072473526,0.15021756291389465,-0.4712945520877838,0.7766950726509094,-0.11663879454135895
1.450602650642395,-0.08081764727830887,0.6556615829467773,0.03552594408392906,-0.04480288550257683,-0.25541436672210693,-0.9651393294334412,-0.6115394234657288,0.29209789633750916,0.044037263840436935,0.29000000000000004,-0.16821417212486267,0.22664886713027954,-0.3330097794532776,-0.11484731733798981,-0.5878885984420776,0.7387739419937134,0.10494150966405869,-0.47115379571914673,-0.12144961208105087,-0.1306968778371811,0.17732678353786469,0.038396745920181274,1.440440058708191,0.15216776728630066,-0.4727463126182556,0.774537980556488,-0.11291661858558655
1.4509694576263428,-0.08008880168199539,0.6557088494300842,0.03507031127810478,-0.04480426013469696,-0.25669461488723755,-0.9648162126541138,-0.6119493246078491,0.28934618830680847,0.041729800403118134,0.29000000000000004,-0.16758763790130615,0.22436589002609253,-0.3328699469566345,-0.11374055594205856,-0.5756776928901672,0.7382670640945435,0.10421622544527054,-0.471828818321228,-0.12158747762441635,-0.13138729333877563,0.18043969571590424,0.03795073926448822,1.437304973602295,0.15433499217033386,-0.47363102436065674,0.771726131439209,-0.11058972030878067
1.4513548612594604,-0.0794316753745079,0.6557413339614868,0.034718021750450134,-0.044637531042099,-0.2582062780857086,-0.9644333124160767,-0.612450122833252,0.28679323196411133,0.03876024857163429,0.29000000000000004,-0.16711969673633575,0.2222321778535843,-0.3322628140449524,-0.11183138191699982,-0.5635608434677124,0.7373404502868652,0.10257202386856079,-0.47250592708587646,-0.1232631579041481,-0.1321641355752945,0.182902529835701,0.03676564618945122,1.434106469154358,0.15623264014720917,-0.4741739332675934,0.768734872341156,-0.10944750159978867
1.4517534971237183,-0.07883898913860321,0.655773937702179,0.034507233649492264,-0.044303517788648605,-0.2597094774246216,-0.9640525579452515,-0.6130966544151306,0.28476482629776,0.035425856709480286,0.29000000000000004,-0.16681736707687378,0.21994833648204803,-0.3310956656932831,-0.10944018512964249,-0.5528183579444885,0.7360168099403381,0.10075614601373672,-0.4730617105960846,-0.1257183849811554,-0.13350465893745422,0.18439429998397827,0.03436083719134331,1.4313225746154785,0.15731146931648254,-0.4745815396308899,0.7659896612167358,-0.10907245427370071
1.4521446228027344,-0.07829741388559341,0.6558248400688171,0.034480027854442596,-0.04386831074953079,-0.26092439889907837,-0.9637453556060791,-0.6139490604400635,0.2835509479045868,0.03218037262558937,0.29000000000000004,-0.1666761040687561,0.217342808842659,-0.3294364809989929,-0.10688822716474533,-0.5444826483726501,0.7342430353164673,0.09931664168834686,-0.4732876420021057,-0.12820720672607422,-0.13582074642181396,0.18470336496829987,0.03053169883787632,1.4294010400772095,0.15708015859127045,-0.47499969601631165,0.7638326287269592,-0.10898803174495697
1.4524928331375122,-0.07779791951179504,0.6559066772460938,0.0346638523042202,-0.043454233556985855,-0.26162993907928467,-0.9635661244392395,-0.615090548992157,0.28328508138656616,0.02945464476943016,0.29000000000000004,-0.16664420068264008,0.21443280577659607,-0.32753893733024597,-0.10440776497125626,-0.5390275120735168,0.7319082617759705,0.09815938025712967,-0.47292131185531616,-0.1302400380373001,-0.1393480896949768,0.18375827372074127,0.025412265211343765,1.4286247491836548,0.15524479746818542,-0.4754917025566101,0.7624566555023193,-0.10878163576126099
1.4527533054351807,-0.07734289020299911,0.6560155749320984,0.035045575350522995,-0.04321039095520973,-0.2617373466491699,-0.9635341763496399,-0.616611659526825,0.28385260701179504,0.0275421179831028,0.29000000000000004,-0.16664229333400726,0.21146075427532196,-0.32569676637649536,-0.1022275760769844,-0.5361728668212891,0.7289371490478516,0.09676831215620041,-0.4718104302883148,-0.1317136585712433,-0.14405401051044464,0.18161939084529877,0.01945512555539608,1.4289870262145996,0.1518482118844986,-0.47600218653678894,0.7618066668510437,-0.10814468562602997
1.452893853187561,-0.07693831622600555,0.6561442613601685,0.03557669743895531,-0.043233394622802734,-0.26130950450897217,-0.9636298418045044,-0.6184651851654053,0.2849801778793335,0.02673567458987236,0.29000000000000004,-0.16648440062999725,0.20882177352905273,-0.3243555426597595,-0.100374236702919,-0.5353080034255981,0.7254341840744019,0.0943283811211586,-0.46990203857421875,-0.13287967443466187,-0.14952410757541656,0.17847785353660583,0.013340478762984276,1.4301447868347168,0.14737604558467865,-0.4763164222240448,0.7615618109703064,-0.10686998814344406
1.4528930187225342,-0.07659485191106796,0.6562789082527161,0.03616977110505104,-0.04355458915233612,-0.26053160429000854,-0.9638038277626038,-0.620464563369751,0.2862474322319031,0.026794172823429108,0.29000000000000004,-0.16621112823486328,0.20688454806804657,-0.3239065706729889,-0.0987139493227005,-0.5355441570281982,0.7216520309448242,0.09013063460588455,-0.4672703146934509,-0.13421840965747833,-0.15504245460033417,0.17463363707065582,0.007851283065974712,1.4314923286437988,0.1426197737455368,-0.4761625826358795,0.7612376809120178,-0.10493632405996323
1.4527512788772583,-0.07631413638591766,0.6564013361930847,0.0366944894194603,-0.044116899371147156,-0.25964248180389404,-0.9639983177185059,-0.622292697429657,0.28719449043273926,0.02749394066631794,0.2901745140552521,-0.16581925749778748,0.20587322115898132,-0.32448962330818176,-0.09747745096683502,-0.5359739065170288,0.7183312773704529,0.0854797512292862,-0.46455681324005127,-0.13620047271251678,-0.15982428193092346,0.17042607069015503,0.0036674384027719498,1.4324551820755005,0.1385081261396408,-0.47534042596817017,0.7603485584259033,-0.10246379673480988
1.4524844884872437,-0.07611384987831116,0.6564924716949463,0.03707240894436836,-0.044822972267866135,-0.25880569219589233,-0.9641764163970947,-0.6237725615501404,0.2876148521900177,0.028590504080057144,0.2902289927005768,-0.16527056694030762,0.20579089224338531,-0.3260810375213623,-0.09674635529518127,-0.5355787873268127,0.7158462405204773,0.0806034579873085,-0.46199333667755127,-0.13901762664318085,-0.16328199207782745,0.16632431745529175,0.0012717697536572814,1.432668924331665,0.13571366667747498,-0.4737531840801239,0.7587226033210754,-0.09974436461925507
1.4521206617355347,-0.07601584494113922,0.6565380692481995,0.03728200122714043,-0.045548215508461,-0.2581028342247009,-0.9643227458000183,-0.6248560547828674,0.28756871819496155,0.029952533543109894,0.29000000000000004,-0.1646459549665451,0.20652715861797333,-0.32844218611717224,-0.09654909372329712,-0.5343666672706604,0.7145952582359314,0.07658802717924118,-0.4599776566028595,-0.14260601997375488,-0.16507597267627716,0.16281506419181824,0.0008367946138605475,1.4320588111877441,0.13454750180244446,-0.4715156555175781,0.7565699219703674,-0.09726793318986893
1.4516884088516235,-0.0760437622666359,0.6565244197845459,0.03733251616358757,-0.04617481678724289,-0.2575434446334839,-0.9644405245780945,-0.6255863308906555,0.28723564743995667,0.03136705607175827,0.29000000000000004,-0.1640395075082779,0.2078033685684204,-0.3312380611896515,-0.0967957153916359,-0.5324962139129639,0.714649498462677,0.07360538095235825,-0.4586621820926666,-0.14671503007411957,-0.16516254842281342,0.1602834016084671,0.0022087343968451023,1.430871844291687,0.1348867416381836,-0.46890154480934143,0.7544421553611755,-0.09546276181936264
1.4512081146240234,-0.07621557265520096,0.6564399003982544,0.03724868968129158,-0.046619962900877,-0.2570823132991791,-0.9645452499389648,-0.6260964274406433,0.28684547543525696,0.03268680348992348,0.29000000000000004,-0.163540318608284,0.2093106359243393,-0.33421579003334045,-0.09733250737190247,-0.5302009582519531,0.7158811092376709,0.07123712450265884,-0.45802241563796997,-0.1509695202112198,-0.16373781859874725,0.1589568704366684,0.0049271113239228725,1.4294941425323486,0.13627678155899048,-0.46625274419784546,0.7529417872428894,-0.0945928692817688
1.4506903886795044,-0.07654107362031937,0.6562786102294922,0.037062451243400574,-0.04685245454311371,-0.25664758682250977,-0.9646569490432739,-0.6265612244606018,0.2865986227989197,0.03384549543261528,0.29000000000000004,-0.16319675743579865,0.21081292629241943,-0.3372528553009033,-0.09801237285137177,-0.5276944041252136,0.7180957198143005,0.06893312186002731,-0.4579373896121979,-0.1549522876739502,-0.16117942333221436,0.15887737274169922,0.00840765330940485,1.4283227920532227,0.13819073140621185,-0.4638352394104004,0.7523489594459534,-0.09469950944185257
1.4501357078552246,-0.07701878249645233,0.656042754650116,0.036803267896175385,-0.04688055068254471,-0.25616973638534546,-0.9647924900054932,-0.6270791888237,0.2866239845752716,0.03487517312169075,0.29000000000000004,-0.16303330659866333,0.21219664812088013,-0.3403318226337433,-0.09873761236667633,-0.5252134799957275,0.7211204171180725,0.06634720414876938,-0.4582706689834595,-0.15829312801361084,-0.1579141765832901,0.15992648899555206,0.012117138132452965,1.4276432991027832,0.1402105838060379,-0.4617633819580078,0.7525767683982849,-0.09556399285793304
1.4495431184768677,-0.07764086872339249,0.6557425856590271,0.03650163486599922,-0.046734780073165894,-0.25558799505233765,-0.9649654030799866,-0.627678632736206,0.287007600069046,0.03586623817682266,0.29000000000000004,-0.16304512321949005,0.213448166847229,-0.34346193075180054,-0.09941256046295166,-0.522952139377594,0.7247254252433777,0.06320061534643173,-0.4588620364665985,-0.16072246432304382,-0.15429285168647766,0.16188660264015198,0.01564553752541542,1.4275476932525635,0.14205537736415863,-0.460025429725647,0.7534002661705017,-0.0968499481678009
1.4489127397537231,-0.07839038968086243,0.655392050743103,0.036176230758428574,-0.04644903913140297,-0.2548724412918091,-0.9651806950569153,-0.6283218264579773,0.2877618074417114,0.03692219778895378,0.29000000000000004,-0.1632101982831955,0.2146202176809311,-0.34665343165397644,-0.09998783469200134,-0.5209750533103943,0.7287148833274841,0.059380389750003815,-0.4595683515071869,-0.162135049700737,-0.150573268532753,0.16446088254451752,0.018712593242526054,1.428019642829895,0.14355401694774628,-0.45857393741607666,0.7546852231025696,-0.09823218733072281
1.4482448101043701,-0.07923999428749084,0.6550033688545227,0.03583071008324623,-0.046058978885412216,-0.25403183698654175,-0.9654337763786316,-0.6289872527122498,0.2888166904449463,0.03806755691766739,0.29000000000000004,-0.1634889394044876,0.21575713157653809,-0.349912166595459,-0.10053033381700516,-0.51933753490448,0.733083188533783,0.05533863604068756,-0.46040472388267517,-0.16259165108203888,-0.1469631791114807,0.1673126369714737,0.02115701325237751,1.428971529006958,0.14459627866744995,-0.45737412571907043,0.7564245462417603,-0.09944762289524078
1.4475420713424683,-0.08015664666891098,0.6545847058296204,0.035474807024002075,-0.04559152200818062,-0.2530948519706726,-0.965715229511261,-0.6296910643577576,0.2900928854942322,0.03927922248840332,0.29000000000000004,-0.16383662819862366,0.2168179750442505,-0.3532296419143677,-0.10108993947505951,-0.5180816054344177,0.7378420829772949,0.051602497696876526,-0.4614400565624237,-0.16225335001945496,-0.14363348484039307,0.1701398491859436,0.02292819879949093,1.4302574396133423,0.14512582123279572,-0.45639753341674805,0.7586435079574585,-0.10032807290554047
1.4468097686767578,-0.0811123251914978,0.6541422605514526,0.035113729536533356,-0.04507666453719139,-0.2521194815635681,-0.966007649898529,-0.6304963827133179,0.29147273302078247,0.040452998131513596,0.29000000000000004,-0.1642094850540161,0.2178373485803604,-0.3565939664840698,-0.10162743180990219,-0.5168585181236267,0.7427479028701782,0.04767513647675514,-0.4625057876110077,-0.16137567162513733,-0.14073722064495087,0.17271259427070618,0.024083947762846947,1.4317097663879395,0.14513981342315674,-0.4556058347225189,0.7612758874893188,-0.10074771195650101
1.446053385734558,-0.08207572251558304,0.6536835432052612,0.03475520387291908,-0.044533248990774155,-0.25116395950317383,-0.9662946462631226,-0.6314271092414856,0.29285475611686707,0.041498471051454544,0.29000000000000004,-0.16458353400230408,0.21881790459156036,-0.35996389389038086,-0.10218054056167603,-0.5156834721565247,0.7477465271949768,0.04375079274177551,-0.4635974168777466,-0.1602299064397812,-0.13836155831813812,0.17487570643424988,0.024778282269835472,1.433164119720459,0.1446612924337387,-0.45495903491973877,0.7641990184783936,-0.100629523396492
1.445284366607666,-0.08301954716444016,0.6532183885574341,0.03440869599580765,-0.04396570846438408,-0.25027427077293396,-0.9665639400482178,-0.6325027346611023,0.29417699575424194,0.04247473552823067,0.2914751470088959,-0.1648256778717041,0.21973638236522675,-0.3632469177246094,-0.10275803506374359,-0.5145983695983887,0.7527462244033813,0.03999437764286995,-0.4647049903869629,-0.15906651318073273,-0.13652963936328888,0.17655161023139954,0.025191862136125565,1.4345123767852783,0.14370734989643097,-0.454427570104599,0.7673181891441345,-0.09997154772281647
1.4445157051086426,-0.08391952514648438,0.6527557373046875,0.034083716571331024,-0.043367594480514526,-0.24949118494987488,-0.9668048024177551,-0.6337593793869019,0.29539376497268677,0.043464213609695435,0.29343774914741516,-0.16491816937923431,0.22060494124889374,-0.3663259744644165,-0.1033594086766243,-0.5136594176292419,0.7576533555984497,0.0365341454744339,-0.46581387519836426,-0.15811212360858917,-0.13523809611797333,0.17772682011127472,0.025488996878266335,1.4357291460037231,0.14226843416690826,-0.45401039719581604,0.770605742931366,-0.09883319586515427
1.4437692165374756,-0.08475714921951294,0.6523051857948303,0.033788736909627914,-0.04271591454744339,-0.2488473504781723,-0.9670100212097168,-0.6351925134658813,0.29645246267318726,0.04504270851612091,0.29566484689712524,-0.1643378585577011,0.22150219976902008,-0.3690294325351715,-0.10395536571741104,-0.5129114389419556,0.7623608112335205,0.033516351133584976,-0.4669308364391327,-0.15754100680351257,-0.13440318405628204,0.17844322323799133,0.025796711444854736,1.436755895614624,0.14034517109394073,-0.45373114943504333,0.7740471959114075,-0.09736882150173187
1.4430598020553589,-0.085523322224617,0.6518816351890564,0.033524900674819946,-0.042000021785497665,-0.24838405847549438,-0.9671697020530701,-0.6366783976554871,0.2973169982433319,0.04735197126865387,0.29797789454460144,-0.16308671236038208,0.2225314974784851,-0.3712378442287445,-0.10453175008296967,-0.5123750567436218,0.7667748928070068,0.03115108050405979,-0.46804991364479065,-0.15749365091323853,-0.13393397629261017,0.1787722110748291,0.02619066834449768,1.4375584125518799,0.13793015480041504,-0.4536365270614624,0.7776270508766174,-0.09578114002943039
1.4423986673355103,-0.08621608465909958,0.6514946818351746,0.03329421952366829,-0.041223444044589996,-0.24811020493507385,-0.9672814011573792,-0.6381000876426697,0.2979899048805237,0.050322335213422775,0.30021196603775024,-0.16123813390731812,0.22369469702243805,-0.372922420501709,-0.10506138205528259,-0.5119934678077698,0.7708535194396973,0.029618531465530396,-0.46917855739593506,-0.1579868346452713,-0.1337386518716812,0.17881114780902863,0.02669622376561165,1.438106894493103,0.135017529129982,-0.4537786543369293,0.7812979817390442,-0.0942796990275383
1.441767692565918,-0.08685905486345291,0.6511859893798828,0.03306485339999199,-0.040471091866493225,-0.2480357140302658,-0.9673401713371277,-0.63931804895401,0.298252135515213,0.05266628414392471,0.30265042185783386,-0.15947049856185913,0.22430101037025452,-0.3742510676383972,-0.1055731549859047,-0.5116572976112366,0.7744158506393433,0.02909202128648758,-0.4701649844646454,-0.15898704528808594,-0.1338319182395935,0.17866455018520355,0.02726968750357628,1.438393235206604,0.1315026730298996,-0.45417043566703796,0.7849557995796204,-0.09298481792211533
1.4411849975585938,-0.08744041621685028,0.6509252190589905,0.03284875303506851,-0.039727117866277695,-0.24800027906894684,-0.9673874974250793,-0.6400713324546814,0.29845505952835083,0.0549464225769043,0.30446863174438477,-0.15773950517177582,0.2250450700521469,-0.3753242790699005,-0.10599864274263382,-0.5111505389213562,0.7776246070861816,0.02927495539188385,-0.4710661470890045,-0.16007350385189056,-0.1340937316417694,0.17850539088249207,0.027782157063484192,1.4385225772857666,0.12751014530658722,-0.4548623561859131,0.7884591221809387,-0.09197765588760376
1.4406499862670898,-0.0879611223936081,0.6507014036178589,0.032638028264045715,-0.03904228284955025,-0.24794666469097137,-0.9674362540245056,-0.6406404376029968,0.29861006140708923,0.05740206688642502,0.3060644567012787,-0.15600129961967468,0.22574752569198608,-0.376313716173172,-0.10638274997472763,-0.5104807019233704,0.7805374264717102,0.029784874990582466,-0.4718678593635559,-0.16104590892791748,-0.13450101017951965,0.17853060364723206,0.02806023322045803,1.4386205673217773,0.1231018677353859,-0.45578742027282715,0.7916077971458435,-0.09112558513879776
1.4401617050170898,-0.08842169493436813,0.6505032777786255,0.0324072502553463,-0.03845733776688576,-0.2478541135787964,-0.967491090297699,-0.6411306262016296,0.2986553907394409,0.06011838838458061,0.3075540065765381,-0.15418878197669983,0.2263617217540741,-0.37738221883773804,-0.10682465136051178,-0.5096035003662109,0.783290684223175,0.030464841052889824,-0.47261181473731995,-0.16179972887039185,-0.13496120274066925,0.1789025515317917,0.02799668349325657,1.4387766122817993,0.11842052638530731,-0.4568612575531006,0.7942485809326172,-0.09026902914047241
1.4397205114364624,-0.08881983160972595,0.6503170728683472,0.032118555158376694,-0.037993963807821274,-0.24770556390285492,-0.9675570726394653,-0.6415829062461853,0.29853489995002747,0.06302543729543686,0.30903419852256775,-0.15236002206802368,0.22681263089179993,-0.3787077069282532,-0.10745233297348022,-0.5083389282226562,0.7861461639404297,0.03143838793039322,-0.47342362999916077,-0.16227179765701294,-0.13533920049667358,0.17966195940971375,0.027652719989418983,1.4390324354171753,0.11365856975317001,-0.4580342471599579,0.796345055103302,-0.08926531672477722
1.4393205642700195,-0.0891488566994667,0.6501187682151794,0.031732019037008286,-0.03767741471529007,-0.24746620655059814,-0.9676434993743896,-0.642162024974823,0.2982056736946106,0.06598106771707535,0.3108227849006653,-0.15057793259620667,0.22691619396209717,-0.38055744767189026,-0.10841585695743561,-0.5064001679420471,0.7894862294197083,0.03290390223264694,-0.47446560859680176,-0.16237905621528625,-0.1355295181274414,0.18068726360797882,0.02720714919269085,1.4393479824066162,0.10899626463651657,-0.4593019485473633,0.797846794128418,-0.08805542439222336
1.4389514923095703,-0.08940476179122925,0.6498803496360779,0.031211478635668755,-0.03753681853413582,-0.24711021780967712,-0.9677568078041077,-0.6430935263633728,0.2976236045360565,0.06878151744604111,0.31327512860298157,-0.14893130958080292,0.2264828234910965,-0.3832193911075592,-0.10987068712711334,-0.5035455226898193,0.7937033176422119,0.03499331697821617,-0.47590452432632446,-0.16206614673137665,-0.13548816740512848,0.18183740973472595,0.026844648644328117,1.439717411994934,0.10459937900304794,-0.4606349468231201,0.7986564636230469,-0.08646729588508606
1.4386037588119507,-0.08958710730075836,0.6495695114135742,0.030535917729139328,-0.0375974141061306,-0.24663007259368896,-0.9678985476493835,-0.6446914672851562,0.2967536449432373,0.07119028270244598,0.3168320655822754,-0.14746619760990143,0.22530823945999146,-0.3869297504425049,-0.1119384840130806,-0.4996654689311981,0.7991311550140381,0.03767530620098114,-0.4778806269168854,-0.16132225096225739,-0.13521091639995575,0.18304458260536194,0.026688886806368828,1.4401620626449585,0.1006145030260086,-0.4619857668876648,0.7986224889755249,-0.08418026566505432
1.438266634941101,-0.08969835937023163,0.6491482257843018,0.02970649115741253,-0.03788064792752266,-0.24603953957557678,-0.968063473701477,-0.6474183797836304,0.2955833971500397,0.07292187213897705,0.3221149742603302,-0.14618420600891113,0.22311356663703918,-0.39187756180763245,-0.11469801515340805,-0.49478551745414734,0.8060429096221924,0.04077089950442314,-0.48051881790161133,-0.1601812094449997,-0.13476037979125977,0.18429972231388092,0.026733875274658203,1.4407227039337158,0.0971759632229805,-0.46331465244293213,0.7975150942802429,-0.08085598051548004
1.437933325767517,-0.08974283188581467,0.6485773921012878,0.028746705502271652,-0.03839481621980667,-0.24536925554275513,-0.968242347240448,-0.651767373085022,0.2941335141658783,0.07368846982717514,0.3297562003135681,-0.14505203068256378,0.21965502202510834,-0.3981855809688568,-0.11816662549972534,-0.4890139400959015,0.8146438598632812,0.04406827688217163,-0.4839228391647339,-0.15870338678359985,-0.13425703346729279,0.18559445440769196,0.02688940428197384,1.4414277076721191,0.09444934129714966,-0.464601069688797,0.795033872127533,-0.07625076174736023
1.4375958442687988,-0.08972896635532379,0.6478157639503479,0.027699977159500122,-0.03914932534098625,-0.24466662108898163,-0.9684203863143921,-0.6582843065261841,0.29244643449783325,0.07313749939203262,0.3403959274291992,-0.14406818151474,0.214690700173378,-0.4059697091579437,-0.12230948358774185,-0.482474148273468,0.8251228332519531,0.04742930456995964,-0.4881982207298279,-0.1569756120443344,-0.13386619091033936,0.18688005208969116,0.027089808136224747,1.4422272443771362,0.09260740876197815,-0.4658105969429016,0.7907992005348206,-0.07016041874885559
1.4372514486312866,-0.08966878801584244,0.6468203663825989,0.026622485369443893,-0.040133439004421234,-0.24399518966674805,-0.9685798287391663,-0.6674274206161499,0.2905772030353546,0.07090410590171814,0.3545337915420532,-0.14324446022510529,0.2080525904893875,-0.41527634859085083,-0.12704430520534515,-0.4753110408782959,0.8376399874687195,0.05080230161547661,-0.49345913529396057,-0.15510722994804382,-0.13368484377861023,0.188075989484787,0.02730545587837696,1.4429113864898682,0.09186376631259918,-0.466846764087677,0.7843426465988159,-0.06226451322436333
1.4369089603424072,-0.08957777172327042,0.645554780960083,0.025579053908586502,-0.041292350739240646,-0.24342410266399384,-0.9687028527259827,-0.6794606447219849,0.2886158227920532,0.06663074344396591,0.37249577045440674,-0.1426360011100769,0.19965089857578278,-0.4259760081768036,-0.13221649825572968,-0.46771240234375,0.8522562384605408,0.05421130731701851,-0.4998122751712799,-0.1531924307346344,-0.13368560373783112,0.18910273909568787,0.02753717079758644,1.4431836605072021,0.09246553480625153,-0.46750664710998535,0.7751805782318115,-0.05193715542554855
1.4365953207015991,-0.08948048204183578,0.643988847732544,0.024659892544150352,-0.04251324385404587,-0.2430148422718048,-0.9687766432762146,-0.6945244073867798,0.28675681352615356,0.06003127992153168,0.394583135843277,-0.14227312803268433,0.18940073251724243,-0.43770766258239746,-0.13753654062747955,-0.45993363857269287,0.8688969612121582,0.057730212807655334,-0.5073521733283997,-0.1512862741947174,-0.13371390104293823,0.1899385154247284,0.027832889929413795,1.4427579641342163,0.094612255692482,-0.46743902564048767,0.7630032896995544,-0.038092292845249176
1.4363551139831543,-0.08940251171588898,0.6420958638191223,0.02396593801677227,-0.04363679513335228,-0.24280591309070587,-0.9687965512275696,-0.712592601776123,0.28529274463653564,0.05092020332813263,0.42103931307792664,-0.14222238957881927,0.17722265422344208,-0.4499334692955017,-0.14263677597045898,-0.4522547721862793,0.8874104022979736,0.061457253992557526,-0.5161744356155396,-0.14938503503799438,-0.13356813788414001,0.19059112668037415,0.028305349871516228,1.4415109157562256,0.09839571267366409,-0.4663272798061371,0.7478155493736267,-0.019441617652773857
1.4362435340881348,-0.08935846388339996,0.6398415565490723,0.023609736934304237,-0.04449016600847244,-0.24277597665786743,-0.9687739610671997,-0.7336394786834717,0.28459277749061584,0.03898667171597481,0.45221367478370667,-0.14277708530426025,0.16288277506828308,-0.46208977699279785,-0.1471051275730133,-0.44489556550979614,0.9076598286628723,0.0654279813170433,-0.5263885259628296,-0.14736641943454742,-0.1330643892288208,0.1910875290632248,0.029158825054764748,1.4395018815994263,0.10368330031633377,-0.4639623761177063,0.7299625277519226,0.005365669261664152
1.436313509941101,-0.08934814482927322,0.6371912360191345,0.02371077984571457,-0.04494195431470871,-0.24282969534397125,-0.9687371850013733,-0.7576502561569214,0.2850182056427002,0.023997928947210312,0.4883807897567749,-0.14407669007778168,0.1461963802576065,-0.47379302978515625,-0.15047849714756012,-0.4378077983856201,0.9295592904090881,0.06985744088888168,-0.5380875468254089,-0.14503836631774902,-0.1319594383239746,0.19155704975128174,0.03067118115723133,1.436746597290039,0.11001993715763092,-0.46025732159614563,0.7100726962089539,0.037468988448381424
1.4366077184677124,-0.08935008198022842,0.634106457233429,0.0243786983191967,-0.04494258016347885,-0.2428620159626007,-0.9687123894691467,-0.7846611142158508,0.28676921129226685,0.005705948919057846,0.5295944213867188,-0.14630946516990662,0.1270696073770523,-0.4849063754081726,-0.1523735076189041,-0.43083134293556213,0.9531000256538391,0.07496897131204605,-0.5513620376586914,-0.14233064651489258,-0.13004258275032043,0.1922886073589325,0.03313314914703369,1.4333598613739014,0.11654075235128403,-0.4552381634712219,0.6889684796333313,0.07766863703727722
1.4371567964553833,-0.08931654691696167,0.6305591464042664,0.025656232610344887,-0.0445089191198349,-0.24284033477306366,-0.9687048196792603,-0.8145511746406555,0.2896578311920166,-0.015970619395375252,0.575488269329071,-0.14953739941120148,0.10561496019363403,-0.49537548422813416,-0.152704656124115,-0.4239765405654907,0.978257417678833,0.08071021735668182,-0.5662549138069153,-0.13946373760700226,-0.12722308933734894,0.1936459243297577,0.03672598674893379,1.4296858310699463,0.12196531146764755,-0.4490719735622406,0.667579710483551,0.12642629444599152
1.4379690885543823,-0.08918039500713348,0.6265443563461304,0.02748899906873703,-0.0437404066324234,-0.2428198605775833,-0.968694806098938,-0.8468797206878662,0.2929571270942688,-0.04143805056810379,0.6250261068344116,-0.15396778285503387,0.08223195374011993,-0.5052759051322937,-0.1517719030380249,-0.41738590598106384,1.0049781799316406,0.08680575340986252,-0.5827330946922302,-0.13693758845329285,-0.12373440712690353,0.19591177999973297,0.04120771959424019,1.4265508651733398,0.12467475235462189,-0.44218218326568604,0.6468927264213562,0.1835220605134964
1.4390439987182617,-0.08887095749378204,0.6221073865890503,0.029714593663811684,-0.042733561247587204,-0.24289745092391968,-0.9686545133590698,-0.8807210326194763,0.2954675257205963,-0.07055281847715378,0.6768059134483337,-0.15957899391651154,0.057426609098911285,-0.5145220756530762,-0.1501394510269165,-0.41124895215034485,1.0329509973526,0.09249166399240494,-0.5900000000000001,-0.13539408147335052,-0.11996389925479889,0.19916021823883057,0.04585522040724754,1.4252909421920776,0.12311124801635742,-0.43500274419784546,0.6279062032699585,0.24838118255138397
1.4403839111328125,-0.08831226080656052,0.617371141910553,0.03205885365605354,-0.04146166518330574,-0.24295300245285034,-0.9686210751533508,-0.9145298600196838,0.29579487442970276,-0.10368235409259796,0.7296373844146729,-0.16727781295776367,0.03138253837823868,-0.5227454900741577,-0.14830338954925537,-0.40529385209083557,1.0615425109863281,0.09721268713474274,-0.5900000000000001,-0.13488821685314178,-0.1162748858332634,0.20308522880077362,0.049878641963005066,1.4272445440292358,0.1165873110294342,-0.4278028905391693,0.6112952828407288,0.32019174098968506
1.4419875144958496,-0.0874289944767952,0.6124736070632935,0.034214772284030914,-0.039796434342861176,-0.24274727702140808,-0.9686688184738159,-0.9461508989334106,0.29302066564559937,-0.14038194715976715,0.782355010509491,-0.17799219489097595,0.004023692570626736,-0.5295799970626831,-0.1463269144296646,-0.39910438656806946,1.089985728263855,0.09930408746004105,-0.5900000000000001,-0.134917214512825,-0.11314887553453445,0.2070780247449875,0.05255167931318283,1.4327548742294312,0.10567431151866913,-0.42090165615081787,0.5972900986671448,0.39701879024505615
1.4438176155090332,-0.0861918181180954,0.6075425744056702,0.0359489731490612,-0.03769936040043831,-0.2420574575662613,-0.9688624739646912,-0.9737505912780762,0.2865155041217804,-0.17977070808410645,0.83393794298172,-0.19141317903995514,-0.024644391611218452,-0.5351601243019104,-0.1439439356327057,-0.39202094078063965,1.1174349784851074,0.09561212360858917,-0.5900000000000001,-0.13474595546722412,-0.11162089556455612,0.21052533388137817,0.05337602272629738,1.4412891864776611,0.0914742574095726,-0.41444605588912964,0.5860095620155334,0.4762817621231079
1.4458309412002563,-0.08463754504919052,0.6026963591575623,0.03721972554922104,-0.03518049418926239,-0.24055185914039612,-0.9692840576171875,-0.99598628282547,0.2766485810279846,-0.2202024757862091,0.883429765701294,-0.20541821420192719,-0.054479990154504776,-0.5396828055381775,-0.14078421890735626,-0.38377195596694946,1.1431424617767334,0.08443538844585419,-0.5900000000000001,-0.13333511352539062,-0.11284951865673065,0.21324333548545837,0.05221756547689438,1.4526809453964233,0.07516747713088989,-0.40772745013237,0.5774387717247009,0.5564480423927307
1.4480018615722656,-0.0828833058476448,0.5980706810951233,0.03818574547767639,-0.032255277037620544,-0.23774240911006927,-0.9700411558151245,-1.0123059749603271,0.26525503396987915,-0.25973406434059143,0.93017578125,-0.21864739060401917,-0.0852745771408081,-0.5429369211196899,-0.13624969124794006,-0.3747895359992981,1.1661053895950317,0.06521616131067276,-0.5900000000000001,-0.1292850226163864,-0.11709341406822205,0.21554094552993774,0.04956280440092087,1.46,0.058046989142894745,-0.3991661071777344,0.5712181329727173,0.6373922228813171
1.4502898454666138,-0.08103714138269424,0.5937474966049194,0.03903266787528992,-0.0290620569139719,-0.2332359254360199,-0.9712015986442566,-1.023132562637329,0.2541329264640808,-0.29697540402412415,0.9740079641342163,-0.2306845337152481,-0.11680261045694351,-0.5448752045631409,-0.13046370446681976,-0.36560332775115967,1.1860880851745605,0.04059566557407379,-0.5900000000000001,-0.12148167937994003,-0.12401201575994492,0.217703714966774,0.04620114713907242,1.46,0.041461873799562454,-0.38760730624198914,0.5669368505477905,0.7183576226234436
1.4525995254516602,-0.07914817333221436,0.589710533618927,0.03989298269152641,-0.025980371981859207,-0.22689147293567657,-0.9727557301521301,-1.029822587966919,0.2439231276512146,-0.3313245177268982,1.015138030052185,-0.24,-0.14889419078826904,-0.5463627576828003,-0.12434238940477371,-0.35622352361679077,1.2039289474487305,0.015415637753903866,-0.5900000000000001,-0.10958410799503326,-0.13310785591602325,0.21974346041679382,0.04265949875116348,1.46,0.02602401189506054,-0.37303462624549866,0.5642792582511902,0.7972838878631592
1.4548113346099854,-0.07722976803779602,0.585942804813385,0.040789421647787094,-0.023463282734155655,-0.2187698483467102,-0.9746412038803101,-1.0344189405441284,0.23507538437843323,-0.3630406856536865,1.0545047521591187,-0.24,-0.18155036866664886,-0.5486259460449219,-0.11915042996406555,-0.3463732600212097,1.2206296920776367,-0.005649225320667028,-0.5900000000000001,-0.09396082162857056,-0.14378339052200317,0.22135521471500397,0.03899070993065834,1.46,0.01146769430488348,-0.35615020990371704,0.5632466077804565,0.8718900084495544
1.456852912902832,-0.07531740516424179,0.5824042558670044,0.0417565181851387,-0.021756397560238838,-0.2091250717639923,-0.9767546057701111,-1.0375843048095703,0.2277669906616211,-0.3908214867115021,1.0912917852401733,-0.24,-0.2137925624847412,-0.5524930357933044,-0.1154225766658783,-0.3360678255558014,1.2366985082626343,-0.021549910306930542,-0.5900000000000001,-0.07568351179361343,-0.1552698165178299,0.22226640582084656,0.034504178911447525,1.46,-0.0031135885510593653,-0.33749791979789734,0.5646108984947205,0.9413267970085144
1.4588170051574707,-0.07372012734413147,0.5791833996772766,0.043018583208322525,-0.020671343430876732,-0.1988086849451065,-0.9788755178451538,-1.0399037599563599,0.22275592386722565,-0.41544365882873535,1.124334454536438,-0.24,-0.2441258579492569,-0.5602836608886719,-0.1076817661523819,-0.3185313045978546,1.2542122602462769,-0.026103734970092773,-0.5900000000000001,-0.05723113939166069,-0.16609542071819305,0.22304590046405792,0.02805037796497345,1.46,-0.018272288143634796,-0.3164687156677246,0.5684345364570618,1.005961298942566
1.4607785940170288,-0.07253673672676086,0.5761722326278687,0.044220712035894394,-0.019757715985178947,-0.18936899304389954,-0.9807106852531433,-1.0411375761032104,0.21872742474079132,-0.43738439679145813,1.1535613536834717,-0.24,-0.2717043459415436,-0.5676451921463013,-0.09720014035701752,-0.2981988787651062,1.269322156906128,-0.022434929385781288,-0.5900000000000001,-0.04225117340683937,-0.1743742823600769,0.22350765764713287,0.019917182624340057,1.46,-0.03432874381542206,-0.29375287890434265,0.5736533403396606,1.066826581954956
1.4628074169158936,-0.07170171290636063,0.5733489990234375,0.04515696316957474,-0.018714265897870064,-0.18144433200359344,-0.9821854829788208,-1.040991187095642,0.21542803943157196,-0.45634955167770386,1.179213523864746,-0.24,-0.2962964177131653,-0.57285475730896,-0.08835010975599289,-0.28199502825737,1.2836328744888306,-0.020213576033711433,-0.5900000000000001,-0.03197120875120163,-0.17918331921100616,0.22337566316127777,0.009898259304463863,1.46,-0.0516793467104435,-0.2706165909767151,0.5791691541671753,1.1238917112350464
1.4648529291152954,-0.07116936892271042,0.5706821084022522,0.045844193547964096,-0.017713474109768867,-0.17459948360919952,-0.9834120869636536,-1.0402051210403442,0.2133224606513977,-0.4722442328929901,1.201857089996338,-0.24,-0.3182239532470703,-0.5765469074249268,-0.08177536725997925,-0.2705930173397064,1.2971776723861694,-0.021764466539025307,-0.5900000000000001,-0.025128358975052834,-0.1810583919286728,0.22276440262794495,-0.0021338642109185457,1.46,-0.0704292356967926,-0.24835430085659027,0.5841543674468994,1.1754037141799927
1.4668664932250977,-0.07102786749601364,0.5681204795837402,0.04635049030184746,-0.016955450177192688,-0.16888797283172607,-0.9843986630439758,-1.0395902395248413,0.21148094534873962,-0.48660871386528015,1.2216906547546387,-0.24,-0.3374468684196472,-0.5801429152488708,-0.07560225576162338,-0.2605528235435486,1.3103972673416138,-0.02216552570462227,-0.5900000000000001,-0.021466271951794624,-0.18081510066986084,0.2222496122121811,-0.015417431481182575,1.46,-0.08958066999912262,-0.22776997089385986,0.5882678031921387,1.218936562538147
1.4688124656677246,-0.0711662769317627,0.5656274557113647,0.04660884290933609,-0.01649482548236847,-0.16415365040302277,-0.9851948618888855,-1.0392000675201416,0.20919939875602722,-0.49981141090393066,1.2393091917037964,-0.24,-0.35448095202445984,-0.5836642384529114,-0.07100194692611694,-0.2531631588935852,1.3233680725097656,-0.023983260616660118,-0.5900000000000001,-0.02046978659927845,-0.17920143902301788,0.2218645066022873,-0.028948087245225906,1.46,-0.1078232005238533,-0.20971746742725372,0.5910266637802124,1.2525955438613892
1.4705179929733276,-0.07163026183843613,0.5634968876838684,0.047111626714468,-0.01647588610649109,-0.15958839654922485,-0.9859212040901184,-1.039310336112976,0.2077072262763977,-0.5124193429946899,1.2537171840667725,-0.24,-0.36900055408477783,-0.5884475111961365,-0.06522702425718307,-0.24588117003440857,1.3352510929107666,-0.02481660805642605,-0.5900000000000001,-0.02048478275537491,-0.17687539756298065,0.22254601120948792,-0.04069903492927551,1.46,-0.1251395344734192,-0.19299069046974182,0.5902163982391357,1.277948260307312
1.4715890884399414,-0.07239118963479996,0.5624864101409912,0.04873429611325264,-0.016869762912392616,-0.1544053852558136,-0.9866605997085571,-1.0389888286590576,0.20801319181919098,-0.5257372260093689,1.2617826461791992,-0.24,-0.37984123826026917,-0.5952996611595154,-0.05579523369669914,-0.23826579749584198,1.34386146068573,-0.025081371888518333,-0.5900000000000001,-0.020181816071271896,-0.17344127595424652,0.22524744272232056,-0.0487983264029026,1.46,-0.141982764005661,-0.17598913609981537,0.5836623907089233,1.298094391822815
1.4722659587860107,-0.07311467826366425,0.5616248846054077,0.05018635466694832,-0.017128221690654755,-0.14914332330226898,-0.9873926043510437,-1.0376754999160767,0.20742382109165192,-0.5384385585784912,1.268865942955017,-0.24,-0.38999730348587036,-0.5989049077033997,-0.04724765941500664,-0.23335611820220947,1.3465149402618408,-0.028660427778959274,-0.5900000000000001,-0.020625494420528412,-0.16775108873844147,0.22881458699703217,-0.05218186974525452,1.46,-0.15744708478450775,-0.1606050580739975,0.5710932016372681,1.31495201587677
1.4725984334945679,-0.0737663060426712,0.5608158707618713,0.05146418511867523,-0.01711433008313179,-0.14337371289730072,-0.9881812930107117,-1.035422444343567,0.2072732150554657,-0.549676239490509,1.275742530822754,-0.24,-0.4000229835510254,-0.6024420857429504,-0.03936862200498581,-0.2285424768924713,1.3486803770065308,-0.03415696322917938,-0.5900000000000001,-0.021009985357522964,-0.1607230305671692,0.23334062099456787,-0.050661638379096985,1.46,-0.17178836464881897,-0.14656268060207367,0.5531700253486633,1.3308703899383545
1.472594976425171,-0.07437849789857864,0.5599066019058228,0.052510470151901245,-0.016825959086418152,-0.13704676926136017,-0.9890286922454834,-1.0327595472335815,0.20783425867557526,-0.5592628121376038,1.2830941677093506,-0.24,-0.41003233194351196,-0.6068642139434814,-0.031133834272623062,-0.22158099710941315,1.3517680168151855,-0.038531094789505005,-0.5900000000000001,-0.021183783188462257,-0.15348562598228455,0.2387474626302719,-0.04484649747610092,1.46,-0.18504083156585693,-0.13387605547904968,0.5308721661567688,1.3468695878982544
1.4722869396209717,-0.07492993772029877,0.558862566947937,0.05331676825881004,-0.016172155737876892,-0.13024979829788208,-0.9899144768714905,-1.0296909809112549,0.2092674970626831,-0.5670706033706665,1.291113018989563,-0.24,-0.4200546145439148,-0.6117485761642456,-0.022880038246512413,-0.21309888362884521,1.3558039665222168,-0.04238510504364967,-0.5900000000000001,-0.02106853388249874,-0.146394744515419,0.24460850656032562,-0.036479346454143524,1.46,-0.19700311124324799,-0.12269087880849838,0.5048542618751526,1.3632785081863403
1.4716781377792358,-0.07539889216423035,0.5577000379562378,0.05393818020820618,-0.015177900902926922,-0.12300372868776321,-0.9908230304718018,-1.0263895988464355,0.2117082178592682,-0.5730770230293274,1.299736499786377,-0.24,-0.4299834072589874,-0.6168707609176636,-0.014906658791005611,-0.2039211243391037,1.3604477643966675,-0.04679614678025246,-0.5900000000000001,-0.020535998046398163,-0.13952596485614777,0.25070565938949585,-0.02695646695792675,1.46,-0.20802466571331024,-0.11291884630918503,0.47593772411346436,1.3807320594787598
1.4707468748092651,-0.0757833793759346,0.5564557313919067,0.05444708094000816,-0.013951696455478668,-0.115373395383358,-0.9917307496070862,-1.0231642723083496,0.21499204635620117,-0.5775255560874939,1.3087316751480103,-0.24,-0.43957236409187317,-0.6223548650741577,-0.007055480498820543,-0.19416160881519318,1.3653490543365479,-0.051662079989910126,-0.5900000000000001,-0.019628744572401047,-0.13293369114398956,0.25704580545425415,-0.017468145117163658,1.46,-0.21870335936546326,-0.10437925904989243,0.44532978534698486,1.399893879890442
1.469665288925171,-0.07607010751962662,0.5550076365470886,0.05466549098491669,-0.01235325075685978,-0.10804587602615356,-0.9925649762153625,-1.0197041034698486,0.21799024939537048,-0.5809720754623413,1.3185253143310547,-0.24,-0.44903564453125,-0.6288097500801086,-0.0003948225639760494,-0.1840689480304718,1.3735185861587524,-0.05611564218997955,-0.5900000000000001,-0.019597280770540237,-0.12635572254657745,0.26343753933906555,-0.00895877555012703,1.46,-0.22868336737155914,-0.09728233516216278,0.4148070514202118,1.4201312065124512
1.4686248302459717,-0.07634774595499039,0.5531898140907288,0.05446262285113335,-0.010314498096704483,-0.1013418510556221,-0.9933061599731445,-1.0161733627319336,0.2208307683467865,-0.5834161639213562,1.3296390771865845,-0.24,-0.45854249596595764,-0.6352527141571045,0.005754656624048948,-0.17273575067520142,1.3844289779663086,-0.05765322223305702,-0.5900000000000001,-0.020618978887796402,-0.12024714052677155,0.26978370547294617,-0.0025286604650318623,1.46,-0.2377484291791916,-0.09151142090559006,0.38560694456100464,1.4407349824905396
1.4674570560455322,-0.07660108059644699,0.5513483285903931,0.05419116094708443,-0.008265302516520023,-0.09468201547861099,-0.9939970970153809,-1.0133286714553833,0.22485095262527466,-0.584299623966217,1.3404817581176758,-0.24,-0.4671212136745453,-0.6418373584747314,0.011337082833051682,-0.16216754913330078,1.395399808883667,-0.06026458740234375,-0.5900000000000001,-0.021157607436180115,-0.11564096063375473,0.275922030210495,0.0012499019503593445,1.46,-0.2466621994972229,-0.08657965809106827,0.35843512415885925,1.46
1.4661033153533936,-0.07683734595775604,0.5496703386306763,0.05396284908056259,-0.006377942394465208,-0.08808505535125732,-0.9946296811103821,-1.0112048387527466,0.22982656955718994,-0.5839502215385437,1.3501118421554565,-0.24,-0.4742785096168518,-0.648733377456665,0.017153562977910042,-0.15169572830200195,1.405400276184082,-0.06272304058074951,-0.5900000000000001,-0.021173028275370598,-0.11248588562011719,0.2816331684589386,0.002886850154027343,1.46,-0.25543493032455444,-0.08220084756612778,0.3340808153152466,1.46
1.464733362197876,-0.07700616121292114,0.5480873584747314,0.053484637290239334,-0.004451818764209747,-0.0821172371506691,-0.995176374912262,-1.008893609046936,0.23450176417827606,-0.5824278593063354,1.3588426113128662,-0.24,-0.4804161787033081,-0.6551715135574341,0.022088130936026573,-0.14153070747852325,1.4151573181152344,-0.0644315704703331,-0.5900000000000001,-0.021680274978280067,-0.11023759096860886,0.2863124907016754,0.0032481737434864044,1.46,-0.2633352279663086,-0.0785939022898674,0.31322214007377625,1.46
1.463448405265808,-0.07706056535243988,0.5465714335441589,0.05260666459798813,-0.0024858589749783278,-0.07685122638940811,-0.995650589466095,-1.006105899810791,0.23861868679523468,-0.5793465971946716,1.3668674230575562,-0.24,-0.4858146011829376,-0.6610352993011475,0.02555561065673828,-0.13168607652187347,1.4249751567840576,-0.06562727689743042,-0.5900000000000001,-0.022670172154903412,-0.10908830910921097,0.2895249128341675,0.003134164260700345,1.46,-0.2703048884868622,-0.07579325884580612,0.2961256206035614,1.46
1.462225317955017,-0.07699039578437805,0.545206606388092,0.05141323804855347,-0.000682226731441915,-0.07206422835588455,-0.9960736036300659,-1.0031700134277344,0.24241143465042114,-0.5746148228645325,1.373864769935608,-0.24,-0.49031010270118713,-0.666778028011322,0.028088441118597984,-0.12166322022676468,1.4343585968017578,-0.06613273918628693,-0.5900000000000001,-0.023651503026485443,-0.10937988013029099,0.2912323772907257,0.003376066219061613,1.46,-0.2767750024795532,-0.07355520129203796,0.2827613949775696,1.46
1.4610610008239746,-0.0767710730433464,0.5440536737442017,0.04996740072965622,0.0008875298080965877,-0.06768108904361725,-0.9964544773101807,-1.0000927448272705,0.24583718180656433,-0.5683988332748413,1.3796826601028442,-0.24,-0.4940158724784851,-0.6724290251731873,0.0298667810857296,-0.11139043420553207,1.4429130554199219,-0.0659809485077858,-0.5900000000000001,-0.024502934888005257,-0.11078418046236038,0.2915481925010681,0.0046696169301867485,1.46,-0.28282490372657776,-0.07181517034769058,0.272872656583786,1.46
1.4600170850753784,-0.07637124508619308,0.5430846810340881,0.04824492707848549,0.002314185258001089,-0.06373483687639236,-0.9967973232269287,-0.9965028762817383,0.24857966601848602,-0.5607790946960449,1.3846408128738403,-0.24,-0.49731841683387756,-0.6777253746986389,0.030830051749944687,-0.10071039944887161,1.4508343935012817,-0.06491599231958389,-0.5900000000000001,-0.025333812460303307,-0.11260997503995895,0.29071104526519775,0.007298710290342569,1.46,-0.2883494794368744,-0.07074225693941116,0.26577746868133545,1.46
1.4591339826583862,-0.07576624304056168,0.5422576665878296,0.046259962022304535,0.0036610534880310297,-0.06012043356895447,-0.9971117973327637,-0.9922505021095276,0.250735342502594,-0.5516873598098755,1.3890820741653442,-0.24,-0.5005466341972351,-0.6825658679008484,0.03104383870959282,-0.0894792452454567,1.4583179950714111,-0.06298977881669998,-0.5900000000000001,-0.026004087179899216,-0.11434483528137207,0.289186954498291,0.011188512668013573,1.46,-0.293474942445755,-0.07056417316198349,0.2604844868183136,1.46
1.4583845138549805,-0.07494467496871948,0.5415703654289246,0.04409969970583916,0.004891965538263321,-0.05667358264327049,-0.9974062442779541,-0.9873929023742676,0.2524070143699646,-0.5414774417877197,1.3930827379226685,-0.24,-0.5038896203041077,-0.6871330142021179,0.03087245114147663,-0.07748418301343918,1.4652773141860962,-0.06018304079771042,-0.5900000000000001,-0.026320550590753555,-0.11565551161766052,0.28758081793785095,0.016035834327340126,1.46,-0.29853469133377075,-0.0715176910161972,0.256063848733902,1.46
1.4577525854110718,-0.07390613108873367,0.5410047769546509,0.041843168437480927,0.006006623152643442,-0.05324835330247879,-0.9976862072944641,-0.9820950627326965,0.2538793683052063,-0.5302229523658752,1.3968276977539062,-0.24,-0.5074602365493774,-0.6915200352668762,0.03062964789569378,-0.06460633873939514,1.4717111587524414,-0.05652400851249695,-0.5900000000000001,-0.02616293728351593,-0.1161777526140213,0.28647395968437195,0.021333271637558937,1.46,-0.3036971688270569,-0.07387212663888931,0.2517454922199249,1.46
1.4572367668151855,-0.07265418767929077,0.5405241250991821,0.03951390087604523,0.007036938797682524,-0.0498083233833313,-0.9979519248008728,-0.976377546787262,0.25516849756240845,-0.5180776715278625,1.4005091190338135,-0.24,-0.5113935470581055,-0.6957356333732605,0.03038342110812664,-0.05084597319364548,1.4777740240097046,-0.052051249891519547,-0.5900000000000001,-0.02563978172838688,-0.11564040184020996,0.28630000352859497,0.026517638936638832,1.46,-0.3089964985847473,-0.07790971547365189,0.2469455450773239,1.46
1.4568408727645874,-0.0712079331278801,0.5401066541671753,0.03712233901023865,0.008031999692320824,-0.04631033167243004,-0.9982046484947205,-0.9702191948890686,0.2564491629600525,-0.5049711465835571,1.4042234420776367,-0.24,-0.5157220959663391,-0.6996999382972717,0.030204886570572853,-0.036218151450157166,1.4835518598556519,-0.04681945964694023,-0.5900000000000001,-0.024852152913808823,-0.11391770094633102,0.2873731255531311,0.031121069565415382,1.46,-0.3144131302833557,-0.08383511006832123,0.24134355783462524,1.46
1.4565550088882446,-0.06960379332304001,0.5397621989250183,0.03469322621822357,0.009024050086736679,-0.04272381216287613,-0.998443603515625,-0.9636319875717163,0.2579781115055084,-0.49078989028930664,1.4078927040100098,-0.24,-0.5203326940536499,-0.7032987475395203,0.030165666714310646,-0.020873479545116425,1.48894464969635,-0.04097341373562813,-0.5900000000000001,-0.023932749405503273,-0.11102021485567093,0.2898670434951782,0.034815557301044464,1.46,-0.3199087977409363,-0.09173063933849335,0.23485291004180908,1.46
1.456357479095459,-0.06788360327482224,0.5395262837409973,0.03223271295428276,0.010016016662120819,-0.039105940610170364,-0.9986647963523865,-0.9564602375030518,0.259622186422348,-0.4758059084415436,1.4111450910568237,-0.24,-0.5250299572944641,-0.7064381241798401,0.030222807079553604,-0.005041055381298065,1.4937493801116943,-0.034622274339199066,-0.5900000000000001,-0.023139595985412598,-0.10709198564291,0.2937376797199249,0.03739466518163681,1.46,-0.32541167736053467,-0.10157829523086548,0.2275840938091278,1.46
1.4562506675720215,-0.06610532104969025,0.539423942565918,0.0297264214605093,0.011024151928722858,-0.03553276136517525,-0.9988653063774109,-0.9485934376716614,0.26134318113327026,-0.46011078357696533,1.4137251377105713,-0.24,-0.5296397805213928,-0.7089518904685974,0.030258800834417343,0.01098569855093956,1.4978413581848145,-0.027924731373786926,-0.5900000000000001,-0.022680532187223434,-0.10236072540283203,0.2988338768482208,0.03875014930963516,1.46,-0.33075329661369324,-0.11324359476566315,0.21982648968696594,1.46
1.4562513828277588,-0.06433587521314621,0.5394788384437561,0.027148300781846046,0.012038469314575195,-0.032085053622722626,-0.9990438222885132,-0.9399605393409729,0.2631080150604248,-0.44375377893447876,1.4153472185134888,-0.24,-0.5339609384536743,-0.7107354402542114,0.030116857960820198,0.026887523010373116,1.5011318922042847,-0.02108108066022396,-0.5900000000000001,-0.022662991657853127,-0.09720461070537567,0.3049551844596863,0.03886385262012482,1.46,-0.3357739746570587,-0.1264963448047638,0.21194157004356384,1.46
1.456380844116211,-0.06264503300189972,0.5397306084632874,0.024467820301651955,0.013033437542617321,-0.028812171891331673,-0.9992002844810486,-0.9304209351539612,0.2649086117744446,-0.42675137519836426,1.4156501293182373,-0.24,-0.5378014445304871,-0.7116814851760864,0.02966632880270481,0.042381420731544495,1.5034459829330444,-0.014306014403700829,-0.5900000000000001,-0.023019926622509956,-0.09203813970088959,0.3118675649166107,0.037844087928533554,1.46,-0.3403290808200836,-0.14104805886745453,0.20430144667625427,1.46
1.4566761255264282,-0.06109731271862984,0.5402366518974304,0.021637840196490288,0.013990204781293869,-0.025745224207639694,-0.9993363618850708,-0.9196845293045044,0.2667444348335266,-0.40901637077331543,1.4141932725906372,-0.24,-0.540995180606842,-0.7116281390190125,0.02876715548336506,0.057255327701568604,1.5045603513717651,-0.007787393871694803,-0.5900000000000001,-0.023565171286463737,-0.08718466758728027,0.31928831338882446,0.03596104681491852,1.46,-0.3442924916744232,-0.1566391885280609,0.1972259134054184,1.46
1.4571424722671509,-0.05974283814430237,0.5410959720611572,0.018627647310495377,0.014826193451881409,-0.022809812799096107,-0.9994561672210693,-0.9075242877006531,0.2687656283378601,-0.39026686549186707,1.4103578329086304,-0.24,-0.5432684421539307,-0.7105875611305237,0.02742023393511772,0.07144619524478912,1.5040191411972046,-0.0017631041118875146,-0.5900000000000001,-0.02390110120177269,-0.08296693861484528,0.3269166350364685,0.03365575522184372,1.46,-0.3476634621620178,-0.17304381728172302,0.19093094766139984,1.46
1.457741379737854,-0.058617688715457916,0.5424385070800781,0.015452031046152115,0.015414081513881683,-0.019859157502651215,-0.9995644688606262,-0.893899142742157,0.27137863636016846,-0.3699515461921692,1.4033796787261963,-0.24,-0.5441104769706726,-0.7087034583091736,0.025819258764386177,0.08499794453382492,1.5011508464813232,0.003593635046854615,-0.5900000000000001,-0.023635411635041237,-0.07957205921411514,0.3344869613647461,0.031696487218141556,1.46,-0.35049569606781006,-0.19001848995685577,0.18549197912216187,1.46
1.4584466218948364,-0.05772915109992027,0.5443618297576904,0.01207005325704813,0.015706319361925125,-0.016903337091207504,-0.999660849571228,-0.8785867094993591,0.2745475172996521,-0.34766915440559387,1.3926491737365723,-0.24,-0.5431199669837952,-0.7059551477432251,0.02385096065700054,0.0979238972067833,1.495509386062622,0.008290858939290047,-0.5900000000000001,-0.02285165712237358,-0.0768338292837143,0.3416977822780609,0.031056717038154602,1.46,-0.3527633547782898,-0.20743584632873535,0.1808442771434784,1.46
1.459244966506958,-0.05706718936562538,0.5469276905059814,0.008419900201261044,0.015718532726168633,-0.014017261564731598,-0.9997427463531494,-0.861259937286377,0.27803748846054077,-0.32310134172439575,1.3777204751968384,-0.24,-0.5400027632713318,-0.7022100687026978,0.02123197354376316,0.11017885059118271,1.4868260622024536,0.012352404184639454,-0.5900000000000001,-0.02185329608619213,-0.074324831366539,0.3483770787715912,0.03265563026070595,1.46,-0.35449889302253723,-0.2252085953950882,0.17655140161514282,1.46
1.4601207971572876,-0.05662017688155174,0.5501616597175598,0.004460886120796204,0.015475403517484665,-0.011294779367744923,-0.9998064041137695,-0.8416909575462341,0.2815147936344147,-0.29614391922950745,1.3583019971847534,-0.24,-0.5345476865768433,-0.6973693370819092,0.017706288024783134,0.12168353796005249,1.474969506263733,0.01583290845155716,-0.5900000000000001,-0.020999044179916382,-0.07142820209264755,0.3546411097049713,0.037154413759708405,1.46,-0.3559146821498871,-0.24316518008708954,0.17176400125026703,1.46
1.461055040359497,-0.05637681111693382,0.554063618183136,0.0001925890683196485,0.01499126199632883,-0.008797381073236465,-0.9998488426208496,-0.8197992444038391,0.28468388319015503,-0.26685839891433716,1.3342372179031372,-0.24,-0.5265707969665527,-0.6914052367210388,0.013133038766682148,0.1323351263999939,1.4598708152770996,0.01875438541173935,-0.5900000000000001,-0.02057657763361931,-0.06729710102081299,0.3608941435813904,0.04502163082361221,1.46,-0.35730376839637756,-0.2610398232936859,0.1655028760433197,1.46
1.4620246887207031,-0.05632000416517258,0.5586068034172058,-0.004350198432803154,0.01424961443990469,-0.006571268662810326,-0.9998672604560852,-0.795688271522522,0.2872358560562134,-0.2355043590068817,1.3054927587509155,-0.24,-0.515986979007721,-0.68440842628479,0.007481972686946392,0.14204125106334686,1.4415404796600342,0.02116142027080059,-0.5900000000000001,-0.0209408737719059,-0.06085677444934845,0.36770257353782654,0.05696045234799385,1.46,-0.3589784801006317,-0.27854469418525696,0.15701547265052795,1.46
1.463002324104309,-0.05642114207148552,0.5637356638908386,-0.009107599966228008,0.013200156390666962,-0.00468753557652235,-0.9998603463172913,-0.7697337865829468,0.28880661725997925,-0.20256619155406952,1.2722115516662598,-0.24,-0.5027686357498169,-0.6765875220298767,0.0007600484532304108,0.15068785846233368,1.420092225074768,0.02311965450644493,-0.5900000000000001,-0.022619688883423805,-0.05115048587322235,0.37565499544143677,0.0736529603600502,1.46,-0.3611917793750763,-0.2954621911048889,0.14595702290534973,1.46
1.4639538526535034,-0.05663890019059181,0.5693687200546265,-0.013995748944580555,0.011772255413234234,-0.003247016342356801,-0.9998274445533752,-0.7425535917282104,0.2889392077922821,-0.16890741884708405,1.2347298860549927,-0.24,-0.48699599504470825,-0.6682454347610474,-0.006997066084295511,0.15812936425209045,1.395740270614624,0.02471577562391758,-0.5900000000000001,-0.026269208639860153,-0.037628740072250366,0.3852587938308716,0.09542585909366608,1.46,-0.36426809430122375,-0.3116356134414673,0.13234618306159973,1.46
1.4648525714874268,-0.056936267763376236,0.5754082798957825,-0.018878290429711342,0.009929179213941097,-0.002311188727617264,-0.9997697472572327,-0.7148264646530151,0.28740763664245605,-0.1355486959218979,1.1935557126998901,-0.24,-0.46888840198516846,-0.6595717072486877,-0.015613140538334846,0.16414353251457214,1.3687093257904053,0.02598707005381584,-0.5900000000000001,-0.032388050109148026,-0.020295700058341026,0.3969130218029022,0.1218731701374054,1.46,-0.3686707317829132,-0.326896607875824,0.11639853566884995,1.46
1.4656859636306763,-0.057293929159641266,0.5817540287971497,-0.023570848628878593,0.0076909493654966354,-0.0018493040697649121,-0.99969083070755,-0.6870726346969604,0.2844826281070709,-0.10314235091209412,1.1492068767547607,-0.24,-0.4486638903617859,-0.6505764126777649,-0.02470356598496437,0.16849742829799652,1.3391908407211304,0.026898466050624847,-0.5900000000000001,-0.041162293404340744,0.000491949962452054,0.4108579456806183,0.1521659940481186,1.46,-0.37492141127586365,-0.3411329388618469,0.09834189713001251,1.46
1.4664421081542969,-0.05768691003322601,0.5882980823516846,-0.02792263776063919,0.005099005531519651,-0.0017568290932103992,-0.9995954036712646,-0.6596384644508362,0.2805837392807007,-0.07196327298879623,1.1022318601608276,-0.24,-0.42659991979599,-0.6412869691848755,-0.03382069617509842,0.1712011694908142,1.3074727058410645,0.02749289944767952,-0.5900000000000001,-0.05254827439785004,0.024248916655778885,0.42697301506996155,0.1854562610387802,1.46,-0.3834977447986603,-0.3544740676879883,0.07851322740316391,1.46
1.467115879058838,-0.05807424336671829,0.594928503036499,-0.031859785318374634,0.002215060405433178,-0.0019244381692260504,-0.9994879961013794,-0.6326952576637268,0.27600735425949097,-0.04203624278306961,1.0532047748565674,-0.24,-0.40302878618240356,-0.6317754983901978,-0.04263441264629364,0.17250721156597137,1.274001955986023,0.02796890027821064,-0.5900000000000001,-0.06645787507295609,0.050501566380262375,0.4447340965270996,0.22090323269367218,1.46,-0.39473438262939453,-0.3672357201576233,0.05738525837659836,1.46
1.4676988124847412,-0.058404311537742615,0.6015390753746033,-0.0353630930185318,-0.0008861749665811658,-0.002297746716067195,-0.9993714094161987,-0.6063226461410522,0.27083203196525574,-0.013412483036518097,1.0026249885559082,-0.24,-0.37826433777809143,-0.6221075654029846,-0.05104619264602661,0.1726219356060028,1.2392529249191284,0.028394784778356552,-0.5900000000000001,-0.08288947492837906,0.07887990027666092,0.4633898138999939,0.2577786147594452,1.46,-0.4088743329048157,-0.3797091841697693,0.035319987684488297,1.46
1.4681849479675293,-0.05862637236714363,0.6080267429351807,-0.03841523081064224,-0.004135615192353725,-0.0029010006692260504,-0.9992489814758301,-0.5806955099105835,0.2648768424987793,0.013422398827970028,0.9509642124176025,-0.24,-0.35263481736183167,-0.6123396754264832,-0.059094276279211044,0.1715439260005951,1.203698754310608,0.028691574931144714,-0.5900000000000001,-0.10189151763916016,0.10903770476579666,0.48223742842674255,0.29539060592651367,1.46,-0.42609357833862305,-0.39208632707595825,0.012260130606591702,1.46
1.468583345413208,-0.05870881676673889,0.614307701587677,-0.0409650094807148,-0.00744093582034111,-0.003707907861098647,-0.9991258978843689,-0.5561938881874084,0.2579268217086792,0.03788134083151817,0.8990924954414368,-0.24,-0.32671287655830383,-0.6023778915405273,-0.0666780173778534,0.16925686597824097,1.1676994562149048,0.028793565928936005,-0.5900000000000001,-0.12325017899274826,0.14068752527236938,0.5007818341255188,0.3331446349620819,1.46,-0.4463162124156952,-0.40443283319473267,-0.012012767605483532,1.46
1.468916654586792,-0.05862342193722725,0.6203097105026245,-0.04292233660817146,-0.01068191695958376,-0.004590571857988834,-0.9990106821060181,-0.5329086184501648,0.24991562962532043,0.05901941657066345,0.8475753664970398,-0.24,-0.3010048568248749,-0.5920359492301941,-0.07346604019403458,0.16594451665878296,1.1315702199935913,0.02883140556514263,-0.5900000000000001,-0.14645425975322723,0.17368364334106445,0.518642783164978,0.3707895278930664,1.46,-0.46909403800964355,-0.41669392585754395,-0.03757611662149429,1.46
1.4692186117172241,-0.05835440009832382,0.6259791851043701,-0.044173676520586014,-0.013718751259148121,-0.00535221304744482,-0.9989152550697327,-0.5106571912765503,0.24123194813728333,0.0762062519788742,0.7973312139511108,-0.24,-0.27654221653938293,-0.581052839756012,-0.07897280156612396,0.161952406167984,1.0955904722213745,0.029192054644227028,-0.5768762826919556,-0.17086516320705414,0.20798338949680328,0.5355174541473389,0.40848827362060547,1.4478428363800049,-0.4938335120677948,-0.4286186695098877,-0.06438757479190826,1.46
1.4695149660110474,-0.057889968156814575,0.6312933564186096,-0.04463835805654526,-0.016450433060526848,-0.005765717010945082,-0.9988511204719543,-0.48909541964530945,0.23240703344345093,0.0893298089504242,0.7494533658027649,-0.24,-0.2544865608215332,-0.5691947937011719,-0.08287464082241058,0.1574837565422058,1.0597401857376099,0.029652591794729233,-0.5580885410308838,-0.1957695484161377,0.24347920715808868,0.5511385798454285,0.4465576708316803,1.428269386291504,-0.5200262069702148,-0.43987584114074707,-0.0923565924167633,1.46
1.469826579093933,-0.05723191425204277,0.6362959146499634,-0.044352784752845764,-0.01886717788875103,-0.005543760489672422,-0.9988223314285278,-0.46831342577934265,0.22450460493564606,0.09910712391138077,0.7046548128128052,-0.23273344337940216,-0.23501501977443695,-0.5564281344413757,-0.08496492356061935,0.15310384333133698,1.0237586498260498,0.03018169291317463,-0.5391139984130859,-0.2203551083803177,0.2800559401512146,0.5651823282241821,0.48521140217781067,1.4075814485549927,-0.547365665435791,-0.4501047432422638,-0.12133099883794785,1.46
1.4701472520828247,-0.056358452886343,0.6410420536994934,-0.04353197664022446,-0.02100600302219391,-0.004703686106950045,-0.9988200068473816,-0.44763875007629395,0.21764381229877472,0.10652963072061539,0.6628491878509521,-0.2281574308872223,-0.21846967935562134,-0.5429204702377319,-0.08571837842464447,0.14921711385250092,0.9875428080558777,0.030884960666298866,-0.5198682546615601,-0.24452142417430878,0.3178439736366272,0.5771809220314026,0.5247475504875183,1.3861479759216309,-0.5757583975791931,-0.45909255743026733,-0.15108303725719452,1.46
1.4704842567443848,-0.05528280511498451,0.645517885684967,-0.04236198589205742,-0.022940898314118385,-0.0033365245908498764,-0.9988332986831665,-0.42726221680641174,0.21170012652873993,0.11318086087703705,0.6224911212921143,-0.22384744882583618,-0.2027931958436966,-0.5291032195091248,-0.08554097265005112,0.14611059427261353,0.9515452980995178,0.03191457316279411,-0.5007873773574829,-0.26830893754959106,0.35710984468460083,0.5867416858673096,0.5656691193580627,1.3642836809158325,-0.6049759984016418,-0.46651721000671387,-0.18198202550411224,1.46
1.4708471298217773,-0.05403373762965202,0.6496637463569641,-0.0410398468375206,-0.02470744214951992,-0.0017595102544873953,-0.998850405216217,-0.40782850980758667,0.2063417136669159,0.11936305463314056,0.5837422013282776,-0.21955953538417816,-0.1876416653394699,-0.5153802037239075,-0.08508375287055969,0.14355593919754028,0.9165034294128418,0.03324685990810394,-0.48216184973716736,-0.29214388132095337,0.3978126347064972,0.5933861136436462,0.6080540418624878,1.3421025276184082,-0.6345036029815674,-0.47209012508392334,-0.21425139904022217,1.46
1.4712413549423218,-0.052651893347501755,0.6534043550491333,-0.03972230106592178,-0.02632012963294983,-0.00016785979096312076,-0.9988639950752258,-0.3897339701652527,0.2014271765947342,0.125386044383049,0.5473169684410095,-0.215390145778656,-0.17320598661899567,-0.5023238658905029,-0.08474146574735641,0.14151060581207275,0.8835434913635254,0.03480597212910652,-0.4645616114139557,-0.3160821497440338,0.4394008219242096,0.5968251824378967,0.6517627835273743,1.3197758197784424,-0.6635124683380127,-0.4757382273674011,-0.2478821873664856,1.46
1.4716808795928955,-0.0511912927031517,0.6567109823226929,-0.03848569840192795,-0.027738401666283607,0.001439340878278017,-0.9988729953765869,-0.3730684816837311,0.19712625443935394,0.13202954828739166,0.5136606097221375,-0.21129395067691803,-0.15939763188362122,-0.49034398794174194,-0.0847092717885971,0.13954424858093262,0.8535897135734558,0.035047486424446106,-0.4485014081001282,-0.339749276638031,0.4811055660247803,0.5971966981887817,0.6963648796081543,1.2977949380874634,-0.6910483241081238,-0.4775358736515045,-0.28214770555496216,1.46
1.4721457958221436,-0.04969542473554611,0.6596015095710754,-0.03733013942837715,-0.02899591252207756,0.0031703426502645016,-0.9988771080970764,-0.35751065611839294,0.19363713264465332,0.13985858857631683,0.4831247329711914,-0.2075224220752716,-0.1467556357383728,-0.47976773977279663,-0.08494079113006592,0.13718678057193756,0.8269669413566589,0.032230913639068604,-0.43418678641319275,-0.362480491399765,0.5219654440879822,0.595260500907898,0.7412123084068298,1.2767480611801147,-0.7165260910987854,-0.4778430163860321,-0.316392183303833,1.46
1.4726049900054932,-0.0482158400118351,0.6621459722518921,-0.03622125834226608,-0.030155550688505173,0.005082985386252403,-0.9988757371902466,-0.34268638491630554,0.19116126000881195,0.14954082667827606,0.4551105797290802,-0.2040921300649643,-0.1351115107536316,-0.4705619812011719,-0.08508146554231644,0.13488465547561646,0.8031923174858093,0.027209630236029625,-0.4211786389350891,-0.3836599290370941,0.5613065361976624,0.5920103192329407,0.785342812538147,1.2565644979476929,-0.7394874691963196,-0.4772428274154663,-0.3498521149158478,1.46
1.4730291366577148,-0.04681127890944481,0.6644327044487,-0.03512544557452202,-0.031234391033649445,0.007039384450763464,-0.9988698959350586,-0.328309029340744,0.1895848661661148,0.16083675622940063,0.42858055233955383,-0.20106017589569092,-0.12374403327703476,-0.46213868260383606,-0.08473685383796692,0.13396704196929932,0.7814868688583374,0.024665523320436478,-0.4106232821941376,-0.40322014689445496,0.5990204215049744,0.5882080793380737,0.8279414176940918,1.2366589307785034,-0.7596653699874878,-0.4761604368686676,-0.38182467222213745,1.46
1.4733855724334717,-0.045543089509010315,0.666479766368866,-0.034118443727493286,-0.03223937377333641,0.008760861121118069,-0.998859167098999,-0.31455478072166443,0.18833017349243164,0.17277111113071442,0.40311524271965027,-0.19833627343177795,-0.11251170188188553,-0.45353755354881287,-0.08421096205711365,0.13432461023330688,0.7596898674964905,0.026323234662413597,-0.39894899725914,-0.42163005471229553,0.6353744268417358,0.5842224955558777,0.86863112449646,1.2163491249084473,-0.7773094773292542,-0.474612295627594,-0.41152307391166687,1.453142523765564
1.4736613035202026,-0.04445619508624077,0.6683489084243774,-0.033151041716337204,-0.033133819699287415,0.010185051709413528,-0.9988489151000977,-0.3013569414615631,0.18703822791576385,0.18408861756324768,0.3782370686531067,-0.1959158480167389,-0.1011558249592781,-0.4449726939201355,-0.08363513648509979,0.13466127216815948,0.7385701537132263,0.029576854780316353,-0.3876304626464844,-0.43915101885795593,0.6709513068199158,0.5801331400871277,0.9076148271560669,1.1952717304229736,-0.7928551435470581,-0.47202616930007935,-0.43906861543655396,1.4299057722091675
1.4738380908966064,-0.04357888922095299,0.670059323310852,-0.032105132937431335,-0.03391324728727341,0.011396665126085281,-0.9988439083099365,-0.2887623608112335,0.18608252704143524,0.1944749802350998,0.35403820872306824,-0.19389785826206207,-0.08976723253726959,-0.436501145362854,-0.08273787796497345,0.13445797562599182,0.7181891202926636,0.032922178506851196,-0.37665772438049316,-0.4558835029602051,0.7062357664108276,0.5760515928268433,0.9452917575836182,1.1738194227218628,-0.8069974780082703,-0.46772512793540955,-0.4652385711669922,1.4037697315216064
1.4738999605178833,-0.042895734310150146,0.6716272234916687,-0.030918559059500694,-0.03459843248128891,0.012407840229570866,-0.9988457560539246,-0.2769223153591156,0.1856280118227005,0.20388872921466827,0.3306792974472046,-0.19227199256420135,-0.07839351147413254,-0.42813295125961304,-0.08140288293361664,0.1335763931274414,0.698423445224762,0.03600452467799187,-0.365920752286911,-0.47209081053733826,0.741339385509491,0.5720323920249939,0.9816372990608215,1.1527196168899536,-0.820496678352356,-0.4614297151565552,-0.49064990878105164,1.3750015497207642
1.4738447666168213,-0.04234909266233444,0.6730683445930481,-0.0296343881636858,-0.035192616283893585,0.013186960481107235,-0.9988540410995483,-0.2658541202545166,0.18549685180187225,0.21233691275119781,0.3081953823566437,-0.19087879359722137,-0.06713012605905533,-0.4198491871356964,-0.0798107385635376,0.13214010000228882,0.679185152053833,0.039118558168411255,-0.35538288950920105,-0.48808926343917847,0.776105523109436,0.5680041909217834,1.0163373947143555,1.1324989795684814,-0.8339812755584717,-0.45336905121803284,-0.5152774453163147,1.3443572521209717
1.4736886024475098,-0.04186371713876724,0.6743725538253784,-0.02831348590552807,-0.035651348531246185,0.013744154945015907,-0.9988685846328735,-0.2555163502693176,0.185501366853714,0.2198576033115387,0.29000000000000004,-0.18972373008728027,-0.056184250861406326,-0.41165265440940857,-0.07818031311035156,0.13043445348739624,0.6606497764587402,0.042737435549497604,-0.34515640139579773,-0.5039992928504944,0.8104614615440369,0.5639733672142029,1.048685073852539,1.1134724617004395,-0.8478150367736816,-0.44410744309425354,-0.5387089848518372,1.3126877546310425
1.4734584093093872,-0.04137139394879341,0.6755257248878479,-0.027024364098906517,-0.03590816259384155,0.014171981252729893,-0.9988890886306763,-0.24604809284210205,0.18552757799625397,0.22652192413806915,0.29000000000000004,-0.18852035701274872,-0.04615522548556328,-0.4036293029785156,-0.07669969648122787,0.12875497341156006,0.6432269215583801,0.04682614281773567,-0.3354896306991577,-0.5197035074234009,0.8445666432380676,0.5599496364593506,1.0776387453079224,1.0958044528961182,-0.8621744513511658,-0.4342121481895447,-0.560430645942688,1.2806811332702637
1.4731833934783936,-0.040815044194459915,0.6765255928039551,-0.02581736259162426,-0.035906676203012466,0.014576473273336887,-0.9989152550697327,-0.23753254115581512,0.18552707135677338,0.23237092792987823,0.29000000000000004,-0.1873195767402649,-0.03754481300711632,-0.3960862159729004,-0.07550279051065445,0.12706181406974792,0.6276962757110596,0.04997503384947777,-0.32681015133857727,-0.535071074962616,0.8787672519683838,0.5558310747146606,1.1023484468460083,1.0795663595199585,-0.8771411180496216,-0.42402365803718567,-0.5801057815551758,1.249036192893982
1.472891092300415,-0.04013868421316147,0.6773865222930908,-0.02470698393881321,-0.03562460094690323,0.01506788283586502,-0.9989461302757263,-0.22983919084072113,0.1854550838470459,0.23767797648906708,0.29000000000000004,-0.18604294955730438,-0.030640939250588417,-0.38937172293663025,-0.07465379685163498,0.12499763071537018,0.6148059368133545,0.05017811432480812,-0.3195553421974182,-0.5499691963195801,0.9133186936378479,0.5515075922012329,1.1223394870758057,1.0650519132614136,-0.8927515149116516,-0.4136989414691925,-0.5976754426956177,1.2186148166656494
1.4725948572158813,-0.03931998834013939,0.6781181693077087,-0.023790407925844193,-0.03508707508444786,0.015663992613554,-0.9989781379699707,-0.22292719781398773,0.18506158888339996,0.24254028499126434,0.29000000000000004,-0.184593066573143,-0.025419563055038452,-0.3830261826515198,-0.07432635128498077,0.12380385398864746,0.6035096049308777,0.051086679100990295,-0.3131333887577057,-0.5643988251686096,0.9480559229850769,0.5469179153442383,1.1373841762542725,1.0527007579803467,-0.9091249108314514,-0.40338781476020813,-0.6130503416061401,1.1902222633361816
1.4723106622695923,-0.038347549736499786,0.6787550449371338,-0.023060526698827744,-0.0343281626701355,0.0163081344217062,-0.9990113377571106,-0.21654435992240906,0.18424968421459198,0.24703186750411987,0.29000000000000004,-0.18295922875404358,-0.021549543365836143,-0.3769778311252594,-0.07459281384944916,0.12315379083156586,0.5936228036880493,0.05223633721470833,-0.3074951171875,-0.5783898830413818,0.9826762676239014,0.5421959757804871,1.1475580930709839,1.042902946472168,-0.9261870384216309,-0.39331281185150146,-0.626239001750946,1.1647534370422363
1.4720473289489746,-0.037224940955638885,0.6793305277824402,-0.02247711643576622,-0.03340921923518181,0.016938522458076477,-0.9990453124046326,-0.21053417026996613,0.18301400542259216,0.2511826157569885,0.29000000000000004,-0.18109405040740967,-0.018657365813851357,-0.3710680902004242,-0.07542154937982559,0.122803695499897,0.5846806168556213,0.053592778742313385,-0.30243635177612305,-0.591877818107605,1.0167385339736938,0.5376738905906677,1.153113842010498,1.0359559059143066,-0.943760097026825,-0.3837425112724304,-0.6372591257095337,1.1429187059402466
1.4718049764633179,-0.0359669104218483,0.6798782348632812,-0.021983861923217773,-0.03240782767534256,0.0175342857837677,-0.9990791082382202,-0.2048073709011078,0.1814263015985489,0.2550628185272217,0.29000000000000004,-0.17902137339115143,-0.016377553343772888,-0.36522847414016724,-0.07668790221214294,0.12254706025123596,0.5762385129928589,0.05490460991859436,-0.2976948618888855,-0.604663610458374,1.0497790575027466,0.5337864756584167,1.1543887853622437,1.0320576429367065,-0.9615797400474548,-0.37489575147628784,-0.6463541388511658,1.1250576972961426
1.4715890884399414,-0.03459569811820984,0.6804285645484924,-0.021527841687202454,-0.03137652575969696,0.018130389973521233,-0.9991112351417542,-0.19906926155090332,0.17956343293190002,0.2589321732521057,0.29000000000000004,-0.1767532378435135,-0.01431569829583168,-0.3593693673610687,-0.07823331654071808,0.12222441285848618,0.567916214466095,0.055781856179237366,-0.2930790185928345,-0.6165028810501099,1.0814789533615112,0.530861496925354,1.1517996788024902,1.0313382148742676,-0.979381263256073,-0.36691561341285706,-0.6537802815437317,1.1112438440322876
1.471407175064087,-0.033139418810606,0.6810019016265869,-0.02106630988419056,-0.030351825058460236,0.01879013143479824,-0.9991405010223389,-0.19300489127635956,0.17750608921051025,0.2630886435508728,0.29000000000000004,-0.1743500828742981,-0.01216136198490858,-0.3533550798892975,-0.07989268749952316,0.12186983972787857,0.5592807531356812,0.05627340078353882,-0.28833848237991333,-0.6272086501121521,1.1116728782653809,0.5290161967277527,1.1459786891937256,1.0338611602783203,-0.9969521164894104,-0.35986971855163574,-0.6597889065742493,1.1014094352722168
1.4712673425674438,-0.0316290482878685,0.6816076040267944,-0.02055353857576847,-0.029367594048380852,0.019558139145374298,-0.999165952205658,-0.18651236593723297,0.1753878891468048,0.2676657736301422,0.29000000000000004,-0.1719227135181427,-0.00977229792624712,-0.3471291661262512,-0.0814947709441185,0.12145572155714035,0.5500950217247009,0.05624553933739662,-0.28334319591522217,-0.6367278695106506,1.1403148174285889,0.5281665325164795,1.1375906467437744,1.0395547151565552,-1.0140668153762817,-0.353718638420105,-0.6646423935890198,1.095250129699707
1.471170425415039,-0.030094262212514877,0.6822437644004822,-0.019962629303336143,-0.0284768957644701,0.020468736067414284,-0.9991854429244995,-0.17973338067531586,0.17332929372787476,0.2726691961288452,0.29000000000000004,-0.16952431201934814,-0.007179336156696081,-0.3408196270465851,-0.08289646357297897,0.12100404500961304,0.5403487682342529,0.05550479516386986,-0.2780606150627136,-0.6451027989387512,1.167403221130371,0.52805095911026,1.1272506713867188,1.0481593608856201,-1.030503273010254,-0.3482635021209717,-0.6686364412307739,1.0921024084091187
1.4711097478866577,-0.028560373932123184,0.6828932762145996,-0.019302161410450935,-0.027749797329306602,0.02155659720301628,-0.9991958737373352,-0.17294175922870636,0.17138272523880005,0.2780567407608032,0.29000000000000004,-0.16716626286506653,-0.004430803004652262,-0.3346991539001465,-0.0840241089463234,0.12070789188146591,0.5301804542541504,0.054202914237976074,-0.2725142240524292,-0.6524477005004883,1.1929895877838135,0.528259813785553,1.1154855489730835,1.0591551065444946,-1.0460540056228638,-0.34317249059677124,-0.6721160411834717,1.0909967422485352
1.4710798263549805,-0.027048975229263306,0.6835396885871887,-0.018603501841425896,-0.02723030373454094,0.02280980721116066,-0.9991957545280457,-0.1663903445005417,0.16953633725643158,0.2837100327014923,0.29000000000000004,-0.16488167643547058,-0.001627248479053378,-0.3289481997489929,-0.08490163087844849,0.12073604762554169,0.5197104811668396,0.052747901529073715,-0.2667318880558014,-0.6590079665184021,1.2172011137008667,0.5283620953559875,1.102548360824585,1.0718165636062622,-1.060540795326233,-0.33813121914863586,-0.6753904819488525,1.0909076929092407
1.4710761308670044,-0.025564154610037804,0.6841651797294617,-0.01790323108434677,-0.026940815150737762,0.024164564907550812,-0.9991844296455383,-0.16033996641635895,0.16773049533367157,0.28939783573150635,0.29000000000000004,-0.1626318097114563,0.0011310760164633393,-0.32372021675109863,-0.08562683314085007,0.12112244218587875,0.509158730506897,0.05142638087272644,-0.2608417570590973,-0.6651176810264587,1.2401946783065796,0.527963399887085,1.0885090827941895,1.0851048231124878,-1.0738507509231567,-0.33293965458869934,-0.6787305474281311,1.0907952785491943
1.4711060523986816,-0.024104369804263115,0.6847656965255737,-0.017217425629496574,-0.02684246376156807,0.025501558557152748,-0.999165952205658,-0.15481430292129517,0.16590793430805206,0.2948670983314514,0.29000000000000004,-0.16042713820934296,0.0038415605667978525,-0.31897464394569397,-0.08630657941102982,0.1215803399682045,0.4987739622592926,0.04995373636484146,-0.2550520896911621,-0.6711989641189575,1.2622790336608887,0.5268629789352417,1.0734325647354126,1.0981017351150513,-1.0858362913131714,-0.3274795114994049,-0.6822324991226196,1.089632511138916
1.4711734056472778,-0.022670608013868332,0.685339629650116,-0.01656702160835266,-0.02688874676823616,0.02671213448047638,-0.9991440176963806,-0.14970704913139343,0.1639825999736786,0.29995378851890564,0.29000000000000004,-0.15826158225536346,0.006591142620891333,-0.31468066573143005,-0.08704032003879547,0.12184392660856247,0.48884376883506775,0.048020441085100174,-0.2495795339345932,-0.6776219010353088,1.2838243246078491,0.5250610709190369,1.0576295852661133,1.1101887226104736,-1.0965110063552856,-0.3216983377933502,-0.6859182715415955,1.086669683456421
1.4712777137756348,-0.021262863650918007,0.6858837008476257,-0.015972068533301353,-0.0270517710596323,0.02775595709681511,-0.9991208910942078,-0.14494681358337402,0.161895290017128,0.3046121597290039,0.29000000000000004,-0.1561163365840912,0.009423644281923771,-0.3107905387878418,-0.08789519965648651,0.12187620997428894,0.47943657636642456,0.04578443616628647,-0.24448710680007935,-0.684562087059021,1.3051021099090576,0.5227675437927246,1.0413898229599,1.1211190223693848,-1.1062074899673462,-0.3158104419708252,-0.6896212100982666,1.082025170326233
1.4714109897613525,-0.019886339083313942,0.6864085793495178,-0.015380864962935448,-0.027327733114361763,0.0286414697766304,-0.9990976452827454,-0.14051119983196259,0.1597776710987091,0.3088575005531311,0.29000000000000004,-0.15405240654945374,0.012361375615000725,-0.30756643414497375,-0.08875428885221481,0.12249623239040375,0.4708682894706726,0.04620544612407684,-0.23861709237098694,-0.6920186281204224,1.3263013362884521,0.5203098058700562,1.025126576423645,1.1309340000152588,-1.1153315305709839,-0.31021377444267273,-0.693149745464325,1.0764079093933105
1.4715523719787598,-0.01855844259262085,0.6868575811386108,-0.015010487288236618,-0.02773723006248474,0.0294242724776268,-0.9990692138671875,-0.1366080790758133,0.15723362565040588,0.31273511052131653,0.29000000000000004,-0.15199552476406097,0.015242367051541805,-0.30420351028442383,-0.09011981636285782,0.12317495793104172,0.4616011679172516,0.047442495822906494,-0.23357930779457092,-0.6998628377914429,1.3470823764801025,0.5180596113204956,1.0087401866912842,1.140013337135315,-1.124654769897461,-0.3051714301109314,-0.6957787871360779,1.0698918104171753
1.471719741821289,-0.017323609441518784,0.6872671842575073,-0.014682449400424957,-0.028194904327392578,0.030051501467823982,-0.9990426898002625,-0.13300253450870514,0.1547270268201828,0.316165030002594,0.29000000000000004,-0.15003585815429688,0.018140867352485657,-0.30088743567466736,-0.09152846783399582,0.1236569955945015,0.45248961448669434,0.049342863261699677,-0.22874265909194946,-0.7081969976425171,1.3676224946975708,0.516160786151886,0.9925432801246643,1.1486815214157104,-1.1340664625167847,-0.30064451694488525,-0.6970028877258301,1.062510371208191
1.4719196557998657,-0.016211094334721565,0.6876489520072937,-0.014320515096187592,-0.028680935502052307,0.03049909509718418,-0.9990205764770508,-0.12970225512981415,0.15250495076179504,0.3190672993659973,0.29000000000000004,-0.14831064641475677,0.020999180153012276,-0.297565221786499,-0.09275457262992859,0.12364701181650162,0.4436473846435547,0.05100773274898529,-0.22418512403964996,-0.7170699834823608,1.3877729177474976,0.5144086480140686,0.9769217371940613,1.1570241451263428,-1.1436591148376465,-0.29640868306159973,-0.6962814331054688,1.0540971755981445
1.4721577167510986,-0.015238339081406593,0.6880114078521729,-0.013876376673579216,-0.029207997024059296,0.030801648274064064,-0.9990022778511047,-0.1266801655292511,0.15071354806423187,0.3215186893939972,0.29000000000000004,-0.14684273302555084,0.02383306995034218,-0.29421576857566833,-0.09363225102424622,0.12309405207633972,0.4349987804889679,0.05207911133766174,-0.21984881162643433,-0.7263842225074768,1.4073129892349243,0.5123410224914551,0.9623944759368896,1.1647011041641235,-1.1535682678222656,-0.29219600558280945,-0.693328857421875,1.0446033477783203
1.4724351167678833,-0.014410554431378841,0.6883590221405029,-0.013339544646441936,-0.029814256355166435,0.031023483723402023,-0.9989847540855408,-0.12392444908618927,0.14938905835151672,0.3236715793609619,0.29000000000000004,-0.14565500617027283,0.026670457795262337,-0.2908971607685089,-0.09408649802207947,0.12213966250419617,0.4264192581176758,0.052574750036001205,-0.21564003825187683,-0.7358914613723755,1.4259170293807983,0.5095282793045044,0.9495002627372742,1.1712480783462524,-1.1639456748962402,-0.28787633776664734,-0.6880835890769958,1.034212589263916
1.4727585315704346,-0.01373114064335823,0.6886917352676392,-0.0127069978043437,-0.030518222600221634,0.0311980452388525,-0.99896639585495,-0.12153163552284241,0.14858175814151764,0.3255486488342285,0.29000000000000004,-0.14476370811462402,0.029401451349258423,-0.28765439987182617,-0.09408226609230042,0.12087943404912949,0.41789159178733826,0.05254053696990013,-0.21153603494167328,-0.7452971339225769,1.443351149559021,0.5057184100151062,0.9386348128318787,1.1761614084243774,-1.1747244596481323,-0.28344815969467163,-0.6808599233627319,1.0231420993804932
1.473135232925415,-0.013203529641032219,0.6890072226524353,-0.01197826024144888,-0.03130849823355675,0.0313074067234993,-0.9989474415779114,-0.11960542947053909,0.1483391672372818,0.32705503702163696,0.29000000000000004,-0.144173726439476,0.03187977895140648,-0.2844558656215668,-0.09362005442380905,0.11928410828113556,0.40946194529533386,0.0519782193005085,-0.20758751034736633,-0.7543427348136902,1.4595204591751099,0.5008981227874756,0.930046021938324,1.1791470050811768,-1.1856492757797241,-0.2789980471134186,-0.6722153425216675,1.0116465091705322
1.4735695123672485,-0.012827578000724316,0.6893016695976257,-0.01117197796702385,-0.032157812267541885,0.031310539692640305,-0.9989296793937683,-0.11814343184232712,0.1486269235610962,0.3281097412109375,0.29000000000000004,-0.14387772977352142,0.03406630828976631,-0.28123944997787476,-0.09276653081178665,0.11737722158432007,0.40118643641471863,0.051041379570961,-0.20387418568134308,-0.7627941370010376,1.4744099378585815,0.4952332079410553,0.9238870143890381,1.1801867485046387,-1.1964342594146729,-0.2746405601501465,-0.6627832651138306,1.000027060508728
1.4740592241287231,-0.012598643079400063,0.6895691156387329,-0.010332943871617317,-0.03304021805524826,0.03118106536567211,-0.9989140033721924,-0.11705426126718521,0.14931721985340118,0.3287089765071869,0.29000000000000004,-0.14384233951568604,0.03601014241576195,-0.27799198031425476,-0.09165506809949875,0.11509905755519867,0.3931433856487274,0.050116218626499176,-0.2004254013299942,-0.7703918814659119,1.4880342483520508,0.4889783561229706,0.9202515482902527,1.179409384727478,-1.2068357467651367,-0.2704938054084778,-0.65316241979599,0.988584041595459
1.4745954275131226,-0.012510597705841064,0.6898019313812256,-0.00949976034462452,-0.033939674496650696,0.03090204857289791,-0.9989008903503418,-0.11626896262168884,0.15028811991214752,0.3288618326187134,0.29000000000000004,-0.14398998022079468,0.037786420434713364,-0.27478140592575073,-0.09038406610488892,0.11257977783679962,0.3854975402355194,0.04942748323082924,-0.1973344087600708,-0.7768934369087219,1.5004758834838867,0.4823506474494934,0.9193401336669922,1.1768935918807983,-1.2166012525558472,-0.2666797935962677,-0.6438682079315186,0.9776310920715332
1.475164532661438,-0.012555206194519997,0.6899952292442322,-0.008721188642084599,-0.03484952449798584,0.030468586832284927,-0.9988898634910583,-0.11578264832496643,0.15141895413398743,0.3285748064517975,0.29000000000000004,-0.14440199732780457,0.03940332308411598,-0.27172374725341797,-0.08907230943441391,0.10993114858865738,0.3784211575984955,0.049199964851140976,-0.19466905295848846,-0.7820889949798584,1.511824131011963,0.47549569606781006,0.9214074015617371,1.172623634338379,-1.2254700660705566,-0.2633177638053894,-0.6353005766868591,0.9673946499824524
1.4757565259933472,-0.012723634019494057,0.6901447772979736,-0.00802067294716835,-0.035748064517974854,0.02989073656499386,-0.9988815188407898,-0.11554431170225143,0.1526373028755188,0.3278825581073761,0.29000000000000004,-0.1450013369321823,0.04088977724313736,-0.26889050006866455,-0.08777710795402527,0.10723153501749039,0.3720841705799103,0.04948740452528,-0.19250240921974182,-0.7858127951622009,1.522216796875,0.46849027276039124,0.9267346262931824,1.1665247678756714,-1.2331345081329346,-0.26052340865135193,-0.62774658203125,0.9579919576644897
1.4763598442077637,-0.013004425913095474,0.6902468800544739,-0.007426181808114052,-0.03661992400884628,0.02919509820640087,-0.998875081539154,-0.11550500243902206,0.15385664999485016,0.3268858790397644,0.29000000000000004,-0.14575277268886566,0.04224056750535965,-0.26639488339424133,-0.08656148612499237,0.10460163652896881,0.36668163537979126,0.05035107210278511,-0.19090434908866882,-0.7879679203033447,1.5317617654800415,0.4612284004688263,0.9356933832168579,1.1582800149917603,-1.2392908334732056,-0.25836843252182007,-0.6212961673736572,0.9493805170059204
1.4769630432128906,-0.01338734570890665,0.6902990937232971,-0.0069634271785616875,-0.037443388253450394,0.028447501361370087,-0.9988694190979004,-0.11556029319763184,0.15500777959823608,0.3257226347923279,0.29000000000000004,-0.14664289355278015,0.04346175864338875,-0.26431772112846375,-0.08547189831733704,0.10223256796598434,0.36233043670654297,0.051889386028051376,-0.18989163637161255,-0.788455605506897,1.5404870510101318,0.4536961317062378,0.9483513832092285,1.1478512287139893,-1.243719458580017,-0.25690606236457825,-0.6160058379173279,0.9416244626045227
1.477552056312561,-0.013862363994121552,0.6903009414672852,-0.00664932606741786,-0.03820507973432541,0.027712693437933922,-0.9988633394241333,-0.11567480117082596,0.1560496985912323,0.32455000281333923,0.29000000000000004,-0.14764980971813202,0.0445144958794117,-0.2627328932285309,-0.08453559130430222,0.10030193626880646,0.359096884727478,0.054183945059776306,-0.1894484907388687,-0.7872368693351746,1.5483397245407104,0.44594883918762207,0.9648188352584839,1.1353986263275146,-1.246351718902588,-0.2562461793422699,-0.6118799448013306,0.9350053668022156
1.4781136512756348,-0.01442171074450016,0.6902519464492798,-0.006491416599601507,-0.03888765722513199,0.02703135460615158,-0.9988567233085632,-0.11579010635614395,0.15695668756961823,0.32345014810562134,0.29000000000000004,-0.1487588733434677,0.04539811238646507,-0.2616962492465973,-0.08376284688711166,0.09890306740999222,0.35706737637519836,0.05719317868351936,-0.1895858198404312,-0.7843834757804871,1.5552239418029785,0.4381023049354553,0.9851251840591431,1.1212468147277832,-1.2471647262573242,-0.25639769434928894,-0.6088972687721252,0.929563045501709
1.4786391258239746,-0.015061848796904087,0.6901552081108093,-0.006484482437372208,-0.039458394050598145,0.026416771113872528,-0.9988508224487305,-0.11578818410634995,0.15772278606891632,0.32249513268470764,0.29000000000000004,-0.14996688067913055,0.04615611582994461,-0.26115909218788147,-0.08314535021781921,0.09803161025047302,0.3562600016593933,0.06081962585449219,-0.19029861688613892,-0.7800819873809814,1.5610195398330688,0.43025797605514526,1.0091913938522339,1.1058270931243896,-1.246117353439331,-0.2572225332260132,-0.6068003177642822,0.9249584078788757
1.4791224002838135,-0.015780234709382057,0.6900141835212708,-0.006615877617150545,-0.03988957405090332,0.02587837167084217,-0.9988469481468201,-0.1156204342842102,0.1583796888589859,0.3217102587223053,0.29000000000000004,-0.15128278732299805,0.04677543416619301,-0.26099130511283875,-0.08266746997833252,0.09766452014446259,0.3565322458744049,0.06508845090866089,-0.19151216745376587,-0.774570643901825,1.5656185150146484,0.42235785722732544,1.0369603633880615,1.0892897844314575,-1.243236780166626,-0.25847843289375305,-0.6052214503288269,0.9206712245941162
1.479555368423462,-0.016572928056120872,0.6898285150527954,-0.0068851858377456665,-0.04018055647611618,0.025434449315071106,-0.9988448023796082,-0.11536692082881927,0.15894785523414612,0.32108497619628906,0.29000000000000004,-0.15268507599830627,0.04716760292649269,-0.2610548138618469,-0.08235538005828857,0.09786774963140488,0.35756373405456543,0.07041512429714203,-0.1930481642484665,-0.7680730819702148,1.5688928365707397,0.4142301678657532,1.0683857202529907,1.071447491645813,-1.2386730909347534,-0.259897917509079,-0.6038297414779663,0.9161304235458374
1.4799350500106812,-0.01743500307202339,0.6896067261695862,-0.007275423966348171,-0.04032739996910095,0.025097711011767387,-0.9988447427749634,-0.11512880027294159,0.1594889611005783,0.32057926058769226,0.29000000000000004,-0.15412212908267975,0.04724754020571709,-0.2611958980560303,-0.08214432746171951,0.098409503698349,0.3591286540031433,0.07570496946573257,-0.19514213502407074,-0.7607999444007874,1.570672631263733,0.4057457149028778,1.103211522102356,1.0520495176315308,-1.232617974281311,-0.26125383377075195,-0.6023013591766357,0.9107634425163269
1.4802731275558472,-0.018348393961787224,0.6893699765205383,-0.007650602143257856,-0.0403052382171154,0.024824801832437515,-0.998849630355835,-0.11490834504365921,0.16030316054821014,0.32007426023483276,0.29000000000000004,-0.15577465295791626,0.046916455030441284,-0.2614538371562958,-0.08182063698768616,0.09937620908021927,0.361406534910202,0.08231840282678604,-0.19689801335334778,-0.7530469298362732,1.5708507299423218,0.3967375159263611,1.1412235498428345,1.0307694673538208,-1.2251310348510742,-0.2623540461063385,-0.6003186106681824,0.9039247632026672
1.4805859327316284,-0.019257081672549248,0.6892139911651611,-0.007668532431125641,-0.040093742311000824,0.02464853785932064,-0.9988623857498169,-0.11456455290317535,0.16205263137817383,0.31962937116622925,0.29000000000000004,-0.1575072705745697,0.04626646637916565,-0.2624128460884094,-0.08027268201112747,0.09901387244462967,0.36602121591567993,0.08037576824426651,-0.2000853717327118,-0.7449434995651245,1.5695326328277588,0.38693472743034363,1.1824418306350708,1.0071972608566284,-1.2158751487731934,-0.2630619406700134,-0.5978310704231262,0.8951380252838135
1.480851173400879,-0.020060667768120766,0.6890595555305481,-0.007717300206422806,-0.03980681300163269,0.024471979588270187,-0.998877763748169,-0.1145448088645935,0.1636693924665451,0.3189656138420105,0.29000000000000004,-0.15901117026805878,0.045159563422203064,-0.2631227672100067,-0.07901989668607712,0.0987372174859047,0.37025758624076843,0.07919562608003616,-0.20294784009456635,-0.7369349598884583,1.5654497146606445,0.3762454688549042,1.2259753942489624,0.9810618758201599,-1.2059751749038696,-0.26326286792755127,-0.5937302708625793,0.8834906816482544
1.4810738563537598,-0.020727036520838737,0.688910186290741,-0.007823660038411617,-0.03945804014801979,0.02421206794679165,-0.9988971948623657,-0.114750437438488,0.16496805846691132,0.3180040419101715,0.29000000000000004,-0.1602523922920227,0.04383435472846031,-0.2637740969657898,-0.07816579937934875,0.0983797013759613,0.37451067566871643,0.07817681133747101,-0.20578032732009888,-0.729225754737854,1.5583229064941406,0.36463725566864014,1.27146315574646,0.9518091678619385,-1.1953305006027222,-0.2629980444908142,-0.5874578952789307,0.8681674599647522
1.481257677078247,-0.021257778629660606,0.6887657046318054,-0.007999295368790627,-0.03903648257255554,0.023892931640148163,-0.9989199042320251,-0.11496501415967941,0.1658775508403778,0.31689903140068054,0.29000000000000004,-0.16121912002563477,0.04242248833179474,-0.2643546164035797,-0.07772795855998993,0.0979987233877182,0.3787972331047058,0.07736761122941971,-0.20859694480895996,-0.7216747999191284,1.5480247735977173,0.35234442353248596,1.3184458017349243,0.9192937612533569,-1.1837990283966064,-0.26229074597358704,-0.5785930156707764,0.8485556244850159
1.4813989400863647,-0.021667102351784706,0.6886278986930847,-0.008227135986089706,-0.03854065760970116,0.023546544834971428,-0.9989455938339233,-0.11520346254110336,0.16647835075855255,0.3156971037387848,0.29000000000000004,-0.16194280982017517,0.04089729115366936,-0.2648172080516815,-0.07763627171516418,0.09762385487556458,0.3829999566078186,0.0767618790268898,-0.21132539212703705,-0.714026689529419,1.5345790386199951,0.33987849950790405,1.3664324283599854,0.8839549422264099,-1.1714338064193726,-0.26125138998031616,-0.5665131211280823,0.8243634104728699
1.481501817703247,-0.021983548998832703,0.6885069608688354,-0.00844254344701767,-0.0379381999373436,0.023239707574248314,-0.998974084854126,-0.11538343131542206,0.16699638962745667,0.3145342767238617,0.29000000000000004,-0.1625133901834488,0.039187055081129074,-0.2648857533931732,-0.0776936337351799,0.0972401425242424,0.38671693205833435,0.07629596441984177,-0.21374554932117462,-0.7060205340385437,1.5181337594985962,0.3275265693664551,1.4145389795303345,0.8462409377098083,-1.158402442932129,-0.25976911187171936,-0.550663948059082,0.7954041957855225
1.4815583229064941,-0.0222285445779562,0.6884052753448486,-0.008611675351858139,-0.03724590316414833,0.02300257794559002,-0.9990041851997375,-0.11550024151802063,0.16754160821437836,0.3134767413139343,0.29000000000000004,-0.16297119855880737,0.037340953946113586,-0.26453080773353577,-0.07777821272611618,0.09685021638870239,0.38978421688079834,0.0759330615401268,-0.21574729681015015,-0.6975840926170349,1.4985696077346802,0.3154352605342865,1.4616596698760986,0.8068839907646179,-1.1452471017837524,-0.25759050250053406,-0.5302135944366455,0.7617189884185791
1.481554627418518,-0.02241533063352108,0.6883237361907959,-0.008723021484911442,-0.03650703653693199,0.02281142584979534,-0.9990348219871521,-0.11565323919057846,0.16814328730106354,0.31246888637542725,0.29000000000000004,-0.16332389414310455,0.03547315672039986,-0.2638556957244873,-0.07784046232700348,0.09641847759485245,0.3921855092048645,0.07563775777816772,-0.2172921895980835,-0.6887572407722473,1.4756697416305542,0.30370739102363586,1.506771445274353,0.7663803696632385,-1.132569670677185,-0.25442981719970703,-0.5042115449905396,0.7233649492263794
1.4814817905426025,-0.022558653727173805,0.688259482383728,-0.008769086562097073,-0.03574354201555252,0.022634342312812805,-0.9990660548210144,-0.11595090478658676,0.16884297132492065,0.31141433119773865,0.29000000000000004,-0.16359205543994904,0.0336160846054554,-0.26293691992759705,-0.07784288376569748,0.09589254856109619,0.393978476524353,0.07537137717008591,-0.2184029370546341,-0.6795559525489807,1.4494588375091553,0.2924898862838745,1.548984408378601,0.7249988913536072,-1.1208221912384033,-0.24994558095932007,-0.47198718786239624,0.680326521396637
1.4813295602798462,-0.022679300978779793,0.6882047057151794,-0.008759276010096073,-0.0349833108484745,0.022458238527178764,-0.9990970492362976,-0.11658898741006851,0.16968142986297607,0.310207724571228,0.29000000000000004,-0.16379694640636444,0.03171365335583687,-0.2619573771953583,-0.07776013016700745,0.0953066274523735,0.39536651968955994,0.07512784749269485,-0.21915727853775024,-0.669966459274292,1.4202892780303955,0.2820935547351837,1.587482213973999,0.6834763288497925,-1.1105176210403442,-0.24363826215267181,-0.43340587615966797,0.6325404047966003
1.4810856580734253,-0.0228052269667387,0.6881492733955383,-0.008699405938386917,-0.034271709620952606,0.022298283874988556,-0.9991258382797241,-0.1178070530295372,0.17073030769824982,0.3087802529335022,0.29000000000000004,-0.16398002207279205,0.029693525284528732,-0.26117533445358276,-0.07752899825572968,0.09475943446159363,0.39658287167549133,0.07486153393983841,-0.21963751316070557,-0.6599403619766235,1.3888131380081177,0.27283695340156555,1.6215972900390625,0.6429498791694641,-1.1023017168045044,-0.2349490523338318,-0.38887354731559753,0.5800189971923828
1.4807453155517578,-0.022965852171182632,0.688084602355957,-0.008592604659497738,-0.03365596383810043,0.02213161066174507,-0.9991514086723328,-0.11981967836618423,0.17204757034778595,0.3070070147514343,0.29000000000000004,-0.1641772985458374,0.027538670226931572,-0.2608001232147217,-0.07709617912769318,0.09424620866775513,0.39782997965812683,0.07448967546224594,-0.2199312448501587,-0.6494677066802979,1.3558928966522217,0.2650321424007416,1.6300000000000001,0.6045385599136353,-1.0969574451446533,-0.22355006635189056,-0.33917275071144104,0.5231032967567444
1.480315923690796,-0.02318326011300087,0.6880040764808655,-0.00844009593129158,-0.03316141292452812,0.02183791622519493,-0.9991756677627563,-0.1227634847164154,0.17364001274108887,0.3046119511127472,0.29000000000000004,-0.16441397368907928,0.025326410308480263,-0.26088687777519226,-0.07647168636322021,0.09354119747877121,0.3992650806903839,0.07398010045289993,-0.2201852798461914,-0.6385676860809326,1.3224804401397705,0.2592430114746094,1.6300000000000001,0.56900954246521,-1.0952855348587036,-0.2096218317747116,-0.28550294041633606,0.46265608072280884
1.4798109531402588,-0.0234666857868433,0.687898576259613,-0.008262278512120247,-0.03279858082532883,0.021212803199887276,-0.9992026686668396,-0.1267632395029068,0.17541737854480743,0.3011647164821625,0.29000000000000004,-0.16467595100402832,0.023171383887529373,-0.2614494562149048,-0.07576884329319,0.09226659685373306,0.4011385440826416,0.07331714034080505,-0.22063574194908142,-0.6271301507949829,1.2893640995025635,0.2565537393093109,1.6300000000000001,0.536564290523529,-1.097734808921814,-0.19395004212856293,-0.22951187193393707,0.39958110451698303
1.4792393445968628,-0.023811480030417442,0.6877545714378357,-0.00813774298876524,-0.03257177397608757,0.020104091614484787,-0.9992339611053467,-0.13170786201953888,0.1770823895931244,0.2964736521244049,0.29000000000000004,-0.1649155467748642,0.021348366513848305,-0.26269519329071045,-0.07522206008434296,0.09027081727981567,0.40398749709129333,0.07254868745803833,-0.22163186967372894,-0.614540159702301,1.2567451000213623,0.2588420510292053,1.6300000000000001,0.5071520209312439,-1.104164958000183,-0.178009033203125,-0.17284026741981506,0.33457234501838684
1.478620171546936,-0.024204716086387634,0.6875684261322021,-0.008120758458971977,-0.032440584152936935,0.018509825691580772,-0.9992691278457642,-0.13726334273815155,0.17841462790966034,0.290700763463974,0.29000000000000004,-0.16510847210884094,0.020001357421278954,-0.2646389305591583,-0.07498303055763245,0.08761221915483475,0.40806594491004944,0.07169707864522934,-0.22335417568683624,-0.5999249219894409,1.2244949340820312,0.26753032207489014,1.6300000000000001,0.48006710410118103,-1.1138108968734741,-0.16333255171775818,-0.11638802289962769,0.2678447365760803
1.4779802560806274,-0.024615885689854622,0.6873419284820557,-0.008227182552218437,-0.03236677125096321,0.016544777899980545,-0.9993051886558533,-0.14325517416000366,0.17935414612293243,0.28411048650741577,0.29000000000000004,-0.1652335822582245,0.018930481746792793,-0.267170786857605,-0.0751151442527771,0.08453339338302612,0.41328856348991394,0.07089660316705704,-0.2257683426141739,-0.582635223865509,1.1922876834869385,0.28285202383995056,1.6300000000000001,0.4544096887111664,-1.1257407665252686,-0.15109601616859436,-0.060152046382427216,0.19931447505950928
1.4773521423339844,-0.02499709650874138,0.6870837807655334,-0.008427973836660385,-0.03232160583138466,0.014365698210895061,-0.999338686466217,-0.14967089891433716,0.1799706071615219,0.27693992853164673,0.29000000000000004,-0.16526111960411072,0.017737766727805138,-0.2700701653957367,-0.07559584081172943,0.08127232640981674,0.4192957878112793,0.07020168006420135,-0.22867929935455322,-0.5623754262924194,1.1596800088882446,0.30422016978263855,1.6300000000000001,0.4296364486217499,-1.1390458345413208,-0.14226071536540985,-0.003961304668337107,0.12940292060375214
1.4767693281173706,-0.025296365842223167,0.6868084669113159,-0.008661421947181225,-0.03227351978421211,0.012057689018547535,-0.9993687868118286,-0.1565903276205063,0.18039971590042114,0.2692391574382782,0.29000000000000004,-0.16516825556755066,0.016010422259569168,-0.27293381094932556,-0.07637612521648407,0.07786648720502853,0.42550528049468994,0.06972799450159073,-0.23182569444179535,-0.5392515659332275,1.1261199712753296,0.3306148946285248,1.6300000000000001,0.4049810767173767,-1.1527208089828491,-0.13777801394462585,0.05153718218207359,0.059640202671289444
1.4762721061706543,-0.025460919365286827,0.6865308284759521,-0.008867800235748291,-0.03215966373682022,0.00958580244332552,-0.999397337436676,-0.1639515906572342,0.18070107698440552,0.26090070605278015,0.29000000000000004,-0.16491103172302246,0.01351672038435936,-0.27528223395347595,-0.07746005058288574,0.07404832541942596,0.43148407340049744,0.06936631351709366,-0.23508846759796143,-0.5137088894844055,1.0909123420715332,0.360815167427063,1.6300000000000001,0.3789425790309906,-1.1654855012893677,-0.13855046033859253,0.10489488393068314,-0.008164404891431332
1.475903034210205,-0.025443144142627716,0.6862627863883972,-0.009058380499482155,-0.031897202134132385,0.006874994374811649,-0.9994263648986816,-0.17134256660938263,0.18069416284561157,0.2519552707672119,0.29000000000000004,-0.16442644596099854,0.010341169312596321,-0.2767881751060486,-0.07900271564722061,0.06956085562705994,0.43722277879714966,0.06889136135578156,-0.23860269784927368,-0.48639124631881714,1.0533404350280762,0.39357757568359375,1.6300000000000001,0.35007354617118835,-1.1759753227233887,-0.1452612429857254,0.15465939044952393,-0.07299809902906418
1.4756882190704346,-0.025213075801730156,0.68601393699646,-0.009282847866415977,-0.031439900398254395,0.00390804884955287,-0.9994548559188843,-0.17817287147045135,0.1801062524318695,0.24268701672554016,0.29000000000000004,-0.1636449694633484,0.006822681054472923,-0.27743062376976013,-0.08116189390420914,0.06429275125265121,0.4429977238178253,0.0678204819560051,-0.24259349703788757,-0.4579693377017975,1.0127822160720825,0.42796042561531067,1.6300000000000001,0.31849247217178345,-1.1831961870193481,-0.15825913846492767,0.1998327225446701,-0.13438434898853302
1.4756333827972412,-0.024764569476246834,0.6858001947402954,-0.009558233432471752,-0.03079909272491932,0.000710075197275728,-0.9994795918464661,-0.18403948843479156,0.1788160651922226,0.2333938479423523,0.29000000000000004,-0.16255633533000946,0.003303268924355507,-0.27719730138778687,-0.08396811038255692,0.058204878121614456,0.448740154504776,0.0658581480383873,-0.24702484905719757,-0.4290505051612854,0.9686776399612427,0.4634625315666199,1.6137616634368896,0.28632548451423645,-1.1867460012435913,-0.1776074469089508,0.23991459608078003,-0.14999999999999997
1.4757221937179565,-0.024097349494695663,0.685632586479187,-0.009871856309473515,-0.030055521056056023,-0.0026924442499876022,-0.9994957447052002,-0.18895670771598816,0.17682471871376038,0.22419211268424988,0.29000000000000004,-0.16114231944084167,2.0484110336838057e-06,-0.27625733613967896,-0.08736101537942886,0.05128057301044464,0.4543399214744568,0.06270022690296173,-0.2517814338207245,-0.40005508065223694,0.9206023812294006,0.4995177090167999,1.598296046257019,0.2552073001861572,-1.1869090795516968,-0.20338037610054016,0.2748236358165741,-0.14999999999999997
1.4759364128112793,-0.023205913603305817,0.6855171322822571,-0.010226174257695675,-0.02930029295384884,-0.006307167466729879,-0.9994984269142151,-0.19309116899967194,0.17410381138324738,0.21506330370903015,0.29000000000000004,-0.15937355160713196,-0.002951516769826412,-0.274933397769928,-0.0913323238492012,0.043437205255031586,0.4599618911743164,0.05780642107129097,-0.2569008469581604,-0.371232271194458,0.8681857585906982,0.5354499816894531,1.5866230726242065,0.22502434253692627,-1.1845979690551758,-0.23571893572807312,0.3048308193683624,-0.14999999999999997
1.4762464761734009,-0.02209230698645115,0.6854422688484192,-0.010691597126424313,-0.028628362342715263,-0.010091845877468586,-0.9994819760322571,-0.19657310843467712,0.17049351334571838,0.2061181664466858,0.29000000000000004,-0.15721525251865387,-0.005406288430094719,-0.2736508548259735,-0.0960061103105545,0.03498600423336029,0.4658083915710449,0.05154465138912201,-0.26237183809280396,-0.3425522446632385,0.8108621835708618,0.5708522796630859,1.5778058767318726,0.19500012695789337,-1.1810258626937866,-0.2744988799095154,0.3304794430732727,-0.14999999999999997
1.4766130447387695,-0.02078668214380741,0.68539959192276,-0.011295931413769722,-0.028037266805768013,-0.013930534943938255,-0.9994459748268127,-0.19935482740402222,0.16603712737560272,0.19760744273662567,0.29000000000000004,-0.1546926647424698,-0.0073356106877326965,-0.272458553314209,-0.10135999321937561,0.026373617351055145,0.4717153012752533,0.044848207384347916,-0.2679036855697632,-0.31383031606674194,0.7483846545219421,0.6060050129890442,1.5698680877685547,0.16574837267398834,-1.177639365196228,-0.31847238540649414,0.3527732789516449,-0.14999999999999997
1.4769914150238037,-0.019352514296770096,0.6854054927825928,-0.011894181370735168,-0.0274059996008873,-0.017688004299998283,-0.9993969798088074,-0.20115357637405396,0.16125081479549408,0.18980810046195984,0.29000000000000004,-0.15193580090999603,-0.00877578929066658,-0.27115488052368164,-0.10693129897117615,0.01873149536550045,0.4774191081523895,0.04123195633292198,-0.2719117999076843,-0.28469058871269226,0.6805749535560608,0.6419208645820618,1.5599256753921509,0.13925477862358093,-1.1754493713378906,-0.365559846162796,0.3724350333213806,-0.14999999999999997
1.4773446321487427,-0.01785430684685707,0.6854304075241089,-0.012627920135855675,-0.027013778686523438,-0.021288352087140083,-0.9993284940719604,-0.20253363251686096,0.15591055154800415,0.18275736272335052,0.29000000000000004,-0.14904415607452393,-0.009377513080835342,-0.2694489359855652,-0.11283155530691147,0.011211074888706207,0.48118793964385986,0.03745400905609131,-0.2759445309638977,-0.2546856999397278,0.6062366366386414,0.6786089539527893,1.5448365211486816,0.11665419489145279,-1.1717867851257324,-0.4160541892051697,0.3894290030002594,-0.14999999999999997
1.4776264429092407,-0.016355235129594803,0.6855021715164185,-0.0134319718927145,-0.02693052776157856,-0.024774909019470215,-0.9992398619651794,-0.20313864946365356,0.1501350700855255,0.17664286494255066,0.29000000000000004,-0.1460292637348175,-0.008393519558012486,-0.2682613432407379,-0.11881452798843384,0.00406005559489131,0.4841756224632263,0.034070536494255066,-0.2793026268482208,-0.2243792563676834,0.5248863697052002,0.7145949006080627,1.5228807926177979,0.09753528982400894,-1.1655758619308472,-0.466657429933548,0.40466776490211487,-0.14999999999999997
1.4777899980545044,-0.01489312294870615,0.6855679154396057,-0.014522843062877655,-0.027072735130786896,-0.028148895129561424,-0.999131441116333,-0.20280030369758606,0.14353804290294647,0.1713617742061615,0.29000000000000004,-0.14298798143863678,-0.005701650865375996,-0.2671642005443573,-0.1251954585313797,-0.0031815432012081146,0.48600316047668457,0.027654793113470078,-0.28397929668426514,-0.1943644881248474,0.43652936816215515,0.7483153343200684,1.4926199913024902,0.08270028233528137,-1.1559240818023682,-0.5135544538497925,0.4198344945907593,-0.14999999999999997
1.4778879880905151,-0.013485991396009922,0.6856778860092163,-0.015579760074615479,-0.0270833782851696,-0.031590353697538376,-0.999012291431427,-0.20104849338531494,0.13691236078739166,0.16677077114582062,0.29000000000000004,-0.13986735045909882,-0.001724144909530878,-0.2667973041534424,-0.13154934346675873,-0.010214788839221,0.48955830931663513,0.02273760922253132,-0.2874826490879059,-0.16553901135921478,0.34242135286331177,0.7791070938110352,1.4537774324417114,0.07365292310714722,-1.14174485206604,-0.5528351068496704,0.4363430142402649,-0.14999999999999997
1.4779338836669922,-0.012146946974098682,0.6857947707176208,-0.016581812873482704,-0.026798073202371597,-0.03519032895565033,-0.9988836050033569,-0.19817839562892914,0.13028059899806976,0.161609947681427,0.29000000000000004,-0.13690082728862762,0.0028382539749145508,-0.2671007215976715,-0.13777735829353333,-0.015874139964580536,0.49549156427383423,0.021223492920398712,-0.28962406516075134,-0.13853539526462555,0.24446089565753937,0.8062499165534973,1.407791018486023,0.07242541015148163,-1.1229028701782227,-0.5815333127975464,0.45565107464790344,-0.14999999999999997
1.4779026508331299,-0.010897750966250896,0.6858097314834595,-0.01794534921646118,-0.02622966282069683,-0.038868315517902374,-0.9987387657165527,-0.19527392089366913,0.12329891324043274,0.15694355964660645,0.29000000000000004,-0.13388314843177795,0.007190723903477192,-0.2656373381614685,-0.14481133222579956,-0.02264026552438736,0.499672532081604,0.019846787676215172,-0.2933015525341034,-0.11338316649198532,0.14520975947380066,0.8284143805503845,1.3574974536895752,0.08021505922079086,-1.0996917486190796,-0.5985159873962402,0.47872135043144226,-0.14999999999999997
1.477846622467041,-0.009789807721972466,0.6857553124427795,-0.01926092617213726,-0.025353943929076195,-0.04262847080826759,-0.9985834956169128,-0.1923876851797104,0.11685728281736374,0.151677668094635,0.29000000000000004,-0.13133902847766876,0.010818441398441792,-0.26328250765800476,-0.15158239006996155,-0.02945641614496708,0.5038074851036072,0.02018352970480919,-0.297062486410141,-0.08992744982242584,0.04819831997156143,0.8452218770980835,1.3067944049835205,0.0944318100810051,-1.071254014968872,-0.6043140292167664,0.5036081075668335,-0.14999999999999997
1.4777753353118896,-0.00883575901389122,0.6856587529182434,-0.020373370498418808,-0.02432934381067753,-0.046570561826229095,-0.998410701751709,-0.19079512357711792,0.11133088171482086,0.14523404836654663,0.29000000000000004,-0.1289927214384079,0.013208267278969288,-0.25995108485221863,-0.15771359205245972,-0.03674683719873428,0.5072177648544312,0.02165571041405201,-0.30057328939437866,-0.06791521608829498,-0.04391838610172272,0.8563123345375061,1.2582933902740479,0.11148177087306976,-1.0375969409942627,-0.6009376049041748,0.5278246402740479,-0.14999999999999997
1.4776955842971802,-0.008019264787435532,0.6855236887931824,-0.02117505855858326,-0.02330830506980419,-0.05095002427697182,-0.9982045292854309,-0.19148780405521393,0.10686387121677399,0.13676945865154266,0.29000000000000004,-0.12706902623176575,0.014137456193566322,-0.2555978298187256,-0.16307058930397034,-0.045126911252737045,0.50951087474823,0.024297798052430153,-0.30371347069740295,-0.04746314138174057,-0.1292690634727478,0.8617763519287109,1.212955117225647,0.12875252962112427,-0.9995782971382141,-0.5910452008247375,0.5495250225067139,-0.14999999999999997
1.477590560913086,-0.007297839038074017,0.6853398084640503,-0.021734390407800674,-0.022446978837251663,-0.0559554360806942,-0.997944176197052,-0.1947188675403595,0.10303395986557007,0.12598197162151337,0.29000000000000004,-0.12536422908306122,0.013950349763035774,-0.2505198121070862,-0.16792619228363037,-0.05459509789943695,0.5106973648071289,0.02883007936179638,-0.3064958453178406,-0.02874589152634144,-0.2066681981086731,0.8615916967391968,1.1704782247543335,0.1453837752342224,-0.9586228132247925,-0.5777082443237305,0.5683690905570984,-0.14999999999999997
1.4774476289749146,-0.006639913190156221,0.6851180195808411,-0.022119201719760895,-0.021795131266117096,-0.06161227077245712,-0.9976169466972351,-0.19993969798088074,0.09946082532405853,0.11317026615142822,0.29000000000000004,-0.12377545237541199,0.013337327167391777,-0.24465036392211914,-0.17244853079319,-0.0649300366640091,0.510400652885437,0.036129262298345566,-0.308707594871521,-0.011768328957259655,-0.27530035376548767,0.8559244871139526,1.1300029754638672,0.16143356263637543,-0.9158347249031067,-0.5637367963790894,0.5841413736343384,-0.14999999999999997
1.4772367477416992,-0.006045217160135508,0.6848782896995544,-0.02230141870677471,-0.021426433697342873,-0.06782742589712143,-0.99721759557724,-0.2068765014410019,0.09610526263713837,0.0986962616443634,0.29000000000000004,-0.12237372249364853,0.012725249864161015,-0.2381388247013092,-0.1764919012784958,-0.07598214596509933,0.5083192586898804,0.046102240681648254,-0.31008926033973694,0.0036724540404975414,-0.3354317247867584,0.8454864025115967,1.0900875329971313,0.17655107378959656,-0.8724598288536072,-0.5510419607162476,0.5963706970214844,-0.14999999999999997
1.4769326448440552,-0.005528816021978855,0.6846310496330261,-0.0222228541970253,-0.02138664573431015,-0.0744510367512703,-0.9967474937438965,-0.2154250293970108,0.09306773543357849,0.08290447294712067,0.29000000000000004,-0.12105467170476913,0.012344804592430592,-0.23132598400115967,-0.17982693016529083,-0.08767236769199371,0.5045506358146667,0.05793445557355881,-0.3105737864971161,0.017914090305566788,-0.38821884989738464,0.8314880728721619,1.0489678382873535,0.1898266077041626,-0.8296011090278625,-0.5405967831611633,0.6045442223548889,-0.14999999999999997
1.4765112400054932,-0.0050852177664637566,0.684345543384552,-0.022064214572310448,-0.021682387217879295,-0.0812215581536293,-0.9962158203125,-0.22536520659923553,0.08995670080184937,0.0664418488740921,0.29000000000000004,-0.11965390294790268,0.012204698286950588,-0.224055215716362,-0.18275333940982819,-0.10054267942905426,0.4985136091709137,0.06914427131414413,-0.311419814825058,0.03154771402478218,-0.4351860284805298,0.8151040077209473,1.0055867433547974,0.20087063312530518,-0.7877116203308105,-0.5330530405044556,0.6086220741271973,-0.14999999999999997
1.4760795831680298,-0.004678767174482346,0.6841028332710266,-0.021564984694123268,-0.022024797275662422,-0.08810856193304062,-0.9956337213516235,-0.2353050708770752,0.08739712089300156,0.049702238291502,0.29000000000000004,-0.11873028427362442,0.012323776260018349,-0.2174629122018814,-0.1848151683807373,-0.1126352846622467,0.49345633387565613,0.08214971423149109,-0.3106149733066559,0.04456323757767677,-0.4775172770023346,0.7979280352592468,0.959623396396637,0.20969077944755554,-0.7455198764801025,-0.5286194682121277,0.6082887053489685,-0.14999999999999997
1.4756498336791992,-0.004252749495208263,0.6838757395744324,-0.021015232428908348,-0.022360416129231453,-0.09492118656635284,-0.9950116276741028,-0.2450457066297531,0.08473198115825653,0.033192429691553116,0.29000000000000004,-0.11775874346494675,0.012587466277182102,-0.21071143448352814,-0.1866590678691864,-0.12427569925785065,0.4880264699459076,0.09676850587129593,-0.30895787477493286,0.05738900974392891,-0.5164817571640015,0.7803347110748291,0.91191166639328,0.21775463223457336,-0.7020086646080017,-0.5281366109848022,0.6042126417160034,-0.14999999999999997
1.475212812423706,-0.0037831803783774376,0.6835922002792358,-0.02067396230995655,-0.022703511640429497,-0.10146807879209518,-0.9943647980690002,-0.2543441355228424,0.08144249022006989,0.01747422106564045,0.29000000000000004,-0.11661337316036224,0.0127886813133955,-0.20330211520195007,-0.1887691617012024,-0.13588130474090576,0.48128145933151245,0.11112724989652634,-0.3082308769226074,0.07045137882232666,-0.5531294345855713,0.7623282670974731,0.8634567856788635,0.22643741965293884,-0.6561954617500305,-0.5321382880210876,0.5971314311027527,-0.14999999999999997
1.4748351573944092,-0.00325885321944952,0.6833576560020447,-0.020376795902848244,-0.02294989302754402,-0.10780519992113113,-0.9936981201171875,-0.2625114917755127,0.07793918997049332,0.0026173966471105814,0.29000000000000004,-0.11539063602685928,0.013391819782555103,-0.19646382331848145,-0.1909816861152649,-0.1470893919467926,0.47600239515304565,0.124447301030159,-0.30767232179641724,0.08364208787679672,-0.5880787372589111,0.7439340353012085,0.8147785663604736,0.2361549288034439,-0.6069265604019165,-0.5404053926467896,0.587319016456604,-0.14999999999999997
1.4745899438858032,-0.002560518216341734,0.6832190752029419,-0.019940804690122604,-0.023000400513410568,-0.11383036524057388,-0.9930336475372314,-0.26875588297843933,0.07461252808570862,-0.010999896563589573,0.29000000000000004,-0.11409768462181091,0.014203331433236599,-0.191069558262825,-0.19317790865898132,-0.16088315844535828,0.47444143891334534,0.12516459822654724,-0.30865663290023804,0.09716808795928955,-0.6219034194946289,0.7249115705490112,0.7660859227180481,0.24751530587673187,-0.553013801574707,-0.552567720413208,0.5746170282363892,-0.14999999999999997
1.4743692874908447,-0.0016804225742816925,0.6830846071243286,-0.019838687032461166,-0.023146377876400948,-0.11945859342813492,-0.9923709630966187,-0.2739337980747223,0.07033690065145493,-0.023183081299066544,0.29000000000000004,-0.11243386566638947,0.015403895638883114,-0.18626493215560913,-0.19626837968826294,-0.17296145856380463,0.47330158948898315,0.12742269039154053,-0.30990567803382874,0.1111161857843399,-0.6549186110496521,0.7042962908744812,0.7184492349624634,0.2612699270248413,-0.49433374404907227,-0.5686114430427551,0.5595300793647766,-0.14999999999999997
1.4741647243499756,-0.0006392356008291245,0.6829323172569275,-0.020078368484973907,-0.023449016734957695,-0.12500131130218506,-0.9916760921478271,-0.27820059657096863,0.06498949229717255,-0.034541964530944824,0.29000000000000004,-0.11041988432407379,0.017286594957113266,-0.1823177933692932,-0.2004314661026001,-0.18417492508888245,0.47325918078422546,0.13012568652629852,-0.31173402070999146,0.12463759630918503,-0.6869089007377625,0.6817969083786011,0.6722220182418823,0.27727341651916504,-0.43054085969924927,-0.5879067778587341,0.5416958332061768,-0.14999999999999997
1.4739707708358765,0.0004910884890705347,0.6827507615089417,-0.020523402839899063,-0.02397746965289116,-0.13052837550640106,-0.9909420609474182,-0.282308429479599,0.058929022401571274,-0.04556301236152649,0.29000000000000004,-0.1082029864192009,0.019547807052731514,-0.17929328978061676,-0.20528671145439148,-0.19480393826961517,0.4741505980491638,0.1330910474061966,-0.3139669597148895,0.1375494748353958,-0.7177611589431763,0.6572436690330505,0.6272020936012268,0.29534798860549927,-0.36163657903671265,-0.609629213809967,0.5206626653671265,-0.14999999999999997
1.4737950563430786,0.0016330010257661343,0.6825430989265442,-0.021058743819594383,-0.024713963270187378,-0.13591526448726654,-0.9901881814002991,-0.28648826479911804,0.05260692164301872,-0.05620750039815903,0.29000000000000004,-0.10592968016862869,0.021907584741711617,-0.1771654486656189,-0.21040265262126923,-0.20472446084022522,0.4757767617702484,0.1361808478832245,-0.31646913290023804,0.15013201534748077,-0.7474653124809265,0.6305823922157288,0.5829201340675354,0.31594768166542053,-0.288112998008728,-0.6329072117805481,0.4966040551662445,-0.14999999999999997
1.473644733428955,0.002734529320150614,0.6823163032531738,-0.02166583575308323,-0.025602994486689568,-0.14103198051452637,-0.989436686038971,-0.2905464470386505,0.04625481739640236,-0.06621227413415909,0.29000000000000004,-0.1037275493144989,0.024326296523213387,-0.1758427917957306,-0.2156025916337967,-0.21380829811096191,0.47799691557884216,0.1391497701406479,-0.3191690444946289,0.16252820193767548,-0.7759709358215332,0.6018795967102051,0.5395061373710632,0.3396817445755005,-0.21116021275520325,-0.6569116115570068,0.4706767797470093,-0.14999999999999997
1.4735279083251953,0.0037697621155530214,0.6820822358131409,-0.0223335400223732,-0.02658083662390709,-0.14579828083515167,-0.9887049794197083,-0.2942436933517456,0.040030207484960556,-0.07538354396820068,0.29000000000000004,-0.1016494408249855,0.02681913785636425,-0.17517536878585815,-0.22077952325344086,-0.22196172177791595,0.4806772470474243,0.14199472963809967,-0.32198670506477356,0.1746741533279419,-0.8031405806541443,0.5713700652122498,0.4974556267261505,0.3669062852859497,-0.13211652636528015,-0.6809595227241516,0.44415283203125,-0.14999999999999997
1.4734411239624023,0.004718468990176916,0.6818530559539795,-0.02301751635968685,-0.0276289414614439,-0.1501312106847763,-0.9880118370056152,-0.2975439727306366,0.03412674367427826,-0.08359133452177048,0.29000000000000004,-0.09974024444818497,0.029357630759477615,-0.17509688436985016,-0.22575494647026062,-0.22910931706428528,0.48357462882995605,0.14463265240192413,-0.3247671127319336,0.1865546703338623,-0.8289604783058167,0.5395604372024536,0.457053542137146,0.3976600170135498,-0.05229124054312706,-0.7044820785522461,0.4178263545036316,-0.14999999999999997
1.4733636379241943,0.0055532678961753845,0.681634247303009,-0.023645341396331787,-0.028823310509324074,-0.15394532680511475,-0.9873757362365723,-0.3007667660713196,0.02874467894434929,-0.09080220013856888,0.29000000000000004,-0.09804779291152954,0.031911082565784454,-0.17590710520744324,-0.2303159534931183,-0.23505812883377075,0.48656782507896423,0.14695802330970764,-0.327343612909317,0.19828997552394867,-0.85378098487854,0.5071372389793396,0.418369323015213,0.43172019720077515,0.02697056159377098,-0.7268069386482239,0.39200103282928467,-0.14999999999999997
1.4732784032821655,0.00624949112534523,0.6814256906509399,-0.02419300749897957,-0.030223239213228226,-0.1572284698486328,-0.9868030548095703,-0.3040933310985565,0.023948337882757187,-0.09704624116420746,0.29000000000000004,-0.09660527110099792,0.03456556424498558,-0.17788684368133545,-0.23440319299697876,-0.23970790207386017,0.4897357225418091,0.148907870054245,-0.3297067880630493,0.2099446952342987,-0.8778179883956909,0.4746554493904114,0.3816772699356079,0.4684070646762848,0.1045399084687233,-0.7471588850021362,0.36682114005088806,-0.14999999999999997
1.4731814861297607,0.006781024858355522,0.6812170743942261,-0.02468649111688137,-0.03182917833328247,-0.16010598838329315,-0.9862775206565857,-0.30749985575675964,0.01967092603445053,-0.1025388091802597,0.29000000000000004,-0.09550358355045319,0.03747408092021942,-0.18108303844928741,-0.23810480535030365,-0.24325697124004364,0.4933232069015503,0.1504668891429901,-0.3320542871952057,0.22132062911987305,-0.9008195400238037,0.4424986243247986,0.3474738299846649,0.5065533518791199,0.1795506626367569,-0.7646191716194153,0.3424660265445709,-0.14999999999999997
1.4730803966522217,0.0071248868480324745,0.6809942126274109,-0.02514377422630787,-0.03360838070511818,-0.16281598806381226,-0.9857631921768188,-0.3111298084259033,0.01578204706311226,-0.10778839141130447,0.29000000000000004,-0.09467243403196335,0.04071823135018349,-0.18546265363693237,-0.2415505200624466,-0.24629954993724823,0.4978570342063904,0.1510678231716156,-0.33487266302108765,0.23203851282596588,-0.9221507906913757,0.4108583331108093,0.31630799174308777,0.5447642803192139,0.2512870728969574,-0.7780307531356812,0.3189883232116699,-0.14999999999999997
1.4729974269866943,0.0072866203263401985,0.6807264685630798,-0.025533366948366165,-0.03549358621239662,-0.1656368374824524,-0.9852169752120972,-0.3154890239238739,0.01217587199062109,-0.11355453729629517,0.29000000000000004,-0.09417218714952469,0.04381744936108589,-0.19106599688529968,-0.244868665933609,-0.24971903860569,0.5042641162872314,0.14923611283302307,-0.33857977390289307,0.24177278578281403,-0.9411618709564209,0.37972569465637207,0.2886085510253906,0.5820298194885254,0.3192627429962158,-0.7861167192459106,0.29608041048049927,-0.14999999999999997
1.4729541540145874,0.00729654124006629,0.6803819537162781,-0.02588639222085476,-0.037402745336294174,-0.16870546340942383,-0.9846163392066956,-0.32099416851997375,0.008636144921183586,-0.12024741619825363,0.29000000000000004,-0.09400299191474915,0.04615493491292,-0.1976562738418579,-0.24826033413410187,-0.25385427474975586,0.5128903388977051,0.1449592560529709,-0.3435823917388916,0.25058797001838684,-0.9573960900306702,0.34908831119537354,0.264648973941803,0.618038535118103,0.3834508955478668,-0.7881247997283936,0.27289241552352905,-0.14999999999999997
1.4729607105255127,0.007201292552053928,0.6799420118331909,-0.026297904551029205,-0.03926984220743179,-0.17205992341041565,-0.9839520454406738,-0.3275090456008911,0.004868418909609318,-0.1278507560491562,0.29000000000000004,-0.09406490623950958,0.04756715148687363,-0.20482274889945984,-0.2520022392272949,-0.2585948407649994,0.5234894752502441,0.1392901986837387,-0.3498261570930481,0.2586246132850647,-0.9706000685691833,0.31926649808883667,0.24450168013572693,0.652599573135376,0.4441799521446228,-0.7843115329742432,0.24839957058429718,-0.14999999999999997
1.472994089126587,0.00704379566013813,0.6793957948684692,-0.02684227004647255,-0.04117191582918167,-0.17572391033172607,-0.9832117557525635,-0.334987610578537,0.0005693011335097253,-0.1362891048192978,0.29000000000000004,-0.09425043314695358,0.048292096704244614,-0.2126094400882721,-0.25635993480682373,-0.2636179029941559,0.5357970595359802,0.13334448635578156,-0.35712242126464844,0.26584070920944214,-0.9807469248771667,0.29087623953819275,0.22831572592258453,0.684670627117157,0.5016294717788696,-0.7757150530815125,0.22188785672187805,-0.14999999999999997
1.4730093479156494,0.00684747938066721,0.678725004196167,-0.027528606355190277,-0.043298590928316116,-0.17972466349601746,-0.9823779463768005,-0.3437919318675995,-0.004485981538891792,-0.14561843872070312,0.29000000000000004,-0.09449496865272522,0.0485774464905262,-0.2215203046798706,-0.2614820897579193,-0.26855266094207764,0.549744725227356,0.12785854935646057,-0.3653106987476349,0.272122323513031,-0.9879072904586792,0.26459237933158875,0.21630388498306274,0.7122193574905396,0.5558647513389587,-0.7634398937225342,0.19292756915092468,-0.14999999999999997
1.472970962524414,0.006620737724006176,0.6779078245162964,-0.028348950669169426,-0.04581623896956444,-0.18412314355373383,-0.981425404548645,-0.3543367385864258,-0.010488037019968033,-0.15599030256271362,0.29000000000000004,-0.0947699323296547,0.04859144613146782,-0.2320636510848999,-0.2674829959869385,-0.27318626642227173,0.5654489398002625,0.1231728345155716,-0.37435537576675415,0.2773253619670868,-0.9920945763587952,0.24098069965839386,0.20865274965763092,0.733185350894928,0.6070294380187988,-0.748393714427948,0.16139554977416992,-0.14999999999999997
1.4728872776031494,0.0063745067454874516,0.6769580841064453,-0.029254702851176262,-0.04870764538645744,-0.1890469193458557,-0.9803228974342346,-0.3663969337940216,-0.017433881759643555,-0.16756215691566467,0.29000000000000004,-0.09510184079408646,0.048604171723127365,-0.2445056289434433,-0.2743929922580719,-0.2769773304462433,0.5835407972335815,0.12075144797563553,-0.38345867395401,0.2812337577342987,-0.9934741258621216,0.2204425185918808,0.2050246149301529,0.746938943862915,0.6553165316581726,-0.7312304377555847,0.12765361368656158,-0.14999999999999997
1.4727075099945068,0.006099703721702099,0.6758230328559875,-0.030426453799009323,-0.05201037973165512,-0.19443044066429138,-0.9790638089179993,-0.37984633445739746,-0.025744175538420677,-0.18000051379203796,0.29000000000000004,-0.09539823979139328,0.048765987157821655,-0.25806447863578796,-0.2824399471282959,-0.2807624638080597,0.6024740934371948,0.11903118342161179,-0.39396852254867554,0.28400880098342896,-0.9925884008407593,0.20323671400547028,0.20487423241138458,0.7544988989830017,0.7009177207946777,-0.7130921483039856,0.09204187989234924,-0.14999999999999997
1.4724317789077759,0.005774406716227531,0.6745365858078003,-0.0318116657435894,-0.05564265325665474,-0.2002466470003128,-0.9776467084884644,-0.3941710293292999,-0.035193923860788345,-0.19310355186462402,0.29000000000000004,-0.09575778990983963,0.049405597150325775,-0.27289143204689026,-0.29148992896080017,-0.28394967317581177,0.6226400136947632,0.11901649087667465,-0.4050671458244324,0.28576210141181946,-0.9900165796279907,0.1895267516374588,0.20683574676513672,0.75699383020401,0.7438825368881226,-0.6945614218711853,0.05526428297162056,-0.14999999999999997
1.4720431566238403,0.005366655997931957,0.6731060743331909,-0.03339583799242973,-0.05953497439622879,-0.20642311871051788,-0.9760786890983582,-0.409049928188324,-0.04563290625810623,-0.20663991570472717,0.29000000000000004,-0.09617297351360321,0.05067386105656624,-0.2887951731681824,-0.30136680603027344,-0.28634917736053467,0.6437426805496216,0.12086191028356552,-0.4166129529476166,0.28666600584983826,-0.9861125946044922,0.1792662888765335,0.20976442098617554,0.755156934261322,0.7845059633255005,-0.6762077808380127,0.017867470160126686,-0.14999999999999997
1.4715580940246582,0.00484457379207015,0.6715736389160156,-0.03507785499095917,-0.06353361159563065,-0.21293365955352783,-0.974367618560791,-0.424052894115448,-0.056668397039175034,-0.22054217755794525,0.29000000000000004,-0.09680891036987305,0.052644308656454086,-0.30596789717674255,-0.31179141998291016,-0.2872864603996277,0.6665293574333191,0.12533386051654816,-0.4276158809661865,0.28679853677749634,-0.9809790253639221,0.17217937111854553,0.212962806224823,0.7491468191146851,0.823268711566925,-0.6583032608032227,-0.019586434587836266,-0.14999999999999997
1.4710193872451782,0.004180198535323143,0.6699886322021484,-0.036718424409627914,-0.06743121147155762,-0.21973109245300293,-0.9725342988967896,-0.4388049840927124,-0.06,-0.23479771614074707,0.29000000000000004,-0.09776191413402557,0.055101633071899414,-0.32437941431999207,-0.32236403226852417,-0.28638744354248047,0.6916486024856567,0.13271334767341614,-0.4370771050453186,0.28631216287612915,-0.9747511744499207,0.16786998510360718,0.21626242995262146,0.7392910122871399,0.8608251810073853,-0.6409850716590881,-0.056662071496248245,-0.14999999999999997
1.4704645872116089,0.0033432496711611748,0.6683833003044128,-0.03820909187197685,-0.07109160721302032,-0.22666946053504944,-0.9706220030784607,-0.4531949460506439,-0.06,-0.24926351010799408,0.29000000000000004,-0.09913038462400436,0.05771443247795105,-0.3439233601093292,-0.33271729946136475,-0.28379982709884644,0.7192538380622864,0.14190316200256348,-0.4446195065975189,0.2855795919895172,-0.9678810238838196,0.16596712172031403,0.21995896100997925,0.7265809178352356,0.8978413343429565,-0.6243816018104553,-0.09315024316310883,-0.14999999999999997
1.4698905944824219,0.0022968046832829714,0.6667686700820923,-0.0395064651966095,-0.07455994188785553,-0.23342649638652802,-0.9687063097953796,-0.46740779280662537,-0.06,-0.2634374499320984,0.29000000000000004,-0.10096180438995361,0.060251809656620026,-0.36486539244651794,-0.34258833527565,-0.2797113358974457,0.7491682767868042,0.1507713794708252,-0.45171332359313965,0.2852666676044464,-0.961237370967865,0.16621433198451996,0.22462202608585358,0.7125856876373291,0.9348768591880798,-0.6086295247077942,-0.1291615217924118,-0.14999999999999997
1.469208836555481,0.001031029736623168,0.6651024222373962,-0.04079177975654602,-0.07812430709600449,-0.23942363262176514,-0.9669069051742554,-0.48187166452407837,-0.06,-0.2761091887950897,0.29000000000000004,-0.10310351848602295,0.06273254752159119,-0.3873334228992462,-0.35236114263534546,-0.2759074568748474,0.7793785333633423,0.1539061963558197,-0.4597001075744629,0.2862984240055084,-0.9557974338531494,0.16849492490291595,0.23105625808238983,0.6988316774368286,0.9724790453910828,-0.5939465165138245,-0.16525472700595856,-0.14999999999999997
1.468375325202942,-0.0004682876169681549,0.6634010076522827,-0.042172063142061234,-0.0819253996014595,-0.24439619481563568,-0.9652875661849976,-0.49623745679855347,-0.06,-0.2865532636642456,0.29000000000000004,-0.10545593500137329,0.06575056165456772,-0.4122046232223511,-0.36174535751342773,-0.26971274614334106,0.8095335960388184,0.15516190230846405,-0.46715742349624634,0.2886771261692047,-0.9521124958992004,0.17287591099739075,0.2393268644809723,0.685947597026825,1.0109196901321411,-0.5800789594650269,-0.20164954662322998,-0.14999999999999997
1.4674030542373657,-0.0022124447859823704,0.6616805791854858,-0.04377696290612221,-0.08587206155061722,-0.24855150282382965,-0.9638109803199768,-0.5097500085830688,-0.06,-0.2948947548866272,0.29000000000000004,-0.10800567269325256,0.06991936266422272,-0.43914586305618286,-0.370670348405838,-0.2601369321346283,0.8395664691925049,0.15788911283016205,-0.4737880229949951,0.2915405333042145,-0.9501803517341614,0.1791994422674179,0.2486296147108078,0.6740396022796631,1.050309658050537,-0.5662043690681458,-0.23830299079418182,-0.14999999999999997
1.466314673423767,-0.0042141941376030445,0.6599348187446594,-0.04571382701396942,-0.08983819931745529,-0.252057820558548,-0.9624479413032532,-0.5219913721084595,-0.06,-0.30131781101226807,0.29000000000000004,-0.11076860129833221,0.07536742091178894,-0.46740517020225525,-0.37912288308143616,-0.24745680391788483,0.8690905570983887,0.1626436710357666,-0.47994691133499146,0.2945774495601654,-0.950089156627655,0.1867365539073944,0.2578597068786621,0.6633822917938232,1.0905996561050415,-0.551033079624176,-0.27535349130630493,-0.14999999999999997
1.4651364088058472,-0.006471340078860521,0.6581467986106873,-0.04805180802941322,-0.09369052946567535,-0.25490620732307434,-0.9612157940864563,-0.5329002141952515,-0.06,-0.3058133125305176,0.29000000000000004,-0.11374212056398392,0.08170434087514877,-0.49568188190460205,-0.3869255781173706,-0.23261532187461853,0.8967698216438293,0.1688535213470459,-0.48651447892189026,0.29815754294395447,-0.9518824219703674,0.1942760944366455,0.2662452161312103,0.6538925170898438,1.1314332485198975,-0.5334467887878418,-0.3125845193862915,-0.14999999999999997
1.4638817310333252,-0.008918733336031437,0.6562843322753906,-0.05086532235145569,-0.09730997681617737,-0.2570706903934479,-0.9601343870162964,-0.5426774621009827,-0.06,-0.30837464332580566,0.29000000000000004,-0.11681992560625076,0.08821243792772293,-0.5225637555122375,-0.3949335217475891,-0.21933062374591827,0.9217404723167419,0.16967080533504486,-0.49594491720199585,0.3026691973209381,-0.9553346037864685,0.20044812560081482,0.27355486154556274,0.6449974179267883,1.1720507144927979,-0.5129815936088562,-0.34924185276031494,-0.14999999999999997
1.4625104665756226,-0.011485634371638298,0.6543027758598328,-0.05414619296789169,-0.10083379596471786,-0.2582623064517975,-0.9592710733413696,-0.5523079037666321,-0.06,-0.30865177512168884,0.29000000000000004,-0.1198386549949646,0.09404391050338745,-0.5480759739875793,-0.4035128057003021,-0.20887435972690582,0.9427211880683899,0.16214777529239655,-0.5063952803611755,0.3088952898979187,-0.9606202244758606,0.20416563749313354,0.2799057066440582,0.6366257071495056,1.2115811109542847,-0.48936915397644043,-0.385100394487381,-0.14999999999999997
1.4609870910644531,-0.014168400317430496,0.652177631855011,-0.0578109472990036,-0.10434374958276749,-0.2585083842277527,-0.9586154222488403,-0.5624405145645142,-0.06,-0.3068609833717346,0.29000000000000004,-0.1227978989481926,0.09895981848239899,-0.5721815824508667,-0.4116285443305969,-0.19875983893871307,0.959455668926239,0.1522901952266693,-0.521488606929779,0.31672438979148865,-0.967589795589447,0.2048889696598053,0.28497591614723206,0.6289291977882385,1.2494367361068726,-0.46252524852752686,-0.41962531208992004,-0.14999999999999997
1.4592742919921875,-0.01703391782939434,0.6498829126358032,-0.06177902594208717,-0.10786277800798416,-0.2580599784851074,-0.9580990672111511,-0.5734547972679138,-0.06,-0.30358970165252686,0.29000000000000004,-0.1259131282567978,0.10318589210510254,-0.5943284630775452,-0.4172482490539551,-0.18465130031108856,0.9702228307723999,0.15165770053863525,-0.5386531949043274,0.3256271481513977,-0.975818395614624,0.20222976803779602,0.2880627512931824,0.6219488382339478,1.2854682207107544,-0.4321974515914917,-0.4517472982406616,-0.14999999999999997
1.4573556184768677,-0.020026344805955887,0.647369384765625,-0.06618238985538483,-0.11127587407827377,-0.2573569416999817,-0.9576037526130676,-0.5850332975387573,-0.06,-0.29944124817848206,0.29000000000000004,-0.129011332988739,0.1068587377667427,-0.6142696738243103,-0.42209911346435547,-0.16967475414276123,0.976648211479187,0.15385353565216064,-0.5601189136505127,0.33490827679634094,-0.984286904335022,0.19549523293972015,0.28882917761802673,0.6147855520248413,1.319947361946106,-0.39821121096611023,-0.4800543785095215,-0.14999999999999997
1.4557037353515625,-0.022908171638846397,0.6451146006584167,-0.07017336040735245,-0.11356188356876373,-0.25700172781944275,-0.9571464657783508,-0.5944187641143799,-0.06,-0.29406651854515076,0.29000000000000004,-0.13164381682872772,0.10968067497015,-0.6393187642097473,-0.429326593875885,-0.15580032765865326,0.9963683485984802,0.14595670998096466,-0.5716655254364014,0.3438921868801117,-0.99192214012146,0.18429630994796753,0.285840779542923,0.6057078838348389,1.3518894910812378,-0.3611554205417633,-0.5009417533874512,-0.14999999999999997
1.4543334245681763,-0.025752786546945572,0.6431118845939636,-0.07333057373762131,-0.11481975018978119,-0.2562483251094818,-0.9569617509841919,-0.6033546328544617,-0.06,-0.28621938824653625,0.29000000000000004,-0.13413268327713013,0.11013413220643997,-0.6634352803230286,-0.433087021112442,-0.13872618973255157,1.0187312364578247,0.14351768791675568,-0.5793978571891785,0.3544003665447235,-1.0004022121429443,0.16941611468791962,0.280750036239624,0.5973511934280396,1.3823719024658203,-0.32200589776039124,-0.5164450407028198,-0.14999999999999997
1.4529918432235718,-0.028454432263970375,0.64115971326828,-0.0762307345867157,-0.1157473474740982,-0.2551578879356384,-0.9569147229194641,-0.6127336025238037,-0.06,-0.2750959098339081,0.29809799790382385,-0.13589952886104584,0.10927887260913849,-0.6857532262802124,-0.4361901581287384,-0.12351028621196747,1.039344072341919,0.13898560404777527,-0.586281955242157,0.3656313419342041,-1.0102983713150024,0.15222543478012085,0.2768007814884186,0.5899572372436523,1.4133394956588745,-0.2829605042934418,-0.5301140546798706,-0.14999999999999997
1.4515737295150757,-0.03100881725549698,0.6392323970794678,-0.07896874845027924,-0.11679033190011978,-0.25364601612091064,-0.9569678902626038,-0.6228035688400269,-0.06,-0.26089951395988464,0.30910083651542664,-0.13644114136695862,0.10825541615486145,-0.7086457014083862,-0.43822428584098816,-0.10699160397052765,1.0591177940368652,0.13524919748306274,-0.5900000000000001,0.3770350515842438,-1.021588683128357,0.13424941897392273,0.2755201458930969,0.5816002488136292,1.4455910921096802,-0.24582502245903015,-0.5432490110397339,-0.14999999999999997
1.4501005411148071,-0.03336075693368912,0.6372921466827393,-0.08162588626146317,-0.117896668612957,-0.2519306242465973,-0.9570624232292175,-0.6335734128952026,-0.06,-0.24437084794044495,0.3206506669521332,-0.1355041265487671,0.10763057321310043,-0.7317503094673157,-0.4398593604564667,-0.0900525227189064,1.0782732963562012,0.13153371214866638,-0.5900000000000001,0.38763847947120667,-1.0332142114639282,0.11628834903240204,0.27748316526412964,0.5695899128913879,1.4796953201293945,-0.21195344626903534,-0.5554836392402649,-0.14999999999999997
1.4486104249954224,-0.03549760952591896,0.6353497505187988,-0.08420965820550919,-0.11892839521169662,-0.2502184808254242,-0.9571599960327148,-0.6449997425079346,-0.06,-0.22839096188545227,0.3351742625236511,-0.13374748826026917,0.10493836551904678,-0.7542943358421326,-0.44122979044914246,-0.07307519763708115,1.0967817306518555,0.12839742004871368,-0.5900000000000001,0.39701157808303833,-1.0443286895751953,0.0985526591539383,0.2824934124946594,0.5528563261032104,1.515792727470398,-0.18163292109966278,-0.5662636160850525,-0.14999999999999997
1.4472037553787231,-0.037416521459817886,0.6334623098373413,-0.0866071805357933,-0.11968709528446198,-0.2482844442129135,-0.9573551416397095,-0.6564949750900269,-0.06,-0.21389155089855194,0.352003812789917,-0.13191857933998108,0.10029630362987518,-0.7752047777175903,-0.44187691807746887,-0.05659274384379387,1.1140806674957275,0.12554877996444702,-0.5900000000000001,0.4060610830783844,-1.0548279285430908,0.0813673585653305,0.28899216651916504,0.5333125591278076,1.553605318069458,-0.15415407717227936,-0.5747087001800537,-0.14960257709026337
1.4459856748580933,-0.0391155444085598,0.6316919326782227,-0.08862493932247162,-0.12004314363002777,-0.24596770107746124,-0.9577239155769348,-0.667879045009613,-0.06,-0.20043642818927765,0.3709554970264435,-0.12997761368751526,0.09382939338684082,-0.7933939099311829,-0.44125422835350037,-0.04132851958274841,1.1295511722564697,0.1228509396314621,-0.5900000000000001,0.4154888093471527,-1.0646390914916992,0.06513458490371704,0.2955377399921417,0.5125859379768372,1.592085838317871,-0.12916861474514008,-0.5799394249916077,-0.14759905636310577
1.4450064897537231,-0.04059009626507759,0.6300654411315918,-0.09015240520238876,-0.12002802640199661,-0.24337871372699738,-0.9582445025444031,-0.6791692972183228,-0.06,-0.18767763674259186,0.3918735682964325,-0.1277243047952652,0.08565720915794373,-0.8084182739257812,-0.4393899738788605,-0.027991821989417076,1.1429797410964966,0.12019606679677963,-0.5900000000000001,0.4252246022224426,-1.073431372642517,0.05012962967157364,0.30156227946281433,0.49109846353530884,1.6300790309906006,-0.10673559457063675,-0.5817092657089233,-0.14445020258426666
1.4442367553710938,-0.0418517030775547,0.628545880317688,-0.0912351980805397,-0.11982705444097519,-0.2407260239124298,-0.9588370323181152,-0.6904691457748413,-0.06,-0.1755525916814804,0.41398465633392334,-0.12509487569332123,0.0763881653547287,-0.8209522366523743,-0.436708927154541,-0.016523735597729683,1.1547977924346924,0.11760875582695007,-0.5900000000000001,0.43492260575294495,-1.0808368921279907,0.03645801544189453,0.30673748254776,0.46908196806907654,1.6667498350143433,-0.08676501363515854,-0.580166757106781,-0.14013271033763885
1.443627953529358,-0.04291601479053497,0.6270849704742432,-0.09201715886592865,-0.1196221187710762,-0.23810389637947083,-0.9594424366950989,-0.7017852663993835,-0.06,-0.16383112967014313,0.4364442229270935,-0.12219209223985672,0.06660043448209763,-0.8320668935775757,-0.4335595965385437,-0.006118360441178083,1.1656125783920288,0.11536716669797897,-0.5900000000000001,0.4444985091686249,-1.0866392850875854,0.03,0.3104982376098633,0.4476085901260376,1.7016632556915283,-0.06850433349609375,-0.575789749622345,-0.13566692173480988
1.4431397914886475,-0.043780069798231125,0.6256675124168396,-0.09267167747020721,-0.11953084170818329,-0.23553135991096497,-0.9600256681442261,-0.7128233909606934,-0.06,-0.152299702167511,0.45827868580818176,-0.11911772936582565,0.05683914199471474,-0.8425639271736145,-0.43028438091278076,0.003973937127739191,1.1757794618606567,0.11362078040838242,-0.5900000000000001,0.4539041221141815,-1.0905797481536865,0.03,0.31266239285469055,0.42768698930740356,1.7343871593475342,-0.05127811059355736,-0.5692234635353088,-0.13176321983337402
1.4427446126937866,-0.0444493405520916,0.624306321144104,-0.09331962466239929,-0.11963647603988647,-0.23302125930786133,-0.960561990737915,-0.7232975959777832,-0.06,-0.14082801342010498,0.4786413609981537,-0.11587703227996826,0.047569986432790756,-0.8529160022735596,-0.42717117071151733,0.014055085368454456,1.185382604598999,0.11225361377000809,-0.5900000000000001,0.4629741609096527,-1.092461347579956,0.03,0.3138430118560791,0.4095121920108795,1.7643667459487915,-0.03496512025594711,-0.5612247586250305,-0.12817992269992828
1.442417025566101,-0.044946979731321335,0.6230159401893616,-0.09402718394994736,-0.11999359726905823,-0.23055317997932434,-0.9610440135002136,-0.7330541610717773,-0.06,-0.1293511837720871,0.4969816505908966,-0.11258568614721298,0.039112161844968796,-0.8634567856788635,-0.4242643117904663,0.024423422291874886,1.194448471069336,0.11126718670129776,-0.5900000000000001,0.47160086035728455,-1.0922622680664062,0.03,0.31523755192756653,0.39252540469169617,1.7912474870681763,-0.03,-0.5525836944580078,-0.12445845454931259
1.442153811454773,-0.04529082775115967,0.621807336807251,-0.09485845267772675,-0.12055563181638718,-0.228107288479805,-0.9614755511283875,-0.7418402433395386,-0.06,-0.11795464903116226,0.5130397081375122,-0.10946923494338989,0.03156772255897522,-0.874148964881897,-0.42161473631858826,0.03523237258195877,1.2029967308044434,0.11072132736444473,-0.5900000000000001,0.4797360897064209,-1.0899617671966553,0.03,0.3177987039089203,0.37589752674102783,1.815064549446106,-0.03,-0.5437713861465454,-0.12040966004133224
1.4419599771499634,-0.045496921986341476,0.6206855773925781,-0.09585381299257278,-0.12121683359146118,-0.22569458186626434,-0.9618629217147827,-0.7494667172431946,-0.06,-0.10688472539186478,0.5270182490348816,-0.10667784512042999,0.02475704997777939,-0.8847070336341858,-0.41931772232055664,0.046385399997234344,1.2110450267791748,0.11058663576841354,-0.5900000000000001,0.4873546063899994,-1.0856053829193115,0.03,0.32207196950912476,0.3588753044605255,1.8360650539398193,-0.03,-0.534852921962738,-0.11610695719718933
1.4418379068374634,-0.045595694333314896,0.6196181774139404,-0.09695837646722794,-0.12191758304834366,-0.22330519556999207,-0.9622212648391724,-0.756256639957428,-0.06,-0.09634371846914291,0.5396699905395508,-0.10429012030363083,0.018347594887018204,-0.8950087428092957,-0.41723719239234924,0.05772736668586731,1.2187483310699463,0.11077707260847092,-0.5900000000000001,0.4945071041584015,-1.0795096158981323,0.03,0.32839640974998474,0.34076833724975586,1.8545575141906738,-0.03,-0.5257428288459778,-0.11191649734973907
1.441780686378479,-0.04562821984291077,0.6185416579246521,-0.09805984050035477,-0.12265119701623917,-0.22096294164657593,-0.9625571370124817,-0.7629063129425049,-0.06,-0.08663485944271088,0.5522087216377258,-0.10237934440374374,0.01177214365452528,-0.9051271080970764,-0.4151639938354492,0.06902167201042175,1.2264087200164795,0.1111634224653244,-0.5900000000000001,0.5011521577835083,-1.0721940994262695,0.03,0.3369303047657013,0.3210819959640503,1.8709168434143066,-0.03,-0.5164512991905212,-0.10846523940563202
1.4417812824249268,-0.045638371258974075,0.6173885464668274,-0.09904368221759796,-0.1234256699681282,-0.2187494933605194,-0.9628629088401794,-0.7701269388198853,-0.06,-0.07823988795280457,0.5655907988548279,-0.10086513310670853,0.00475175678730011,-0.915119469165802,-0.4129543900489807,0.07993901520967484,1.2343409061431885,0.1116383895277977,-0.5900000000000001,0.5071147084236145,-1.064205288887024,0.03,0.34758317470550537,0.29965740442276,1.8855366706848145,-0.03,-0.5071454644203186,-0.10638616234064102
1.4418306350708008,-0.045660149306058884,0.6161069273948669,-0.09982732683420181,-0.12423285096883774,-0.21678179502487183,-0.9631232023239136,-0.7783275246620178,-0.06,-0.07177767157554626,0.5803084969520569,-0.10000552237033844,-0.002888853894546628,-0.9249640107154846,-0.4106006920337677,0.09011766314506531,1.2428079843521118,0.11212008446455002,-0.5900000000000001,0.5121645331382751,-1.0559570789337158,0.03,0.3600168824195862,0.2765927016735077,1.898788332939148,-0.03,-0.4981531500816345,-0.1059943437576294
1.4419163465499878,-0.04571887105703354,0.6146771311759949,-0.10037794709205627,-0.12506026029586792,-0.2151542454957962,-0.9633238315582275,-0.7876484394073486,-0.06,-0.06760979443788528,0.5964513421058655,-0.09969399124383926,-0.011061858385801315,-0.9346088171005249,-0.4081716239452362,0.09930147975683212,1.251908540725708,0.11255570501089096,-0.5900000000000001,0.5161721110343933,-1.0477149486541748,0.03,0.37378451228141785,0.252210795879364,1.9109718799591064,-0.03,-0.4899630844593048,-0.10712434351444244
1.4420267343521118,-0.04583115130662918,0.6131009459495544,-0.10068603605031967,-0.12589432299137115,-0.21389563381671906,-0.963463306427002,-0.7980139255523682,-0.06,-0.06565346568822861,0.6138153672218323,-0.09991531074047089,-0.019639482721686363,-0.9440003633499146,-0.4057029187679291,0.10736509412527084,1.2616198062896729,0.1128934994339943,-0.5900000000000001,0.5192173719406128,-1.0396672487258911,0.03,0.38853466510772705,0.2270769625902176,1.9222639799118042,-0.03,-0.4831715524196625,-0.1090087890625
1.4421515464782715,-0.046009063720703125,0.6114045977592468,-0.10075464099645615,-0.1267189383506775,-0.21297354996204376,-0.9635522961616516,-0.8092057108879089,-0.06,-0.06573612242937088,0.6320187449455261,-0.1006510853767395,-0.02838726155459881,-0.9530549645423889,-0.40318459272384644,0.1142500787973404,1.2717833518981934,0.11306905001401901,-0.5900000000000001,0.5215659141540527,-1.0319310426712036,0.03,0.4040846526622772,0.20195968449115753,1.9327527284622192,-0.03,-0.47834816575050354,-0.11050616204738617
1.442277431488037,-0.04625922068953514,0.6096157431602478,-0.10063082724809647,-0.12753447890281677,-0.21244779229164124,-0.963573694229126,-0.8209282159805298,-0.06,-0.06712045520544052,0.6505290269851685,-0.10175997763872147,-0.036972399801015854,-0.9617507457733154,-0.4007989168167114,0.11993283033370972,1.2822954654693604,0.11310332268476486,-0.5900000000000001,0.5233307480812073,-1.0245575904846191,0.03,0.42048943042755127,0.1776784509420395,1.942480444908142,-0.03,-0.47599896788597107,-0.11033666878938675
1.4423831701278687,-0.04657040908932686,0.6077689528465271,-0.1003948524594307,-0.1283596009016037,-0.21232450008392334,-0.9635158777236938,-0.8328800797462463,-0.06,-0.0694684311747551,0.6687703132629395,-0.10298994928598404,-0.04508926346898079,-0.9702063798904419,-0.39872682094573975,0.12460767477750778,1.2930266857147217,0.11302826553583145,-0.5900000000000001,0.5247876048088074,-1.0175431966781616,0.03,0.43787652254104614,0.15502674877643585,1.9514825344085693,-0.03,-0.4763779640197754,-0.10727301985025406
1.4424527883529663,-0.046923693269491196,0.6058939695358276,-0.10011844336986542,-0.1292102187871933,-0.21254900097846985,-0.9633814096450806,-0.8447969555854797,-0.06,-0.07240855693817139,0.6863127946853638,-0.10429641604423523,-0.05256190523505211,-0.9785642027854919,-0.3970376253128052,0.12858463823795319,1.3038547039031982,0.11289754509925842,-0.5900000000000001,0.5263053178787231,-1.010886788368225,0.03,0.45632755756378174,0.13457143306732178,1.9597591161727905,-0.03,-0.47935453057289124,-0.10035143047571182
1.4424843788146973,-0.04728854447603226,0.604002058506012,-0.099847212433815,-0.13007546961307526,-0.21302475035190582,-0.963188111782074,-0.8565655946731567,-0.06,-0.07566312700510025,0.7031669020652771,-0.10561658442020416,-0.05947684124112129,-0.9869059920310974,-0.39569732546806335,0.1322021186351776,1.314742922782898,0.11280211061239243,-0.5900000000000001,0.5282619595527649,-1.0046114921569824,0.03,0.4757855534553528,0.11662595719099045,1.967302918434143,-0.03,-0.4844067394733429,-0.08901429921388626
1.4424892663955688,-0.04762198030948639,0.6021052598953247,-0.09962303191423416,-0.13090747594833374,-0.21365126967430115,-0.9629597663879395,-0.8680092692375183,-0.06,-0.07898171991109848,0.7194405198097229,-0.10688907653093338,-0.06601624935865402,-0.9951449036598206,-0.39467334747314453,0.13576330244541168,1.3256280422210693,0.11286823451519012,-0.5900000000000001,0.5309399962425232,-0.9986652135848999,0.03,0.49594610929489136,0.10131244361400604,1.9740965366363525,-0.03,-0.4907585382461548,-0.0731310322880745
1.4424819946289062,-0.04788365960121155,0.6002551913261414,-0.09950017929077148,-0.13165780901908875,-0.21436910331249237,-0.9627105593681335,-0.8787197470664978,-0.06,-0.08211280405521393,0.7348140478134155,-0.108023501932621,-0.07214435189962387,-1.0030443668365479,-0.39402973651885986,0.13942775130271912,1.3362430334091187,0.11321711540222168,-0.5900000000000001,0.5344508290290833,-0.9929444789886475,0.03,0.5162593126296997,0.08873648941516876,1.9799665212631226,-0.03,-0.49763384461402893,-0.0530545637011528
1.44247305393219,-0.0480477437376976,0.5985296964645386,-0.09950671344995499,-0.13230331242084503,-0.21513907611370087,-0.9624496698379517,-0.8882543444633484,-0.06,-0.08485688269138336,0.7487275004386902,-0.10893601179122925,-0.07768687605857849,-1.0103174448013306,-0.39381083846092224,0.1431858092546463,1.346171498298645,0.11390849202871323,-0.5900000000000001,0.5387388467788696,-0.9873810410499573,0.03,0.5361281037330627,0.07890896499156952,1.9844887256622314,-0.03,-0.5044621825218201,-0.0294533371925354
1.4424726963043213,-0.04810238257050514,0.5969994068145752,-0.09962775558233261,-0.13284066319465637,-0.21590253710746765,-0.9621921181678772,-0.8963332772254944,-0.06,-0.08708815276622772,0.7607758045196533,-0.10957835614681244,-0.08252430707216263,-1.0167124271392822,-0.3939563035964966,0.14692625403404236,1.35500168800354,0.11491535604000092,-0.5900000000000001,0.5436294078826904,-0.9819306135177612,0.03,0.5550233125686646,0.07173581421375275,1.9871538877487183,-0.03,-0.510890543460846,-0.003223939798772335
1.4424920082092285,-0.048046037554740906,0.5957178473472595,-0.09983543306589127,-0.13326972723007202,-0.2166038602590561,-0.9619535207748413,-0.9027932286262512,-0.06,-0.0887375921010971,0.7707111239433289,-0.10993526875972748,-0.08659735321998596,-1.0220178365707397,-0.39436590671539307,0.15052519738674164,1.362409234046936,0.1162179559469223,-0.5900000000000001,0.5488241910934448,-0.9765424728393555,0.03,0.5725547671318054,0.06723341345787048,1.9875987768173218,-0.03,-0.5167315602302551,0.024660568684339523
1.442541480064392,-0.047879643738269806,0.5947290658950806,-0.1001286655664444,-0.1335829794406891,-0.21723496913909912,-0.9617372751235962,-0.9074451923370361,-0.06,-0.08977845311164856,0.7782772779464722,-0.10999838262796402,-0.08983096480369568,-1.0260698795318604,-0.39510977268218994,0.1537853330373764,1.3681788444519043,0.11764100939035416,-0.5900000000000001,0.5538424849510193,-0.9710765480995178,0.03,0.5885554552078247,0.06556466221809387,1.985689401626587,-0.03,-0.5220450758934021,0.05325331166386604
1.4426329135894775,-0.04761630296707153,0.5940810441970825,-0.10051292926073074,-0.13378308713436127,-0.2177988439798355,-0.9615418314933777,-0.9100725650787354,-0.06,-0.09019459038972855,0.7830930352210999,-0.10977520793676376,-0.09206680208444595,-1.028694748878479,-0.39617806673049927,0.15662209689617157,1.3720660209655762,0.11925602704286575,-0.5900000000000001,0.5581533908843994,-0.9652852416038513,0.03,0.6031033396720886,0.06684073060750961,1.981381893157959,-0.03,-0.5271509885787964,0.08182583004236221
1.442784309387207,-0.04727207124233246,0.5938381552696228,-0.10099220275878906,-0.13385304808616638,-0.21830318868160248,-0.9613676071166992,-0.9103450775146484,-0.06,-0.08998262137174606,0.7846666574478149,-0.10928098112344742,-0.09310776740312576,-1.0295946598052979,-0.39765653014183044,0.15873846411705017,1.373739242553711,0.12093261629343033,-0.5900000000000001,0.5612406134605408,-0.9587979912757874,0.03,0.6163790225982666,0.07092421501874924,1.9746756553649902,-0.03,-0.5325012803077698,0.10999684780836105
1.4430233240127563,-0.04687270522117615,0.5940837264060974,-0.10153406113386154,-0.13375002145767212,-0.21872369945049286,-0.961229145526886,-0.9078435897827148,-0.06,-0.08917424827814102,0.7824267745018005,-0.1085735559463501,-0.09274786710739136,-1.028257131576538,-0.3995192348957062,0.15969491004943848,1.372719645500183,0.12255007028579712,-0.5900000000000001,0.5627401471138,-0.9512717127799988,0.03,0.6284441947937012,0.07736984640359879,1.965550184249878,-0.03,-0.538516104221344,0.13771598041057587
1.4433904886245728,-0.04644705727696419,0.594903290271759,-0.102082759141922,-0.1333872228860855,-0.21904399991035461,-0.9611486196517944,-0.9020841717720032,-0.06,-0.08787483721971512,0.7758472561836243,-0.10774227231740952,-0.0908208042383194,-1.0239440202713013,-0.4017620384693146,0.1588268280029297,1.3684730529785156,0.12389858067035675,-0.5900000000000001,0.5624183416366577,-0.9425058364868164,0.03,0.6391206979751587,0.08525045961141586,1.9540448188781738,-0.03,-0.5455360412597656,0.16502894461154938
1.4439373016357422,-0.046030256897211075,0.5963809490203857,-0.10255049914121628,-0.13263502717018127,-0.2192671149969101,-0.9611520171165466,-0.8925246596336365,-0.06,-0.08628930151462555,0.7644250392913818,-0.10690914839506149,-0.08717186748981476,-1.0156782865524292,-0.40433964133262634,0.15528737008571625,1.3604309558868408,0.12480998784303665,-0.5900000000000001,0.5602325201034546,-0.9325994253158569,0.03,0.6477320194244385,0.09308148175477982,1.9402141571044922,-0.03,-0.5539262890815735,0.19223789870738983
1.4447218179702759,-0.04566815868020058,0.5986148118972778,-0.10280923545360565,-0.13134531676769257,-0.2194356620311737,-0.9612629413604736,-0.878532886505127,-0.06,-0.08471918106079102,0.7474743127822876,-0.10621953755617142,-0.08153372257947922,-1.0022332668304443,-0.40716588497161865,0.14794591069221497,1.3478662967681885,0.12508316338062286,-0.5900000000000001,0.5563268065452576,-0.922130286693573,0.03,0.652891218662262,0.09901656210422516,1.9240355491638184,-0.03,-0.5644071698188782,0.2200871706008911
1.4457958936691284,-0.04540901631116867,0.6017124056816101,-0.1026904508471489,-0.1293928027153015,-0.21956034004688263,-0.9615119695663452,-0.8594570159912109,-0.06,-0.08340439200401306,0.7240998148918152,-0.105790875852108,-0.07352202385663986,-0.9823547601699829,-0.41002529859542847,0.13549639284610748,1.3298805952072144,0.12430421262979507,-0.5900000000000001,0.5511636137962341,-0.9122297167778015,0.03,0.6525527834892273,0.10094594955444336,1.905429720878601,-0.03,-0.5784149765968323,0.24971573054790497
1.4471802711486816,-0.04529854655265808,0.6057233810424805,-0.1020028367638588,-0.12674497067928314,-0.2195131927728653,-0.961948573589325,-0.8350343108177185,-0.06,-0.08233485370874405,0.6936687231063843,-0.10580265522003174,-0.06285111606121063,-0.9553895592689514,-0.4122081696987152,0.11725268512964249,1.3058031797409058,0.12235020101070404,-0.5900000000000001,0.545608639717102,-0.9046415686607361,0.03,0.6445281505584717,0.09684541076421738,1.8847323656082153,-0.03,-0.5980480313301086,0.28167396783828735
1.4488465785980225,-0.04535119980573654,0.61062091588974,-0.10062649846076965,-0.12342744320631027,-0.21905380487442017,-0.9626293778419495,-0.8052647709846497,-0.06,-0.08107069879770279,0.6558353304862976,-0.10628869384527206,-0.049316052347421646,-0.921448290348053,-0.4128066897392273,0.09342469274997711,1.2753170728683472,0.11910631507635117,-0.5900000000000001,0.5407359600067139,-0.9013627767562866,0.03,0.6265884637832642,0.08470603078603745,1.8629515171051025,-0.03,-0.6254055500030518,0.31598782539367676
1.4507249593734741,-0.04555698484182358,0.6163271069526672,-0.09851645678281784,-0.11957303434610367,-0.2179705798625946,-0.9635795950889587,-0.7702621817588806,-0.06,-0.07890679687261581,0.6100119352340698,-0.10718534886837006,-0.03250997141003609,-0.8814109563827515,-0.4109455943107605,0.0650034174323082,1.2383977174758911,0.1147284135222435,-0.5900000000000001,0.537578284740448,-0.9038162231445312,0.03,0.596802830696106,0.06264805793762207,1.840977430343628,-0.03,-0.6614418029785156,0.352370023727417
1.452750325202942,-0.045908935368061066,0.6226745247840881,-0.0955805629491806,-0.11543399095535278,-0.21612827479839325,-0.9647942185401917,-0.7306750416755676,-0.06,-0.07525337487459183,0.5560302138328552,-0.10847190767526627,-0.012121153995394707,-0.836776077747345,-0.40582117438316345,0.03313911333680153,1.1954352855682373,0.10920573770999908,-0.5900000000000001,0.5368785858154297,-0.9124173521995544,0.03,0.5547627210617065,0.029658224433660507,1.8191139698028564,-0.03,-0.7057111263275146,0.3896917998790741
1.4549115896224976,-0.04641534760594368,0.6293606162071228,-0.09158062189817429,-0.11120306700468063,-0.2135353982448578,-0.9662553668022156,-0.6880793571472168,-0.06,-0.07012511044740677,0.4956091344356537,-0.11029943823814392,0.011265656910836697,-0.7889933586120605,-0.3965247571468353,-0.001146133290603757,1.1474918127059937,0.10273842513561249,-0.5900000000000001,0.5388339161872864,-0.9269474744796753,0.03,0.5009124279022217,-0.013806371949613094,1.797253966331482,-0.03,-0.7562853097915649,0.42611163854599
1.4572842121124268,-0.04704391583800316,0.6360067129135132,-0.08626662939786911,-0.1067536398768425,-0.21054627001285553,-0.9679006934165955,-0.6445092558860779,-0.06,-0.06440669298171997,0.43281805515289307,-0.11290102452039719,0.03579919412732124,-0.7384120225906372,-0.38269898295402527,-0.03757673501968384,1.0961172580718994,0.09584840387105942,-0.5900000000000001,0.5426201820373535,-0.9467964768409729,0.03,0.4357787072658539,-0.06510452181100845,1.7751623392105103,-0.03,-0.8104292750358582,0.4601094126701355
1.4599720239639282,-0.04762130603194237,0.642259955406189,-0.07965420186519623,-0.10170739889144897,-0.20777884125709534,-0.9696074724197388,-0.601774275302887,-0.06,-0.06157469004392624,0.3728157579898834,-0.117057204246521,0.05870596691966057,-0.6845909357070923,-0.36510175466537476,-0.07626420259475708,1.0428829193115234,0.08877259492874146,-0.5865229964256287,0.5466810464859009,-0.9709265232086182,0.03,0.36017927527427673,-0.11915212869644165,1.7523503303527832,-0.03,-0.8664857745170593,0.4909746050834656
1.4629868268966675,-0.04787588119506836,0.6479906439781189,-0.07211174815893173,-0.0958329513669014,-0.20553864538669586,-0.9712722897529602,-0.5616430044174194,-0.06,-0.06786908209323883,0.3219813406467438,-0.12236538529396057,0.07539012283086777,-0.6277471780776978,-0.3447805643081665,-0.11585993319749832,0.9886259436607361,0.08258435130119324,-0.5661271810531616,0.5501070618629456,-0.998074471950531,0.03,0.2763334810733795,-0.14999999999999997,1.7281522750854492,-0.03,-0.9247327446937561,0.517778754234314
1.466209053993225,-0.047571733593940735,0.6532748937606812,-0.06422121077775955,-0.08933509886264801,-0.2035626918077469,-0.9728601574897766,-0.5257721543312073,-0.05116657540202141,-0.08555431663990021,0.29000000000000004,-0.1261267066001892,0.08205710351467133,-0.569525957107544,-0.32280635833740234,-0.15389980375766754,0.9332714676856995,0.07781447470188141,-0.5457757115364075,0.553209125995636,-1.027091383934021,0.03,0.1874578595161438,-0.14999999999999997,1.702147364616394,-0.03,-0.9854868054389954,0.5392479300498962
1.4694294929504395,-0.04656848683953285,0.6581817269325256,-0.05649944022297859,-0.08275464177131653,-0.20125985145568848,-0.974399209022522,-0.49440398812294006,-0.034250982105731964,-0.11332518607378006,0.29000000000000004,-0.12762127816677094,0.07965829968452454,-0.5127961039543152,-0.3001171946525574,-0.18740706145763397,0.8770838975906372,0.07465723901987076,-0.5246599316596985,0.5570858120918274,-1.05683171749115,0.03,0.09599847346544266,-0.14999999999999997,1.6736747026443481,-0.03,-1.047476887702942,0.5563340187072754
1.4725061655044556,-0.044877789914608,0.6627148389816284,-0.04907459020614624,-0.07655484974384308,-0.1980637013912201,-0.9759619235992432,-0.4670804440975189,-0.02079899050295353,-0.14752355217933655,0.29000000000000004,-0.1276627480983734,0.07268781214952469,-0.4596933126449585,-0.2770317494869232,-0.21455149352550507,0.8205152750015259,0.07309813797473907,-0.5023028254508972,0.5629410147666931,-1.086355209350586,0.03,0.0028250492177903652,-0.14999999999999997,1.6415388584136963,-0.03,-1.107553482055664,0.5727282166481018
1.475380778312683,-0.04259883239865303,0.6668168902397156,-0.041949499398469925,-0.07094627618789673,-0.19377195835113525,-0.9775781631469727,-0.4425771236419678,-0.009929273277521133,-0.18373581767082214,0.29000000000000004,-0.12899717688560486,0.06604935973882675,-0.4111996293067932,-0.25395336747169495,-0.23481406271457672,0.7644656300544739,0.0731789767742157,-0.4789886176586151,0.5712251663208008,-1.1152187585830688,0.03,-0.09150184690952301,-0.14999999999999997,1.6052647829055786,-0.03,-1.1625595092773438,0.5906204581260681
1.4780205488204956,-0.039840973913669586,0.6703934669494629,-0.035287532955408096,-0.06599381566047668,-0.18868973851203918,-0.9791810512542725,-0.41934308409690857,-0.0007688871119171381,-0.21763235330581665,0.29000000000000004,-0.13543683290481567,0.06110759451985359,-0.3676454424858093,-0.23209044337272644,-0.24910509586334229,0.7104518413543701,0.07431432604789734,-0.4556058347225189,0.5810521841049194,-1.1433796882629395,0.03,-0.1859264373779297,-0.14999999999999997,1.5660444498062134,-0.03,-1.2103550434112549,0.6090511679649353
1.4803601503372192,-0.03669840842485428,0.6734614372253418,-0.029379896819591522,-0.061848513782024384,-0.18332578241825104,-0.9806646108627319,-0.39674559235572815,0.008090646006166935,-0.24391886591911316,0.29000000000000004,-0.14512048661708832,0.057737186551094055,-0.3294053375720978,-0.2128722369670868,-0.2584473788738251,0.6598196029663086,0.07648623734712601,-0.4328852593898773,0.5909683704376221,-1.171372890472412,0.03,-0.2793683707714081,-0.14999999999999997,1.5255781412124634,-0.03,-1.250788688659668,0.625458300113678
1.4822386503219604,-0.03336913883686066,0.676374614238739,-0.024720147252082825,-0.058915525674819946,-0.17833489179611206,-0.9818933010101318,-0.3770750164985657,0.015520359389483929,-0.2547457814216614,0.29000000000000004,-0.14076897501945496,0.05637216567993164,-0.29591888189315796,-0.1975899487733841,-0.26470059156417847,0.6105779409408569,0.07997023314237595,-0.4096606373786926,0.5994530916213989,-1.1997469663619995,0.03,-0.3715195655822754,-0.14999999999999997,1.4850568771362305,-0.03,-1.2855371236801147,0.6367179155349731
1.4837119579315186,-0.029942473396658897,0.6788113713264465,-0.020783528685569763,-0.05694923177361488,-0.17355409264564514,-0.98295658826828,-0.3600781261920929,0.023159632459282875,-0.2531251013278961,0.29000000000000004,-0.13608293235301971,0.056597620248794556,-0.2680930197238922,-0.18531541526317596,-0.26804304122924805,0.5660619735717773,0.0839395597577095,-0.38784945011138916,0.6068040132522583,-1.2297248840332031,0.03,-0.46273764967918396,-0.14999999999999997,1.4459309577941895,-0.03,-1.3144009113311768,0.6416715979576111
1.4847569465637207,-0.02644977904856205,0.6807752847671509,-0.01775495707988739,-0.055751148611307144,-0.16896143555641174,-0.9838843941688538,-0.34597671031951904,0.029606107622385025,-0.2418205589056015,0.29000000000000004,-0.13079804182052612,0.05753246322274208,-0.24595235288143158,-0.17660775780677795,-0.26862668991088867,0.5275905728340149,0.08820544928312302,-0.36819902062416077,0.612854540348053,-1.2598673105239868,0.03,-0.5503637194633484,-0.14999999999999997,1.4098597764968872,-0.03,-1.3385814428329468,0.6431394815444946
1.4853954315185547,-0.02297211065888405,0.6823745369911194,-0.01557136420160532,-0.05513060837984085,-0.16382147371768951,-0.9848251342773438,-0.33428654074668884,0.033552855253219604,-0.22875121235847473,0.29000000000000004,-0.125066339969635,0.05783991143107414,-0.2293483316898346,-0.17087046802043915,-0.2653960585594177,0.4949149191379547,0.0925537645816803,-0.35039013624191284,0.6189094185829163,-1.2884405851364136,0.03,-0.6316968202590942,-0.14999999999999997,1.3771851062774658,-0.03,-1.3587340116500854,0.6451669335365295
1.4857308864593506,-0.019623281434178352,0.6837318539619446,-0.014006133191287518,-0.05481412261724472,-0.1572342962026596,-0.9859393239021301,-0.32414254546165466,0.03628956899046898,-0.2130233645439148,0.29000000000000004,-0.11922582238912582,0.05676807463169098,-0.21740396320819855,-0.16687153279781342,-0.257346510887146,0.4666139781475067,0.09657413512468338,-0.3335966467857361,0.6266933083534241,-1.3145395517349243,0.03,-0.705262303352356,-0.14999999999999997,1.3476043939590454,-0.03,-1.3752864599227905,0.6493726372718811
1.4858512878417969,-0.016487708315253258,0.6849086284637451,-0.012944276444613934,-0.054608024656772614,-0.14907899498939514,-0.9872313737869263,-0.3147411644458771,0.03847670182585716,-0.19433045387268066,0.29000000000000004,-0.11348777264356613,0.05438132956624031,-0.20924797654151917,-0.16404974460601807,-0.24469424784183502,0.44200947880744934,0.10019192099571228,-0.3176366090774536,0.6362242102622986,-1.3379207849502563,0.03,-0.7700920701026917,-0.14999999999999997,1.3207610845565796,-0.03,-1.3886500597000122,0.6549239754676819
1.485854148864746,-0.013619703240692616,0.6859530210494995,-0.012370987795293331,-0.054307058453559875,-0.1396847665309906,-0.9886282086372375,-0.3046177625656128,0.04039526358246803,-0.1728297770023346,0.29000000000000004,-0.10804210603237152,0.05168808996677399,-0.2037692815065384,-0.162252739071846,-0.22900396585464478,0.42067816853523254,0.10341771692037582,-0.3025970458984375,0.6463363766670227,-1.3580464124679565,0.03,-0.825852632522583,-0.14999999999999997,1.2963947057724,-0.03,-1.399749517440796,0.6596152186393738
1.4858278036117554,-0.011074654757976532,0.6869094371795654,-0.01223011501133442,-0.053794048726558685,-0.1292829066514969,-0.9900719523429871,-0.2924818992614746,0.04233532026410103,-0.14856748282909393,0.29000000000000004,-0.10308068245649338,0.04966879263520241,-0.20040753483772278,-0.16106584668159485,-0.21222054958343506,0.4024074971675873,0.10600361227989197,-0.2884228825569153,0.65619957447052,-1.374424934387207,0.03,-0.8729158043861389,-0.14999999999999997,1.2742036581039429,-0.03,-1.4097551107406616,0.6616883277893066
1.4858144521713257,-0.008931048214435577,0.6878108978271484,-0.012306666001677513,-0.0531327985227108,-0.11793730407953262,-0.9915221929550171,-0.2784069776535034,0.044730108231306076,-0.12179123610258102,0.29000000000000004,-0.09883176535367966,0.04850529134273529,-0.1990809291601181,-0.15976369380950928,-0.19648094475269318,0.3866738975048065,0.10721646994352341,-0.2745785117149353,0.665663480758667,-1.387516975402832,0.03,-0.912720799446106,-0.14999999999999997,1.2538031339645386,-0.03,-1.4190657138824463,0.6604882478713989
1.4858390092849731,-0.007266542408615351,0.6886780261993408,-0.012319291941821575,-0.05239376798272133,-0.10580898821353912,-0.9929288029670715,-0.26325634121894836,0.04802979156374931,-0.09322501718997955,0.29000000000000004,-0.09555116295814514,0.047774773091077805,-0.19966481626033783,-0.15772658586502075,-0.18387234210968018,0.3727661967277527,0.10723690688610077,-0.26053714752197266,0.6743728518486023,-1.3983910083770752,0.03,-0.9472439885139465,-0.14999999999999997,1.2350422143936157,-0.03,-1.4270797967910767,0.6557619571685791
1.4859145879745483,-0.006124506704509258,0.6894971132278442,-0.01214144192636013,-0.05157909914851189,-0.09318943321704865,-0.9942372441291809,-0.24812117218971252,0.052315689623355865,-0.06386729329824448,0.29000000000000004,-0.09345926344394684,0.046674396842718124,-0.20169134438037872,-0.15430061519145966,-0.17540143430233002,0.36045339703559875,0.1054890900850296,-0.2463981956243515,0.6815980076789856,-1.4079561233520508,0.03,-0.9779284596443176,-0.14999999999999997,1.21815025806427,-0.0464639849960804,-1.433046817779541,0.6473587155342102
1.4860519170761108,-0.005496671888977289,0.6902478933334351,-0.011737639084458351,-0.050641123205423355,-0.08039693534374237,-0.9954063296318054,-0.2338460385799408,0.057507771998643875,-0.03466770425438881,0.29000000000000004,-0.09241639077663422,0.044445306062698364,-0.20465430617332458,-0.14938156306743622,-0.17124861478805542,0.3497348427772522,0.10204049944877625,-0.23247553408145905,0.6867490410804749,-1.4168261289596558,0.03,-1.0059658288955688,-0.14999999999999997,1.2031681537628174,-0.07103509455919266,-1.4366270303726196,0.6359599828720093
1.486235499382019,-0.005325132515281439,0.6909166574478149,-0.011161388829350471,-0.04956219345331192,-0.06767704337835312,-0.9964129328727722,-0.22093592584133148,0.0633869469165802,-0.00624442845582962,0.29000000000000004,-0.0923774465918541,0.040714066475629807,-0.20810070633888245,-0.14320488274097443,-0.1707155406475067,0.34050583839416504,0.09713393449783325,-0.21909084916114807,0.6897225975990295,-1.4252725839614868,0.03,-1.0324461460113525,-0.14999999999999997,1.1897021532058716,-0.09472250193357468,-1.4381650686264038,0.6228563189506531
1.4864394664764404,-0.005522037390619516,0.691494345664978,-0.010479710064828396,-0.04835273325443268,-0.05520131066441536,-0.9972485899925232,-0.20961549878120422,0.06971988826990128,0.02101636491715908,0.29000000000000004,-0.09316448867321014,0.03540662303566933,-0.2116648107767105,-0.13612352311611176,-0.17243272066116333,0.33257976174354553,0.09115377068519592,-0.206523135304451,0.6907426714897156,-1.4333986043930054,0.03,-1.058315396308899,-0.14999999999999997,1.1769349575042725,-0.11787986755371094,-1.4383922815322876,0.6087804436683655
1.4866524934768677,-0.005990871228277683,0.6919772028923035,-0.00973681453615427,-0.04699813574552536,-0.04313378781080246,-0.9979156851768494,-0.19976836442947388,0.07632318884134293,0.046839430928230286,0.29000000000000004,-0.09447716921567917,0.0286897923797369,-0.21482785046100616,-0.1284806728363037,-0.17494609951972961,0.3255940079689026,0.08458631485700607,-0.19496428966522217,0.6899868249893188,-1.4410523176193237,0.03,-1.084326148033142,-0.14999999999999997,1.1637557744979858,-0.140745148062706,-1.4380677938461304,0.5934798717498779
1.4868767261505127,-0.006643586326390505,0.6923784017562866,-0.00897962972521782,-0.045453134924173355,-0.03166889399290085,-0.9984238743782043,-0.19083762168884277,0.08300183713436127,0.07106857746839523,0.29000000000000004,-0.09636466950178146,0.021104000508785248,-0.21699275076389313,-0.1206388846039772,-0.1773136407136917,0.319116473197937,0.07791095972061157,-0.18449610471725464,0.6873748302459717,-1.447596788406372,0.03,-1.1109626293182373,-0.1436702460050583,1.1488300561904907,-0.16356344521045685,-1.4377882480621338,0.5763134360313416
1.4871222972869873,-0.007416863925755024,0.6927082538604736,-0.008220351301133633,-0.0436590351164341,-0.021003713831305504,-0.9987917542457581,-0.1820652186870575,0.08959104120731354,0.09360790252685547,0.29000000000000004,-0.09856783598661423,0.013330402784049511,-0.21768741309642792,-0.1128668561577797,-0.1790078729391098,0.31292447447776794,0.07148482650518417,-0.1752142608165741,0.6826042532920837,-1.4519274234771729,0.03,-1.1383262872695923,-0.13202790915966034,1.1304137706756592,-0.18657296895980835,-1.437669277191162,0.5567395687103271
1.487398624420166,-0.00826500728726387,0.6929768323898315,-0.007468648720532656,-0.041568972170352936,-0.011373798362910748,-0.9990428686141968,-0.17305345833301544,0.09592317044734955,0.11416196078062057,0.29000000000000004,-0.10097574442625046,0.005852784030139446,-0.21655307710170746,-0.10542526841163635,-0.17991890013217926,0.30691105127334595,0.0655352920293808,-0.1672232449054718,0.6751714944839478,-1.452647089958191,0.03,-1.1661245822906494,-0.12153686583042145,1.1068823337554932,-0.2097732424736023,-1.4376243352890015,0.5341601967811584
1.4877089262008667,-0.009148091077804565,0.6931837201118469,-0.006752531509846449,-0.03917697072029114,-0.0030747863929718733,-0.999204695224762,-0.16380855441093445,0.10178511589765549,0.13218532502651215,0.29000000000000004,-0.10347294807434082,-0.0010406075743958354,-0.21359549462795258,-0.098657988011837,-0.18013179302215576,0.3014393746852875,0.06032011657953262,-0.16081158816814423,0.6642370223999023,-1.448314905166626,0.03,-1.1935163736343384,-0.11427199095487595,1.0771293640136719,-0.23319736123085022,-1.4373115301132202,0.5081650614738464
1.4880257844924927,-0.01003655232489109,0.6933173537254333,-0.006118966732174158,-0.03659088537096977,0.003626294434070587,-0.9993049502372742,-0.15501290559768677,0.10698280483484268,0.1469513326883316,0.29000000000000004,-0.10593046993017197,-0.00733220623806119,-0.20945443212985992,-0.09292496740818024,-0.17956772446632385,0.29737260937690735,0.05604277551174164,-0.15641187131404877,0.6486570835113525,-1.4378671646118164,0.03,-1.2190176248550415,-0.11186027526855469,1.0406897068023682,-0.25711920857429504,-1.4361624717712402,0.4785914123058319
1.488308310508728,-0.010910408571362495,0.6933678984642029,-0.005609432235360146,-0.03397547826170921,0.008647906593978405,-0.9993693828582764,-0.14747881889343262,0.11143188923597336,0.15803983807563782,0.29000000000000004,-0.10824611037969589,-0.013091805391013622,-0.20499025285243988,-0.08847852796316147,-0.1781720221042633,0.2954305410385132,0.05278247967362404,-0.1543039083480835,0.6275239586830139,-1.420893907546997,0.03,-1.2413527965545654,-0.1143496185541153,0.997863233089447,-0.2818983495235443,-1.4336318969726562,0.4453384280204773
1.488524079322815,-0.011758417822420597,0.6933390498161316,-0.005244002677500248,-0.03144742548465729,0.012119083665311337,-0.9994181394577026,-0.14156898856163025,0.1151491031050682,0.1655881106853485,0.29000000000000004,-0.11036545783281326,-0.018345031887292862,-0.2007623165845871,-0.08537553250789642,-0.1759449541568756,0.2957710921764374,0.05053730309009552,-0.15415948629379272,0.6005498766899109,-1.39749014377594,0.03,-1.2602620124816895,-0.11986691504716873,0.9493732452392578,-0.30789005756378174,-1.4292364120483398,0.4081343114376068
1.4886603355407715,-0.012580565176904202,0.6932508945465088,-0.004991990048438311,-0.02906990982592106,0.014296353794634342,-0.9994626045227051,-0.1371137499809265,0.11826242506504059,0.1701727658510208,0.29000000000000004,-0.11228702962398529,-0.022965431213378906,-0.19687272608280182,-0.0832286924123764,-0.17343401908874512,0.2977336347103119,0.049147333949804306,-0.15554270148277283,0.5678406357765198,-1.3678226470947266,0.03,-1.2757922410964966,-0.1263594776391983,0.8956481218338013,-0.3355982303619385,-1.4222979545593262,0.3661862015724182
1.488745927810669,-0.013367085717618465,0.6931278705596924,-0.004828842356801033,-0.026796579360961914,0.015574224293231964,-0.9995077848434448,-0.13346649706363678,0.12087862193584442,0.17278718948364258,0.29000000000000004,-0.1140325590968132,-0.02697077952325344,-0.19344422221183777,-0.08171074092388153,-0.17202001810073853,0.3009878695011139,0.04783826321363449,-0.1578715741634369,0.5296880602836609,-1.3315104246139526,0.03,-1.286848783493042,-0.13262318074703217,0.8363274335861206,-0.3658425211906433,-1.4110352993011475,0.3183192014694214
1.488844633102417,-0.014083479531109333,0.6929743885993958,-0.0048527768813073635,-0.024442903697490692,0.016353053972125053,-0.9995556473731995,-0.12946458160877228,0.12275956571102142,0.17463290691375732,0.29000000000000004,-0.11556048691272736,-0.030397720634937286,-0.19035018980503082,-0.08104894310235977,-0.17126038670539856,0.3058169484138489,0.046781908720731735,-0.16120800375938416,0.48616823554039,-1.2869068384170532,0.03,-1.2902182340621948,-0.13890297710895538,0.7699170708656311,-0.3997386395931244,-1.3918027877807617,0.26366758346557617
1.4890193939208984,-0.014669977128505707,0.6927898526191711,-0.0052002184092998505,-0.021818922832608223,0.016892777755856514,-0.999605655670166,-0.12400290369987488,0.12349400669336319,0.17663471400737762,0.29000000000000004,-0.11679887026548386,-0.03320949524641037,-0.18750283122062683,-0.08164987713098526,-0.1705721914768219,0.31279700994491577,0.04610472172498703,-0.16586726903915405,0.4371240437030792,-1.231244444847107,0.05571119114756584,-1.2807552814483643,-0.1461721509695053,0.6934799551963806,-0.4380646347999573,-1.3595253229141235,0.2028842270374298
1.4893007278442383,-0.015043140389025211,0.6925592422485352,-0.006051321979612112,-0.018893031403422356,0.017479881644248962,-0.9996503591537476,-0.11629737168550491,0.12249653786420822,0.17972689867019653,0.29000000000000004,-0.11754339933395386,-0.03526036813855171,-0.1855129897594452,-0.08406148850917816,-0.1690264195203781,0.322941392660141,0.0460362583398819,-0.17225432395935059,0.38270774483680725,-1.1610169410705566,0.09310479462146759,-1.252271056175232,-0.14999999999999997,0.6026515960693359,-0.48032963275909424,-1.3093432188034058,0.1380402147769928
1.4897000789642334,-0.015140310861170292,0.6922780871391296,-0.007558704819530249,-0.015791989862918854,0.018637383356690407,-0.9996728897094727,-0.10574610531330109,0.11928877979516983,0.18527139723300934,0.29000000000000004,-0.11769458651542664,-0.036236196756362915,-0.18522128462791443,-0.08855690062046051,-0.16525664925575256,0.3366008698940277,0.046554356813430786,-0.1802774965763092,0.3241363763809204,-1.0727251768112183,0.13499926030635834,-1.1995946168899536,-0.14999999999999997,0.4929506480693817,-0.5236454010009766,-1.238601565361023,0.07297015190124512
1.490195631980896,-0.014987058937549591,0.6919636130332947,-0.009587207809090614,-0.012903139926493168,0.021513303741812706,-0.9996392726898193,-0.09275468438863754,0.11437828093767166,0.19534918665885925,0.29000000000000004,-0.11741892248392105,-0.03661438822746277,-0.18765553832054138,-0.09419253468513489,-0.15684781968593597,0.35247012972831726,0.04747413843870163,-0.18867048621177673,0.26517167687416077,-0.9655633568763733,0.17919781804084778,-1.1223173141479492,-0.14999999999999997,0.36194074153900146,-0.5614128112792969,-1.1500450372695923,0.01391594111919403
1.4906554222106934,-0.014726606197655201,0.6916598081588745,-0.011557960882782936,-0.011083115823566914,0.02733815833926201,-0.9994979500770569,-0.08055801689624786,0.10972625017166138,0.21103766560554504,0.29000000000000004,-0.11720725893974304,-0.037991225719451904,-0.19412779808044434,-0.09847462922334671,-0.14155207574367523,0.3672296404838562,0.048361506313085556,-0.19484765827655792,0.2104087471961975,-0.8445444107055664,0.22538915276527405,-1.029511570930481,-0.14999999999999997,0.2104208767414093,-0.5858995914459229,-1.0520061254501343,-0.031145712360739708
1.4909552335739136,-0.014477572403848171,0.6913806200027466,-0.013162472285330296,-0.010915753431618214,0.0362660214304924,-0.9991958737373352,-0.07192078232765198,0.10645736753940582,0.23163552582263947,0.29000000000000004,-0.11734699457883835,-0.0411621630191803,-0.20554444193840027,-0.10001643002033234,-0.11919298022985458,0.3793647587299347,0.0487327016890049,-0.19762764871120453,0.16203519701957703,-0.7172465920448303,0.2746615409851074,-0.9331528544425964,-0.14999999999999997,0.04373634606599808,-0.5916657447814941,-0.9555931687355042,-0.057919081300497055
1.4911335706710815,-0.014262484386563301,0.6911056041717529,-0.014618177898228168,-0.012021207250654697,0.04736310616135597,-0.9986982941627502,-0.065742626786232,0.10386282205581665,0.2557740807533264,0.29000000000000004,-0.11781354993581772,-0.04517451673746109,-0.22086691856384277,-0.09952222555875778,-0.09175558388233185,0.3899521231651306,0.04872133210301399,-0.19811977446079254,0.11916732043027878,-0.588392436504364,0.32703959941864014,-0.8394632935523987,-0.14999999999999997,-0.12862612307071686,-0.5777318477630615,-0.8696241974830627,-0.06606235355138779
1.4913241863250732,-0.014074173755943775,0.6907933950424194,-0.01622476428747177,-0.013569431379437447,0.05992182344198227,-0.9979788064956665,-0.059277646243572235,0.10086575150489807,0.2829989790916443,0.29000000000000004,-0.1184990406036377,-0.049249060451984406,-0.2383943647146225,-0.09805364906787872,-0.06071953475475311,0.40091753005981445,0.04874588921666145,-0.19813723862171173,0.08077554404735565,-0.45888662338256836,0.38116466999053955,-0.7492809295654297,-0.1422029435634613,-0.29606136679649353,-0.5469985604286194,-0.7990044355392456,-0.05668376758694649
1.4915492534637451,-0.013885967433452606,0.6903848648071289,-0.01816411502659321,-0.01516695600003004,0.0736800879240036,-0.9970011115074158,-0.05203591287136078,0.09695032238960266,0.3128426969051361,0.29000000000000004,-0.1194877177476883,-0.05381230264902115,-0.25780966877937317,-0.09613454341888428,-0.02644415758550167,0.41375264525413513,0.04911903664469719,-0.19842134416103363,0.04637620598077774,-0.32894831895828247,0.43506646156311035,-0.6622498035430908,-0.1268063485622406,-0.4511401057243347,-0.505170464515686,-0.7431811690330505,-0.028924323618412018
1.4917031526565552,-0.013662777841091156,0.689857006072998,-0.020480535924434662,-0.01690775901079178,0.08800076693296432,-0.9957662224769592,-0.04570448771119118,0.09211952984333038,0.34345293045043945,0.29000000000000004,-0.12028062343597412,-0.05894951522350311,-0.2792946994304657,-0.09392662346363068,0.009902597405016422,0.4287128150463104,0.04978029057383537,-0.19940762221813202,0.014152217656373978,-0.19984424114227295,0.48694297671318054,-0.5783700346946716,-0.11253734678030014,-0.5911454558372498,-0.457870751619339,-0.6966719627380371,0.018269531428813934
1.4917341470718384,-0.01339623611420393,0.6891909241676331,-0.02317768521606922,-0.01866121031343937,0.10204371809959412,-0.9943346977233887,-0.04148407280445099,0.0866900160908699,0.3726595342159271,0.29000000000000004,-0.12110984325408936,-0.06526210159063339,-0.30221959948539734,-0.09171810001134872,0.046597495675086975,0.44591325521469116,0.05091032758355141,-0.20127545297145844,-0.018530098721385002,-0.072787344455719,0.5347097516059875,-0.4976341128349304,-0.09911134839057922,-0.7152917981147766,-0.40817347168922424,-0.6526000499725342,0.08235717564821243
1.4916846752166748,-0.013128782622516155,0.688400387763977,-0.02608119696378708,-0.01999773271381855,0.11514795571565628,-0.9928044080734253,-0.03904249519109726,0.08130085468292236,0.3991283178329468,0.29000000000000004,-0.12191945314407349,-0.07303691655397415,-0.3246416747570038,-0.08957415074110031,0.08165820688009262,0.4647122025489807,0.05231704190373421,-0.20435190200805664,-0.05386370047926903,0.051168009638786316,0.5770578980445862,-0.42112603783607483,-0.0856870487332344,-0.8234745264053345,-0.35728228092193604,-0.6055113077163696,0.15805016458034515
1.4915498495101929,-0.01287521980702877,0.6874977946281433,-0.029047658666968346,-0.020901290699839592,0.12722861766815186,-0.9912276268005371,-0.0385579951107502,0.0765441432595253,0.4226093590259552,0.29000000000000004,-0.12275883555412292,-0.08251608908176422,-0.34607961773872375,-0.08731910586357117,0.11465498805046082,0.4844698905944824,0.05390027537941933,-0.20832450687885284,-0.09199953824281693,0.16961726546287537,0.6139540076255798,-0.35233989357948303,-0.07100164890289307,-0.9166098833084106,-0.3067389130592346,-0.5528042912483215,0.23912440240383148
1.4912854433059692,-0.012602792121469975,0.6864739656448364,-0.032117463648319244,-0.021728485822677612,0.1385037899017334,-0.9896024465560913,-0.04077180474996567,0.07252972573041916,0.4434007406234741,0.29000000000000004,-0.1235264241695404,-0.09364358335733414,-0.3676174581050873,-0.08483140170574188,0.1463305950164795,0.505141019821167,0.055684588849544525,-0.2128637135028839,-0.13214164972305298,0.28035768866539,0.6458566188812256,-0.29430800676345825,-0.05428464338183403,-0.9965795874595642,-0.25760236382484436,-0.4939125180244446,0.318993479013443
1.4909192323684692,-0.012286962941288948,0.6853460669517517,-0.0352507047355175,-0.02260332927107811,0.14891883730888367,-0.9879623055458069,-0.04547562450170517,0.06926087290048599,0.4615592956542969,0.29000000000000004,-0.12416835874319077,-0.10595697909593582,-0.3891928791999817,-0.08212769031524658,0.1765250861644745,0.5262119174003601,0.0576755553483963,-0.21773982048034668,-0.1742657870054245,0.38288772106170654,0.6726976037025452,-0.24765142798423767,-0.03597208485007286,-1.065085768699646,-0.21018466353416443,-0.42920199036598206,0.39231565594673157
1.490572214126587,-0.01195078156888485,0.6841901540756226,-0.03817394748330116,-0.023293284699320793,0.1583038568496704,-0.9863771796226501,-0.05096156522631645,0.06688045710325241,0.4773285388946533,0.29000000000000004,-0.12479262053966522,-0.1186266615986824,-0.4089944064617157,-0.07916808873414993,0.20414167642593384,0.5462242960929871,0.059795357286930084,-0.22259381413459778,-0.2184903770685196,0.4775213599205017,0.6936275959014893,-0.2119111716747284,-0.017495516687631607,-1.1230134963989258,-0.16496717929840088,-0.3594619929790497,0.45554831624031067
1.4903312921524048,-0.011584045365452766,0.6831180453300476,-0.04074116051197052,-0.02373385801911354,0.16669495403766632,-0.9848805069923401,-0.055852580815553665,0.0646454468369484,0.48899969458580017,0.29000000000000004,-0.12517015635967255,-0.13052475452423096,-0.4258701205253601,-0.07610990107059479,0.22870048880577087,0.5636836886405945,0.061949145048856735,-0.22686049342155457,-0.2643384039402008,0.5649594068527222,0.7075439095497131,-0.1849912852048874,-0.0014934922801330686,-1.17160964012146,-0.1224198043346405,-0.28703269362449646,0.5067487359046936
1.4901748895645142,-0.011117758229374886,0.6822379231452942,-0.04310410097241402,-0.02429884299635887,0.17460627853870392,-0.983394205570221,-0.0608944371342659,0.06092679128050804,0.49329516291618347,0.29000000000000004,-0.12419222295284271,-0.14099231362342834,-0.44062554836273193,-0.07304931432008743,0.25144875049591064,0.577491819858551,0.06422539800405502,-0.22957296669483185,-0.31013429164886475,0.6450846791267395,0.7137259244918823,-0.16448363661766052,0.010278363712131977,-1.2130100727081299,-0.0827542096376419,-0.2170192152261734,0.5458369255065918
1.4900610446929932,-0.010543590411543846,0.6815869212150574,-0.04537553712725639,-0.025276832282543182,0.18280135095119476,-0.981776773929596,-0.06679954379796982,0.055017564445734024,0.48928511142730713,0.29000000000000004,-0.12152701616287231,-0.15020790696144104,-0.45416060090065,-0.06941018253564835,0.27504798769950867,0.5871849656105042,0.06670176237821579,-0.2301204800605774,-0.35354045033454895,0.7167955040931702,0.7123593091964722,-0.14916084706783295,0.019003400579094887,-1.248360276222229,-0.04586110636591911,-0.15609022974967957,0.5732343792915344
1.490017056465149,-0.009941533207893372,0.6811478734016418,-0.0475289411842823,-0.02651956118643284,0.19171464443206787,-0.9799403548240662,-0.073033407330513,0.04705237224698067,0.4779564142227173,0.29000000000000004,-0.11717074364423752,-0.1583521068096161,-0.4663742780685425,-0.06468669325113297,0.3005751967430115,0.5931925177574158,0.06976620852947235,-0.22862792015075684,-0.3927956223487854,0.7782055139541626,0.7047767639160156,-0.13968071341514587,0.0285433828830719,-1.2771573066711426,-0.03,-0.10943209379911423,0.5900524854660034
1.490086555480957,-0.009369103237986565,0.6808438301086426,-0.04963512718677521,-0.027765439823269844,0.2014482319355011,-0.977846622467041,-0.07882669568061829,0.03728259727358818,0.4614564776420593,0.29000000000000004,-0.11147163063287735,-0.16586196422576904,-0.47740504145622253,-0.0587792806327343,0.327465683221817,0.5969456434249878,0.07249921560287476,-0.22582952678203583,-0.4267979860305786,0.827778697013855,0.6931288838386536,-0.13695140182971954,0.04281223565340042,-1.2988158464431763,-0.03,-0.07818089425563812,0.5982632040977478
1.490254521369934,-0.008815160021185875,0.6805742979049683,-0.051929596811532974,-0.028997382149100304,0.21224381029605865,-0.9754049777984619,-0.08387511223554611,0.02574438415467739,0.4430706202983856,0.29000000000000004,-0.10468641668558121,-0.17287300527095795,-0.4883817434310913,-0.05224521458148956,0.3563818037509918,0.6001101136207581,0.07543318718671799,-0.22241948544979095,-0.4542224109172821,0.8657057285308838,0.6793590784072876,-0.1403457522392273,0.06352586299180984,-1.3140649795532227,-0.03,-0.059918131679296494,0.5999913811683655
1.490479826927185,-0.008234611712396145,0.6802613735198975,-0.05463472381234169,-0.030288467183709145,0.22423316538333893,-0.9725311994552612,-0.08835995197296143,0.012405714020133018,0.42507636547088623,0.29000000000000004,-0.09701264649629593,-0.17936603724956512,-0.5004556775093079,-0.0456145778298378,0.38720494508743286,0.6037283539772034,0.07911376655101776,-0.21879202127456665,-0.4745580554008484,0.8934028744697571,0.6642481684684753,-0.1485099196434021,0.09157542884349823,-1.3247151374816895,-0.03,-0.05102108418941498,0.5981058478355408
1.490750789642334,-0.007619548588991165,0.6798808574676514,-0.05771613121032715,-0.031562235206365585,0.23720821738243103,-0.969228982925415,-0.09248265624046326,-0.002389785833656788,0.40783095359802246,0.29000000000000004,-0.08854933828115463,-0.1857113093137741,-0.5134589076042175,-0.03855256736278534,0.4193909764289856,0.608013391494751,0.08291710913181305,-0.21508648991584778,-0.4885755479335785,0.9123156666755676,0.6477425694465637,-0.1605919897556305,0.12744185328483582,-1.3323317766189575,-0.03,-0.047798801213502884,0.5957305431365967
1.4910571575164795,-0.006966812536120415,0.6794173121452332,-0.061085499823093414,-0.032755449414253235,0.25073474645614624,-0.9655711650848389,-0.09654106199741364,-0.018172649666666985,0.39113467931747437,0.29000000000000004,-0.07942596077919006,-0.19185203313827515,-0.5268987417221069,-0.030990535393357277,0.4533088505268097,0.6130843162536621,0.0873454362154007,-0.21164101362228394,-0.49739494919776917,0.9230118989944458,0.6302297711372375,-0.17604540288448334,0.16993066668510437,-1.3377864360809326,-0.03,-0.0469173826277256,0.5937194228172302
1.491377353668213,-0.0062465304508805275,0.6788471937179565,-0.06472460925579071,-0.03393175080418587,0.26440268754959106,-0.9616395235061646,-0.10104622691869736,-0.034422341734170914,0.3757098317146301,0.29000000000000004,-0.06992755830287933,-0.19786638021469116,-0.5408965945243835,-0.023123696446418762,0.4881649911403656,0.6191429495811462,0.0922669842839241,-0.20865634083747864,-0.5019709467887878,0.9255784749984741,0.6124917268753052,-0.19346363842487335,0.21678176522254944,-1.34152352809906,-0.03,-0.045952197164297104,0.5907841324806213
1.4916820526123047,-0.005433392710983753,0.6781404614448547,-0.06862840056419373,-0.035191893577575684,0.27768707275390625,-0.9575706720352173,-0.10664698481559753,-0.05051654204726219,0.3624856472015381,0.29000000000000004,-0.06047231703996658,-0.2039150595664978,-0.5557056069374084,-0.015217063948512077,0.5230594873428345,0.6265077590942383,0.09769854694604874,-0.20643728971481323,-0.5037130117416382,0.9201957583427429,0.5951909422874451,-0.21069350838661194,0.26620224118232727,-1.3437433242797852,-0.03,-0.043659985065460205,0.5850244164466858
1.4919599294662476,-0.00452918978407979,0.6772748827934265,-0.07270219922065735,-0.036534667015075684,0.29012489318847656,-0.9535235166549683,-0.11391150206327438,-0.06,0.3518213927745819,0.29000000000000004,-0.0514397919178009,-0.21051697432994843,-0.5711971521377563,-0.0074390750378370285,0.5569943189620972,0.6353765726089478,0.10353580862283707,-0.20523647964000702,-0.5041553378105164,0.9074817895889282,0.5786119103431702,-0.2255229502916336,0.31743574142456055,-1.3442615270614624,-0.03,-0.0397678017616272,0.5752618312835693
1.4922888278961182,-0.003519924357533455,0.6762572526931763,-0.07675766944885254,-0.0378410741686821,0.3014802932739258,-0.9496240019798279,-0.12259311974048615,-0.06,0.34424683451652527,0.29000000000000004,-0.04310983791947365,-0.21817725896835327,-0.5866976976394653,5.022344703320414e-05,0.589198887348175,0.6455987095832825,0.1097034364938736,-0.2052784562110901,-0.5032334327697754,0.8879982233047485,0.5637791752815247,-0.23718416690826416,0.3701070547103882,-1.342641830444336,-0.03,-0.03345800191164017,0.5611191391944885
1.4926670789718628,-0.002430511172860861,0.6750949025154114,-0.08074603229761124,-0.03894326463341713,0.31172773241996765,-0.9459329843521118,-0.13200217485427856,-0.06,0.3402775228023529,0.29000000000000004,-0.035700567066669464,-0.22680403292179108,-0.6018362641334534,0.007156567182391882,0.6194742321968079,0.6572741866111755,0.11603570729494095,-0.20664849877357483,-0.5024785399436951,0.8624811768531799,0.5495696067810059,-0.24505802989006042,0.42541441321372986,-1.3388959169387817,-0.03,-0.027158597484230995,0.5426074266433716
1.4930750131607056,-0.0012639649212360382,0.6738060712814331,-0.08463377505540848,-0.03975258767604828,0.32125943899154663,-0.9423636794090271,-0.14133350551128387,-0.06,0.34089797735214233,0.29000000000000004,-0.029389090836048126,-0.23627983033657074,-0.6163626313209534,0.014143458567559719,0.6484740376472473,0.6700357794761658,0.12258163094520569,-0.20900282263755798,-0.5020914673805237,0.8313590884208679,0.535851240158081,-0.2503536641597748,0.48452138900756836,-1.3334499597549438,-0.03,-0.020696010440587997,0.5195525884628296
1.493525505065918,-3.03611159324646e-06,0.6723886132240295,-0.08841000497341156,-0.04024919494986534,0.3302766978740692,-0.9388720989227295,-0.15028716623783112,-0.06,0.34659838676452637,0.29000000000000004,-0.024309007450938225,-0.24670973420143127,-0.6302381157875061,0.02113102190196514,0.6766131520271301,0.6837787628173828,0.1294049471616745,-0.21222835779190063,-0.501716136932373,0.7956459522247314,0.5232145190238953,-0.2544087767601013,0.5469223260879517,-1.3272849321365356,-0.03,-0.013614178635179996,0.49215540289878845
1.494051456451416,0.0013300776481628418,0.6708149313926697,-0.0920303612947464,-0.040345292538404465,0.33868080377578735,-0.9355201721191406,-0.15871472656726837,-0.06,0.35704144835472107,0.29000000000000004,-0.020546087995171547,-0.2584775984287262,-0.643324077129364,0.02806859277188778,0.7036730051040649,0.6989582777023315,0.13644106686115265,-0.21668560802936554,-0.5017479062080383,0.7573898434638977,0.5118620991706848,-0.25786322355270386,0.6109573841094971,-1.3214441537857056,-0.03,-0.005450855940580368,0.46116939187049866
1.49467933177948,0.0027127424255013466,0.6690938472747803,-0.09540699422359467,-0.04001934453845024,0.3464929163455963,-0.932329535484314,-0.16640254855155945,-0.06,0.3712707757949829,0.30433717370033264,-0.017922991886734962,-0.27169305086135864,-0.6553370356559753,0.03497385233640671,0.72952800989151,0.715380072593689,0.14363478124141693,-0.2223396599292755,-0.5021560788154602,0.7186275720596313,0.5013798475265503,-0.2614586055278778,0.6756510138511658,-1.3172138929367065,-0.03,0.004011031240224838,0.42790159583091736
1.4954369068145752,0.004160049371421337,0.6672977805137634,-0.09855793416500092,-0.03939713165163994,0.35419905185699463,-0.9291270971298218,-0.17327305674552917,-0.06,0.38785237073898315,0.3227449357509613,-0.015663085505366325,-0.28551527857780457,-0.6661767959594727,0.04205918312072754,0.7550203204154968,0.7319345474243164,0.15107199549674988,-0.22845230996608734,-0.5015265941619873,0.680498480796814,0.49075227975845337,-0.2669278085231781,0.7414168119430542,-1.3160353899002075,-0.03,0.014903894625604153,0.39365628361701965
1.4963446855545044,0.00567855779081583,0.6654947996139526,-0.101509228348732,-0.038660917431116104,0.3624286651611328,-0.9256601333618164,-0.17916160821914673,-0.06,0.4059045612812042,0.3404645025730133,-0.013552688993513584,-0.29959163069725037,-0.6758352518081665,0.049760136753320694,0.781262218952179,0.747402548789978,0.1588972806930542,-0.2341616153717041,-0.49808332324028015,0.6440358757972717,0.4789540469646454,-0.27602332830429077,0.8081668615341187,-1.3188886642456055,-0.03,0.02713157795369625,0.35899582505226135
1.497393012046814,0.007251424714922905,0.6636955738067627,-0.10425228625535965,-0.037985846400260925,0.3711644113063812,-0.9219139814376831,-0.18456308543682098,-0.06,0.4251993000507355,0.35773003101348877,-0.011516409926116467,-0.3137977123260498,-0.6845488548278809,0.05818215385079384,0.8081637620925903,0.7615388631820679,0.1670967936515808,-0.23930369317531586,-0.49174460768699646,0.610355794429779,0.46538668870925903,-0.28927090764045715,0.8748056888580322,-1.3262510299682617,-0.03,0.04030976817011833,0.3238387703895569
1.4985466003417969,0.008870125748217106,0.661858856678009,-0.1067892536520958,-0.03753431886434555,0.3799588978290558,-0.9180514216423035,-0.19054311513900757,-0.06,0.4446439743041992,0.37572893500328064,-0.009442238137125969,-0.32849258184432983,-0.6928175091743469,0.06,0.8349452018737793,0.7748159766197205,0.17550121247768402,-0.2441508024930954,-0.4836180806159973,0.580188512802124,0.4500791132450104,-0.30610737204551697,0.9401007294654846,-1.3382656574249268,-0.03,0.05415349081158638,0.2879948616027832
1.4997706413269043,0.010547147132456303,0.6599562168121338,-0.1091919094324112,-0.03742826730012894,0.3884417712688446,-0.914215087890625,-0.19803979992866516,-0.06,0.46308937668800354,0.3955284059047699,-0.008073605597019196,-0.34400177001953125,-0.701167106628418,0.06,0.8611164093017578,0.7876458764076233,0.18411636352539062,-0.24894669651985168,-0.47477659583091736,0.5538840293884277,0.4336293339729309,-0.3253015875816345,1.0021387338638306,-1.3545854091644287,-0.03,0.06840597093105316,0.25110214948654175
1.5010546445846558,0.012314802035689354,0.6579946875572205,-0.1115947887301445,-0.037709686905145645,0.39651793241500854,-0.9104384779930115,-0.207378089427948,-0.06,0.47977206110954285,0.4173128008842468,-0.008915681391954422,-0.36035865545272827,-0.7099311947822571,0.06,0.8867930769920349,0.8000812530517578,0.19305433332920074,-0.2537088096141815,-0.4657508134841919,0.5312798023223877,0.4168364405632019,-0.3453199863433838,1.059217929840088,-1.3744150400161743,-0.03,0.08267004787921906,0.21301302313804626
1.5023938417434692,0.014201042242348194,0.6559868454933167,-0.11405325680971146,-0.03834604099392891,0.4042325019836426,-0.9067069292068481,-0.21833200752735138,-0.06,0.49461883306503296,0.44057267904281616,-0.01229038741439581,-0.3773181438446045,-0.719144880771637,0.06,0.9121914505958557,0.8120346665382385,0.20244212448596954,-0.2583788335323334,-0.45684614777565,0.5120378136634827,0.400604784488678,-0.3644036650657654,1.110493779182434,-1.396476149559021,-0.03,0.09619390219449997,0.17433226108551025
1.5037853717803955,0.0162317156791687,0.6539576053619385,-0.11657246947288513,-0.03922712430357933,0.41156941652297974,-0.9030407667160034,-0.23039428889751434,-0.06,0.5076313614845276,0.4645150899887085,-0.01806200109422207,-0.39447468519210815,-0.7286522388458252,0.06,0.9374260902404785,0.8235283493995667,0.2127620279788971,-0.2630293071269989,-0.44862067699432373,0.49596306681632996,0.38563239574432373,-0.3808092176914215,1.1560449600219727,-1.4193507432937622,-0.03,0.10819856077432632,0.13686203956604004
1.5052220821380615,0.01842489466071129,0.6518967747688293,-0.11918305605649948,-0.0402241013944149,0.41846951842308044,-0.8994778990745544,-0.24317853152751923,-0.06,0.5188835263252258,0.48861876130104065,-0.025716910138726234,-0.4115833342075348,-0.7381259799003601,0.06,0.9633123874664307,0.8347904086112976,0.2246193289756775,-0.26803454756736755,-0.441668301820755,0.48298412561416626,0.37227120995521545,-0.39325061440467834,1.1968756914138794,-1.4418349266052246,-0.03,0.11807113140821457,0.10265097767114639
1.5066931247711182,0.020775798708200455,0.6497599482536316,-0.12192291021347046,-0.04124652221798897,0.4248850643634796,-0.8960502743721008,-0.2565239667892456,-0.06,0.528670608997345,0.5127551555633545,-0.03426049277186394,-0.4285602867603302,-0.7476829886436462,0.06,0.9900425672531128,0.8465131521224976,0.23905962705612183,-0.2737888991832733,-0.4362421929836273,0.4730304181575775,0.360746294260025,-0.4007865786552429,1.2343964576721191,-1.4628446102142334,-0.03,0.12562906742095947,0.07200024276971817
1.5081709623336792,0.02324778027832508,0.6475207805633545,-0.12477074563503265,-0.04223780333995819,0.4308263957500458,-0.8927691578865051,-0.27032676339149475,-0.06,0.5370827913284302,0.5369514226913452,-0.043054938316345215,-0.44540730118751526,-0.7571445107460022,0.06,1.017263412475586,0.8585577607154846,0.24,-0.28014570474624634,-0.4321742355823517,0.46612778306007385,0.3513116240501404,-0.40237024426460266,1.2696845531463623,-1.4815253019332886,-0.03,0.13117094337940216,0.044089581817388535
1.5096224546432495,0.025783121585845947,0.6452049612998962,-0.12767045199871063,-0.04315043240785599,0.4363200068473816,-0.8896421790122986,-0.28444910049438477,-0.06,0.5439925193786621,0.561275839805603,-0.05293884128332138,-0.4622053802013397,-0.7662815451622009,0.06,1.0442525148391724,0.8705890774726868,0.24,-0.2868421971797943,-0.42912477254867554,0.4623109996318817,0.3441329896450043,-0.3970121741294861,1.3033702373504639,-1.4976251125335693,-0.03,0.13517765700817108,0.01872403174638748
1.5110069513320923,0.028311388567090034,0.6428365111351013,-0.1305406093597412,-0.04395049065351486,0.44139420986175537,-0.8866783380508423,-0.29867932200431824,-0.06,0.5493066310882568,0.5856375098228455,-0.06407531350851059,-0.4789137840270996,-0.7749413847923279,0.06,1.0705302953720093,0.8825671672821045,0.24,-0.29379090666770935,-0.42675361037254333,0.46155786514282227,0.33923590183258057,-0.3840247690677643,1.3358489274978638,-1.5115514993667603,-0.03,0.13806705176830292,-0.0033965480979532003
1.5122816562652588,0.030783895403146744,0.6404367685317993,-0.1333131343126297,-0.044661909341812134,0.44609567523002625,-0.883872926235199,-0.31284022331237793,-0.06,0.553467869758606,0.6097169518470764,-0.0755971372127533,-0.49529650807380676,-0.7831093668937683,0.06,1.0958772897720337,0.8944507241249084,0.24,-0.30078640580177307,-0.4247371256351471,0.4637185037136078,0.33648473024368286,-0.36337733268737793,1.3672032356262207,-1.524063229560852,-0.03,0.14021319150924683,-0.021803271025419235
1.513418197631836,0.033189352601766586,0.6380506753921509,-0.13597212731838226,-0.0453115813434124,0.4504493176937103,-0.8812228441238403,-0.3266959488391876,-0.06,0.5569024085998535,0.6328580975532532,-0.08654191344976425,-0.5109177231788635,-0.7909149527549744,0.06,1.1199924945831299,0.9060930013656616,0.24,-0.30752459168434143,-0.4227961599826813,0.4683661162853241,0.3355344831943512,-0.33628109097480774,1.3971892595291138,-1.535752534866333,-0.03,0.14213652908802032,-0.03688929229974747
1.514420986175537,0.035543255507946014,0.6357516050338745,-0.13858215510845184,-0.045885682106018066,0.4545000195503235,-0.8787031173706055,-0.3399052917957306,-0.06,0.5600209832191467,0.6542191505432129,-0.09703576564788818,-0.525360643863678,-0.7986419200897217,0.06,1.1425416469573975,0.9173859357833862,0.24,-0.3137228190898895,-0.42054682970046997,0.4748319089412689,0.33581551909446716,-0.3048797845840454,1.4253349304199219,-1.546988844871521,-0.03,0.14447318017482758,-0.049316082149744034
1.515292763710022,0.03784523904323578,0.6335775256156921,-0.14121496677398682,-0.04636209458112717,0.45827949047088623,-0.8762926459312439,-0.3522550165653229,-0.06,0.5630558729171753,0.673281729221344,-0.10676856338977814,-0.5383266806602478,-0.8059712648391724,0.06,1.164232850074768,0.9277552962303162,0.24,-0.3194446563720703,-0.41762617230415344,0.48247823119163513,0.33671268820762634,-0.2714061737060547,1.4510818719863892,-1.5581016540527344,-0.03,0.14765013754367828,-0.05959874019026756
1.5160349607467651,0.040083590894937515,0.6315251588821411,-0.14390823245048523,-0.046743959188461304,0.4617348611354828,-0.8740173578262329,-0.3637509047985077,-0.06,0.5661337971687317,0.6900206804275513,-0.11512669175863266,-0.5497241616249084,-0.8129746317863464,0.06,1.1848684549331665,0.9371119737625122,0.24,-0.3245820105075836,-0.4139777719974518,0.4908355474472046,0.3376162052154541,-0.237503781914711,1.46,-1.5694128274917603,-0.03,0.15177057683467865,-0.0683681070804596
1.516648292541504,0.042241793125867844,0.6295911073684692,-0.14665547013282776,-0.04704185202717781,0.46481823921203613,-0.8719077706336975,-0.3744399845600128,-0.06,0.5694919228553772,0.7046770453453064,-0.1221381202340126,-0.5596399903297424,-0.8197774291038513,0.06,1.2040809392929077,0.9455209374427795,0.24,-0.32909297943115234,-0.4097624719142914,0.4996981620788574,0.33800259232521057,-0.20445382595062256,1.46,-1.5812548398971558,-0.03,0.15666750073432922,-0.07608505338430405
1.5171297788619995,0.044314827769994736,0.6277923583984375,-0.14943665266036987,-0.04725555330514908,0.46743133664131165,-0.8700249791145325,-0.38431811332702637,-0.06,0.5728954076766968,0.7172349691390991,-0.12751314043998718,-0.5679763555526733,-0.8264338374137878,0.06,1.221642255783081,0.953034520149231,0.24,-0.3330087959766388,-0.4054749011993408,0.5089506506919861,0.33747953176498413,-0.17311128973960876,1.46,-1.5940231084823608,-0.03,0.16197121143341064,-0.08275329321622849
1.5174787044525146,0.04629398509860039,0.6261399388313293,-0.1522200107574463,-0.04735526815056801,0.46945828199386597,-0.8684442639350891,-0.3933703899383545,-0.06,0.5760406851768494,0.7278415560722351,-0.13147787749767303,-0.574741005897522,-0.8328463435173035,0.06,1.2375820875167847,0.9597992300987244,0.24,-0.3365190029144287,-0.40172499418258667,0.51846843957901,0.3359145522117615,-0.1442171335220337,1.46,-1.6079671382904053,-0.03,0.16715611517429352,-0.08824708312749863
1.5176936388015747,0.04815497621893883,0.6246067881584167,-0.1549609899520874,-0.04731383174657822,0.47081536054611206,-0.8672261834144592,-0.40167132019996643,-0.06,0.5786310434341431,0.7369651794433594,-0.13419033586978912,-0.5801705718040466,-0.8387346863746643,0.06,1.2523971796035767,0.9660796523094177,0.24,-0.3400105834007263,-0.3990020453929901,0.5281386971473694,0.3334825932979584,-0.11811991035938263,1.46,-1.622951865196228,-0.03,0.17161746323108673,-0.09291225671768188
1.5177669525146484,0.049880389124155045,0.62314772605896,-0.1576259434223175,-0.04717503488063812,0.4714567959308624,-0.8664045333862305,-0.40949544310569763,-0.06,0.5805504322052002,0.7452162504196167,-0.13554903864860535,-0.5845372080802917,-0.8441984057426453,0.06,1.266361117362976,0.9720935225486755,0.24,-0.34360018372535706,-0.39764469861984253,0.53780597448349,0.33054685592651367,-0.09481853246688843,1.46,-1.6384620666503906,-0.03,0.1747872233390808,-0.09755918383598328
1.5176770687103271,0.051464684307575226,0.6217373609542847,-0.16018709540367126,-0.04703681915998459,0.4713543653488159,-0.8659979701042175,-0.417160302400589,-0.06,0.5818139910697937,0.7530061602592468,-0.1352672427892685,-0.5879577994346619,-0.849262535572052,0.06,1.2797136306762695,0.9775151014328003,0.24,-0.3472283184528351,-0.39795565605163574,0.5472413897514343,0.32748234272003174,-0.07389428466558456,1.46,-1.6537820100784302,-0.03,0.176191508769989,-0.10268713533878326
1.5174264907836914,0.052891384810209274,0.6203669309616089,-0.16263386607170105,-0.046932466328144073,0.47046133875846863,-0.8660332560539246,-0.4247058928012848,-0.06,0.5824568271636963,0.7604159116744995,-0.1330629289150238,-0.5900000000000001,-0.8538620471954346,0.06,1.2926578521728516,0.9822932481765747,0.24,-0.3509760797023773,-0.40031930804252625,0.556172251701355,0.3245445191860199,-0.05484119802713394,1.46,-1.6682318449020386,-0.03,0.17552806437015533,-0.10805644094944
1.517024040222168,0.0541338250041008,0.6190491318702698,-0.1649823635816574,-0.04688803851604462,0.4687604010105133,-0.8665136098861694,-0.4320540130138397,-0.06,0.5825415849685669,0.7672581672668457,-0.1287759691476822,-0.5900000000000001,-0.8576051592826843,0.06,1.3052425384521484,0.9869489669799805,0.24,-0.35568928718566895,-0.4050309956073761,0.5642806887626648,0.32201147079467773,-0.03698583319783211,1.46,-1.6813443899154663,-0.03,0.17256036400794983,-0.11325620114803314
1.5164580345153809,0.055178869515657425,0.6178733706474304,-0.1672455072402954,-0.04701754078269005,0.4662913978099823,-0.8674044013023376,-0.43911585211753845,-0.06,0.5822224020957947,0.772794246673584,-0.12228342890739441,-0.5900000000000001,-0.8604063391685486,0.06,1.3173339366912842,0.9907460808753967,0.24,-0.361255407333374,-0.41226881742477417,0.5711967945098877,0.3202177882194519,-0.019380386918783188,1.46,-1.6927345991134644,-0.03,0.1668844074010849,-0.1181536465883255
1.515738844871521,0.05599743872880936,0.6170106530189514,-0.16929250955581665,-0.047352470457553864,0.463149756193161,-0.8686712980270386,-0.44522276520729065,-0.06,0.5817416310310364,0.7757349014282227,-0.1134098619222641,-0.5897471904754639,-0.8629846572875977,0.06,1.3282389640808105,0.994277834892273,0.24,-0.3668607473373413,-0.42220571637153625,0.5769057273864746,0.319449245929718,-0.001105157658457756,1.46,-1.7017309665679932,-0.03,0.1578332483768463,-0.12274365872144699
1.514898419380188,0.05650974437594414,0.6166013479232788,-0.17089605331420898,-0.04773085191845894,0.4594167172908783,-0.8703174591064453,-0.4492899179458618,-0.06,0.5810757875442505,0.7751054167747498,-0.10230255126953125,-0.585199773311615,-0.8649105429649353,0.06,1.3357816934585571,0.9965195059776306,0.24,-0.37156227231025696,-0.4350663125514984,0.5820240378379822,0.3199504315853119,0.01802954263985157,1.46,-1.7077316045761108,-0.03,0.14469954371452332,-0.1276826113462448
1.513952374458313,0.05663801729679108,0.6167250275611877,-0.17185941338539124,-0.048075735569000244,0.4552842974662781,-0.8722781538963318,-0.45080074667930603,-0.06,0.5799430012702942,0.7706946134567261,-0.08981730788946152,-0.578364372253418,-0.8655079007148743,0.06,1.339147686958313,0.9964414238929749,0.24,-0.3746874928474426,-0.45072734355926514,0.5873363614082336,0.32201653718948364,0.03833141550421715,1.4496365785598755,-1.7107511758804321,-0.03,0.1266442984342575,-0.13353882730007172
1.51288640499115,0.056345440447330475,0.6174319982528687,-0.1721004992723465,-0.04846704751253128,0.4508674144744873,-0.8745003342628479,-0.44989117980003357,-0.06,0.5778356194496155,0.7625195384025574,-0.07698122411966324,-0.5693584084510803,-0.8644965887069702,0.06,1.338308572769165,0.9937114119529724,0.24,-0.3759326636791229,-0.469169020652771,0.5936635136604309,0.32602065801620483,0.060953132808208466,1.4285242557525635,-1.7112417221069336,-0.03,0.10334542393684387,-0.1404172033071518
1.5116939544677734,0.05561862513422966,0.6187415719032288,-0.17165222764015198,-0.04903188347816467,0.4461174011230469,-0.876989483833313,-0.4469376802444458,-0.06,0.5741502642631531,0.7505488395690918,-0.06456156075000763,-0.5581596493721008,-0.8616886138916016,0.06,1.333657145500183,0.9883384108543396,0.24,-0.3753461539745331,-0.4906432032585144,0.6016784310340881,0.33236464858055115,0.0873585045337677,1.4067360162734985,-1.7099484205245972,-0.03,0.07479593902826309,-0.1480850726366043
1.5103778839111328,0.054441891610622406,0.6206687688827515,-0.17049649357795715,-0.049797892570495605,0.4408738315105438,-0.8798189163208008,-0.44207072257995605,-0.06,0.568108320236206,0.7347347736358643,-0.05332737788558006,-0.5447043776512146,-0.856817901134491,0.06,1.325393557548523,0.9801988005638123,0.24,-0.37316539883613586,-0.5155045986175537,0.6120937466621399,0.34151336550712585,0.11875749379396439,1.384541392326355,-1.7070115804672241,-0.03,0.041111428290605545,-0.14999999999999997
1.5089396238327026,0.05280279368162155,0.6232154965400696,-0.16851632297039032,-0.05072735622525215,0.43495774269104004,-0.8830858469009399,-0.43525370955467224,-0.06,0.5590241551399231,0.7152212262153625,-0.04379740729928017,-0.5290060639381409,-0.8499088287353516,0.06,1.3129310607910156,0.9689264297485352,0.24,-0.3690246343612671,-0.5438791513442993,0.6258722543716431,0.3539779782295227,0.1556299924850464,1.3615062236785889,-1.7017797231674194,-0.03,0.003158981679007411,-0.14999999999999997
1.5073437690734863,0.05072227120399475,0.626341700553894,-0.16557753086090088,-0.05180984362959862,0.4282102584838867,-0.886868417263031,-0.42670467495918274,-0.06,0.546476423740387,0.6925479173660278,-0.03609713539481163,-0.5111938714981079,-0.8410260081291199,0.06,1.2951991558074951,0.9546945691108704,0.24,-0.36297354102134705,-0.5756540298461914,0.643713116645813,0.3701416552066803,0.19818365573883057,1.3368711471557617,-1.6934937238693237,-0.03,-0.03737206012010574,-0.14999999999999997
1.505560040473938,0.048249028623104095,0.6300170421600342,-0.16158056259155273,-0.05300236865878105,0.4205050766468048,-0.8912115097045898,-0.4164820909500122,-0.06,0.5302789807319641,0.6668944358825684,-0.03002709522843361,-0.4912221133708954,-0.8301909565925598,0.06,1.2717788219451904,0.9369589686393738,0.24,-0.3547009527683258,-0.6106404662132263,0.6656578779220581,0.3900568187236786,0.24642321467399597,1.3105840682983398,-1.6814395189285278,-0.03,-0.078605517745018,-0.14999999999999997
1.5035679340362549,0.0454440638422966,0.6342154741287231,-0.15647615492343903,-0.05426298826932907,0.41175326704978943,-0.8961192965507507,-0.4045850932598114,-0.06,0.510553240776062,0.6382436156272888,-0.025605544447898865,-0.46901118755340576,-0.8174670338630676,0.06,1.2427771091461182,0.9146590828895569,0.24,-0.34369516372680664,-0.6486598253250122,0.691274881362915,0.41350406408309937,0.3004106879234314,1.282876968383789,-1.665250539779663,-0.03,-0.11908270418643951,-0.14999999999999997
1.501341462135315,0.042365580797195435,0.6388481259346008,-0.1502610296010971,-0.05560693517327309,0.40187156200408936,-0.9015700817108154,-0.3914027512073517,-0.06,0.48736515641212463,0.6070489883422852,-0.022486435249447823,-0.4446883499622345,-0.8029373288154602,0.06,1.2086254358291626,0.8871031999588013,0.24,-0.32979607582092285,-0.6896262168884277,0.7199861407279968,0.44002479314804077,0.3601433038711548,1.2534536123275757,-1.6451327800750732,-0.03,-0.1576133370399475,-0.14999999999999997
1.4988632202148438,0.03906434029340744,0.6437824368476868,-0.1430041491985321,-0.05708329379558563,0.39080625772476196,-0.9075029492378235,-0.3775235414505005,-0.06,0.46103110909461975,0.5739551186561584,-0.020040074363350868,-0.4185277819633484,-0.7865225672721863,0.06,1.169984221458435,0.8543044328689575,0.24,-0.3134925067424774,-0.7333977818489075,0.7510046362876892,0.46890267729759216,0.42494669556617737,1.2212311029434204,-1.6216546297073364,-0.03,-0.1927715390920639,-0.14999999999999997
1.496119737625122,0.03556932136416435,0.6488826870918274,-0.13484138250350952,-0.05877935141324997,0.3785865306854248,-0.913802444934845,-0.36354121565818787,-0.06,0.4321787655353546,0.5393440127372742,-0.017208613455295563,-0.39069658517837524,-0.7679451704025269,0.06,1.128127932548523,0.8167226314544678,0.24,-0.2952188551425934,-0.779568076133728,0.7831918001174927,0.4992179572582245,0.49360883235931396,1.1846776008605957,-1.595500111579895,-0.03,-0.2227863222360611,-0.14857260882854462
1.493148684501648,0.03191497549414635,0.6539421081542969,-0.12606073915958405,-0.06076401099562645,0.3653223514556885,-0.9203020334243774,-0.35020676255226135,-0.06,0.4014190137386322,0.5038652420043945,-0.012751555070281029,-0.3616287112236023,-0.7477256655693054,0.06,1.0834242105484009,0.7758958339691162,0.24,-0.27526241540908813,-0.8273082375526428,0.8150901198387146,0.5299068093299866,0.5641494393348694,1.1415295600891113,-1.568068027496338,-0.03,-0.2455906867980957,-0.12499132752418518
1.4900485277175903,0.0281484667211771,0.6587546467781067,-0.11706221848726273,-0.06295802444219589,0.3511355519294739,-0.9268421530723572,-0.3379237949848175,-0.06,0.3693845570087433,0.46817928552627563,-0.006555234082043171,-0.3319767713546753,-0.7265631556510925,0.06,1.036487102508545,0.7339214086532593,0.24,-0.2545151710510254,-0.8755863904953003,0.8442884087562561,0.5598429441452026,0.6332789659500122,1.0892142057418823,-1.54133939743042,-0.03,-0.25899219512939453,-0.09714905917644501
1.4869567155838013,0.02436063624918461,0.6631445288658142,-0.10836353152990341,-0.06518445909023285,0.3362556993961334,-0.9332419037818909,-0.32662850618362427,-0.06,0.3364000916481018,0.4323611259460449,0.0013621033867821097,-0.302124559879303,-0.7054982781410217,0.04854645952582359,0.9883134365081787,0.6932181715965271,0.24,-0.23422464728355408,-0.9229549169540405,0.8664600253105164,0.5883921384811401,0.6963798999786377,1.0260132551193237,-1.5176695585250854,-0.03,-0.2612057030200958,-0.06859900057315826
1.4840037822723389,0.020640844479203224,0.6668660044670105,-0.10044422745704651,-0.0672544464468956,0.32164880633354187,-0.9391111731529236,-0.3169623017311096,-0.06,0.30407968163490295,0.3990539312362671,0.009571697562932968,-0.2741580307483673,-0.6856786608695984,0.038663480430841446,0.9420843720436096,0.6568077802658081,0.2306085079908371,-0.21597827970981598,-0.9661754965782166,0.8763009309768677,0.6155635118484497,0.7486959099769592,0.9512762427330017,-1.4998893737792969,-0.03,-0.2510366141796112,-0.04486694186925888
1.4814696311950684,0.017085159197449684,0.6699256300926208,-0.09412594884634018,-0.06857934594154358,0.3081987202167511,-0.9441666007041931,-0.3094944357872009,-0.06,0.27215662598609924,0.3731047511100769,0.005145281087607145,-0.25148388743400574,-0.6675636768341064,0.03023473545908928,0.9016604423522949,0.6273640990257263,0.21651014685630798,-0.2017967849969864,-1.0028542280197144,0.868911623954773,0.6388272643089294,0.7882273197174072,0.8618589639663696,-1.4901612997055054,-0.03,-0.22790312767028809,-0.03428468480706215
1.4795925617218018,0.013685268349945545,0.6722292900085449,-0.08926134556531906,-0.06849542260169983,0.29641959071159363,-0.9484071135520935,-0.30085548758506775,-0.06,0.24377642571926117,0.35179224610328674,-0.0011777160689234734,-0.23352424800395966,-0.6510029435157776,0.0237809419631958,0.8665698766708374,0.6081637740135193,0.20407626032829285,-0.1934880167245865,-1.0321135520935059,0.8438901901245117,0.6547992825508118,0.8170681595802307,0.7528675198554993,-1.4863828420639038,-0.03,-0.1940496414899826,-0.04416903853416443
1.4783682823181152,0.01044181827455759,0.6739453673362732,-0.0852578654885292,-0.067054383456707,0.2860932946205139,-0.9520426392555237,-0.2904107868671417,-0.06,0.21825286746025085,0.3340946435928345,-0.006749353371560574,-0.21949535608291626,-0.6355152130126953,0.0187830813229084,0.833241879940033,0.5974029898643494,0.19197586178779602,-0.18971239030361176,-1.0543959140777588,0.8025895357131958,0.6644134521484375,0.8380617499351501,0.6278483867645264,-1.4852362871170044,-0.03,-0.15708976984024048,-0.07486411184072495
1.477609634399414,0.007293935865163803,0.6752829551696777,-0.08133015781641006,-0.06485992670059204,0.2768156826496124,-0.9552755951881409,-0.28025585412979126,-0.06,0.19400446116924286,0.3219302296638489,-0.011855686083436012,-0.20973220467567444,-0.6195282936096191,0.015393801964819431,0.8027496337890625,0.5905656218528748,0.1811864674091339,-0.18848644196987152,-1.0698457956314087,0.7470176219940186,0.6719369888305664,0.8525305390357971,0.4967607259750366,-1.4849058389663696,-0.03,-0.1279032677412033,-0.11714264750480652
1.4771896600723267,0.004171237349510193,0.6763493418693542,-0.07700049877166748,-0.06234366074204445,0.2679458558559418,-0.9583261609077454,-0.27192211151123047,-0.06,0.17116950452327728,0.3167259097099304,-0.01728305034339428,-0.20451004803180695,-0.6027035713195801,0.013618049211800098,0.7728024125099182,0.5855292081832886,0.1704678237438202,-0.1888933926820755,-1.0794044733047485,0.6794484257698059,0.6802950501441956,0.8616697788238525,0.36975112557411194,-1.4839892387390137,-0.03,-0.11354847252368927,-0.14999999999999997
1.4770431518554688,0.001068638637661934,0.6771777868270874,-0.07237803936004639,-0.05973881110548973,0.25912240147590637,-0.9612742066383362,-0.26567521691322327,-0.06,0.1501520276069641,0.31759193539619446,-0.02320300228893757,-0.20312874019145966,-0.5856370329856873,0.013085845857858658,0.7429531812667847,0.5819818377494812,0.15992781519889832,-0.19054681062698364,-1.0835593938827515,0.6020935773849487,0.6897222399711609,0.865537166595459,0.25150686502456665,-1.4812647104263306,-0.03,-0.11390012502670288,-0.14999999999999997
1.477129340171814,-0.0019510285928845406,0.6778256893157959,-0.0680256187915802,-0.057166945189237595,0.2501213252544403,-0.9641284346580505,-0.2607588469982147,-0.06,0.1295517534017563,0.32069897651672363,-0.028784049674868584,-0.20316031575202942,-0.5694814324378967,0.012758183293044567,0.7137447595596313,0.5804121494293213,0.14979660511016846,-0.19355109333992004,-1.0826737880706787,0.5169115662574768,0.6980069875717163,0.8625662922859192,0.1414462774991989,-1.4765554666519165,-0.03,-0.12386591732501984,-0.14999999999999997
1.477327823638916,-0.004861232824623585,0.6783584356307983,-0.0641956701874733,-0.05474413186311722,0.24112825095653534,-0.9668191075325012,-0.2563731074333191,-0.052841220051050186,0.10917676240205765,0.3234153985977173,-0.0341029018163681,-0.20311062037944794,-0.5546191334724426,0.012157506309449673,0.6857197284698486,0.5799325704574585,0.14016126096248627,-0.19762536883354187,-1.076230764389038,0.4256172776222229,0.7032488584518433,0.8501107692718506,0.03999122604727745,-1.468894600868225,-0.03,-0.13663387298583984,-0.14999999999999997
1.4774683713912964,-0.007663278374820948,0.6788394451141357,-0.060797564685344696,-0.052572693675756454,0.23230570554733276,-0.9693160057067871,-0.2525840401649475,-0.045265376567840576,0.08929888904094696,0.325146347284317,-0.039219364523887634,-0.20243459939956665,-0.5409769415855408,0.011395763605833054,0.6589557528495789,0.5792432427406311,0.13144245743751526,-0.20141950249671936,-1.0639270544052124,0.32993850111961365,0.7046515941619873,0.8265082836151123,-0.04955347254872322,-1.4574930667877197,-0.03,-0.14722870290279388,-0.14999999999999997
1.4774339199066162,-0.010400945320725441,0.6792824864387512,-0.057600829750299454,-0.05060012638568878,0.22354212403297424,-0.9716740250587463,-0.24981504678726196,-0.037930529564619064,0.06942938268184662,0.3267805576324463,-0.04434237629175186,-0.2013731449842453,-0.5282193422317505,0.010818487033247948,0.6327104568481445,0.5781173706054688,0.12285591661930084,-0.20465344190597534,-1.0464376211166382,0.23292064666748047,0.7012246251106262,0.7933743000030518,-0.12457150220870972,-1.4428112506866455,-0.03,-0.15478123724460602,-0.14999999999999997
1.4772025346755981,-0.013144418597221375,0.6796841025352478,-0.054376594722270966,-0.0485508106648922,0.21450409293174744,-0.9739989638328552,-0.247954323887825,-0.03044879250228405,0.048777949064970016,0.32923492789268494,-0.04960033297538757,-0.2003103643655777,-0.5155586004257202,0.010529502294957638,0.6057889461517334,0.5769317746162415,0.11362220346927643,-0.2076706737279892,-1.0249894857406616,0.13840453326702118,0.6913616061210632,0.753604531288147,-0.14999999999999997,-1.4260587692260742,-0.03,-0.1602877825498581,-0.14999999999999997
1.4767929315567017,-0.01589558646082878,0.6800422668457031,-0.051106277853250504,-0.04618963971734047,0.2048129141330719,-0.976374089717865,-0.2464846521615982,-0.023065252229571342,0.026530081406235695,0.3322541117668152,-0.055051300674676895,-0.19909802079200745,-0.5025234818458557,0.010155507363379002,0.5773770213127136,0.5761521458625793,0.10360648483037949,-0.21098248660564423,-1.0007081031799316,0.048886366188526154,0.6735904216766357,0.7088757753372192,-0.14999999999999997,-1.4089462757110596,-0.03,-0.16470025479793549,-0.14999999999999997
1.4761966466903687,-0.01859980821609497,0.680338978767395,-0.04786745086312294,-0.04354118928313255,0.1942739486694336,-0.978810727596283,-0.24572406709194183,-0.016126805916428566,0.0024551721289753914,0.3359454274177551,-0.060525573790073395,-0.19760359823703766,-0.48926687240600586,0.009350886568427086,0.5474036335945129,0.5758113861083984,0.09356403350830078,-0.21466384828090668,-0.9741694927215576,-0.03424254059791565,0.6471289992332458,0.6601353883743286,-0.14999999999999997,-1.3926359415054321,-0.03,-0.1686212569475174,-0.14999999999999997
1.4753776788711548,-0.021189430728554726,0.6805274486541748,-0.0446566641330719,-0.04080480709671974,0.18279193341732025,-0.981288731098175,-0.24690650403499603,-0.009760627523064613,-0.023940956220030785,0.3414914011955261,-0.0659259557723999,-0.1962348222732544,-0.47631099820137024,0.008128856308758259,0.5160003304481506,0.5758693218231201,0.08432698994874954,-0.2185981571674347,-0.9458954930305481,-0.10966182500123978,0.6120155453681946,0.6084555983543396,-0.14999999999999997,-1.377497673034668,-0.034486643970012665,-0.17150868475437164,-0.14999999999999997
1.4743008613586426,-0.023624323308467865,0.6805360317230225,-0.041378214955329895,-0.03824163228273392,0.17032340168952942,-0.9837759733200073,-0.251613587141037,-0.003926290664821863,-0.05331111326813698,0.35060930252075195,-0.07153863459825516,-0.19573503732681274,-0.4643275737762451,0.0068281651474535465,0.48329591751098633,0.5764750242233276,0.07645422220230103,-0.22272749245166779,-0.916432797908783,-0.17618662118911743,0.5690832734107971,0.5548491477966309,-0.14999999999999997,-1.3632736206054688,-0.03850485756993294,-0.17243309319019318,-0.14999999999999997
1.4729642868041992,-0.02587237022817135,0.6803288459777832,-0.03809724375605583,-0.03610023856163025,0.15701483190059662,-0.9862005710601807,-0.26052090525627136,0.0010175255592912436,-0.08545845001935959,0.3635202944278717,-0.07725609838962555,-0.1961640864610672,-0.4540320336818695,0.00551581010222435,0.45007339119911194,0.5776581168174744,0.07094267755746841,-0.2269076704978943,-0.886267900466919,-0.23307320475578308,0.5203716158866882,0.5002405047416687,-0.14999999999999997,-1.3500779867172241,-0.04115750640630722,-0.17140184342861176,-0.14999999999999997
1.4714096784591675,-0.027936497703194618,0.6799267530441284,-0.03491707518696785,-0.03452100232243538,0.14302308857440948,-0.9885005354881287,-0.2730731666088104,0.004659655038267374,-0.1199411004781723,0.378797709941864,-0.0830145925283432,-0.19693981111049652,-0.445968896150589,0.004179100040346384,0.41673344373703003,0.5798683762550354,0.06670258194208145,-0.23157180845737457,-0.8563969135284424,-0.2797887921333313,0.46867457032203674,0.4456937611103058,-0.14999999999999997,-1.338071346282959,-0.042308155447244644,-0.16898895800113678,-0.14999999999999997
1.4697113037109375,-0.02984880656003952,0.6794067621231079,-0.031704455614089966,-0.03355168551206589,0.12858398258686066,-0.9906235933303833,-0.288420706987381,0.007243452128022909,-0.15615572035312653,0.3951866030693054,-0.08899655193090439,-0.19758141040802002,-0.4403388202190399,0.003215199802070856,0.38251587748527527,0.5834751129150391,0.06002955883741379,-0.23654627799987793,-0.827940821647644,-0.316226601600647,0.41643548011779785,0.3908243477344513,-0.14999999999999997,-1.3268539905548096,-0.04162256419658661,-0.1659165620803833,-0.14999999999999997
1.4679737091064453,-0.03164677694439888,0.6788020133972168,-0.028288181871175766,-0.033087704330682755,0.11402829736471176,-0.992523193359375,-0.3058953285217285,0.00912823062390089,-0.1930377036333084,0.41271108388900757,-0.09480371326208115,-0.19846537709236145,-0.4357765018939972,0.002712282119318843,0.3483882546424866,0.5865890979766846,0.05376952141523361,-0.2411300390958786,-0.8017227649688721,-0.3430909216403961,0.3648262023925781,0.33360546827316284,-0.14999999999999997,-1.3163000345230103,-0.0390661358833313,-0.16320209205150604,-0.14999999999999997
1.4662848711013794,-0.03330967202782631,0.6781714558601379,-0.024526163935661316,-0.03300423547625542,0.09983649849891663,-0.9941537380218506,-0.32476627826690674,0.010664716362953186,-0.2289341539144516,0.4313288629055023,-0.0995810255408287,-0.1999874711036682,-0.4314746856689453,0.002999055664986372,0.3148682713508606,0.5882481932640076,0.04782998561859131,-0.24489200115203857,-0.7780470252037048,-0.361881822347641,0.3140745759010315,0.2724449634552002,-0.14999999999999997,-1.3067359924316406,-0.03489561378955841,-0.16284461319446564,-0.14999999999999997
1.4647308588027954,-0.03479401394724846,0.6775039434432983,-0.02048606052994728,-0.033114656805992126,0.08635536581277847,-0.9955030679702759,-0.344393789768219,0.011832216754555702,-0.26062047481536865,0.4509512484073639,-0.10342931747436523,-0.20183122158050537,-0.4272419512271881,0.0040932814590632915,0.282734215259552,0.5888755321502686,0.04237880930304527,-0.24806414544582367,-0.75728440284729,-0.374290406703949,0.26383858919143677,0.20755554735660553,-0.14999999999999997,-1.2987667322158813,-0.03,-0.1668049544095993,-0.14999999999999997
1.4634044170379639,-0.03607391193509102,0.6767734289169312,-0.016236407682299614,-0.033103976398706436,0.07361701875925064,-0.9966046810150146,-0.36364755034446716,0.012495786882936954,-0.28682106733322144,0.4713539183139801,-0.10729004442691803,-0.2040824145078659,-0.4225970506668091,0.005766769405454397,0.2520368993282318,0.5892347693443298,0.037477776408195496,-0.2512804865837097,-0.7401826977729797,-0.3816603422164917,0.21391652524471283,0.14034201204776764,-0.14999999999999997,-1.292648196220398,-0.03,-0.17589181661605835,-0.14999999999999997
1.4623699188232422,-0.03714412823319435,0.6759997606277466,-0.011809107847511768,-0.03271064907312393,0.0615336149930954,-0.9974989295005798,-0.3814302086830139,0.012717099860310555,-0.30850547552108765,0.4920973777770996,-0.11143488436937332,-0.20687314867973328,-0.41680535674095154,0.007786065340042114,0.2224869579076767,0.5893838405609131,0.033141814172267914,-0.2548278272151947,-0.7272757887840271,-0.3851068913936615,0.16428515315055847,0.07218693941831589,-0.14999999999999997,-1.2885130643844604,-0.03,-0.18971605598926544,-0.14999999999999997
1.4616361856460571,-0.03799189254641533,0.6752427220344543,-0.007386741228401661,-0.03186852112412453,0.050129495561122894,-0.9982067942619324,-0.3975684940814972,0.01238411944359541,-0.3271958827972412,0.5132677555084229,-0.11289046704769135,-0.21059155464172363,-0.40963059663772583,0.009771964512765408,0.1942119002342224,0.58907550573349,0.029303574934601784,-0.2586771845817566,-0.7183854579925537,-0.3853835165500641,0.11495070159435272,0.003693642793223262,-0.14999999999999997,-1.2867048978805542,-0.03,-0.20697826147079468,-0.14999999999999997
1.461207628250122,-0.03863003849983215,0.674483060836792,-0.00315483589656651,-0.030492015182971954,0.03941676393151283,-0.9987524151802063,-0.41112691164016724,0.011549202725291252,-0.34400102496147156,0.5335955023765564,-0.11371500045061111,-0.21480044722557068,-0.4013037085533142,0.011466915719211102,0.16749393939971924,0.5890877842903137,0.026157500222325325,-0.2631036341190338,-0.7131364941596985,-0.38216960430145264,0.06672105193138123,-0.064346082508564,-0.14999999999999997,-1.2873672246932983,-0.03,-0.22596332430839539,-0.14999999999999997
1.461065649986267,-0.03905055671930313,0.6737361550331116,0.0005470543401315808,-0.028533868491649628,0.029240857809782028,-0.9991647601127625,-0.4212663769721985,0.009709617123007774,-0.3607856333255768,0.5518274307250977,-0.11433680355548859,-0.21905389428138733,-0.3921352028846741,0.012104510329663754,0.14239972829818726,0.5901747941970825,0.023767510429024696,-0.2685498297214508,-0.7113207578659058,-0.3751857876777649,0.03,-0.13021986186504364,-0.14999999999999997,-1.2907861471176147,-0.03,-0.24450060725212097,-0.14999999999999997
1.461116909980774,-0.03925550356507301,0.6730702519416809,0.0033846404403448105,-0.026188498362898827,0.01950865238904953,-0.9994609355926514,-0.4274296760559082,0.006471169181168079,-0.37937161326408386,0.5659563541412354,-0.11546013504266739,-0.22239990532398224,-0.3827681541442871,0.01099172793328762,0.11914017796516418,0.5923693776130676,0.022189239040017128,-0.2748416066169739,-0.7122317552566528,-0.36518052220344543,0.03,-0.1914728283882141,-0.14999999999999997,-1.297597050666809,-0.03,-0.26087072491645813,-0.14999999999999997
1.4611717462539673,-0.03935059905052185,0.6725233197212219,0.005418464541435242,-0.02404329553246498,0.010250846855342388,-0.9996436238288879,-0.4311251938343048,0.0022361797746270895,-0.3995090425014496,0.5755205154418945,-0.11759774386882782,-0.22411519289016724,-0.37447699904441833,0.00856480561196804,0.09777993708848953,0.5949426889419556,0.021005554124712944,-0.2810449004173279,-0.7142558693885803,-0.35372528433799744,0.03,-0.24522268772125244,-0.14999999999999997,-1.307915449142456,-0.03,-0.27497535943984985,-0.14999999999999997
1.461097002029419,-0.039530325680971146,0.672135055065155,0.007240484934300184,-0.022534728050231934,0.0011843278771266341,-0.9997190833091736,-0.4349091351032257,-0.002018369035795331,-0.41990000009536743,0.5821694135665894,-0.1196882501244545,-0.22412899136543274,-0.3676976263523102,0.0062012746930122375,0.07644329965114594,0.5968716740608215,0.017075996845960617,-0.2863636910915375,-0.7160579562187195,-0.34206146001815796,0.03,-0.29023271799087524,-0.14999999999999997,-1.3199927806854248,-0.03,-0.2875409424304962,-0.14999999999999997
1.4608831405639648,-0.03984983265399933,0.6719068288803101,0.009256643243134022,-0.02169976942241192,-0.007942723110318184,-0.999690055847168,-0.4395698010921478,-0.005600409582257271,-0.44078463315963745,0.5867117047309875,-0.12219559401273727,-0.22270222008228302,-0.3625601530075073,0.004580632783472538,0.0529361218214035,0.5986495018005371,0.0057238200679421425,-0.2915303409099579,-0.7164064049720764,-0.33105623722076416,0.03,-0.32673168182373047,-0.14999999999999997,-1.331587314605713,-0.03312740474939346,-0.29899168014526367,-0.14999999999999997
1.4606225490570068,-0.04022876173257828,0.6718152165412903,0.011414862237870693,-0.021170036867260933,-0.017057601362466812,-0.999565064907074,-0.44413062930107117,-0.008605696260929108,-0.4617820382118225,0.5893732309341431,-0.12516608834266663,-0.22033154964447021,-0.3586012125015259,0.0033959171269088984,0.02806670591235161,0.6010990738868713,-0.010286557488143444,-0.29605334997177124,-0.7140480875968933,-0.32080796360969543,0.03,-0.35514214634895325,-0.14999999999999997,-1.3425328731536865,-0.04193338006734848,-0.3090423345565796,-0.14999999999999997
1.4603749513626099,-0.0405997559428215,0.6717422008514404,0.013280171900987625,-0.020706405863165855,-0.026093080639839172,-0.9993568062782288,-0.4481445848941803,-0.012054137885570526,-0.48210641741752625,0.5909414887428284,-0.12810449302196503,-0.2173786759376526,-0.3540637791156769,0.0015272563323378563,0.0020298329181969166,0.6024290919303894,-0.030315816402435303,-0.30255165696144104,-0.7081409096717834,-0.31154587864875793,0.03,-0.37732213735580444,-0.14999999999999997,-1.3524348735809326,-0.05102072283625603,-0.31712985038757324,-0.14999999999999997
1.4602336883544922,-0.0410148948431015,0.6719133853912354,0.015137807466089725,-0.020059986039996147,-0.035163477063179016,-0.9990654587745667,-0.4501752555370331,-0.014784387312829494,-0.5017027854919434,0.589676022529602,-0.13030341267585754,-0.21345357596874237,-0.35026630759239197,-0.0003350436163600534,-0.02432621829211712,0.6058899760246277,-0.05075395479798317,-0.30631425976753235,-0.6986573338508606,-0.30307069420814514,0.03,-0.3962630033493042,-0.14999999999999997,-1.3597233295440674,-0.05996853858232498,-0.3239156901836395,-0.14999999999999997
1.4601762294769287,-0.04137105867266655,0.6720878481864929,0.016499405726790428,-0.01927497237920761,-0.04451463744044304,-0.9986864328384399,-0.45095375180244446,-0.018469838425517082,-0.5210193991661072,0.5869613885879517,-0.13300170004367828,-0.20864880084991455,-0.34402018785476685,-0.0033104494214057922,-0.05001012980937958,0.6061786413192749,-0.06796932965517044,-0.3115254342556,-0.6862894892692566,-0.29626503586769104,0.03,-0.41405555605888367,-0.14999999999999997,-1.366087794303894,-0.06832368671894073,-0.3291240334510803,-0.14999999999999997
1.4602384567260742,-0.04164937511086464,0.672269880771637,0.017468759790062904,-0.01824701391160488,-0.054364629089832306,-0.9982015490531921,-0.4504581391811371,-0.023095564916729927,-0.5401239395141602,0.5832768678665161,-0.13501210510730743,-0.2034369856119156,-0.3361583352088928,-0.0073433308862149715,-0.07493700832128525,0.6053280830383301,-0.07855591177940369,-0.31620514392852783,-0.6717889904975891,-0.29110828042030334,0.03,-0.43166714906692505,-0.14999999999999997,-1.3711093664169312,-0.07504356652498245,-0.3337969481945038,-0.14999999999999997
1.4604272842407227,-0.04184592515230179,0.6723707318305969,0.018063420429825783,-0.016927726566791534,-0.06474152207374573,-0.9975948333740234,-0.4490884244441986,-0.028816526755690575,-0.5588881373405457,0.5797118544578552,-0.13681010901927948,-0.1982324868440628,-0.32722237706184387,-0.012436517514288425,-0.09970398247241974,0.6048487424850464,-0.08498702943325043,-0.3215312063694,-0.6554483771324158,-0.28818559646606445,0.03,-0.4490645229816437,-0.14999999999999997,-1.3742668628692627,-0.07886619865894318,-0.33837276697158813,-0.14999999999999997
1.4607255458831787,-0.0419892854988575,0.6723501682281494,0.018351895734667778,-0.015421559102833271,-0.07565086334943771,-0.9968461394309998,-0.4474266469478607,-0.035657744854688644,-0.57748943567276,0.5767917037010193,-0.13846243917942047,-0.19322356581687927,-0.31785503029823303,-0.01849597692489624,-0.1251385360956192,0.6055911779403687,-0.08903083205223083,-0.32787206768989563,-0.637416422367096,-0.2879401445388794,0.03,-0.46636438369750977,-0.14999999999999997,-1.375666618347168,-0.07934151589870453,-0.3427999019622803,-0.14999999999999997
1.4611152410507202,-0.042141206562519073,0.672236442565918,0.018500450998544693,-0.013886550441384315,-0.0871661826968193,-0.9959250688552856,-0.44618985056877136,-0.04334588721394539,-0.5952121615409851,0.5747417211532593,-0.13952866196632385,-0.18811485171318054,-0.30855268239974976,-0.025164419785141945,-0.15214961767196655,0.6079574227333069,-0.09429854899644852,-0.3355562686920166,-0.6178992986679077,-0.29033613204956055,0.03,-0.48375973105430603,-0.14999999999999997,-1.3757343292236328,-0.07696063816547394,-0.34675154089927673,-0.14999999999999997
1.461595058441162,-0.04232890531420708,0.6720483899116516,0.018599728122353554,-0.012426232919096947,-0.09935310482978821,-0.9948007464408875,-0.4455382823944092,-0.05139202997088432,-0.6125432848930359,0.5730745196342468,-0.14054197072982788,-0.1827625036239624,-0.29915741086006165,-0.03220009058713913,-0.1810396909713745,0.6112733483314514,-0.10043562203645706,-0.3441888988018036,-0.5970457196235657,-0.2953092157840729,0.03,-0.5010885000228882,-0.14999999999999997,-1.374906063079834,-0.07267200201749802,-0.3502442538738251,-0.14999999999999997
1.4621586799621582,-0.04255079850554466,0.6718029379844666,0.018630482256412506,-0.011132726445794106,-0.11220581829547882,-0.9934478998184204,-0.445377379655838,-0.059713494032621384,-0.630254328250885,0.5712631344795227,-0.14185412228107452,-0.17703577876091003,-0.289564311504364,-0.039536844938993454,-0.2113431990146637,0.6149227619171143,-0.1061708852648735,-0.35338154435157776,-0.574998676776886,-0.30281057953834534,0.03,-0.5174804925918579,-0.14999999999999997,-1.373681664466858,-0.0671452060341835,-0.3536999821662903,-0.14999999999999997
1.46280837059021,-0.04280281811952591,0.6715354919433594,0.018552672117948532,-0.010024149902164936,-0.12568464875221252,-0.9918460845947266,-0.44531285762786865,-0.06,-0.6487504243850708,0.568789541721344,-0.14353123307228088,-0.17084674537181854,-0.2794498801231384,-0.047078460454940796,-0.24256020784378052,0.6181756854057312,-0.1102910041809082,-0.36268433928489685,-0.5520133376121521,-0.3125569820404053,0.03,-0.5316537618637085,-0.14999999999999997,-1.3725097179412842,-0.060568373650312424,-0.35755041241645813,-0.14999999999999997
1.4635463953018188,-0.043093159794807434,0.6712977290153503,0.018369287252426147,-0.009099564515054226,-0.13972201943397522,-0.9899784326553345,-0.44500604271888733,-0.06,-0.6680223345756531,0.5650492906570435,-0.14545516669750214,-0.16397009789943695,-0.26837554574012756,-0.05451248958706856,-0.2742093503475189,0.6200567483901978,-0.11171247810125351,-0.37149980664253235,-0.5284397602081299,-0.3239504098892212,0.03,-0.5424709916114807,-0.14999999999999997,-1.3718626499176025,-0.05290626361966133,-0.3622409999370575,-0.14999999999999997
1.4643629789352417,-0.04343055188655853,0.6711465120315552,0.018104521557688713,-0.008374623954296112,-0.15427450835704803,-0.9878266453742981,-0.44408589601516724,-0.06,-0.6884664297103882,0.5594223737716675,-0.14771901071071625,-0.1563252955675125,-0.25602251291275024,-0.06147552654147148,-0.30604061484336853,0.6196703910827637,-0.10984484851360321,-0.3792792558670044,-0.5047582387924194,-0.3361855745315552,0.03,-0.5492919683456421,-0.14999999999999997,-1.3722305297851562,-0.04407912865281105,-0.36785009503364563,-0.14999999999999997
1.465235710144043,-0.04381071776151657,0.6711338758468628,0.017735961824655533,-0.007882890291512012,-0.1692592352628708,-0.9853803515434265,-0.4422169327735901,-0.06,-0.7105590105056763,0.5510686635971069,-0.1504313051700592,-0.14752967655658722,-0.24238815903663635,-0.06778579205274582,-0.33790379762649536,0.6165770888328552,-0.10495077818632126,-0.3857038915157318,-0.4813954532146454,-0.34843870997428894,0.03,-0.5520036816596985,-0.14999999999999997,-1.3741008043289185,-0.03403287008404732,-0.373913049697876,-0.14999999999999997
1.4661394357681274,-0.04423202946782112,0.6712814569473267,0.01723669283092022,-0.007659832946956158,-0.18452349305152893,-0.9826470613479614,-0.43938782811164856,-0.06,-0.7336126565933228,0.5394676923751831,-0.1534033566713333,-0.13721564412117004,-0.22775763273239136,-0.07335935533046722,-0.36961761116981506,0.61079341173172,-0.09752176702022552,-0.3906514346599579,-0.45862501859664917,-0.3600477874279022,0.03,-0.5509065389633179,-0.14999999999999997,-1.377841591835022,-0.03,-0.37968605756759644,-0.14999999999999997
1.4670538902282715,-0.04468945413827896,0.6715626120567322,0.01662079431116581,-0.007726417388767004,-0.19985438883304596,-0.9796541333198547,-0.43590742349624634,-0.06,-0.7567103505134583,0.5248249173164368,-0.1565253883600235,-0.1254235953092575,-0.21259303390979767,-0.0781077966094017,-0.4008327126502991,0.6027153134346008,-0.0879339873790741,-0.39421942830085754,-0.4365457594394684,-0.3706037700176239,0.03,-0.5466189980506897,-0.14999999999999997,-1.3835694789886475,-0.03,-0.38460779190063477,-0.14999999999999997
1.4679806232452393,-0.045166317373514175,0.6719194054603577,0.015930769965052605,-0.008016679435968399,-0.2150201052427292,-0.9764466881752014,-0.4321686029434204,-0.06,-0.7786185145378113,0.5080516338348389,-0.15957847237586975,-0.11254566162824631,-0.19721367955207825,-0.08194530010223389,-0.4311732351779938,0.5929358005523682,-0.07649415731430054,-0.39666903018951416,-0.4151214361190796,-0.37980809807777405,0.03,-0.540128231048584,-0.14999999999999997,-1.390994668006897,-0.03,-0.3884190320968628,-0.14999999999999997
1.468942403793335,-0.04563402011990547,0.6722831130027771,0.015203285031020641,-0.00837208516895771,-0.22977662086486816,-0.9730886220932007,-0.42843249440193176,-0.06,-0.7981036901473999,0.4905993938446045,-0.16224652528762817,-0.09929677098989487,-0.1817501038312912,-0.08485981076955795,-0.4603691101074219,0.5822321176528931,-0.06375543773174286,-0.3984273672103882,-0.3941114544868469,-0.38738715648651123,0.03,-0.5328881144523621,-0.14999999999999997,-1.3995221853256226,-0.03,-0.39094793796539307,-0.14999999999999997
1.469953179359436,-0.046068787574768066,0.6725950837135315,0.014451534487307072,-0.008668593131005764,-0.24387964606285095,-0.9696590304374695,-0.42487552762031555,-0.06,-0.8144202828407288,0.47396185994148254,-0.16421902179718018,-0.08644924312829971,-0.16647310554981232,-0.08698631078004837,-0.4882359206676483,0.5715381503105164,-0.05065682902932167,-0.39998194575309753,-0.3730679452419281,-0.3932148218154907,0.03,-0.5265306234359741,-0.14999999999999997,-1.4086967706680298,-0.03,-0.3919471204280853,-0.14999999999999997
1.4710108041763306,-0.04646040126681328,0.6728286743164062,0.013682300224900246,-0.008837342262268066,-0.2570793330669403,-0.9662529230117798,-0.4215177297592163,-0.06,-0.827553927898407,0.4590982496738434,-0.16544903814792633,-0.07464700192213058,-0.15171106159687042,-0.08847580850124359,-0.5145401358604431,0.5615696907043457,-0.03817739337682724,-0.40166014432907104,-0.3513716161251068,-0.3972412049770355,0.03,-0.5223772525787354,-0.14999999999999997,-1.4182484149932861,-0.03,-0.39119410514831543,-0.14999999999999997
1.4721091985702515,-0.04680294543504715,0.6729979515075684,0.012887587770819664,-0.008822614327073097,-0.26913541555404663,-0.9629756808280945,-0.41815119981765747,-0.06,-0.8381471633911133,0.44615814089775085,-0.16627126932144165,-0.06422445923089981,-0.13758917152881622,-0.08941628038883209,-0.538963794708252,0.5525314211845398,-0.0269565861672163,-0.40348562598228455,-0.32835063338279724,-0.39942872524261475,0.03,-0.5210650563240051,-0.14999999999999997,-1.427935242652893,-0.03,-0.3886377215385437,-0.14999999999999997
1.4732378721237183,-0.047081299126148224,0.6731358170509338,0.012032479979097843,-0.00859125517308712,-0.2798997759819031,-0.959915280342102,-0.4144235849380493,-0.06,-0.8470937609672546,0.4346385896205902,-0.16686908900737762,-0.055286653339862823,-0.12404408305883408,-0.0899057611823082,-0.5611739754676819,0.5442327857017517,-0.01702103763818741,-0.4052944779396057,-0.3035813271999359,-0.39997223019599915,0.03,-0.5225447416305542,-0.14999999999999997,-1.4376001358032227,-0.03,-0.38441938161849976,-0.14999999999999997
1.4743762016296387,-0.04727062210440636,0.6732765436172485,0.011068069376051426,-0.008140319027006626,-0.289349228143692,-0.9571248888969421,-0.4100232422351837,-0.06,-0.8551748394966125,0.423854798078537,-0.1675862967967987,-0.047594085335731506,-0.11092509329319,-0.09008433669805527,-0.5809579491615295,0.5363190174102783,-0.00797437597066164,-0.40684813261032104,-0.27701035141944885,-0.39930903911590576,0.03,-0.5263255834579468,-0.14999999999999997,-1.447108507156372,-0.03,-0.37884339690208435,-0.14999999999999997
1.4754871129989624,-0.04734770581126213,0.6734429001808167,0.009946199133992195,-0.007525227498263121,-0.297595739364624,-0.9546103477478027,-0.4047727584838867,-0.06,-0.8628333210945129,0.4132572114467621,-0.16826936602592468,-0.04073823243379593,-0.09819113463163376,-0.09019649028778076,-0.5984135866165161,0.528562068939209,0.0006982110207900405,-0.4079972505569458,-0.2489476501941681,-0.398082971572876,0.03,-0.5317545533180237,-0.14999999999999997,-1.4563159942626953,-0.03,-0.37216466665267944,-0.14999999999999997
1.4765384197235107,-0.047300148755311966,0.673639714717865,0.008663337677717209,-0.006785333156585693,-0.3048533499240875,-0.952335774898529,-0.3987641930580139,-0.06,-0.8695996403694153,0.40245938301086426,-0.1685817390680313,-0.03420206159353256,-0.08582969009876251,-0.09041595458984375,-0.6137485504150391,0.5209757685661316,0.009055332280695438,-0.40874749422073364,-0.2198648601770401,-0.3970831036567688,0.03,-0.5383331179618835,-0.14999999999999997,-1.464767575263977,-0.03,-0.36452361941337585,-0.14999999999999997
1.4774484634399414,-0.0470670610666275,0.6738657355308533,0.007274779956787825,-0.005936302710324526,-0.31146031618118286,-0.9502127766609192,-0.3921123147010803,-0.06,-0.8760323524475098,0.39155784249305725,-0.1687299758195877,-0.027559183537960052,-0.07373082637786865,-0.09092877805233002,-0.6278442740440369,0.5135990977287292,0.017025383189320564,-0.409116268157959,-0.1890483945608139,-0.397527277469635,0.03,-0.5468490719795227,-0.14999999999999997,-1.4717538356781006,-0.03,-0.3554030656814575,-0.14999999999999997
1.478212594985962,-0.046666741371154785,0.6741203665733337,0.005692867562174797,-0.004978077486157417,-0.3176785111427307,-0.9481682777404785,-0.3844207227230072,-0.06,-0.8827282786369324,0.37972959876060486,-0.16853176057338715,-0.020640287548303604,-0.06165560334920883,-0.09196271002292633,-0.6411441564559937,0.5064311623573303,0.024981718510389328,-0.40918824076652527,-0.15742816030979156,-0.4000171720981598,0.03,-0.5560126900672913,-0.14999999999999997,-1.4760514497756958,-0.03,-0.3442108631134033,-0.14999999999999997
1.4789106845855713,-0.04619390517473221,0.6744024157524109,0.003956118132919073,-0.003937065601348877,-0.3233655095100403,-0.9462575912475586,-0.37597033381462097,-0.06,-0.8893911838531494,0.3672907054424286,-0.1680653691291809,-0.01362614519894123,-0.049671851098537445,-0.09319985657930374,-0.6533840894699097,0.4993050694465637,0.032893091440200806,-0.40896835923194885,-0.12586206197738647,-0.40515056252479553,0.03,-0.5644338726997375,-0.14999999999999997,-1.4775594472885132,-0.03,-0.3324981927871704,-0.14999999999999997
1.4795676469802856,-0.04574262350797653,0.6747170090675354,0.002283816458657384,-0.00294454931281507,-0.3284349739551544,-0.9445192217826843,-0.3675619065761566,-0.06,-0.895368754863739,0.35446926951408386,-0.16763299703598022,-0.006597642321139574,-0.03834782913327217,-0.09415339678525925,-0.6647323966026306,0.49222105741500854,0.03955351188778877,-0.4084358215332031,-0.09375712275505066,-0.41368770599365234,0.03,-0.5725875496864319,-0.14999999999999997,-1.4769642353057861,-0.03,-0.3209156394004822,-0.14999999999999997
1.4801911115646362,-0.04536736011505127,0.6750657558441162,0.0007096131448633969,-0.0020734902936965227,-0.33278897404670715,-0.9429987072944641,-0.3593910038471222,-0.06,-0.9004113078117371,0.3411301076412201,-0.16728301346302032,0.0004502161464188248,-0.028120143339037895,-0.0948629155755043,-0.6750468015670776,0.4854903221130371,0.04444161802530289,-0.4077135920524597,-0.06054282933473587,-0.42613449692726135,0.03,-0.5807332396507263,-0.14999999999999997,-1.4745796918869019,-0.03,-0.3094130754470825,-0.14999999999999997
1.4807997941970825,-0.04507221654057503,0.6754086017608643,-0.0008142543374560773,-0.001228314358741045,-0.3363521695137024,-0.9417349696159363,-0.3515070080757141,-0.06,-0.9042499661445618,0.32827267050743103,-0.16689921915531158,0.00697568291798234,-0.018922043964266777,-0.09548226743936539,-0.6839340329170227,0.47949957847595215,0.048087168484926224,-0.4070565104484558,-0.02573065645992756,-0.44312793016433716,0.03,-0.5885175466537476,-0.14999999999999997,-1.4705151319503784,-0.03,-0.2978503108024597,-0.14999999999999997
1.4814162254333496,-0.04485417902469635,0.6756994724273682,-0.0023101731203496456,-0.00035860418574884534,-0.3391909897327423,-0.9407144784927368,-0.34410667419433594,-0.06,-0.906934916973114,0.3169948160648346,-0.1664831042289734,0.012437337078154087,-0.01064506359398365,-0.09610988944768906,-0.6912066340446472,0.47450077533721924,0.05127746984362602,-0.40668395161628723,0.01060644444078207,-0.4642888903617859,0.03,-0.5957338809967041,-0.14999999999999997,-1.4649966955184937,-0.03,-0.28631579875946045,-0.14999999999999997
1.4820419549942017,-0.044725313782691956,0.6759390830993652,-0.0037529359105974436,0.0005281994817778468,-0.34143805503845215,-0.9398965239524841,-0.3372581899166107,-0.06,-0.9087480306625366,0.30733436346054077,-0.16609951853752136,0.016850965097546577,-0.0031139031052589417,-0.09660174697637558,-0.6970003843307495,0.47013619542121887,0.05450242757797241,-0.4064711928367615,0.04825631156563759,-0.4889005720615387,0.03,-0.602465033531189,-0.14999999999999997,-1.45834481716156,-0.03,-0.2750930190086365,-0.14999999999999997
1.482674479484558,-0.04469761997461319,0.6761409640312195,-0.005106397904455662,0.001436805003322661,-0.3432351350784302,-0.9392344951629639,-0.33093738555908203,-0.06,-0.9099772572517395,0.2990504503250122,-0.16581615805625916,0.020389193668961525,0.003937666770070791,-0.09671930968761444,-0.7015925645828247,0.4658626914024353,0.05806659907102585,-0.40618786215782166,0.08701644092798233,-0.5160091519355774,0.03,-0.6088707447052002,-0.14999999999999997,-1.4508057832717896,-0.03,-0.26428574323654175,-0.14999999999999997
1.4833072423934937,-0.044769443571567535,0.6763046383857727,-0.006382201332598925,0.0023344228975474834,-0.34471946954727173,-0.9386810660362244,-0.3251805305480957,-0.06,-0.9105589985847473,0.2919437885284424,-0.16557526588439941,0.023281792178750038,0.010549139231443405,-0.09651794284582138,-0.7051876187324524,0.4616195261478424,0.06220991909503937,-0.40584269165992737,0.1266055703163147,-0.5445727705955505,0.03,-0.6148571968078613,-0.14999999999999997,-1.4426493644714355,-0.03,-0.2537681460380554,-0.14999999999999997
1.4839385747909546,-0.044938959181308746,0.6764315366744995,-0.007624998688697815,0.0031670290045440197,-0.34607213735580444,-0.9381714463233948,-0.3199799954891205,-0.06,-0.9099137187004089,0.29000000000000004,-0.16519038379192352,0.02603352814912796,0.01670074835419655,-0.09619402140378952,-0.708142101764679,0.45755141973495483,0.06695498526096344,-0.40554171800613403,0.16648884117603302,-0.5737854838371277,0.03,-0.620204746723175,-0.14999999999999997,-1.4341291189193726,-0.03,-0.24344289302825928,-0.14999999999999997
1.4845629930496216,-0.045201148837804794,0.6765242218971252,-0.008856466971337795,0.0038557639345526695,-0.34742435812950134,-0.9376582503318787,-0.31531772017478943,-0.06,-0.908798098564148,0.29000000000000004,-0.16493812203407288,0.028936460614204407,0.0222481619566679,-0.095931775867939,-0.710721492767334,0.4538460373878479,0.07221361994743347,-0.4054006338119507,0.20624521374702454,-0.6032993793487549,0.03,-0.6250367760658264,-0.14999999999999997,-1.4255726337432861,-0.03,-0.2334020733833313,-0.14999999999999997
1.4852159023284912,-0.04553208127617836,0.6766226291656494,-0.009954959154129028,0.004418276250362396,-0.3489488363265991,-0.9370784759521484,-0.31118831038475037,-0.06,-0.9068151116371155,0.29000000000000004,-0.16538184881210327,0.03221702203154564,0.026772283017635345,-0.09599558264017105,-0.7152386903762817,0.4520971477031708,0.07311080396175385,-0.4063907563686371,0.24540424346923828,-0.6330578923225403,0.03440326824784279,-0.6300129890441895,-0.14999999999999997,-1.4171074628829956,-0.03,-0.22408194839954376,-0.14999999999999997
1.4858595132827759,-0.04592897742986679,0.6766995191574097,-0.010984096676111221,0.004734956659376621,-0.3505841791629791,-0.9364547729492188,-0.30759918689727783,-0.06,-0.9045091271400452,0.29000000000000004,-0.1656126230955124,0.03592083975672722,0.03030788153409958,-0.09628137946128845,-0.7196210622787476,0.45119646191596985,0.07342427223920822,-0.40750041604042053,0.2840529680252075,-0.6633853912353516,0.04298504441976547,-0.6355418562889099,-0.14999999999999997,-1.4089980125427246,-0.03,-0.2153993844985962,-0.14999999999999997
1.4864896535873413,-0.04636083543300629,0.6767398715019226,-0.012020821683108807,0.004833635874092579,-0.3523208200931549,-0.9357895851135254,-0.3044900894165039,-0.06,-0.9021618962287903,0.29000000000000004,-0.16590623557567596,0.0400342158973217,0.032986197620630264,-0.09702631831169128,-0.7240320444107056,0.4513038992881775,0.07357222586870193,-0.40923747420310974,0.32214218378067017,-0.6946389675140381,0.0533282607793808,-0.641920268535614,-0.14999999999999997,-1.401033878326416,-0.03,-0.20730578899383545,-0.14999999999999997
1.4871023893356323,-0.04679882898926735,0.6767311692237854,-0.013106169179081917,0.0047636376693844795,-0.3541537821292877,-0.9350831508636475,-0.3017647862434387,-0.06,-0.8996835350990295,0.29000000000000004,-0.16592787206172943,0.04437263309955597,0.034923821687698364,-0.09837258607149124,-0.7283914685249329,0.45256006717681885,0.0737292692065239,-0.41153088212013245,0.35962945222854614,-0.7272525429725647,0.06506936252117157,-0.649185299873352,-0.14999999999999997,-1.3929203748703003,-0.03,-0.1998172402381897,-0.14999999999999997
1.4876964092254639,-0.047217752784490585,0.676656186580658,-0.014222790487110615,0.004586927127093077,-0.35614487528800964,-0.9343112707138062,-0.29959893226623535,-0.06,-0.8963548541069031,0.29000000000000004,-0.1663631647825241,0.048907916992902756,0.03629360347986221,-0.10028834640979767,-0.7328261137008667,0.4550434947013855,0.07398851215839386,-0.4144529700279236,0.39634084701538086,-0.7615355253219604,0.07758454233407974,-0.6571678519248962,-0.14999999999999997,-1.3844670057296753,-0.03,-0.19325651228427887,-0.14999999999999997
1.488264799118042,-0.04760089889168739,0.6765214204788208,-0.015353045426309109,0.004366212524473667,-0.35839948058128357,-0.9334318041801453,-0.297865092754364,-0.06,-0.8925583362579346,0.29000000000000004,-0.16724646091461182,0.05335526540875435,0.03744816407561302,-0.10259456932544708,-0.737655758857727,0.45839324593544006,0.07441937178373337,-0.4178646206855774,0.43208691477775574,-0.7975865006446838,0.09009650349617004,-0.6655731201171875,-0.14999999999999997,-1.375526785850525,-0.03,-0.18807053565979004,-0.14999999999999997
1.4888052940368652,-0.047951892018318176,0.6763405799865723,-0.016477080062031746,0.004154380410909653,-0.36084458231925964,-0.9324711561203003,-0.29634854197502136,-0.06,-0.8893963098526001,0.29000000000000004,-0.16773273050785065,0.05742911994457245,0.03860257565975189,-0.10507268458604813,-0.7428223490715027,0.46218106150627136,0.074985072016716,-0.4215407073497772,0.4670797884464264,-0.8354637026786804,0.101762555539608,-0.6739330887794495,-0.14999999999999997,-1.36592698097229,-0.03,-0.18448027968406677,-0.14999999999999997
1.4893115758895874,-0.04828700050711632,0.6761229634284973,-0.017559686675667763,0.003959275782108307,-0.3633420467376709,-0.9314818978309631,-0.29520466923713684,-0.06,-0.8865913152694702,0.29000000000000004,-0.1677693873643875,0.06113575026392937,0.03965228796005249,-0.1076161116361618,-0.748038649559021,0.466324120759964,0.07558105140924454,-0.4253600537776947,0.5015817284584045,-0.8751809597015381,0.11177227646112442,-0.6816197037696838,-0.14999999999999997,-1.3555372953414917,-0.03,-0.18229644000530243,-0.14999999999999997
1.489769697189331,-0.04861872270703316,0.6758615970611572,-0.018547404557466507,0.003759832587093115,-0.3659084439277649,-0.9304583668708801,-0.2947704792022705,-0.06,-0.8830899596214294,0.29000000000000004,-0.16848476231098175,0.06446604430675507,0.04046134278178215,-0.11014469712972641,-0.7532967925071716,0.4708634912967682,0.07620716094970703,-0.4293297231197357,0.5354293584823608,-0.9164829850196838,0.11949180066585541,-0.6880667805671692,-0.14999999999999997,-1.3443371057510376,-0.03,-0.18105335533618927,-0.14999999999999997
1.4901714324951172,-0.04895699396729469,0.6755697727203369,-0.019413083791732788,0.003563901409506798,-0.3685964345932007,-0.9293798804283142,-0.2948971390724182,-0.06,-0.8794381022453308,0.29000000000000004,-0.1695769876241684,0.0674406960606575,0.04115341976284981,-0.11248841881752014,-0.7587703466415405,0.47548308968544006,0.07684031128883362,-0.43329542875289917,0.5683903694152832,-0.9586886763572693,0.1245369017124176,-0.6930309534072876,-0.14999999999999997,-1.332368016242981,-0.03,-0.18034209311008453,-0.14999999999999997
1.4905321598052979,-0.04930677264928818,0.6752716898918152,-0.02015557885169983,0.0034301511477679014,-0.37130773067474365,-0.9282846450805664,-0.2953709065914154,-0.06,-0.8762467503547668,0.29000000000000004,-0.16989493370056152,0.06998372822999954,0.04199313744902611,-0.1144164651632309,-0.7643833756446838,0.47967952489852905,0.07742717117071152,-0.4370037615299225,0.6005589365959167,-1.0010206699371338,0.12685947120189667,-0.6965294480323792,-0.14999999999999997,-1.319665551185608,-0.03,-0.17977756261825562,-0.14999999999999997
1.4908702373504639,-0.04966238513588905,0.6749707460403442,-0.020748142153024673,0.0033973115496337414,-0.37398988008499146,-0.927194356918335,-0.29628366231918335,-0.06,-0.8722763061523438,0.29000000000000004,-0.17058682441711426,0.07221460342407227,0.04307401180267334,-0.11578409373760223,-0.7700445055961609,0.4833390712738037,0.07796107232570648,-0.44040364027023315,0.6318772435188293,-1.0428361892700195,0.12657907605171204,-0.6986041069030762,-0.14999999999999997,-1.3063629865646362,-0.03,-0.17870618402957916,-0.14999999999999997
1.4911894798278809,-0.05001063272356987,0.6746854782104492,-0.02117849513888359,0.0034553990699350834,-0.37663522362709045,-0.9261130094528198,-0.29750317335128784,-0.06,-0.8676130771636963,0.29000000000000004,-0.17166925966739655,0.07398839294910431,0.04448128491640091,-0.11648257821798325,-0.7757796049118042,0.4861491620540619,0.07846145331859589,-0.4433574974536896,0.6622225642204285,-1.0835179090499878,0.1238332986831665,-0.6993008852005005,-0.14999999999999997,-1.2926862239837646,-0.03,-0.17636051774024963,-0.14999999999999997
1.4915146827697754,-0.050325945019721985,0.6744321584701538,-0.021434994414448738,0.003638878231868148,-0.37914538383483887,-0.9250816106796265,-0.29901015758514404,-0.06,-0.8623446226119995,0.29000000000000004,-0.1717487871646881,0.07523844391107559,0.04641852527856827,-0.11632592976093292,-0.7814732193946838,0.4877094030380249,0.07891777157783508,-0.4456632435321808,0.6916797757148743,-1.1225425004959106,0.11887204647064209,-0.6988222599029541,-0.14999999999999997,-1.278839111328125,-0.03,-0.17217883467674255,-0.14999999999999997
1.491862177848816,-0.050561919808387756,0.6742036938667297,-0.021520845592021942,0.003961041569709778,-0.38153964281082153,-0.9240933060646057,-0.3009306788444519,-0.06,-0.8553150296211243,0.29000000000000004,-0.17221735417842865,0.07588551193475723,0.0489807054400444,-0.11534695327281952,-0.7871270179748535,0.4880659878253937,0.07944135367870331,-0.44738706946372986,0.7201222777366638,-1.1595717668533325,0.11195332556962967,-0.6972790360450745,-0.14999999999999997,-1.265042781829834,-0.03,-0.165719673037529,-0.14999999999999997
1.492214560508728,-0.050692930817604065,0.6740047335624695,-0.021440627053380013,0.0043286955915391445,-0.3837832510471344,-0.9231641292572021,-0.30327776074409485,-0.06,-0.8465123772621155,0.29000000000000004,-0.17230704426765442,0.07616136223077774,0.05187100172042847,-0.11375008523464203,-0.7925604581832886,0.4873948097229004,0.08006580173969269,-0.44854405522346497,0.7476351857185364,-1.1944979429244995,0.10328980535268784,-0.6947634220123291,-0.14999999999999997,-1.2516453266143799,-0.03,-0.15679438412189484,-0.14999999999999997
1.4925551414489746,-0.05069991946220398,0.6738373041152954,-0.02119964361190796,0.004674835130572319,-0.38579586148262024,-0.9223286509513855,-0.3060855269432068,-0.06,-0.8360986709594727,0.29000000000000004,-0.17201915383338928,0.07609734684228897,0.054822880774736404,-0.11171502619981766,-0.7975291013717651,0.4858669340610504,0.08075341582298279,-0.44916242361068726,0.7743884325027466,-1.2273924350738525,0.09318206459283829,-0.6914505362510681,-0.14999999999999997,-1.2388607263565063,-0.03,-0.1456197202205658,-0.14999999999999997
1.49287748336792,-0.0505659244954586,0.6737028360366821,-0.020817764103412628,0.004977603442966938,-0.387509822845459,-0.9216169714927673,-0.30930712819099426,-0.06,-0.8241753578186035,0.29000000000000004,-0.17131033539772034,0.07565013319253922,0.057718709111213684,-0.10938918590545654,-0.801831841468811,0.4836238622665405,0.08153359591960907,-0.44926610589027405,0.8004751205444336,-1.2584444284439087,0.08203703910112381,-0.6874110698699951,-0.14999999999999997,-1.2267671823501587,-0.03,-0.13266125321388245,-0.14999999999999997
1.4931821823120117,-0.050282951444387436,0.6736035346984863,-0.020309139043092728,0.005230668466538191,-0.38889485597610474,-0.921043336391449,-0.3128862679004669,-0.06,-0.8109057545661926,0.29000000000000004,-0.17016778886318207,0.07479512691497803,0.06054523214697838,-0.1068282499909401,-0.8053994178771973,0.480680912733078,0.08240064233541489,-0.4488595724105835,0.8258671164512634,-1.2877910137176514,0.07028554379940033,-0.6824386119842529,-0.14999999999999997,-1.2153325080871582,-0.03,-0.11827792227268219,-0.14999999999999997
1.4934686422348022,-0.049846842885017395,0.6735442280769348,-0.01970621570944786,0.00541492085903883,-0.3899422585964203,-0.9206123948097229,-0.3166687488555908,-0.06,-0.7964896559715271,0.29000000000000004,-0.16861732304096222,0.0735863521695137,0.06326867640018463,-0.10415234416723251,-0.8081949353218079,0.47710832953453064,0.08338069170713425,-0.4479668140411377,0.8505464196205139,-1.315441370010376,0.05828997120261192,-0.6761845350265503,-0.14999999999999997,-1.2044178247451782,-0.03,-0.10270364582538605,-0.14999999999999997
1.4937374591827393,-0.04924922436475754,0.6735221743583679,-0.019047273322939873,0.005501721985638142,-0.3906533718109131,-0.9203242659568787,-0.3205588161945343,-0.06,-0.781389057636261,0.29000000000000004,-0.1668289601802826,0.07219938933849335,0.06581901013851166,-0.101541668176651,-0.8101768493652344,0.47308239340782166,0.08450654149055481,-0.4466640055179596,0.8745298385620117,-1.3413652181625366,0.046424008905887604,-0.6683325171470642,-0.14999999999999997,-1.1938605308532715,-0.03,-0.08614044636487961,-0.14999999999999997
1.4939889907836914,-0.048477187752723694,0.673538327217102,-0.01838597096502781,0.005449486430734396,-0.39105719327926636,-0.920166552066803,-0.3243102431297302,-0.06,-0.7659339904785156,0.29000000000000004,-0.16473214328289032,0.07075148075819016,0.06811617314815521,-0.09924554079771042,-0.811367928981781,0.4688430726528168,0.08581720292568207,-0.44507214426994324,0.8978075981140137,-1.3654836416244507,0.035094451159238815,-0.6586918234825134,-0.14999999999999997,-1.1834276914596558,-0.03,-0.06874455511569977,-0.14999999999999997
1.494225025177002,-0.047513771802186966,0.673591136932373,-0.017778119072318077,0.005217524245381355,-0.39117980003356934,-0.9201276302337646,-0.3278033137321472,-0.06,-0.7505006790161133,0.29000000000000004,-0.16226430237293243,0.06931132078170776,0.07010835409164429,-0.09750296920537949,-0.811786413192749,0.46458321809768677,0.08737365901470184,-0.4432933032512665,0.9203035831451416,-1.3878028392791748,0.03,-0.6472058296203613,-0.14999999999999997,-1.1728731393814087,-0.03,-0.05072319135069847,-0.14999999999999997
1.4944413900375366,-0.04635464772582054,0.6736741065979004,-0.017253493890166283,0.0047362507320940495,-0.39107006788253784,-0.9201869964599609,-0.3310072124004364,-0.06,-0.735527753829956,0.29000000000000004,-0.15946102142333984,0.06801507622003555,0.0716073215007782,-0.09654796868562698,-0.8114672899246216,0.46059077978134155,0.08919701725244522,-0.44146808981895447,0.9418230652809143,-1.4085066318511963,0.03,-0.6339255571365356,-0.14999999999999997,-1.1619291305541992,-0.03,-0.03227051720023155,-0.14999999999999997
1.4946216344833374,-0.04502049461007118,0.6737785339355469,-0.01681322418153286,0.003906435798853636,-0.390779048204422,-0.9203225374221802,-0.33399850130081177,-0.06,-0.7214916944503784,0.29000000000000004,-0.15639345347881317,0.06707219034433365,0.07224927842617035,-0.09660153090953827,-0.8104227781295776,0.45724424719810486,0.09126627445220947,-0.43975088000297546,0.9621729850769043,-1.4279439449310303,0.03,-0.6189902424812317,-0.14999999999999997,-1.1503218412399292,-0.03,-0.013534597121179104,-0.14999999999999997
1.4947452545166016,-0.04354582354426384,0.6738916635513306,-0.01645757630467415,0.0026490117888897657,-0.39035239815711975,-0.9205146431922913,-0.3368833363056183,-0.06,-0.7088210582733154,0.29000000000000004,-0.15314926207065582,0.06666763871908188,0.07166934758424759,-0.0978638231754303,-0.808649480342865,0.45496422052383423,0.09352906048297882,-0.4383225440979004,0.9812256097793579,-1.446507453918457,0.03,-0.6025832295417786,-0.14999999999999997,-1.137688159942627,-0.03,0.005350860767066479,-0.14999999999999997
1.494796633720398,-0.041964512318372726,0.6739970445632935,-0.016214504837989807,0.000942331156693399,-0.3897998034954071,-0.9207562804222107,-0.33969712257385254,-0.06,-0.697756826877594,0.29000000000000004,-0.14976833760738373,0.0668703019618988,0.06961522996425629,-0.10055439919233322,-0.8060845136642456,0.45423024892807007,0.09594304114580154,-0.4373988211154938,0.9990133047103882,-1.464536428451538,0.03,-0.5848371982574463,-0.14999999999999997,-1.1235873699188232,-0.03,0.024159226566553116,-0.14999999999999997
1.4947702884674072,-0.040309324860572815,0.6740748286247253,-0.016136521473526955,-0.0011664644116535783,-0.3890835642814636,-0.9210602641105652,-0.3424025774002075,-0.06,-0.6883162260055542,0.29000000000000004,-0.14627580344676971,0.06756921112537384,0.0660056471824646,-0.10485253483057022,-0.8025996088981628,0.45547109842300415,0.09847039729356766,-0.4371960163116455,1.0157302618026733,-1.4822300672531128,0.03,-0.5657855868339539,-0.14999999999999997,-1.1076210737228394,-0.03,0.04259642958641052,-0.14999999999999997
1.4946742057800293,-0.0386173240840435,0.6741092801094055,-0.016274165362119675,-0.003572134068235755,-0.3881087601184845,-0.9214628338813782,-0.34494730830192566,-0.06,-0.680281400680542,0.29000000000000004,-0.14269529283046722,0.068489208817482,0.060902778059244156,-0.11080579459667206,-0.7979883551597595,0.4589606523513794,0.10104377567768097,-0.43786558508872986,1.031730055809021,-1.4996100664138794,0.03,-0.5454057455062866,-0.14999999999999997,-1.0895599126815796,-0.03,0.06041243299841881,-0.14999999999999997
1.4945249557495117,-0.036937396973371506,0.6740832328796387,-0.01664709858596325,-0.006159039679914713,-0.3867221772670746,-0.9220254421234131,-0.34741827845573425,-0.06,-0.6729826331138611,0.29000000000000004,-0.13895738124847412,0.06920229643583298,0.05435199663043022,-0.11831755191087723,-0.7919204831123352,0.4648391604423523,0.10357414931058884,-0.43949761986732483,1.0474858283996582,-1.5165513753890991,0.03,-0.5236397981643677,-0.14999999999999997,-1.069488763809204,-0.03,0.07754191756248474,-0.14984969794750214
1.494345784187317,-0.035327933728694916,0.673976480960846,-0.017229599878191948,-0.008830380626022816,-0.38475701212882996,-0.9228147268295288,-0.350152850151062,-0.06,-0.6655585169792175,0.29000000000000004,-0.13514526188373566,0.06906795501708984,0.04630138725042343,-0.12716330587863922,-0.784025251865387,0.4731740355491638,0.10589727014303207,-0.44214189052581787,1.0634137392044067,-1.5328177213668823,0.03,-0.5003730058670044,-0.14999999999999997,-1.047790288925171,-0.03,0.09420248121023178,-0.13910436630249023
1.4941532611846924,-0.03385248780250549,0.6737773418426514,-0.017987225204706192,-0.011533238925039768,-0.38208597898483276,-0.9238796830177307,-0.35357633233070374,-0.06,-0.6574046611785889,0.29000000000000004,-0.13112731277942657,0.06780467927455902,0.03663789853453636,-0.13707518577575684,-0.77402263879776,0.4839067757129669,0.1078198254108429,-0.44577667117118835,1.079720139503479,-1.548034906387329,0.03,-0.4754193127155304,-0.14999999999999997,-1.024930715560913,-0.03,0.11093388497829437,-0.1266007274389267
1.4939508438110352,-0.03257462754845619,0.6734665632247925,-0.01889137737452984,-0.014252766966819763,-0.3786522150039673,-0.9252364039421082,-0.3578486740589142,-0.06,-0.6489654183387756,0.29000000000000004,-0.1276671141386032,0.06511349231004715,0.025084394961595535,-0.147905632853508,-0.7616678476333618,0.49722883105278015,0.10927080363035202,-0.45047181844711304,1.0962916612625122,-1.561710238456726,0.03,-0.4486125707626343,-0.14999999999999997,-1.0013786554336548,-0.03,0.1284896284341812,-0.11233717948198318
1.4937244653701782,-0.03153973072767258,0.67303466796875,-0.020023489370942116,-0.016978872939944267,-0.3744266629219055,-0.9268847703933716,-0.3629215955734253,-0.06,-0.6389362215995789,0.29000000000000004,-0.12434599548578262,0.061335694044828415,0.011459959670901299,-0.15976925194263458,-0.7468134760856628,0.5133782029151917,0.11018502712249756,-0.4564151167869568,1.1127681732177734,-1.5731806755065918,0.03,-0.419955849647522,-0.14999999999999997,-0.9774088859558105,-0.03,0.14776720106601715,-0.09653633087873459
1.4934602975845337,-0.0307701975107193,0.6724565625190735,-0.02149290032684803,-0.019689708948135376,-0.3692868947982788,-0.92885822057724,-0.36871474981307983,-0.06,-0.6270627379417419,0.29000000000000004,-0.12118590623140335,0.05639830231666565,-0.0046043070033192635,-0.17297761142253876,-0.729076087474823,0.5329719185829163,0.11029637604951859,-0.4635661244392395,1.128854513168335,-1.581805944442749,0.03,-0.3896045684814453,-0.14999999999999997,-0.9533312916755676,-0.03,0.16987928748130798,-0.07964590191841125
1.493140697479248,-0.03026607260107994,0.6717042326927185,-0.02341344766318798,-0.02237630821764469,-0.36297380924224854,-0.9312363266944885,-0.37521299719810486,-0.06,-0.6127481460571289,0.29000000000000004,-0.1181054636836052,0.05009372532367706,-0.023724282160401344,-0.1879420280456543,-0.7080090641975403,0.5569255352020264,0.1085854321718216,-0.4724605679512024,1.1443756818771362,-1.586883306503296,0.03,-0.3576595187187195,-0.14999999999999997,-0.9295709729194641,-0.03,0.19617731869220734,-0.06215323135256767
1.492722988128662,-0.030016927048563957,0.670738697052002,-0.025944169610738754,-0.02505306713283062,-0.35521334409713745,-0.9340891242027283,-0.38240259885787964,-0.06,-0.5952864289283752,0.299012690782547,-0.11498375236988068,0.04231438785791397,-0.046503931283950806,-0.2049575001001358,-0.6826214790344238,0.5856207609176636,0.10526435077190399,-0.4830949306488037,1.1589785814285278,-1.5876574516296387,0.03,-0.3241131901741028,-0.14999999999999997,-0.9065936207771301,-0.03,0.22800426185131073,-0.04438229277729988
1.4921633005142212,-0.029986832290887833,0.6695219278335571,-0.02928308956325054,-0.027656756341457367,-0.34579986333847046,-0.9374433159828186,-0.39001429080963135,-0.06,-0.5738611817359924,0.31386739015579224,-0.11156156659126282,0.03305526077747345,-0.07315903156995773,-0.22401906549930573,-0.6516436338424683,0.6187906861305237,0.10165068507194519,-0.4951842725276947,1.172045111656189,-1.5835747718811035,0.03,-0.2890065014362335,-0.14999999999999997,-0.8846240043640137,-0.03,0.266711950302124,-0.026303458958864212
1.4914253950119019,-0.03010290302336216,0.6680158376693726,-0.03365786373615265,-0.030088776722550392,-0.3344903886318207,-0.9413170218467712,-0.3976393938064575,-0.06,-0.5481681227684021,0.33101052045822144,-0.10779888182878494,0.022136161103844643,-0.10392783582210541,-0.2450506091117859,-0.6136172413825989,0.6561635136604309,0.09900827705860138,-0.5084560513496399,1.1830083131790161,-1.5744096040725708,0.03,-0.25207942724227905,-0.14999999999999997,-0.8634580969810486,-0.03,0.3138565123081207,-0.007695271633565426
1.4905014038085938,-0.030275214463472366,0.6661912202835083,-0.03926154971122742,-0.032240040600299835,-0.3209474980831146,-0.945733368396759,-0.4049035310745239,-0.06,-0.5170722603797913,0.3504854440689087,-0.10338287055492401,0.009343486279249191,-0.13914912939071655,-0.26762259006500244,-0.5667600631713867,0.6972339153289795,0.09856729954481125,-0.5225321054458618,1.1915980577468872,-1.56028413772583,0.03,-0.21227145195007324,-0.14999999999999997,-0.8424776792526245,-0.03,0.37103962898254395,0.01104836817830801
1.4894506931304932,-0.030396249145269394,0.6640774607658386,-0.04623198136687279,-0.03388417884707451,-0.30477961897850037,-0.9506964683532715,-0.4109087586402893,-0.06,-0.4796265959739685,0.3718224763870239,-0.09815216064453125,-0.005512552335858345,-0.17846406996250153,-0.29046255350112915,-0.5090304017066956,0.7403209805488586,0.10246452689170837,-0.5365960597991943,1.1980125904083252,-1.5413490533828735,0.03,-0.16776689887046814,-0.14999999999999997,-0.8207584619522095,-0.03,0.4381581246852875,0.027911627665162086
1.4884306192398071,-0.030337464064359665,0.6617781519889832,-0.05455125868320465,-0.03460405766963959,-0.28596198558807373,-0.9560608863830566,-0.4140706956386566,-0.06,-0.4357888102531433,0.3939155340194702,-0.0920911654829979,-0.022433562204241753,-0.2209123820066452,-0.3128090500831604,-0.4422527551651001,0.7855409383773804,0.10677117854356766,-0.5508103370666504,1.2020264863967896,-1.5181719064712524,0.03,-0.1174694299697876,-0.14999999999999997,-0.7979222536087036,-0.03,0.5125656127929688,0.04175013676285744
1.4875422716140747,-0.030014321208000183,0.6593220829963684,-0.06412609666585922,-0.03421897441148758,-0.2644404470920563,-0.9616589546203613,-0.4137859046459198,-0.06,-0.38555803894996643,0.4164198040962219,-0.08523883670568466,-0.04158714786171913,-0.2651936411857605,-0.3341294527053833,-0.3699653744697571,0.8313841819763184,0.10606473684310913,-0.5646015405654907,1.2036123275756836,-1.4920973777770996,0.03,-0.06146236136555672,-0.14999999999999997,-0.7741818428039551,-0.03,0.5902913212776184,0.05422421172261238
1.4868381023406982,-0.029573172330856323,0.6567744016647339,-0.07460328191518784,-0.03260890394449234,-0.24097588658332825,-0.9671097993850708,-0.40956923365592957,-0.06,-0.3315751850605011,0.43785667419433594,-0.07853908091783524,-0.062118079513311386,-0.3100471794605255,-0.3519574701786041,-0.29045727849006653,0.8761996030807495,0.10790382325649261,-0.5776348114013672,1.2010895013809204,-1.4652628898620605,0.03,-0.001534949173219502,-0.14999999999999997,-0.750166654586792,-0.03,0.6663017868995667,0.06708274036645889
1.4862945079803467,-0.029188744723796844,0.6541619300842285,-0.085635244846344,-0.029854238033294678,-0.2167290598154068,-0.97201007604599,-0.4016784727573395,-0.06,-0.27559006214141846,0.45703381299972534,-0.07226459681987762,-0.08265068382024765,-0.35361820459365845,-0.3659585118293762,-0.2084786593914032,0.9190535545349121,0.11045349389314651,-0.5899029970169067,1.1922863721847534,-1.4393284320831299,0.03,0.06039944663643837,-0.14999999999999997,-0.7265596389770508,-0.03,0.735723614692688,0.08065517991781235
1.4858320951461792,-0.029060836881399155,0.6515017747879028,-0.09674162417650223,-0.026268066838383675,-0.19270099699497223,-0.976123571395874,-0.39134481549263,-0.06,-0.22028033435344696,0.4737441837787628,-0.06710755079984665,-0.10231047868728638,-0.39518582820892334,-0.3758355975151062,-0.12728598713874817,0.9597633481025696,0.11304063349962234,-0.5900000000000001,1.175710916519165,-1.415230631828308,0.03,0.12314507365226746,-0.14999999999999997,-0.704266369342804,-0.03,0.7959732413291931,0.09417165070772171
1.4853525161743164,-0.029331538826227188,0.6488077640533447,-0.10741686075925827,-0.02222328819334507,-0.1694382131099701,-0.9794173240661621,-0.3802456557750702,-0.06,-0.16736888885498047,0.48877376317977905,-0.06346356868743896,-0.12087125331163406,-0.4346398711204529,-0.3814520835876465,-0.049569640308618546,0.9983283281326294,0.11410798132419586,-0.5900000000000001,1.150722861289978,-1.3933919668197632,0.03,0.18589965999126434,-0.14999999999999997,-0.6840331554412842,-0.03,0.8470559120178223,0.10680092126131058
1.48475980758667,-0.030071290209889412,0.646097719669342,-0.11722138524055481,-0.017995281144976616,-0.14709074795246124,-0.9819875955581665,-0.3698311746120453,-0.06,-0.1176525354385376,0.5033596158027649,-0.06150057166814804,-0.13856181502342224,-0.47190290689468384,-0.38262608647346497,0.022957269102334976,1.0346139669418335,0.11270219832658768,-0.5900000000000001,1.117347002029419,-1.3740042448043823,0.03454077988862991,0.24726761877536774,-0.14999999999999997,-0.6665083765983582,-0.03,0.890662670135498,0.11755838245153427
1.4839762449264526,-0.03128416836261749,0.6433756351470947,-0.12585441768169403,-0.013724178075790405,-0.12556803226470947,-0.983974039554596,-0.3610800504684448,-0.06,-0.07125642895698547,0.5188523530960083,-0.06122257933020592,-0.1558675318956375,-0.5067833065986633,-0.37904971837997437,0.08994042128324509,1.0685219764709473,0.10926061123609543,-0.5900000000000001,1.0763311386108398,-1.3568384647369385,0.061753373593091965,0.30509498715400696,-0.14999999999999997,-0.6525376439094543,-0.03,0.929344117641449,0.12485344707965851
1.4829580783843994,-0.032913751900196075,0.6406277418136597,-0.13314734399318695,-0.009503064677119255,-0.10464887320995331,-0.9855099320411682,-0.35456568002700806,-0.06,-0.027915604412555695,0.5363904237747192,-0.06251832842826843,-0.17335176467895508,-0.5391178727149963,-0.370534211397171,0.15160353481769562,1.1000642776489258,0.10452663898468018,-0.5900000000000001,1.02904212474823,-1.3415762186050415,0.08938649296760559,0.3575301468372345,-0.14999999999999997,-0.6427530646324158,-0.03,0.9650953412055969,0.12735296785831451
1.4817051887512207,-0.03488030284643173,0.6378434896469116,-0.13899756968021393,-0.005409643054008484,-0.08417142182588577,-0.9866942763328552,-0.3505157232284546,-0.06,0.012630507349967957,0.5566805005073547,-0.06523239612579346,-0.19142863154411316,-0.5686020851135254,-0.35703903436660767,0.2081415057182312,1.1292370557785034,0.09927905350923538,-0.5900000000000001,0.9768054485321045,-1.328116774559021,0.11542635411024094,0.40348753333091736,-0.14999999999999997,-0.6373445391654968,-0.03,0.9984760880470276,0.12472069263458252
1.4802508354187012,-0.03706790506839752,0.6350334882736206,-0.14346452057361603,-0.001521918922662735,-0.0640021339058876,-0.9875825047492981,-0.34862571954727173,-0.06,0.05074027553200722,0.5795443058013916,-0.06906536966562271,-0.2100854218006134,-0.5949785709381104,-0.33882811665534973,0.260179728269577,1.1559667587280273,0.09464676678180695,-0.5900000000000001,0.9207595586776733,-1.3158270120620728,0.13916951417922974,0.44335708022117615,-0.14999999999999997,-0.6361627578735352,-0.03,1.0280733108520508,0.11754269152879715
1.4786546230316162,-0.03931932896375656,0.6322552561759949,-0.14676667749881744,0.0020852582529187202,-0.04398858919739723,-0.9881902933120728,-0.3479368984699249,-0.06,0.08700540661811829,0.6036383509635925,-0.07379180938005447,-0.22901134192943573,-0.6181215643882751,-0.31650984287261963,0.3087591230869293,1.1800421476364136,0.09174004942178726,-0.5900000000000001,0.8619991540908813,-1.3037257194519043,0.1607111394405365,0.4789920747280121,-0.14999999999999997,-0.6387544870376587,-0.03,1.05143404006958,0.10581257194280624
1.4770152568817139,-0.04147609323263168,0.6296499371528625,-0.1491558849811554,0.005383715964853764,-0.024122415110468864,-0.9885046482086182,-0.3470422923564911,-0.06,0.12193838506937027,0.6268050074577332,-0.0789915919303894,-0.24727961421012878,-0.6376288533210754,-0.2911720275878906,0.3543286919593811,1.2008650302886963,0.09098896384239197,-0.5900000000000001,0.8011491894721985,-1.2913203239440918,0.18058177828788757,0.5134756565093994,-0.14999999999999997,-0.6443702578544617,-0.03,1.067571997642517,0.08896207064390182
1.4754494428634644,-0.04343130439519882,0.6273921728134155,-0.15076743066310883,0.008318394422531128,-0.004457203671336174,-0.9885241985321045,-0.34478768706321716,-0.06,0.15587063133716583,0.6470680832862854,-0.08440940827131271,-0.26410219073295593,-0.6529512405395508,-0.2636931836605072,0.3971997797489166,1.21748685836792,0.09308940917253494,-0.5900000000000001,0.73855060338974,-1.2790582180023193,0.19931642711162567,0.5500492453575134,-0.14999999999999997,-0.6527501344680786,-0.03,1.0776207447052002,0.06730811297893524
1.473963975906372,-0.04513803869485855,0.6255096197128296,-0.15178880095481873,0.01057890523225069,0.014960610307753086,-0.9882429242134094,-0.3416250944137573,-0.06,0.18901102244853973,0.6639668941497803,-0.08987677097320557,-0.279155969619751,-0.6650937795639038,-0.23451457917690277,0.43861696124076843,1.2299474477767944,0.09879587590694427,-0.5900000000000001,0.6745763421058655,-1.2677335739135742,0.2174503654241562,0.5905335545539856,-0.14999999999999997,-0.6644679307937622,-0.03,1.0834208726882935,0.04154448211193085
1.4726598262786865,-0.046476803719997406,0.6239919662475586,-0.15251605212688446,0.012496620416641235,0.03335367143154144,-0.9876588582992554,-0.3369038999080658,-0.06,0.2205672413110733,0.6772205829620361,-0.09495804458856583,-0.29225459694862366,-0.675611674785614,-0.20783835649490356,0.4740702211856842,1.2404943704605103,0.09886801987886429,-0.5900000000000001,0.6080881953239441,-1.256575584411621,0.23529064655303955,0.6341495513916016,-0.14999999999999997,-0.6796824336051941,-0.03,1.0858112573623657,0.01210769172757864
1.47159743309021,-0.04755042493343353,0.6228353977203369,-0.15275537967681885,0.01435584295541048,0.05080198496580124,-0.9868528842926025,-0.33036598563194275,-0.06,0.2505158483982086,0.6876290440559387,-0.09983004629611969,-0.3039298355579376,-0.6828969717025757,-0.1826893538236618,0.5048155188560486,1.2483066320419312,0.09734305739402771,-0.5900000000000001,0.5398983359336853,-1.2449957132339478,0.25294044613838196,0.6783942580223083,-0.14999999999999997,-0.6996477246284485,-0.03,1.084899663925171,-0.01846383698284626
1.4707651138305664,-0.048445925116539,0.6221378445625305,-0.15235601365566254,0.016233066096901894,0.06722079962491989,-0.9859033226966858,-0.3217213749885559,-0.06,0.2787208557128906,0.6946514248847961,-0.10455993562936783,-0.3138720691204071,-0.6862406730651855,-0.15899577736854553,0.5309428572654724,1.2523481845855713,0.09541812539100647,-0.5900000000000001,0.4715651273727417,-1.2333139181137085,0.26892977952957153,0.7215347290039062,-0.14999999999999997,-0.7243313789367676,-0.03,1.0809134244918823,-0.04867274686694145
1.4700924158096313,-0.04914041981101036,0.6220417618751526,-0.15149140357971191,0.017963169142603874,0.08318456262350082,-0.9847883582115173,-0.311269611120224,-0.06,0.3064856231212616,0.6981281042098999,-0.10914439707994461,-0.3205784261226654,-0.6863569617271423,-0.13615047931671143,0.5548986196517944,1.2520784139633179,0.09438928216695786,-0.5900000000000001,0.40615859627723694,-1.2223938703536987,0.2813982367515564,0.7638846635818481,-0.14999999999999997,-0.7527784705162048,-0.03,1.0741268396377563,-0.07720047980546951
1.4695419073104858,-0.049516234546899796,0.6228731870651245,-0.15077224373817444,0.019437802955508232,0.09945253282785416,-0.983361005783081,-0.3005548119544983,-0.06,0.33535048365592957,0.7003217935562134,-0.11356066912412643,-0.3189208507537842,-0.6840486526489258,-0.11508290469646454,0.5789237022399902,1.2459861040115356,0.09375812858343124,-0.5900000000000001,0.34667110443115234,-1.2129772901535034,0.28859251737594604,0.8061468601226807,-0.14999999999999997,-0.7831211686134338,-0.03,1.0646525621414185,-0.1026589497923851
1.4690734148025513,-0.04953435808420181,0.624808669090271,-0.15057094395160675,0.02056781016290188,0.1164562851190567,-0.9815004467964172,-0.28958189487457275,-0.06,0.36572012305259705,0.701410174369812,-0.12043704837560654,-0.3123973309993744,-0.6796274185180664,-0.09599125385284424,0.6051830053329468,1.2332367897033691,0.09455559402704239,-0.5900000000000001,0.2942901849746704,-1.2064026594161987,0.2906830310821533,0.8471353650093079,-0.14999999999999997,-0.8135089874267578,-0.03,1.0532152652740479,-0.12317362427711487
1.468707799911499,-0.04918597266077995,0.6278889775276184,-0.1509139984846115,0.02147817797958851,0.13442905247211456,-0.979128360748291,-0.27757006883621216,-0.056168247014284134,0.39760470390319824,0.6996970772743225,-0.1304405927658081,-0.2954570949077606,-0.6727586984634399,-0.07916814833879471,0.634117066860199,1.213371992111206,0.09676393121480942,-0.5727184414863586,0.24897821247577667,-1.2030303478240967,0.28887939453125,0.8847183585166931,-0.14999999999999997,-0.8424867987632751,-0.03,1.0404937267303467,-0.13967375457286835
1.4684888124465942,-0.0484631322324276,0.6320269107818604,-0.15160559117794037,0.02231350541114807,0.15330840647220612,-0.9762245416641235,-0.2646462917327881,-0.04909840598702431,0.42968159914016724,0.696121335029602,-0.14163155853748322,-0.27012744545936584,-0.6630846261978149,-0.06490899622440338,0.6652297973632812,1.1864043474197388,0.10017624497413635,-0.5511061549186707,0.2098008543252945,-1.2025202512741089,0.284491628408432,0.9159992933273315,-0.14999999999999997,-0.8694159984588623,-0.03,1.0263210535049438,-0.14999999999999997
1.4684150218963623,-0.04730174317955971,0.6368584036827087,-0.1522640734910965,0.022948823869228363,0.1728428155183792,-0.9728382229804993,-0.2512226700782776,-0.0437384769320488,0.4573114514350891,0.6904134154319763,-0.15284395217895508,-0.23966467380523682,-0.6514598727226257,-0.05272116884589195,0.6979271173477173,1.1537411212921143,0.10469558835029602,-0.5268615484237671,0.175876185297966,-1.2046303749084473,0.27806705236434937,0.9379981756210327,-0.14999999999999997,-0.8943873047828674,-0.03,1.00948166847229,-0.14999999999999997
1.4685415029525757,-0.04562864452600479,0.6419360637664795,-0.15238821506500244,0.02343900501728058,0.19292983412742615,-0.9690234065055847,-0.23738783597946167,-0.040561024099588394,0.47507283091545105,0.6814261674880981,-0.1628100872039795,-0.20858947932720184,-0.6383053064346313,-0.041657235473394394,0.7316265106201172,1.1173155307769775,0.11030235141515732,-0.5011151432991028,0.14683859050273895,-1.2082831859588623,0.26872000098228455,0.9487152695655823,-0.14999999999999997,-0.9170763492584229,-0.03,0.9883236289024353,-0.14999999999999997
1.468963623046875,-0.043423861265182495,0.6469855904579163,-0.15144333243370056,0.02407362125813961,0.2135484665632248,-0.9648224711418152,-0.22291675209999084,-0.03847546502947807,0.4825912415981293,0.6708509922027588,-0.1705700010061264,-0.18608932197093964,-0.6230028867721558,-0.031077535822987556,0.765320897102356,1.0781733989715576,0.11664643883705139,-0.4746544063091278,0.12197403609752655,-1.212304711341858,0.255356103181839,0.9472779035568237,-0.14999999999999997,-0.9370486736297607,-0.03,0.9614537358283997,-0.14999999999999997
1.4697059392929077,-0.04067474231123924,0.6519836187362671,-0.1492917686700821,0.024920858442783356,0.23443283140659332,-0.9602770805358887,-0.20823580026626587,-0.037335362285375595,0.4807727038860321,0.6597217321395874,-0.174155592918396,-0.17975182831287384,-0.6054085493087769,-0.021421033889055252,0.7982365489006042,1.0361071825027466,0.12346845120191574,-0.44752535223960876,0.09977784007787704,-1.2167431116104126,0.23768757283687592,0.9347269535064697,-0.14999999999999997,-0.9556634426116943,-0.03,0.9295051693916321,-0.14999999999999997
1.4707090854644775,-0.037394966930150986,0.6568575501441956,-0.1460365206003189,0.02571883052587509,0.2553958296775818,-0.9553976655006409,-0.19378285109996796,-0.03736203908920288,0.47123485803604126,0.6460915207862854,-0.17395098507404327,-0.1775248944759369,-0.586553156375885,-0.01272696815431118,0.8305597305297852,0.9912952780723572,0.13092219829559326,-0.41961947083473206,0.07907513529062271,-1.2225306034088135,0.2162102460861206,0.9123923182487488,-0.14999999999999997,-0.9757868051528931,-0.03,0.8945612907409668,-0.14999999999999997
1.4719597101211548,-0.033701665699481964,0.6614131927490234,-0.14163030683994293,0.02644984796643257,0.27640312910079956,-0.9501802325248718,-0.17854908108711243,-0.0383700430393219,0.45713818073272705,0.6286578178405762,-0.17157013714313507,-0.17353519797325134,-0.5669214129447937,-0.004424485843628645,0.8621317148208618,0.9448210000991821,0.13872726261615753,-0.3913898468017578,0.05858892947435379,-1.2293165922164917,0.19276416301727295,0.8812912702560425,-0.14999999999999997,-0.9987873435020447,-0.03,0.8586902022361755,-0.14999999999999997
1.4734591245651245,-0.029803430661559105,0.6653570532798767,-0.135919451713562,0.027362244203686714,0.2970420718193054,-0.9447450041770935,-0.16096356511116028,-0.03986508399248123,0.4415286183357239,0.6071985960006714,-0.17009368538856506,-0.16939839720726013,-0.5464799404144287,0.00417732261121273,0.8918434977531433,0.8990398049354553,0.14642196893692017,-0.36416465044021606,0.035677872598171234,-1.2351466417312622,0.17050807178020477,0.8440199494361877,-0.14999999999999997,-1.0239129066467285,-0.03,0.823872983455658,-0.14999999999999997
1.4751538038253784,-0.025894269347190857,0.6684407591819763,-0.12871424853801727,0.028544768691062927,0.31676003336906433,-0.9392980337142944,-0.14034882187843323,-0.040960606187582016,0.4270187318325043,0.5814750790596008,-0.17122338712215424,-0.1666618436574936,-0.5254112482070923,0.014068897813558578,0.9184415936470032,0.856316089630127,0.15358632802963257,-0.33911851048469543,0.007955651730298996,-1.2379298210144043,0.1520034372806549,0.803885817527771,-0.14999999999999997,-1.049347996711731,-0.03,0.7917672395706177,-0.14999999999999997
1.4769341945648193,-0.022018393501639366,0.670534610748291,-0.11993510276079178,0.029560137540102005,0.3353921175003052,-0.9339452385902405,-0.11776196956634521,-0.04071183502674103,0.41547098755836487,0.5514054894447327,-0.17446786165237427,-0.16453000903129578,-0.5048463940620422,0.026603426784276962,0.9419330954551697,0.8178043365478516,0.16024041175842285,-0.31655821204185486,-0.02466309815645218,-1.237826943397522,0.13724537193775177,0.7627460956573486,-0.14999999999999997,-1.0736829042434692,-0.03,0.7622871994972229,-0.14999999999999997
1.4787317514419556,-0.01804869808256626,0.6715859174728394,-0.1098821833729744,0.029703378677368164,0.3531944155693054,-0.9285995960235596,-0.09499925374984741,-0.039402302354574203,0.4075164198875427,0.517183780670166,-0.17862452566623688,-0.16069470345973969,-0.4867611825466156,0.042707741260528564,0.9640341401100159,0.7838826775550842,0.16724731028079987,-0.2959938943386078,-0.06016172841191292,-1.2373062372207642,0.1238393560051918,0.7202828526496887,-0.14999999999999997,-1.0977222919464111,-0.03,0.7338013648986816,-0.14999999999999997
1.4805338382720947,-0.013725383207201958,0.6718968152999878,-0.09964996576309204,0.02851555310189724,0.3702259063720703,-0.9231410622596741,-0.06983617693185806,-0.034009311348199844,0.40347546339035034,0.4871073365211487,-0.18051543831825256,-0.18784862756729126,-0.4729323387145996,0.06,0.9867041110992432,0.7528153657913208,0.17537005245685577,-0.2766205072402954,-0.09677233546972275,-1.238956332206726,0.10887309163808823,0.6754900217056274,-0.14999999999999997,-1.1246002912521362,-0.03,0.7061886787414551,-0.14999999999999997
1.4824079275131226,-0.008929310366511345,0.6716741323471069,-0.09034232795238495,0.025789612904191017,0.38666340708732605,-0.9174228310585022,-0.04314366728067398,-0.028673330321907997,0.4040570557117462,0.45028671622276306,-0.182175412774086,-0.21724754571914673,-0.4647475481033325,0.06,1.0117539167404175,0.7238912582397461,0.18530625104904175,-0.2583237886428833,-0.13328200578689575,-1.244161605834961,0.09099266678094864,0.6254534125328064,-0.14999999999999997,-1.1580166816711426,-0.03,0.6822172403335571,-0.14999999999999997
1.4843525886535645,-0.0038208463229238987,0.6710030436515808,-0.08216671645641327,0.02175852470099926,0.40265777707099915,-0.9113955497741699,-0.018017731606960297,-0.02565808780491352,0.4093019366264343,0.40849629044532776,-0.18491582572460175,-0.24601145088672638,-0.4617730379104614,0.06,1.0388820171356201,0.69735187292099,0.1959904134273529,-0.24121475219726562,-0.17031031847000122,-1.2518737316131592,0.07257487624883652,0.5679774284362793,-0.14999999999999997,-1.1988704204559326,-0.03,0.6640933156013489,-0.14999999999999997
1.4862908124923706,0.0013114609755575657,0.669986367225647,-0.07463707774877548,0.017136218026280403,0.41766735911369324,-0.9053670167922974,0.0055169230327010155,-0.023764068260788918,0.42021578550338745,0.36775174736976624,-0.1922069787979126,-0.2745639681816101,-0.4617496728897095,0.06,1.0649217367172241,0.6736186146736145,0.20466719567775726,-0.22580891847610474,-0.2109127640724182,-1.2581264972686768,0.057161133736371994,0.5052780508995056,-0.14999999999999997,-1.243733525276184,-0.03,0.6509464979171753,-0.14999999999999997
1.4881603717803955,0.0062661622650921345,0.6687653064727783,-0.06740423291921616,0.012511657550930977,0.43085777759552,-0.8998119831085205,0.0282505564391613,-0.022698715329170227,0.441617488861084,0.32797470688819885,-0.2084343135356903,-0.3023431897163391,-0.46283745765686035,0.06,1.0870394706726074,0.6529706716537476,0.20995450019836426,-0.21236540377140045,-0.25755465030670166,-1.2595022916793823,0.04552556574344635,0.44160395860671997,-0.14999999999999997,-1.2893829345703125,-0.03,0.6406570076942444,-0.14999999999999997
1.490189790725708,0.010878346860408783,0.6682271957397461,-0.06135163456201553,0.008662654086947441,0.4421522319316864,-0.8947973251342773,0.046841081231832504,-0.02480112574994564,0.4712619483470917,0.2933978736400604,-0.20631876587867737,-0.32710009813308716,-0.4628342390060425,0.06,1.105119228363037,0.6312044262886047,0.2092553824186325,-0.19941237568855286,-0.30924350023269653,-1.2542122602462769,0.035903338342905045,0.3831843435764313,-0.14999999999999997,-1.3344417810440063,-0.03,0.6334818005561829,-0.14999999999999997
1.4927990436553955,0.01457909680902958,0.669456422328949,-0.05812554433941841,0.00645295949652791,0.452350378036499,-0.8899205923080444,0.05758669972419739,-0.030375730246305466,0.5064584016799927,0.29000000000000004,-0.1798367202281952,-0.31897854804992676,-0.45978403091430664,0.06,1.1190314292907715,0.6038143038749695,0.1923878788948059,-0.18729479610919952,-0.363275408744812,-1.2443865537643433,0.03,0.33182454109191895,-0.14999999999999997,-1.3813869953155518,-0.03,0.6291978359222412,-0.14999999999999997
1.4951180219650269,0.017598597332835197,0.6705895662307739,-0.05515740066766739,0.00394248403608799,0.4610441029071808,-0.885652482509613,0.06707549095153809,-0.035278502851724625,0.5356845855712891,0.29000000000000004,-0.1596488654613495,-0.31161466240882874,-0.4581032395362854,0.06,1.130990982055664,0.5801886320114136,0.1787765473127365,-0.17398306727409363,-0.420677125453949,-1.232810139656067,0.03,0.27967697381973267,-0.14999999999999997,-1.4302603006362915,-0.03,0.6208550930023193,-0.14999999999999997
1.4972690343856812,0.019743915647268295,0.6714809536933899,-0.05187762901186943,0.0018353848718106747,0.46857157349586487,-0.8818990588188171,0.07537174224853516,-0.03746412321925163,0.55982506275177,0.29000000000000004,-0.1450117528438568,-0.3076851963996887,-0.45350271463394165,0.06,1.139780879020691,0.5547264218330383,0.16532552242279053,-0.16431057453155518,-0.4802928864955902,-1.2168322801589966,0.03,0.22933320701122284,-0.14999999999999997,-1.4769102334976196,-0.03,0.6107403039932251,-0.14999999999999997
1.499204397201538,0.021166624501347542,0.6723724603652954,-0.048289112746715546,-0.0004712325753644109,0.4752098321914673,-0.8785462975502014,0.08306115120649338,-0.037271469831466675,0.580369234085083,0.29000000000000004,-0.1352565735578537,-0.3049986660480499,-0.44954413175582886,0.06,1.1479852199554443,0.5344640016555786,0.15636055171489716,-0.15135866403579712,-0.5412742495536804,-1.1996312141418457,0.03,0.18056951463222504,-0.14999999999999997,-1.5204148292541504,-0.03,0.5992788672447205,-0.14999999999999997
1.5011281967163086,0.02197118289768696,0.6730626225471497,-0.04526674002408981,-0.0026953641790896654,0.4811491370201111,-0.8754650354385376,0.09093388170003891,-0.037850867956876755,0.5988659262657166,0.29000000000000004,-0.1267269253730774,-0.3021889925003052,-0.4451463222503662,0.06,1.1546742916107178,0.5134305953979492,0.14908155798912048,-0.1418328732252121,-0.6025900840759277,-1.1832499504089355,0.03,0.13721983134746552,-0.14999999999999997,-1.561665415763855,-0.03,0.5889643430709839,-0.14999999999999997
1.502963662147522,0.0222347229719162,0.6736474633216858,-0.042658038437366486,-0.004944382235407829,0.48666927218437195,-0.8725301027297974,0.09943433105945587,-0.039196886122226715,0.6164159774780273,0.29000000000000004,-0.11981717497110367,-0.29853278398513794,-0.44123679399490356,0.06,1.161212682723999,0.49490854144096375,0.14340947568416595,-0.1332782804965973,-0.6635271906852722,-1.1663824319839478,0.03,0.09981941431760788,-0.14999999999999997,-1.5999764204025269,-0.03,0.5804387927055359,-0.14999999999999997
1.5047106742858887,0.021899718791246414,0.6740055680274963,-0.0404181107878685,-0.0070967357605695724,0.4918119013309479,-0.8697338104248047,0.10754954814910889,-0.04032924398779869,0.6326456069946289,0.29000000000000004,-0.11464427411556244,-0.2959471344947815,-0.43671315908432007,0.06,1.1666432619094849,0.4782622754573822,0.13202136754989624,-0.12969830632209778,-0.7240604758262634,-1.1472368240356445,0.03,0.06850972026586533,-0.14999999999999997,-1.6335197687149048,-0.03,0.5742413997650146,-0.14999999999999997
1.5062412023544312,0.021050523966550827,0.6743578910827637,-0.038262493908405304,-0.009427710436284542,0.49691498279571533,-0.8669039011001587,0.11420732736587524,-0.03929074853658676,0.645781934261322,0.29000000000000004,-0.11740665137767792,-0.2959955334663391,-0.4336243271827698,0.06,1.1729308366775513,0.46818768978118896,0.12137912213802338,-0.12529540061950684,-0.7834267020225525,-1.1241226196289062,0.03,0.042886167764663696,-0.14999999999999997,-1.6601482629776,-0.03,0.5698964595794678,-0.14999999999999997
1.5075459480285645,0.019837602972984314,0.6745437383651733,-0.03649050369858742,-0.012161039747297764,0.5019786357879639,-0.8640241622924805,0.118473581969738,-0.0369628444314003,0.6583432555198669,0.29000000000000004,-0.12023945152759552,-0.2975533902645111,-0.4331618845462799,0.06,1.18062424659729,0.4649514853954315,0.11648007482290268,-0.11922501772642136,-0.8412469029426575,-1.0979200601577759,0.03,0.022760581225156784,-0.14999999999999997,-1.6802685260772705,-0.03,0.5667821168899536,-0.14999999999999997
1.508823275566101,0.018259253352880478,0.6743375658988953,-0.03581070899963379,-0.014847777783870697,0.5067859292030334,-0.8611997961997986,0.12074209004640579,-0.03554762527346611,0.6695004105567932,0.29000000000000004,-0.12344464659690857,-0.3010542392730713,-0.43403539061546326,0.06,1.1886634826660156,0.46566635370254517,0.10946004837751389,-0.11976191401481628,-0.8973414301872253,-1.0697523355484009,0.03,0.008827668614685535,-0.14999999999999997,-1.6954426765441895,-0.03,0.5643103718757629,-0.14999999999999997
1.5100361108779907,0.01635885238647461,0.6738446950912476,-0.03603524714708328,-0.01754927635192871,0.5111621618270874,-0.8585491180419922,0.12107858806848526,-0.03458191826939583,0.6788519024848938,0.29000000000000004,-0.12683036923408508,-0.30583783984184265,-0.436842143535614,0.06,1.1974139213562012,0.47238126397132874,0.10511637479066849,-0.12351122498512268,-0.9512912631034851,-1.0389009714126587,0.03,-0.0010070034768432379,-0.14999999999999997,-1.7057209014892578,-0.03,0.5602030158042908,-0.14999999999999997
1.511145830154419,0.014132118783891201,0.6730813384056091,-0.0369669571518898,-0.020196685567498207,0.5149153470993042,-0.8562052249908447,0.11937355250120163,-0.03328711912035942,0.6858868598937988,0.29000000000000004,-0.13050439953804016,-0.3124423921108246,-0.441173791885376,0.06,1.2053204774856567,0.48492011427879333,0.102789968252182,-0.13015268743038177,-1.0023728609085083,-1.0043094158172607,0.03,-0.009258200414478779,-0.14999999999999997,-1.711483359336853,-0.03,0.5538766980171204,-0.14999999999999997
1.512104868888855,0.011652085930109024,0.6720799207687378,-0.0385860949754715,-0.022808579728007317,0.5178802609443665,-0.8542779088020325,0.11541895568370819,-0.031512510031461716,0.6901878714561462,0.29000000000000004,-0.13431896269321442,-0.3207043409347534,-0.44694820046424866,0.06,1.211899995803833,0.502371609210968,0.10231731832027435,-0.1390591412782669,-1.0496066808700562,-0.9657423496246338,0.03,-0.018036413937807083,-0.14999999999999997,-1.7137608528137207,-0.03,0.5451230406761169,-0.14999999999999997
1.5129220485687256,0.009043816477060318,0.6708857417106628,-0.04103679209947586,-0.025283969938755035,0.5197162628173828,-0.8529780507087708,0.10958614945411682,-0.03020419366657734,0.6912272572517395,0.29000000000000004,-0.13781993091106415,-0.3293435573577881,-0.45416560769081116,0.06,1.2155314683914185,0.5229306817054749,0.10688415914773941,-0.1491483598947525,-1.0927810668945312,-0.9238187670707703,0.03,-0.027993494644761086,-0.14999999999999997,-1.7141972780227661,-0.03,0.5331199765205383,-0.14999999999999997
1.5136853456497192,0.006278126500546932,0.6694250106811523,-0.0444108285009861,-0.027175506576895714,0.5199995636940002,-0.8525781631469727,0.10255786776542664,-0.030066197738051414,0.6880691647529602,0.29000000000000004,-0.14083147048950195,-0.3383682072162628,-0.4619596600532532,0.06,1.211511492729187,0.5448300242424011,0.11399393528699875,-0.16416941583156586,-1.132351040840149,-0.8793385028839111,0.030130676925182343,-0.03876639902591705,-0.14999999999999997,-1.713929295539856,-0.03,0.5172742009162903,-0.14999999999999997
1.5141278505325317,0.003368385136127472,0.6679826378822327,-0.04769719019532204,-0.029073962941765785,0.51857590675354,-0.8532049655914307,0.09425140172243118,-0.02815079316496849,0.6807718873023987,0.29000000000000004,-0.14428526163101196,-0.3473549485206604,-0.47171154618263245,0.06,1.2033522129058838,0.5732342600822449,0.1316908895969391,-0.17326773703098297,-1.1684951782226562,-0.8314625024795532,0.03832945227622986,-0.05160289257764816,-0.14999999999999997,-1.7099782228469849,-0.03,0.49533629417419434,-0.14999999999999997
1.5144928693771362,0.0001588626764714718,0.6663406491279602,-0.05138673260807991,-0.03031165525317192,0.5149537920951843,-0.8551392555236816,0.08439473807811737,-0.02552502043545246,0.6675827503204346,0.29000000000000004,-0.14684179425239563,-0.35740959644317627,-0.48080480098724365,0.06,1.1838637590408325,0.601056694984436,0.14443401992321014,-0.18892474472522736,-1.202552080154419,-0.7829434871673584,0.04786980524659157,-0.06598416715860367,-0.14999999999999997,-1.703749418258667,-0.03,0.46607425808906555,-0.14999999999999997
1.5145052671432495,-0.0033587724901735783,0.6646214127540588,-0.0544576570391655,-0.03156473860144615,0.5092036128044128,-0.8583412170410156,0.07190998643636703,-0.018632080405950546,0.6484977006912231,0.29000000000000004,-0.15061482787132263,-0.3696654438972473,-0.4907829165458679,0.06,1.1578915119171143,0.6324244141578674,0.1592019945383072,-0.20109200477600098,-1.2344259023666382,-0.7339051961898804,0.058808814734220505,-0.08328165858983994,-0.14999999999999997,-1.693181037902832,-0.03,0.42638087272644043,-0.14999999999999997
1.5142887830734253,-0.007338854484260082,0.6627263426780701,-0.05694277584552765,-0.03228162229061127,0.5014207363128662,-0.8627238869667053,0.05805681273341179,-0.008637317456305027,0.6240336894989014,0.29000000000000004,-0.15422381460666656,-0.38395190238952637,-0.5001776218414307,0.06,1.1242417097091675,0.6667269468307495,0.16861101984977722,-0.21617597341537476,-1.2637919187545776,-0.6867599487304688,0.07007449120283127,-0.10331489145755768,-0.14999999999999997,-1.6806116104125977,-0.03,0.37575477361679077,-0.14999999999999997
1.5138908624649048,-0.011790747754275799,0.6606343984603882,-0.05885574594140053,-0.032296422868967056,0.4919397532939911,-0.8680369853973389,0.04437379911541939,0.00299949012696743,0.5952509641647339,0.3130039870738983,-0.15813402831554413,-0.3991739749908447,-0.5086790919303894,0.06,1.0838960409164429,0.7026163339614868,0.17313291132450104,-0.23365665972232819,-1.2897295951843262,-0.6423584818840027,0.08184955269098282,-0.1261286735534668,-0.14999999999999997,-1.6681904792785645,-0.03,0.3139054477214813,-0.14999999999999997
1.5131635665893555,-0.0166074950248003,0.6585949063301086,-0.05990369990468025,-0.03213552385568619,0.48148542642593384,-0.8738136887550354,0.030475284904241562,0.016943354159593582,0.5647132992744446,0.3452972173690796,-0.16076144576072693,-0.41414180397987366,-0.5171189308166504,0.06,1.0434082746505737,0.7401102781295776,0.15883491933345795,-0.25201645493507385,-1.3103053569793701,-0.5987531542778015,0.09513279795646667,-0.15268999338150024,-0.14999999999999997,-1.6560492515563965,-0.03,0.24180106818675995,-0.14999999999999997
1.5120576620101929,-0.021582625806331635,0.6565456986427307,-0.06029875576496124,-0.03213240206241608,0.4703698456287384,-0.8798203468322754,0.014688652940094471,0.03308868408203125,0.5321626663208008,0.37972643971443176,-0.16289837658405304,-0.4291936755180359,-0.5246722102165222,0.06,1.006016492843628,0.7739458680152893,0.14288672804832458,-0.26913589239120483,-1.324465274810791,-0.5555235147476196,0.11021105200052261,-0.18423227965831757,-0.14999999999999997,-1.6451770067214966,-0.03,0.16133521497249603,-0.14999999999999997
1.510962724685669,-0.025980327278375626,0.6550871133804321,-0.06129993125796318,-0.031917355954647064,0.4567338526248932,-0.8869147896766663,-0.005465077236294746,0.04500651732087135,0.49178487062454224,0.4122697412967682,-0.15269330143928528,-0.4425545036792755,-0.5316872000694275,0.06,0.9711371660232544,0.8016565442085266,0.1296922117471695,-0.28564655780792236,-1.3352257013320923,-0.5161158442497253,0.1262308806180954,-0.22244372963905334,-0.14999999999999997,-1.635622501373291,-0.03,0.07862027734518051,-0.14999999999999997
1.5095700025558472,-0.030051345005631447,0.6534803509712219,-0.06161294877529144,-0.0321081317961216,0.442550927400589,-0.8940476775169373,-0.02871578000485897,0.05823871120810509,0.4481331706047058,0.4468097686767578,-0.14666412770748138,-0.4554668962955475,-0.5390307903289795,0.06,0.9362936019897461,0.8266849517822266,0.11633921414613724,-0.3008573055267334,-1.3368874788284302,-0.48156702518463135,0.1418009251356125,-0.2696113586425781,-0.14999999999999997,-1.621982216835022,-0.03,0.0005257686716504395,-0.14999999999999997
1.5079760551452637,-0.03368835896253586,0.65156489610672,-0.06146704778075218,-0.032500967383384705,0.4278286397457123,-0.9011815190315247,-0.05474325641989708,0.07163594663143158,0.40122145414352417,0.48311665654182434,-0.14670881628990173,-0.46857282519340515,-0.5478090643882751,0.06,0.9001297354698181,0.8515620231628418,0.10363209247589111,-0.3156481683254242,-1.3298557996749878,-0.4535645842552185,0.15666672587394714,-0.32422319054603577,-0.14999999999999997,-1.6022262573242188,-0.03,-0.06881287693977356,-0.14999999999999997
1.5062520503997803,-0.036816734820604324,0.6492748260498047,-0.06104753166437149,-0.032889630645513535,0.41293027997016907,-0.9081189632415771,-0.0833217203617096,0.08421435207128525,0.3528575599193573,0.5218772292137146,-0.15010406076908112,-0.48247838020324707,-0.5580101013183594,0.06,0.8640564680099487,0.8772932291030884,0.09184785187244415,-0.3306657075881958,-1.3142683506011963,-0.43118050694465637,0.17034128308296204,-0.3818501830101013,-0.14999999999999997,-1.5764764547348022,-0.03,-0.12964335083961487,-0.14999999999999997
1.5044599771499634,-0.039481356739997864,0.6466168165206909,-0.06038106605410576,-0.032989125698804855,0.3982585072517395,-0.9146889448165894,-0.11337010562419891,0.09595060348510742,0.3054732084274292,0.5635243058204651,-0.15533722937107086,-0.4990401864051819,-0.5689516663551331,0.06,0.8289215564727783,0.9041609168052673,0.0810256376862526,-0.3461205065250397,-1.2907119989395142,-0.41202041506767273,0.1820741593837738,-0.43683624267578125,-0.14999999999999997,-1.5461620092391968,-0.03,-0.1839447170495987,-0.14999999999999997
1.502602219581604,-0.04179369658231735,0.6436715722084045,-0.05934945121407509,-0.032644957304000854,0.38402119278907776,-0.920836329460144,-0.14430870115756989,0.10645338147878647,0.2592545747756958,0.6077620983123779,-0.1591642200946808,-0.5178667902946472,-0.5797818899154663,0.06,0.7947526574134827,0.9315124750137329,0.07093077898025513,-0.3616984784603119,-1.2604928016662598,-0.39397379755973816,0.19098928570747375,-0.484618216753006,-0.14999999999999997,-1.5134040117263794,-0.03,-0.23279720544815063,-0.14999999999999997
1.5006076097488403,-0.04382183402776718,0.6405759453773499,-0.057734791189432144,-0.03194909170269966,0.3701383173465729,-0.9266301393508911,-0.17593607306480408,0.11624833941459656,0.21397636830806732,0.6541832089424133,-0.16080139577388763,-0.5394988656044006,-0.5899845957756042,0.06,0.7608650922775269,0.957933783531189,0.06128102168440819,-0.37655109167099,-1.2251638174057007,-0.3757467567920685,0.19643010199069977,-0.5235962271690369,-0.14999999999999997,-1.4803966283798218,-0.03,-0.2759826183319092,-0.14999999999999997
1.498410940170288,-0.045552756637334824,0.6374688744544983,-0.05547924339771271,-0.031157556921243668,0.3565952777862549,-0.9320895075798035,-0.2085823267698288,0.12541066110134125,0.1699395775794983,0.7018076181411743,-0.15789426863193512,-0.5620788931846619,-0.5996205806732178,0.06,0.727074921131134,0.9821169376373291,0.051940228790044785,-0.3898272216320038,-1.1852253675460815,-0.3571169078350067,0.19812531769275665,-0.5559491515159607,-0.14999999999999997,-1.4496309757232666,-0.03,-0.3133940100669861,-0.14999999999999997
1.4959977865219116,-0.04696493223309517,0.6344263553619385,-0.05269056558609009,-0.030480025336146355,0.343425452709198,-0.9372050762176514,-0.24209092557430267,0.13281717896461487,0.12840889394283295,0.7484075427055359,-0.14848628640174866,-0.5800830125808716,-0.6090254783630371,0.06,0.6936952471733093,1.003647804260254,0.04306141659617424,-0.4012071490287781,-1.1403679847717285,-0.33837151527404785,0.19655142724514008,-0.5857079029083252,-0.14999999999999997,-1.4232008457183838,-0.03,-0.34576448798179626,-0.14999999999999997
1.4934253692626953,-0.048101846128702164,0.6315314769744873,-0.04936130344867706,-0.029896147549152374,0.33072471618652344,-0.9419609904289246,-0.2752607762813568,0.1376894861459732,0.09080367535352707,0.791498601436615,-0.1335410475730896,-0.5886601805686951,-0.6177924275398254,0.06,0.6608620285987854,1.022162675857544,0.034629546105861664,-0.41056740283966064,-1.0898507833480835,-0.31988364458084106,0.1925097405910492,-0.6161637902259827,-0.14999999999999997,-1.401439905166626,-0.03,-0.37360262870788574,-0.14999999999999997
1.4907728433609009,-0.0490444079041481,0.6289514303207397,-0.045310359448194504,-0.029230322688817978,0.31856513023376465,-0.946366012096405,-0.30657264590263367,0.1408051699399948,0.057369131594896317,0.8297204375267029,-0.11794229596853256,-0.588739275932312,-0.6246887445449829,0.06,0.6282835602760315,1.0366160869598389,0.026332952082157135,-0.4176498055458069,-1.033214807510376,-0.30213505029678345,0.1873020976781845,-0.6476936340332031,-0.14999999999999997,-1.382705807685852,-0.03,-0.3968423008918762,-0.14999999999999997
1.488068699836731,-0.04973702132701874,0.6269828677177429,-0.040946561843156815,-0.028505893424153328,0.3071027100086212,-0.9503676295280457,-0.33555343747138977,0.14740100502967834,0.023701973259449005,0.8651965856552124,-0.10960273444652557,-0.5900000000000001,-0.6293535232543945,0.06,0.5969630479812622,1.045608401298523,0.0186240766197443,-0.4217677712440491,-0.9704359769821167,-0.2868765592575073,0.18326343595981598,-0.6766639947891235,-0.14999999999999997,-1.3659355640411377,-0.03,-0.41653239727020264,-0.14999999999999997
1.4854267835617065,-0.050072282552719116,0.625857412815094,-0.037069905549287796,-0.027501069009304047,0.295682430267334,-0.9541705250740051,-0.36144882440567017,0.15255196392536163,-0.008874090388417244,0.8940314650535583,-0.10050550848245621,-0.5900000000000001,-0.6317628622055054,0.06,0.5672778487205505,1.0492897033691406,0.011979224160313606,-0.42356783151626587,-0.9032332301139832,-0.27603211998939514,0.1824847310781479,-0.6980078816413879,-0.14999999999999997,-1.3511000871658325,-0.03,-0.43311113119125366,-0.14999999999999997
1.4829736948013306,-0.050071194767951965,0.6257431507110596,-0.034102845937013626,-0.025878453627228737,0.2839104235172272,-0.9578946232795715,-0.3835793733596802,0.15355214476585388,-0.03894057869911194,0.9157902598381042,-0.08969166874885559,-0.5854129195213318,-0.6310605406761169,0.06,0.5391542911529541,1.0476622581481934,0.006538250483572483,-0.4236205518245697,-0.8327205777168274,-0.2704542279243469,0.1864582598209381,-0.7082807421684265,-0.14999999999999997,-1.338133454322815,-0.03,-0.4468488395214081,-0.14999999999999997
1.4807581901550293,-0.04983769729733467,0.6266850829124451,-0.03191518411040306,-0.023470578715205193,0.2716912031173706,-0.9615687131881714,-0.40094316005706787,0.15102413296699524,-0.06593362987041473,0.9302710890769958,-0.07688040286302567,-0.5697731375694275,-0.6262381076812744,0.06,0.5119979381561279,1.0404046773910522,0.002135621150955558,-0.4219733774662018,-0.7596988081932068,-0.27040523290634155,0.1961216777563095,-0.7055612206459045,-0.14999999999999997,-1.3256973028182983,-0.03,-0.45789533853530884,-0.14999999999999997
1.4787726402282715,-0.04947911947965622,0.6285874247550964,-0.03031880222260952,-0.020368870347738266,0.25905150175094604,-0.9651725888252258,-0.4130811393260956,0.14611147344112396,-0.0879828929901123,0.9364538192749023,-0.06606988608837128,-0.5480033159255981,-0.6171520948410034,0.06,0.48526665568351746,1.0277013778686523,-0.001449726871214807,-0.41861918568611145,-0.6846715807914734,-0.27729102969169617,0.21195144951343536,-0.6897451281547546,-0.14999999999999997,-1.3122397661209106,-0.03,-0.4663640260696411,-0.14999999999999997
1.4769799709320068,-0.049072347581386566,0.6311981081962585,-0.029228219762444496,-0.016884349286556244,0.24598674476146698,-0.9686852693557739,-0.41980817914009094,0.13959912955760956,-0.10244011878967285,0.9330419898033142,-0.06228440999984741,-0.5222805142402649,-0.6048173904418945,0.06,0.45854470133781433,1.010776162147522,-0.0044037657789886,-0.4139768183231354,-0.6079264879226685,-0.2931637465953827,0.23327334225177765,-0.6618219614028931,-0.14999999999999997,-1.2965666055679321,-0.03,-0.4728439748287201,-0.14999999999999997
1.4753227233886719,-0.048682715743780136,0.6342063546180725,-0.02847229689359665,-0.013468164019286633,0.23234739899635315,-0.9721226096153259,-0.4217989146709442,0.13269107043743134,-0.10878513753414154,0.9196455478668213,-0.06796400994062424,-0.49539145827293396,-0.5907320380210876,0.06,0.43112173676490784,0.9911121129989624,-0.0069989413022994995,-0.40853339433670044,-0.530004620552063,-0.3193334937095642,0.25798502564430237,-0.6230090856552124,-0.14999999999999997,-1.2778607606887817,-0.03,-0.47801437973976135,-0.14999999999999997
1.4737801551818848,-0.04832923412322998,0.6373386979103088,-0.027855657041072845,-0.010474461130797863,0.2175433188676834,-0.9755967855453491,-0.42066681385040283,0.1258540004491806,-0.10871869325637817,0.8995868563652039,-0.08040201663970947,-0.4698043465614319,-0.576131284236908,0.06,0.40158092975616455,0.9701563715934753,-0.00943063385784626,-0.40308889746665955,-0.45251625776290894,-0.35604599118232727,0.2829294204711914,-0.57532799243927,-0.14999999999999997,-1.2569150924682617,-0.03,-0.4818008542060852,-0.14845909178256989
1.4724781513214111,-0.04805667698383331,0.6404632329940796,-0.02710079401731491,-0.007773456163704395,0.20097459852695465,-0.9791905879974365,-0.4170277416706085,0.11880042403936386,-0.10420157015323639,0.8748945593833923,-0.09651580452919006,-0.44548195600509644,-0.5604465007781982,0.06,0.36824631690979004,0.9485987424850464,-0.011913152411580086,-0.3985326886177063,-0.37700507044792175,-0.40207961201667786,0.30460864305496216,-0.5228105783462524,-0.14999999999999997,-1.2358471155166626,-0.03,-0.4836271405220032,-0.13411521911621094
1.47158944606781,-0.04791059345006943,0.6435543894767761,-0.02588610351085663,-0.005040415097028017,0.18250033259391785,-0.9828519821166992,-0.4098813533782959,0.11168944090604782,-0.09583128243684769,0.8449460864067078,-0.11287378519773483,-0.4236142933368683,-0.5420732498168945,0.06,0.3301185965538025,0.9262023568153381,-0.014509006403386593,-0.3952495753765106,-0.3037373125553131,-0.45541301369667053,0.3202718198299408,-0.4714074730873108,-0.14999999999999997,-1.217455267906189,-0.03,-0.4836811125278473,-0.12502814829349518
1.4711527824401855,-0.047866061329841614,0.6465699076652527,-0.02398112416267395,-0.0023726928047835827,0.16266095638275146,-0.9863876700401306,-0.39869678020477295,0.10496588796377182,-0.08344610780477524,0.8089030981063843,-0.12603090703487396,-0.4055043160915375,-0.5206961631774902,0.06,0.2878302037715912,0.9025102257728577,-0.01708674058318138,-0.3928088843822479,-0.23135915398597717,-0.5146166086196899,0.32820913195610046,-0.4266238212585449,-0.14999999999999997,-1.2047160863876343,-0.03,-0.4833267033100128,-0.12457531690597534
1.4710742235183716,-0.047846730798482895,0.6493126749992371,-0.02121889591217041,-0.00023332596174441278,0.14230327308177948,-0.9895954728126526,-0.38406437635421753,0.09905166923999786,-0.06767943501472473,0.7664076089859009,-0.13435247540473938,-0.39268758893013,-0.49793022871017456,0.06,0.24307891726493835,0.878208577632904,-0.019430993124842644,-0.3907563388347626,-0.15822166204452515,-0.5787647366523743,0.3274674415588379,-0.39129742980003357,-0.14999999999999997,-1.1996787786483765,-0.03,-0.4838104546070099,-0.1348283737897873
1.4714528322219849,-0.047532644122838974,0.6524019837379456,-0.018865659832954407,0.001474890043027699,0.1228974238038063,-0.9922388195991516,-0.37240782380104065,0.09823305159807205,-0.06371166557073593,0.7315220832824707,-0.14509226381778717,-0.37191978096961975,-0.4732797145843506,0.04785124957561493,0.20053766667842865,0.8504493236541748,-0.02036489173769951,-0.3870939612388611,-0.0821804404258728,-0.6447945833206177,0.3159154951572418,-0.36365851759910583,-0.14999999999999997,-1.2019537687301636,-0.03,-0.4823472797870636,-0.14999999999999997
1.4723591804504395,-0.04687246307730675,0.6561650037765503,-0.017392734065651894,0.0032318863086402416,0.10546918958425522,-0.9942651987075806,-0.36112359166145325,0.0946352481842041,-0.07080676406621933,0.6991135478019714,-0.1391870230436325,-0.34756824374198914,-0.44506293535232544,0.02944095805287361,0.1622428447008133,0.8171195387840271,-0.019352858886122704,-0.3805208206176758,-0.003247790737077594,-0.7104628682136536,0.29432347416877747,-0.3421175479888916,-0.14999999999999997,-1.2088068723678589,-0.03,-0.4762316942214966,-0.14999999999999997
1.4734760522842407,-0.046028219163417816,0.6602691411972046,-0.01574922353029251,0.004411143716424704,0.08925788849592209,-0.9958741068840027,-0.3475714325904846,0.08874719589948654,-0.08580794930458069,0.661981999874115,-0.1335667073726654,-0.3227007985115051,-0.4146457016468048,0.013726675882935524,0.12529504299163818,0.7782436013221741,-0.01754164509475231,-0.37058931589126587,0.07363022863864899,-0.7760965824127197,0.2666361927986145,-0.3269827663898468,-0.14999999999999997,-1.2193609476089478,-0.03,-0.46754246950149536,-0.14999999999999997
1.4744914770126343,-0.04509184509515762,0.664535641670227,-0.013554287143051624,0.004123492632061243,0.07351764291524887,-0.9971932172775269,-0.33525097370147705,0.08326277881860733,-0.10744986683130264,0.6207316517829895,-0.1321088671684265,-0.2960112690925598,-0.3842843770980835,0.0015736679779365659,0.08804935961961746,0.7335582375526428,-0.015903005376458168,-0.3566935062408447,0.14337171614170074,-0.8424028158187866,0.2369539737701416,-0.31718170642852783,-0.14999999999999997,-1.2346696853637695,-0.03,-0.45981431007385254,-0.14999999999999997
1.4752449989318848,-0.04416492208838463,0.6686753034591675,-0.010960583575069904,0.0020663640461862087,0.05695444345474243,-0.9983144402503967,-0.3282961845397949,0.07870972156524658,-0.13300040364265442,0.5797823071479797,-0.12897883355617523,-0.26826509833335876,-0.3559936285018921,-0.00782488752156496,0.04871838912367821,0.6856318712234497,-0.014618116430938244,-0.3403608202934265,0.20107941329479218,-0.9116272926330566,0.2081838846206665,-0.3122413754463196,-0.14999999999999997,-1.2538676261901855,-0.03,-0.4537249505519867,-0.14999999999999997
1.4758654832839966,-0.04329400137066841,0.6723142266273499,-0.008442264050245285,-0.0008311884594149888,0.03860143944621086,-0.9992185831069946,-0.3256099820137024,0.07339877635240555,-0.1638118326663971,0.5409039258956909,-0.1268957108259201,-0.24036933481693268,-0.3298695683479309,-0.016259897500276566,0.006214069668203592,0.6397927403450012,-0.013077330775558949,-0.3252277076244354,0.24482685327529907,-0.9853745102882385,0.18081501126289368,-0.312784880399704,-0.14999999999999997,-1.2728915214538574,-0.03,-0.44733601808547974,-0.14999999999999997
1.47648024559021,-0.04255120828747749,0.67523592710495,-0.006203210446983576,-0.003670105477795005,0.01843290589749813,-0.9998041391372681,-0.325935959815979,0.0667647272348404,-0.19951902329921722,0.5065691471099854,-0.1253202259540558,-0.21419969201087952,-0.3062427043914795,-0.02439713478088379,-0.039499431848526,0.6012387871742249,-0.012434318661689758,-0.31365376710891724,0.27628618478775024,-1.0640943050384521,0.1542603075504303,-0.31938013434410095,-0.14999999999999997,-1.2871112823486328,-0.03,-0.439197301864624,-0.14999999999999997
1.4771147966384888,-0.04198702052235603,0.6774304509162903,-0.004101348575204611,-0.006014628801494837,-0.002726934151723981,-0.9999697208404541,-0.3284136950969696,0.05947691947221756,-0.2386329025030136,0.4782761335372925,-0.12482605129480362,-0.19097982347011566,-0.2863737940788269,-0.03180401772260666,-0.08629430085420609,0.5735880732536316,-0.011219899170100689,-0.3051776885986328,0.29937586188316345,-1.1458208560943604,0.12748409807682037,-0.3305947780609131,-0.14999999999999997,-1.2929301261901855,-0.03,-0.42869701981544495,-0.14999999999999997
1.4777318239212036,-0.04157017543911934,0.6789121627807617,-0.002259061671793461,-0.007712838239967823,-0.02364160306751728,-0.9996881484985352,-0.33245208859443665,0.051676005125045776,-0.27850401401519775,0.4569641053676605,-0.12515471875667572,-0.17171600461006165,-0.26999473571777344,-0.038627177476882935,-0.13181421160697937,0.5559858679771423,-0.010335505940020084,-0.30093449354171753,0.3183673322200775,-1.225614309310913,0.10039210319519043,-0.3426002860069275,-0.14999999999999997,-1.2889422178268433,-0.03,-0.41504108905792236,-0.14999999999999997
1.4782975912094116,-0.04124138876795769,0.6797086596488953,-0.0010425865184515715,-0.008723997510969639,-0.04366059601306915,-0.9990077018737793,-0.3374246656894684,0.04263180121779442,-0.3173006772994995,0.44250059127807617,-0.12597866356372833,-0.1565091758966446,-0.25436827540397644,-0.04554997384548187,-0.17556481063365936,0.5431792140007019,-0.01028473861515522,-0.30321934819221497,0.33555877208709717,-1.2984503507614136,0.07409351319074631,-0.35283198952674866,-0.14999999999999997,-1.2758245468139648,-0.03,-0.3974778950214386,-0.14999999999999997
1.4787707328796387,-0.0410318523645401,0.6798502802848816,-0.000638857192825526,-0.00921610277146101,-0.06276702135801315,-0.9979853630065918,-0.343485027551651,0.031740136444568634,-0.35478657484054565,0.4345499873161316,-0.12724965810775757,-0.14503248035907745,-0.23605377972126007,-0.052358489483594894,-0.21843472123146057,0.5276929140090942,-0.010963192209601402,-0.3104715347290039,0.35178491473197937,-1.3618873357772827,0.050249624997377396,-0.3610459566116333,-0.14999999999999997,-1.2557164430618286,-0.03,-0.3754558265209198,-0.14999999999999997
1.4791889190673828,-0.041243307292461395,0.6799042224884033,0.00037975673330947757,-0.00959785096347332,-0.08145584911108017,-0.9966306090354919,-0.3503948450088501,0.022647760808467865,-0.3920154869556427,0.42890506982803345,-0.12952929735183716,-0.13481469452381134,-0.21919769048690796,-0.0561949722468853,-0.25905781984329224,0.5147621631622314,-0.006298374850302935,-0.31547096371650696,0.36710265278816223,-1.4176604747772217,0.03,-0.3703770935535431,-0.14999999999999997,-1.2321577072143555,-0.03,-0.35141026973724365,-0.14999999999999997
1.4795969724655151,-0.041934818029403687,0.6799618601799011,0.0023788297548890114,-0.010052243247628212,-0.10001624375581741,-0.9949321150779724,-0.3584643602371216,0.016048923134803772,-0.43086671829223633,0.4246061146259308,-0.13354124128818512,-0.1256563514471054,-0.20301289856433868,-0.05614157393574715,-0.2995930016040802,0.5020073652267456,-0.0006718978984281421,-0.3180238902568817,0.38224032521247864,-1.4676774740219116,0.03,-0.38012897968292236,-0.14999999999999997,-1.2086796760559082,-0.03,-0.3254907429218292,-0.14999999999999997
1.4800834655761719,-0.04296254366636276,0.6800276637077332,0.004893564619123936,-0.010441074147820473,-0.11839205026626587,-0.9928998947143555,-0.3665950894355774,0.010982796549797058,-0.470004677772522,0.42059898376464844,-0.13852764666080475,-0.11707133054733276,-0.18666128814220428,-0.053319547325372696,-0.341806560754776,0.48856469988822937,-0.0003132839628960937,-0.31988611817359924,0.3981863558292389,-1.512343406677246,0.03,-0.38818201422691345,-0.14999999999999997,-1.1871649026870728,-0.03,-0.298115611076355,-0.14999999999999997
1.4807517528533936,-0.044121142476797104,0.6800777316093445,0.00728948786854744,-0.010547083802521229,-0.136594757437706,-0.9905439615249634,-0.37329840660095215,0.006184592843055725,-0.5080826282501221,0.415863573551178,-0.14368776977062225,-0.10870333015918732,-0.16942080855369568,-0.04932786524295807,-0.3838845491409302,0.47442007064819336,0.00014259174349717796,-0.3217414319515228,0.41516757011413574,-1.5512624979019165,0.03,-0.39260345697402954,-0.14999999999999997,-1.1690497398376465,-0.03,-0.2704015374183655,-0.14999999999999997
1.4816229343414307,-0.045216526836156845,0.6801451444625854,0.009095991961658001,-0.01040898822247982,-0.15467321872711182,-0.9878688454627991,-0.3775772154331207,0.000870850752107799,-0.5439696311950684,0.40873199701309204,-0.14856551587581635,-0.09949470311403275,-0.1518024355173111,-0.045728910714387894,-0.425330251455307,0.46082866191864014,0.0014451405731961131,-0.3240238130092621,0.4331640303134918,-1.5846787691116333,0.03,-0.39243772625923157,-0.14999999999999997,-1.1558533906936646,-0.03,-0.24325315654277802,-0.14999999999999997
1.4826271533966064,-0.04611542448401451,0.680200457572937,0.01011977344751358,-0.010326958261430264,-0.17271223664283752,-0.9848660826683044,-0.380031555891037,-0.005605410784482956,-0.5768439769744873,0.3989972770214081,-0.1525825560092926,-0.0889437347650528,-0.13508407771587372,-0.04363168030977249,-0.4659310281276703,0.4492844343185425,0.0036041259299963713,-0.32731619477272034,0.4521709978580475,-1.6143938302993774,0.03,-0.3878799080848694,-0.14999999999999997,-1.148168921470642,-0.03,-0.21654854714870453,-0.14999999999999997
1.4837157726287842,-0.04675182327628136,0.6801666617393494,0.010443547740578651,-0.010469489730894566,-0.1907256543636322,-0.9815319180488586,-0.38197246193885803,-0.012775343842804432,-0.6045914888381958,0.3876144587993622,-0.15567071735858917,-0.07698065042495728,-0.12013358622789383,-0.04344973713159561,-0.5055453777313232,0.44109591841697693,0.006658576428890228,-0.33217281103134155,0.4723302125930786,-1.6423794031143188,0.03,-0.37946993112564087,-0.14999999999999997,-1.145268201828003,-0.03,-0.1902444213628769,-0.14999999999999997
1.4848345518112183,-0.04708036035299301,0.6799754500389099,0.010307464748620987,-0.010757832787930965,-0.20872339606285095,-0.9778611660003662,-0.3842927813529968,-0.019866855815052986,-0.6260094046592712,0.37627577781677246,-0.15779812633991241,-0.06432189792394638,-0.10684064030647278,-0.0449790433049202,-0.5443152785301208,0.4366016983985901,0.010628790594637394,-0.3386901915073395,0.4947405457496643,-1.6697691679000854,0.03,-0.36784544587135315,-0.14999999999999997,-1.1455613374710083,-0.03,-0.1646917313337326,-0.14999999999999997
1.4860061407089233,-0.04710831865668297,0.6796017289161682,0.009858723729848862,-0.01104926597326994,-0.2268717736005783,-0.97381192445755,-0.3873475193977356,-0.02652181126177311,-0.6414823532104492,0.36589938402175903,-0.16016364097595215,-0.05149247497320175,-0.09442447870969772,-0.047882579267024994,-0.5828039050102234,0.4354113042354584,0.015633057802915573,-0.34684187173843384,0.5186007618904114,-1.696626901626587,0.03,-0.35346782207489014,-0.14999999999999997,-1.1472804546356201,-0.03,-0.13962244987487793,-0.14999999999999997
1.4873155355453491,-0.04688237980008125,0.6790757179260254,0.009191922843456268,-0.011218751780688763,-0.24490541219711304,-0.9694384336471558,-0.3909648358821869,-0.03290005773305893,-0.6504665613174438,0.3573980927467346,-0.16126734018325806,-0.03902985528111458,-0.08205904066562653,-0.05150375887751579,-0.6208445429801941,0.43644899129867554,0.021417934447526932,-0.35616376996040344,0.5430087447166443,-1.7221007347106934,0.03,-0.33668285608291626,-0.14999999999999997,-1.1492698192596436,-0.03,-0.11593126505613327,-0.14999999999999997
1.4887689352035522,-0.04639875516295433,0.6784405708312988,0.008349011652171612,-0.0111778499558568,-0.2625305652618408,-0.9648227095603943,-0.3947122097015381,-0.03876461461186409,-0.6531627774238586,0.3510207235813141,-0.16120657324790955,-0.027598034590482712,-0.06915045529603958,-0.05535619705915451,-0.6580190658569336,0.4385608732700348,0.027964863926172256,-0.36600589752197266,0.5687037110328674,-1.7450510263442993,0.03,-0.317917138338089,-0.14999999999999997,-1.150740623474121,-0.03,-0.09344037622213364,-0.14999999999999997
1.4903230667114258,-0.04562840610742569,0.6777463555335999,0.007283386774361134,-0.010991683229804039,-0.27943578362464905,-0.960073709487915,-0.39828023314476013,-0.044203922152519226,-0.6501358151435852,0.3466681241989136,-0.16027280688285828,-0.01738324575126171,-0.055857863277196884,-0.0595136396586895,-0.6936481595039368,0.44138509035110474,0.035236701369285583,-0.37596771121025085,0.5964990258216858,-1.7648308277130127,0.03,-0.29760539531707764,-0.14999999999999997,-1.151509404182434,-0.03,-0.07130492478609085,-0.14999999999999997
1.4918986558914185,-0.044557008892297745,0.6770221590995789,0.006032612640410662,-0.010873153805732727,-0.2953462600708008,-0.955309271812439,-0.4019358456134796,-0.04970170184969902,-0.6419122219085693,0.3441201448440552,-0.15798319876194,-0.00818912498652935,-0.0428943857550621,-0.06409575790166855,-0.7270240783691406,0.44483280181884766,0.04308765381574631,-0.3857201933860779,0.6269220113754272,-1.7816427946090698,0.03,-0.276630699634552,-0.14999999999999997,-1.152392864227295,-0.03,-0.04854545742273331,-0.14999999999999997
1.4934108257293701,-0.04317115247249603,0.6763281226158142,0.004619981162250042,-0.010979309678077698,-0.3100232481956482,-0.9506542682647705,-0.40538808703422546,-0.05546863004565239,-0.6294853091239929,0.34224921464920044,-0.1541634500026703,0.0005389849538914859,-0.030697645619511604,-0.06918138265609741,-0.7575857043266296,0.44843679666519165,0.051365286111831665,-0.3946990370750427,0.6602480411529541,-1.7958265542984009,0.03,-0.2564639747142792,-0.14999999999999997,-1.153792142868042,-0.03,-0.024948332458734512,-0.14999999999999997
1.4947980642318726,-0.04149313643574715,0.6757082939147949,0.003143965033814311,-0.01144600659608841,-0.3232348561286926,-0.9462441802024841,-0.4086265563964844,-0.06,-0.6139618158340454,0.3395746946334839,-0.14864209294319153,0.009995422326028347,-0.019788768142461777,-0.07469534873962402,-0.7847719788551331,0.45195266604423523,0.05985531955957413,-0.40272268652915955,0.6965378522872925,-1.8077855110168457,0.03,-0.23894003033638,-0.14999999999999997,-1.1556012630462646,-0.03,-0.0005457091028802097,-0.14999999999999997
1.49600088596344,-0.039566654711961746,0.6752008199691772,0.0016716871177777648,-0.012370798736810684,-0.33486446738243103,-0.9421835541725159,-0.41118407249450684,-0.06,-0.5987454652786255,0.33655232191085815,-0.14213567972183228,0.018499694764614105,-0.010539334267377853,-0.08060288429260254,-0.8084484338760376,0.4550483822822571,0.0681033730506897,-0.4094230830669403,0.7354804277420044,-1.8176698684692383,0.03,-0.225637748837471,-0.14999999999999997,-1.1569846868515015,-0.03,0.024915257468819618,-0.14999999999999997
1.4969937801361084,-0.03740766644477844,0.6748174428939819,0.0001491162256570533,-0.01372660044580698,-0.3448803424835205,-0.9385461807250977,-0.41251054406166077,-0.06,-0.5867078304290771,0.33330997824668884,-0.13586771488189697,0.024861950427293777,-0.0030088857747614384,-0.08720819652080536,-0.8284435868263245,0.45794299244880676,0.07620996981859207,-0.4149131774902344,0.7765718102455139,-1.8254865407943726,0.03,-0.21735112369060516,-0.14999999999999997,-1.1564815044403076,-0.03,0.051686808466911316,-0.14999999999999997
1.4978002309799194,-0.03501253202557564,0.6745056509971619,-0.0014829165302217007,-0.015418612398207188,-0.35339751839637756,-0.935344934463501,-0.4126972258090973,-0.06,-0.578931987285614,0.3288387358188629,-0.13065099716186523,0.030384289100766182,0.0028658134397119284,-0.09496692568063736,-0.8449367880821228,0.4615291357040405,0.08419039100408554,-0.4197227656841278,0.8189611434936523,-1.8315749168395996,0.03,-0.21374982595443726,-0.14999999999999997,-1.1528112888336182,-0.03,0.07957998663187027,-0.14999999999999997
1.498444676399231,-0.032418109476566315,0.6742048859596252,-0.003189758863300085,-0.017404327169060707,-0.36069267988204956,-0.932516872882843,-0.4121971130371094,-0.06,-0.5759051442146301,0.32380199432373047,-0.1260807067155838,0.035315562039613724,0.0071570691652596,-0.10394242405891418,-0.8584461808204651,0.4663197696208954,0.09208762645721436,-0.42434439063072205,0.8614808917045593,-1.836570143699646,0.03,-0.21341314911842346,-0.14999999999999997,-1.1453044414520264,-0.03,0.1079108864068985,-0.14999999999999997
1.498916506767273,-0.02971227839589119,0.6738901138305664,-0.004850842524319887,-0.01975414715707302,-0.3670139014720917,-0.9299930334091187,-0.41188156604766846,-0.06,-0.5769464373588562,0.31940558552742004,-0.12192520499229431,0.03933004289865494,0.009592698886990547,-0.11393734067678452,-0.8694210648536682,0.4724312126636505,0.0997847393155098,-0.4289049208164215,0.9031296372413635,-1.8413139581680298,0.03,-0.214237779378891,-0.14999999999999997,-1.1338661909103394,-0.03,0.13560600578784943,-0.14999999999999997
1.4992032051086426,-0.026993844658136368,0.6735118627548218,-0.006303718313574791,-0.02250831574201584,-0.37247201800346375,-0.9277489185333252,-0.41246894001960754,-0.06,-0.5819200873374939,0.3164006471633911,-0.11795198917388916,0.04221665859222412,0.009751114062964916,-0.12468454241752625,-0.8779560327529907,0.48014652729034424,0.10717549920082092,-0.4336540699005127,0.9433263540267944,-1.8468619585037231,0.03,-0.21411029994487762,-0.14999999999999997,-1.1186549663543701,-0.03,0.16134463250637054,-0.14999999999999997
1.4993141889572144,-0.024362457916140556,0.6730342507362366,-0.007492909673601389,-0.02559223584830761,-0.37694090604782104,-0.9258532524108887,-0.41482582688331604,-0.06,-0.5883429050445557,0.31588014960289,-0.11425179988145828,0.043748240917921066,0.007391075138002634,-0.13604769110679626,-0.8837615251541138,0.4897878170013428,0.11384633928537369,-0.43878135085105896,0.9820347428321838,-1.8539891242980957,0.03,-0.21119287610054016,-0.14999999999999997,-1.0996124744415283,-0.03,0.18420952558517456,-0.14999999999999997
1.4992307424545288,-0.021916929632425308,0.6724146008491516,-0.008611319586634636,-0.028908638283610344,-0.3806683123111725,-0.9242193698883057,-0.4188154339790344,-0.06,-0.5938969850540161,0.31737613677978516,-0.1106911227107048,0.04448942095041275,0.0025337967090308666,-0.14865365624427795,-0.8872158527374268,0.502415657043457,0.1198405846953392,-0.4448716342449188,1.0182794332504272,-1.8624165058135986,0.03830747306346893,-0.20389297604560852,-0.14999999999999997,-1.0764020681381226,-0.03,0.20408853888511658,-0.14999999999999997
1.4989557266235352,-0.019767243415117264,0.6716606020927429,-0.00988098606467247,-0.03231162205338478,-0.383696585893631,-0.9228408336639404,-0.4236016273498535,-0.06,-0.5980995297431946,0.31972742080688477,-0.10737970471382141,0.045029912143945694,-0.004516159649938345,-0.16278673708438873,-0.8883712291717529,0.518236517906189,0.12521931529045105,-0.4521641731262207,1.0515567064285278,-1.87123703956604,0.051125381141901016,-0.19134142994880676,-0.14999999999999997,-1.0491989850997925,-0.03,0.2211761325597763,-0.14999999999999997
1.4985597133636475,-0.01799888350069523,0.6708196401596069,-0.011422278359532356,-0.03553711250424385,-0.3858709931373596,-0.9217972159385681,-0.42831072211265564,-0.06,-0.6004832983016968,0.32236361503601074,-0.10436797887086868,0.04542586952447891,-0.012960772961378098,-0.17794986069202423,-0.8872096538543701,0.5363383889198303,0.12977978587150574,-0.4603194296360016,1.081904649734497,-1.879651665687561,0.06296119838953018,-0.17346042394638062,-0.14999999999999997,-1.0185482501983643,-0.03,0.2361023873090744,-0.14999999999999997
1.4981321096420288,-0.016660770401358604,0.6699554324150085,-0.013359789736568928,-0.03827440366148949,-0.38688361644744873,-0.9212369322776794,-0.43208014965057373,-0.06,-0.6002876162528992,0.3251642882823944,-0.10163066536188126,0.04540504515171051,-0.021930789574980736,-0.19357424974441528,-0.8834044337272644,0.5556872487068176,0.13336816430091858,-0.46888381242752075,1.109868049621582,-1.888333797454834,0.07282312959432602,-0.1505281627178192,-0.14999999999999997,-0.9855530261993408,-0.03,0.24960237741470337,-0.14999999999999997
1.4977396726608276,-0.015765996649861336,0.6691216230392456,-0.015562634915113449,-0.04056635499000549,-0.3863261044025421,-0.9213382005691528,-0.4351089596748352,-0.06,-0.5968742966651917,0.3282436430454254,-0.09921211749315262,0.044614460319280624,-0.031734880059957504,-0.20892907679080963,-0.8761522173881531,0.5752946138381958,0.13577261567115784,-0.47737663984298706,1.1357934474945068,-1.8933185338974,0.08241908997297287,-0.12234178930521011,-0.14999999999999997,-0.9520513415336609,-0.03,0.26400721073150635,-0.14999999999999997
1.4974294900894165,-0.015275059267878532,0.6683452129364014,-0.018021954223513603,-0.04233631491661072,-0.3838707208633423,-0.9222396612167358,-0.43740153312683105,-0.06,-0.5896338224411011,0.33223095536231995,-0.09696945548057556,0.04249291867017746,-0.04240450635552406,-0.2237074226140976,-0.8647821545600891,0.5947661995887756,0.1369226723909378,-0.485556960105896,1.1599044799804688,-1.8933955430984497,0.09177634119987488,-0.08966930955648422,-0.14999999999999997,-0.9190681576728821,-0.03,0.28173622488975525,-0.14999999999999997
1.4972233772277832,-0.015097091905772686,0.6676217913627625,-0.02081657387316227,-0.04353803023695946,-0.37927260994911194,-0.9240255951881409,-0.43888068199157715,-0.06,-0.5780138373374939,0.33770158886909485,-0.09472115337848663,0.03854455426335335,-0.054064709693193436,-0.23808255791664124,-0.8486553430557251,0.6142870783805847,0.1369307041168213,-0.4934506118297577,1.182255744934082,-1.887335181236267,0.10056570172309875,-0.05340340733528137,-0.14999999999999997,-0.8868247866630554,-0.03,0.3051682412624359,-0.14999999999999997
1.4970940351486206,-0.015118940733373165,0.6668878793716431,-0.024116110056638718,-0.044242698699235916,-0.37231361865997314,-0.9267380237579346,-0.43970322608947754,-0.06,-0.5614335536956787,0.3453446328639984,-0.09220349043607712,0.03233352676033974,-0.0674586370587349,-0.25290998816490173,-0.8267729878425598,0.6350308656692505,0.13605843484401703,-0.5015168786048889,1.2028156518936157,-1.873942255973816,0.1081751137971878,-0.014255862683057785,-0.14999999999999997,-0.8548895716667175,-0.03,0.33675169944763184,-0.14999999999999997
1.4969598054885864,-0.015243054367601871,0.6660454869270325,-0.028118249028921127,-0.04468540474772453,-0.3627890348434448,-0.9303744435310364,-0.4403237998485565,-0.06,-0.5390859842300415,0.3555281460285187,-0.0891084149479866,0.023758094757795334,-0.08417119085788727,-0.2694280445575714,-0.7977988123893738,0.6588265895843506,0.1345006674528122,-0.5103464722633362,1.2216497659683228,-1.8521820306777954,0.11369156837463379,0.027424097061157227,-0.14999999999999997,-0.8227747678756714,-0.03,0.37852683663368225,-0.14999999999999997
1.4967117309570312,-0.015383291058242321,0.665015697479248,-0.033034346997737885,-0.04506543651223183,-0.3505358099937439,-0.9348808526992798,-0.4408642649650574,-0.06,-0.5105781555175781,0.36788079142570496,-0.08526652306318283,0.01308384258300066,-0.10577655583620071,-0.28853464126586914,-0.7603971362113953,0.6869746446609497,0.132502481341362,-0.520229697227478,1.2389390468597412,-1.821521520614624,0.11546338349580765,0.07133316248655319,-0.14999999999999997,-0.7902638912200928,-0.03,0.4314235746860504,-0.13757933676242828
1.4962623119354248,-0.01545707043260336,0.6637760996818542,-0.039013832807540894,-0.0454031266272068,-0.33550897240638733,-0.9401329755783081,-0.44094452261924744,-0.06,-0.47567006945610046,0.38152363896369934,-0.08053722977638245,0.0007924704696051776,-0.13309305906295776,-0.31019893288612366,-0.7137415409088135,0.7194864153862,0.13036011159420013,-0.5309090614318848,1.254935622215271,-1.782256007194519,0.1118374615907669,0.11765117943286896,-0.14999999999999997,-0.7574944496154785,-0.03,0.4945109784603119,-0.1144542396068573
1.4956090450286865,-0.015385834500193596,0.6623418927192688,-0.04598879814147949,-0.04556545987725258,-0.3178386092185974,-0.9459319114685059,-0.44025108218193054,-0.06,-0.43469929695129395,0.39617305994033813,-0.07494325935840607,-0.013040930032730103,-0.16602353751659393,-0.3331906497478485,-0.6577591300010681,0.7551521062850952,0.12847569584846497,-0.541760265827179,1.2692737579345703,-1.7357908487319946,0.10302063822746277,0.16698560118675232,-0.14999999999999997,-0.7249960899353027,-0.03,0.5651769638061523,-0.0937005877494812
1.4948115348815918,-0.01511328388005495,0.6607145071029663,-0.053813252598047256,-0.04541508108377457,-0.29784443974494934,-0.9520136713981628,-0.43869471549987793,-0.06,-0.3884718716144562,0.41198650002479553,-0.06858743727207184,-0.02853076532483101,-0.20402278006076813,-0.3560534417629242,-0.59319007396698,0.7927058935165405,0.12695276737213135,-0.5522935390472412,1.2805289030075073,-1.6839572191238403,0.09148958325386047,0.21975177526474,-0.14999999999999997,-0.6932470798492432,-0.03,0.6397188305854797,-0.07673002779483795
1.4939568042755127,-0.01461708266288042,0.65888911485672,-0.062379542738199234,-0.04479004070162773,-0.2761141061782837,-0.9580519199371338,-0.4358983337879181,-0.06,-0.33828070759773254,0.42863643169403076,-0.06191104277968407,-0.045570626854896545,-0.24590058624744415,-0.37761640548706055,-0.521632969379425,0.8311132788658142,0.1259322315454483,-0.562362015247345,1.2864081859588623,-1.6287559270858765,0.08064103871583939,0.2759350836277008,-0.14999999999999997,-0.6621573567390442,-0.03,0.7139727473258972,-0.06269459426403046
1.4931329488754272,-0.013925560750067234,0.6568968296051025,-0.0715891644358635,-0.043488554656505585,-0.2535168528556824,-0.9636974334716797,-0.4311417043209076,-0.06,-0.28606685996055603,0.44512584805488586,-0.05519166961312294,-0.06345061212778091,-0.2895790934562683,-0.39705169200897217,-0.4457179307937622,0.869259238243103,0.12563402950763702,-0.571929931640625,1.2842375040054321,-1.5722280740737915,0.07358410954475403,0.3348946273326874,-0.14999999999999997,-0.6316612958908081,-0.03,0.7841543555259705,-0.049589771777391434
1.4923982620239258,-0.013135130517184734,0.6547973155975342,-0.08117146044969559,-0.04145130142569542,-0.2309323400259018,-0.9686914086341858,-0.42420703172683716,-0.06,-0.23367616534233093,0.4605174958705902,-0.04881889745593071,-0.0813610777258873,-0.3331446051597595,-0.413582980632782,-0.36810484528541565,0.9061543345451355,0.1265212893486023,-0.5809674859046936,1.2718790769577026,-1.5159432888031006,0.07287070155143738,0.39604994654655457,-0.14999999999999997,-0.6023539900779724,-0.03,0.8479604721069336,-0.03561205416917801
1.4917861223220825,-0.012380680069327354,0.6526896953582764,-0.09064208716154099,-0.038698285818099976,-0.20908339321613312,-0.9729185700416565,-0.41538557410240173,-0.06,-0.18299852311611176,0.47437146306037903,-0.04319773614406586,-0.09869269281625748,-0.3744533061981201,-0.4263417422771454,-0.29201921820640564,0.9404410123825073,0.12833259999752045,-0.5892831087112427,1.247967004776001,-1.46052885055542,0.08028322458267212,0.45945411920547485,-0.14999999999999997,-0.5754634141921997,-0.03,0.9038227200508118,-0.020012468099594116
1.491299033164978,-0.011780078522861004,0.6507042646408081,-0.09949132800102234,-0.03521398827433586,-0.188520610332489,-0.9763816595077515,-0.4048607349395752,-0.06,-0.13559044897556305,0.48636338114738464,-0.03865182772278786,-0.11492064595222473,-0.41111433506011963,-0.4349077641963959,-0.22096611559391022,0.9708259701728821,0.1303095817565918,-0.5900000000000001,1.2116419076919556,-1.4057767391204834,0.0965142622590065,0.5249163508415222,-0.14999999999999997,-0.5523895621299744,-0.03,0.9506383538246155,-0.002874260302633047
1.4908429384231567,-0.011397136375308037,0.6489090919494629,-0.10740154981613159,-0.031169096007943153,-0.16947829723358154,-0.9791682362556458,-0.3932497203350067,-0.06,-0.09218575060367584,0.49646034836769104,-0.03535104915499687,-0.12966609001159668,-0.44241440296173096,-0.4395584464073181,-0.15662574768066406,0.9969369769096375,0.1321142017841339,-0.5900000000000001,1.162999153137207,-1.3508986234664917,0.12098778784275055,0.5915756821632385,-0.14999999999999997,-0.5345907807350159,-0.03,0.9889430403709412,0.015682373195886612
1.4902456998825073,-0.011231373995542526,0.6472968459129333,-0.11422188580036163,-0.026992715895175934,-0.15184670686721802,-0.981410801410675,-0.3820006251335144,-0.06,-0.052670784294605255,0.5052618980407715,-0.03299117088317871,-0.1427418440580368,-0.4699205458164215,-0.4409087002277374,-0.09885813295841217,1.0195924043655396,0.13275384902954102,-0.5900000000000001,1.1034201383590698,-1.2952709197998047,0.15189172327518463,0.6589635610580444,-0.14999999999999997,-0.5232448577880859,-0.03,1.0208336114883423,0.034406039863824844
1.4893099069595337,-0.011202489025890827,0.6457653045654297,-0.11996763199567795,-0.02328876405954361,-0.13520881533622742,-0.9832516312599182,-0.37317296862602234,-0.06,-0.0162326879799366,0.5140618085861206,-0.03132529929280281,-0.15454812347888947,-0.49716079235076904,-0.4398203194141388,-0.04643578082323074,1.04069983959198,0.12970247864723206,-0.5900000000000001,1.0355851650238037,-1.2387957572937012,0.186187744140625,0.7278268337249756,-0.14999999999999997,-0.518779456615448,-0.03,1.0477973222732544,0.05036058649420738
1.4878946542739868,-0.011190894991159439,0.6441694498062134,-0.1248747780919075,-0.02049662172794342,-0.11908716708421707,-0.9847863912582397,-0.36833706498146057,-0.06,0.018288102000951767,0.5242375731468201,-0.02993682399392128,-0.16568629443645477,-0.5274872779846191,-0.4370129108428955,0.0026666452176868916,1.0621604919433594,0.12137094140052795,-0.5900000000000001,0.9624766707420349,-1.1816660165786743,0.2200716882944107,0.7992254495620728,-0.14999999999999997,-0.5207046270370483,-0.03,1.0700374841690063,0.060228388756513596
1.4860163927078247,-0.011096679605543613,0.6424019932746887,-0.12927860021591187,-0.018537728115916252,-0.10322615504264832,-0.9860464930534363,-0.3674374520778656,-0.06,0.05174088850617409,0.5366002917289734,-0.02852306328713894,-0.1767919510602951,-0.5615900158882141,-0.43289437890052795,0.04993658512830734,1.0848389863967896,0.10817519575357437,-0.5900000000000001,0.8860002756118774,-1.1237783432006836,0.25041380524635315,0.8733780384063721,-0.14999999999999997,-0.5279749035835266,-0.03,1.0878654718399048,0.06278762221336365
1.4838260412216187,-0.010882805101573467,0.6404393315315247,-0.13335491716861725,-0.01694890484213829,-0.08757288008928299,-0.9870460629463196,-0.3692023754119873,-0.06,0.08444243669509888,0.5514073967933655,-0.02706325426697731,-0.18842482566833496,-0.5982105135917664,-0.4272269904613495,0.0963997021317482,1.1092276573181152,0.09241273254156113,-0.5900000000000001,0.8071037530899048,-1.0651161670684814,0.2752450108528137,0.9496121406555176,-0.14999999999999997,-0.5400531888008118,-0.03,1.1021369695663452,0.059193506836891174
1.481459379196167,-0.010560272261500359,0.6382207870483398,-0.13720469176769257,-0.01539568044245243,-0.07186826318502426,-0.9878121018409729,-0.3728965222835541,-0.06,0.11691165715456009,0.5694268345832825,-0.02565036527812481,-0.20138446986675262,-0.6337934136390686,-0.4197859764099121,0.14110565185546875,1.1321817636489868,0.07577091455459595,-0.5900000000000001,0.7271637320518494,-1.0062129497528076,0.29335424304008484,1.0268598794937134,-0.14999999999999997,-0.5575528144836426,-0.03,1.1132994890213013,0.0515407994389534
1.4791029691696167,-0.010248750448226929,0.6358559727668762,-0.14052316546440125,-0.013563413172960281,-0.056468553841114044,-0.9883725643157959,-0.3773843050003052,-0.06,0.14815981686115265,0.5901421904563904,-0.024627430364489555,-0.21558959782123566,-0.6674480438232422,-0.4095511734485626,0.1844225823879242,1.1554195880889893,0.06054495647549629,-0.5900000000000001,0.646580696105957,-0.9486485719680786,0.3042287230491638,1.1026313304901123,-0.14999999999999997,-0.5817751288414001,-0.03,1.1205722093582153,0.04197104647755623
1.4768632650375366,-0.01007579080760479,0.6334301233291626,-0.14312715828418732,-0.0114632872864604,-0.04157049208879471,-0.9887644052505493,-0.3822350800037384,-0.06,0.17749954760074615,0.6129359006881714,-0.02434377186000347,-0.2307463437318802,-0.6978806853294373,-0.3961385190486908,0.22560028731822968,1.1784461736679077,0.04917987063527107,-0.5900000000000001,0.5664592981338501,-0.8946868777275085,0.30752694606781006,1.1736279726028442,-0.14999999999999997,-0.6137403845787048,-0.03,1.123085618019104,0.0326889306306839
1.4747812747955322,-0.010120606049895287,0.630981981754303,-0.1451362669467926,-0.009397146292030811,-0.026869280263781548,-0.989001989364624,-0.3873065710067749,-0.06,0.20541520416736603,0.6367334723472595,-0.024888643994927406,-0.2464214414358139,-0.7233862280845642,-0.37994012236595154,0.2633538544178009,1.1977938413619995,0.04232809692621231,-0.5900000000000001,0.489152729511261,-0.846857488155365,0.3030906319618225,1.236794352531433,-0.14999999999999997,-0.6537606716156006,-0.03,1.1213735342025757,0.0256270170211792
1.4730082750320435,-0.01045101135969162,0.6286824345588684,-0.14654815196990967,-0.00745580717921257,-0.012069611810147762,-0.9891016483306885,-0.39144495129585266,-0.06,0.23237304389476776,0.6597592234611511,-0.026509983465075493,-0.2620808780193329,-0.7442829608917236,-0.36028438806533813,0.29951581358909607,1.2141379117965698,0.04031294584274292,-0.5900000000000001,0.4169957935810089,-0.8071926832199097,0.2912682592868805,1.2895766496658325,-0.14999999999999997,-0.7011094689369202,-0.03,1.1172494888305664,0.02036149613559246
1.471703290939331,-0.011080755852162838,0.6266257762908936,-0.14735287427902222,-0.005614301189780235,0.003043786156922579,-0.9890633225440979,-0.3937186598777771,-0.06,0.25872793793678284,0.6812182664871216,-0.02933608740568161,-0.27772241830825806,-0.7595216631889343,-0.33684465289115906,0.3349839448928833,1.2268612384796143,0.04435208812355995,-0.5900000000000001,0.351636677980423,-0.7777323126792908,0.2733670771121979,1.3304325342178345,-0.14999999999999997,-0.7554535865783691,-0.03,1.113550066947937,0.014880717732012272
1.4708751440048218,-0.011950381100177765,0.6246917843818665,-0.1478978395462036,-0.0040461053140461445,0.018238285556435585,-0.9888260960578918,-0.3946157395839691,-0.06,0.2843683063983917,0.7013946175575256,-0.033240873366594315,-0.2934077978134155,-0.7703566551208496,-0.3106759488582611,0.37078675627708435,1.237013578414917,0.05554809421300888,-0.5900000000000001,0.29298827052116394,-0.75984787940979,0.25184375047683716,1.3598028421401978,-0.14999999999999997,-0.8174872398376465,-0.03,1.1125173568725586,0.007356440648436546
1.4705959558486938,-0.013014618307352066,0.6228876709938049,-0.14863434433937073,-0.002310063922777772,0.03323601931333542,-0.9883307814598083,-0.3924582898616791,-0.06,0.3094683289527893,0.719022810459137,-0.03806213662028313,-0.30865639448165894,-0.7766671180725098,-0.28419801592826843,0.4064030945301056,1.245534062385559,0.07175511121749878,-0.5900000000000001,0.24057245254516602,-0.7512672543525696,0.22870469093322754,1.3787726163864136,-0.14999999999999997,-0.8865094184875488,-0.03,1.1140100955963135,-0.0006203462253324687
1.4708400964736938,-0.014249423518776894,0.621370792388916,-0.14974084496498108,-0.00030794189660809934,0.048543304204940796,-0.9875327348709106,-0.3858712315559387,-0.06,0.33550527691841125,0.7321110367774963,-0.0435297004878521,-0.32269716262817383,-0.7786362767219543,-0.25833117961883545,0.44164934754371643,1.2514715194702148,0.09003952890634537,-0.5900000000000001,0.19607509672641754,-0.7497607469558716,0.20439478754997253,1.3882275819778442,-0.14999999999999997,-0.9615836143493652,-0.03,1.1166085004806519,-0.0067934757098555565
1.4715209007263184,-0.01564483530819416,0.6203165650367737,-0.15102529525756836,0.0017770252889022231,0.06485934555530548,-0.9863981604576111,-0.37453392148017883,-0.06,0.36380070447921753,0.7394782900810242,-0.04969320073723793,-0.3349335789680481,-0.7780324816703796,-0.2314760833978653,0.4782377779483795,1.255885362625122,0.11043889820575714,-0.5900000000000001,0.1611233949661255,-0.7542868852615356,0.17957164347171783,1.388594627380371,-0.14999999999999997,-1.041009783744812,-0.03,1.118682861328125,-0.011230284348130226
1.472548007965088,-0.017090238630771637,0.6198098659515381,-0.15266405045986176,0.003899361938238144,0.0825255736708641,-0.984818696975708,-0.3597016930580139,-0.06,0.3947744071483612,0.7432101964950562,-0.057265911251306534,-0.3442457616329193,-0.7741775512695312,-0.20448103547096252,0.5164901614189148,1.256447196006775,0.13184238970279694,-0.5900000000000001,0.13572220504283905,-0.7639194130897522,0.15449562668800354,1.3810635805130005,-0.14999999999999997,-1.1215941905975342,-0.03,1.1199449300765991,-0.01439246628433466
1.4741302728652954,-0.018006956204771996,0.6202448606491089,-0.15529589354991913,0.006652137730270624,0.10134705156087875,-0.9826329946517944,-0.3419923484325409,-0.06,0.42846786975860596,0.7465508580207825,-0.06726653128862381,-0.3458217680454254,-0.7719809412956238,-0.1851470172405243,0.5485667586326599,1.256195068359375,0.13093715906143188,-0.5900000000000001,0.11840810626745224,-0.7767724394798279,0.12766385078430176,1.3670334815979004,-0.14999999999999997,-1.1991990804672241,-0.03,1.1209439039230347,-0.01749822311103344
1.4760572910308838,-0.018410606309771538,0.6216524839401245,-0.15864641964435577,0.009343626908957958,0.12214650958776474,-0.9797060489654541,-0.3258904218673706,-0.06,0.4634537100791931,0.7546007633209229,-0.08200862258672714,-0.33859753608703613,-0.7672985196113586,-0.16617776453495026,0.5862338542938232,1.2502292394638062,0.13341288268566132,-0.5900000000000001,0.10982193052768707,-0.7935466170310974,0.09961193799972534,1.3458062410354614,-0.14999999999999997,-1.2722829580307007,-0.03,1.1214500665664673,-0.02548573911190033
1.4781849384307861,-0.017901809886097908,0.6240547299385071,-0.16221164166927338,0.011980483308434486,0.14226821064949036,-0.9763725399971008,-0.31596678495407104,-0.06,0.48881444334983826,0.7686247825622559,-0.09788325428962708,-0.32201215624809265,-0.759580135345459,-0.1517312079668045,0.6243033409118652,1.2376190423965454,0.1384952813386917,-0.5811508297920227,0.1068764328956604,-0.8141162395477295,0.0685185045003891,1.3133996725082397,-0.14999999999999997,-1.3359869718551636,-0.03,1.1228610277175903,-0.04951370880007744
1.4804813861846924,-0.016561418771743774,0.6273053884506226,-0.1657772958278656,0.014170316979289055,0.16200502216815948,-0.9726619124412537,-0.3133418560028076,-0.06,0.5013507008552551,0.7851016521453857,-0.1108744814991951,-0.29800111055374146,-0.7503276467323303,-0.14065781235694885,0.6631702184677124,1.2188712358474731,0.14573530852794647,-0.5689740777015686,0.1053970605134964,-0.8354727625846863,0.03879654407501221,1.2725046873092651,-0.14999999999999997,-1.3900290727615356,-0.03,1.1238880157470703,-0.06315091997385025
1.4830421209335327,-0.014311706647276878,0.6312878131866455,-0.16899602115154266,0.015864089131355286,0.18227311968803406,-0.968485951423645,-0.3175669312477112,-0.06,0.5030702352523804,0.8037876486778259,-0.12060569226741791,-0.2916989326477051,-0.7399003505706787,-0.13174653053283691,0.7033728361129761,1.193848967552185,0.15434154868125916,-0.553618311882019,0.10586178302764893,-0.854461669921875,0.03,1.2230075597763062,-0.14999999999999997,-1.4358354806900024,-0.03,1.1235394477844238,-0.07400261610746384
1.4858814477920532,-0.011321241036057472,0.6357825398445129,-0.1714620590209961,0.01726161316037178,0.20292530953884125,-0.9639108180999756,-0.327058345079422,-0.06,0.49521639943122864,0.8211559653282166,-0.1297999769449234,-0.29448050260543823,-0.7277980446815491,-0.12457529455423355,0.7437057495117188,1.1632856130599976,0.16409681737422943,-0.5358037948608398,0.10587257146835327,-0.8693495392799377,0.03,1.1657469272613525,-0.14999999999999997,-1.4750174283981323,-0.03,1.1219098567962646,-0.08477642387151718
1.488906741142273,-0.007798048667609692,0.6404938697814941,-0.17269623279571533,0.01824910007417202,0.22422446310520172,-0.9589401483535767,-0.33838504552841187,-0.06,0.48067963123321533,0.8304101228713989,-0.1398497223854065,-0.2942746877670288,-0.714571475982666,-0.11746757477521896,0.7833780646324158,1.1282626390457153,0.1740925908088684,-0.5156611800193787,0.10444746166467667,-0.878646731376648,0.03,1.0999611616134644,-0.14999999999999997,-1.5105576515197754,-0.03,1.1204904317855835,-0.09263088554143906
1.4920823574066162,-0.003992759622633457,0.6450739502906799,-0.1722334772348404,0.018993934616446495,0.24659517407417297,-0.9535017609596252,-0.347469300031662,-0.06,0.46277615427970886,0.8299683928489685,-0.14746221899986267,-0.2900720238685608,-0.6999490857124329,-0.10851795226335526,0.8221041560173035,1.0904632806777954,0.18384972214698792,-0.49389147758483887,0.10130257904529572,-0.8822245001792908,0.03,1.0259709358215332,-0.14999999999999997,-1.5444142818450928,-0.03,1.119216799736023,-0.09682721644639969
1.4954583644866943,-9.690038859844208e-05,0.6491617560386658,-0.169911190867424,0.019836550578475,0.2700307071208954,-0.9475337266921997,-0.3506704270839691,-0.06,0.44461774826049805,0.8194234371185303,-0.15015558898448944,-0.28289663791656494,-0.6836647987365723,-0.09693223237991333,0.8596678376197815,1.0524013042449951,0.19279395043849945,-0.4719693064689636,0.09528931975364685,-0.8803223371505737,0.03,0.9487693905830383,-0.14999999999999997,-1.5773156881332397,-0.03,1.1171371936798096,-0.10003554075956345
1.499017357826233,0.0037987474352121353,0.6524134278297424,-0.16587725281715393,0.0208057202398777,0.29404380917549133,-0.9410579204559326,-0.34730789065361023,-0.06,0.42761489748954773,0.8006292581558228,-0.15010283887386322,-0.27674195170402527,-0.6663991808891296,-0.0823914110660553,0.896503746509552,1.0167090892791748,0.2017497569322586,-0.4514910578727722,0.08439533412456512,-0.8734814524650574,0.03,0.8732318878173828,-0.14999999999999997,-1.6106146574020386,-0.03,1.1143323183059692,-0.10339154303073883
1.50271737575531,0.007698117755353451,0.6545476317405701,-0.16051706671714783,0.021771885454654694,0.31812208890914917,-0.9341083765029907,-0.3382033109664917,-0.06,0.41230443120002747,0.7760100960731506,-0.14972138404846191,-0.2763523459434509,-0.6497352123260498,-0.06475809216499329,0.9330946207046509,0.986214816570282,0.21043312549591064,-0.43386101722717285,0.06761694699525833,-0.8623026013374329,0.03,0.8009293675422668,-0.14999999999999997,-1.6461119651794434,-0.03,1.1118006706237793,-0.10503804683685303
1.5065369606018066,0.0117106381803751,0.6554770469665527,-0.15432646870613098,0.02249019965529442,0.34218719601631165,-0.9265987873077393,-0.32476767897605896,-0.06,0.4004637897014618,0.7475195527076721,-0.1481654793024063,-0.2821494936943054,-0.6354092955589294,-0.04383857548236847,0.9703172445297241,0.9626666307449341,0.21741917729377747,-0.41973429918289185,0.045961786061525345,-0.847839891910553,0.03,0.7315747141838074,-0.14999999999999997,-1.6848045587539673,-0.03,1.1097816228866577,-0.10365744680166245
1.510488510131836,0.016001056879758835,0.6552523970603943,-0.14778175950050354,0.02271595038473606,0.3662278950214386,-0.9184342622756958,-0.30866679549217224,-0.06,0.3941780924797058,0.7162194848060608,-0.14361949265003204,-0.2884795069694519,-0.6244455575942993,-0.019887054339051247,1.0091090202331543,0.9462260603904724,0.22252702713012695,-0.4091756343841553,0.020622937008738518,-0.8315032124519348,0.03,0.6648805737495422,-0.14999999999999997,-1.726854920387268,-0.03,1.1074270009994507,-0.09922933578491211
1.514601230621338,0.0206698440015316,0.6539108753204346,-0.1412002295255661,0.02230537123978138,0.3900713622570038,-0.9096203446388245,-0.291206419467926,-0.06,0.3944135010242462,0.6820533275604248,-0.13706986606121063,-0.28855401277542114,-0.6166790723800659,0.006614207290112972,1.0507071018218994,0.9360433220863342,0.22890415787696838,-0.40199804306030273,-0.007843379862606525,-0.8147222995758057,0.03,0.6007448434829712,-0.14999999999999997,-1.7717643976211548,-0.03,1.1040786504745483,-0.0924622118473053
1.5188788175582886,0.025740846991539,0.6514655947685242,-0.13468649983406067,0.02116110548377037,0.41352328658103943,-0.9002277851104736,-0.2734334468841553,-0.06,0.4010264575481415,0.6455699801445007,-0.13202229142189026,-0.28457778692245483,-0.611811101436615,0.03578014671802521,1.0957484245300293,0.9319167733192444,0.2393372356891632,-0.3974625766277313,-0.03905162587761879,-0.7988706231117249,0.03,0.5385527014732361,-0.14999999999999997,-1.8182942867279053,-0.03,1.0998798608779907,-0.08480751514434814
1.5231173038482666,0.03134775161743164,0.6484487056732178,-0.12922099232673645,0.01915326528251171,0.4352158010005951,-0.8907985687255859,-0.2528854012489319,-0.06,0.4128168225288391,0.6223092079162598,-0.1270461529493332,-0.3357079327106476,-0.6104626655578613,0.06,1.142162799835205,0.9292884469032288,0.24,-0.3950701355934143,-0.07487189769744873,-0.7855768799781799,0.03,0.4789119362831116,-0.14999999999999997,-1.8655261993408203,-0.03,1.0969629287719727,-0.07778298109769821
1.5272094011306763,0.0373181588947773,0.6449539661407471,-0.12479879707098007,0.01613122597336769,0.45501261949539185,-0.8815488219261169,-0.23329810798168182,-0.06,0.43621399998664856,0.5952215194702148,-0.13312272727489471,-0.3950313627719879,-0.6129708886146545,0.06,1.1886591911315918,0.9282240867614746,0.24,-0.3938685357570648,-0.11461933702230453,-0.7760178446769714,0.03,0.420087069272995,-0.14999999999999997,-1.9116965532302856,-0.03,1.094730019569397,-0.07089816778898239
1.5317600965499878,0.04325449839234352,0.6431711912155151,-0.12366051226854324,0.014155963435769081,0.4723650813102722,-0.8725701570510864,-0.22803513705730438,-0.06,0.47815489768981934,0.59161776304245,-0.11972444504499435,-0.42344194650650024,-0.6162719130516052,0.06,1.2330905199050903,0.9191422462463379,0.24,-0.39113888144493103,-0.15756581723690033,-0.7700880765914917,0.03,0.3654040992259979,-0.14999999999999997,-1.9538849592208862,-0.03,1.0986274480819702,-0.0641719251871109
1.5364913940429688,0.04866550862789154,0.6422297954559326,-0.12455812096595764,0.012882951647043228,0.48839932680130005,-0.8635886311531067,-0.22615472972393036,-0.06,0.5246170163154602,0.5919085741043091,-0.0955706238746643,-0.43361330032348633,-0.6207935810089111,0.06,1.2743780612945557,0.9074473977088928,0.24,-0.38994041085243225,-0.19992490112781525,-0.7682455778121948,0.03,0.30881384015083313,-0.14999999999999997,-1.9934498071670532,-0.03,1.1032034158706665,-0.055013276636600494
1.5408433675765991,0.05325309932231903,0.6411916017532349,-0.1254299432039261,0.01129351370036602,0.5043929815292358,-0.8542407155036926,-0.2248617559671402,-0.06,0.5703666806221008,0.5928753018379211,-0.0737353190779686,-0.444126158952713,-0.6267231702804565,0.06,1.313341736793518,0.9009627103805542,0.24,-0.3865959942340851,-0.23979125916957855,-0.7693684697151184,0.03,0.2474246770143509,-0.14999999999999997,-2.0293750762939453,-0.03,1.1049413681030273,-0.047589730471372604
1.5446770191192627,0.05673563480377197,0.6398699879646301,-0.12528131902217865,0.009797822684049606,0.5199275612831116,-0.8449164032936096,-0.22438476979732513,-0.06,0.6121847629547119,0.6004124879837036,-0.05815519765019417,-0.4581056833267212,-0.6304723024368286,0.06,1.3451346158981323,0.8951212763786316,0.24,-0.38745126128196716,-0.2793019711971283,-0.772017776966095,0.03,0.18418003618717194,-0.14999999999999997,-2.059910774230957,-0.03,1.103511095046997,-0.04751134291291237
1.5478395223617554,0.059239454567432404,0.6386699080467224,-0.12386826425790787,0.00804021768271923,0.5344991683959961,-0.8360038995742798,-0.22438828647136688,-0.06,0.6481830477714539,0.6121026873588562,-0.05000419169664383,-0.47364315390586853,-0.6326413154602051,0.06,1.372712254524231,0.8941245675086975,0.24,-0.3830072283744812,-0.319425106048584,-0.7776362895965576,0.03,0.12096202373504639,-0.14999999999999997,-2.0858397483825684,-0.03,1.0996025800704956,-0.054935239255428314
1.55051851272583,0.060836512595415115,0.6375716924667358,-0.12114693969488144,0.007051804102957249,0.5475959181785583,-0.827896237373352,-0.22186379134655,-0.06,0.6786780953407288,0.6258672475814819,-0.047062601894140244,-0.4896574020385742,-0.6298820972442627,0.06,1.3920012712478638,0.8877943158149719,0.24,-0.38396573066711426,-0.35780325531959534,-0.7854287624359131,0.03259292244911194,0.06170164421200752,-0.14999999999999997,-2.1017377376556396,-0.03,1.1091316938400269,-0.05500857159495354
1.552606463432312,0.06194102391600609,0.6368856430053711,-0.11841334402561188,0.0055717178620398045,0.5590408444404602,-0.8206220269203186,-0.2197551131248474,-0.06,0.7040954828262329,0.6371265649795532,-0.04716864973306656,-0.5028942227363586,-0.6276554465293884,0.06,1.410387635231018,0.8855341672897339,0.23394493758678436,-0.37704092264175415,-0.3962804675102234,-0.7970634698867798,0.038495153188705444,0.010098896920681,-0.14999999999999997,-2.1158790588378906,-0.03,1.1198385953903198,-0.05342763289809227
1.5542203187942505,0.062493592500686646,0.6363341212272644,-0.1157676950097084,0.004129914101213217,0.5685078501701355,-0.8144811391830444,-0.21706615388393402,-0.06,0.726029634475708,0.6461887955665588,-0.045537497848272324,-0.5136601328849792,-0.6251986026763916,0.06,1.4207873344421387,0.8797394633293152,0.22389507293701172,-0.374277263879776,-0.43645012378692627,-0.8100926280021667,0.0457521490752697,-0.034621741622686386,-0.14999999999999997,-2.128054141998291,-0.03,1.1275324821472168,-0.049573399126529694
1.555336833000183,0.06249811127781868,0.6360132694244385,-0.11298704892396927,0.0027141415048390627,0.5766834020614624,-0.8091123700141907,-0.21247299015522003,-0.06,0.7477526664733887,0.6514168381690979,-0.03913446515798569,-0.5212841033935547,-0.6228493452072144,0.06,1.425231695175171,0.878471314907074,0.21836690604686737,-0.3666311502456665,-0.4775858521461487,-0.8226127028465271,0.055249400436878204,-0.07550652325153351,-0.14999999999999997,-2.1368730068206787,-0.03,1.130500078201294,-0.0426328107714653
1.556124210357666,0.06186822056770325,0.6357157826423645,-0.1102558970451355,0.0018557498697191477,0.5835245847702026,-0.8045738935470581,-0.20504920184612274,-0.06,0.7699078917503357,0.6531684994697571,-0.026979677379131317,-0.5263317823410034,-0.6200027465820312,0.06,1.4202884435653687,0.8763301968574524,0.21562030911445618,-0.3619469106197357,-0.5203889012336731,-0.8341631889343262,0.06676975637674332,-0.11393748968839645,-0.14999999999999997,-2.141371965408325,-0.03,1.1281541585922241,-0.033239349722862244
1.5566843748092651,0.060733612626791,0.6356750726699829,-0.10787588357925415,0.0013750051148235798,0.5896945595741272,-0.8003880977630615,-0.19719985127449036,-0.06,0.786145031452179,0.6542583703994751,-0.0247978325933218,-0.5309792160987854,-0.6173909902572632,0.06,1.4101836681365967,0.8778207302093506,0.21808268129825592,-0.35308948159217834,-0.5629950165748596,-0.8451247215270996,0.07915094494819641,-0.1510482281446457,-0.14999999999999997,-2.139805793762207,-0.03,1.1210542917251587,-0.025107191875576973
1.557037353515625,0.05921129137277603,0.6356697678565979,-0.10589186102151871,0.00105122325476259,0.5962481498718262,-0.795785129070282,-0.18902848660945892,-0.06,0.7990918755531311,0.654768168926239,-0.0312759093940258,-0.5357626676559448,-0.6155980229377747,0.06,1.3958631753921509,0.878835916519165,0.2231104075908661,-0.3435668647289276,-0.602318286895752,-0.8548831939697266,0.09060291200876236,-0.18746496737003326,-0.14999999999999997,-2.131248950958252,-0.03,1.1097265481948853,-0.02028329111635685
1.5570967197418213,0.05741025134921074,0.6355651617050171,-0.10433926433324814,0.0004914823221042752,0.6032363772392273,-0.7907078266143799,-0.18135510385036469,-0.06,0.8130010962486267,0.655778169631958,-0.0381351038813591,-0.5405692458152771,-0.6156068444252014,0.06,1.3776140213012695,0.8803153038024902,0.23197446763515472,-0.33214494585990906,-0.6377488374710083,-0.8624345064163208,0.09969597309827805,-0.2241983264684677,-0.14999999999999997,-2.1159658432006836,-0.03,1.0950087308883667,-0.019615212455391884
1.5570281744003296,0.05534141883254051,0.6353422999382019,-0.10344310104846954,-0.0003270385495852679,0.6101455092430115,-0.7855072617530823,-0.1745610535144806,-0.05684083327651024,0.8269031643867493,0.6568523645401001,-0.044896770268678665,-0.5451821088790894,-0.6176931858062744,0.06,1.3562543392181396,0.8829483985900879,0.24,-0.32180020213127136,-0.668997049331665,-0.8666768670082092,0.10436312854290009,-0.262115478515625,-0.14999999999999997,-2.097010850906372,-0.03,1.0725678205490112,-0.02116396091878414
1.5571800470352173,0.05333789438009262,0.6354023814201355,-0.10402441769838333,-0.00022691611957270652,0.6139187812805176,-0.782484769821167,-0.16713321208953857,-0.059136100113391876,0.8358061909675598,0.6499728560447693,-0.048953231424093246,-0.5451986193656921,-0.6219705939292908,0.06,1.3350260257720947,0.882546603679657,0.24,-0.31489405035972595,-0.70444655418396,-0.86683589220047,0.10488321632146835,-0.29936307668685913,-0.14999999999999997,-2.075974464416504,-0.03,1.0436108112335205,-0.021166685968637466
1.5570087432861328,0.05135517567396164,0.6353433728218079,-0.10477264970541,-0.00018954853294417262,0.6154207587242126,-0.7812039852142334,-0.16264508664608002,-0.06,0.8386174440383911,0.6458541750907898,-0.052405405789613724,-0.5448276996612549,-0.62886643409729,0.06,1.3067326545715332,0.8872495293617249,0.24,-0.30978870391845703,-0.7412523627281189,-0.8612911105155945,0.1024898812174797,-0.3387731611728668,-0.14999999999999997,-2.0513696670532227,-0.03,1.0073144435882568,-0.02217124029994011
1.5564491748809814,0.04941438138484955,0.6350247859954834,-0.1053406298160553,-0.00014022823597770184,0.6145600080490112,-0.7818049788475037,-0.1612498015165329,-0.059641774743795395,0.8363608717918396,0.6473575234413147,-0.05281921476125717,-0.5459269881248474,-0.6389990448951721,0.06,1.2676912546157837,0.8980756402015686,0.24,-0.30652767419815063,-0.7789745330810547,-0.8487593531608582,0.09766310453414917,-0.38044729828834534,-0.14999999999999997,-2.023508071899414,-0.03,0.9642059206962585,-0.02589379996061325
1.5554900169372559,0.04744074121117592,0.6343587040901184,-0.10564082860946655,8.156398689607158e-05,0.6117717623710632,-0.7839483618736267,-0.162546306848526,-0.0553000383079052,0.8309749960899353,0.6560100317001343,-0.04852341488003731,-0.5490924715995789,-0.6524251103401184,0.06,1.215108036994934,0.9151096940040588,0.24,-0.30467119812965393,-0.8161651492118835,-0.8283100128173828,0.09298825263977051,-0.42283859848976135,-0.14999999999999997,-1.9945461750030518,-0.03,0.9150881767272949,-0.03222231939435005
1.5541151762008667,0.045383840799331665,0.6331562399864197,-0.10587302595376968,0.0004338172439020127,0.6076712012290955,-0.7871000170707703,-0.1667027324438095,-0.04848458990454674,0.8206642866134644,0.6712042689323425,-0.04572450369596481,-0.5556045770645142,-0.670188844203949,0.06,1.1492373943328857,0.9403107166290283,0.24,-0.3061521351337433,-0.8514129519462585,-0.8012474775314331,0.09288367629051208,-0.4630192816257477,-0.14999999999999997,-1.9669326543807983,-0.03,0.860929012298584,-0.04107360169291496
1.5523853302001953,0.043297506868839264,0.6314696073532104,-0.10592969506978989,0.0007186587899923325,0.6025717258453369,-0.7910028696060181,-0.1733764261007309,-0.04007644206285477,0.8044363260269165,0.6900483965873718,-0.048560913652181625,-0.5626811385154724,-0.6932244896888733,0.06,1.0799589157104492,0.9678437113761902,0.23951758444309235,-0.3068675100803375,-0.8840810060501099,-0.7687471508979797,0.0998661071062088,-0.4985065758228302,-0.14999999999999997,-1.9408259391784668,-0.03,0.798945963382721,-0.05404229834675789
1.550322413444519,0.041276268661022186,0.6291665434837341,-0.10591570287942886,0.00040188030106946826,0.597460925579071,-0.7948722243309021,-0.18406815826892853,-0.029021715745329857,0.7840498089790344,0.7145481109619141,-0.056897781789302826,-0.5721081495285034,-0.7178958058357239,0.06,1.012096643447876,0.9973607659339905,0.21319398283958435,-0.3104243576526642,-0.9108380675315857,-0.7326907515525818,0.11311466991901398,-0.5299302935600281,-0.14999999999999997,-1.9180933237075806,-0.03,0.7261874079704285,-0.07285121083259583
1.5481386184692383,0.039220958948135376,0.6265677809715271,-0.1057610884308815,-0.0001196386365336366,0.5923295617103577,-0.7987241148948669,-0.19616712629795074,-0.018161220476031303,0.7592046856880188,0.7393307089805603,-0.07234278321266174,-0.581801176071167,-0.7413002252578735,0.06,0.9522097110748291,1.0251057147979736,0.18944098055362701,-0.3148808181285858,-0.9316626191139221,-0.6942496299743652,0.13148026168346405,-0.5568363666534424,-0.14999999999999997,-1.8994578123092651,-0.03,0.647357702255249,-0.094544418156147
1.5459424257278442,0.03689426928758621,0.6241962909698486,-0.10512886196374893,-0.0004395805881358683,0.5875272750854492,-0.8023461699485779,-0.2065284699201584,-0.006119481287896633,0.7387485504150391,0.7643745541572571,-0.08055642247200012,-0.5900000000000001,-0.7588208913803101,0.06,0.9024854302406311,1.0492388010025024,0.16786515712738037,-0.3209545612335205,-0.94599449634552,-0.6547456979751587,0.15288564562797546,-0.5807591080665588,-0.14999999999999997,-1.884070873260498,-0.03,0.5709909200668335,-0.11835271865129471
1.5436958074569702,0.03440960869193077,0.6224256753921509,-0.1042514443397522,-0.001049016835168004,0.5824328660964966,-0.8061652779579163,-0.21554170548915863,0.005558947566896677,0.7201873064041138,0.7847320437431335,-0.08479820936918259,-0.5900000000000001,-0.7705074548721313,0.06,0.8632737994194031,1.067305326461792,0.14956529438495636,-0.32697075605392456,-0.9554924964904785,-0.617794930934906,0.17444011569023132,-0.606761634349823,-0.14999999999999997,-1.8717092275619507,-0.03,0.5051320791244507,-0.14487768709659576
1.5413588285446167,0.03196368366479874,0.6212660074234009,-0.10339231044054031,-0.0024382201954722404,0.5770681500434875,-0.8101211190223694,-0.22537915408611298,0.016679806634783745,0.7006875872612,0.8007359504699707,-0.08911347389221191,-0.5900000000000001,-0.77874755859375,0.06,0.8326174020767212,1.0790138244628906,0.13441850244998932,-0.3316119611263275,-0.9615368843078613,-0.5868653655052185,0.19368861615657806,-0.6370658874511719,-0.14999999999999997,-1.8637735843658447,-0.03,0.45462146401405334,-0.14999999999999997
1.5388859510421753,0.029684115201234818,0.6204719543457031,-0.102956622838974,-0.005002450197935104,0.5712079405784607,-0.8143072128295898,-0.23853269219398499,0.02841278165578842,0.6818150281906128,0.8157821893692017,-0.08900372684001923,-0.5900000000000001,-0.7868494391441345,0.06,0.8080047965049744,1.0863193273544312,0.12246491760015488,-0.334716796875,-0.9669937491416931,-0.5635165572166443,0.20880922675132751,-0.6724261045455933,-0.14999999999999997,-1.861312985420227,-0.03,0.42074263095855713,-0.14999999999999997
1.5364201068878174,0.027610044926404953,0.6198087334632874,-0.10340513288974762,-0.008559335954487324,0.5649797320365906,-0.8185547590255737,-0.25526517629623413,0.04001970589160919,0.6652790904045105,0.8310696482658386,-0.08236726373434067,-0.5900000000000001,-0.7965590357780457,0.06,0.7882142066955566,1.0917277336120605,0.11307261884212494,-0.33715400099754333,-0.9733685851097107,-0.5483224391937256,0.2186962068080902,-0.7122512459754944,-0.14999999999999997,-1.8646502494812012,-0.03,0.4025587737560272,-0.14999999999999997
1.534158706665039,0.025684017688035965,0.619157612323761,-0.10453397780656815,-0.01278232503682375,0.5589603185653687,-0.8224794268608093,-0.2736663222312927,0.05177518352866173,0.6537624001502991,0.846814751625061,-0.07036728411912918,-0.5900000000000001,-0.8081669807434082,0.06,0.7704824209213257,1.0964610576629639,0.10441874712705612,-0.33906012773513794,-0.9813293814659119,-0.5396496057510376,0.22436274588108063,-0.7520639300346375,-0.14999999999999997,-1.8697235584259033,-0.03,0.3950025141239166,-0.14999999999999997
1.5322442054748535,0.02375829964876175,0.6185607314109802,-0.10569804906845093,-0.01726531982421875,0.5532146692276001,-0.82612544298172,-0.29043570160865784,0.06454615294933319,0.6484407186508179,0.8619545102119446,-0.05533347651362419,-0.5900000000000001,-0.8196729421615601,0.06,0.7539985775947571,1.100523829460144,0.09655869007110596,-0.3410499095916748,-0.9930270910263062,-0.5339822769165039,0.2276032418012619,-0.7863590717315674,-0.14999999999999997,-1.8708778619766235,-0.03,0.39013391733169556,-0.14999999999999997
1.5307456254959106,0.021707000210881233,0.6180573105812073,-0.10621949285268784,-0.02179163508117199,0.5477036833763123,-0.8296162486076355,-0.30427831411361694,0.079204261302948,0.6475629210472107,0.8764668703079224,-0.03963273763656616,-0.5900000000000001,-0.8294599652290344,0.06,0.7371843457221985,1.1035932302474976,0.0888940766453743,-0.34340932965278625,-1.0100418329238892,-0.5281941294670105,0.23018862307071686,-0.8119808435440063,-0.14999999999999997,-1.8632885217666626,-0.03,0.3806886076927185,-0.14999999999999997
1.529664158821106,0.019582241773605347,0.617588996887207,-0.10599887371063232,-0.02649712562561035,0.5422303676605225,-0.8330955505371094,-0.3158301115036011,0.09585250169038773,0.6497828960418701,0.8902587294578552,-0.027868488803505898,-0.5900000000000001,-0.8378975987434387,0.06,0.7192922234535217,1.105851411819458,0.08113208413124084,-0.34619662165641785,-1.0326478481292725,-0.5213834643363953,0.23351165652275085,-0.8295337557792664,-0.14999999999999997,-1.8454980850219727,-0.03,0.3629038333892822,-0.14999999999999997
1.5289952754974365,0.017527110874652863,0.6170589923858643,-0.10549396276473999,-0.03157028555870056,0.5367180109024048,-0.8365452885627747,-0.3266514837741852,0.11365456134080887,0.6555576324462891,0.9031627178192139,-0.023665158078074455,-0.5900000000000001,-0.8464102149009705,0.06,0.7012671828269958,1.1079660654067993,0.07376659661531448,-0.34945836663246155,-1.0591367483139038,-0.5140402317047119,0.2371213734149933,-0.8431450724601746,-0.14999999999999997,-1.8187973499298096,-0.06689942628145218,0.33834215998649597,-0.14999999999999997
1.5287367105484009,0.015606135129928589,0.6163771748542786,-0.10507282614707947,-0.03685672581195831,0.5312761664390564,-0.8398492932319641,-0.3371497094631195,0.13142922520637512,0.6657630205154419,0.915054976940155,-0.028668954968452454,-0.5900000000000001,-0.8556124567985535,0.06,0.6843909025192261,1.1109185218811035,0.06738782674074173,-0.35351288318634033,-1.0871565341949463,-0.5067484974861145,0.23956051468849182,-0.856848955154419,-0.14999999999999997,-1.785322666168213,-0.11956240236759186,0.3105906546115875,-0.14999999999999997
1.528868556022644,0.013769798912107944,0.615507960319519,-0.10464971512556076,-0.0419197604060173,0.5260916948318481,-0.8429226279258728,-0.34698107838630676,0.14921946823596954,0.6799836754798889,0.9268061518669128,-0.04270826652646065,-0.5900000000000001,-0.8647378087043762,0.06,0.6689538359642029,1.1153359413146973,0.06198294833302498,-0.35875988006591797,-1.114678144454956,-0.5003305077552795,0.2400335818529129,-0.8724063634872437,-0.14999999999999997,-1.746313452720642,-0.18097448348999023,0.2818816304206848,-0.14999999999999997
1.529360294342041,0.011951994150876999,0.6144990921020508,-0.10403312742710114,-0.04630042612552643,0.5214278101921082,-0.84566330909729,-0.3559979200363159,0.16702337563037872,0.6965108513832092,0.9413735866546631,-0.06130918115377426,-0.5900000000000001,-0.8725378513336182,0.06,0.6550614237785339,1.121177077293396,0.05733390524983406,-0.36526012420654297,-1.1398296356201172,-0.4959300458431244,0.23834139108657837,-0.8902366757392883,-0.14999999999999997,-1.702967643737793,-0.24796612560749054,0.2525719702243805,-0.14999999999999997
1.5302069187164307,0.010108415968716145,0.6134178042411804,-0.10313471406698227,-0.04962057247757912,0.5175883173942566,-0.8479406237602234,-0.36324208974838257,0.18370388448238373,0.7134847044944763,0.9578965902328491,-0.07980212569236755,-0.5900000000000001,-0.877959132194519,0.06,0.6431410908699036,1.1282227039337158,0.053420063108205795,-0.37297531962394714,-1.1609967947006226,-0.49454909563064575,0.234467014670372,-0.9101148247718811,-0.14999999999999997,-1.657105803489685,-0.31740275025367737,0.22163616120815277,-0.14999999999999997
1.5313912630081177,0.008252252824604511,0.6123075485229492,-0.10195435583591461,-0.05173887684941292,0.5147160291671753,-0.8497032523155212,-0.3680393099784851,0.19798672199249268,0.7291779518127441,0.9738293290138245,-0.0961158275604248,-0.5900000000000001,-0.8806282877922058,0.06,0.633455753326416,1.136223554611206,0.05028510466217995,-0.38173267245292664,-1.1772634983062744,-0.49624720215797424,0.22911767661571503,-0.9315537214279175,-0.14999999999999997,-1.6100660562515259,-0.38693445920944214,0.18728137016296387,-0.14999999999999997
1.532789945602417,0.006471305154263973,0.6111925840377808,-0.10050179809331894,-0.0528697595000267,0.5126199126243591,-0.8510728478431702,-0.37030020356178284,0.2083865851163864,0.7425922155380249,0.9906545281410217,-0.1077973023056984,-0.5900000000000001,-0.8810367584228516,0.06,0.6254993081092834,1.144667148590088,0.04779753461480141,-0.3909876346588135,-1.1886320114135742,-0.4999401569366455,0.22420634329319,-0.9543513059616089,-0.14999999999999997,-1.5618009567260742,-0.4554100036621094,0.14773306250572205,-0.14999999999999997
1.534324049949646,0.00486336462199688,0.6100901961326599,-0.09883473068475723,-0.05333530902862549,0.5110743045806885,-0.8521677851676941,-0.3701809346675873,0.2164585292339325,0.7530261874198914,1.005130648612976,-0.11809185892343521,-0.5900000000000001,-0.879935085773468,0.06,0.6188580989837646,1.1530858278274536,0.04590567573904991,-0.4002530872821808,-1.1952123641967773,-0.5043030381202698,0.22155165672302246,-0.9783857464790344,-0.14999999999999997,-1.5118046998977661,-0.522642970085144,0.10193873196840286,-0.14999999999999997
1.5359206199645996,0.003521849401295185,0.6089977622032166,-0.09705865383148193,-0.05339684709906578,0.5098994970321655,-0.853071391582489,-0.36830368638038635,0.22289101779460907,0.7606645822525024,1.016730546951294,-0.12451145052909851,-0.5900000000000001,-0.8781031370162964,0.06,0.6133475303649902,1.1612558364868164,0.04462970793247223,-0.4091626703739166,-1.197246789932251,-0.5079489350318909,0.22234922647476196,-1.0028260946273804,-0.14999999999999997,-1.4603033065795898,-0.5881733298301697,0.049837835133075714,-0.14999999999999997
1.53752601146698,0.002471781335771084,0.6078904271125793,-0.09521342068910599,-0.05314021557569504,0.5089645981788635,-0.8538533449172974,-0.364987313747406,0.22786380350589752,0.7659119963645935,1.0255630016326904,-0.12542696297168732,-0.5900000000000001,-0.8759080171585083,0.06,0.608802855014801,1.1692893505096436,0.043998051434755325,-0.4176652729511261,-1.194847583770752,-0.5095199346542358,0.22659289836883545,-1.0268666744232178,-0.14999999999999997,-1.408584713935852,-0.6514359712600708,-0.006888946518301964,-0.14999999999999997
1.5391004085540771,0.0017056837677955627,0.6067215204238892,-0.09333261102437973,-0.05260789021849632,0.5081617832183838,-0.8545716404914856,-0.3608134984970093,0.23168456554412842,0.7687497138977051,1.0324736833572388,-0.12124541401863098,-0.5900000000000001,-0.8736723065376282,0.06,0.605011522769928,1.177531361579895,0.043914083391427994,-0.4259619116783142,-1.187933087348938,-0.5083409547805786,0.2334454208612442,-1.050333023071289,-0.14999999999999997,-1.3582851886749268,-0.7119278311729431,-0.06597479432821274,-0.14999999999999997
1.5406137704849243,0.001204884611070156,0.6054036021232605,-0.09145404398441315,-0.05187682434916496,0.5072880983352661,-0.8553382754325867,-0.3568364679813385,0.23465251922607422,0.769295871257782,1.0388520956039429,-0.11586865782737732,-0.5900000000000001,-0.8718774914741516,0.06,0.6016650795936584,1.1865627765655518,0.04437556862831116,-0.4342731237411499,-1.1770652532577515,-0.5041316747665405,0.24171996116638184,-1.0727763175964355,-0.14999999999999997,-1.3103746175765991,-0.7682576775550842,-0.12573020160198212,-0.14999999999999997
1.5420554876327515,0.0009308559820055962,0.6037779450416565,-0.08951123058795929,-0.05106915161013603,0.5060728192329407,-0.8563117980957031,-0.3536776304244995,0.23707807064056396,0.7680537104606628,1.0453956127166748,-0.1121382787823677,-0.5900000000000001,-0.8711938261985779,0.06,0.5978758335113525,1.1974010467529297,0.044816602021455765,-0.4430601894855499,-1.16363525390625,-0.49716293811798096,0.2497328817844391,-1.093491554260254,-0.14999999999999997,-1.2648566961288452,-0.8177188038825989,-0.1852826327085495,-0.14999999999999997
1.5434010028839111,0.0008640969172120094,0.6017047166824341,-0.08743110299110413,-0.050289593636989594,0.5043342113494873,-0.8575976490974426,-0.3509840965270996,0.23888476192951202,0.7655472159385681,1.0512715578079224,-0.10894101113080978,-0.5900000000000001,-0.8723810911178589,0.06,0.5923827290534973,1.2110216617584229,0.04334510862827301,-0.4529877007007599,-1.1493841409683228,-0.487669974565506,0.25859275460243225,-1.1116739511489868,-0.14999999999999997,-1.221083641052246,-0.8569764494895935,-0.24418890476226807,-0.14999999999999997
1.5447556972503662,0.0009745443239808083,0.599414587020874,-0.08555645495653152,-0.04942173510789871,0.5027881264686584,-0.858744204044342,-0.3512434959411621,0.24183617532253265,0.7605172991752625,1.0629212856292725,-0.10816335678100586,-0.5900000000000001,-0.8749972581863403,0.06,0.5868145227432251,1.2263799905776978,0.03946651518344879,-0.4633714556694031,-1.1341664791107178,-0.47635218501091003,0.27026161551475525,-1.1264482736587524,-0.14999999999999997,-1.1793291568756104,-0.8831385970115662,-0.3005949854850769,-0.14999999999999997
1.5462133884429932,0.001189040020108223,0.5971314907073975,-0.0841224417090416,-0.048370134085416794,0.5019963383674622,-0.8594086766242981,-0.35291463136672974,0.2448178231716156,0.7546185851097107,1.0782607793807983,-0.11012190580368042,-0.5900000000000001,-0.8783755898475647,0.06,0.5825075507164001,1.2423675060272217,0.033019568771123886,-0.47369012236595154,-1.118605375289917,-0.4637145400047302,0.2865354120731354,-1.137237310409546,-0.14999999999999997,-1.1401808261871338,-0.8936082124710083,-0.3517138361930847,-0.14999999999999997
1.547654390335083,0.0015108287334442139,0.5948033928871155,-0.0829738974571228,-0.04751763492822647,0.5013946890830994,-0.859919011592865,-0.35544905066490173,0.24682490527629852,0.7479369640350342,1.0930334329605103,-0.11395793408155441,-0.5900000000000001,-0.8829329609870911,0.06,0.5784950256347656,1.258527398109436,0.02555955946445465,-0.4837211072444916,-1.1052024364471436,-0.45005783438682556,0.3077300488948822,-1.1444822549819946,-0.14999999999999997,-1.1032737493515015,-0.8867762684822083,-0.3959757685661316,-0.14999999999999997
1.548991322517395,0.00196794793009758,0.5924917459487915,-0.08203079551458359,-0.047130290418863297,0.5006406903266907,-0.8604699373245239,-0.36000677943229675,0.2483709305524826,0.7396857738494873,1.1074810028076172,-0.11897651851177216,-0.5900000000000001,-0.8886954188346863,0.06,0.5744907259941101,1.273963451385498,0.01842644438147545,-0.49297216534614563,-1.0948177576065063,-0.4358077645301819,0.33216241002082825,-1.148755431175232,-0.14999999999999997,-1.0689767599105835,-0.8619946837425232,-0.4316534698009491,-0.14999999999999997
1.55019211769104,0.002581985667347908,0.5902278423309326,-0.08131325244903564,-0.04721154645085335,0.49969813227653503,-0.8610811829566956,-0.36670389771461487,0.24935835599899292,0.7297977209091187,1.1214497089385986,-0.1251421421766281,-0.5900000000000001,-0.8956526517868042,0.06,0.5705971121788025,1.288507103919983,0.011775721795856953,-0.5012769103050232,-1.0869109630584717,-0.42127829790115356,0.3574996590614319,-1.1494454145431519,-0.14999999999999997,-1.038920283317566,-0.8203390836715698,-0.456106036901474,-0.14999999999999997
1.5512771606445312,0.0033906912431120872,0.5879703760147095,-0.08084847778081894,-0.047834064811468124,0.4985537827014923,-0.8617536425590515,-0.37595656514167786,0.24966201186180115,0.7179021835327148,1.1351656913757324,-0.1327982097864151,-0.5900000000000001,-0.9042280912399292,0.06,0.5666769742965698,1.3024611473083496,0.0051743825897574425,-0.5087284445762634,-1.080625295639038,-0.406185120344162,0.38165542483329773,-1.14475417137146,-0.14999999999999997,-1.0166947841644287,-0.7656842470169067,-0.4659710228443146,-0.14999999999999997
1.5521901845932007,0.004435074515640736,0.5857546329498291,-0.08061930537223816,-0.0488022044301033,0.4972890317440033,-0.8624514937400818,-0.38717612624168396,0.24920491874217987,0.7046204805374146,1.1484142541885376,-0.14159424602985382,-0.5900000000000001,-0.9139665961265564,0.06,0.5630970001220703,1.3155657052993774,-0.000539448345080018,-0.5150772333145142,-1.074771523475647,-0.39023464918136597,0.40323925018310547,-1.1340415477752686,-0.14999999999999997,-1.0015530586242676,-0.6982749700546265,-0.46270355582237244,-0.14999999999999997
1.5528762340545654,0.0056783054023981094,0.5837226510047913,-0.08051358908414841,-0.04984038695693016,0.49598631262779236,-0.8631517291069031,-0.3990093767642975,0.24891936779022217,0.6923494935035706,1.1615897417068481,-0.14853936433792114,-0.5900000000000001,-0.9238147139549255,0.06,0.5601354837417603,1.3272451162338257,-0.005695728585124016,-0.5200576186180115,-1.0677858591079712,-0.3738361597061157,0.4214324951171875,-1.1178756952285767,-0.14999999999999997,-0.9930758476257324,-0.620890736579895,-0.44751542806625366,-0.14999999999999997
1.5532177686691284,0.006995627656579018,0.5820384621620178,-0.08031132817268372,-0.05094257742166519,0.49443092942237854,-0.8639981746673584,-0.40999919176101685,0.2512398958206177,0.68545001745224,1.1748076677322388,-0.1469200998544693,-0.5900000000000001,-0.9325178861618042,0.06,0.5574603080749512,1.336084008216858,-0.008284566923975945,-0.5231839418411255,-1.0588431358337402,-0.35721296072006226,0.4363948702812195,-1.097475528717041,-0.14999999999999997,-0.9897459149360657,-0.5371953248977661,-0.4228479266166687,-0.14999999999999997
1.553105354309082,0.008407226763665676,0.5807663798332214,-0.08004457503557205,-0.05227247625589371,0.49224504828453064,-0.8651909232139587,-0.42129987478256226,0.25464046001434326,0.680366039276123,1.185746431350708,-0.14067226648330688,-0.5900000000000001,-0.9400063157081604,0.06,0.5553123354911804,1.3414167165756226,-0.006381436716765165,-0.5240459442138672,-1.0474926233291626,-0.34161096811294556,0.4490981698036194,-1.0749105215072632,-0.14999999999999997,-0.9901844263076782,-0.45133107900619507,-0.39159896969795227,-0.14999999999999997
1.5525280237197876,0.009875145740807056,0.5799744129180908,-0.07969752699136734,-0.053785212337970734,0.4894033372402191,-0.866740882396698,-0.4336574375629425,0.25815054774284363,0.6742417812347412,1.1945220232009888,-0.13369792699813843,-0.5900000000000001,-0.945804238319397,0.06,0.5539387464523315,1.3428325653076172,0.0007699872367084026,-0.522551417350769,-1.0327765941619873,-0.3288864493370056,0.4599735736846924,-1.0520546436309814,-0.14999999999999997,-0.9928117990493774,-0.3675900399684906,-0.35659822821617126,-0.14999999999999997
1.5515516996383667,0.011340542696416378,0.5797414779663086,-0.07914843410253525,-0.05531781166791916,0.48621630668640137,-0.8684865832328796,-0.44668400287628174,0.26077452301979065,0.6651173830032349,1.2004233598709106,-0.12976700067520142,-0.5900000000000001,-0.9492477178573608,0.06,0.5531649589538574,1.340027928352356,0.012217695824801922,-0.5187268257141113,-1.0136966705322266,-0.3206560015678406,0.4683215022087097,-1.0295000076293945,-0.14999999999999997,-0.9960723519325256,-0.28931155800819397,-0.3197864890098572,-0.14999999999999997
1.5502333641052246,0.01260062400251627,0.5800817608833313,-0.07805953919887543,-0.056707121431827545,0.4829007685184479,-0.8703435063362122,-0.45815011858940125,0.26463884115219116,0.6568184494972229,1.2038613557815552,-0.12451662123203278,-0.5900000000000001,-0.9494916796684265,0.06,0.5516506433486938,1.333061695098877,0.02601459249854088,-0.5130208134651184,-0.9901186227798462,-0.31784844398498535,0.4732704758644104,-1.0076781511306763,-0.14999999999999997,-0.998936116695404,-0.21931467950344086,-0.2823715806007385,-0.14999999999999997
1.548629641532898,0.013583540916442871,0.5810168981552124,-0.07623867690563202,-0.05794842168688774,0.4796730875968933,-0.8722060918807983,-0.4679468274116516,0.26934540271759033,0.6476317048072815,1.204367756843567,-0.1208086684346199,-0.5900000000000001,-0.9463660717010498,0.06,0.5483767986297607,1.3218510150909424,0.040193505585193634,-0.5055186748504639,-0.9623928666114807,-0.3205988109111786,0.47594326734542847,-0.9861244559288025,-0.14999999999999997,-1.0020133256912231,-0.15981797873973846,-0.24542060494422913,-0.14999999999999997
1.546796202659607,0.014211281202733517,0.5825783014297485,-0.07364468276500702,-0.05896700173616409,0.47688522934913635,-0.8738876581192017,-0.47509318590164185,0.2750977575778961,0.638450562953949,1.2016284465789795,-0.11885078251361847,-0.5900000000000001,-0.9399058222770691,0.06,0.5425674915313721,1.3065426349639893,0.051969483494758606,-0.49626868963241577,-0.930767297744751,-0.3278231620788574,0.4779214859008789,-0.9631823301315308,-0.14999999999999997,-1.0054950714111328,-0.11131562292575836,-0.2108728587627411,-0.14999999999999997
1.544846534729004,0.01447428297251463,0.5848504304885864,-0.07082013040781021,-0.05960296094417572,0.4745902121067047,-0.8753262758255005,-0.47843271493911743,0.2804836630821228,0.6310766935348511,1.1942095756530762,-0.1178145557641983,-0.5900000000000001,-0.9309850931167603,0.06,0.5341569185256958,1.2878063917160034,0.05831819027662277,-0.48565855622291565,-0.8962953686714172,-0.33900967240333557,0.47968947887420654,-0.9373155832290649,-0.14999999999999997,-1.0103791952133179,-0.0722399353981018,-0.18054983019828796,-0.14999999999999997
1.5429439544677734,0.014462532475590706,0.5879883170127869,-0.06863228231668472,-0.059674981981515884,0.4725066125392914,-0.8766218423843384,-0.47704899311065674,0.28251951932907104,0.6267343163490295,1.1795697212219238,-0.11733642220497131,-0.5900000000000001,-0.9207979440689087,0.06,0.5237335562705994,1.2663981914520264,0.05671647936105728,-0.4741823971271515,-0.8606700897216797,-0.3542174696922302,0.48084935545921326,-0.9077762961387634,-0.14999999999999997,-1.018751621246338,-0.04042248800396919,-0.1552029550075531,-0.14999999999999997
1.5412178039550781,0.014242680743336678,0.5921081900596619,-0.06734497845172882,-0.059130650013685226,0.4705110788345337,-0.8778310418128967,-0.47017306089401245,0.28016340732574463,0.6265509128570557,1.1563957929611206,-0.11651749908924103,-0.5900000000000001,-0.9087438583374023,0.06,0.5128204226493835,1.241480827331543,0.05000757426023483,-0.46168768405914307,-0.8252202272415161,-0.3742762804031372,0.4757741689682007,-0.8751441240310669,-0.14999999999999997,-1.03165864944458,-0.03,-0.13485053181648254,-0.14999999999999997
1.539475440979004,0.013747419230639935,0.5970659255981445,-0.06704466044902802,-0.05825372785329819,0.4681685268878937,-0.8791640996932983,-0.4596429467201233,0.2737314701080322,0.6290030479431152,1.12549889087677,-0.11507558822631836,-0.5900000000000001,-0.8943362832069397,0.06,0.503918468952179,1.2122939825057983,0.04548785090446472,-0.44784054160118103,-0.7921224236488342,-0.396097332239151,0.4722849130630493,-0.8385897278785706,-0.14999999999999997,-1.048858642578125,-0.03,-0.1187603548169136,-0.14999999999999997
1.5376067161560059,0.013022374361753464,0.6026458740234375,-0.0675550103187561,-0.05750609561800957,0.4654708504676819,-0.8806054592132568,-0.4474906623363495,0.2643143832683563,0.6327139139175415,1.0883903503417969,-0.11332522332668304,-0.5900000000000001,-0.8793454170227051,0.06,0.49462491273880005,1.1797200441360474,0.0395672582089901,-0.4325406849384308,-0.7617359757423401,-0.4191220700740814,0.4719352424144745,-0.7986855506896973,-0.14999999999999997,-1.0698665380477905,-0.03,-0.10663995146751404,-0.14999999999999997
1.535521388053894,0.012090816162526608,0.6085777878761292,-0.06854677200317383,-0.05722082778811455,0.46274518966674805,-0.8819829225540161,-0.4350665509700775,0.2535877227783203,0.6369556188583374,1.0471327304840088,-0.11177857220172882,-0.5900000000000001,-0.8641464710235596,0.06,0.48537251353263855,1.1440974473953247,0.033479753881692886,-0.41550737619400024,-0.733354389667511,-0.443197637796402,0.474107563495636,-0.7568069696426392,-0.14999999999999997,-1.094395637512207,-0.03,-0.09768390655517578,-0.14999999999999997
1.5332512855529785,0.010968691669404507,0.6146354079246521,-0.06980786472558975,-0.0573546327650547,0.4603120684623718,-0.883147656917572,-0.4223305583000183,0.24241043627262115,0.6419324278831482,1.003148078918457,-0.11064040660858154,-0.5900000000000001,-0.8488074541091919,0.06,0.47647812962532043,1.1063225269317627,0.027205919846892357,-0.39699599146842957,-0.706697940826416,-0.46823570132255554,0.47758206725120544,-0.7137966156005859,-0.14999999999999997,-1.1216232776641846,-0.03,-0.08949857950210571,-0.14999999999999997
1.530856966972351,0.009647748433053493,0.6206270456314087,-0.07111413776874542,-0.05769576504826546,0.4583478569984436,-0.884042501449585,-0.40885573625564575,0.23132357001304626,0.6476495862007141,0.9576178193092346,-0.11025717854499817,-0.585213303565979,-0.8330500721931458,0.06,0.46802544593811035,1.0673952102661133,0.02078111097216606,-0.3776596486568451,-0.6823921203613281,-0.4933170974254608,0.481999009847641,-0.669097363948822,-0.14999999999999997,-1.1502313613891602,-0.03,-0.0788787454366684,-0.14999999999999997
1.5283969640731812,0.008118873462080956,0.6264424920082092,-0.07231064140796661,-0.058055222034454346,0.4567809998989105,-0.8847326636314392,-0.3943827450275421,0.2205413430929184,0.6538993716239929,0.9112699031829834,-0.11063742637634277,-0.5554092526435852,-0.8166143298149109,0.06,0.4598022997379303,1.0280590057373047,0.014176195487380028,-0.35805726051330566,-0.6616435647010803,-0.5175927877426147,0.4876877963542938,-0.6227245330810547,-0.14999999999999997,-1.1790785789489746,-0.03,-0.06393595039844513,-0.14999999999999997
1.525944709777832,0.006379581987857819,0.6320623159408569,-0.07333937287330627,-0.05825651064515114,0.45543530583381653,-0.8853281736373901,-0.37851086258888245,0.2098150998353958,0.6605626344680786,0.8640379309654236,-0.1116328239440918,-0.5255544185638428,-0.7991982698440552,0.06,0.45160380005836487,0.988690972328186,0.007535797543823719,-0.3386442959308624,-0.6456273794174194,-0.5404326915740967,0.49518918991088867,-0.5755573511123657,-0.14999999999999997,-1.2076084613800049,-0.03,-0.04484539479017258,-0.14999999999999997
1.523573637008667,0.004448208957910538,0.6374832987785339,-0.07423319667577744,-0.05819534882903099,0.45414313673973083,-0.8859214186668396,-0.3610003888607025,0.19868877530097961,0.6675502061843872,0.8155930638313293,-0.1130656749010086,-0.49548232555389404,-0.7807369232177734,0.06,0.4433465301990509,0.9495540857315063,0.0009540471946820617,-0.3197326958179474,-0.635105550289154,-0.561132550239563,0.5052061676979065,-0.5289976000785828,-0.14999999999999997,-1.2359845638275146,-0.03,-0.023426903411746025,-0.14999999999999997
1.5213381052017212,0.002373216673731804,0.642674446105957,-0.07505905628204346,-0.05789031833410263,0.4528307020664215,-0.8865432143211365,-0.3420202434062958,0.1868773102760315,0.6748185157775879,0.7659006118774414,-0.11474999785423279,-0.4652482569217682,-0.7615604996681213,0.06,0.43513190746307373,0.9110115766525269,-0.005445064976811409,-0.3015274405479431,-0.6301714181900024,-0.5787484645843506,0.5182810425758362,-0.48467081785202026,-0.14999999999999997,-1.2642732858657837,-0.03,-0.001599213806912303,-0.14999999999999997
1.5192742347717285,0.0002211974933743477,0.6475967168807983,-0.07585665583610535,-0.05741534009575844,0.45149579644203186,-0.8871870040893555,-0.32193171977996826,0.17430368065834045,0.6823009848594666,0.7151516675949097,-0.11660528182983398,-0.43497708439826965,-0.7420976758003235,0.06,0.427108496427536,0.8733731508255005,-0.01158066838979721,-0.2841293513774872,-0.6304801106452942,-0.5920820236206055,0.5344314575195312,-0.443487286567688,-0.14999999999999997,-1.291663408279419,-0.03,0.02023172378540039,-0.14999999999999997
1.5173885822296143,-0.0019513973966240883,0.6522117257118225,-0.07653754204511642,-0.056869156658649445,0.4502289891242981,-0.8878071308135986,-0.3011188209056854,0.1613791286945343,0.6900346279144287,0.6638845801353455,-0.11848904192447662,-0.4049096703529358,-0.7225760817527771,0.06,0.4194231331348419,0.8367491960525513,-0.017179293558001518,-0.26739978790283203,-0.6353428959846497,-0.6000632047653198,0.5530754923820496,-0.40566837787628174,-0.14999999999999997,-1.3165879249572754,-0.03,0.04259195551276207,-0.14999999999999997
1.5156543254852295,-0.004084318410605192,0.6564840078353882,-0.07691729068756104,-0.056417014449834824,0.44917231798171997,-0.8883383274078369,-0.28026774525642395,0.1489761769771576,0.6978335380554199,0.6131932139396667,-0.12054231017827988,-0.37554413080215454,-0.7030845880508423,0.06,0.4119710326194763,0.8008517622947693,-0.022527776658535004,-0.25103089213371277,-0.6440445184707642,-0.6023550033569336,0.5734148025512695,-0.3709169626235962,-0.14999999999999997,-1.3374415636062622,-0.03,0.06551560759544373,-0.14999999999999997
1.5140396356582642,-0.006099177524447441,0.6603896617889404,-0.07685589045286179,-0.056268446147441864,0.44829893112182617,-0.8887941241264343,-0.2603912055492401,0.13786840438842773,0.7051043510437012,0.5642662048339844,-0.122636578977108,-0.34734952449798584,-0.6838793754577637,0.06,0.4045661985874176,0.7653979063034058,-0.027562381699681282,-0.23470743000507355,-0.6565161943435669,-0.5999508500099182,0.5947229266166687,-0.33825352787971497,-0.14999999999999997,-1.3532596826553345,-0.03,0.08775065094232559,-0.14999999999999997
1.5125341415405273,-0.007891613990068436,0.6639343500137329,-0.07633496075868607,-0.05658433958888054,0.4474906325340271,-0.8892261981964111,-0.24240118265151978,0.12794090807437897,0.7097086310386658,0.5177763104438782,-0.12445716559886932,-0.3209298849105835,-0.6652937531471252,0.06,0.39708542823791504,0.7301034331321716,-0.032234687358140945,-0.2181502878665924,-0.6729733943939209,-0.5947332382202148,0.6160039305686951,-0.3063730001449585,-0.14999999999999997,-1.36414635181427,-0.03,0.10729368776082993,-0.14999999999999997
1.5111427307128906,-0.009387526661157608,0.6671305894851685,-0.07528633624315262,-0.057427722960710526,0.4466850459575653,-0.8896664381027222,-0.22741730511188507,0.1185661032795906,0.707745373249054,0.475245863199234,-0.1248464435338974,-0.2980119585990906,-0.6473149061203003,0.06,0.38940009474754333,0.6946290731430054,-0.03653924539685249,-0.2011459767818451,-0.6933560967445374,-0.5882779359817505,0.6358304023742676,-0.2742304801940918,-0.14999999999999997,-1.3707478046417236,-0.03,0.12247129529714584,-0.14999999999999997
1.5098892450332642,-0.010559799149632454,0.6700371503829956,-0.07370035350322723,-0.058776821941137314,0.44590112566947937,-0.8901042342185974,-0.2163616120815277,0.10969189554452896,0.6964210867881775,0.4390503168106079,-0.1200239285826683,-0.2807862460613251,-0.6296096444129944,0.06,0.3815918266773224,0.6583331227302551,-0.04042494297027588,-0.1833825260400772,-0.7170038223266602,-0.5818012952804565,0.652578592300415,-0.24165032804012299,-0.14999999999999997,-1.3740854263305664,-0.03,0.13253358006477356,-0.14999999999999997
1.5088419914245605,-0.011425853706896305,0.6727625131607056,-0.07174152135848999,-0.06050446256995201,0.44530296325683594,-0.8904479742050171,-0.2089655101299286,0.10092414915561676,0.6754222512245178,0.40833625197410583,-0.10990075021982193,-0.2682212293148041,-0.6117303967475891,0.06,0.3742983341217041,0.6204951405525208,-0.043492961674928665,-0.16449739038944244,-0.7423571348190308,-0.5764191746711731,0.66486656665802,-0.20960886776447296,-0.14999999999999997,-1.3753917217254639,-0.03,0.1373399943113327,-0.14999999999999997
1.5080714225769043,-0.01202882919460535,0.6753218173980713,-0.06962089985609055,-0.06243256479501724,0.44524744153022766,-0.8905109167098999,-0.20399291813373566,0.09186429530382156,0.6462679505348206,0.38056305050849915,-0.09838993102312088,-0.25831475853919983,-0.5936198234558105,0.06,0.368491530418396,0.5813577175140381,-0.045881111174821854,-0.14475810527801514,-0.7672010660171509,-0.5729457139968872,0.6719452142715454,-0.179606094956398,-0.14999999999999997,-1.3758666515350342,-0.03,0.1371944546699524,-0.14999999999999997
1.5076204538345337,-0.012424900196492672,0.6776145100593567,-0.0675111711025238,-0.06434808671474457,0.446140855550766,-0.8900898098945618,-0.20015624165534973,0.08262501657009125,0.6113927364349365,0.35452163219451904,-0.08930497616529465,-0.2498038411140442,-0.5758891701698303,0.06,0.3652893006801605,0.5427289605140686,-0.04732649773359299,-0.12500260770320892,-0.7894050478935242,-0.5718409419059753,0.6736366152763367,-0.15253004431724548,-0.14999999999999997,-1.3764866590499878,-0.03,0.1333741843700409,-0.14999999999999997
1.5074942111968994,-0.012676955200731754,0.6794954538345337,-0.06548450142145157,-0.06603850424289703,0.4482150375843048,-0.8890747427940369,-0.1963224560022354,0.07377148419618607,0.5730252861976624,0.3308485448360443,-0.08470413088798523,-0.24299663305282593,-0.5594022274017334,0.06,0.3652917146682739,0.507183313369751,-0.0479794479906559,-0.10650378465652466,-0.8076889514923096,-0.5730931758880615,0.6699821352958679,-0.12764255702495575,-0.14999999999999997,-1.3777496814727783,-0.03,0.1280909925699234,-0.14999999999999997
1.5076572895050049,-0.012808063067495823,0.6808601021766663,-0.06365853548049927,-0.06745172291994095,0.4515003561973572,-0.8874374628067017,-0.19234392046928406,0.06586673110723495,0.5328056812286377,0.3108094334602356,-0.08511707186698914,-0.2385828197002411,-0.5454692840576172,0.06,0.3686474859714508,0.47730395197868347,-0.04794306680560112,-0.09051712602376938,-0.8215817213058472,-0.5765202045440674,0.6613271236419678,-0.10373365134000778,-0.14999999999999997,-1.3805468082427979,-0.03,0.12323585152626038,-0.14999999999999997
1.5080522298812866,-0.01281571201980114,0.6817137598991394,-0.06212275102734566,-0.0686478391289711,0.4558849036693573,-0.8852102756500244,-0.18879318237304688,0.059067320078611374,0.49180272221565247,0.2950648069381714,-0.09000390768051147,-0.23669138550758362,-0.5348774194717407,0.06,0.3753156065940857,0.4541873037815094,-0.04720541834831238,-0.07752817124128342,-0.8310115337371826,-0.581680953502655,0.6484754681587219,-0.08032586425542831,-0.14999999999999997,-1.3859728574752808,-0.03,0.11963608860969543,-0.14999999999999997
1.508670687675476,-0.012702330015599728,0.6822737455368042,-0.06107441335916519,-0.06961315125226974,0.4611441195011139,-0.8824793100357056,-0.1863309144973755,0.05315975099802017,0.45262134075164795,0.29000000000000004,-0.09264706075191498,-0.2373412698507309,-0.5270463824272156,0.06,0.3849147856235504,0.4362504184246063,-0.04582657292485237,-0.06691143661737442,-0.8361044526100159,-0.5880792737007141,0.6321215629577637,-0.05762636661529541,-0.14999999999999997,-1.3948619365692139,-0.03,0.11773058027029037,-0.14999999999999997
1.5094966888427734,-0.012544956058263779,0.6827715039253235,-0.06067429482936859,-0.07033142447471619,0.4668571650981903,-0.8794410228729248,-0.1844109445810318,0.04787136986851692,0.4178624749183655,0.29000000000000004,-0.08851461857557297,-0.239106684923172,-0.5209310054779053,0.06,0.3965742588043213,0.421232670545578,-0.043664250522851944,-0.057672638446092606,-0.837216854095459,-0.5942593812942505,0.6132416129112244,-0.03661013022065163,-0.14999999999999997,-1.4071274995803833,-0.03039424493908882,0.11793776601552963,-0.14999999999999997
1.5103527307510376,-0.012411167845129967,0.6831628680229187,-0.06041569262742996,-0.07114499807357788,0.4728500545024872,-0.8761855363845825,-0.1823892593383789,0.043295711278915405,0.3861777186393738,0.29000000000000004,-0.08433028310537338,-0.24156485497951508,-0.5157381892204285,0.06,0.4091019630432129,0.40738821029663086,-0.04147963598370552,-0.04894246160984039,-0.8343111276626587,-0.597578763961792,0.5936221480369568,-0.017558550462126732,-0.14999999999999997,-1.4219672679901123,-0.034225575625896454,0.11991816759109497,-0.14999999999999997
1.5111274719238281,-0.012321624904870987,0.6834908127784729,-0.06014883518218994,-0.07229850441217422,0.4789963662624359,-0.8727642297744751,-0.18098334968090057,0.04016502946615219,0.3576737940311432,0.29000000000000004,-0.08079513907432556,-0.24464046955108643,-0.5108524560928345,0.06,0.42196598649024963,0.39271828532218933,-0.03941774368286133,-0.03957517072558403,-0.8273921608924866,-0.5968307852745056,0.5743225812911987,-6.258345092646778e-05,-0.14999999999999997,-1.4392777681350708,-0.037144120782613754,0.1246030405163765,-0.14999999999999997
1.5117751359939575,-0.012278582900762558,0.6837365031242371,-0.05988036468625069,-0.07383078336715698,0.485125869512558,-0.8692617416381836,-0.18057487905025482,0.03889348730444908,0.331832617521286,0.29000000000000004,-0.07817447185516357,-0.2484510838985443,-0.5064470767974854,0.06,0.4348390996456146,0.37739425897598267,-0.03754597157239914,-0.02965228445827961,-0.8169001936912537,-0.5917665362358093,0.5555610060691833,0.01761215180158615,-0.14999999999999997,-1.4591649770736694,-0.039707448333501816,0.13325506448745728,-0.14999999999999997
1.5123002529144287,-0.01227225735783577,0.6839320659637451,-0.05965384468436241,-0.07565049827098846,0.49109089374542236,-0.8657643795013428,-0.18032588064670563,0.03904695063829422,0.30790671706199646,0.29000000000000004,-0.07656088471412659,-0.2523255944252014,-0.5023401379585266,0.06,0.44744282960891724,0.36129868030548096,-0.0358443409204483,-0.019197966903448105,-0.8034301996231079,-0.582770049571991,0.5372503399848938,0.03715018182992935,-0.14999999999999997,-1.481486201286316,-0.041864026337862015,0.14476825296878815,-0.14999999999999997
1.5127111673355103,-0.012269599363207817,0.6841297149658203,-0.05948326736688614,-0.07770174741744995,0.4966678023338318,-0.8624066114425659,-0.17963509261608124,0.040164876729249954,0.28455233573913574,0.29000000000000004,-0.07577619701623917,-0.2555007338523865,-0.4981651306152344,0.06,0.45928770303726196,0.3437645733356476,-0.03429747000336647,-0.007970564998686314,-0.7880035042762756,-0.5702584385871887,0.5198389887809753,0.05956276133656502,-0.14999999999999997,-1.505697250366211,-0.04347878694534302,0.1561676412820816,-0.14999999999999997
1.513038992881775,-0.012237670831382275,0.6843435764312744,-0.059350818395614624,-0.07989943027496338,0.5016112327575684,-0.8593483567237854,-0.17841297388076782,0.04235280305147171,0.26107582449913025,0.29000000000000004,-0.07592476159334183,-0.2575426697731018,-0.4937857389450073,0.06,0.4698171019554138,0.3248591423034668,-0.0328965000808239,0.003865297418087721,-0.77175372838974,-0.5552253127098083,0.5038807392120361,0.08462056517601013,-0.14999999999999997,-1.5309029817581177,-0.04474999010562897,0.16468021273612976,-0.14999999999999997
1.5133229494094849,-0.012153062038123608,0.6845194101333618,-0.059184543788433075,-0.08210687339305878,0.5056449770927429,-0.856783926486969,-0.17649081349372864,0.04548880457878113,0.23710595071315765,0.29000000000000004,-0.07698676735162735,-0.2591944932937622,-0.4896639287471771,0.06,0.4783792793750763,0.30641064047813416,-0.031669192016124725,0.015175781212747097,-0.7558119893074036,-0.5392173528671265,0.48999282717704773,0.11079091578722,-0.14136677980422974,-1.5559635162353516,-0.046253230422735214,0.16897593438625336,-0.14999999999999997
1.5136206150054932,-0.012001571245491505,0.6846184730529785,-0.05897998809814453,-0.08414304256439209,0.5085808038711548,-0.8548606634140015,-0.17344683408737183,0.0492435060441494,0.21351446211338043,0.29000000000000004,-0.07880634069442749,-0.2606799900531769,-0.4864444136619568,0.06,0.4846027195453644,0.29071667790412903,-0.03062019869685173,0.024629022926092148,-0.7410377264022827,-0.5236767530441284,0.4784550070762634,0.1363777369260788,-0.12146136909723282,-1.580203652381897,-0.048629678785800934,0.1693253070116043,-0.14999999999999997
1.5140247344970703,-0.01177894789725542,0.6847409009933472,-0.05896087735891342,-0.08581174165010452,0.5103775858879089,-0.8536243438720703,-0.16984224319458008,0.052521780133247375,0.1921737939119339,0.29000000000000004,-0.08152623474597931,-0.2600831389427185,-0.484370619058609,0.06,0.4886350631713867,0.27865561842918396,-0.029510878026485443,0.03151722624897957,-0.7278907299041748,-0.5095001459121704,0.4687485694885254,0.16043421626091003,-0.10299120098352432,-1.6039615869522095,-0.05229361355304718,0.16697342693805695,-0.14999999999999997
1.514587640762329,-0.011571619659662247,0.6849089860916138,-0.05913601070642471,-0.08689086139202118,0.5110409259796143,-0.8531060814857483,-0.1662445068359375,0.053630802780389786,0.174057275056839,0.29000000000000004,-0.08148153126239777,-0.25747355818748474,-0.48292574286460876,0.06,0.4904128909111023,0.2703562080860138,-0.028374535962939262,0.03580870106816292,-0.7166531682014465,-0.49609825015068054,0.4602835476398468,0.18249519169330597,-0.08607911318540573,-1.627628207206726,-0.05756448954343796,0.16282083094120026,-0.14999999999999997
1.51519775390625,-0.01129844505339861,0.6850519180297852,-0.059240229427814484,-0.08771519362926483,0.5107502937316895,-0.8531885743141174,-0.1615450531244278,0.05375070869922638,0.1578511893749237,0.29000000000000004,-0.08132817596197128,-0.2549724876880646,-0.4825604557991028,0.06,0.49011585116386414,0.26577943563461304,-0.027130957692861557,0.03770768269896507,-0.7070422172546387,-0.48374655842781067,0.4532105624675751,0.20122921466827393,-0.069379523396492,-1.6515132188796997,-0.06445199996232986,0.15696115791797638,-0.14999999999999997
1.5158851146697998,-0.010962479747831821,0.6852347254753113,-0.05951664224267006,-0.08827328681945801,0.5096063613891602,-0.8537954092025757,-0.1571330577135086,0.05267832428216934,0.1446668952703476,0.29000000000000004,-0.08053864538669586,-0.250925749540329,-0.48296526074409485,0.06,0.4881868064403534,0.26363569498062134,-0.026030495762825012,0.0378873273730278,-0.6988997459411621,-0.4727283716201782,0.4468323588371277,0.21631182730197906,-0.0519351102411747,-1.6759687662124634,-0.07244031876325607,0.15035904943943024,-0.14999999999999997
1.5166116952896118,-0.010572182945907116,0.6854625344276428,-0.059971340000629425,-0.08863389492034912,0.5077470541000366,-0.8548335433006287,-0.15336915850639343,0.050549302250146866,0.1350283920764923,0.29000000000000004,-0.07949939370155334,-0.24549390375614166,-0.4841355085372925,0.06,0.4849398732185364,0.2635538876056671,-0.024889009073376656,0.03666367381811142,-0.6919418573379517,-0.4627228379249573,0.44046011567115784,0.2280980348587036,-0.033228322863578796,-1.7010993957519531,-0.08070659637451172,0.14371195435523987,-0.14999999999999997
1.5173499584197998,-0.010212634690105915,0.6857187151908875,-0.06051642447710037,-0.0887465626001358,0.5053703784942627,-0.8561907410621643,-0.15005934238433838,0.047430865466594696,0.1301742047071457,0.29000000000000004,-0.0775136798620224,-0.23878121376037598,-0.4854910969734192,0.06,0.48066237568855286,0.2649742662906647,-0.024108894169330597,0.03431689366698265,-0.68563312292099,-0.4526765048503876,0.43354934453964233,0.23722942173480988,-0.013227499090135098,-1.726967453956604,-0.08876603096723557,0.1377742886543274,-0.14999999999999997
1.5180268287658691,-0.00991485733538866,0.6859534382820129,-0.060951195657253265,-0.08876169472932816,0.502766489982605,-0.8576899170875549,-0.14673122763633728,0.0444682240486145,0.12601736187934875,0.29000000000000004,-0.0759701281785965,-0.23234304785728455,-0.48686930537223816,0.06,0.4757547080516815,0.2673981189727783,-0.023396354168653488,0.03138052672147751,-0.6790597438812256,-0.44227731227874756,0.42579469084739685,0.24380405247211456,0.008213933557271957,-1.7533451318740845,-0.0965225026011467,0.13280677795410156,-0.14999999999999997
1.518624186515808,-0.009708153083920479,0.6861515641212463,-0.06130475178360939,-0.08873430639505386,0.5003014206886292,-0.8591078519821167,-0.14338211715221405,0.04190812259912491,0.12206366658210754,0.29000000000000004,-0.07456300407648087,-0.22632676362991333,-0.48813265562057495,0.06,0.47101494669914246,0.27018529176712036,-0.022856848314404488,0.028320159763097763,-0.6713111996650696,-0.43160107731819153,0.4168803095817566,0.2482031285762787,0.031137125566601753,-1.7803527116775513,-0.1036047413945198,0.1289108693599701,-0.14999999999999997
1.519127607345581,-0.009607669897377491,0.6863079071044922,-0.06164545193314552,-0.08872991055250168,0.49811026453971863,-0.8603562712669373,-0.14017528295516968,0.03973458334803581,0.11858208477497101,0.29000000000000004,-0.07350949943065643,-0.22092832624912262,-0.4894581735134125,0.06,0.4668102562427521,0.27322810888290405,-0.022518422454595566,0.025271380320191383,-0.6622259020805359,-0.4206109046936035,0.4066924750804901,0.2511892020702362,0.055177778005599976,-1.807956337928772,-0.10955639183521271,0.12577658891677856,-0.14999999999999997
1.5195200443267822,-0.00961720198392868,0.686420202255249,-0.06203237920999527,-0.08882512152194977,0.496234267950058,-0.8614020943641663,-0.13731037080287933,0.037923868745565414,0.11565423011779785,0.29000000000000004,-0.07274805754423141,-0.21605974435806274,-0.4910286068916321,0.06,0.4633004665374756,0.2763926684856415,-0.022356338798999786,0.02236858941614628,-0.6519234776496887,-0.4091431498527527,0.39538252353668213,0.25365787744522095,0.07962768524885178,-1.8359816074371338,-0.11411992460489273,0.12322112917900085,-0.14999999999999997
1.5197868347167969,-0.009726908057928085,0.6864857077598572,-0.06251434236764908,-0.089089035987854,0.49468204379081726,-0.8622323870658875,-0.1351446807384491,0.03647131845355034,0.11321260035037994,0.29000000000000004,-0.07228994369506836,-0.2118016928434372,-0.4930362403392792,0.06,0.46056225895881653,0.2795914113521576,-0.022363394498825073,0.019714875146746635,-0.6405524611473083,-0.3972227871417999,0.3832727074623108,0.2562035918235779,0.10389633476734161,-1.8641504049301147,-0.11736937612295151,0.12143770605325699,-0.14999999999999997
1.519922137260437,-0.009924652986228466,0.6864995956420898,-0.06311256438493729,-0.0895254909992218,0.4934625029563904,-0.8628422021865845,-0.13390354812145233,0.03534013777971268,0.11121334880590439,0.29000000000000004,-0.07211991399526596,-0.20830067992210388,-0.49560630321502686,0.06,0.4586511254310608,0.2829561233520508,-0.022528167814016342,0.01727854646742344,-0.6281675696372986,-0.38519343733787537,0.3706991672515869,0.2588818073272705,0.1278589963912964,-1.892166018486023,-0.11938861757516861,0.12100974470376968,-0.14999999999999997
1.5199326276779175,-0.010198426432907581,0.6864573359489441,-0.06382928043603897,-0.09008025377988815,0.4925985038280487,-0.8632252216339111,-0.13355998694896698,0.03444879874587059,0.10971083492040634,0.29000000000000004,-0.07221027463674545,-0.20565931499004364,-0.49880343675613403,0.06,0.45763149857521057,0.28680264949798584,-0.02282164804637432,0.014898044057190418,-0.614744246006012,-0.3735809028148651,0.35801827907562256,0.2613483667373657,0.15179461240768433,-1.9198668003082275,-0.12007992714643478,0.12249428778886795,-0.14999999999999997
1.5198301076889038,-0.010532057844102383,0.6863555908203125,-0.06467599421739578,-0.09068673104047775,0.49209755659103394,-0.863384485244751,-0.1339636594057083,0.033658672124147415,0.10876791179180145,0.29000000000000004,-0.07251141965389252,-0.20385654270648956,-0.5027121901512146,0.06,0.45754554867744446,0.2915164828300476,-0.02319807931780815,0.012367618270218372,-0.6003178954124451,-0.36290687322616577,0.3456220328807831,0.26318857073783875,0.17606672644615173,-1.9472627639770508,-0.11924869567155838,0.12601953744888306,-0.14999999999999997
1.5196330547332764,-0.010903109796345234,0.6861920952796936,-0.06567725539207458,-0.09129510074853897,0.4919431507587433,-0.8633327484130859,-0.13496726751327515,0.0328054279088974,0.10840518027544022,0.29000000000000004,-0.07295773923397064,-0.20278695225715637,-0.507449209690094,0.06,0.45841073989868164,0.2974480390548706,-0.023598918691277504,0.009500669315457344,-0.5850465297698975,-0.35358911752700806,0.3339039981365204,0.2641127407550812,0.20092016458511353,-1.9744664430618286,-0.11676696687936783,0.13124744594097137,-0.14999999999999997
1.5193641185760498,-0.011288883164525032,0.6859661340713501,-0.06685364991426468,-0.0918608158826828,0.49209508299827576,-0.8630958795547485,-0.13641753792762756,0.03173084929585457,0.10858578234910965,0.29000000000000004,-0.07349065691232681,-0.20231223106384277,-0.51310133934021,0.06,0.4601830840110779,0.3048880100250244,-0.02398047223687172,0.00611363910138607,-0.5692099332809448,-0.3459623157978058,0.3231774866580963,0.2639675736427307,0.22646766901016235,-2.0015337467193604,-0.11261942237615585,0.13769812881946564,-0.14999999999999997
1.5190483331680298,-0.011671132408082485,0.685677707195282,-0.06820319592952728,-0.09233520925045013,0.4925035834312439,-0.8627064824104309,-0.13818274438381195,0.030325014144182205,0.10924115031957626,0.29000000000000004,-0.07403498888015747,-0.20237132906913757,-0.5196541547775269,0.06,0.4627683162689209,0.3140162527561188,-0.02430572360754013,0.0020682543981820345,-0.553147554397583,-0.34035319089889526,0.31360405683517456,0.26265808939933777,0.2527141571044922,-2.0283637046813965,-0.10690425336360931,0.14495472609996796,-0.14999999999999997
1.5187108516693115,-0.012035194784402847,0.6853298544883728,-0.0696927085518837,-0.09267167001962662,0.4931122660636902,-0.8622036576271057,-0.14020352065563202,0.028562527149915695,0.11024879664182663,0.29000000000000004,-0.07455404102802277,-0.20299667119979858,-0.5269566774368286,0.06,0.4660118818283081,0.32480502128601074,-0.02454889938235283,-0.0026829938869923353,-0.537247896194458,-0.337175190448761,0.3052021563053131,0.2601163685321808,0.2796158492565155,-2.054641008377075,-0.09981134533882141,0.15268748998641968,-0.14999999999999997
1.5183738470077515,-0.01237051747739315,0.6849292516708374,-0.07125959545373917,-0.09282120317220688,0.49383944272994995,-0.8616431355476379,-0.1424778699874878,0.02648601308465004,0.11140809953212738,0.29000000000000004,-0.07499557733535767,-0.20428955554962158,-0.5347310900688171,0.06,0.469662070274353,0.3370625972747803,-0.02470211684703827,-0.008118946105241776,-0.5220147967338562,-0.3370441198348999,0.2978709042072296,0.2562848925590515,0.3071184754371643,-2.079770803451538,-0.09161703288555145,0.1606464833021164,-0.14999999999999997
1.5180583000183105,-0.01266540214419365,0.6844837665557861,-0.07281820476055145,-0.09272101521492004,0.4945574402809143,-0.8611116409301758,-0.14499862492084503,0.024173647165298462,0.11240193992853165,0.29000000000000004,-0.07532653212547302,-0.20636537671089172,-0.5426613092422485,0.06,0.4733428955078125,0.3506331443786621,-0.024767955765128136,-0.01425898913294077,-0.5081085562705994,-0.340967059135437,0.2913514971733093,0.2511513829231262,0.3349725008010864,-2.1027653217315674,-0.08268824964761734,0.1687350571155548,-0.14999999999999997
1.517789363861084,-0.01290817465633154,0.6840078830718994,-0.07426123321056366,-0.09229056537151337,0.49513888359069824,-0.8607003688812256,-0.14751580357551575,0.02170323207974434,0.11298530548810959,0.29000000000000004,-0.07554249465465546,-0.20916865766048431,-0.5503218173980713,0.06,0.47664961218833923,0.36525946855545044,-0.024753514677286148,-0.02109254151582718,-0.4962288737297058,-0.35030287504196167,0.28529834747314453,0.24490314722061157,0.3623615503311157,-2.1219124794006348,-0.07356478273868561,0.17666082084178925,-0.14999999999999997
1.5175913572311401,-0.013084623031318188,0.683529794216156,-0.07544921338558197,-0.09144159406423569,0.49551844596862793,-0.8604691028594971,-0.14950141310691833,0.019183693453669548,0.11313512921333313,0.29000000000000004,-0.0756174772977829,-0.2124723494052887,-0.5570579767227173,0.06,0.4792611002922058,0.3802706003189087,-0.02467760443687439,-0.028375158086419106,-0.4868607521057129,-0.36671891808509827,0.27936235070228577,0.23789376020431519,0.3879655599594116,-2.1344034671783447,-0.0651138499379158,0.18366393446922302,-0.14999999999999997
1.5174951553344727,-0.013155926018953323,0.6830740571022034,-0.07627376914024353,-0.09009554982185364,0.49570029973983765,-0.8604336380958557,-0.15056729316711426,0.016649357974529266,0.11295632272958755,0.29000000000000004,-0.07547847181558609,-0.21613414585590363,-0.5623813271522522,0.06,0.4810684025287628,0.3951391875743866,-0.024476708844304085,-0.035881295800209045,-0.4800134599208832,-0.392383873462677,0.273034930229187,0.23026077449321747,0.4099145829677582,-2.136338472366333,-0.05853746831417084,0.1892375946044922,-0.14999999999999997
1.517540693283081,-0.01306869089603424,0.6826382875442505,-0.07676435261964798,-0.08817844837903976,0.4957538843154907,-0.8605578541755676,-0.15036490559577942,0.013830003328621387,0.11273372173309326,0.29000000000000004,-0.07500919699668884,-0.219950869679451,-0.5663899779319763,0.06,0.4823263883590698,0.4101460576057434,-0.02399725466966629,-0.043731689453125,-0.4751966595649719,-0.42942261695861816,0.26563143730163574,0.22199611365795135,0.42562928795814514,-2.1241531372070312,-0.05483337491750717,0.19421778619289398,-0.14999999999999997
1.517763376235962,-0.012806830927729607,0.6822190284729004,-0.07701192796230316,-0.08565230667591095,0.495816171169281,-0.8607549667358398,-0.14833728969097137,0.01038668118417263,0.11299344897270203,0.29000000000000004,-0.07411957532167435,-0.22351957857608795,-0.569282591342926,0.06,0.48349276185035706,0.42559248208999634,-0.02316102385520935,-0.05205368623137474,-0.47161784768104553,-0.47889280319213867,0.25649088621139526,0.21344473958015442,0.43219882249832153,-2.095560073852539,-0.05473786219954491,0.20003065466880798,-0.14999999999999997
1.5181654691696167,-0.012409855611622334,0.6818322539329529,-0.07703869789838791,-0.08257696032524109,0.49609845876693726,-0.8608904480934143,-0.14390523731708527,0.006321059074252844,0.11440618336200714,0.29000000000000004,-0.07285178452730179,-0.22641806304454803,-0.5708445906639099,0.06,0.4850151538848877,0.44080808758735657,-0.022018535062670708,-0.060456834733486176,-0.4681859016418457,-0.5405901074409485,0.24527011811733246,0.2050500065088272,0.4278928339481354,-2.0496666431427,-0.05911831930279732,0.20801982283592224,-0.14999999999999997
1.5187004804611206,-0.011947507038712502,0.6815118789672852,-0.07676171511411667,-0.079201340675354,0.49693334102630615,-0.8607508540153503,-0.13724397122859955,0.0022016994189471006,0.11765588819980621,0.29000000000000004,-0.07141541689634323,-0.22876915335655212,-0.5705637335777283,0.06,0.48738884925842285,0.45402130484580994,-0.0206808689981699,-0.06786996871232986,-0.4633948504924774,-0.613386332988739,0.2320583462715149,0.1963653862476349,0.4122793972492218,-1.986578106880188,-0.0689421072602272,0.21866555511951447,-0.14999999999999997
1.5192904472351074,-0.011502237059175968,0.6812826991081238,-0.0760703980922699,-0.07591713964939117,0.4986485242843628,-0.8601158261299133,-0.12937413156032562,-0.0010919402120634913,0.12317071110010147,0.29000000000000004,-0.07008562982082367,-0.23124417662620544,-0.5681056380271912,0.06,0.4910089373588562,0.46333077549934387,-0.01929599791765213,-0.07309184223413467,-0.45581039786338806,-0.6954785585403442,0.21754805743694305,0.18540158867835999,0.3856818377971649,-1.9070680141448975,-0.08484237641096115,0.23065419495105743,-0.14999999999999997
1.5198650360107422,-0.011171958409249783,0.6811569929122925,-0.07495933771133423,-0.07308899611234665,0.5014894604682922,-0.8588057160377502,-0.1210315153002739,-0.0029631885699927807,0.1313258409500122,0.29000000000000004,-0.06913000345230103,-0.2341514378786087,-0.5635542273521423,0.06,0.49624907970428467,0.4676271677017212,-0.017980556935071945,-0.07536202669143677,-0.4443240463733673,-0.7851280570030212,0.20244602859020233,0.16970603168010712,0.35086092352867126,-1.8129907846450806,-0.10623373836278915,0.24092072248458862,-0.14999999999999997
1.520354986190796,-0.01104216743260622,0.6811507940292358,-0.07350077480077744,-0.0710040032863617,0.5054925680160522,-0.8567573428153992,-0.11254893988370895,-0.0031352825462818146,0.14216528832912445,0.29000000000000004,-0.06874801218509674,-0.23721244931221008,-0.5571542978286743,0.06,0.503180742263794,0.4662286937236786,-0.01689104549586773,-0.0742303654551506,-0.4284995496273041,-0.8810812830924988,0.1870548576116562,0.14828500151634216,0.3127642273902893,-1.70688796043396,-0.13098792731761932,0.2459145188331604,-0.14999999999999997
1.5206952095031738,-0.011173412203788757,0.6812421083450317,-0.07180104404687881,-0.06982306391000748,0.5103411078453064,-0.8541200757026672,-0.1048317477107048,-0.0014792419970035553,0.15474902093410492,0.29000000000000004,-0.0690864771604538,-0.24058260023593903,-0.5494629144668579,0.06,0.5112467408180237,0.4595419764518738,-0.016250839456915855,-0.06995835900306702,-0.40889135003089905,-0.9820569753646851,0.1710139513015747,0.12187764793634415,0.2754587233066559,-1.5916143655776978,-0.15626533329486847,0.24431616067886353,-0.14999999999999997
1.5208581686019897,-0.011644026264548302,0.6813591718673706,-0.06990800052881241,-0.06946637481451035,0.5156570672988892,-0.8511080741882324,-0.09877607226371765,0.002078540390357375,0.1679123193025589,0.29000000000000004,-0.07028187066316605,-0.2451770007610321,-0.5410093069076538,0.06,0.5197494029998779,0.44923096895217896,-0.01625887118279934,-0.06359495222568512,-0.3861885666847229,-1.0860953330993652,0.15313488245010376,0.09210042655467987,0.24125789105892181,-1.4699597358703613,-0.1799066811800003,0.23780901730060577,-0.14999999999999997
1.5208492279052734,-0.012535814195871353,0.6814280152320862,-0.06781552731990814,-0.06971681863069534,0.5212085843086243,-0.8478692173957825,-0.09470555186271667,0.007550742942839861,0.18094003200531006,0.29000000000000004,-0.07240002602338791,-0.2519012987613678,-0.5320562124252319,0.06,0.5282458066940308,0.4371742904186249,-0.017054978758096695,-0.05634147673845291,-0.36092159152030945,-1.1907811164855957,0.13237300515174866,0.06098471209406853,0.21144743263721466,-1.3444905281066895,-0.2008710354566574,0.22912856936454773,-0.12752392888069153
1.520667314529419,-0.013868426904082298,0.6813916563987732,-0.0655219703912735,-0.07046318054199219,0.5269700884819031,-0.8444194793701172,-0.0927705317735672,0.014981546439230442,0.19353388249874115,0.29000000000000004,-0.07531095296144485,-0.26137274503707886,-0.5228734612464905,0.06,0.5367788672447205,0.42456623911857605,-0.01859499327838421,-0.048852190375328064,-0.33339667320251465,-1.2942960262298584,0.10842078924179077,0.02998858503997326,0.18750065565109253,-1.2178847789764404,-0.21894600987434387,0.22036981582641602,-0.10340748727321625
1.5203158855438232,-0.015611855313181877,0.6811972856521606,-0.06300210952758789,-0.07165157049894333,0.5330855250358582,-0.840664267539978,-0.09320204704999924,0.024466373026371002,0.20607450604438782,0.29000000000000004,-0.07930836826562881,-0.2740824222564697,-0.5136159658432007,0.06,0.545741617679596,0.4120059013366699,-0.02083321288228035,-0.041327230632305145,-0.30360132455825806,-1.395762324333191,0.08133652061223984,-0.0011964143486693501,0.17122413218021393,-1.0927908420562744,-0.23429204523563385,0.21274589002132416,-0.07375307381153107
1.519819974899292,-0.017716985195875168,0.6807912588119507,-0.060206715017557144,-0.07320170849561691,0.5397091507911682,-0.8364989757537842,-0.09583422541618347,0.0360761359333992,0.21845288574695587,0.29000000000000004,-0.08412272483110428,-0.2903836667537689,-0.5044297575950623,0.06,0.5555450320243835,0.4002527594566345,-0.02364792861044407,-0.03409198671579361,-0.2715299129486084,-1.4948508739471436,0.05139986053109169,-0.03416389971971512,0.16311733424663544,-0.9712122678756714,-0.24734851717948914,0.2066618800163269,-0.03357701376080513
1.5192148685455322,-0.020128661766648293,0.6801660060882568,-0.05707773193717003,-0.07501699030399323,0.5469439625740051,-0.8318454027175903,-0.09962192177772522,0.04960479214787483,0.2314639538526535,0.29000000000000004,-0.0895444005727768,-0.30960512161254883,-0.4951724112033844,0.06,0.566476047039032,0.3895227313041687,-0.026823600754141808,-0.027226867154240608,-0.2372942417860031,-1.5911685228347778,0.03,-0.06992026418447495,0.1619146317243576,-0.8541237711906433,-0.2586778402328491,0.2015661746263504,0.018598781898617744
1.5185253620147705,-0.022747455164790154,0.6793633699417114,-0.053626496344804764,-0.07704491913318634,0.5546383857727051,-0.8267795443534851,-0.1034146323800087,0.06465216726064682,0.24508731067180634,0.29000000000000004,-0.0957760438323021,-0.3303157687187195,-0.4856318533420563,0.06,0.5783248543739319,0.37928977608680725,-0.030270734801888466,-0.020468883216381073,-0.20166519284248352,-1.6842310428619385,0.03,-0.10839082300662994,0.1657751202583313,-0.7420651912689209,-0.2685777246952057,0.19627708196640015,0.08058871328830719
1.5177797079086304,-0.025411661714315414,0.6784597039222717,-0.049997784197330475,-0.07923199236392975,0.5624260902404785,-0.82152259349823,-0.10651858150959015,0.08048240095376968,0.25846803188323975,0.29016992449760437,-0.10229720920324326,-0.35093173384666443,-0.47591766715049744,0.06,0.5905685424804688,0.3690445125102997,-0.033758554607629776,-0.013593479990959167,-0.16605791449546814,-1.7731889486312866,0.03,-0.14855273067951202,0.1729651689529419,-0.6360189914703369,-0.2771032750606537,0.19028931856155396,0.14776654541492462
1.5170313119888306,-0.027959588915109634,0.6775368452072144,-0.046406637877225876,-0.08140788227319717,0.5699818730354309,-0.8162963390350342,-0.10863827168941498,0.09600013494491577,0.2711370587348938,0.3148753345012665,-0.10787508636713028,-0.3703455924987793,-0.4663282036781311,0.06,0.6028109788894653,0.35892871022224426,-0.0369851291179657,-0.006731653120368719,-0.13189946115016937,-1.857021689414978,0.03,-0.18877626955509186,0.18226490914821625,-0.5374242663383484,-0.284345805644989,0.18428930640220642,0.21526411175727844
1.5164506435394287,-0.03023749217391014,0.6767851114273071,-0.04331688955426216,-0.08315746486186981,0.576796293258667,-0.8114890456199646,-0.10963299870491028,0.10913585126399994,0.2829170227050781,0.33621057868003845,-0.11013583093881607,-0.3866385519504547,-0.4567261040210724,0.06,0.6138899326324463,0.3480783998966217,-0.03908403962850571,0.0007705776370130479,-0.10103416442871094,-1.9350471496582031,0.03,-0.2271994799375534,0.19300615787506104,-0.4477536082267761,-0.2908453047275543,0.17967835068702698,0.2798457443714142
1.5170012712478638,-0.0316949300467968,0.6774559617042542,-0.042645663022994995,-0.08301185816526413,0.5812505483627319,-0.8083551526069641,-0.10984104871749878,0.11331281065940857,0.2911544442176819,0.3493447005748749,-0.09655360132455826,-0.3933297097682953,-0.4457073509693146,0.06,0.6237512826919556,0.3318566679954529,-0.03948931023478508,0.007826782763004303,-0.07696002721786499,-2.005882501602173,0.03,-0.261207640171051,0.20521312952041626,-0.3669474720954895,-0.2996644377708435,0.1773940473794937,0.33981025218963623
1.5178005695343018,-0.03289089351892471,0.6779212951660156,-0.04156377166509628,-0.08213411271572113,0.5861459374427795,-0.8049591779708862,-0.10707443207502365,0.11995375156402588,0.30472806096076965,0.36041155457496643,-0.08103210479021072,-0.40236085653305054,-0.4349547028541565,0.06,0.6342500448226929,0.3198298215866089,-0.03905373811721802,0.013032649643719196,-0.05246062949299812,-2.0707993507385254,0.03,-0.29799968004226685,0.22300709784030914,-0.29255908727645874,-0.3068619668483734,0.17567245662212372,0.39522653818130493
1.5188096761703491,-0.03380412980914116,0.678246259689331,-0.040019597858190536,-0.08065307885408401,0.5904313325881958,-0.802049994468689,-0.10281918942928314,0.13039490580558777,0.32131436467170715,0.3707946836948395,-0.06865429133176804,-0.41178518533706665,-0.42473968863487244,0.06,0.6428396701812744,0.3121330440044403,-0.03861043229699135,0.015690021216869354,-0.030253486707806587,-2.1286017894744873,0.03,-0.33949947357177734,0.24444794654846191,-0.22426295280456543,-0.3121436536312103,0.17574675381183624,0.44694894552230835
1.5198359489440918,-0.03435535728931427,0.678437352180481,-0.038461342453956604,-0.07850587368011475,0.5936552882194519,-0.7999567985534668,-0.09904788434505463,0.14403243362903595,0.3398183584213257,0.38149547576904297,-0.059710800647735596,-0.4205877184867859,-0.41687363386154175,0.06,0.6489274501800537,0.31136199831962585,-0.03770439699292183,0.014674680307507515,-0.013354926370084286,-2.177121639251709,0.03,-0.38723742961883545,0.26228007674217224,-0.16339430212974548,-0.31452062726020813,0.18053826689720154,0.4944331645965576
1.5209904909133911,-0.03445367142558098,0.6784731149673462,-0.036762502044439316,-0.0759720504283905,0.595490038394928,-0.7989169359207153,-0.09866314381361008,0.16096186637878418,0.3577938675880432,0.39676108956336975,-0.052600614726543427,-0.43222951889038086,-0.4114314019680023,0.06,0.6517193913459778,0.3167206943035126,-0.03647526353597641,0.010249093174934387,0.0001251667708856985,-2.2148807048797607,0.03,-0.43315914273262024,0.28231996297836304,-0.11065472662448883,-0.31348487734794617,0.18817369639873505,0.5382699966430664
1.5223009586334229,-0.034136295318603516,0.678352415561676,-0.03472292423248291,-0.07282250374555588,0.5960416793823242,-0.7988900542259216,-0.10263214260339737,0.18047137558460236,0.3737701177597046,0.4201965928077698,-0.04589105397462845,-0.45006063580513,-0.40754398703575134,0.06,0.6512247323989868,0.3279852569103241,-0.03505261242389679,0.002392400521785021,0.011556724086403847,-2.2395517826080322,0.03,-0.4744737148284912,0.3048951327800751,-0.0664074718952179,-0.30811238288879395,0.1980835199356079,0.578527569770813
1.5238041877746582,-0.03344443440437317,0.678063154220581,-0.032323215156793594,-0.06895838677883148,0.5956992506980896,-0.7995887398719788,-0.1101374700665474,0.2010776698589325,0.388034462928772,0.4489402770996094,-0.03880225494503975,-0.4683079719543457,-0.4047100841999054,0.06,0.6484196782112122,0.34467121958732605,-0.033298976719379425,-0.008586779236793518,0.02312450297176838,-2.2502477169036865,0.03,-0.5092416405677795,0.3279755711555481,-0.029788868501782417,-0.2984654903411865,0.2089216262102127,0.6131563782691956
1.5255299806594849,-0.03239467367529869,0.6775785088539124,-0.029673660174012184,-0.06450207531452179,0.5948233008384705,-0.8007146716117859,-0.11940888315439224,0.22107011079788208,0.40130409598350525,0.4767027795314789,-0.03223712742328644,-0.47969546914100647,-0.4029398262500763,0.06,0.6443307995796204,0.3660215735435486,-0.031034057959914207,-0.022175638005137444,0.0364411398768425,-2.2478952407836914,0.03,-0.5364530682563782,0.35071930289268494,1.535165029054042e-05,-0.28499868512153625,0.22042474150657654,0.6388069987297058
1.5274760723114014,-0.030977198854088783,0.6768450140953064,-0.026997672393918037,-0.05969133600592613,0.5934805274009705,-0.8021774888038635,-0.12869364023208618,0.23818153142929077,0.414040744304657,0.5012982487678528,-0.02755541168153286,-0.4813925325870514,-0.40292757749557495,0.06,0.6394072771072388,0.3919079601764679,-0.028172889724373817,-0.03819182887673378,0.05134575814008713,-2.2344069480895996,0.03,-0.5554751753807068,0.3732655942440033,0.021118484437465668,-0.2682705521583557,0.23368406295776367,0.6529609560966492
1.5295827388763428,-0.02922664023935795,0.6757989525794983,-0.024393104016780853,-0.05471370741724968,0.5914328694343567,-0.8041258454322815,-0.13552270829677582,0.24993421137332916,0.4258456528186798,0.5244547128677368,-0.02531190775334835,-0.4775867760181427,-0.40512076020240784,0.06,0.6332221031188965,0.42229515314102173,-0.024898216128349304,-0.05662902072072029,0.06665264815092087,-2.210900068283081,0.03,-0.5659588575363159,0.39347103238105774,0.03153691440820694,-0.24969466030597687,0.24994446337223053,0.6538694500923157
1.5318291187286377,-0.027183067053556442,0.6743806004524231,-0.021862110123038292,-0.04958591237664223,0.58863365650177,-0.8065814971923828,-0.13663466274738312,0.2554307281970978,0.436105340719223,0.544477105140686,-0.023484524339437485,-0.475760281085968,-0.4095045030117035,0.06,0.6257927417755127,0.45716041326522827,-0.021237479522824287,-0.07749383896589279,0.08165425062179565,-2.1771135330200195,0.03,-0.5670105218887329,0.40908047556877136,0.030838079750537872,-0.23213516175746918,0.2683679461479187,0.6403359770774841
1.5342466831207275,-0.02512151375412941,0.6726595163345337,-0.01933632791042328,-0.04388315603137016,0.5863280892372131,-0.8086529970169067,-0.13338351249694824,0.2551719844341278,0.4407351315021515,0.5604228377342224,-0.017085250467061996,-0.47004804015159607,-0.4139804244041443,0.06,0.6198988556861877,0.4948430061340332,-0.01707734353840351,-0.09986911714076996,0.09829732030630112,-2.1316211223602295,0.03,-0.5569892525672913,0.42073094844818115,0.019015146419405937,-0.21867583692073822,0.2859664261341095,0.6140128374099731
1.5367507934570312,-0.023226477205753326,0.6706979274749756,-0.016743412241339684,-0.03760688379406929,0.5845703482627869,-0.810297966003418,-0.12679404020309448,0.2497200071811676,0.4392126500606537,0.5713852643966675,-0.009148589335381985,-0.45722946524620056,-0.41750699281692505,0.06,0.6154989004135132,0.5337860584259033,-0.012910092249512672,-0.12314044684171677,0.11489725112915039,-2.0744526386260986,0.03,-0.5357464551925659,0.4291667342185974,-0.004190053790807724,-0.21003714203834534,0.29853856563568115,0.5770431756973267
1.5391184091567993,-0.021500762552022934,0.6684660315513611,-0.014285470359027386,-0.03148556500673294,0.5824256539344788,-0.8121483325958252,-0.11937759816646576,0.24220824241638184,0.43203723430633545,0.5770334601402283,-0.008168847300112247,-0.43603524565696716,-0.4215351641178131,0.06,0.610159695148468,0.5731772184371948,-0.009174329228699207,-0.14669474959373474,0.12771165370941162,-2.008030414581299,0.03,-0.5045250654220581,0.43374699354171753,-0.03913860023021698,-0.20520608127117157,0.3040526807308197,0.5313469767570496
1.541383147239685,-0.02002120576798916,0.6666921377182007,-0.013122724369168282,-0.02514379657804966,0.5795919299125671,-0.8144129514694214,-0.11329050362110138,0.23213239014148712,0.4176015257835388,0.5860387682914734,-0.026575354859232903,-0.4429243206977844,-0.42479127645492554,0.06,0.6024797558784485,0.6078129410743713,-0.006459235213696957,-0.16830351948738098,0.13569651544094086,-1.9313945770263672,0.03,-0.4615354835987091,0.43130290508270264,-0.08392980694770813,-0.205131396651268,0.3022790849208832,0.4778585433959961
1.5433225631713867,-0.018593594431877136,0.6652364730834961,-0.013347622007131577,-0.01977730356156826,0.576568067073822,-0.8167005777359009,-0.10856130719184875,0.2196926325559616,0.4023497998714447,0.5887635946273804,-0.04643722251057625,-0.44587644934654236,-0.42992791533470154,0.06,0.5924907326698303,0.6374179720878601,-0.004858314525336027,-0.18650664389133453,0.1395743489265442,-1.8475162982940674,0.03,-0.40770047903060913,0.42480984330177307,-0.1378587782382965,-0.2102096825838089,0.29625269770622253,0.4162059426307678
1.5448236465454102,-0.017186053097248077,0.6641402244567871,-0.014573776163160801,-0.015918459743261337,0.5739498138427734,-0.818605899810791,-0.1070360392332077,0.20790928602218628,0.3898138999938965,0.5893850922584534,-0.06175009161233902,-0.446714848279953,-0.43659305572509766,0.06,0.5830754041671753,0.6603742241859436,-0.004137805197387934,-0.20048078894615173,0.1397264003753662,-1.7585105895996094,0.03,-0.3461959958076477,0.4208778142929077,-0.20132194459438324,-0.21841171383857727,0.28874826431274414,0.3505743741989136
1.5458356142044067,-0.016018416732549667,0.6633579134941101,-0.015723232179880142,-0.013211219571530819,0.5723167061805725,-0.819775402545929,-0.10670831799507141,0.1993323713541031,0.3823356032371521,0.5905063152313232,-0.07011275738477707,-0.4474673569202423,-0.4419250190258026,0.06,0.5777744650840759,0.6763105988502502,-0.003030210267752409,-0.20968221127986908,0.13654784858226776,-1.665913462638855,0.03,-0.28300559520721436,0.4288386106491089,-0.274829626083374,-0.22558069229125977,0.28131917119026184,0.28699973225593567
1.5463746786117554,-0.015231545083224773,0.6628325581550598,-0.01629108004271984,-0.011228195391595364,0.5719342231750488,-0.8200607299804688,-0.10525094717741013,0.19428543746471405,0.3802008628845215,0.5915823578834534,-0.07439067214727402,-0.44831448793411255,-0.4446488320827484,0.06,0.5759180784225464,0.6861797571182251,-0.0017847405979409814,-0.21468399465084076,0.13091778755187988,-1.5708941221237183,0.03,-0.22329002618789673,0.4491487145423889,-0.3573857843875885,-0.22831766307353973,0.27140313386917114,0.22850501537322998
1.546492576599121,-0.01474757306277752,0.6624712944030762,-0.01671190746128559,-0.010040689259767532,0.5729044079780579,-0.8193901777267456,-0.1030723974108696,0.19151751697063446,0.38186103105545044,0.5916557312011719,-0.07776852697134018,-0.4488736093044281,-0.4466278851032257,0.06,0.5757238864898682,0.6920261383056641,-0.0012473625829443336,-0.21665699779987335,0.12422838062047958,-1.4759143590927124,0.03,-0.1691836565732956,0.4776621162891388,-0.44840115308761597,-0.22486130893230438,0.25561171770095825,0.17750480771064758
1.5462145805358887,-0.014416586607694626,0.6621640920639038,-0.017463315278291702,-0.00995927769690752,0.5749155879020691,-0.8179656863212585,-0.10253532975912094,0.1904403269290924,0.3854925036430359,0.591640055179596,-0.08136329799890518,-0.449176162481308,-0.4504261314868927,0.06,0.5749577879905701,0.6959385871887207,-0.002052400726824999,-0.21579967439174652,0.11656077206134796,-1.3832889795303345,0.03,-0.12115407735109329,0.5096899271011353,-0.5462997555732727,-0.21422110497951508,0.23237161338329315,0.1338474601507187
1.5455904006958008,-0.014230442233383656,0.6619670987129211,-0.01841980591416359,-0.010883010923862457,0.5773040056228638,-0.8162488341331482,-0.1040886715054512,0.1910877376794815,0.3898570239543915,0.5918647646903992,-0.08389817923307419,-0.449146568775177,-0.4585748612880707,0.06,0.5715680122375488,0.7026528716087341,-0.004657123237848282,-0.20930597186088562,0.10598728805780411,-1.2930620908737183,0.03161802142858505,-0.0789564922451973,0.540899395942688,-0.6481484770774841,-0.19575177133083344,0.20395316183567047,0.09458758682012558
1.5448135137557983,-0.01428484171628952,0.6617488265037537,-0.019585970789194107,-0.01194461714476347,0.5795748233795166,-0.8145958781242371,-0.10603740811347961,0.1919785439968109,0.39430874586105347,0.5921988487243652,-0.08543895184993744,-0.44914746284484863,-0.46949124336242676,0.06,0.5654464960098267,0.7152576446533203,-0.01326060201972723,-0.20301946997642517,0.09013683348894119,-1.203193187713623,0.06804440915584564,-0.040587496012449265,0.5672421455383301,-0.7528616189956665,-0.1692255586385727,0.17751535773277283,0.058383747935295105
1.5441147089004517,-0.014640276320278645,0.6612057089805603,-0.021438272669911385,-0.012315352447330952,0.5814303755760193,-0.8132202625274658,-0.10760629177093506,0.1908046305179596,0.39799901843070984,0.5932316184043884,-0.08689093589782715,-0.4499838352203369,-0.48194894194602966,0.06,0.5596073865890503,0.7322937250137329,-0.0020093023777008057,-0.20032142102718353,0.06745095551013947,-1.1118505001068115,0.10813996940851212,-0.0032299302984029055,0.5863240361213684,-0.8619270920753479,-0.13494472205638885,0.16106349229812622,0.026774924248456955
1.5435768365859985,-0.015368216671049595,0.6601429581642151,-0.024174779653549194,-0.011653704568743706,0.5826864242553711,-0.8122538328170776,-0.10885237157344818,0.18681815266609192,0.40039682388305664,0.5960071086883545,-0.08830367028713226,-0.4524765908718109,-0.4949134886264801,0.06,0.5521911382675171,0.7535774111747742,0.0021524340845644474,-0.20923833549022675,0.03757879510521889,-1.0165836811065674,0.15206851065158844,0.03347376361489296,0.5963397026062012,-0.9769888520240784,-0.09311109036207199,0.15941551327705383,0.0017004525288939476
1.5433285236358643,-0.01646082103252411,0.6582751274108887,-0.027931006625294685,-0.00981126632541418,0.5836630463600159,-0.8114561438560486,-0.11051155626773834,0.18000264465808868,0.40212705731391907,0.603340744972229,-0.08901096880435944,-0.45842432975769043,-0.5053746700286865,0.06,0.545318603515625,0.7739071249961853,0.0019377233693376184,-0.22572751343250275,0.0038725868798792362,-0.919046938419342,0.19593238830566406,0.0665232390165329,0.6046012043952942,-1.0964494943618774,-0.04615112021565437,0.16967792809009552,-0.019771099090576172
1.5433214902877808,-0.017899595201015472,0.6555063128471375,-0.032418496906757355,-0.007027026731520891,0.584235429763794,-0.810905933380127,-0.11380096524953842,0.17161716520786285,0.4021108150482178,0.6171553730964661,-0.08936354517936707,-0.46861621737480164,-0.5115399360656738,0.06,0.5413591265678406,0.7913503646850586,-0.002493529114872217,-0.2567847669124603,-0.03151259571313858,-0.8205206394195557,0.23687347769737244,0.08923771977424622,0.6155093312263489,-1.2167832851409912,-0.03,0.1886427402496338,-0.04185681790113449
1.5433553457260132,-0.019503962248563766,0.6529034376144409,-0.03678514063358307,-0.004468501079827547,0.5844948887825012,-0.8105506896972656,-0.11670009791851044,0.16359151899814606,0.40239444375038147,0.6296590566635132,-0.08815106749534607,-0.47816959023475647,-0.5229822993278503,0.06,0.5394821763038635,0.8193109631538391,-0.028838908299803734,-0.2728988230228424,-0.06613718718290329,-0.725255012512207,0.27408283948898315,0.09318859130144119,0.6356737613677979,-1.335129976272583,-0.03,0.21297107636928558,-0.06428947299718857
1.5434072017669678,-0.02117086388170719,0.6506463289260864,-0.041022397577762604,-0.0021704721730202436,0.5841435194015503,-0.8106101155281067,-0.11919250339269638,0.15562686324119568,0.40226826071739197,0.639480471611023,-0.08558546751737595,-0.4859406650066376,-0.5355420112609863,0.06,0.5433377623558044,0.8501928448677063,-0.028850410133600235,-0.29058390855789185,-0.10042537748813629,-0.6361416578292847,0.30703267455101013,0.07904710620641708,0.6660653352737427,-1.4521539211273193,-0.03,0.2450718730688095,-0.08009767532348633
1.5435540676116943,-0.022817326709628105,0.6487454175949097,-0.04524856060743332,0.00011757664469769225,0.5826837420463562,-0.8114383220672607,-0.12145065516233444,0.1468910425901413,0.40072113275527954,0.6464362144470215,-0.08133064955472946,-0.49166834354400635,-0.5464156270027161,0.06,0.5440239310264587,0.876787543296814,-0.03151670843362808,-0.3070180118083954,-0.1362404078245163,-0.55349200963974,0.3336540758609772,0.058753322809934616,0.7023540735244751,-1.5677248239517212,-0.03,0.28450748324394226,-0.0835970863699913
1.543850302696228,-0.024383872747421265,0.6472460031509399,-0.04906391724944115,0.002291975310072303,0.5801441073417664,-0.8130314350128174,-0.12360839545726776,0.13833217322826385,0.3976704776287079,0.6514540910720825,-0.07510772347450256,-0.49576064944267273,-0.5553779006004333,0.06,0.543034553527832,0.8996873497962952,-0.031697988510131836,-0.32225459814071655,-0.17397598922252655,-0.47533923387527466,0.35181164741516113,0.04705723002552986,0.7388070821762085,-1.6776525974273682,-0.03,0.3236803412437439,-0.08277366310358047
1.5445103645324707,-0.025681152939796448,0.6460036039352417,-0.05238844081759453,0.004093957133591175,0.5761557221412659,-0.8156489133834839,-0.12761542201042175,0.13015465438365936,0.3908853530883789,0.6566067934036255,-0.06829450279474258,-0.49928706884384155,-0.5633333921432495,0.06,0.5388221740722656,0.9193597435951233,-0.03156575188040733,-0.33672016859054565,-0.21390165388584137,-0.3993070125579834,0.3621319830417633,0.050842247903347015,0.771219789981842,-1.7802170515060425,-0.03,0.36142659187316895,-0.08528947830200195
1.5454578399658203,-0.026594720780849457,0.6448809504508972,-0.05599309876561165,0.005605967715382576,0.571537971496582,-0.8186436891555786,-0.13328491151332855,0.12077313661575317,0.382232129573822,0.6610782742500305,-0.06197623163461685,-0.5019479990005493,-0.5723481178283691,0.06,0.5355809926986694,0.9385731220245361,-0.027610061690211296,-0.3511658012866974,-0.25797125697135925,-0.3249601721763611,0.37036511301994324,0.07138009369373322,0.8024277687072754,-1.8758734464645386,-0.03,0.39498308300971985,-0.08395306020975113
1.5465675592422485,-0.027057500556111336,0.643789529800415,-0.05995803698897362,0.006688622757792473,0.5677840113639832,-0.8209637403488159,-0.1394912600517273,0.11044447124004364,0.3746103048324585,0.6644195318222046,-0.058259740471839905,-0.5040271878242493,-0.5829227566719055,0.06,0.5378923416137695,0.958033561706543,-0.01674349047243595,-0.36455801129341125,-0.3029954135417938,-0.25382882356643677,0.3787279427051544,0.10284024477005005,0.8361631035804749,-1.9633933305740356,-0.03,0.4205573797225952,-0.0800609141588211
1.5477778911590576,-0.027025673538446426,0.6426683068275452,-0.06417430937290192,0.00727457832545042,0.5655110478401184,-0.8222079873085022,-0.14572826027870178,0.09940491616725922,0.3681870996952057,0.6663351058959961,-0.05992072448134422,-0.5056195259094238,-0.5950028300285339,0.06,0.5471173524856567,0.9777531623840332,0.0013817147118970752,-0.37658968567848206,-0.34567585587501526,-0.18726254999637604,0.3869793117046356,0.13967005908489227,0.8740565180778503,-2.0414793491363525,-0.03,0.438417911529541,-0.07688217610120773
1.5492146015167236,-0.026526164263486862,0.6414951086044312,-0.0665593221783638,0.008200018666684628,0.5644988417625427,-0.822705090045929,-0.14903613924980164,0.09059284627437592,0.3612613081932068,0.6693028211593628,-0.06897284835577011,-0.5085352659225464,-0.6033976674079895,0.06,0.5598202347755432,0.9963393211364746,0.02639741078019142,-0.38752681016921997,-0.382845938205719,-0.12312720715999603,0.39447131752967834,0.17662806808948517,0.9137817025184631,-2.0922281742095947,-0.03,0.4515987038612366,-0.051597993820905685
1.5507900714874268,-0.025318928062915802,0.6402158141136169,-0.07024870067834854,0.008167506195604801,0.5639533400535583,-0.8227726817131042,-0.15629306435585022,0.07934736460447311,0.3528616726398468,0.6713696718215942,-0.08247493952512741,-0.5104027986526489,-0.616209864616394,0.06,0.5775572657585144,1.0154169797897339,0.05453929305076599,-0.3974568545818329,-0.41930344700813293,-0.06255774199962616,0.4014001190662384,0.217734232544899,0.9519283175468445,-2.1375064849853516,-0.03,0.46294692158699036,-0.0338815338909626
1.5525156259536743,-0.023676104843616486,0.6389027833938599,-0.07444135844707489,0.00793835986405611,0.5638331770896912,-0.8224886655807495,-0.1644917130470276,0.06666003912687302,0.3447873592376709,0.672798752784729,-0.09708859771490097,-0.5119275450706482,-0.6300713419914246,0.06,0.5981464385986328,1.033940076828003,0.08302736282348633,-0.4066236913204193,-0.4552273452281952,-0.004526072181761265,0.4066973626613617,0.25928741693496704,0.9887126088142395,-2.176910877227783,-0.03,0.468793123960495,-0.021968279033899307
1.5543725490570068,-0.021792571991682053,0.6376661062240601,-0.07823976129293442,0.008012090809643269,0.5643825531005859,-0.8217582106590271,-0.17105083167552948,0.05420922487974167,0.3391800820827484,0.6738924384117126,-0.11059245467185974,-0.5136573910713196,-0.6419917941093445,0.06,0.619902491569519,1.050534725189209,0.11055485159158707,-0.41477465629577637,-0.4890771806240082,0.047813739627599716,0.4090425968170166,0.29527708888053894,1.0229792594909668,-2.2079458236694336,-0.03,0.4645782709121704,-0.01598886400461197
1.5563488006591797,-0.01961613819003105,0.636504054069519,-0.08102554082870483,0.00866335816681385,0.5657631158828735,-0.8205314874649048,-0.17531560361385345,0.04316307231783867,0.33591142296791077,0.6763435006141663,-0.12017545849084854,-0.5167896747589111,-0.6506478786468506,0.06,0.6415618062019348,1.0645785331726074,0.13571520149707794,-0.42150261998176575,-0.5176429152488708,0.08714095503091812,0.40715041756629944,0.317402184009552,1.050348162651062,-2.2245125770568848,-0.03,0.45426368713378906,-0.012578236870467663
1.5585087537765503,-0.01691235601902008,0.6353641748428345,-0.08304969221353531,0.009984721429646015,0.5677637457847595,-0.8189305663108826,-0.17854446172714233,0.032311469316482544,0.3331461548805237,0.6807906031608582,-0.12521520256996155,-0.5213952660560608,-0.6570726633071899,0.06,0.6625348925590515,1.0764656066894531,0.15672902762889862,-0.4266841411590576,-0.5380491018295288,0.10590046644210815,0.4002828896045685,0.3209984004497528,1.0654828548431396,-2.2224669456481934,-0.03,0.4486795961856842,-0.007577825337648392
1.5609406232833862,-0.013542529195547104,0.6342276334762573,-0.08477666229009628,0.012115969322621822,0.5701857209205627,-0.817039966583252,-0.18134705722332,0.019948193803429604,0.3311406970024109,0.6860910654067993,-0.12814629077911377,-0.5261843204498291,-0.6622588634490967,0.06,0.6835824251174927,1.0869641304016113,0.17402923107147217,-0.43066099286079407,-0.5492691993713379,0.10062190145254135,0.38878023624420166,0.30723443627357483,1.0673333406448364,-2.2009358406066895,-0.03,0.4562080502510071,0.002268710173666477
1.5636457204818726,-0.009557515382766724,0.6331465244293213,-0.08616898953914642,0.015127679333090782,0.572665810585022,-0.8151072263717651,-0.18282152712345123,0.0060265446081757545,0.33109819889068604,0.6903432011604309,-0.13297462463378906,-0.529749870300293,-0.6659609079360962,0.06,0.7045543193817139,1.096197485923767,0.18930673599243164,-0.4338100552558899,-0.5528017282485962,0.07190148532390594,0.37459510564804077,0.28143495321273804,1.0605536699295044,-2.1604039669036865,-0.03,0.4802117645740509,0.020071202889084816
1.5665292739868164,-0.005157919134944677,0.6322618722915649,-0.0871300995349884,0.018853889778256416,0.5749761462211609,-0.8132988810539246,-0.18331344425678253,-0.006361507810652256,0.3365096151828766,0.6968898773193359,-0.13248926401138306,-0.5335829257965088,-0.6676377654075623,0.06,0.7253704071044922,1.1035517454147339,0.2048431634902954,-0.4362388849258423,-0.550477921962738,0.02303663082420826,0.35987553000450134,0.24879001080989838,1.0498626232147217,-2.1029746532440186,-0.03,0.5192090272903442,0.04685797169804573
1.569409728050232,-0.000508627388626337,0.6314693689346313,-0.08734027296304703,0.021928733214735985,0.5768187046051025,-0.8118934631347656,-0.1854754239320755,-0.014852057211101055,0.34788116812705994,0.7056392431259155,-0.11924462020397186,-0.5374124646186829,-0.6689497828483582,0.06,0.7439959049224854,1.1083656549453735,0.22060327231884003,-0.43726035952568054,-0.5419081449508667,-0.04217211902141571,0.3475872576236725,0.21266141533851624,1.0359357595443726,-2.0319600105285645,-0.03,0.5683727264404297,0.07330410927534103
1.5720187425613403,0.0042962078005075455,0.6305927038192749,-0.08705504983663559,0.024122076109051704,0.5778924226760864,-0.8110979199409485,-0.19198869168758392,-0.020691458135843277,0.35506471991539,0.7188109159469604,-0.10930786281824112,-0.542127788066864,-0.6713890433311462,0.06,0.7591668963432312,1.1118159294128418,0.23484721779823303,-0.43704456090927124,-0.5311909317970276,-0.1184467002749443,0.33913782238960266,0.1796705573797226,1.0189311504364014,-1.952996850013733,-0.03,0.6148551106452942,0.10590096563100815
1.5742136240005493,0.009106338955461979,0.6295755505561829,-0.08649532496929169,0.02540493756532669,0.5787201523780823,-0.8105282783508301,-0.20187288522720337,-0.023776423186063766,0.3603135049343109,0.7351523637771606,-0.10009477287530899,-0.5478507876396179,-0.6754051446914673,0.06,0.7713451981544495,1.1142597198486328,0.24,-0.4352947771549225,-0.5190345048904419,-0.20167283713817596,0.33529964089393616,0.15319913625717163,0.9978064298629761,-1.8691133260726929,-0.03,0.6528299450874329,0.13854609429836273
1.5759869813919067,0.013767516240477562,0.6285598874092102,-0.08589544892311096,0.025980839505791664,0.5797476768493652,-0.809839129447937,-0.21318015456199646,-0.025027647614479065,0.36498191952705383,0.7518102526664734,-0.09206526726484299,-0.5533648133277893,-0.680497407913208,0.06,0.7815802693367004,1.115256905555725,0.24,-0.43179789185523987,-0.504484236240387,-0.2889111638069153,0.3354603052139282,0.13395975530147552,0.9712416529655457,-1.7818745374679565,-0.03,0.6848451495170593,0.1651460826396942
1.5773444175720215,0.018099065870046616,0.6276459097862244,-0.08510451763868332,0.026202965527772903,0.5814933180809021,-0.8086630702018738,-0.22361192107200623,-0.024524541571736336,0.37079522013664246,0.767189085483551,-0.08521992713212967,-0.5585100054740906,-0.6851500272750854,0.06,0.7912932634353638,1.114742636680603,0.24,-0.4268305003643036,-0.48611512780189514,-0.3777642846107483,0.3387453258037567,0.12033023685216904,0.9387529492378235,-1.691680908203125,-0.03,0.7143044471740723,0.18685969710350037
1.5782827138900757,0.022058280184864998,0.62685626745224,-0.08405861258506775,0.026128841564059258,0.5838006138801575,-0.8071109652519226,-0.23301684856414795,-0.022240767255425453,0.37731242179870605,0.7812421321868896,-0.07954242080450058,-0.56308513879776,-0.689079225063324,0.06,0.8002810478210449,1.1128700971603394,0.24,-0.42068350315093994,-0.46406078338623047,-0.46889403462409973,0.3441072404384613,0.1099720224738121,0.9007313251495361,-1.5987297296524048,-0.03,0.7407229542732239,0.2099335789680481
1.5787585973739624,0.02568688988685608,0.6261342763900757,-0.08285736292600632,0.02542586624622345,0.5861895680427551,-0.8055246472358704,-0.2432226836681366,-0.017922282218933105,0.3828445076942444,0.7952833771705627,-0.07505835592746735,-0.5673645734786987,-0.6933643221855164,0.06,0.807281494140625,1.1098275184631348,0.24,-0.4133481979370117,-0.4389488995075226,-0.5648291110992432,0.35005250573158264,0.10103987157344818,0.857957124710083,-1.5030220746994019,-0.03,0.7587571144104004,0.2382556051015854
1.5787534713745117,0.028991922736167908,0.6254555583000183,-0.08159151673316956,0.023649340495467186,0.5885278582572937,-0.8040014505386353,-0.2557443082332611,-0.011105678044259548,0.3865829110145569,0.8101801872253418,-0.07177988439798355,-0.5715859532356262,-0.6989738941192627,0.06,0.8115676045417786,1.1053342819213867,0.24,-0.4044630229473114,-0.4101027548313141,-0.6668471097946167,0.3541682958602905,0.09274625778198242,0.8086234927177429,-1.4034318923950195,-0.03,0.762160062789917,0.26862040162086487
1.5783398151397705,0.031950417906045914,0.624875545501709,-0.08048360794782639,0.02057098224759102,0.5905144214630127,-0.8027401566505432,-0.27124422788619995,-0.0022798969876021147,0.38780319690704346,0.8254207372665405,-0.06948824226856232,-0.5753502249717712,-0.7066242694854736,0.06,0.8119360208511353,1.0988216400146484,0.24,-0.39377182722091675,-0.37728703022003174,-0.775032103061676,0.35308754444122314,0.0856451615691185,0.7503101229667664,-1.2986499071121216,-0.03,0.7470012903213501,0.2948283553123474
1.5776256322860718,0.034538283944129944,0.6244140267372131,-0.0798325389623642,0.016116326674818993,0.5917243361473083,-0.8020156621932983,-0.2902348041534424,0.007568263448774815,0.3857164680957794,0.840423047542572,-0.06781251728534698,-0.578240156173706,-0.7168691754341125,0.06,0.807939887046814,1.0904104709625244,0.24,-0.3816998302936554,-0.3405783474445343,-0.8887559175491333,0.34321364760398865,0.0796569362282753,0.6827035546302795,-1.1886063814163208,-0.03,0.7117612957954407,0.31197166442871094
1.5767215490341187,0.03669260814785957,0.6240476369857788,-0.07976272702217102,0.0104440376162529,0.5918548703193665,-0.802020251750946,-0.3125104010105133,0.01752043142914772,0.37985938787460327,0.8548365831375122,-0.0665556788444519,-0.580165684223175,-0.7294797301292419,0.06,0.8001930117607117,1.0809611082077026,0.24,-0.36935335397720337,-0.3000437319278717,-1.0060973167419434,0.3217017650604248,0.07251200079917908,0.6068809032440186,-1.0745444297790527,-0.03,0.6572116613388062,0.3197499215602875
1.5757125616073608,0.038300320506095886,0.6236805319786072,-0.08004201948642731,0.003979968372732401,0.5909817814826965,-0.8026942014694214,-0.3368176817893982,0.027329033240675926,0.3705725371837616,0.8689789772033691,-0.06581906974315643,-0.5817432403564453,-0.7433136105537415,0.06,0.7896381616592407,1.071830153465271,0.2315501719713211,-0.358013391494751,-0.25575655698776245,-1.1247180700302124,0.28732195496559143,0.060474179685115814,0.5271753668785095,-0.958450973033905,-0.03,0.5863522291183472,0.3240682780742645
1.5746783018112183,0.03926427662372589,0.6232169270515442,-0.08037575334310532,-0.002751720603555441,0.5895213484764099,-0.8037391901016235,-0.36133092641830444,0.036987368017435074,0.3590356409549713,0.8831162452697754,-0.06585702300071716,-0.5837656259536743,-0.7570157051086426,0.06,0.7771798968315125,1.0641021728515625,0.2152773141860962,-0.3485168516635895,-0.20837296545505524,-1.2419672012329102,0.24142028391361237,0.042303282767534256,0.448230504989624,-0.8421057462692261,-0.03,0.5052306652069092,0.33251938223838806
1.5736829042434692,0.03955317288637161,0.6225867867469788,-0.08061923831701279,-0.00932983960956335,0.5878586173057556,-0.8048824071884155,-0.3846581280231476,0.04640185832977295,0.3463969826698303,0.8973671793937683,-0.0668456107378006,-0.5867831110954285,-0.7698730230331421,0.06,0.7632262706756592,1.0583350658416748,0.19658276438713074,-0.34114524722099304,-0.15947681665420532,-1.3549385070800781,0.18828850984573364,0.018651336431503296,0.3720819652080536,-0.7266640067100525,-0.03,0.4216518998146057,0.35028961300849915
1.572715401649475,0.03917659446597099,0.6216930150985718,-0.08049354702234268,-0.015530433505773544,0.5863777995109558,-0.8058786392211914,-0.4061395227909088,0.056250181049108505,0.33338743448257446,0.9126582145690918,-0.06896553188562393,-0.5900000000000001,-0.7813267111778259,0.06,0.7474201321601868,1.0546879768371582,0.17368529736995697,-0.33580833673477173,-0.11071183532476425,-1.461563229560852,0.13380393385887146,-0.010714143514633179,0.30143019556999207,-0.6125891804695129,-0.030341504141688347,0.3426153063774109,0.3800831735134125
1.5717419385910034,0.03818219527602196,0.6205161213874817,-0.07968037575483322,-0.0212257020175457,0.5853508114814758,-0.8065758943557739,-0.425273060798645,0.06728863716125488,0.3203602135181427,0.9294993877410889,-0.07237690687179565,-0.5900000000000001,-0.7906730771064758,0.06,0.7295724749565125,1.0527198314666748,0.14576859772205353,-0.3321341276168823,-0.06359031796455383,-1.5607904195785522,0.08272337913513184,-0.046115681529045105,0.24014821648597717,-0.5006479620933533,-0.07204613089561462,0.27361154556274414,0.4227138161659241
1.57073974609375,0.03671438246965408,0.6192041635513306,-0.07818637788295746,-0.026539271697402,0.5848484039306641,-0.8069292902946472,-0.4421840012073517,0.07953497767448425,0.30732429027557373,0.947079062461853,-0.07732663303613663,-0.5900000000000001,-0.7982790470123291,0.06,0.7111591100692749,1.052551031112671,0.12001429498195648,-0.3303421437740326,-0.019155604764819145,-1.6528972387313843,0.03718274459242821,-0.08706439286470413,0.19121712446212769,-0.3931578993797302,-0.10962745547294617,0.21736742556095123,0.4759715497493744
1.569732427597046,0.03489075228571892,0.6181670427322388,-0.07630456238985062,-0.03132617101073265,0.5837353467941284,-0.8077433705329895,-0.45645517110824585,0.09087824821472168,0.2927555441856384,0.9619418978691101,-0.08301039785146713,-0.5900000000000001,-0.805113673210144,0.06,0.6930290460586548,1.0548067092895508,0.11195643246173859,-0.32997560501098633,0.019263578578829765,-1.7372515201568604,0.03,-0.13170936703681946,0.15264704823493958,-0.29191499948501587,-0.1425195187330246,0.1755131185054779,0.5330820679664612
1.568971872329712,0.03293221443891525,0.6176331639289856,-0.07476912438869476,-0.035165995359420776,0.5810810923576355,-0.8096403479576111,-0.4674087166786194,0.09835206717252731,0.2776365876197815,0.9712516069412231,-0.08689109236001968,-0.5900000000000001,-0.8113234639167786,0.06,0.6715717911720276,1.056000828742981,0.10468816757202148,-0.3315885663032532,0.05092841386795044,-1.8135100603103638,0.03,-0.17738370597362518,0.12183284014463425,-0.1983654499053955,-0.17143908143043518,0.14572429656982422,0.5881625413894653
1.5682321786880493,0.03086782991886139,0.6173670291900635,-0.07330392301082611,-0.038837630301713943,0.5793221592903137,-0.8108661770820618,-0.4758450984954834,0.10559026896953583,0.26451575756073,0.9775885343551636,-0.09220591932535172,-0.5900000000000001,-0.816340982913971,0.06,0.6508476138114929,1.0552607774734497,0.09676370024681091,-0.3319935202598572,0.08317294716835022,-1.8830946683883667,0.03,-0.22322165966033936,0.096463143825531,-0.11328203976154327,-0.19567668437957764,0.1254005879163742,0.6383963227272034
1.5674914121627808,0.028659803792834282,0.6172963976860046,-0.07183930277824402,-0.04217240586876869,0.5782772302627563,-0.811576247215271,-0.48168617486953735,0.11291422694921494,0.25380662083625793,0.9817706942558289,-0.09763956815004349,-0.5900000000000001,-0.8198111057281494,0.06,0.6311581134796143,1.0532625913619995,0.08863390982151031,-0.33194515109062195,0.1156291738152504,-1.9470573663711548,0.03,-0.2669834494590759,0.07670607417821884,-0.036250509321689606,-0.21543370187282562,0.1125832200050354,0.6839795112609863
1.566672682762146,0.026295652613043785,0.6172710061073303,-0.07034976780414581,-0.04509511590003967,0.5773267149925232,-0.8122259378433228,-0.48589012026786804,0.11995755881071091,0.2435975819826126,0.9849410653114319,-0.10344832390546799,-0.5900000000000001,-0.8219969272613525,0.06,0.6122140288352966,1.0515251159667969,0.08051251620054245,-0.33248937129974365,0.14645694196224213,-2.0057528018951416,0.03,-0.30582594871520996,0.06096494942903519,0.03316282108426094,-0.23000675439834595,0.10551652312278748,0.7240331172943115
1.5657434463500977,0.02380795031785965,0.6171591877937317,-0.0688084065914154,-0.047590482980012894,0.5760130286216736,-0.813147783279419,-0.48942479491233826,0.12655149400234222,0.2326860874891281,0.9882146120071411,-0.10930819064378738,-0.5900000000000001,-0.8231533765792847,0.06,0.5943312644958496,1.0511572360992432,0.07257012277841568,-0.33436843752861023,0.1745123416185379,-2.0589334964752197,0.03,-0.338515043258667,0.04785391315817833,0.09499850124120712,-0.239213228225708,0.10356134176254272,0.7580834627151489
1.5647282600402832,0.021285071969032288,0.6168678998947144,-0.06722657382488251,-0.04959676042199135,0.5739502310752869,-0.8146175146102905,-0.49308034777641296,0.13226468861103058,0.22010038793087006,0.992424726486206,-0.11495863646268845,-0.5900000000000001,-0.8235220909118652,0.06,0.5774455070495605,1.0529450178146362,0.06492684781551361,-0.3379646837711334,0.19917604327201843,-2.105125904083252,0.03,-0.36474284529685974,0.03499460220336914,0.1484519988298416,-0.24313384294509888,0.10661324858665466,0.7855494022369385
1.563584566116333,0.01885485090315342,0.6162928938865662,-0.06599289178848267,-0.050955723971128464,0.5710484385490417,-0.8166714310646057,-0.49733513593673706,0.13618673384189606,0.20611131191253662,0.9977664351463318,-0.12005818635225296,-0.5900000000000001,-0.8241568207740784,0.06,0.5616933703422546,1.0579012632369995,0.05723504722118378,-0.3437137305736542,0.21900752186775208,-2.142263174057007,0.03,-0.3858451247215271,0.01710779406130314,0.19153781235218048,-0.2427244782447815,0.11630135029554367,0.804253876209259
1.5624275207519531,0.016641410067677498,0.6154050230979919,-0.06470756232738495,-0.05186844617128372,0.5673326849937439,-0.8193022012710571,-0.5028767585754395,0.13921545445919037,0.19052039086818695,1.0054584741592407,-0.12383772432804108,-0.5900000000000001,-0.8250659108161926,0.06,0.5475164651870728,1.0654598474502563,0.05061129480600357,-0.35077428817749023,0.23686212301254272,-2.1694321632385254,0.03,-0.39839473366737366,0.0012329353485256433,0.2241496592760086,-0.23834320902824402,0.1295289397239685,0.8130671977996826
1.561301350593567,0.014715422876179218,0.6141476035118103,-0.06298936903476715,-0.05227578058838844,0.5635553002357483,-0.8220127820968628,-0.5090851783752441,0.14286018908023834,0.17529138922691345,1.0166231393814087,-0.12548549473285675,-0.5900000000000001,-0.8260807394981384,0.06,0.5327420830726624,1.0751334428787231,0.0437840074300766,-0.3587123155593872,0.2554434537887573,-2.1835954189300537,0.03,-0.40101271867752075,-0.007381115108728409,0.24628695845603943,-0.23145434260368347,0.145858496427536,0.8106172680854797
1.5602654218673706,0.0131067568436265,0.6125331521034241,-0.060927409678697586,-0.05185065418481827,0.5598971843719482,-0.8246904611587524,-0.5146670937538147,0.14619633555412292,0.16051065921783447,1.0302033424377441,-0.12678159773349762,-0.5900000000000001,-0.8268153071403503,0.06,0.5187957882881165,1.0873593091964722,0.03802864998579025,-0.36769306659698486,0.2747710049152374,-2.180501937866211,0.03,-0.39209216833114624,-0.008114764466881752,0.25688251852989197,-0.2243790179491043,0.16360165178775787,0.795490026473999
1.559407114982605,0.011857711710035801,0.6106231212615967,-0.05883745476603508,-0.05075296387076378,0.5566462874412537,-0.8271076679229736,-0.5194452404975891,0.1486024260520935,0.14671404659748077,1.0451074838638306,-0.1286853849887848,-0.5900000000000001,-0.8277134895324707,0.06,0.5066662430763245,1.101562261581421,0.03327804058790207,-0.37733155488967896,0.2943952679634094,-2.160259485244751,0.03,-0.3733907639980316,-0.007358026225119829,0.2534140348434448,-0.22005987167358398,0.18063253164291382,0.7681528329849243
1.5587666034698486,0.011009031906723976,0.608452558517456,-0.056746382266283035,-0.04893181845545769,0.5539385080337524,-0.8291788101196289,-0.522940993309021,0.1498240828514099,0.13409337401390076,1.0608214139938354,-0.1318656951189041,-0.5900000000000001,-0.8286210298538208,0.06,0.49677595496177673,1.1175000667572021,0.029638975858688354,-0.38741639256477356,0.31307607889175415,-2.1221864223480225,0.03,-0.3469242453575134,0.0016180857783183455,0.23353976011276245,-0.22077113389968872,0.1951133757829666,0.7302120327949524
1.5583491325378418,0.010536152869462967,0.6060991883277893,-0.05456267297267914,-0.04645395651459694,0.55176842212677,-0.8309131264686584,-0.525002658367157,0.15024924278259277,0.1229948028922081,1.0771161317825317,-0.13563798367977142,-0.5900000000000001,-0.8291431069374084,0.06,0.48888570070266724,1.1344712972640991,0.02697928063571453,-0.3976854979991913,0.32948359847068787,-2.067277193069458,0.03,-0.3158819079399109,0.02244209125638008,0.1964944750070572,-0.22702619433403015,0.2048625946044922,0.6827755570411682
1.5580955743789673,0.010332951322197914,0.6037095785140991,-0.05202428624033928,-0.0435049943625927,0.5499346256256104,-0.832449734210968,-0.5256683230400085,0.15060751140117645,0.11289560049772263,1.0935871601104736,-0.13956159353256226,-0.5900000000000001,-0.8285674452781677,0.06,0.4818747341632843,1.1512537002563477,0.02504870295524597,-0.40767571330070496,0.34237608313560486,-1.9971328973770142,0.03,-0.2839798927307129,0.05405125766992569,0.14336895942687988,-0.23652859032154083,0.20663510262966156,0.6276713013648987
1.5579249858856201,0.010369597002863884,0.6013505458831787,-0.04914112389087677,-0.0406130775809288,0.5480812191963196,-0.8339918851852417,-0.5265411138534546,0.1509375125169754,0.10190863162279129,1.110121488571167,-0.1444224715232849,-0.5900000000000001,-0.8275293707847595,0.06,0.47464248538017273,1.1669942140579224,0.023513151332736015,-0.41694992780685425,0.350628137588501,-1.9146788120269775,0.03,-0.2540724277496338,0.09268301725387573,0.07611829042434692,-0.24622194468975067,0.19948044419288635,0.5678772926330566
1.5578758716583252,0.010678015649318695,0.5990074872970581,-0.04627734795212746,-0.038114286959171295,0.5461714267730713,-0.8355251550674438,-0.528709888458252,0.15066251158714294,0.08984444290399551,1.1265830993652344,-0.15038903057575226,-0.5900000000000001,-0.8272213935852051,0.06,0.4676813781261444,1.1818259954452515,0.022482573986053467,-0.42541050910949707,0.353953093290329,-1.8222543001174927,0.03,-0.22642534971237183,0.1350102573633194,-0.0028962059877812862,-0.2540490925312042,0.18602988123893738,0.505807101726532
1.5580720901489258,0.011230042204260826,0.5966190099716187,-0.04381564259529114,-0.03590673208236694,0.5444288849830627,-0.8368918299674988,-0.5317345261573792,0.14912427961826324,0.07804407924413681,1.1427875757217407,-0.15706373751163483,-0.5900000000000001,-0.8281651735305786,0.06,0.4625249207019806,1.1966923475265503,0.022657891735434532,-0.4336121380329132,0.35222887992858887,-1.7211631536483765,0.03,-0.19939589500427246,0.17976708710193634,-0.09183788299560547,-0.25889852643013,0.1718042641878128,0.442844957113266
1.5585368871688843,0.011854864656925201,0.5941769480705261,-0.04187001287937164,-0.033823657780885696,0.54301917552948,-0.8379934430122375,-0.5351847410202026,0.14789345860481262,0.07014227658510208,1.1599130630493164,-0.15826503932476044,-0.5900000000000001,-0.8300947546958923,0.06,0.4595288038253784,1.21211576461792,0.02376861870288849,-0.4421595633029938,0.34483855962753296,-1.6124141216278076,0.03,-0.17125797271728516,0.22564423084259033,-0.18991830945014954,-0.25943151116371155,0.16236869990825653,0.3796164095401764
1.5592328310012817,0.012429492548108101,0.5917325615882874,-0.04050202667713165,-0.03198217228055,0.5418213605880737,-0.8389078378677368,-0.5387042760848999,0.1465483009815216,0.06533095240592957,1.1761929988861084,-0.1571684628725052,-0.5900000000000001,-0.8329077959060669,0.06,0.4585159122943878,1.227695107460022,0.02607925422489643,-0.45070698857307434,0.3305177390575409,-1.4974696636199951,0.03,-0.14016227424144745,0.26973867416381836,-0.29753097891807556,-0.2538321614265442,0.16101816296577454,0.31581225991249084
1.5602220296859741,0.012883255258202553,0.589372992515564,-0.03971443697810173,-0.030406974256038666,0.5410388112068176,-0.8395087718963623,-0.5416879057884216,0.14429490268230438,0.062097396701574326,1.1911503076553345,-0.15648064017295837,-0.5900000000000001,-0.8363080024719238,0.06,0.4594728350639343,1.2430700063705444,0.028814736753702164,-0.45947107672691345,0.3091680407524109,-1.378065824508667,0.03,-0.10425642132759094,0.3105441927909851,-0.4151407778263092,-0.23971030116081238,0.16696764528751373,0.2521793246269226
1.5615700483322144,0.013158194720745087,0.5870524048805237,-0.03950953483581543,-0.029075371101498604,0.5405850410461426,-0.8398579359054565,-0.5439838767051697,0.14152196049690247,0.06136414036154747,1.2048943042755127,-0.15459322929382324,-0.5900000000000001,-0.8402156829833984,0.06,0.46255356073379517,1.258615255355835,0.03245939686894417,-0.46879836916923523,0.28080764412879944,-1.2567417621612549,0.03,-0.06321506947278976,0.3494078814983368,-0.5429902076721191,-0.21523769199848175,0.1766374409198761,0.19194331765174866
1.5633610486984253,0.01330393273383379,0.5847002863883972,-0.040015142410993576,-0.028031419962644577,0.5405024886131287,-0.8399225473403931,-0.5459582805633545,0.13771235942840576,0.06282882392406464,1.2178595066070557,-0.15215465426445007,-0.5900000000000001,-0.8450939655303955,0.06,0.4682234823703766,1.274792194366455,0.03717411309480667,-0.4788605868816376,0.24647551774978638,-1.1359938383102417,0.03,-0.019940616562962532,0.388251930475235,-0.6812281608581543,-0.181082621216774,0.1871083378791809,0.14119818806648254
1.5655781030654907,0.013407601974904537,0.5822643637657166,-0.041479721665382385,-0.027507349848747253,0.5406413674354553,-0.8397794961929321,-0.5488527417182922,0.13260357081890106,0.06635674834251404,1.230352759361267,-0.14861643314361572,-0.5900000000000001,-0.8519444465637207,0.06,0.476808100938797,1.2918461561203003,0.04329388216137886,-0.4895904064178467,0.20725706219673157,-1.0181382894515991,0.03240172937512398,0.020258402451872826,0.4279785752296448,-0.8296006321907043,-0.1397097408771515,0.19719620048999786,0.10612346231937408
1.5681620836257935,0.013527711853384972,0.5797131061553955,-0.04411235824227333,-0.027637245133519173,0.5409175753593445,-0.8394631147384644,-0.5534811019897461,0.1259719580411911,0.07184652984142303,1.2424702644348145,-0.14375917613506317,-0.5900000000000001,-0.8614875674247742,0.06,0.4885008633136749,1.309895634651184,0.05083605647087097,-0.5008242130279541,0.16488830745220184,-0.9049855470657349,0.07875114679336548,0.05276520922780037,0.4692256450653076,-0.9859347939491272,-0.09424041211605072,0.20732709765434265,0.08823216706514359
1.5710080862045288,0.013642679899930954,0.5771530270576477,-0.04795575141906738,-0.02824164740741253,0.5413470268249512,-0.8389552235603333,-0.5604221820831299,0.11783678829669952,0.07895304262638092,1.2555068731307983,-0.13783369958400726,-0.5900000000000001,-0.8732138276100159,0.06,0.503491997718811,1.3284997940063477,0.059813614934682846,-0.5124156475067139,0.12150508165359497,-0.7970249056816101,0.12739525735378265,0.07550014555454254,0.5129575729370117,-1.1460232734680176,-0.04783432185649872,0.2192796766757965,0.08360760658979416
1.5738314390182495,0.01362454704940319,0.5751942992210388,-0.0529978945851326,-0.028883066028356552,0.5426410436630249,-0.8377932906150818,-0.5727301239967346,0.10938569903373718,0.08684374392032623,1.276500940322876,-0.1319313794374466,-0.5900000000000001,-0.8845700621604919,0.06,0.5223666429519653,1.3440661430358887,0.06968002766370773,-0.5221533179283142,0.08017206192016602,-0.6931646466255188,0.17689909040927887,0.0901200994849205,0.5624116659164429,-1.3041468858718872,-0.03,0.23543494939804077,0.08524727076292038
1.5767821073532104,0.013375465758144855,0.5729527473449707,-0.05803888663649559,-0.02909332700073719,0.5439806580543518,-0.8365824818611145,-0.582159161567688,0.09718460589647293,0.09029091149568558,1.2953768968582153,-0.13579171895980835,-0.5900000000000001,-0.8955133557319641,0.06,0.5413603186607361,1.3616918325424194,0.07860791683197021,-0.533595860004425,0.038808807730674744,-0.5923694372177124,0.2253337800502777,0.09832631051540375,0.6207302808761597,-1.455769419670105,-0.03,0.25544241070747375,0.08925267308950424
1.57961905002594,0.012839117087423801,0.5704528093338013,-0.06263027340173721,-0.028825668618083,0.5447756052017212,-0.8357427716255188,-0.5914478302001953,0.08537106215953827,0.09220800548791885,1.3166894912719727,-0.13928711414337158,-0.5900000000000001,-0.904712438583374,0.06,0.5595252513885498,1.3804762363433838,0.08899007737636566,-0.5464892983436584,-0.004664218984544277,-0.4936167299747467,0.27003780007362366,0.10238568484783173,0.6899127960205078,-1.5975580215454102,-0.03,0.28001680970191956,0.09581178426742554
1.5821821689605713,0.012137027457356453,0.5677300691604614,-0.06648673117160797,-0.028231017291545868,0.5449996590614319,-0.8353189826011658,-0.6005860567092896,0.07527243345975876,0.09331047534942627,1.3397765159606934,-0.14056748151779175,-0.5900000000000001,-0.9125869870185852,0.06,0.5751084685325623,1.4001104831695557,0.09848423302173615,-0.5602983832359314,-0.05096729099750519,-0.39715537428855896,0.30765172839164734,0.10405290871858597,0.7681487202644348,-1.725945234298706,-0.03,0.3092213273048401,0.10510615259408951
1.5844640731811523,0.011466032825410366,0.5648285746574402,-0.06966031342744827,-0.02745525911450386,0.5449928641319275,-0.8350905776023865,-0.609827995300293,0.06702467799186707,0.09402363002300262,1.3640726804733276,-0.14025263488292694,-0.5900000000000001,-0.9199068546295166,0.06,0.5878103375434875,1.4199657440185547,0.10560788214206696,-0.5739646553993225,-0.09947945177555084,-0.3045650124549866,0.33606472611427307,0.10483717173337936,0.8496120572090149,-1.8387387990951538,-0.03,0.3425569534301758,0.11488872766494751
1.5865010023117065,0.010973650962114334,0.5618505477905273,-0.0724826455116272,-0.026617612689733505,0.544528067111969,-0.8351806998252869,-0.6196352243423462,0.059393443167209625,0.09392188489437103,1.388384222984314,-0.13937829434871674,-0.5900000000000001,-0.9269397258758545,0.06,0.5994236469268799,1.4396411180496216,0.11302333325147629,-0.5873472690582275,-0.14934085309505463,-0.21862484514713287,0.35462701320648193,0.10436170548200607,0.9270393252372742,-1.9360926151275635,-0.03,0.3805604875087738,0.11996962875127792
1.588373064994812,0.010807578451931477,0.5588672161102295,-0.07535683363676071,-0.0259829331189394,0.543844997882843,-0.8353913426399231,-0.6309729814529419,0.05178949609398842,0.09364637732505798,1.4126412868499756,-0.1379683017730713,-0.5900000000000001,-0.9348686933517456,0.06,0.6108157634735107,1.4587361812591553,0.12024477869272232,-0.5900000000000001,-0.19836938381195068,-0.1423524022102356,0.36453962326049805,0.10346579551696777,0.9941884279251099,-2.0196011066436768,-0.03,0.4221459627151489,0.11667276173830032
1.5900927782058716,0.011023642495274544,0.5560648441314697,-0.07855259627103806,-0.02565867267549038,0.5429907441139221,-0.8356627225875854,-0.6438275575637817,0.04421856626868248,0.09424828737974167,1.4357200860977173,-0.13507263362407684,-0.5900000000000001,-0.9437263011932373,0.06,0.6230795383453369,1.4762680530548096,0.12831339240074158,-0.5900000000000001,-0.24559572339057922,-0.07805061340332031,0.36848995089530945,0.10411347448825836,1.048596739768982,-2.090904951095581,-0.03,0.46332278847694397,0.10453946888446808
1.5916507244110107,0.011583667248487473,0.5535709857940674,-0.08190536499023438,-0.02552056685090065,0.5420622229576111,-0.8359478712081909,-0.6570900082588196,0.03693548962473869,0.09592393040657043,1.4565210342407227,-0.1307181417942047,-0.5900000000000001,-0.9526731967926025,0.06,0.6361018419265747,1.4915757179260254,0.13731254637241364,-0.5900000000000001,-0.290178120136261,-0.026197033002972603,0.36938393115997314,0.10735335946083069,1.0898410081863403,-2.1504578590393066,-0.03,0.4996145963668823,0.08645908534526825
1.5931007862091064,0.012393586337566376,0.5514055490493774,-0.08402252942323685,-0.02494877204298973,0.5412322282791138,-0.8362926244735718,-0.6682992577552795,0.031299326568841934,0.09684403985738754,1.476163387298584,-0.12613515555858612,-0.5900000000000001,-0.9585288763046265,0.06,0.6471399068832397,1.5042078495025635,0.1459229737520218,-0.5900000000000001,-0.32981833815574646,0.014945858158171177,0.3697532117366791,0.11214760690927505,1.117514967918396,-2.190920352935791,-0.03,0.5285621881484985,0.08093143999576569
1.5944139957427979,0.013682298362255096,0.5494903922080994,-0.08601436018943787,-0.024963656440377235,0.5402647852897644,-0.8367152214050293,-0.6812900304794312,0.025382772088050842,0.09622133523225784,1.4944013357162476,-0.12237020581960678,-0.5900000000000001,-0.9655821323394775,0.06,0.6571965217590332,1.5145801305770874,0.15374870598316193,-0.5900000000000001,-0.36503511667251587,0.043389566242694855,0.3705737590789795,0.12199634313583374,1.1323621273040771,-2.2172300815582275,-0.03,0.547461986541748,0.08311527967453003
1.5955027341842651,0.01539897546172142,0.5478272438049316,-0.08909641206264496,-0.02586362510919571,0.5391693711280823,-0.8370717167854309,-0.6969032883644104,0.0179232656955719,0.09599249809980392,1.5094355344772339,-0.11864983290433884,-0.5900000000000001,-0.9762248396873474,0.06,0.6686121821403503,1.5234328508377075,0.1610400527715683,-0.5900000000000001,-0.39769232273101807,0.059613149613142014,0.3712272346019745,0.13912451267242432,1.134554147720337,-2.237553596496582,-0.03,0.5551364421844482,0.07746180146932602
1.596344232559204,0.01745036616921425,0.5464693307876587,-0.09287203103303909,-0.02732529118657112,0.538119912147522,-0.837290346622467,-0.7133339047431946,0.009814921766519547,0.09683617204427719,1.5206289291381836,-0.11477533727884293,-0.5900000000000001,-0.9891214370727539,0.06,0.6806618571281433,1.530403971672058,0.16750583052635193,-0.5900000000000001,-0.4278380572795868,0.06429091840982437,0.3708764612674713,0.16236822307109833,1.125062346458435,-2.2501211166381836,-0.03,0.5491959452629089,0.062005721032619476
1.59689462184906,0.01976611837744713,0.5454925894737244,-0.09682705998420715,-0.028829310089349747,0.5371520519256592,-0.8374132513999939,-0.7290073037147522,0.0012847472680732608,0.09805966168642044,1.528154730796814,-0.11171904951334,-0.5900000000000001,-1.002101182937622,0.06,0.6930257678031921,1.5350366830825806,0.17405912280082703,-0.5900000000000001,-0.4549095630645752,0.055981919169425964,0.3694302439689636,0.18940883874893188,1.105025053024292,-2.250962018966675,-0.03,0.5332925915718079,0.03893626853823662
1.5971311330795288,0.022282686084508896,0.5449753403663635,-0.1004302054643631,-0.029735958203673363,0.5361544489860535,-0.8375965356826782,-0.7423291802406311,-0.007866216823458672,0.09854846447706223,1.5324121713638306,-0.11062712222337723,-0.5900000000000001,-1.0129883289337158,0.06,0.7049198746681213,1.537105917930603,0.18103636801242828,-0.5900000000000001,-0.4770545959472656,0.031447507441043854,0.3664513826370239,0.21358703076839447,1.0743368864059448,-2.236485481262207,-0.03,0.5196940302848816,0.018041430041193962
1.5970141887664795,0.02490859478712082,0.5449119210243225,-0.10320921242237091,-0.029648268595337868,0.5351969003677368,-0.8378741145133972,-0.7515575885772705,-0.017038626596331596,0.0985976904630661,1.5332664251327515,-0.11352276802062988,-0.5900000000000001,-1.0202827453613281,0.06,0.7155889868736267,1.536697268486023,0.18844446539878845,-0.5900000000000001,-0.49241939187049866,-0.010262523777782917,0.3610793352127075,0.22975532710552216,1.0316154956817627,-2.2059834003448486,-0.03,0.5192278623580933,0.009605941362679005
1.5964746475219727,0.027586959302425385,0.5452229380607605,-0.10483191907405853,-0.02869531139731407,0.5342708230018616,-0.8382968306541443,-0.7565686106681824,-0.025180045515298843,0.09745651483535767,1.5307129621505737,-0.11770700663328171,-0.5900000000000001,-1.0237599611282349,0.06,0.7241032719612122,1.5339058637619019,0.19638870656490326,-0.5900000000000001,-0.5007290840148926,-0.06763464957475662,0.353864848613739,0.23631596565246582,0.9777893424034119,-2.1597983837127686,-0.03,0.533828616142273,0.016732117161154747
1.5954604148864746,0.030304178595542908,0.5457980632781982,-0.10527296364307404,-0.027328524738550186,0.5332012176513672,-0.8389678597450256,-0.7586435675621033,-0.031791072338819504,0.09448611736297607,1.5253009796142578,-0.12236350774765015,-0.5900000000000001,-1.0246907472610474,0.06,0.729271411895752,1.529101014137268,0.20389047265052795,-0.5900000000000001,-0.5027989149093628,-0.13821706175804138,0.3464622497558594,0.23450452089309692,0.9153120517730713,-2.0986168384552,-0.03,0.5588309168815613,0.03563728183507919
1.5939996242523193,0.03304801136255264,0.5464915633201599,-0.10478108376264572,-0.02583891898393631,0.5319455862045288,-0.8398732542991638,-0.7586941719055176,-0.03684801235795021,0.08979129791259766,1.5173488855361938,-0.12595465779304504,-0.5900000000000001,-1.0246416330337524,0.06,0.730742871761322,1.523184895515442,0.20949800312519073,-0.5900000000000001,-0.4993319809436798,-0.21986158192157745,0.3401190936565399,0.22658513486385345,0.8479791283607483,-2.0238945484161377,-0.03,0.589351236820221,0.06134060397744179
1.5922132730484009,0.03581954538822174,0.547120988368988,-0.10376982390880585,-0.024355215951800346,0.5307326912879944,-0.8408098816871643,-0.7579155564308167,-0.04036486893892288,0.08478687703609467,1.5084677934646606,-0.12911711633205414,-0.5900000000000001,-1.02573823928833,0.06,0.7282402515411377,1.5176743268966675,0.20968122780323029,-0.5900000000000001,-0.4905238449573517,-0.3111298084259033,0.3354024887084961,0.2144988775253296,0.7803671956062317,-1.9385733604431152,-0.03,0.6234205961227417,0.09139211475849152
1.590061902999878,0.038593776524066925,0.5475728511810303,-0.10251052677631378,-0.02336101420223713,0.530008852481842,-0.841448962688446,-0.7598839402198792,-0.04117560759186745,0.07964734733104706,1.502677083015442,-0.13088421523571014,-0.5900000000000001,-1.0281050205230713,0.06,0.7243456840515137,1.5123069286346436,0.2081885188817978,-0.585785984992981,-0.47667965292930603,-0.41033151745796204,0.33439168334007263,0.20030033588409424,0.7170405387878418,-1.8466352224349976,-0.03,0.6577950716018677,0.12509919703006744
1.5875470638275146,0.041292838752269745,0.5478407144546509,-0.10119325667619705,-0.023193785920739174,0.5298409461975098,-0.8417187929153442,-0.7670161128044128,-0.03896478936076164,0.0739455446600914,1.5024702548980713,-0.1308826506137848,-0.5900000000000001,-1.0320841073989868,0.06,0.7197113037109375,1.50673246383667,0.20609058439731598,-0.5744938254356384,-0.45913752913475037,-0.5140644311904907,0.3389747440814972,0.18703210353851318,0.6589600443840027,-1.752175211906433,-0.03,0.6876715421676636,0.16195368766784668
1.5848307609558105,0.043768998235464096,0.5480329990386963,-0.099761001765728,-0.02377619594335556,0.5303378701210022,-0.841560423374176,-0.7781798839569092,-0.0338248685002327,0.06799778342247009,1.5070581436157227,-0.1294541358947754,-0.5900000000000001,-1.0372973680496216,0.06,0.713577151298523,1.5007967948913574,0.201715886592865,-0.562305212020874,-0.43796777725219727,-0.6177323460578918,0.34888723492622375,0.17552363872528076,0.6035252213478088,-1.657768964767456,-0.03,0.708836555480957,0.197785422205925
1.5820740461349487,0.04584888368844986,0.5483738780021667,-0.09811920672655106,-0.02474561147391796,0.5310348868370056,-0.8412859439849854,-0.7900058031082153,-0.02697271667420864,0.061627328395843506,1.5125247240066528,-0.1265743225812912,-0.5900000000000001,-1.0419590473175049,0.06,0.7057256698608398,1.4938338994979858,0.19616945087909698,-0.5501227378845215,-0.41364869475364685,-0.7178349494934082,0.3615078628063202,0.16488374769687653,0.548087477684021,-1.5649936199188232,-0.03,0.7180269956588745,0.22907346487045288
1.579565167427063,0.047498248517513275,0.5492790341377258,-0.096585214138031,-0.02540687844157219,0.5302570462226868,-0.8419342041015625,-0.7983216047286987,-0.02219301275908947,0.055037010461091995,1.512750506401062,-0.12226169556379318,-0.5900000000000001,-1.045006275177002,0.06,0.6953082084655762,1.4857133626937866,0.18878529965877533,-0.5395836234092712,-0.38865670561790466,-0.8132734298706055,0.371966689825058,0.15368156135082245,0.49103298783302307,-1.475296139717102,-0.03,0.714215874671936,0.25513026118278503
1.5771594047546387,0.048763442784547806,0.5507091283798218,-0.094967782497406,-0.02638549730181694,0.5295965671539307,-0.8425036668777466,-0.802803099155426,-0.016108034178614616,0.0507897287607193,1.5070242881774902,-0.1171891838312149,-0.5900000000000001,-1.0455785989761353,0.06,0.6854251623153687,1.4744819402694702,0.18416467308998108,-0.5286060571670532,-0.3580203056335449,-0.9056752920150757,0.3767806589603424,0.1409427523612976,0.4326243996620178,-1.3888906240463257,-0.03,0.696429431438446,0.27542024850845337
1.5749248266220093,0.049804769456386566,0.5526007413864136,-0.09333440661430359,-0.027902845293283463,0.5295572876930237,-0.84266197681427,-0.8037778735160828,-0.008711371570825577,0.04896840080618858,1.4954321384429932,-0.11244184523820877,-0.5900000000000001,-1.0457398891448975,0.06,0.6743925213813782,1.4606268405914307,0.17674610018730164,-0.5165770053863525,-0.3204759955406189,-0.9963780045509338,0.372717946767807,0.1279258131980896,0.374280720949173,-1.304567813873291,-0.03,0.6653338670730591,0.28889620304107666
1.572830080986023,0.0506877675652504,0.5549611449241638,-0.0916280597448349,-0.029960092157125473,0.5297413468360901,-0.8426628112792969,-0.801732063293457,-0.0008580246358178556,0.04822157695889473,1.47798752784729,-0.10836758464574814,-0.5900000000000001,-1.0447837114334106,0.06,0.6630486845970154,1.443756103515625,0.16939082741737366,-0.5035361051559448,-0.2777262032032013,-1.0855947732925415,0.35880282521247864,0.1159493625164032,0.3175669312477112,-1.220656394958496,-0.03,0.6213783025741577,0.29570436477661133
1.5708431005477905,0.051499705761671066,0.5577160120010376,-0.08979303389787674,-0.032667819410562515,0.5299416780471802,-0.8426337838172913,-0.79746413230896,0.007511715870350599,0.04816313832998276,1.4551119804382324,-0.10392041504383087,-0.5900000000000001,-1.0430371761322021,0.06,0.6511839628219604,1.4239685535430908,0.16243259608745575,-0.4894118309020996,-0.2314087599515915,-1.1737148761749268,0.3355070650577545,0.105234295129776,0.2653995752334595,-1.1365753412246704,-0.03,0.5645619630813599,0.29721465706825256
1.569000244140625,0.05231288820505142,0.5606867671012878,-0.08767388761043549,-0.03588876873254776,0.5301638245582581,-0.8425861597061157,-0.7909099459648132,0.016442421823740005,0.04878861457109451,1.4274349212646484,-0.09911754727363586,-0.5900000000000001,-1.040720820426941,0.06,0.6383702754974365,1.402169108390808,0.15499788522720337,-0.4745748043060303,-0.18296638131141663,-1.2602158784866333,0.3039700388908386,0.09495925158262253,0.22156479954719543,-1.0517323017120361,-0.035656820982694626,0.4969320297241211,0.2966783344745636
1.567352056503296,0.05314057320356369,0.5636119842529297,-0.08511193096637726,-0.039282139390707016,0.5301684737205505,-0.8426945805549622,-0.7818180322647095,0.025333434343338013,0.049428995698690414,1.3959200382232666,-0.09429388493299484,-0.5900000000000001,-1.0374749898910522,0.06,0.6250506043434143,1.3798861503601074,0.1483706533908844,-0.46002861857414246,-0.1340968757867813,-1.3436570167541504,0.26588165760040283,0.08305582404136658,0.18616130948066711,-0.9642145037651062,-0.07048293203115463,0.42285773158073425,0.29676130414009094
1.5659681558609009,0.05397813767194748,0.5661535263061523,-0.0820324644446373,-0.04260116443037987,0.5298529863357544,-0.8430370688438416,-0.7709147930145264,0.033838361501693726,0.04923100769519806,1.3624564409255981,-0.09010124951601028,-0.5900000000000001,-1.0338438749313354,0.06,0.6110450029373169,1.3593131303787231,0.14191465079784393,-0.4470006823539734,-0.08577508479356766,-1.4228501319885254,0.22342060506343842,0.06710387021303177,0.1567198783159256,-0.8717554807662964,-0.10692350566387177,0.347418874502182,0.29968273639678955
1.5648670196533203,0.05488136038184166,0.5680145025253296,-0.07858423888683319,-0.04580191522836685,0.5288925766944885,-0.8438005447387695,-0.7590863108634949,0.04132688045501709,0.047976959496736526,1.3284379243850708,-0.0866503119468689,-0.5900000000000001,-1.0308723449707031,0.06,0.5968272089958191,1.3423246145248413,0.13656830787658691,-0.43636512756347656,-0.03942412510514259,-1.4976980686187744,0.17880818247795105,0.04612277075648308,0.13166750967502594,-0.773983359336853,-0.14433741569519043,0.27552616596221924,0.30879202485084534
1.5642448663711548,0.05563526600599289,0.5696013569831848,-0.07517369091510773,-0.048163384199142456,0.5282340049743652,-0.8443920016288757,-0.755281388759613,0.050135232508182526,0.04755091667175293,1.3127820491790771,-0.07843619585037231,-0.5900000000000001,-1.026416301727295,0.06,0.5851877331733704,1.3277151584625244,0.13288629055023193,-0.4279419779777527,0.006349701434373856,-1.565852165222168,0.1345120072364807,0.02168235369026661,0.11143028736114502,-0.6715266704559326,-0.18201331794261932,0.21265268325805664,0.3276951014995575
1.5640532970428467,0.05606754869222641,0.5711717009544373,-0.0719052255153656,-0.04939564689993858,0.5283631086349487,-0.8445247411727905,-0.7539607882499695,0.059797462075948715,0.04929459095001221,1.3076623678207397,-0.06869994103908539,-0.5900000000000001,-1.019482135772705,0.06,0.57638019323349,1.3145685195922852,0.1298876702785492,-0.42131462693214417,0.05132751166820526,-1.6272085905075073,0.09361936897039413,-0.005255864933133125,0.09821567684412003,-0.5662223696708679,-0.21705245971679688,0.15924131870269775,0.35748907923698425
1.5641692876815796,0.056477293372154236,0.5726590156555176,-0.06914305686950684,-0.0503307580947876,0.5289051532745361,-0.8443608283996582,-0.7521364688873291,0.0644630491733551,0.04590428248047829,1.3033583164215088,-0.07072319090366364,-0.5900000000000001,-1.012689471244812,0.06,0.5700374245643616,1.302439570426941,0.12758909165859222,-0.4154500961303711,0.09346368908882141,-1.68357515335083,0.057887669652700424,-0.03359554708003998,0.09040311723947525,-0.46219998598098755,-0.2474345713853836,0.11508090049028397,0.39584484696388245
1.564339280128479,0.05678172782063484,0.5740411877632141,-0.06692000478506088,-0.05127180740237236,0.5293757319450378,-0.8441883325576782,-0.7504047155380249,0.06910726428031921,0.04469987750053406,1.298888921737671,-0.07030083984136581,-0.5900000000000001,-1.0067108869552612,0.06,0.5651699304580688,1.2913399934768677,0.12623733282089233,-0.4102468490600586,0.13016007840633392,-1.7359037399291992,0.03,-0.06326580792665482,0.08698167651891708,-0.36299365758895874,-0.2719002068042755,0.08299252390861511,0.4412499964237213
1.564544916152954,0.056970179080963135,0.5752545595169067,-0.06521374732255936,-0.05220751836895943,0.5298023223876953,-0.843997061252594,-0.7489449381828308,0.07289018481969833,0.04398601874709129,1.2946574687957764,-0.06983239203691483,-0.5900000000000001,-1.0018316507339478,0.06,0.5613945722579956,1.28173828125,0.1252349317073822,-0.4058414399623871,0.16073361039161682,-1.7846776247024536,0.03,-0.09401468932628632,0.08781948685646057,-0.26999422907829285,-0.2902417778968811,0.0636959969997406,0.4884437322616577
1.5648070573806763,0.05696963518857956,0.5763117074966431,-0.06378450989723206,-0.052823759615421295,0.5303380489349365,-0.8437314629554749,-0.7466050386428833,0.07598137110471725,0.04366745799779892,1.2907639741897583,-0.07016629725694656,-0.5900000000000001,-0.9970916509628296,0.06,0.5584889054298401,1.2737865447998047,0.12417872250080109,-0.4025459885597229,0.18565091490745544,-1.8287875652313232,0.03,-0.1235998123884201,0.09189130365848541,-0.18388836085796356,-0.30207136273384094,0.05565186217427254,0.5323241353034973
1.5650333166122437,0.0567365363240242,0.5772229433059692,-0.06243608519434929,-0.05325200781226158,0.5307846069335938,-0.8435243368148804,-0.7438055872917175,0.0789477601647377,0.04328295961022377,1.2873212099075317,-0.07058153301477432,-0.5900000000000001,-0.992402970790863,0.06,0.5554690957069397,1.2672492265701294,0.12287408113479614,-0.4002804458141327,0.2055412232875824,-1.8684682846069336,0.03,-0.14940890669822693,0.09669879078865051,-0.10592491179704666,-0.30704429745674133,0.0542391873896122,0.5713226199150085
1.5652177333831787,0.056257929652929306,0.5780811309814453,-0.06103387847542763,-0.05351322516798973,0.5311877131462097,-0.8433567881584167,-0.740294337272644,0.081865593791008,0.042368754744529724,1.2840240001678467,-0.07175734639167786,-0.5900000000000001,-0.9873241186141968,0.06,0.5519652366638184,1.2614854574203491,0.12103782594203949,-0.39876750111579895,0.22201570868492126,-1.903833270072937,0.03,-0.17050287127494812,0.10033087432384491,-0.036303047090768814,-0.3061322569847107,0.05470797047019005,0.6066089868545532
1.5653557777404785,0.05555520951747894,0.5790506601333618,-0.05950067937374115,-0.05369921028614044,0.5316187143325806,-0.8431829214096069,-0.7358102798461914,0.08516089618206024,0.04131762683391571,1.2800462245941162,-0.07330996543169022,-0.5900000000000001,-0.9813525676727295,0.06,0.547904372215271,1.2552770376205444,0.11880683153867722,-0.3973788022994995,0.23671914637088776,-1.9357985258102417,0.03,-0.18836991488933563,0.10331618040800095,0.02563861943781376,-0.30131104588508606,0.054339658468961716,0.6400208473205566
1.5654317140579224,0.054709047079086304,0.5802450180053711,-0.05791385844349861,-0.05404701828956604,0.5320978164672852,-0.8429690003395081,-0.7308623790740967,0.08876074105501175,0.039966315031051636,1.2748478651046753,-0.0754334032535553,-0.5900000000000001,-0.9747345447540283,0.06,0.5432710647583008,1.2476369142532349,0.11609914898872375,-0.3954218626022339,0.2505477964878082,-1.9655346870422363,0.03,-0.2047266662120819,0.1058742105960846,0.08043161034584045,-0.2942693829536438,0.052704185247421265,0.6731999516487122
1.5654091835021973,0.053776271641254425,0.5817064642906189,-0.056337870657444,-0.054756924510002136,0.5325528979301453,-0.8427425622940063,-0.7260752320289612,0.0927315503358841,0.0382801815867424,1.2682114839553833,-0.07774646580219269,-0.5900000000000001,-0.9678226709365845,0.06,0.5379672646522522,1.2380629777908325,0.11294598877429962,-0.39248231053352356,0.26368284225463867,-1.993802785873413,0.03,-0.220773845911026,0.1076388731598854,0.12846994400024414,-0.28560250997543335,0.0507698692381382,0.70765221118927
1.5652880668640137,0.05279085785150528,0.5834211707115173,-0.05479015037417412,-0.05588948726654053,0.5329416990280151,-0.8425244092941284,-0.7217607498168945,0.09698513895273209,0.03607351705431938,1.2602511644363403,-0.08030188083648682,-0.5900000000000001,-0.960795521736145,0.06,0.5319830775260925,1.226515769958496,0.10937660932540894,-0.3884872496128082,0.2760154902935028,-2.021007537841797,0.03,-0.23735424876213074,0.10862047970294952,0.1699260026216507,-0.27540120482444763,0.050141941756010056,0.7447729706764221
1.565112829208374,0.05175524204969406,0.5853158831596375,-0.05327831953763962,-0.057345323264598846,0.5332677364349365,-0.8423172235488892,-0.7177845239639282,0.10145553946495056,0.03358945623040199,1.2512898445129395,-0.08290592581033707,-0.5900000000000001,-0.9536699056625366,0.06,0.5255734920501709,1.2135087251663208,0.10556548088788986,-0.38374942541122437,0.28734567761421204,-2.0474259853363037,0.03,-0.2545398473739624,0.10911679267883301,0.20521439611911774,-0.2638090252876282,0.052163027226924896,0.7845437526702881
1.5649577379226685,0.05065029114484787,0.5872963070869446,-0.0518023706972599,-0.058932822197675705,0.533584713935852,-0.8420989513397217,-0.7137118577957153,0.10600410401821136,0.031163277104496956,1.241742730140686,-0.08555161207914352,-0.5900000000000001,-0.9463428258895874,0.06,0.5191338658332825,1.1998162269592285,0.10170520842075348,-0.37878692150115967,0.2973909080028534,-2.0732717514038086,0.03,-0.27181342244148254,0.10923895239830017,0.2350107580423355,-0.25119152665138245,0.057750578969717026,0.8256866931915283
1.5648852586746216,0.0494438111782074,0.5892626047134399,-0.050319161266088486,-0.06046223267912865,0.5339131951332092,-0.8418722748756409,-0.7091349363327026,0.11056875437498093,0.02901487611234188,1.232099175453186,-0.08817505091428757,-0.5900000000000001,-0.93868088722229,0.06,0.5128693580627441,1.1862516403198242,0.09791627526283264,-0.3741178810596466,0.3055354356765747,-2.098691463470459,0.03,-0.2886774241924286,0.10913529247045517,0.2597845494747162,-0.23802414536476135,0.06784939020872116,0.8667122721672058
1.5648674964904785,0.048083990812301636,0.5911033153533936,-0.048979729413986206,-0.06175718456506729,0.5342762470245361,-0.8416268229484558,-0.7038211822509766,0.11483406275510788,0.02737407013773918,1.222666621208191,-0.09092871099710464,-0.5900000000000001,-0.9310206770896912,0.06,0.5071516036987305,1.1739283800125122,0.0941876620054245,-0.37036535143852234,0.3098330497741699,-2.1235456466674805,0.03,-0.30640700459480286,0.10704242438077927,0.27912548184394836,-0.22503629326820374,0.08406013250350952,0.9064587950706482
1.564959168434143,0.04656460881233215,0.5927298665046692,-0.04745686799287796,-0.06268707662820816,0.5345727801322937,-0.8414571285247803,-0.6976701021194458,0.11899733543395996,0.025542723014950752,1.2143752574920654,-0.0939769446849823,-0.5900000000000001,-0.9228870272636414,0.06,0.501392662525177,1.163343071937561,0.09051962941884995,-0.3680036962032318,0.3101939260959625,-2.147501230239868,0.03,-0.3232041597366333,0.10708773881196976,0.2924784719944,-0.21164542436599731,0.10580366104841232,0.9454589486122131
1.5652309656143188,0.044912245124578476,0.5940571427345276,-0.04536864161491394,-0.06320910155773163,0.5346307754516602,-0.8414962887763977,-0.6908137798309326,0.12340771406888962,0.022793902084231377,1.2081527709960938,-0.09701161086559296,-0.5900000000000001,-0.9138667583465576,0.06,0.4947827458381653,1.1548182964324951,0.08693580329418182,-0.36737897992134094,0.306862473487854,-2.169884443283081,0.03,-0.33817797899246216,0.11126980930566788,0.29903870820999146,-0.19765111804008484,0.1324094980955124,0.9836951494216919
1.5656999349594116,0.043207213282585144,0.5950416922569275,-0.04267505556344986,-0.06336309760808945,0.5343924760818481,-0.8417770266532898,-0.6837523579597473,0.12795548141002655,0.01872274838387966,1.2046531438827515,-0.10017871856689453,-0.5900000000000001,-0.9041982293128967,0.06,0.4872068762779236,1.1484907865524292,0.08342178165912628,-0.3684249222278595,0.29939913749694824,-2.189422845840454,0.03,-0.35171958804130554,0.11864832043647766,0.2979341149330139,-0.18431203067302704,0.16317756474018097,1.0203535556793213
1.5663431882858276,0.04161520674824715,0.5956856608390808,-0.03951830044388771,-0.06336763501167297,0.533799946308136,-0.8423065543174744,-0.6775617003440857,0.1322736293077469,0.012873796746134758,1.204056739807129,-0.10371151566505432,-0.5900000000000001,-0.89462810754776,0.06,0.47887203097343445,1.1440272331237793,0.08024536073207855,-0.37065839767456055,0.28768444061279297,-2.204679250717163,0.03,-0.3642573356628418,0.12854065001010895,0.28814706206321716,-0.17324917018413544,0.19685809314250946,1.0551440715789795
1.5671435594558716,0.040313366800546646,0.5959911942481995,-0.03607827052474022,-0.06337293982505798,0.5328496098518372,-0.8430618643760681,-0.6729125380516052,0.1357690989971161,0.0048710997216403484,1.205360770225525,-0.10870060324668884,-0.5900000000000001,-0.8858710527420044,0.06,0.4702625274658203,1.1411958932876587,0.07777869701385498,-0.3736187517642975,0.27208563685417175,-2.2139453887939453,0.03,-0.37605032324790955,0.14158864319324493,0.26920703053474426,-0.16577138006687164,0.23088429868221283,1.086985468864441
1.5681315660476685,0.03939026594161987,0.5959852933883667,-0.03240187093615532,-0.06320572644472122,0.5317353010177612,-0.8439269661903381,-0.6695773005485535,0.13855406641960144,-0.004225732758641243,1.2097214460372925,-0.11423870921134949,-0.5900000000000001,-0.8777180314064026,0.06,0.4620742201805115,1.1398853063583374,0.07629739493131638,-0.3771091103553772,0.2531108856201172,-2.2153170108795166,0.03,-0.38788455724716187,0.1597660928964615,0.24144034087657928,-0.16289955377578735,0.264070600271225,1.1138451099395752
1.569322109222412,0.03885919600725174,0.5957235097885132,-0.02840328961610794,-0.06260388344526291,0.5306643843650818,-0.844789445400238,-0.6662342548370361,0.14119599759578705,-0.012778165750205517,1.2160166501998901,-0.11896724253892899,-0.5900000000000001,-0.869455099105835,0.06,0.45463842153549194,1.1398547887802124,0.07579576969146729,-0.3809991776943207,0.23103192448616028,-2.2068796157836914,0.03,-0.40073639154434204,0.18433743715286255,0.20542465150356293,-0.1651526689529419,0.29621124267578125,1.1339845657348633
1.5706894397735596,0.03872551769018173,0.5953322649002075,-0.02407025545835495,-0.061454981565475464,0.5298067331314087,-0.845546305179596,-0.6620599627494812,0.14418917894363403,-0.019522475078701973,1.22325599193573,-0.12234588712453842,-0.5900000000000001,-0.8604841828346252,0.06,0.4482329785823822,1.140302300453186,0.07627057284116745,-0.38483279943466187,0.20635083317756653,-2.187006950378418,0.03,-0.41462376713752747,0.21517620980739594,0.16163304448127747,-0.172697052359581,0.32650357484817505,1.146626591682434
1.5721890926361084,0.03898485004901886,0.5949781537055969,-0.019473444670438766,-0.05982328578829765,0.5292742252349854,-0.846114993095398,-0.6566447615623474,0.14758029580116272,-0.0242219939827919,1.2303401231765747,-0.12441153824329376,-0.5900000000000001,-0.8504840731620789,0.06,0.4430444538593292,1.140087366104126,0.07767751812934875,-0.3879556655883789,0.17987015843391418,-2.155608892440796,0.03,-0.4290507733821869,0.25236189365386963,0.11060064285993576,-0.1849859058856964,0.3543519973754883,1.1519800424575806
1.573796033859253,0.03955576568841934,0.5948145389556885,-0.014689946547150612,-0.05774461105465889,0.5292007923126221,-0.8464019298553467,-0.649422824382782,0.15130217373371124,-0.02682366408407688,1.2363086938858032,-0.1260557472705841,-0.5900000000000001,-0.8390579223632812,0.06,0.4391946792602539,1.1382911205291748,0.07980115711688995,-0.3899264335632324,0.1528765708208084,-2.11396861076355,0.03,-0.4434899389743805,0.295055091381073,0.05393047258257866,-0.2004907876253128,0.37997353076934814,1.1509586572647095
1.5754998922348022,0.04027889296412468,0.5949705839157104,-0.009768927469849586,-0.05514105409383774,0.5297526121139526,-0.8463014364242554,-0.6393197774887085,0.15544036030769348,-0.02688422054052353,1.2401723861694336,-0.12786176800727844,-0.5900000000000001,-0.8255829215049744,0.06,0.43678826093673706,1.1343302726745605,0.08229315280914307,-0.39060598611831665,0.12694379687309265,-2.063491106033325,0.03,-0.4572070240974426,0.3406473696231842,-0.005962840281426907,-0.21728913486003876,0.4036712944507599,1.14494788646698
1.5772640705108643,0.041004132479429245,0.595541775226593,-0.0048409332521259785,-0.05200723186135292,0.5310232043266296,-0.8457458019256592,-0.6256786584854126,0.15997368097305298,-0.02402423694729805,1.2410602569580078,-0.13014371693134308,-0.5900000000000001,-0.8098013401031494,0.06,0.43601322174072266,1.1278373003005981,0.08505702018737793,-0.3899853229522705,0.10347122699022293,-2.0054006576538086,0.03,-0.469035267829895,0.3860868811607361,-0.06721649318933487,-0.2336961030960083,0.4253076910972595,1.1360546350479126
1.5790226459503174,0.04163464158773422,0.5965458154678345,-0.00014067355368752033,-0.04847987741231918,0.5330424308776855,-0.8446983098983765,-0.6087018847465515,0.1647316962480545,-0.01807275600731373,1.238564133644104,-0.13294433057308197,-0.5900000000000001,-0.79222571849823,0.06,0.4369499981403351,1.1188693046569824,0.08776679635047913,-0.38800665736198425,0.08347226679325104,-1.9409034252166748,0.03,-0.47779831290245056,0.429198682308197,-0.12881018221378326,-0.2484675943851471,0.444519966840744,1.1263720989227295
1.5807013511657715,0.04210277646780014,0.5979104042053223,0.004055142868310213,-0.04471303150057793,0.5357633829116821,-0.8431737422943115,-0.5890449285507202,0.16947591304779053,-0.008873488754034042,1.2327368259429932,-0.135804682970047,-0.5900000000000001,-0.7738043069839478,0.06,0.4397414028644562,1.1081372499465942,0.09028971195220947,-0.38504162430763245,0.06736867129802704,-1.8711737394332886,0.03,-0.4825424551963806,0.4692520499229431,-0.19020876288414001,-0.26050543785095215,0.4609701931476593,1.1177409887313843
1.5822138786315918,0.042355138808488846,0.5995052456855774,0.007464580237865448,-0.04082521051168442,0.539106547832489,-0.8412142992019653,-0.5675121545791626,0.17396001517772675,0.003757940139621496,1.2239234447479248,-0.13796760141849518,-0.5900000000000001,-0.7556891441345215,0.06,0.44446200132369995,1.096787691116333,0.09236060082912445,-0.3813953995704651,0.05497810244560242,-1.7972739934921265,0.03,-0.48274704813957214,0.5058964490890503,-0.2511589527130127,-0.26856133341789246,0.4743959903717041,1.1118229627609253
1.5835047960281372,0.04236796125769615,0.6011992692947388,0.009803357534110546,-0.0368819460272789,0.5428165793418884,-0.8389837741851807,-0.5450088381767273,0.17750468850135803,0.01946122571825981,1.2125674486160278,-0.13893701136112213,-0.5900000000000001,-0.7392348051071167,0.06,0.45042744278907776,1.0864155292510986,0.09233862161636353,-0.3778773546218872,0.045050207525491714,-1.7204424142837524,0.03,-0.4783126413822174,0.5391042828559875,-0.3115733861923218,-0.2715380787849426,0.4847751259803772,1.1097509860992432
1.5845612287521362,0.04214447736740112,0.6028711199760437,0.010916913859546185,-0.0329030379652977,0.546539306640625,-0.8367155194282532,-0.522437334060669,0.1792416274547577,0.03710310161113739,1.1993308067321777,-0.13890649378299713,-0.5900000000000001,-0.725233793258667,0.06,0.45721301436424255,1.0781971216201782,0.09031689912080765,-0.3752599358558655,0.035936757922172546,-1.642226219177246,0.03,-0.46901756525039673,0.5710510015487671,-0.37135645747184753,-0.2688886821269989,0.4919261038303375,1.1112531423568726
1.585388422012329,0.041675712913274765,0.6043944954872131,0.01093022059649229,-0.028796887025237083,0.5499887466430664,-0.8346037864685059,-0.500240683555603,0.1787794977426529,0.0553482323884964,1.1851587295532227,-0.13837668299674988,-0.5900000000000001,-0.7134341597557068,0.06,0.46501854062080383,1.072662591934204,0.08854539692401886,-0.374022513628006,0.026259927079081535,-1.563805103302002,0.03,-0.4546266794204712,0.6065945029258728,-0.4306751489639282,-0.2603449821472168,0.49608269333839417,1.1151012182235718
1.585959792137146,0.04093613848090172,0.605617105960846,0.010204804129898548,-0.02446112409234047,0.5531489849090576,-0.8326604962348938,-0.47852250933647156,0.17664484679698944,0.07333127409219742,1.171301007270813,-0.13773107528686523,-0.5900000000000001,-0.703162431716919,0.06,0.4740537405014038,1.0700938701629639,0.08917029947042465,-0.3743797540664673,0.015382818877696991,-1.4854432344436646,0.03,-0.4352837800979614,0.6502627730369568,-0.4906543791294098,-0.24532289803028107,0.49848800897598267,1.1211621761322021
1.5862425565719604,0.03991726040840149,0.6064160466194153,0.009067744016647339,-0.019871072843670845,0.5560883283615112,-0.8308360576629639,-0.45746275782585144,0.17352120578289032,0.09045051783323288,1.1588762998580933,-0.13729193806648254,-0.5900000000000001,-0.6939996480941772,0.06,0.4842648506164551,1.070712685585022,0.09305216372013092,-0.37641143798828125,0.003235223237425089,-1.406794786453247,0.03,-0.4115908741950989,0.7039361000061035,-0.5527759194374084,-0.22359545528888702,0.5008328557014465,1.1296855211257935
1.5862092971801758,0.03864068165421486,0.6067302227020264,0.007712079677730799,-0.015182388946413994,0.5588920712471008,-0.8290655016899109,-0.4376585781574249,0.16998937726020813,0.10610295832157135,1.1487151384353638,-0.13747933506965637,-0.5900000000000001,-0.6860130429267883,0.06,0.49537211656570435,1.074497103691101,0.09982500970363617,-0.3799681067466736,-0.00952931959182024,-1.3279814720153809,0.03,-0.38519394397735596,0.7668969035148621,-0.6178218722343445,-0.1960531771183014,0.5043626427650452,1.1398075819015503
1.5859276056289673,0.0371946357190609,0.606621503829956,0.006226257421076298,-0.010651824995875359,0.5617677569389343,-0.8272029757499695,-0.41953977942466736,0.16650184988975525,0.12036840617656708,1.140891432762146,-0.13853609561920166,-0.5900000000000001,-0.6808946132659912,0.06,0.5037607550621033,1.0826002359390259,0.09899638593196869,-0.3851391673088074,-0.021428024396300316,-1.249768614768982,0.03,-0.3583928048610687,0.8365979790687561,-0.6854875683784485,-0.16470453143119812,0.5095809102058411,1.1498812437057495
1.585396409034729,0.03557815030217171,0.6061631441116333,0.0048096380196511745,-0.006426083855330944,0.5649022459983826,-0.8251187205314636,-0.40294548869132996,0.16383671760559082,0.13356144726276398,1.1352581977844238,-0.14041583240032196,-0.5900000000000001,-0.6769158244132996,0.06,0.5123634934425354,1.0925672054290771,0.09824663400650024,-0.3911586403846741,-0.031197795644402504,-1.1732884645462036,0.03,-0.3331741988658905,0.909707248210907,-0.7545562386512756,-0.1310770958662033,0.5165739059448242,1.1585469245910645
1.5847023725509644,0.03379802033305168,0.6054940819740295,0.003519914112985134,-0.002458818256855011,0.5680997967720032,-0.8229483366012573,-0.38736990094184875,0.16176554560661316,0.14561623334884644,1.1310166120529175,-0.14300136268138885,-0.5900000000000001,-0.6735894680023193,0.06,0.5200867652893066,1.1035306453704834,0.0964907854795456,-0.39741379022598267,-0.038955070078372955,-1.0992510318756104,0.03,-0.31052038073539734,0.9822208285331726,-0.8244293332099915,-0.09635418653488159,0.5264924764633179,1.1656792163848877
1.5839213132858276,0.03185059502720833,0.604758620262146,0.002356975805014372,0.0013701504794880748,0.5710601210594177,-0.8209036588668823,-0.372169554233551,0.1599738448858261,0.15676315128803253,1.127109169960022,-0.1454954445362091,-0.5900000000000001,-0.6702315211296082,0.06,0.5266715288162231,1.1147733926773071,0.09417565912008286,-0.4040466547012329,-0.04527774080634117,-1.0282196998596191,0.03,-0.29055872559547424,1.0511199235916138,-0.8948063254356384,-0.061511605978012085,0.5395607948303223,1.1709105968475342
1.5830917358398438,0.029784943908452988,0.6040905117988586,0.0011939076939597726,0.005002208519726992,0.573340117931366,-0.8193013072013855,-0.3577210307121277,0.157964289188385,0.1664838194847107,1.1227691173553467,-0.14726898074150085,-0.5900000000000001,-0.666867196559906,0.06,0.5314925312995911,1.125595211982727,0.09139404445886612,-0.4109383523464203,-0.0513165108859539,-0.9610320329666138,0.03,-0.2723079323768616,1.1136415004730225,-0.9654704928398132,-0.03,0.5557724237442017,1.171373963356018
1.5822287797927856,0.027653757482767105,0.6036366820335388,-9.3026967078913e-05,0.00834350660443306,0.5746114253997803,-0.8183836936950684,-0.3444422483444214,0.15535657107830048,0.1742386519908905,1.1172350645065308,-0.14804819226264954,-0.5900000000000001,-0.6635814905166626,0.06,0.5340160727500916,1.135160207748413,0.08812342584133148,-0.41775885224342346,-0.058159783482551575,-0.8984195590019226,0.0340610072016716,-0.254361093044281,1.167067527770996,-1.0360006093978882,-0.03,0.575334906578064,1.1630417108535767
1.5813705921173096,0.025452662259340286,0.6035847067832947,-0.0015358864329755306,0.011533254757523537,0.5747972726821899,-0.8182131052017212,-0.331526517868042,0.1516759842634201,0.18003635108470917,1.109245777130127,-0.14825956523418427,-0.5900000000000001,-0.6596806049346924,0.06,0.5342442989349365,1.1424838304519653,0.08450502902269363,-0.42421090602874756,-0.06635957956314087,-0.8404672145843506,0.05381719768047333,-0.2354390025138855,1.2096550464630127,-1.1055917739868164,-0.03,0.5989279747009277,1.1427969932556152
1.5805764198303223,0.02315719611942768,0.6040886640548706,-0.0031347740441560745,0.014767144806683064,0.5740410685539246,-0.8186873197555542,-0.3177545964717865,0.1465258151292801,0.1843448132276535,1.0975842475891113,-0.1485605686903,-0.5900000000000001,-0.6543333530426025,0.06,0.5325400233268738,1.146751880645752,0.08058220893144608,-0.4300844371318817,-0.07578089088201523,-0.7871878147125244,0.07699810713529587,-0.2151825726032257,1.2413524389266968,-1.1734689474105835,-0.03,0.6266409158706665,1.1090351343154907
1.5799047946929932,0.020765937864780426,0.6052659153938293,-0.0048345946706831455,0.018098944798111916,0.5726508498191833,-0.8195851445198059,-0.3021097183227539,0.1400892734527588,0.18828976154327393,1.0812476873397827,-0.1488722711801529,-0.5900000000000001,-0.6469115018844604,0.06,0.5295242667198181,1.1471285820007324,0.07653867453336716,-0.43486395478248596,-0.08581826090812683,-0.7382972240447998,0.10376184433698654,-0.1941959112882614,1.263224720954895,-1.2391300201416016,-0.03,0.6571952104568481,1.0613263845443726
1.5794215202331543,0.01834775321185589,0.6072062253952026,-0.0066451095044612885,0.021378852427005768,0.570983350276947,-0.8206561803817749,-0.284219354391098,0.13284067809581757,0.1934480518102646,1.0593816041946411,-0.14821942150592804,-0.5900000000000001,-0.6373318433761597,0.06,0.5259909629821777,1.1427052021026611,0.07263772189617157,-0.4378542900085449,-0.09589608013629913,-0.6929715871810913,0.13347269594669342,-0.17261233925819397,1.2771117687225342,-1.3028284311294556,-0.03,0.6879279017448425,0.9999880194664001
1.5792003870010376,0.016032829880714417,0.6098873615264893,-0.008696853183209896,0.024315470829606056,0.5692219138145447,-0.8217781186103821,-0.2649088501930237,0.12485846877098083,0.20029164850711823,1.0320690870285034,-0.14611288905143738,-0.5900000000000001,-0.6263754367828369,0.06,0.5225805640220642,1.133247971534729,0.06911866366863251,-0.4385988414287567,-0.10579852759838104,-0.6504225730895996,0.16463500261306763,-0.15083912014961243,1.285658836364746,-1.3655624389648438,-0.03,0.7158544659614563,0.9259603023529053
1.5793062448501587,0.013928454369306564,0.613184928894043,-0.01109866239130497,0.02672053501009941,0.5675548911094666,-0.8228269815444946,-0.2450414001941681,0.11597337573766708,0.2086763083934784,1.0000419616699219,-0.1428922861814499,-0.5900000000000001,-0.6149067878723145,0.06,0.52020663022995,1.1193304061889648,0.06673094630241394,-0.43709567189216614,-0.11492057889699936,-0.6098685264587402,0.195155531167984,-0.13008514046669006,1.2911608219146729,-1.4281730651855469,-0.03,0.7388412952423096,0.8412095308303833
1.5797505378723145,0.012101943604648113,0.616949737071991,-0.013942044228315353,0.028503822162747383,0.5661932826042175,-0.8236613869667053,-0.22532422840595245,0.1058548092842102,0.21795505285263062,0.9642066955566406,-0.13990461826324463,-0.5900000000000001,-0.6036887168884277,0.06,0.5200112462043762,1.1019172668457031,0.0669209286570549,-0.43375301361083984,-0.12252531945705414,-0.5703121423721313,0.22312167286872864,-0.11096218228340149,1.2942601442337036,-1.4910902976989746,-0.03,0.7561660408973694,0.7501293420791626
1.5805574655532837,0.010652655735611916,0.621030330657959,-0.01708371192216873,0.029431864619255066,0.5653554201126099,-0.8241451382637024,-0.20667186379432678,0.09507455676794052,0.22794310748577118,0.9258911609649658,-0.1374838650226593,-0.5900000000000001,-0.5933672189712524,0.06,0.522670567035675,1.0815438032150269,0.07063478231430054,-0.42832568287849426,-0.12627802789211273,-0.5314205884933472,0.24637486040592194,-0.09501396864652634,1.2945817708969116,-1.5533677339553833,-0.03,0.7695357799530029,0.6523495316505432
1.5815800428390503,0.009630479849874973,0.6252588033676147,-0.020575573667883873,0.029426999390125275,0.5650537014007568,-0.8242723345756531,-0.1899518370628357,0.08402413129806519,0.23867805302143097,0.8860851526260376,-0.13492204248905182,-0.5900000000000001,-0.5848459005355835,0.06,0.5285693407058716,1.0592796802520752,0.07863357663154602,-0.42108428478240967,-0.12762457132339478,-0.49259015917778015,0.26569950580596924,-0.08024060726165771,1.2924797534942627,-1.6155040264129639,-0.03,0.7777381539344788,0.5636232495307922
1.5827138423919678,0.009010554291307926,0.6295830011367798,-0.02429235354065895,0.028649084270000458,0.5654662251472473,-0.8239156007766724,-0.17446210980415344,0.0730227380990982,0.25094956159591675,0.8446435332298279,-0.13178925216197968,-0.5900000000000001,-0.578340470790863,0.06,0.5376886129379272,1.036152720451355,0.09065315127372742,-0.41136181354522705,-0.12781137228012085,-0.45315954089164734,0.2819104790687561,-0.0659782811999321,1.2892783880233765,-1.675621747970581,-0.03,0.7823953628540039,0.4890047013759613
1.5839202404022217,0.008780837059020996,0.6338770985603333,-0.028207017108798027,0.02729187346994877,0.5667607188224792,-0.8229469060897827,-0.15985116362571716,0.06200270727276802,0.26532748341560364,0.802015483379364,-0.12784196436405182,-0.5900000000000001,-0.5731794834136963,0.06,0.5496814846992493,1.0114591121673584,0.10507643222808838,-0.40057188272476196,-0.12719935178756714,-0.4136522114276886,0.29509487748146057,-0.05216739699244499,1.2867830991744995,-1.7315349578857422,-0.03,0.7845472693443298,0.42813533544540405
1.585123062133789,0.008959422819316387,0.6379745006561279,-0.032393913716077805,0.025294771417975426,0.5689384341239929,-0.8213523626327515,-0.14697113633155823,0.05107570067048073,0.2817651629447937,0.7593361139297485,-0.12255463004112244,-0.5769115686416626,-0.5705718398094177,0.06,0.5642993450164795,0.9867644309997559,0.12095702439546585,-0.38840943574905396,-0.12633803486824036,-0.37596556544303894,0.30573922395706177,-0.039039697498083115,1.2865744829177856,-1.782362461090088,-0.03,0.7844352722167969,0.38013729453086853
1.5862475633621216,0.009529416449368,0.6416996717453003,-0.03684310242533684,0.022672472521662712,0.5718214511871338,-0.8192366361618042,-0.13676102459430695,0.04042990133166313,0.2995178997516632,0.7183007597923279,-0.11575378477573395,-0.5551608800888062,-0.5710198879241943,0.06,0.5805761814117432,0.9630204439163208,0.13679179549217224,-0.3753947615623474,-0.12600240111351013,-0.34124478697776794,0.31448009610176086,-0.026988130062818527,1.2888352870941162,-1.8276088237762451,-0.03,0.7826247811317444,0.3430548310279846
1.5872586965560913,0.010412910021841526,0.6450155973434448,-0.04149583354592323,0.01952076144516468,0.5752481818199158,-0.8166925311088562,-0.12929080426692963,0.030107317492365837,0.3178647756576538,0.6795487403869629,-0.10791298002004623,-0.5342878103256226,-0.5742813348770142,0.06,0.5977391004562378,0.9404767751693726,0.15179701149463654,-0.3618592619895935,-0.12670056521892548,-0.30996543169021606,0.3216700553894043,-0.01724749617278576,1.2942522764205933,-1.8686766624450684,-0.03,0.7782530784606934,0.3146148920059204
1.588155746459961,0.011489707976579666,0.6479926705360413,-0.04627355933189392,0.01600140705704689,0.5789602398872375,-0.8138843178749084,-0.1239740177989006,0.019952811300754547,0.3359515368938446,0.6427053809165955,-0.0998535007238388,-0.5142165422439575,-0.5795837640762329,0.06,0.6152657866477966,0.918979823589325,0.16624216735363007,-0.3481074571609497,-0.12899425625801086,-0.2819689214229584,0.32727760076522827,-0.010753389447927475,1.3032495975494385,-1.9080381393432617,-0.03,0.7695766091346741,0.29290544986724854
1.5889286994934082,0.012648879550397396,0.6507028341293335,-0.051032498478889465,0.012292930856347084,0.582635760307312,-0.8110364079475403,-0.12012473493814468,0.009973747655749321,0.3530004024505615,0.6073431968688965,-0.09199569374322891,-0.4947473406791687,-0.5860307216644287,0.06,0.6322500109672546,0.8982887864112854,0.1801675409078598,-0.33443206548690796,-0.13349409401416779,-0.256629079580307,0.33114033937454224,-0.007371989544481039,1.3145751953125,-1.9470632076263428,-0.03,0.7558159828186035,0.2764727771282196
1.5895501375198364,0.01379336230456829,0.6531983613967896,-0.05555688962340355,0.008579598739743233,0.5860475897789001,-0.8083241581916809,-0.11686089634895325,0.0003939507296308875,0.3688427805900574,0.5729770660400391,-0.08398545533418655,-0.4756530523300171,-0.5926917791366577,0.06,0.6476706266403198,0.8781881928443909,0.19304047524929047,-0.3209749758243561,-0.14059817790985107,-0.23276647925376892,0.3331714868545532,-0.005945948883891106,1.3253250122070312,-1.985674500465393,-0.03,0.7377749681472778,0.26419344544410706
1.589990496635437,0.014853328466415405,0.6555286049842834,-0.05969967693090439,0.00498998211696744,0.5891555547714233,-0.8057956099510193,-0.11349302530288696,-0.008614780381321907,0.3835327923297882,0.5393067002296448,-0.07624378055334091,-0.4568103551864624,-0.5988652110099792,0.06,0.6610682010650635,0.8584166765213013,0.20451216399669647,-0.30773383378982544,-0.15026000142097473,-0.20920148491859436,0.3332520127296448,-0.0047706374898552895,1.3328784704208374,-2.0234215259552,-0.03,0.7167447805404663,0.25487226247787476
1.590289831161499,0.015780601650476456,0.657802939414978,-0.06349605321884155,0.0016389035154134035,0.5923057198524475,-0.803205668926239,-0.10964225977659225,-0.017390847206115723,0.3951314687728882,0.5064809918403625,-0.07437450438737869,-0.4389269948005676,-0.6039599180221558,0.06,0.6732731461524963,0.8382094502449036,0.21460923552513123,-0.29432642459869385,-0.16155540943145752,-0.18494950234889984,0.33117812871932983,-0.0022518786136060953,1.3364323377609253,-2.060422658920288,-0.03,0.6927469372749329,0.24690671265125275
1.5903935432434082,0.016551751643419266,0.6599393486976624,-0.0669049322605133,-0.0016591582680121064,0.595554769039154,-0.8005219101905823,-0.10518201440572739,-0.025271784514188766,0.40694907307624817,0.47394922375679016,-0.07264270633459091,-0.4212819039821625,-0.6083869338035583,0.06,0.6840072870254517,0.817942202091217,0.22280432283878326,-0.2807468771934509,-0.17451727390289307,-0.1592720001935959,0.3275415003299713,0.002661199076101184,1.336822509765625,-2.0976457595825195,-0.03,0.6641331315040588,0.23869280517101288
1.5902539491653442,0.017145762220025063,0.661903440952301,-0.06992120295763016,-0.005037630442529917,0.5986725687980652,-0.797920286655426,-0.10114378482103348,-0.031766992062330246,0.417725145816803,0.44314637780189514,-0.07173535227775574,-0.4045134484767914,-0.6123604774475098,0.06,0.6927002668380737,0.7978095412254333,0.22855055332183838,-0.26710569858551025,-0.18983523547649384,-0.13157379627227783,0.3226564824581146,0.010198689065873623,1.3358796834945679,-2.135566473007202,-0.03,0.6299154758453369,0.22859448194503784
1.5898154973983765,0.017549509182572365,0.6636574864387512,-0.07243279367685318,-0.008566616103053093,0.6014545559883118,-0.795570433139801,-0.09837953746318817,-0.03611224517226219,0.4267938733100891,0.4158094525337219,-0.07161709666252136,-0.38932564854621887,-0.6158537268638611,0.06,0.6987608075141907,0.778102457523346,0.23169010877609253,-0.2535829544067383,-0.20792286098003387,-0.10160072147846222,0.31665199995040894,0.02002260461449623,1.3355393409729004,-2.173670530319214,-0.03,0.5900848507881165,0.21540436148643494
1.5890681743621826,0.01776488870382309,0.6651962399482727,-0.0743461325764656,-0.012189087457954884,0.603817343711853,-0.793554425239563,-0.0970991998910904,-0.037935901433229446,0.43398308753967285,0.39292123913764954,-0.0721900686621666,-0.3761780560016632,-0.6186296343803406,0.06,0.7020848393440247,0.7590522766113281,0.2325182855129242,-0.24036985635757446,-0.22871047258377075,-0.06939707696437836,0.30951324105262756,0.031459495425224304,1.3370321989059448,-2.2109785079956055,-0.03,0.5458894968032837,0.1980949342250824
1.5880600214004517,0.01780080236494541,0.6665376424789429,-0.075666643679142,-0.015765981748700142,0.6057013273239136,-0.7919290661811829,-0.09703189134597778,-0.03745090588927269,0.4392756521701813,0.3744827210903168,-0.07339520007371902,-0.36510953307151794,-0.6204982995986938,0.06,0.7029152512550354,0.7409587502479553,0.23161524534225464,-0.22778433561325073,-0.25167858600616455,-0.03541707620024681,0.3013129234313965,0.0433562733232975,1.3404898643493652,-2.2465577125549316,-0.03,0.4995838701725006,0.17558375000953674
1.5868545770645142,0.017671260982751846,0.6676756143569946,-0.07653599232435226,-0.019123448058962822,0.6070651412010193,-0.7907265424728394,-0.09787296503782272,-0.03528589382767677,0.44272488355636597,0.3601361811161041,-0.0751163437962532,-0.35599881410598755,-0.6216531991958618,0.06,0.7018752694129944,0.7246206998825073,0.22979967296123505,-0.21639657020568848,-0.2759796679019928,-0.0006236030021682382,0.2923397421836853,0.05480894073843956,1.3450721502304077,-2.2797303199768066,-0.03,0.4538074731826782,0.1483943909406662
1.5855132341384888,0.017386648803949356,0.6685699820518494,-0.07715030759572983,-0.02204844541847706,0.6079316139221191,-0.7899245023727417,-0.0993252769112587,-0.03220980241894722,0.44452720880508423,0.3496040999889374,-0.07721927016973495,-0.34880331158638,-0.6225358247756958,0.06,0.6998487710952759,0.711341142654419,0.22789366543293,-0.2069898545742035,-0.30046790838241577,0.03368651494383812,0.28310534358024597,0.06530317664146423,1.3495296239852905,-2.3097715377807617,-0.03,0.41157904267311096,0.11841434240341187
1.5840743780136108,0.01695113629102707,0.6691731214523315,-0.0776800811290741,-0.024341562762856483,0.6083747148513794,-0.789463996887207,-0.10111171752214432,-0.028879309073090553,0.444955974817276,0.34273216128349304,-0.0796268880367279,-0.3436376750469208,-0.6235694289207458,0.06,0.6976087093353271,0.7023531198501587,0.22623972594738007,-0.20023931562900543,-0.32392457127571106,0.0661318227648735,0.2743739187717438,0.07450634241104126,1.3526884317398071,-2.3358569145202637,-0.03,0.3756294548511505,0.0878552719950676
1.582551121711731,0.016371753066778183,0.6694719791412354,-0.07823466509580612,-0.025889577344059944,0.6084998250007629,-0.7892634868621826,-0.10292679816484451,-0.025742119178175926,0.44435977935791016,0.33909374475479126,-0.08229931443929672,-0.34031394124031067,-0.6250095367431641,0.06,0.6957257986068726,0.6982707381248474,0.22510655224323273,-0.1964341253042221,-0.345267117023468,0.0952703133225441,0.26703083515167236,0.08239229023456573,1.3541338443756104,-2.3572726249694824,-0.03,0.3474467396736145,0.05869368463754654
1.5809515714645386,0.015669047832489014,0.6694947481155396,-0.07883483171463013,-0.026678066700696945,0.6084664463996887,-0.7892033457756042,-0.10439030826091766,-0.023021062836050987,0.4432797431945801,0.33796226978302,-0.08512027561664581,-0.33848682045936584,-0.6268523931503296,0.06,0.6946426630020142,0.698914647102356,0.22495906054973602,-0.19540508091449738,-0.3635467290878296,0.11982576549053192,0.2618184983730316,0.08872149884700775,1.354300618171692,-2.373577833175659,-0.03,0.3272351622581482,0.03254004195332527
1.5792958736419678,0.01488242857158184,0.6692896485328674,-0.07943615317344666,-0.026719842106103897,0.6083665490150452,-0.7892184853553772,-0.10518932342529297,-0.02079181931912899,0.4420165717601776,0.33870089054107666,-0.08810409158468246,-0.33780914545059204,-0.6288943290710449,0.06,0.6945244669914246,0.7036978006362915,0.22630953788757324,-0.19680124521255493,-0.37816569209098816,0.13846944272518158,0.2591897249221802,0.09243252873420715,1.3542283773422241,-2.3842458724975586,-0.03,0.3147626221179962,0.010808776132762432
1.5776009559631348,0.014040209352970123,0.6689160466194153,-0.07991521060466766,-0.025983788073062897,0.6081796288490295,-0.7893387675285339,-0.10483552515506744,-0.019059905782341957,0.4406134784221649,0.3406163156032562,-0.09125323593616486,-0.33807727694511414,-0.6306255459785461,0.06,0.6950859427452087,0.7118522524833679,0.22927416861057281,-0.2002667635679245,-0.3889385163784027,0.1498551219701767,0.2593131959438324,0.09205915778875351,1.3546793460845947,-2.3883185386657715,-0.03,0.30975157022476196,-0.005169196054339409
1.5758732557296753,0.01317035872489214,0.6684244871139526,-0.08009429275989532,-0.024441761896014214,0.607985258102417,-0.7895196080207825,-0.10285122692584991,-0.01764528639614582,0.4394047260284424,0.3432750999927521,-0.09450383484363556,-0.338901162147522,-0.6314336061477661,0.06,0.6962155699729919,0.7225549221038818,0.2341347634792328,-0.20537416636943817,-0.3955695629119873,0.15269812941551208,0.2620448172092438,0.08659348636865616,1.3561898469924927,-2.3847336769104004,-0.03,0.31224170327186584,-0.014285608194768429
1.5741374492645264,0.012318799272179604,0.6678435802459717,-0.07989958673715591,-0.022056687623262405,0.6077623963356018,-0.7897812128067017,-0.0990307405591011,-0.016580892726778984,0.4383701980113983,0.34642788767814636,-0.09782613068819046,-0.3402276337146759,-0.6309687495231628,0.06,0.6978530287742615,0.7352621555328369,0.24,-0.2118607461452484,-0.39807644486427307,0.14574390649795532,0.2667997479438782,0.07544755935668945,1.3589680194854736,-2.3724427223205566,-0.03,0.3237849175930023,-0.016455817967653275
1.572417140007019,0.011530525051057339,0.6671802997589111,-0.07926443964242935,-0.018837131559848785,0.6073417067527771,-0.7902519106864929,-0.0936579704284668,-0.015724744647741318,0.43701690435409546,0.3504575192928314,-0.1011124849319458,-0.34207645058631897,-0.6290517449378967,0.06,0.6990923881530762,0.7495031952857971,0.24,-0.21952229738235474,-0.3969658613204956,0.1283135563135147,0.2727753520011902,0.05900879204273224,1.3627336025238037,-2.350257635116577,-0.03,0.3459782302379608,-0.012436180375516415
1.570735216140747,0.010844342410564423,0.666427493095398,-0.07812677323818207,-0.014857081696391106,0.6065868735313416,-0.7910295128822327,-0.08728643506765366,-0.014781844802200794,0.43456074595451355,0.3560909032821655,-0.10420346260070801,-0.34472209215164185,-0.6255588531494141,0.06,0.6992407441139221,0.7646932005882263,0.24,-0.2280171513557434,-0.3927680552005768,0.10049813240766525,0.27904263138771057,0.03929271176457405,1.3664034605026245,-2.3173062801361084,-0.03,0.37925711274147034,-0.0028157196938991547
1.5691044330596924,0.010318995453417301,0.6655893921852112,-0.07655953615903854,-0.010323712602257729,0.6054975390434265,-0.7920886874198914,-0.08073954284191132,-0.013551170006394386,0.4307956099510193,0.3638519048690796,-0.10729379951953888,-0.348386287689209,-0.6208726167678833,0.06,0.6981915831565857,0.7802797555923462,0.24,-0.2369013875722885,-0.38579171895980835,0.0630260705947876,0.2847934365272522,0.019355790689587593,1.3680931329727173,-2.273887872695923,-0.03,0.4225356876850128,0.012487459927797318
1.5675222873687744,0.010002369992434978,0.6646823287010193,-0.07471003383398056,-0.005494058132171631,0.6042155623435974,-0.7932916879653931,-0.07450329512357712,-0.011981205083429813,0.4254884123802185,0.3733278810977936,-0.11004147678613663,-0.35274434089660645,-0.615586519241333,0.06,0.6965708136558533,0.7958483695983887,0.24,-0.245772585272789,-0.37626969814300537,0.017592620104551315,0.28960445523262024,0.0021998807787895203,1.36575448513031,-2.2215843200683594,-0.03,0.4737424850463867,0.034184545278549194
1.5659891366958618,0.009908243082463741,0.6637223362922668,-0.0728244036436081,-0.0007435473380610347,0.602977991104126,-0.7944265007972717,-0.06932391971349716,-0.010086849331855774,0.4188448190689087,0.3841548562049866,-0.11271266639232635,-0.35772252082824707,-0.6105961203575134,0.06,0.695478618144989,0.811103880405426,0.24,-0.25427356362342834,-0.36464545130729675,-0.03370412811636925,0.29348015785217285,-0.009424028918147087,1.3584392070770264,-2.1634950637817383,-0.03,0.5266602039337158,0.06168758124113083
1.564512014389038,0.009993369691073895,0.6627074480056763,-0.07108473032712936,0.0037362880539149046,0.602021336555481,-0.7953006029129028,-0.06538600474596024,-0.008059052750468254,0.4114556908607483,0.39587756991386414,-0.1153012067079544,-0.3631846010684967,-0.6064006090164185,0.06,0.6960291266441345,0.8261603116989136,0.24,-0.2624140977859497,-0.35131701827049255,-0.08886193484067917,0.2964557409286499,-0.014517583884298801,1.3466328382492065,-2.1020636558532715,-0.03,0.5762051939964294,0.09338679164648056
1.5631202459335327,0.01021670550107956,0.661618173122406,-0.06962812691926956,0.007974650710821152,0.6015114784240723,-0.7957839369773865,-0.062327682971954346,-0.006333626806735992,0.4034760594367981,0.40784093737602234,-0.11782372742891312,-0.3689640760421753,-0.6032088994979858,0.06,0.6988667249679565,0.8414703607559204,0.24,-0.2704989016056061,-0.33640342950820923,-0.14655187726020813,0.2983660399913788,-0.014433746226131916,1.3311353921890259,-2.0384676456451416,-0.03,0.6233519911766052,0.12884798645973206
1.5618284940719604,0.010586623102426529,0.6604461669921875,-0.06853269785642624,0.012000869028270245,0.6015931963920593,-0.7957667708396912,-0.05989891663193703,-0.005177292972803116,0.39460060000419617,0.41956159472465515,-0.12031705677509308,-0.37494149804115295,-0.6010617017745972,0.06,0.7044347524642944,0.857070803642273,0.24,-0.2784483730792999,-0.31973889470100403,-0.2065444141626358,0.2991325557231903,-0.011534672230482101,1.3129310607910156,-1.9727298021316528,-0.03,0.6731473803520203,0.16872452199459076
1.5606482028961182,0.011109881103038788,0.6592011451721191,-0.06777302920818329,0.01584492065012455,0.6023908853530884,-0.7951608300209045,-0.05778955668210983,-0.004662337247282267,0.3849020004272461,0.4307291507720947,-0.12284351885318756,-0.38107001781463623,-0.5997422933578491,0.06,0.7129449844360352,0.8727717399597168,0.24,-0.28614863753318787,-0.30123481154441833,-0.2691405713558197,0.29890313744544983,-0.007775146048516035,1.2929078340530396,-1.903964638710022,-0.03,0.7302817106246948,0.21385659277439117
1.559682011604309,0.011767217889428139,0.6579517126083374,-0.06709206849336624,0.019281238317489624,0.6039215326309204,-0.7939808368682861,-0.056132134050130844,-0.004186208825558424,0.3753306269645691,0.4417332708835602,-0.12522706389427185,-0.38760700821876526,-0.5986718535423279,0.06,0.7237935662269592,0.8873522281646729,0.24,-0.2930760979652405,-0.2795209586620331,-0.3350462317466736,0.29766589403152466,-0.005600918550044298,1.2707116603851318,-1.8306773900985718,-0.03,0.7973877787590027,0.2557273805141449
1.5589181184768677,0.012483816593885422,0.6567268967628479,-0.06649754196405411,0.02245877869427204,0.6058597564697266,-0.7924692034721375,-0.054540738463401794,-0.004056607838720083,0.3667463958263397,0.45217934250831604,-0.12747594714164734,-0.394240140914917,-0.5976387858390808,0.06,0.7354178428649902,0.9008253216743469,0.24,-0.29937660694122314,-0.25686541199684143,-0.4032689929008484,0.296333909034729,-0.0033390598837286234,1.2453182935714722,-1.7534886598587036,-0.03,0.8681715726852417,0.2997863292694092
1.5582994222640991,0.013172555714845657,0.6555830240249634,-0.0660729855298996,0.025249091908335686,0.6080181002616882,-0.7907658815383911,-0.05311061814427376,-0.004271480720490217,0.3607657253742218,0.4615842401981354,-0.12937937676906586,-0.40043798089027405,-0.5968146324157715,0.06,0.7462513446807861,0.9124186635017395,0.24,-0.30439144372940063,-0.23513132333755493,-0.47274142503738403,0.2964310050010681,2.5509427359793335e-05,1.2153316736221313,-1.6738297939300537,-0.03,0.9335795044898987,0.34462374448776245
1.5577759742736816,0.013749146834015846,0.6545829772949219,-0.0659145712852478,0.027332155033946037,0.6102902889251709,-0.7889575362205505,-0.052485302090644836,-0.0044767106883227825,0.35907086730003357,0.46998223662376404,-0.13091127574443817,-0.40593525767326355,-0.5967304706573486,0.06,0.754941999912262,0.9212735891342163,0.24,-0.3073466122150421,-0.21484854817390442,-0.5424614548683167,0.29860901832580566,0.004651176743209362,1.1810953617095947,-1.5946543216705322,-0.03,0.9847062826156616,0.386622816324234
1.557312250137329,0.0141376294195652,0.6537144184112549,-0.06604588776826859,0.02862173691391945,0.6126699447631836,-0.7870540618896484,-0.05287782475352287,-0.004413527436554432,0.3619670271873474,0.47766488790512085,-0.13208171725273132,-0.4108377695083618,-0.5975857973098755,0.06,0.7616659998893738,0.9277408123016357,0.24,-0.30850541591644287,-0.1958894580602646,-0.6111430525779724,0.30188339948654175,0.010911960154771805,1.1458206176757812,-1.5184811353683472,-0.03,1.0165221691131592,0.4251861870288849
1.5568941831588745,0.014309228397905827,0.6529402732849121,-0.06641567498445511,0.029287099838256836,0.6149171590805054,-0.7852439284324646,-0.05411742627620697,-0.004048065282404423,0.3663695752620697,0.48465871810913086,-0.13303032517433167,-0.4152311682701111,-0.5991804003715515,0.06,0.76715487241745,0.9329825639724731,0.24,-0.3089989423751831,-0.17829839885234833,-0.6774194240570068,0.3040330708026886,0.018547555431723595,1.111755132675171,-1.4453675746917725,-0.03,1.0291115045547485,0.4624793529510498
1.556469202041626,0.014269179664552212,0.6522361636161804,-0.06686098873615265,0.029443487524986267,0.6167439818382263,-0.7837662100791931,-0.05624069273471832,-0.003089211182668805,0.36948421597480774,0.491396427154541,-0.13426706194877625,-0.4194645285606384,-0.6012467741966248,0.06,0.7708315253257751,0.9373980164527893,0.24,-0.3092488646507263,-0.16208192706108093,-0.7406802177429199,0.30320999026298523,0.027706367895007133,1.0790389776229858,-1.3732727766036987,-0.03,1.02377188205719,0.499999076128006
1.556000828742981,0.01405678316950798,0.6515831351280212,-0.06740248948335648,0.029100585728883743,0.6178786754608154,-0.7828383445739746,-0.05979757010936737,-0.0014758171746507287,0.3704932630062103,0.4983861446380615,-0.13557974994182587,-0.4234588146209717,-0.6040282249450684,0.06,0.7723540663719177,0.9413246512413025,0.24,-0.3094949722290039,-0.14733773469924927,-0.8009282350540161,0.2987188994884491,0.03916537016630173,1.046071171760559,-1.3001787662506104,-0.03,1.0023661851882935,0.5370262265205383
1.555493712425232,0.01371761318296194,0.6509376764297485,-0.06814317405223846,0.02824915386736393,0.6181507706642151,-0.7825905680656433,-0.06546676903963089,0.0006764144054614007,0.3688042461872101,0.5062846541404724,-0.13690528273582458,-0.4274923801422119,-0.6079141497612,0.06,0.7721788883209229,0.9453970193862915,0.24,-0.3102681040763855,-0.13402916491031647,-0.8586819767951965,0.2909828722476959,0.05221940204501152,1.0111870765686035,-1.2249195575714111,-0.03,0.9681779146194458,0.5717113614082336
1.5549854040145874,0.013273928314447403,0.6502876281738281,-0.06909677386283875,0.026912013068795204,0.61761075258255,-0.7829802632331848,-0.07323626428842545,0.0032154328655451536,0.3645666539669037,0.5151218771934509,-0.13818080723285675,-0.4316309690475464,-0.6129276752471924,0.06,0.7708213329315186,0.9498343467712402,0.24,-0.3117475211620331,-0.1215425357222557,-0.914567768573761,0.2807140350341797,0.06434822082519531,0.9729909300804138,-1.1470842361450195,-0.03,0.9261568188667297,0.6020408272743225
1.55450439453125,0.012738417834043503,0.6496602296829224,-0.07020889967679977,0.025096241384744644,0.6164634227752686,-0.7838454246520996,-0.08267749845981598,0.006082318257540464,0.3584279716014862,0.524437427520752,-0.13938279449939728,-0.4357015788555145,-0.6188580989837646,0.06,0.7684009671211243,0.9541946053504944,0.24,-0.31356728076934814,-0.10926070809364319,-0.9693163633346558,0.26877760887145996,0.07293836027383804,0.9307237863540649,-1.0668889284133911,-0.03,0.8809921741485596,0.6279703378677368
1.554073691368103,0.012124705128371716,0.6491028666496277,-0.07139820605516434,0.02277737855911255,0.6149778962135315,-0.7849749326705933,-0.09326750785112381,0.009311079047620296,0.3512117564678192,0.5336361527442932,-0.14050547778606415,-0.43951350450515747,-0.6254242658615112,0.06,0.7647081613540649,0.9576078653335571,0.24,-0.3150154650211334,-0.09668008238077164,-1.0238022804260254,0.2560478448867798,0.0762188658118248,0.8844605088233948,-0.9848069548606873,-0.03,0.8350614905357361,0.6498826146125793
1.5537347793579102,0.011438972316682339,0.6486498117446899,-0.07255726307630539,0.019964562729001045,0.6134926676750183,-0.786106526851654,-0.10436660051345825,0.012966567650437355,0.3439094126224518,0.5422902703285217,-0.14153708517551422,-0.44314396381378174,-0.6322641372680664,0.06,0.7596710920333862,0.9593545198440552,0.24,-0.31542524695396423,-0.08309175074100494,-1.0788244009017944,0.242783784866333,0.07321010529994965,0.8353036642074585,-0.9014183282852173,-0.03,0.7889249920845032,0.6674756407737732
1.5535509586334229,0.010662397369742393,0.6483277082443237,-0.07359137386083603,0.016795622184872627,0.6123178005218506,-0.7870000600814819,-0.11494451016187668,0.016880696639418602,0.33748963475227356,0.5496945381164551,-0.14259575307369232,-0.4464837610721588,-0.6387749910354614,0.06,0.7537024617195129,0.9590989351272583,0.24,-0.314635694026947,-0.06757161766290665,-1.1348412036895752,0.2280154675245285,0.06358611583709717,0.7855044007301331,-0.8174002766609192,-0.03,0.7424575686454773,0.6802770495414734
1.5535799264907837,0.00975776556879282,0.6481595635414124,-0.07444392889738083,0.013474375009536743,0.6116710901260376,-0.7874864935874939,-0.12384772300720215,0.020738711580634117,0.33279815316200256,0.5550002455711365,-0.14373469352722168,-0.4494139850139618,-0.6443184614181519,0.06,0.7475041151046753,0.9568802118301392,0.24,-0.31286510825157166,-0.04912058264017105,-1.1918456554412842,0.20985107123851776,0.047733455896377563,0.7373537421226501,-0.7333873510360718,-0.03,0.6949760913848877,0.6883607506752014
1.5538592338562012,0.008691906929016113,0.648173987865448,-0.07513740658760071,0.010191860608756542,0.6115062236785889,-0.7875978946685791,-0.1303400993347168,0.024130038917064667,0.33009976148605347,0.5574784278869629,-0.14469502866268158,-0.4516180455684662,-0.6485061645507812,0.06,0.7413428425788879,0.9528639912605286,0.24,-0.31046730279922485,-0.02746090479195118,-1.2493462562561035,0.18672014772891998,0.027126815170049667,0.6920945644378662,-0.6498374938964844,-0.03,0.6458820700645447,0.6925116181373596
1.5543800592422485,0.007460248190909624,0.6483753323554993,-0.07574901729822159,0.006997831165790558,0.6115514039993286,-0.7875391840934753,-0.13457471132278442,0.026818886399269104,0.32877177000045776,0.5569954514503479,-0.14542332291603088,-0.45288291573524475,-0.6514480113983154,0.06,0.7349457144737244,0.9472939372062683,0.24,-0.3077673316001892,-0.003136132610961795,-1.3067212104797363,0.1583455502986908,0.0033795833587646484,0.6497891545295715,-0.5671868920326233,-0.03,0.5952430963516235,0.694153904914856
1.5550799369812012,0.00608311640098691,0.6487420797348022,-0.07632101327180862,0.0037925480864942074,0.611576497554779,-0.7874864935874939,-0.1373075246810913,0.02898474410176277,0.32794836163520813,0.5540840029716492,-0.14589524269104004,-0.453278511762619,-0.6534956693649292,0.06,0.7279724478721619,0.9403190612792969,0.24,-0.3048527240753174,0.02323947846889496,-1.3634282350540161,0.12559644877910614,-0.022435816004872322,0.6098809838294983,-0.48597243428230286,-0.03,0.5439313054084778,0.6952931880950928
1.5558706521987915,0.004588724579662085,0.6492447853088379,-0.07681703567504883,0.0004368332156445831,0.6115683317184448,-0.7874535918235779,-0.1392820030450821,0.031131383031606674,0.3271792232990265,0.549613356590271,-0.14650101959705353,-0.4530816972255707,-0.6548407077789307,0.06,0.7204613089561462,0.9318675994873047,0.24,-0.3015446066856384,0.05146436020731926,-1.4190008640289307,0.08995869010686874,-0.04947372153401375,0.5717681050300598,-0.4066561460494995,-0.03,0.4926251173019409,0.6976977586746216
1.5566686391830444,0.003003295511007309,0.6498606204986572,-0.07715156674385071,-0.0031674602068960667,0.6116412878036499,-0.7873579263687134,-0.14081992208957672,0.03378870710730553,0.3267124891281128,0.5441120266914368,-0.14694280922412872,-0.45240288972854614,-0.6555560827255249,0.06,0.7122417092323303,0.9217755198478699,0.23610259592533112,-0.2975236773490906,0.08139929920434952,-1.4731457233428955,0.05346738174557686,-0.07694097608327866,0.5348643064498901,-0.32950690388679504,-0.04126366972923279,0.4421212077140808,0.7020885348320007
1.5574061870574951,0.0013469438999891281,0.6505760550498962,-0.07724668085575104,-0.007029260508716106,0.6118520498275757,-0.7871597409248352,-0.14209550619125366,0.03731200471520424,0.32661107182502747,0.5381020307540894,-0.14782097935676575,-0.45149585604667664,-0.6554538607597351,0.06,0.7032326459884644,0.9097372889518738,0.21470171213150024,-0.2925001084804535,0.11250793933868408,-1.5256494283676147,0.03,-0.10397970676422119,0.4985243082046509,-0.25439244508743286,-0.07270216196775436,0.3938543200492859,0.7076500058174133
1.5580356121063232,-0.0003368500620126724,0.6513606309890747,-0.07711545377969742,-0.011127039790153503,0.6121236681938171,-0.7869141101837158,-0.14343363046646118,0.04175623878836632,0.3266502022743225,0.5319764614105225,-0.1488501876592636,-0.4504464864730835,-0.6545961499214172,0.06,0.6933757066726685,0.8957958221435547,0.19142962992191315,-0.2864285111427307,0.1439606249332428,-1.5765938758850098,0.03,-0.12946820259094238,0.46248874068260193,-0.18109087646007538,-0.10266102850437164,0.34915149211883545,0.7126948237419128
1.5585432052612305,-0.001995041500777006,0.652193546295166,-0.0768456906080246,-0.015388883650302887,0.6123881340026855,-0.7866629362106323,-0.14505785703659058,0.046883724629879,0.32663199305534363,0.5259038805961609,-0.15001927316188812,-0.44915738701820374,-0.6532026529312134,0.06,0.6828062534332275,0.8803085684776306,0.16704055666923523,-0.27948519587516785,0.17521201074123383,-1.6263982057571411,0.03,-0.1521027833223343,0.4270773231983185,-0.10965917259454727,-0.1299070417881012,0.30813339352607727,0.7165876626968384
1.5589337348937988,-0.003582070581614971,0.6530444622039795,-0.07651741057634354,-0.01970408484339714,0.6125848293304443,-0.7864454388618469,-0.1469992995262146,0.05235486105084419,0.3263411223888397,0.519901692867279,-0.15135197341442108,-0.44763678312301636,-0.6513975858688354,0.06,0.672037661075592,0.8637650609016418,0.1421770602464676,-0.27196019887924194,0.2059660106897354,-1.675528883934021,0.03,-0.17092378437519073,0.392998069524765,-0.040349822491407394,-0.15329062938690186,0.26976579427719116,0.7198249101638794
1.5592267513275146,-0.005057815462350845,0.6538727879524231,-0.07619555294513702,-0.02394672855734825,0.6126075983047485,-0.7863413095474243,-0.14942343533039093,0.05787670984864235,0.32554590702056885,0.5143303275108337,-0.15265986323356628,-0.4459860622882843,-0.6493690609931946,0.06,0.6613953709602356,0.8468596339225769,0.11753679811954498,-0.26426002383232117,0.2359262853860855,-1.7240345478057861,0.03,-0.18549510836601257,0.36060982942581177,0.026499256491661072,-0.17188996076583862,0.2328871637582779,0.7231103181838989
1.5594580173492432,-0.006375203374773264,0.6546431183815002,-0.07595231384038925,-0.028003431856632233,0.6122928857803345,-0.7864760160446167,-0.15261055529117584,0.06312631070613861,0.32386133074760437,0.5096045732498169,-0.153646782040596,-0.4443179666996002,-0.6474329829216003,0.06,0.6507181525230408,0.8303080797195435,0.09350083768367767,-0.2568184733390808,0.26472458243370056,-1.7715083360671997,0.03,-0.19580338895320892,0.3295639455318451,0.09042993932962418,-0.18508145213127136,0.1967305839061737,0.7266618609428406
1.5596691370010376,-0.0074828797951340675,0.655314564704895,-0.0758533924818039,-0.031817857176065445,0.6115553379058838,-0.7869141101837158,-0.15689973533153534,0.06785936653614044,0.3209405541419983,0.506168007850647,-0.15432462096214294,-0.44283172488212585,-0.6459541320800781,0.06,0.6403242349624634,0.814825713634491,0.07072533667087555,-0.24999666213989258,0.2922828197479248,-1.8174933195114136,0.03,-0.20198926329612732,0.299212783575058,0.15081621706485748,-0.19246530532836914,0.16093556582927704,0.7300843596458435
1.5598976612091064,-0.008352025412023067,0.6558558344841003,-0.0758906826376915,-0.03532800450921059,0.6104173064231873,-0.78764408826828,-0.16236409544944763,0.07198188453912735,0.3167671859264374,0.5044164061546326,-0.15465784072875977,-0.44175946712493896,-0.6451965570449829,0.06,0.6303882598876953,0.801164984703064,0.050252728164196014,-0.24414725601673126,0.31876498460769653,-1.8613877296447754,0.03,-0.2042245715856552,0.2687027156352997,0.20702265202999115,-0.19377923011779785,0.1254207044839859,0.7325031161308289
1.5601774454116821,-0.00898695457726717,0.6562460064888,-0.075982965528965,-0.038423147052526474,0.6089327335357666,-0.788638710975647,-0.1688157320022583,0.07551127672195435,0.31162750720977783,0.5048090815544128,-0.15417376160621643,-0.4414618909358978,-0.6450580358505249,0.06,0.6210577487945557,0.7898198366165161,0.03236718848347664,-0.23954297602176666,0.34425196051597595,-1.9023946523666382,0.03,-0.20257523655891418,0.23699268698692322,0.25851690769195557,-0.18900085985660553,0.09023979306221008,0.7325794696807861
1.560495376586914,-0.009403146803379059,0.6565227508544922,-0.07602159678936005,-0.04112773388624191,0.6070935130119324,-0.7899155020713806,-0.17639386653900146,0.07879684120416641,0.30589666962623596,0.507859468460083,-0.15158051252365112,-0.44203799962997437,-0.6458549499511719,0.06,0.6131911873817444,0.7818968296051025,0.02178766019642353,-0.23668357729911804,0.3685199022293091,-1.940324068069458,0.03,-0.19711314141750336,0.2034073919057846,0.30463624000549316,-0.17840735614299774,0.05552137643098831,0.729169487953186
1.560760259628296,-0.009653435088694096,0.6567682027816772,-0.07578469812870026,-0.043558742851018906,0.6045617461204529,-0.7917476892471313,-0.1854560673236847,0.08255627751350403,0.2990475296974182,0.5138689875602722,-0.14588285982608795,-0.44325584173202515,-0.6475701332092285,0.06,0.6068856716156006,0.7778052687644958,0.022670123726129532,-0.23585145175457,0.39037764072418213,-1.9755795001983643,0.03,-0.18842105567455292,0.16787104308605194,0.344953715801239,-0.16251812875270844,0.022039195522665977,0.7214064002037048
1.5610241889953613,-0.009728009812533855,0.6568641662597656,-0.07541662454605103,-0.04568251594901085,0.6013311147689819,-0.7941197752952576,-0.19659005105495453,0.08646495640277863,0.29080721735954285,0.5238017439842224,-0.13713598251342773,-0.4457264840602875,-0.6494459509849548,0.06,0.5982389450073242,0.7748076319694519,0.020691482350230217,-0.23580241203308105,0.4094918668270111,-2.0090839862823486,0.03,-0.1762164682149887,0.13128700852394104,0.3797014355659485,-0.14284288883209229,-0.010710112750530243,0.7096190452575684
1.561234712600708,-0.009639818221330643,0.6568008661270142,-0.07479240745306015,-0.04767303168773651,0.597550094127655,-0.7969110608100891,-0.20997421443462372,0.09098299592733383,0.28052613139152527,0.5380404591560364,-0.12750962376594543,-0.45113614201545715,-0.6517518162727356,0.06,0.5884671807289124,0.773481011390686,0.019487770274281502,-0.23658330738544464,0.4256393313407898,-2.041729688644409,0.03,-0.161852166056633,0.09450686722993851,0.40890318155288696,-0.12106765806674957,-0.04159604385495186,0.6958103179931641
1.5613607168197632,-0.00940005388110876,0.656480610370636,-0.0736730769276619,-0.04958501085639,0.5933964252471924,-0.7999963164329529,-0.22539804875850677,0.09668578952550888,0.2686050236225128,0.5564739108085632,-0.11709406971931458,-0.4574955999851227,-0.6542363166809082,0.06,0.5771850347518921,0.7738229036331177,0.017699895426630974,-0.2381124496459961,0.4383389949798584,-2.0733296871185303,0.03,-0.14835433661937714,0.0598890595138073,0.43194276094436646,-0.09962738305330276,-0.0670810118317604,0.6841639280319214
1.5613614320755005,-0.00902722030878067,0.655880331993103,-0.07182741165161133,-0.05141628161072731,0.5889980792999268,-0.8032921552658081,-0.24283087253570557,0.1040995866060257,0.25498855113983154,0.5798884630203247,-0.10629118978977203,-0.4661223292350769,-0.6565299034118652,0.06,0.5644837021827698,0.7758070230484009,0.015891019254922867,-0.2403029054403305,0.4470444321632385,-2.1025161743164062,0.03,-0.13897819817066193,0.029180264100432396,0.4483098089694977,-0.08123927563428879,-0.08290636539459229,0.6772129535675049
1.5612189769744873,-0.008526191115379333,0.6549891829490662,-0.0691305622458458,-0.05311296507716179,0.5843063592910767,-0.8068370819091797,-0.26178377866744995,0.11322391033172607,0.23931726813316345,0.6075211763381958,-0.09613179415464401,-0.4766707122325897,-0.6583849191665649,0.06,0.5499777793884277,0.7794033288955688,0.013767560943961143,-0.2432134747505188,0.45101985335350037,-2.127481698989868,0.03,-0.1365097314119339,0.003822281025350094,0.45777368545532227,-0.06779073178768158,-0.08704933524131775,0.676048994064331
1.5609748363494873,-0.007908016443252563,0.6538413166999817,-0.06554459035396576,-0.05442621931433678,0.5791553854942322,-0.8107530474662781,-0.28114625811576843,0.1232972964644432,0.220955953001976,0.6377719640731812,-0.0877864882349968,-0.48829182982444763,-0.6593513488769531,0.06,0.5333906412124634,0.7846857905387878,0.011348052881658077,-0.24710822105407715,0.4495922327041626,-2.146293878555298,0.03,-0.14267688989639282,-0.013916095718741417,0.46060416102409363,-0.06024002283811569,-0.07989262789487839,0.6800411939620972
1.5607120990753174,-0.007183157838881016,0.6524951457977295,-0.061111003160476685,-0.05500693619251251,0.5734328627586365,-0.8151161074638367,-0.2993544340133667,0.1332109570503235,0.19975313544273376,0.6686363220214844,-0.08213695138692856,-0.500167191028595,-0.6589127779006958,0.06,0.5147265195846558,0.7917943000793457,0.008737160824239254,-0.2523432672023773,0.44244149327278137,-2.1570982933044434,0.03,-0.1578352302312851,-0.021644292399287224,0.4567769467830658,-0.05867296829819679,-0.0632922351360321,0.6879459619522095
1.560535192489624,-0.006271746009588242,0.6510273218154907,-0.05600734427571297,-0.054759472608566284,0.5673955678939819,-0.8197113275527954,-0.3157038390636444,0.14227822422981262,0.1770293265581131,0.6990911960601807,-0.07846482843160629,-0.5119021534919739,-0.6569724678993225,0.06,0.4950205981731415,0.8001605272293091,0.006310475058853626,-0.25855326652526855,0.4303783178329468,-2.1588242053985596,0.03,-0.181328684091568,-0.017867574468255043,0.44393134117126465,-0.06805092841386795,-0.04245569929480553,0.6946287155151367
1.5604372024536133,-0.005300846416503191,0.6495112180709839,-0.05001093074679375,-0.053269580006599426,0.5605463981628418,-0.8248932361602783,-0.32917270064353943,0.15045487880706787,0.15282703936100006,0.7290071249008179,-0.07486172765493393,-0.523380696773529,-0.6522191166877747,0.06,0.4728534519672394,0.8097028732299805,0.0037493775598704815,-0.2662924826145172,0.41103726625442505,-2.1487910747528076,0.03,-0.2132745385169983,-0.0035878815688192844,0.4229508340358734,-0.08341377973556519,-0.012115036137402058,0.7054391503334045
1.560386300086975,-0.0041315509006381035,0.6479969024658203,-0.043508198112249374,-0.0508514866232872,0.5528193712234497,-0.8306092023849487,-0.3410964906215668,0.15737149119377136,0.12740358710289001,0.7582582235336304,-0.07036212086677551,-0.5341392755508423,-0.6456392407417297,0.06,0.4487225413322449,0.8197101950645447,0.0013195037608966231,-0.2748660445213318,0.384064644575119,-2.1250550746917725,0.03,-0.25171011686325073,0.019729740917682648,0.39178165793418884,-0.105237677693367,0.026849405840039253,0.7180798649787903
1.5603711605072021,-0.0026566453743726015,0.6464489698410034,-0.0369766503572464,-0.04783487319946289,0.5442742705345154,-0.8367257118225098,-0.3527534604072571,0.16233430802822113,0.10053832828998566,0.7867304682731628,-0.06562870740890503,-0.5438666939735413,-0.6387231945991516,0.06,0.4235613942146301,0.830431342124939,-0.0006120295729488134,-0.28406527638435364,0.35001981258392334,-2.0876595973968506,0.03,-0.29371172189712524,0.05315760150551796,0.35009363293647766,-0.13287349045276642,0.07323816418647766,0.7316546440124512
1.5604058504104614,-0.0008804132230579853,0.6448001265525818,-0.030850546434521675,-0.04446708783507347,0.5352625846862793,-0.8429499864578247,-0.36438173055648804,0.16456513106822968,0.07209479063749313,0.8137953877449036,-0.06308777630329132,-0.552405059337616,-0.6327398419380188,0.06,0.39877691864967346,0.8425217270851135,-0.0018265987746417522,-0.29391902685165405,0.3107962906360626,-2.039363384246826,0.03,-0.3355485200881958,0.09999916702508926,0.29923439025878906,-0.16347229480743408,0.12513282895088196,0.747111439704895
1.560537576675415,0.0010438389144837856,0.6430783271789551,-0.0252713393419981,-0.04061666876077652,0.5263333916664124,-0.8489314913749695,-0.37402236461639404,0.16366632282733917,0.04296792671084404,0.8378937244415283,-0.06518308073282242,-0.5595800876617432,-0.6273158192634583,0.06,0.3756827712059021,0.856001079082489,-0.0022367960773408413,-0.3043935298919678,0.2686467170715332,-1.982675313949585,0.03,-0.3748132884502411,0.16291852295398712,0.24161770939826965,-0.1929028332233429,0.1801815927028656,0.7664957642555237
1.5607142448425293,0.0029574965592473745,0.641334056854248,-0.020109377801418304,-0.03637619689106941,0.5176566243171692,-0.8545783162117004,-0.3810529410839081,0.16024696826934814,0.013168144971132278,0.858725368976593,-0.07275307923555374,-0.5655232667922974,-0.6218348145484924,0.06,0.3541263937950134,0.8701174259185791,-0.0021934222895652056,-0.3151997923851013,0.22482652962207794,-1.9193415641784668,0.03,-0.4115845263004303,0.23982898890972137,0.17917855083942413,-0.21752627193927765,0.23500603437423706,0.7914443016052246
1.560843825340271,0.004750913009047508,0.6396657228469849,-0.015203198418021202,-0.03194398805499077,0.5090408325195312,-0.8600149750709534,-0.3858512341976166,0.1551860123872757,-0.017401451244950294,0.876462996006012,-0.08457911014556885,-0.5702263712882996,-0.6157125234603882,0.06,0.333115816116333,0.8836345076560974,-0.0021115876734256744,-0.32583028078079224,0.17938029766082764,-1.8492034673690796,0.03,-0.4472249746322632,0.3244059979915619,0.11252590268850327,-0.23508533835411072,0.2878328263759613,0.8243398666381836
1.5608527660369873,0.0064028543420135975,0.6381658911705017,-0.010588588193058968,-0.027577046304941177,0.5001764893531799,-0.865419328212738,-0.38952794671058655,0.1490294337272644,-0.04854064807295799,0.8914952278137207,-0.09820228070020676,-0.5735273361206055,-0.6090172529220581,0.06,0.3118892312049866,0.8956643342971802,-0.0020959749817848206,-0.3358478248119354,0.1319056898355484,-1.7711942195892334,0.03,-0.4825812876224518,0.41005316376686096,0.04216692969202995,-0.24425974488258362,0.3384067714214325,0.8667820692062378
1.5606716871261597,0.007950383238494396,0.636857271194458,-0.006346712354570627,-0.023654891178011894,0.4907330572605133,-0.8709656596183777,-0.39395999908447266,0.14217254519462585,-0.08046098053455353,0.9047733545303345,-0.1113622859120369,-0.5753917694091797,-0.6024399995803833,0.06,0.2896443009376526,0.9058142304420471,-0.0024590310640633106,-0.3450256884098053,0.08231548219919205,-1.6853415966033936,0.03,-0.5172346830368042,0.49292775988578796,-0.02980935573577881,-0.24468256533145905,0.38587650656700134,0.9176024198532104
1.5603256225585938,0.009376308880746365,0.6357528567314148,-0.0024598129093647003,-0.02017761766910553,0.48057126998901367,-0.8767198920249939,-0.3993660509586334,0.13476379215717316,-0.1127934455871582,0.9166556000709534,-0.12267061322927475,-0.5759086012840271,-0.5958789587020874,0.06,0.2661086618900299,0.9141415357589722,-0.0031244505662471056,-0.3534380793571472,0.03117023967206478,-1.5922861099243164,0.03,-0.55018550157547,0.571790337562561,-0.09940049797296524,-0.2381487339735031,0.4288240373134613,0.9737312197685242
1.5599232912063599,0.010650084353983402,0.6348628997802734,0.0009407393517903984,-0.016913186758756638,0.47005268931388855,-0.882475733757019,-0.40453794598579407,0.12662817537784576,-0.1440591663122177,0.9266101121902466,-0.1320255547761917,-0.5751501321792603,-0.5891187191009521,0.06,0.242367222905159,0.9210654497146606,-0.0037695658393204212,-0.3613779842853546,-0.01941068097949028,-1.493909239768982,0.03,-0.5791325569152832,0.6462437510490417,-0.1630106121301651,-0.2282954454421997,0.4649457335472107,1.0324815511703491
1.5595624446868896,0.011756501160562038,0.6342536211013794,0.0035823029465973377,-0.013693082146346569,0.45985397696495056,-0.8878815770149231,-0.40781277418136597,0.11763990670442581,-0.17230822145938873,0.9331102967262268,-0.14031679928302765,-0.5729469060897827,-0.5821518898010254,0.06,0.22030283510684967,0.9265893697738647,-0.0039800615049898624,-0.3687421381473541,-0.06640133261680603,-1.3931430578231812,0.03,-0.6002382636070251,0.715813934803009,-0.21960802376270294,-0.2183569222688675,0.4916733205318451,1.093153953552246
1.5593024492263794,0.012690714560449123,0.6339982748031616,0.005276951473206282,-0.01043667271733284,0.4502776265144348,-0.8928120136260986,-0.40829771757125854,0.10767477005720139,-0.19690893590450287,0.935014545917511,-0.14846189320087433,-0.5689254403114319,-0.5749971270561218,0.06,0.20075435936450958,0.9305962324142456,-0.0036836424842476845,-0.3753487467765808,-0.10810434818267822,-1.2926242351531982,0.03,-0.6107145547866821,0.781251072883606,-0.2699087858200073,-0.21034683287143707,0.5067145228385925,1.1544106006622314
1.5591762065887451,0.01346683967858553,0.634099543094635,0.005982793867588043,-0.007137746084481478,0.44122937321662903,-0.8973459005355835,-0.4061577320098877,0.09675977379083633,-0.21789595484733582,0.9323884844779968,-0.15614381432533264,-0.5630435347557068,-0.5677608251571655,0.06,0.18356746435165405,0.9332724809646606,-0.0029192680958658457,-0.3812922537326813,-0.14457044005393982,-1.1941115856170654,0.03,-0.610445499420166,0.8442259430885315,-0.3154311776161194,-0.20502343773841858,0.5097842216491699,1.2142611742019653
1.559150218963623,0.01403823308646679,0.6345512866973877,0.005786464083939791,-0.0038015597965568304,0.4325587749481201,-0.9015790820121765,-0.40318238735198975,0.08627143502235413,-0.23225727677345276,0.9278727173805237,-0.1548568159341812,-0.5559521317481995,-0.5602682828903198,0.06,0.16816595196723938,0.9346051216125488,-0.0018264157697558403,-0.3866384029388428,-0.1765015572309494,-1.0983824729919434,0.03,-0.6009008884429932,0.9060612320899963,-0.3571440577507019,-0.20190741121768951,0.5019906163215637,1.2709614038467407
1.5592265129089355,0.014448756352066994,0.635280430316925,0.004855559207499027,-0.0004836962907575071,0.4238109290599823,-0.9057374596595764,-0.39870360493659973,0.07495300471782684,-0.24495208263397217,0.9200460314750671,-0.15263865888118744,-0.547398567199707,-0.5525036454200745,0.05876975506544113,0.15348008275032043,0.9348957538604736,-0.00034217978827655315,-0.3917352557182312,-0.2055828720331192,-1.0057421922683716,0.03,-0.5829401016235352,0.9685207605361938,-0.3949899971485138,-0.20001131296157837,0.4836518466472626,1.322386384010315
1.559377908706665,0.014693041332066059,0.6362064480781555,0.0036302045919001102,0.0027039782144129276,0.4150664806365967,-0.9097797274589539,-0.39313048124313354,0.06363978236913681,-0.2570602297782898,0.9099949598312378,-0.1506071537733078,-0.5379403829574585,-0.5440698862075806,0.042545635253190994,0.13886214792728424,0.9339011311531067,0.0012616351014003158,-0.39641913771629333,-0.23237326741218567,-0.9162193536758423,0.03,-0.5580530166625977,1.0320377349853516,-0.4282275140285492,-0.1974324733018875,0.45466017723083496,1.3676848411560059
1.5595791339874268,0.014758898876607418,0.6372722387313843,0.0024915726389735937,0.005665370263159275,0.4061141610145569,-0.9138013124465942,-0.38723036646842957,0.05300689488649368,-0.2694169580936432,0.8990342617034912,-0.14809809625148773,-0.5282177329063416,-0.534483790397644,0.02661927044391632,0.12316729873418808,0.9313492178916931,0.0027081335429102182,-0.4006721079349518,-0.25781193375587463,-0.8295925259590149,0.03,-0.5263290405273438,1.0949031114578247,-0.4559114873409271,-0.19238917529582977,0.4152180552482605,1.4063365459442139
1.5598381757736206,0.014629124663770199,0.638523519039154,0.0016549444990232587,0.008490344509482384,0.39671018719673157,-0.9179030656814575,-0.3805274963378906,0.04316718503832817,-0.2830255329608917,0.8867822885513306,-0.14616604149341583,-0.51801997423172,-0.5228129625320435,0.011008848436176777,0.10543560981750488,0.9266147017478943,0.0039027943275868893,-0.40439292788505554,-0.28268951177597046,-0.7450451850891113,0.03,-0.486937940120697,1.1534998416900635,-0.4771980345249176,-0.18386539816856384,0.3665946125984192,1.4371801614761353
1.5602061748504639,0.014328930526971817,0.640055239200592,0.0010441766353324056,0.011337028816342354,0.38680747151374817,-0.9220901727676392,-0.37208014726638794,0.03391190618276596,-0.2977650463581085,0.8719727396965027,-0.14545375108718872,-0.5066977143287659,-0.5084545016288757,-0.0045770020224153996,0.08568794280290604,0.9191676378250122,0.005135958548635244,-0.4074740409851074,-0.30721932649612427,-0.6622806787490845,0.03,-0.43891721963882446,1.2058744430541992,-0.4921807050704956,-0.17218327522277832,0.3099435567855835,1.4582736492156982
1.5607118606567383,0.013920566998422146,0.6419390439987183,0.00032444362295791507,0.014247842133045197,0.37657955288887024,-0.9262745976448059,-0.36168086528778076,0.025009479373693466,-0.31205976009368896,0.8538305759429932,-0.1440766602754593,-0.493895560503006,-0.491750568151474,-0.02048814855515957,0.06473881006240845,0.9088737368583679,0.006665742956101894,-0.4095776677131653,-0.3308698832988739,-0.5813814997673035,0.03,-0.38052940368652344,1.250240445137024,-0.5014410018920898,-0.15849831700325012,0.2454237937927246,1.46
1.5613584518432617,0.013478310778737068,0.644135057926178,-0.0008864275878295302,0.017169877886772156,0.3661978244781494,-0.9303780794143677,-0.34947970509529114,0.01588834635913372,-0.3253733515739441,0.83182293176651,-0.14223197102546692,-0.47915199398994446,-0.4738069176673889,-0.03708125278353691,0.04355655238032341,0.8964762687683105,0.008628291077911854,-0.41078734397888184,-0.35288703441619873,-0.5022909641265869,0.03,-0.3113960921764374,1.2851688861846924,-0.5057099461555481,-0.14412569999694824,0.1723996102809906,1.4597312211990356
1.5621243715286255,0.013079998083412647,0.6464840769767761,-0.0028542410582304,0.019885819405317307,0.35580363869667053,-0.9343446493148804,-0.33665570616722107,0.0060931914485991,-0.3376064598560333,0.8068566918373108,-0.13970455527305603,-0.46275240182876587,-0.4563819169998169,-0.054443445056676865,0.023077452555298805,0.883497416973114,0.011200400069355965,-0.41152510046958923,-0.37266504764556885,-0.4246189296245575,0.03,-0.23163053393363953,1.3083500862121582,-0.5060164332389832,-0.13007888197898865,0.09179618954658508,1.4352456331253052
1.562941312789917,0.01279955543577671,0.6487880349159241,-0.005608471110463142,0.021903371438384056,0.3456003963947296,-0.9381092190742493,-0.3252560794353485,-0.004365811124444008,-0.34934696555137634,0.7807141542434692,-0.1368798464536667,-0.445432186126709,-0.4415866434574127,-0.07201453298330307,0.0040478333830833435,0.8712785243988037,0.014270302839577198,-0.41201546788215637,-0.38931572437286377,-0.3497155010700226,0.06164993718266487,-0.14234037697315216,1.319243311882019,-0.5034980773925781,-0.11652547866106033,0.005598893389105797,1.3948012590408325
1.5637478828430176,0.012638390064239502,0.6508968472480774,-0.008821438066661358,0.022831689566373825,0.33588892221450806,-0.9415833950042725,-0.31684035062789917,-0.014749066904187202,-0.36102569103240967,0.755474865436554,-0.13409824669361115,-0.4283328354358673,-0.4304715692996979,-0.08864403516054153,-0.013209672644734383,0.8603455424308777,0.017481885850429535,-0.41224566102027893,-0.4015774428844452,-0.2804069221019745,0.09646014869213104,-0.046027772128582,1.3191407918930054,-0.4993102550506592,-0.10311095416545868,-0.08361881971359253,1.3433771133422852
1.5645768642425537,0.012503819540143013,0.6527851223945618,-0.011887863278388977,0.022832883521914482,0.32679280638694763,-0.9447452425956726,-0.310972660779953,-0.024033335968852043,-0.3729093074798584,0.7323564887046814,-0.13176321983337402,-0.4124845862388611,-0.421642541885376,-0.10334111750125885,-0.029399627819657326,0.8500887155532837,0.020526185631752014,-0.4121794104576111,-0.4087315797805786,-0.2187315970659256,0.13189385831356049,0.05426168441772461,1.3095240592956543,-0.4941410720348358,-0.08995513617992401,-0.17344219982624054,1.2873075008392334
1.5655463933944702,0.012255633249878883,0.6545719504356384,-0.014186886139214039,0.022617880254983902,0.3179599940776825,-0.9477280974388123,-0.3053479492664337,-0.0314711295068264,-0.3853549063205719,0.7110767364501953,-0.1298600733280182,-0.39821478724479675,-0.41142475605010986,-0.11591704934835434,-0.04659268632531166,0.8388777375221252,0.023346977308392525,-0.41184163093566895,-0.411673367023468,-0.16431060433387756,0.1666165590286255,0.1557367742061615,1.2915823459625244,-0.48817235231399536,-0.07748143374919891,-0.26205623149871826,1.2318310737609863
1.5667030811309814,0.011818637140095234,0.6563984751701355,-0.015490025281906128,0.022748446092009544,0.3087979257106781,-0.9507293105125427,-0.29812681674957275,-0.03698919340968132,-0.3990994095802307,0.6904076933860779,-0.12851373851299286,-0.3849722146987915,-0.3971487879753113,-0.1267472803592682,-0.06653159111738205,0.8255563974380493,0.026624323800206184,-0.41132456064224243,-0.4121347963809967,-0.11587798595428467,0.19964821636676788,0.2549533545970917,1.2671866416931152,-0.4818360507488251,-0.06598620116710663,-0.3484658896923065,1.1790220737457275
1.5679211616516113,0.011250953190028667,0.6583076119422913,-0.016107818111777306,0.0230823066085577,0.29902809858322144,-0.9538290500640869,-0.289857417345047,-0.04107776656746864,-0.41450434923171997,0.669457733631134,-0.12761622667312622,-0.3718154728412628,-0.3797176480293274,-0.13614027202129364,-0.08873453736305237,0.8103638291358948,0.03178652748465538,-0.4105442762374878,-0.4111042022705078,-0.07298296689987183,0.2309839129447937,0.3486741781234741,1.2387257814407349,-0.47653380036354065,-0.05542585998773575,-0.43188706040382385,1.1282118558883667
1.5689918994903564,0.010649370029568672,0.660233199596405,-0.016492294147610664,0.023122994229197502,0.28871187567710876,-0.9569945335388184,-0.28239428997039795,-0.04432143270969391,-0.4316653609275818,0.6482482552528381,-0.12720675766468048,-0.3582036793231964,-0.36217933893203735,-0.14417797327041626,-0.11121289432048798,0.7949612140655518,0.040581393986940384,-0.4096791744232178,-0.40863990783691406,-0.035632796585559845,0.2610129415988922,0.4349370002746582,1.207415223121643,-0.4737640619277954,-0.04523288831114769,-0.5124718546867371,1.0768407583236694
1.5697789192199707,0.010009941644966602,0.6620582342147827,-0.016824135556817055,0.02272989973425865,0.27796074748039246,-0.9601759314537048,-0.2766943871974945,-0.04701929911971092,-0.45064738392829895,0.6275471448898315,-0.12759652733802795,-0.34437069296836853,-0.3462652266025543,-0.15091106295585632,-0.1327638030052185,0.7809841632843018,0.05360167473554611,-0.40932825207710266,-0.40459904074668884,-0.0033723441883921623,0.28925806283950806,0.5135108828544617,1.1727463006973267,-0.4741648733615875,-0.03486935794353485,-0.5906873345375061,1.0221657752990723
1.5702424049377441,0.00921209529042244,0.663689374923706,-0.0169672928750515,0.022212767973542213,0.2668384611606598,-0.9633358120918274,-0.2723242938518524,-0.049005940556526184,-0.47139865159988403,0.6082626581192017,-0.12910573184490204,-0.33108994364738464,-0.3320501446723938,-0.15636998414993286,-0.15358470380306244,0.7700422406196594,0.06970984488725662,-0.40954840183258057,-0.39894968271255493,0.02423970215022564,0.3145008683204651,0.5849883556365967,1.1341981887817383,-0.477161705493927,-0.03,-0.6662120819091797,0.9631574749946594
1.570412039756775,0.008090381510555744,0.6652019023895264,-0.016528282314538956,0.022002289071679115,0.2553778886795044,-0.966449499130249,-0.2678881287574768,-0.049375660717487335,-0.49366143345832825,0.5902872085571289,-0.13163799047470093,-0.3187425434589386,-0.3207344114780426,-0.16067588329315186,-0.17428749799728394,0.76650071144104,0.08606190234422684,-0.40671655535697937,-0.39176422357559204,0.04691840335726738,0.3359188735485077,0.6500244736671448,1.0933390855789185,-0.48134753108024597,-0.03,-0.7377023696899414,0.9013645052909851
1.5703074932098389,0.006562795955687761,0.6666367650032043,-0.015225022099912167,0.022220339626073837,0.24398204684257507,-0.969405472278595,-0.26287150382995605,-0.04725106433033943,-0.5167058110237122,0.5737934112548828,-0.13531748950481415,-0.3078545928001404,-0.313585102558136,-0.16353076696395874,-0.19403913617134094,0.7727922201156616,0.10015202313661575,-0.39802485704421997,-0.3822438418865204,0.0635613203048706,0.35409221053123474,0.7089998722076416,1.0537627935409546,-0.4857251048088074,-0.03,-0.803804337978363,0.8396808505058289
1.5699642896652222,0.004630747251212597,0.6679379343986511,-0.013042288832366467,0.022847959771752357,0.23315474390983582,-0.9720836281776428,-0.25758737325668335,-0.042566124349832535,-0.5396190881729126,0.5597629547119141,-0.14004704356193542,-0.2992228865623474,-0.3104548156261444,-0.16423040628433228,-0.21003887057304382,0.787902295589447,0.1091921404004097,-0.38301169872283936,-0.3694377541542053,0.07402429729700089,0.3701685070991516,0.7628698348999023,1.0178660154342651,-0.4896496832370758,-0.03,-0.8637466430664062,0.7810046076774597
1.5693976879119873,0.0023838819470256567,0.6689968109130859,-0.010336272418498993,0.02371964231133461,0.2232818603515625,-0.9744104146957397,-0.25290581583976746,-0.036225493997335434,-0.5615707039833069,0.5490427017211914,-0.14557480812072754,-0.29318997263908386,-0.3095712959766388,-0.16251510381698608,-0.21950139105319977,0.8077975511550903,0.12354284524917603,-0.37416496872901917,-0.3529387414455414,0.0790502056479454,0.3850589096546173,0.8130604028701782,0.9862337708473206,-0.49275004863739014,-0.03,-0.917070209980011,0.7266660928726196
1.5685598850250244,-6.748355372110382e-05,0.6697707772254944,-0.0076069300994277,0.024472327902913094,0.2145419418811798,-0.9763785004615784,-0.24979718029499054,-0.029215132817626,-0.5820884704589844,0.541170060634613,-0.15170791745185852,-0.2890549302101135,-0.3107656240463257,-0.15857170522212982,-0.2214335799217224,0.8283054828643799,0.14113537967205048,-0.36409640312194824,-0.33317750692367554,0.07926881313323975,0.39960214495658875,0.8610239028930664,0.959354817867279,-0.4950160086154938,-0.03,-0.9632713794708252,0.6768273711204529
1.5674490928649902,-0.0026783531066030264,0.6703506112098694,-0.005104432348161936,0.024964461103081703,0.206711083650589,-0.978070080280304,-0.2480786293745041,-0.02187154069542885,-0.6013148427009583,0.5344281792640686,-0.1583101749420166,-0.28573110699653625,-0.3143694996833801,-0.15226659178733826,-0.21519851684570312,0.8480546474456787,0.1533891260623932,-0.3536665141582489,-0.31175029277801514,0.07628981024026871,0.4133116602897644,0.9083331823348999,0.9350905418395996,-0.4959696829319,-0.03,-1.0021848678588867,0.6302143335342407
1.566107988357544,-0.005445217713713646,0.6708325743675232,-0.002921544248238206,0.02538132108747959,0.19916380941867828,-0.9796330332756042,-0.24683669209480286,-0.014425206929445267,-0.6200318336486816,0.5271211862564087,-0.16533811390399933,-0.28209349513053894,-0.3184875547885895,-0.1439221203327179,-0.1993180811405182,0.8655256628990173,0.15355049073696136,-0.34209540486335754,-0.2910001873970032,0.07188791036605835,0.42563214898109436,0.956348717212677,0.9120020270347595,-0.49475592374801636,-0.03,-1.0341742038726807,0.5850569009780884
1.5646065473556519,-0.00830652005970478,0.6711300611495972,-0.0012511999811977148,0.0257540475577116,0.19139516353607178,-0.9811742305755615,-0.2464773952960968,-0.007940289564430714,-0.639176070690155,0.5199368596076965,-0.17265452444553375,-0.2784348726272583,-0.3221142292022705,-0.13435089588165283,-0.17693105340003967,0.8774586915969849,0.147141233086586,-0.33233439922332764,-0.27271944284439087,0.0673249140381813,0.43646007776260376,1.0063663721084595,0.8894083499908447,-0.49213337898254395,-0.03,-1.060051441192627,0.5411315560340881
1.562925934791565,-0.011225954629480839,0.671069860458374,-0.00026531441835686564,0.025884684175252914,0.1836259663105011,-0.9826552867889404,-0.24825477600097656,-0.003288271836936474,-0.6587438583374023,0.5148196220397949,-0.1803319901227951,-0.27556750178337097,-0.3250199258327484,-0.12383972108364105,-0.1495121270418167,0.883449912071228,0.1370360404253006,-0.32734185457229614,-0.25705090165138245,0.06338827311992645,0.4460272789001465,1.0595016479492188,0.8667006492614746,-0.48935845494270325,-0.03,-1.0776866674423218,0.49912720918655396
1.5610469579696655,-0.014203055761754513,0.6705564856529236,-5.176991908228956e-05,0.025698035955429077,0.17643392086029053,-0.9839769601821899,-0.25253286957740784,-0.0007331524975597858,-0.6777493953704834,0.5129079222679138,-0.18823158740997314,-0.27428486943244934,-0.32549476623535156,-0.11240542680025101,-0.11903750151395798,0.8823798298835754,0.12490160763263702,-0.3300555944442749,-0.24298803508281708,0.060396794229745865,0.4546281397342682,1.1157110929489136,0.8440171480178833,-0.48699507117271423,-0.03,-1.0850359201431274,0.45922884345054626
1.55897855758667,-0.01724841445684433,0.6695880889892578,-0.0006788401515223086,0.025249801576137543,0.17032597959041595,-0.9850638508796692,-0.2588155269622803,-0.00017765337543096393,-0.6950446963310242,0.5140835642814636,-0.19633916020393372,-0.2746849060058594,-0.3219127655029297,-0.10093677788972855,-0.08826693147420883,0.8723474740982056,0.11248985677957535,-0.3418281376361847,-0.2290881723165512,0.058164551854133606,0.46274465322494507,1.173312783241272,0.8222097158432007,-0.48520439863204956,-0.03,-1.0834097862243652,0.420877605676651
1.556703805923462,-0.020347673445940018,0.6681965589523315,-0.0022244532592594624,0.02450539916753769,0.16545283794403076,-0.9859106540679932,-0.2668306231498718,-0.001549169304780662,-0.7101594805717468,0.5176905989646912,-0.2045678347349167,-0.2764318585395813,-0.3142765462398529,-0.09093937277793884,-0.06039448827505112,0.8536162972450256,0.10187534242868423,-0.3622736632823944,-0.2143603414297104,0.05624057352542877,0.47068092226982117,1.2295467853546143,0.8013738989830017,-0.48400184512138367,-0.0316196009516716,-1.07636296749115,0.38299188017845154
1.5541877746582031,-0.023458566516637802,0.6663928627967834,-0.0047106365673244,0.023366644978523254,0.16182313859462738,-0.9865317940711975,-0.27674880623817444,-0.004871923942118883,-0.7230672240257263,0.5235297679901123,-0.2128569781780243,-0.27928903698921204,-0.30409494042396545,-0.0836711898446083,-0.038168441504240036,0.8282645344734192,0.09496387839317322,-0.38975054025650024,-0.19820989668369293,0.05425075814127922,0.47797051072120667,1.282267451286316,0.7801361083984375,-0.4830477237701416,-0.039345793426036835,-1.0672954320907593,0.344195693731308
1.5514212846755981,-0.026491988450288773,0.6642051339149475,-0.008081785403192043,0.0218306053429842,0.159541055560112,-0.9869167804718018,-0.2884822189807892,-0.010043857619166374,-0.7334640026092529,0.5314846634864807,-0.22108720242977142,-0.2830812931060791,-0.29329434037208557,-0.07962647080421448,-0.028037680312991142,0.8005317449569702,0.10034974664449692,-0.4235452115535736,-0.18003877997398376,0.051739949733018875,0.4837549924850464,1.330353856086731,0.7574549913406372,-0.4813947081565857,-0.0451631061732769,-1.0584676265716553,0.3035944402217865
1.5483901500701904,-0.029522506520152092,0.6617932319641113,-0.011831534095108509,0.02002233825623989,0.15886276960372925,-0.9870266318321228,-0.30124300718307495,-0.01545414887368679,-0.7408396601676941,0.5410012006759644,-0.2286984622478485,-0.2878897488117218,-0.28447169065475464,-0.07829563319683075,-0.028795402497053146,0.7738585472106934,0.10480382293462753,-0.46540871262550354,-0.159236341714859,0.048766590654850006,0.488243967294693,1.3730792999267578,0.7333853840827942,-0.4774784445762634,-0.04869578778743744,-1.0509753227233887,0.2620035707950592
1.545888066291809,-0.03287283331155777,0.6609553694725037,-0.012719709426164627,0.01952245645225048,0.15768080949783325,-0.9872152209281921,-0.30788546800613403,-0.013387048617005348,-0.7442479729652405,0.5461035966873169,-0.22085152566432953,-0.2911650240421295,-0.28927820920944214,-0.07682320475578308,-0.04415281116962433,0.7777808308601379,0.07533486187458038,-0.4663129448890686,-0.14057479798793793,0.048819705843925476,0.4920203983783722,1.411001205444336,0.7066495418548584,-0.4657374620437622,-0.04948022961616516,-1.0467954874038696,0.22722066938877106
1.5436426401138306,-0.03605744615197182,0.6604588031768799,-0.012714213691651821,0.019864076748490334,0.1576298475265503,-0.9872164726257324,-0.31347936391830444,-0.010427376255393028,-0.7408994436264038,0.5555241107940674,-0.20246800780296326,-0.29637593030929565,-0.28912416100502014,-0.07375921308994293,-0.060293931514024734,0.7763640284538269,0.04321981593966484,-0.4639790952205658,-0.12178651243448257,0.04941616207361221,0.49493110179901123,1.4457523822784424,0.6814253330230713,-0.4503404498100281,-0.049985092133283615,-1.0394375324249268,0.20053260028362274
1.5416799783706665,-0.0389387421309948,0.660020112991333,-0.012279568240046501,0.02106023021042347,0.15803173184394836,-0.9871330261230469,-0.3180422782897949,-0.007888572290539742,-0.7294368147850037,0.5679709315299988,-0.18290358781814575,-0.3017130196094513,-0.28654927015304565,-0.06991563737392426,-0.07329250127077103,0.7748036980628967,0.01776743307709694,-0.46235936880111694,-0.10608474165201187,0.05104057490825653,0.4951942265033722,1.4787142276763916,0.6545172333717346,-0.43229249119758606,-0.05094560235738754,-1.0228445529937744,0.18285763263702393
1.5400471687316895,-0.04153168573975563,0.6595548987388611,-0.01157937292009592,0.02322503924369812,0.15824782848358154,-0.9870583415031433,-0.32056674361228943,-0.005535201169550419,-0.7123165726661682,0.5805463194847107,-0.16874679923057556,-0.3056631088256836,-0.2817586064338684,-0.06607777625322342,-0.08373761922121048,0.774648129940033,0.00010961338557535782,-0.4624454081058502,-0.0954199880361557,0.053095873445272446,0.49165770411491394,1.5091766119003296,0.6234654188156128,-0.4116649627685547,-0.051583100110292435,-0.9951422810554504,0.1702672690153122
1.5387171506881714,-0.04388828203082085,0.6590905785560608,-0.0105440653860569,0.026026232168078423,0.15780407190322876,-0.9870710372924805,-0.32190194725990295,-0.0028493397403508425,-0.692537784576416,0.5927857160568237,-0.1590663492679596,-0.3082837164402008,-0.2746936082839966,-0.06233299896121025,-0.09386487305164337,0.7747459411621094,-0.012517254799604416,-0.46351388096809387,-0.0899602621793747,0.053866103291511536,0.4849393963813782,1.5362542867660522,0.5884171724319458,-0.3887767195701599,-0.05154472962021828,-0.9603922367095947,0.15918336808681488
1.5375919342041016,-0.04610124230384827,0.6586390137672424,-0.008991437964141369,0.028849473223090172,0.15615563094615936,-0.9872700572013855,-0.32437863945961,0.0012187910033389926,-0.6725227236747742,0.6055046916007996,-0.14956170320510864,-0.3102962374687195,-0.26672711968421936,-0.057743221521377563,-0.1031288281083107,0.7753965854644775,-0.017095215618610382,-0.46575966477394104,-0.08965349942445755,0.05212654173374176,0.47656795382499695,1.5596601963043213,0.5506694316864014,-0.3649992346763611,-0.05057596042752266,-0.9250987768173218,0.14823469519615173
1.5366045236587524,-0.048108942806720734,0.6580609083175659,-0.0071466523222625256,0.031178515404462814,0.1535102128982544,-0.9876290559768677,-0.3304790258407593,0.006891792174428701,-0.6527136564254761,0.6215417981147766,-0.1390128880739212,-0.31626927852630615,-0.25910747051239014,-0.053284864872694016,-0.11462539434432983,0.7758587002754211,-0.022105801850557327,-0.46826452016830444,-0.0932813286781311,0.047620177268981934,0.4676778018474579,1.5792651176452637,0.5133692026138306,-0.34275346994400024,-0.04952995106577873,-0.8927496671676636,0.1395341455936432
1.5357671976089478,-0.04988838732242584,0.6572882533073425,-0.0050641135312616825,0.032906536012887955,0.15011197328567505,-0.9881080985069275,-0.34161511063575745,0.014098800718784332,-0.6322851181030273,0.6443169116973877,-0.1284942924976349,-0.3325771987438202,-0.25285449624061584,-0.04885463789105415,-0.1270182728767395,0.7773128747940063,-0.026428883895277977,-0.4715422987937927,-0.1001913771033287,0.041337527334690094,0.4587004482746124,1.595000982284546,0.4788064658641815,-0.32358089089393616,-0.0489492230117321,-0.863422155380249,0.136063352227211
1.5350850820541382,-0.05143505334854126,0.656262218952179,-0.0024759110528975725,0.033933866769075394,0.1456257402896881,-0.9887544512748718,-0.3587333559989929,0.02300373464822769,-0.6094087958335876,0.6757096648216248,-0.1194276213645935,-0.3605039119720459,-0.24776428937911987,-0.04403882473707199,-0.14125555753707886,0.7795181274414062,-0.03032119944691658,-0.47558480501174927,-0.11104094982147217,0.0342579148709774,0.4498498737812042,1.6059943437576294,0.4471878409385681,-0.3082752227783203,-0.048931196331977844,-0.8367563486099243,0.140109583735466
1.534495234489441,-0.052759263664484024,0.6550006866455078,0.0010274177184328437,0.033917251974344254,0.1392381489276886,-0.9896773099899292,-0.3834751546382904,0.03335438296198845,-0.5838546752929688,0.7192577719688416,-0.11268363147974014,-0.38971754908561707,-0.24349337816238403,-0.03814978525042534,-0.15943820774555206,0.7811562418937683,-0.03401642292737961,-0.47992414236068726,-0.12712588906288147,0.027173638343811035,0.4419384002685547,1.610714077949524,0.4189407527446747,-0.2977031171321869,-0.04984230920672417,-0.8139414191246033,0.15331000089645386
1.5339008569717407,-0.053838472813367844,0.6536294221878052,0.005433334968984127,0.032426927238702774,0.13051162660121918,-0.9909013509750366,-0.4175507128238678,0.044357188045978546,-0.5575239658355713,0.7783181667327881,-0.10669907182455063,-0.4075271487236023,-0.24054007232189178,-0.03118981048464775,-0.1824282705783844,0.7811164855957031,-0.037720922380685806,-0.4841563105583191,-0.1488291472196579,0.022192342206835747,0.43506115674972534,1.6084747314453125,0.39601656794548035,-0.29320958256721497,-0.052822988480329514,-0.7977707982063293,0.17527949810028076
1.5333064794540405,-0.054595377296209335,0.652229905128479,0.010300631634891033,0.029482288286089897,0.12017568945884705,-0.9922612309455872,-0.45830461382865906,0.057166580110788345,-0.5293452143669128,0.8482974171638489,-0.09929369390010834,-0.41572460532188416,-0.2398483008146286,-0.023754019290208817,-0.2076074481010437,0.7798643112182617,-0.04048607125878334,-0.4875408113002777,-0.17428243160247803,0.023574162274599075,0.4271099269390106,1.5992649793624878,0.3807133436203003,-0.2961471378803253,-0.05958077684044838,-0.7914887070655823,0.2021327167749405
1.532839298248291,-0.054903410375118256,0.6508684754371643,0.015071270056068897,0.025652196258306503,0.10946419090032578,-0.9935452938079834,-0.4978030025959015,0.07464496046304703,-0.49554443359375,0.9139807224273682,-0.09006533771753311,-0.4190745949745178,-0.24136869609355927,-0.01698504202067852,-0.23184970021247864,0.7785372138023376,-0.041660863906145096,-0.490291029214859,-0.20140226185321808,0.03519307076931,0.41417619585990906,1.5852969884872437,0.37351512908935547,-0.3080393671989441,-0.07129203528165817,-0.7947002053260803,0.22882987558841705
1.5327024459838867,-0.05471089854836464,0.649677574634552,0.01951197162270546,0.0218051690608263,0.09878194332122803,-0.994678795337677,-0.5258040428161621,0.09869025647640228,-0.45442280173301697,0.9526411890983582,-0.0792306661605835,-0.4177621006965637,-0.24262136220932007,-0.011680468916893005,-0.25490689277648926,0.7765516638755798,-0.041456058621406555,-0.4926849901676178,-0.22914519906044006,0.057009559124708176,0.3940263092517853,1.5688872337341309,0.3730680048465729,-0.3288436830043793,-0.09022365510463715,-0.8041800260543823,0.2519921362400055
1.5330716371536255,-0.05406513810157776,0.6487857103347778,0.02371876873075962,0.018614960834383965,0.08778728544712067,-0.9956827163696289,-0.5344433188438416,0.1273101568222046,-0.4070981740951538,0.9463168382644653,-0.06791353225708008,-0.4109537601470947,-0.24062137305736542,-0.007743861526250839,-0.2780541777610779,0.7723700404167175,-0.03965039178729057,-0.4948635697364807,-0.2564532160758972,0.08575402945280075,0.36729860305786133,1.5518255233764648,0.37532126903533936,-0.35661807656288147,-0.11656218022108078,-0.8170179128646851,0.26661184430122375
1.5339683294296265,-0.05285302922129631,0.6481407284736633,0.027459027245640755,0.016033435240387917,0.07615090161561966,-0.9965890645980835,-0.5232903957366943,0.15250584483146667,-0.3573751151561737,0.8974692821502686,-0.059465762227773666,-0.40176305174827576,-0.2357712835073471,-0.005956566426903009,-0.3015132248401642,0.7668417692184448,-0.03589227423071861,-0.4970801770687103,-0.2820103168487549,0.1171523705124855,0.333761066198349,1.538124442100525,0.37192878127098083,-0.3903508186340332,-0.14601093530654907,-0.8306620717048645,0.2671806812286377
1.535400629043579,-0.05069577321410179,0.6489026546478271,0.028660736978054047,0.014040527865290642,0.06583300977945328,-0.9973200559616089,-0.5112147331237793,0.15798498690128326,-0.33112525939941406,0.8512271642684937,-0.05102831497788429,-0.3694475591182709,-0.22734646499156952,-0.009559694677591324,-0.3202475309371948,0.7545715570449829,-0.029616883024573326,-0.4951610565185547,-0.30080509185791016,0.1483020931482315,0.28941696882247925,1.5290496349334717,0.358225554227829,-0.4309256672859192,-0.17138902842998505,-0.8413140177726746,0.25080177187919617
1.537075161933899,-0.04782034456729889,0.6525658369064331,0.02551865577697754,0.01313320267945528,0.060173071920871735,-0.997775137424469,-0.49470254778862,0.14597970247268677,-0.3256060481071472,0.817880392074585,-0.048790156841278076,-0.3521539270877838,-0.21251727640628815,-0.01919003576040268,-0.3280106484889984,0.7263007760047913,-0.021057313308119774,-0.4822363257408142,-0.3069207966327667,0.17598776519298553,0.2363296002149582,1.5204828977584839,0.3402290940284729,-0.48160502314567566,-0.18654416501522064,-0.8459986448287964,0.22457090020179749
1.538355827331543,-0.044875241816043854,0.6575772166252136,0.020513951778411865,0.011377125978469849,0.0568959079682827,-0.9981045126914978,-0.46706897020339966,0.1341537982225418,-0.3152792155742645,0.7622972726821899,-0.061033181846141815,-0.3238567113876343,-0.19797341525554657,-0.030363555997610092,-0.3315638601779938,0.6891638040542603,-0.013886566273868084,-0.4622260630130768,-0.30552563071250916,0.19696316123008728,0.18673868477344513,1.5110174417495728,0.3224620223045349,-0.5438196063041687,-0.18956276774406433,-0.85126131772995,0.19813629984855652
1.5391309261322021,-0.042112868279218674,0.663222074508667,0.014912326820194721,0.008189162239432335,0.05418115854263306,-0.998386025428772,-0.4362388849258423,0.12377618998289108,-0.3028647303581238,0.6918784379959106,-0.0775362104177475,-0.28703853487968445,-0.18515275418758392,-0.041249603033065796,-0.3363560736179352,0.6461739540100098,-0.011565002612769604,-0.4380555748939514,-0.30102676153182983,0.21266506612300873,0.14773167669773102,1.5041526556015015,0.30783528089523315,-0.6110728979110718,-0.18388912081718445,-0.8628175258636475,0.17314410209655762
1.5394539833068848,-0.03954789787530899,0.6685484051704407,0.009419037029147148,0.0037025874480605125,0.05143672227859497,-0.9986249208450317,-0.4081308841705322,0.11467788368463516,-0.2900815010070801,0.6175540685653687,-0.09053200483322144,-0.24697157740592957,-0.17724090814590454,-0.05174368619918823,-0.3426353335380554,0.605908989906311,-0.014278226532042027,-0.4140282869338989,-0.2959752082824707,0.22598889470100403,0.11968270689249039,1.5020586252212524,0.293246328830719,-0.6747074723243713,-0.1740931123495102,-0.8782896399497986,0.14953185617923737
1.5394560098648071,-0.03711054101586342,0.6727688312530518,0.00417312839999795,-0.001215534401126206,0.049437761306762695,-0.9987676739692688,-0.3850678503513336,0.10618751496076584,-0.27693605422973633,0.5497639775276184,-0.09858331084251404,-0.20966072380542755,-0.17661449313163757,-0.06286093592643738,-0.3469458222389221,0.5771981477737427,-0.020187556743621826,-0.3951840102672577,-0.28963035345077515,0.2375836968421936,0.09986662864685059,1.501833200454712,0.27880704402923584,-0.7284842133522034,-0.1614544838666916,-0.8908190131187439,0.1268838793039322
1.5394933223724365,-0.03491205349564552,0.6759055852890015,-0.0003305920399725437,-0.004746122285723686,0.049220092594623566,-0.9987766146659851,-0.36303022503852844,0.09982964396476746,-0.2617586553096771,0.49213504791259766,-0.10412170737981796,-0.17869140207767487,-0.17946048080921173,-0.07347529381513596,-0.3455035984516144,0.5608811378479004,-0.02230958454310894,-0.37989717721939087,-0.28003573417663574,0.2500442564487457,0.0863487720489502,1.4994285106658936,0.2665347456932068,-0.7654857039451599,-0.14583083987236023,-0.8972241878509521,0.10675769299268723
1.5396958589553833,-0.03302579000592232,0.6782766580581665,-0.0037907776422798634,-0.006333841476589441,0.05071945860981941,-0.9986855387687683,-0.34036552906036377,0.09611981362104416,-0.24459294974803925,0.44453614950180054,-0.10803159326314926,-0.1543881744146347,-0.18301895260810852,-0.08252447098493576,-0.33774155378341675,0.5541950464248657,-0.017201408743858337,-0.365294486284256,-0.2682611644268036,0.26490575075149536,0.07778830826282501,1.4961990118026733,0.256196528673172,-0.7852904796600342,-0.1274784505367279,-0.8987225294113159,0.09299420565366745
1.5399231910705566,-0.03143087774515152,0.6801982522010803,-0.006366571877151728,-0.00668732076883316,0.05307815596461296,-0.9985475540161133,-0.3176695704460144,0.09425793588161469,-0.22727364301681519,0.4034767746925354,-0.11087194085121155,-0.1343059092760086,-0.18814828991889954,-0.09041549265384674,-0.3263159394264221,0.5558001399040222,-0.007066444959491491,-0.3506518006324768,-0.2577098309993744,0.2819060981273651,0.07600131630897522,1.4967867136001587,0.2511045038700104,-0.7925603985786438,-0.109566830098629,-0.8968668580055237,0.08936437219381332
1.540034294128418,-0.03009607084095478,0.6818939447402954,-0.00828541163355112,-0.0064482251182198524,0.05581200122833252,-0.9983859658241272,-0.2951480448246002,0.09369362145662308,-0.21065017580986023,0.365405797958374,-0.11269178986549377,-0.11604628711938858,-0.19473294913768768,-0.09725561738014221,-0.31513309478759766,0.5628096461296082,-0.000512806058395654,-0.3384861946105957,-0.2499764859676361,0.300153523683548,0.08331085741519928,1.5014543533325195,0.25380176305770874,-0.7920479774475098,-0.09616116434335709,-0.892979621887207,0.09381265193223953
1.540029764175415,-0.02907821722328663,0.6835283041000366,-0.009474380873143673,-0.005716163199394941,0.05874265730381012,-0.9982118010520935,-0.27199292182922363,0.09481798857450485,-0.19405820965766907,0.3281310796737671,-0.11351166665554047,-0.09830671548843384,-0.202002614736557,-0.1023852527141571,-0.3032297194004059,0.5729151964187622,0.007258628960698843,-0.3249785602092743,-0.24501614272594452,0.3195493817329407,0.09924133121967316,1.5083616971969604,0.2623879015445709,-0.7860241532325745,-0.08831700682640076,-0.8878488540649414,0.09840992838144302
1.5399376153945923,-0.028413403779268265,0.6851227283477783,-0.009953995235264301,-0.004573918413370848,0.06151460111141205,-0.9980459809303284,-0.2481590211391449,0.09751667082309723,-0.1780405193567276,0.2909654974937439,-0.11356939375400543,-0.08063073456287384,-0.20971429347991943,-0.10583183169364929,-0.2909739315509796,0.5857780575752258,0.018049176782369614,-0.30970409512519836,-0.2433270514011383,0.3407704532146454,0.12034160643815994,1.518399715423584,0.2725517749786377,-0.7756112813949585,-0.08482695370912552,-0.880658745765686,0.09719111770391464
1.5397318601608276,-0.02806280367076397,0.6865895986557007,-0.010043294169008732,-0.0033436771482229233,0.06394875794649124,-0.9978970289230347,-0.22423772513866425,0.10105767101049423,-0.16288349032402039,0.29000000000000004,-0.11370725929737091,-0.06250113993883133,-0.2195175737142563,-0.1086299940943718,-0.2799667716026306,0.6032904386520386,0.023999633267521858,-0.29461461305618286,-0.24529823660850525,0.36428096890449524,0.1440325379371643,1.5343074798583984,0.2844361960887909,-0.7619116902351379,-0.08412809669971466,-0.8700912594795227,0.09053989499807358
1.5393553972244263,-0.027903275564312935,0.687766969203949,-0.01024024747312069,-0.0024518901482224464,0.06659330427646637,-0.9977245926856995,-0.20130473375320435,0.10443168133497238,-0.14757142961025238,0.29000000000000004,-0.11480554193258286,-0.04415658861398697,-0.23300114274024963,-0.11170276999473572,-0.26905786991119385,0.62533038854599,0.023604243993759155,-0.2812087833881378,-0.24973617494106293,0.3895956873893738,0.17007030546665192,1.5576305389404297,0.3030624985694885,-0.7465242743492126,-0.08540762215852737,-0.8556515574455261,0.08330334722995758
1.5386874675750732,-0.02789771929383278,0.6884938478469849,-0.010805238969624043,-0.0024043219164013863,0.06998306512832642,-0.9974866509437561,-0.18127501010894775,0.10725989937782288,-0.1316266655921936,0.29000000000000004,-0.11855257302522659,-0.026233280077576637,-0.2522135376930237,-0.11466189473867416,-0.2517818808555603,0.6519804000854492,0.0253587793558836,-0.2698240280151367,-0.2554016411304474,0.4157654941082001,0.1991596519947052,1.587249994277954,0.3320987820625305,-0.7313187122344971,-0.08894509077072144,-0.8371961712837219,0.08213955909013748
1.5376778841018677,-0.028087928891181946,0.6886422038078308,-0.011815757490694523,-0.0032699471339583397,0.07404033839702606,-0.9971798062324524,-0.1657577008008957,0.10944388806819916,-0.1158447265625,0.29000000000000004,-0.1268216222524643,-0.009837311692535877,-0.27766308188438416,-0.11713540554046631,-0.22772569954395294,0.6836307048797607,0.023085154592990875,-0.2604319751262665,-0.2625044286251068,0.44302043318748474,0.23087778687477112,1.6209667921066284,0.3709925711154938,-0.7165246605873108,-0.0946870893239975,-0.8130141496658325,0.09077387303113937
1.5364474058151245,-0.02856774814426899,0.688140332698822,-0.013301138766109943,-0.004391951020807028,0.0783139243721962,-0.9968302845954895,-0.1546783745288849,0.11093005537986755,-0.10127472132444382,0.29000000000000004,-0.14110538363456726,0.0034124553203582764,-0.30672192573547363,-0.11870534718036652,-0.19665145874023438,0.718141496181488,0.021282199770212173,-0.25450655817985535,-0.2725408971309662,0.47295695543289185,0.2617669701576233,1.6300000000000001,0.41447609663009644,-0.7008823752403259,-0.10075177252292633,-0.7805518507957458,0.10760874301195145
1.5350948572158813,-0.02945931814610958,0.6874415874481201,-0.015728063881397247,-0.005147269926965237,0.08289984613656998,-0.9964203834533691,-0.1484629064798355,0.1097654402256012,-0.08819464594125748,0.29000000000000004,-0.1476745903491974,0.010858980007469654,-0.33447694778442383,-0.1190234050154686,-0.15890277922153473,0.7491320967674255,0.016591057181358337,-0.25155046582221985,-0.2856239378452301,0.5055885314941406,0.28740784525871277,1.6300000000000001,0.45813247561454773,-0.6834977269172668,-0.10519493371248245,-0.7370115518569946,0.12734653055667877
1.533698558807373,-0.03095337375998497,0.6865090131759644,-0.01890476793050766,-0.005149454344063997,0.088531494140625,-0.9958806037902832,-0.14636407792568207,0.10720731317996979,-0.07557114958763123,0.29000000000000004,-0.15029898285865784,0.010948510840535164,-0.35425955057144165,-0.1163342222571373,-0.11662498116493225,0.7681959271430969,0.0069318898022174835,-0.255833238363266,-0.2998853623867035,0.5391372442245483,0.3052617311477661,1.6300000000000001,0.496157169342041,-0.6639389991760254,-0.10625098645687103,-0.6817611455917358,0.14377430081367493
1.5322585105895996,-0.033025603741407394,0.6850594878196716,-0.02284044772386551,-0.004545652307569981,0.0952899381518364,-0.9951770305633545,-0.15125244855880737,0.10360398143529892,-0.06474239379167557,0.29000000000000004,-0.15339843928813934,0.0012837424874305725,-0.35949355363845825,-0.1121850535273552,-0.0753103569149971,0.7615991234779358,-0.005030414089560509,-0.27347102761268616,-0.31437423825263977,0.5703354477882385,0.31561487913131714,1.6300000000000001,0.5250478982925415,-0.6424676775932312,-0.10167809575796127,-0.6156914234161377,0.14894627034664154
1.5306916236877441,-0.03554593771696091,0.6828514933586121,-0.027617095038294792,-0.003766493871808052,0.103164903819561,-0.9942735433578491,-0.16616789996623993,0.09887117892503738,-0.05692325159907341,0.29000000000000004,-0.15745215117931366,-0.019606472924351692,-0.34745100140571594,-0.10965484380722046,-0.039767056703567505,0.7218877673149109,-0.016626885160803795,-0.30572789907455444,-0.32793042063713074,0.5980810523033142,0.32042762637138367,1.6300000000000001,0.5428389310836792,-0.6192585229873657,-0.0911044180393219,-0.5421643257141113,0.13809344172477722
1.5287866592407227,-0.03836055099964142,0.6798095703125,-0.03314269334077835,-0.003399857087060809,0.11150719225406647,-0.9932048916816711,-0.1890067458152771,0.09343531727790833,-0.05177547037601471,0.29000000000000004,-0.16239537298679352,-0.04660234972834587,-0.3225850462913513,-0.10931095480918884,-0.017816919833421707,0.6606286764144897,-0.026926234364509583,-0.34711840748786926,-0.3412631154060364,0.6224576234817505,0.32193735241889954,1.6300000000000001,0.5522264838218689,-0.5965662002563477,-0.07661271840333939,-0.4682941436767578,0.1156461238861084
1.5269594192504883,-0.04202170670032501,0.6785382032394409,-0.03478943184018135,-0.002655104734003544,0.11719422787427902,-0.9924958348274231,-0.20958192646503448,0.09926930069923401,-0.05223425477743149,0.29000000000000004,-0.1717468500137329,-0.06142950430512428,-0.3117065131664276,-0.10159645229578018,0.000630999740678817,0.637067437171936,0.010765830054879189,-0.3560076951980591,-0.36045148968696594,0.6484823822975159,0.322241872549057,1.6300000000000001,0.5553692579269409,-0.5713527202606201,-0.06016220897436142,-0.40555357933044434,0.09797421097755432
1.5254348516464233,-0.04590579867362976,0.6784738302230835,-0.03289705514907837,-0.0015070087974891067,0.11981043964624405,-0.9922504425048828,-0.22718045115470886,0.11480716615915298,-0.05449413135647774,0.3038249611854553,-0.17996592819690704,-0.07050952315330505,-0.30617350339889526,-0.0897025614976883,-0.00028667328297160566,0.6306098103523254,0.00973003450781107,-0.3526817262172699,-0.38516223430633545,0.6782402396202087,0.32330387830734253,1.6300000000000001,0.5642305016517639,-0.5481387376785278,-0.047619279474020004,-0.35015714168548584,0.08818154036998749
1.5240036249160767,-0.04930457845330238,0.678856372833252,-0.029964685440063477,-0.0008691320545040071,0.12192933261394501,-0.9920859932899475,-0.2451872080564499,0.1326698511838913,-0.05106855183839798,0.35430705547332764,-0.17985500395298004,-0.09039269387722015,-0.29873064160346985,-0.0764579176902771,-0.004147000145167112,0.61919105052948,0.0028326548635959625,-0.3451617658138275,-0.4107152223587036,0.7111568450927734,0.3235495388507843,1.6300000000000001,0.5834808349609375,-0.5289431810379028,-0.03920195251703262,-0.29541125893592834,0.0824529379606247
1.5227147340774536,-0.05203220620751381,0.679538369178772,-0.026578573510050774,-0.0006561513291671872,0.12343428283929825,-0.9919964671134949,-0.2604524493217468,0.15084029734134674,-0.041130613535642624,0.3999566435813904,-0.172500342130661,-0.10894031077623367,-0.2891446352005005,-0.06349927186965942,-0.009968074969947338,0.6024177074432373,-0.00401059677824378,-0.33569133281707764,-0.4375615119934082,0.7468340396881104,0.32088685035705566,1.6300000000000001,0.6064872741699219,-0.5115085244178772,-0.03335868939757347,-0.2414141744375229,0.08201662451028824
1.5215778350830078,-0.05409057065844536,0.6801707148551941,-0.022917328402400017,-0.0008836439810693264,0.12367400527000427,-0.9920578002929688,-0.2709640562534332,0.16835233569145203,-0.027682220563292503,0.4317099452018738,-0.1638883799314499,-0.12427040934562683,-0.2794783115386963,-0.05147642269730568,-0.01755056343972683,0.5845061540603638,-0.00969760399311781,-0.3259408473968506,-0.46626871824264526,0.7843925356864929,0.3145587146282196,1.6300000000000001,0.6269336938858032,-0.4957509934902191,-0.03,-0.193210631608963,0.09136868268251419
1.520630121231079,-0.055569689720869064,0.6805182099342346,-0.018720122054219246,-0.0014815788017585874,0.12210613489151001,-0.9923393130302429,-0.28130847215652466,0.18569481372833252,-0.01715780794620514,0.45830148458480835,-0.15817013382911682,-0.14263780415058136,-0.2702431082725525,-0.03999031335115433,-0.027951551601290703,0.5676915049552917,-0.014192845672369003,-0.3174206018447876,-0.4980338215827942,0.8260571360588074,0.3027685284614563,1.6300000000000001,0.6402384042739868,-0.4791688024997711,-0.03,-0.15459077060222626,0.10612184554338455
1.5199065208435059,-0.05645289644598961,0.6805840730667114,-0.014011581428349018,-0.002334494376555085,0.11919072270393372,-0.992769718170166,-0.29339298605918884,0.20290927588939667,-0.009922048076987267,0.48441681265830994,-0.1553063839673996,-0.1571909636259079,-0.2614714503288269,-0.028901537880301476,-0.04039667546749115,0.5521134734153748,-0.01777181401848793,-0.31012123823165894,-0.5312142372131348,0.8716174364089966,0.2847948968410492,1.6300000000000001,0.6468050479888916,-0.4626363515853882,-0.03,-0.12604668736457825,0.1261550933122635
1.519363284111023,-0.05661401525139809,0.680431067943573,-0.009248197078704834,-0.0036349212750792503,0.1154383048415184,-0.9932648539543152,-0.30674952268600464,0.21779471635818481,-0.004843953996896744,0.5073776245117188,-0.15339051187038422,-0.16467046737670898,-0.2547094225883484,-0.019031228497624397,-0.052970752120018005,0.5386921167373657,-0.019782861694693565,-0.3040071427822113,-0.5639107823371887,0.9175719618797302,0.2607276439666748,1.6300000000000001,0.6475008130073547,-0.44918331503868103,-0.03,-0.10508875548839569,0.15166611969470978
1.5190244913101196,-0.05599889159202576,0.6801361441612244,-0.004661308601498604,-0.005237878300249577,0.11094562709331512,-0.9938017129898071,-0.3205060064792633,0.22809162735939026,-0.0026295313145965338,0.5260006189346313,-0.1503564566373825,-0.16937516629695892,-0.2496955841779709,-0.011038466356694698,-0.06547435373067856,0.5274127125740051,-0.020128445699810982,-0.29907140135765076,-0.5954418182373047,0.9609802961349487,0.2316429316997528,1.6300000000000001,0.6420297026634216,-0.43978238105773926,-0.03,-0.08829965442419052,0.18025101721286774
1.5189764499664307,-0.05462305247783661,0.6797454953193665,-0.00027739201323129237,-0.0066902549006044865,0.1055443212389946,-0.9943920373916626,-0.33353736996650696,0.23255276679992676,-0.004424337763339281,0.5408492088317871,-0.14525899291038513,-0.1739662140607834,-0.24491144716739655,-0.005282204132527113,-0.07870209217071533,0.5179713368415833,-0.018825054168701172,-0.2955320179462433,-0.625822901725769,0.9995494484901428,0.1996157169342041,1.6300000000000001,0.6303790807723999,-0.4345627725124359,-0.03,-0.07316234707832336,0.20992136001586914
1.519243836402893,-0.05246061086654663,0.6792100667953491,0.003706436837092042,-0.007811220362782478,0.09917645901441574,-0.9950321912765503,-0.3455764353275299,0.23030084371566772,-0.010695899836719036,0.5529041290283203,-0.13829872012138367,-0.1758243441581726,-0.24061621725559235,-0.0024077182170003653,-0.09258972853422165,0.5118370652198792,-0.015710826963186264,-0.29423004388809204,-0.6545072197914124,1.0301744937896729,0.16731053590774536,1.6300000000000001,0.6120300889015198,-0.43481457233428955,-0.03,-0.05951099097728729,0.23910778760910034
1.5197867155075073,-0.04949113354086876,0.6784314513206482,0.007090793456882238,-0.008695273660123348,0.09201261401176453,-0.9956945776939392,-0.35737860202789307,0.22108392417430878,-0.021610252559185028,0.5640074610710144,-0.13060711324214935,-0.17279435694217682,-0.23820188641548157,-0.002887087408453226,-0.10638139396905899,0.5110814571380615,-0.010736620053648949,-0.2960338592529297,-0.6797452569007874,1.049468994140625,0.1383267194032669,1.6300000000000001,0.5856785178184509,-0.44239991903305054,-0.03,-0.04953603073954582,0.2658488154411316
1.5205284357070923,-0.04565702751278877,0.6774581670761108,0.009357349015772343,-0.009539270773530006,0.0840882882475853,-0.9963686466217041,-0.37003111839294434,0.20947453379631042,-0.03957028687000275,0.5733476877212524,-0.1262657195329666,-0.1874750554561615,-0.23881036043167114,-0.007970888167619705,-0.119356170296669,0.516594648361206,-0.0036877705715596676,-0.3011274039745331,-0.7001282572746277,1.0547696352005005,0.11579067260026932,1.6300000000000001,0.5500857830047607,-0.4581942856311798,-0.03,-0.04549494385719299,0.2867705225944519
1.521417260169983,-0.04100612550973892,0.6762471795082092,0.010622174479067326,-0.010343545116484165,0.07560259848833084,-0.9970277547836304,-0.3818787932395935,0.19530175626277924,-0.06211215630173683,0.5813419818878174,-0.12296313047409058,-0.2009153515100479,-0.2423192858695984,-0.017306827008724213,-0.1311107873916626,0.5281899571418762,0.005357674788683653,-0.3092820644378662,-0.7147312164306641,1.0468705892562866,0.10078743100166321,1.6300000000000001,0.5043095946311951,-0.4814125597476959,-0.03,-0.0477154478430748,0.30137503147125244
1.5224852561950684,-0.03561423346400261,0.6748797297477722,0.011182638816535473,-0.010883448645472527,0.06708566099405289,-0.9976251125335693,-0.39122825860977173,0.1785999834537506,-0.08360953629016876,0.588649332523346,-0.11969731748104095,-0.2149796187877655,-0.24682313203811646,-0.0298478901386261,-0.14116698503494263,0.5432185530662537,0.016207057982683182,-0.3191215395927429,-0.7227337956428528,1.0275110006332397,0.09242548793554306,1.6300000000000001,0.44912827014923096,-0.5114511251449585,-0.03,-0.05566466599702835,0.3146345615386963
1.5237759351730347,-0.02949594520032406,0.6734553575515747,0.011219744570553303,-0.011021171696484089,0.05874071270227432,-0.9981492757797241,-0.3965801000595093,0.1600629836320877,-0.10105416923761368,0.5932806134223938,-0.1147264763712883,-0.2296971082687378,-0.250630259513855,-0.04495089873671532,-0.1496007740497589,0.5591944456100464,0.028720814734697342,-0.32943055033683777,-0.7238045930862427,0.9981504082679749,0.08926279842853546,1.6300000000000001,0.38665640354156494,-0.5472902655601501,-0.04395651817321777,-0.07013482600450516,0.3305027484893799
1.525244116783142,-0.022573653608560562,0.6721397638320923,0.010371454991400242,-0.011013951152563095,0.050362151116132736,-0.9986163377761841,-0.3993867337703705,0.13979372382164001,-0.11416628956794739,0.5960499048233032,-0.11431936919689178,-0.24261672794818878,-0.2537047266960144,-0.06340252608060837,-0.15643733739852905,0.5747116804122925,0.043301064521074295,-0.3393571376800537,-0.7183722853660583,0.959721565246582,0.08813600987195969,1.6300000000000001,0.31633251905441284,-0.5893540382385254,-0.0632011666893959,-0.09175437688827515,0.3492587208747864
1.52689528465271,-0.014764527790248394,0.6713603734970093,0.007638465613126755,-0.01080032903701067,0.042291052639484406,-0.9990176558494568,-0.4009459912776947,0.11500972509384155,-0.12515194714069366,0.5988128781318665,-0.1216389611363411,-0.24331139028072357,-0.2549259662628174,-0.08713453263044357,-0.16077785193920135,0.5869482755661011,0.06035003438591957,-0.3473793864250183,-0.7056840658187866,0.9135876893997192,0.08761152625083923,1.6300000000000001,0.24377933144569397,-0.6380007266998291,-0.08494257181882858,-0.12116347253322601,0.3689013719558716
1.5286378860473633,-0.006271573714911938,0.6711341738700867,0.002898297505453229,-0.010474471375346184,0.035054370760917664,-0.999326229095459,-0.3996570110321045,0.08580925315618515,-0.124589703977108,0.5998178124427795,-0.10309560596942902,-0.24311140179634094,-0.25485026836395264,-0.11574088037014008,-0.16172127425670624,0.5956226587295532,0.07937052845954895,-0.35279837250709534,-0.6850734353065491,0.8621842265129089,0.08877807855606079,1.6300000000000001,0.1807289868593216,-0.6913890242576599,-0.10602337121963501,-0.1606759876012802,0.3851129412651062
1.5303194522857666,0.002655820921063423,0.6710766553878784,-0.0034708757884800434,-0.010302259586751461,0.029640845954418182,-0.9995014071464539,-0.3930927813053131,0.05441296473145485,-0.11670493334531784,0.5930445790290833,-0.0834958627820015,-0.23952500522136688,-0.2568871080875397,-0.1477205455303192,-0.15684343874454498,0.6043312549591064,0.09952198714017868,-0.35702094435691833,-0.6558433771133423,0.8094385266304016,0.0899452492594719,1.6300000000000001,0.13531407713890076,-0.7456316351890564,-0.12219005078077316,-0.2128615826368332,0.39361572265625
1.531853437423706,0.01164289005100727,0.6709845662117004,-0.010899454355239868,-0.010373986326158047,0.027342313900589943,-0.9995128512382507,-0.38322511315345764,0.023226333782076836,-0.10137630254030228,0.5816505551338196,-0.06344611942768097,-0.23485909402370453,-0.26366567611694336,-0.1809268593788147,-0.14513787627220154,0.6148916482925415,0.11863628774881363,-0.35987287759780884,-0.6176343560218811,0.7587134838104248,0.08657277375459671,1.593878984451294,0.10732711106538773,-0.7961933016777039,-0.13074563443660736,-0.277373343706131,0.3932499289512634
1.533306360244751,0.020274287089705467,0.6708181500434875,-0.01810370199382305,-0.01034403033554554,0.02767821028828621,-0.9993994235992432,-0.37193378806114197,-0.00508595397695899,-0.08219282329082489,0.5692244172096252,-0.04449363797903061,-0.23082979023456573,-0.27431753277778625,-0.21294981241226196,-0.1334855556488037,0.6271839737892151,0.13273507356643677,-0.3607463836669922,-0.5738425850868225,0.7123192548751831,0.07747406512498856,1.5581164360046387,0.09748853743076324,-0.8377737998962402,-0.12993742525577545,-0.3512585163116455,0.3839782178401947
1.5346401929855347,0.028267234563827515,0.6706867218017578,-0.024172978475689888,-0.010180109180510044,0.029404429718852043,-0.9992233514785767,-0.3607672452926636,-0.029201412573456764,-0.06281237304210663,0.5570388436317444,-0.027252530679106712,-0.22744688391685486,-0.2881307005882263,-0.24306564033031464,-0.12563924491405487,0.6423027515411377,0.1391480565071106,-0.3576626181602478,-0.5291433930397034,0.670049250125885,0.06386902183294296,1.5297929048538208,0.10601244866847992,-0.8689449429512024,-0.11922048032283783,-0.42810338735580444,0.36904773116111755
1.5358070135116577,0.035482004284858704,0.6709705591201782,-0.02881993167102337,-0.009859172627329826,0.031528834253549576,-0.999038577079773,-0.34829285740852356,-0.04890352487564087,-0.04493320733308792,0.541452944278717,-0.012003687210381031,-0.22237634658813477,-0.3067530393600464,-0.27063414454460144,-0.11886144429445267,0.6642090082168579,0.139900803565979,-0.34592708945274353,-0.48722022771835327,0.6312099695205688,0.04843350499868393,1.5129121541976929,0.13377588987350464,-0.890276312828064,-0.09948098659515381,-0.5004062056541443,0.35103774070739746
1.5369908809661865,0.04188681021332741,0.6719042658805847,-0.03198042884469032,-0.008674885146319866,0.03398052975535393,-0.9988729953765869,-0.33120492100715637,-0.06,-0.028054533526301384,0.5200678110122681,0.0010821812320500612,-0.21490703523159027,-0.3304828405380249,-0.2947850525379181,-0.10914747416973114,0.6958611607551575,0.1436408907175064,-0.3223641812801361,-0.4493132531642914,0.5973924994468689,0.03413309529423714,1.509125828742981,0.18117974698543549,-0.9008280634880066,-0.0732172280550003,-0.5622442364692688,0.3313518166542053
1.538464903831482,0.047575946897268295,0.6732203960418701,-0.03403053060173988,-0.0059409975074231625,0.03689342737197876,-0.9987217783927917,-0.3085237145423889,-0.06,-0.011270305141806602,0.49540281295776367,0.012346245348453522,-0.2069970965385437,-0.35892799496650696,-0.3169833719730377,-0.0958896055817604,0.7383226752281189,0.15191936492919922,-0.28874945640563965,-0.41593506932258606,0.5705854892730713,0.03,1.518490195274353,0.2450987547636032,-0.898865818977356,-0.043622780591249466,-0.6105899810791016,0.30975642800331116
1.5405912399291992,0.052798572927713394,0.6744155287742615,-0.03635503724217415,-0.000934276613406837,0.03921939805150032,-0.9985685348510742,-0.2791096568107605,-0.06,0.00497768260538578,0.4692994952201843,0.022735916078090668,-0.19998899102210999,-0.3886771500110626,-0.34260040521621704,-0.0846736803650856,0.7870948314666748,0.16844184696674347,-0.24721507728099823,-0.3895810544490814,0.5512199997901917,0.03,1.5384279489517212,0.3200310170650482,-0.883954644203186,-0.03,-0.6420520544052124,0.28508439660072327
1.5432510375976562,0.057683493942022324,0.6750167012214661,-0.039865899831056595,0.0053491247817873955,0.03992088511586189,-0.9983928799629211,-0.24744507670402527,-0.06,0.018447712063789368,0.4448903203010559,0.03282596915960312,-0.1944419890642166,-0.4207119941711426,-0.37464866042137146,-0.07633109390735626,0.8371792435646057,0.18610772490501404,-0.24622663855552673,-0.3722253739833832,0.5366653800010681,0.03,1.5646554231643677,0.3943409025669098,-0.8598402142524719,-0.03,-0.6531379222869873,0.262611448764801
1.5460301637649536,0.06205048784613609,0.6750863790512085,-0.04403097182512283,0.011530728079378605,0.03912968188524246,-0.9981968998908997,-0.2182144969701767,-0.06,0.027871357277035713,0.4238285422325134,0.04208609089255333,-0.19009295105934143,-0.45318180322647095,-0.4093363881111145,-0.06967387348413467,0.8729597926139832,0.19335417449474335,-0.2690952718257904,-0.3632793426513672,0.5254450440406799,0.03,1.5893563032150269,0.4573356807231903,-0.8307594060897827,-0.03,-0.6474677920341492,0.24712787568569183
1.5485907793045044,0.06565851718187332,0.674757719039917,-0.04793083667755127,0.016639314591884613,0.03742159903049469,-0.9980106353759766,-0.1954493522644043,-0.06,0.03317486494779587,0.4091831147670746,0.04987117275595665,-0.18786652386188507,-0.4842689037322998,-0.44030478596687317,-0.06357342004776001,0.8877119421958923,0.18816392123699188,-0.27715423703193665,-0.36095792055130005,0.5161599516868591,0.04501672089099884,1.6075493097305298,0.5014191269874573,-0.8007150888442993,-0.03,-0.6336533427238464,0.2357780784368515
1.5506558418273926,0.06844078749418259,0.6740480661392212,-0.05122924968600273,0.01971212588250637,0.034889400005340576,-0.9978825449943542,-0.1829858273267746,-0.06,0.034034907817840576,0.40368446707725525,0.05588101968169212,-0.18852095305919647,-0.5174037218093872,-0.4638875722885132,-0.052113644778728485,0.891166090965271,0.1801677793264389,-0.2659224569797516,-0.3648812770843506,0.508334755897522,0.06723733991384506,1.6195682287216187,0.5236148238182068,-0.7735437750816345,-0.03,-0.616489827632904,0.22351936995983124
1.5521920919418335,0.07040947675704956,0.6731236577033997,-0.05408278852701187,0.0205979160964489,0.03202524036169052,-0.9978100657463074,-0.17975574731826782,-0.06,0.03197363391518593,0.40482833981513977,0.06037495285272598,-0.19075846672058105,-0.5561769008636475,-0.47792962193489075,-0.027379555627703667,0.895421028137207,0.17786607146263123,-0.24556328356266022,-0.3745327889919281,0.5039878487586975,0.0918240174651146,1.6296929121017456,0.5288097262382507,-0.7505365610122681,-0.03,-0.5964966416358948,0.20707014203071594
1.5534065961837769,0.07159373909235,0.6721541285514832,-0.0566989928483963,0.020022576674818993,0.029621146619319916,-0.9977507591247559,-0.18156860768795013,-0.06,0.029370056465268135,0.4087071120738983,0.06340067833662033,-0.1936059296131134,-0.5987154245376587,-0.48157379031181335,0.012173360213637352,0.9056016802787781,0.1824682056903839,-0.22693908214569092,-0.38846004009246826,0.5052927136421204,0.11884979903697968,1.6300000000000001,0.5268935561180115,-0.7305609583854675,-0.03,-0.5719155073165894,0.18802295625209808
1.5544999837875366,0.07204441726207733,0.6709680557250977,-0.05888989567756653,0.018753021955490112,0.02806166000664234,-0.9976937174797058,-0.18800364434719086,-0.06,0.02738443948328495,0.41889113187789917,0.06514639407396317,-0.19963772594928741,-0.6368039846420288,-0.475151926279068,0.058512624353170395,0.9168108701705933,0.18921053409576416,-0.2172367125749588,-0.4052123427391052,0.5121251940727234,0.14782670140266418,1.6300000000000001,0.5188124179840088,-0.7123252153396606,-0.03,-0.541938841342926,0.1712796688079834
1.5555249452590942,0.071856789290905,0.6691774129867554,-0.060483064502477646,0.01705787144601345,0.027148349210619926,-0.9976540803909302,-0.20162752270698547,-0.06,0.025688685476779938,0.44187527894973755,0.06578565388917923,-0.21225206553936005,-0.6635882258415222,-0.4605335593223572,0.10233138501644135,0.922152042388916,0.1924065351486206,-0.21888157725334167,-0.4239051342010498,0.5225059390068054,0.178585946559906,1.6300000000000001,0.5026727914810181,-0.6961477398872375,-0.03,-0.5073775053024292,0.16039134562015533
1.5564284324645996,0.07112567126750946,0.6665626764297485,-0.06169133633375168,0.0147705664858222,0.026342345401644707,-0.9976382255554199,-0.22335845232009888,-0.06,0.023261630907654762,0.47826990485191345,0.06546355783939362,-0.2313653975725174,-0.6802480816841125,-0.4400448501110077,0.140221506357193,0.922635018825531,0.18887096643447876,-0.22872181236743927,-0.4441652297973633,0.534974992275238,0.21232949197292328,1.6300000000000001,0.4821373224258423,-0.6826038360595703,-0.03,-0.4701055586338043,0.15468262135982513
1.5572515726089478,0.06987567991018295,0.6631392240524292,-0.06280135363340378,0.012043691240251064,0.02530527301132679,-0.9976323843002319,-0.2508799433708191,-0.06,0.019656583666801453,0.5240486264228821,0.06424612551927567,-0.2549092173576355,-0.6906992793083191,-0.4151287376880646,0.17197012901306152,0.9241932034492493,0.17809247970581055,-0.2466391623020172,-0.46576645970344543,0.550714373588562,0.25011298060417175,1.6300000000000001,0.4636569917201996,-0.6694713830947876,-0.03,-0.4310614764690399,0.14955657720565796
1.5581148862838745,0.0681120827794075,0.6589739322662354,-0.06393679231405258,0.009366396814584732,0.024030691012740135,-0.9976204633712769,-0.2811421751976013,-0.06,0.015111682936549187,0.5756918787956238,0.062208354473114014,-0.28141912817955017,-0.695587694644928,-0.38679182529449463,0.19621245563030243,0.9282075762748718,0.1604340672492981,-0.27446743845939636,-0.48843395709991455,0.5716891288757324,0.2913430631160736,1.6300000000000001,0.45061853528022766,-0.6535896062850952,-0.03,-0.39039191603660583,0.1413629949092865
1.5591084957122803,0.06589692831039429,0.654069721698761,-0.06519198417663574,0.007140473462641239,0.02269168011844158,-0.997589111328125,-0.31214916706085205,-0.06,0.010158234275877476,0.631414532661438,0.05943315476179123,-0.3103554844856262,-0.6924223303794861,-0.35642385482788086,0.21071641147136688,0.929721474647522,0.13622640073299408,-0.31320902705192566,-0.5117619037628174,0.5983914732933044,0.333538681268692,1.6300000000000001,0.44315028190612793,-0.6338416934013367,-0.03,-0.34865957498550415,0.13004229962825775
1.560265064239502,0.06334898620843887,0.6484125852584839,-0.06678186357021332,0.00539780966937542,0.02156704291701317,-0.9975199103355408,-0.34297192096710205,-0.06,0.005524730775505304,0.6897435188293457,0.05610056594014168,-0.34117043018341064,-0.6788597702980042,-0.3257163465023041,0.21384656429290771,0.9211763739585876,0.10549331456422806,-0.3622778654098511,-0.5348526835441589,0.629996657371521,0.3729346692562103,1.6300000000000001,0.4405428469181061,-0.6113043427467346,-0.03,-0.30742937326431274,0.1178833618760109
1.5619736909866333,0.06010999530553818,0.643324613571167,-0.0661267638206482,0.005210727918893099,0.01874730922281742,-0.9976213574409485,-0.36770179867744446,-0.06,-0.004638638813048601,0.7441756129264832,0.05079866945743561,-0.3707268238067627,-0.6710712313652039,-0.3137280344963074,0.2227741777896881,0.9239709973335266,0.11668834835290909,-0.3346284031867981,-0.5610091090202332,0.6695371270179749,0.40569600462913513,1.6300000000000001,0.4394458532333374,-0.5830463171005249,-0.03,-0.2714194655418396,0.1094386950135231
1.5640003681182861,0.056360989809036255,0.6391835808753967,-0.06256163865327835,0.005211266223341227,0.015221597626805305,-0.9979114532470703,-0.3891933858394623,-0.06,-0.02020779624581337,0.7934879660606384,0.04316271096467972,-0.39806488156318665,-0.671237051486969,-0.3021382987499237,0.22243815660476685,0.9468425512313843,0.14392665028572083,-0.34106510877609253,-0.5870906710624695,0.7157705426216125,0.43015021085739136,1.6300000000000001,0.4383915662765503,-0.5552600622177124,-0.03,-0.24429316818714142,0.10661521553993225
1.5659035444259644,0.0526706725358963,0.6356567144393921,-0.05796923115849495,0.003954626619815826,0.011624964885413647,-0.9982427358627319,-0.4111264944076538,-0.06,-0.03824218362569809,0.8368763327598572,0.03494749218225479,-0.42170169949531555,-0.6726680397987366,-0.29013970494270325,0.21373458206653595,0.9687051177024841,0.15435877442359924,-0.36066538095474243,-0.6118739247322083,0.7664908170700073,0.4444502592086792,1.6300000000000001,0.44029515981674194,-0.5321367383003235,-0.03,-0.22467905282974243,0.09987708926200867
1.5676366090774536,0.04948876053094864,0.6330460906028748,-0.05349396914243698,0.001604176010005176,0.008393215015530586,-0.9985315799713135,-0.43087273836135864,-0.06,-0.055579036474227905,0.869943380355835,0.027674319222569466,-0.4397030770778656,-0.6762678623199463,-0.2792224884033203,0.20303024351596832,0.9864774942398071,0.15490014851093292,-0.37494218349456787,-0.6322043538093567,0.8166115880012512,0.45071306824684143,1.6300000000000001,0.4483806788921356,-0.5142856240272522,-0.030502265319228172,-0.21486906707286835,0.08917166292667389
1.5691744089126587,0.04687827080488205,0.63154137134552,-0.04941640421748161,-0.0011075836373493075,0.006480681709945202,-0.9987565875053406,-0.44593560695648193,-0.06,-0.06942839920520782,0.8916407823562622,0.0213024765253067,-0.452083021402359,-0.6782480478286743,-0.2691371738910675,0.1923024207353592,0.9957524538040161,0.15277493000030518,-0.38369232416152954,-0.6445704698562622,0.8607572317123413,0.4562903046607971,1.6300000000000001,0.46962541341781616,-0.5002705454826355,-0.03635372221469879,-0.21437890827655792,0.07559017091989517
1.57058846950531,0.04462641850113869,0.6310819387435913,-0.04479461908340454,-0.004276668187230825,0.005269124172627926,-0.9989730715751648,-0.4583110213279724,-0.06,-0.08234218508005142,0.9053457975387573,0.015241683460772038,-0.46034085750579834,-0.6768634915351868,-0.25848817825317383,0.17878903448581696,0.9960262179374695,0.14902010560035706,-0.38726645708084106,-0.6539424657821655,0.9011476039886475,0.4586772620677948,1.6300000000000001,0.4977310597896576,-0.48705077171325684,-0.04006725922226906,-0.2192036509513855,0.05631863698363304
1.5718483924865723,0.04274805262684822,0.6313039064407349,-0.03990479186177254,-0.008065528236329556,0.0036036090459674597,-0.999164342880249,-0.46996167302131653,-0.06,-0.09647347033023834,0.9135136604309082,0.008919871412217617,-0.4651094675064087,-0.6742518544197083,-0.2489333152770996,0.16193893551826477,0.9910419583320618,0.14172309637069702,-0.38778960704803467,-0.6619887351989746,0.9385944604873657,0.45497366786003113,1.6300000000000001,0.5216190218925476,-0.4743189811706543,-0.03990818187594414,-0.2294909656047821,0.03430933132767677
1.572962999343872,0.041257746517658234,0.6319394111633301,-0.03532199189066887,-0.012322629801928997,0.0009760134271346033,-0.9992995262145996,-0.4813207685947418,-0.06,-0.11126354336738586,0.9175530672073364,0.00392347713932395,-0.4668453335762024,-0.671780526638031,-0.24196702241897583,0.14275437593460083,0.9836851954460144,0.1311265230178833,-0.38694027066230774,-0.6690852046012878,0.9716989398002625,0.44620928168296814,1.6300000000000001,0.5382055044174194,-0.4626089632511139,-0.037210192531347275,-0.24394020438194275,0.014246564358472824
1.5741227865219116,0.04016668349504471,0.6329695582389832,-0.03145524859428406,-0.016057800501585007,-0.0024238110054284334,-0.9993731379508972,-0.4892509877681732,-0.06,-0.12531538307666779,0.9168682098388672,0.00021044664026703686,-0.466019868850708,-0.6668139100074768,-0.23802778124809265,0.12315294146537781,0.9739648103713989,0.12159807235002518,-0.3854028284549713,-0.6744928359985352,0.996407687664032,0.43711230158805847,1.6300000000000001,0.5524448156356812,-0.4520610272884369,-0.03535202890634537,-0.2594699263572693,0.00197799620218575
1.5753998756408691,0.03944689780473709,0.6343855857849121,-0.028460072353482246,-0.01880522258579731,-0.0062083955854177475,-0.9993986487388611,-0.4921905994415283,-0.06,-0.13757014274597168,0.9112206101417542,-0.0025033599231392145,-0.46301472187042236,-0.6579954028129578,-0.23660172522068024,0.10491594672203064,0.9613856077194214,0.11676792055368423,-0.3831016719341278,-0.6775764226913452,1.009297251701355,0.43015071749687195,1.6300000000000001,0.566010594367981,-0.44258880615234375,-0.03560953959822655,-0.27414044737815857,-0.0005774481687694788
1.5767607688903809,0.038991574198007584,0.636090874671936,-0.026108870282769203,-0.020586760714650154,-0.010238281451165676,-0.9993945360183716,-0.4908829629421234,-0.06,-0.1482536792755127,0.9019367694854736,-0.004369174130260944,-0.45846953988075256,-0.6454671025276184,-0.23681503534317017,0.08791143447160721,0.9462449550628662,0.11677959561347961,-0.38003021478652954,-0.6783860325813293,1.0107545852661133,0.42541933059692383,1.6300000000000001,0.5782966017723083,-0.4334145188331604,-0.036751072853803635,-0.2882382869720459,0.005006482824683189
1.5781415700912476,0.038722168654203415,0.6379675269126892,-0.024213332682847977,-0.02162567339837551,-0.014255928806960583,-0.9993710517883301,-0.48653098940849304,-0.06,-0.1575021743774414,0.8902592062950134,-0.005691695027053356,-0.4529794454574585,-0.6304004192352295,-0.23786410689353943,0.07206275314092636,0.9293164610862732,0.1202067881822586,-0.3762564957141876,-0.6761040091514587,1.0031758546829224,0.4231697618961334,1.6300000000000001,0.5896709561347961,-0.42503947019577026,-0.03807106986641884,-0.3039531409740448,0.017569908872246742
1.5795005559921265,0.03862375020980835,0.6399840116500854,-0.022771256044507027,-0.022134698927402496,-0.017797132954001427,-0.9993370771408081,-0.47966957092285156,-0.06,-0.164602130651474,0.8763998746871948,-0.0064817676320672035,-0.44671356678009033,-0.6140649914741516,-0.23927657306194305,0.05781500041484833,0.9110569953918457,0.12527251243591309,-0.3716197609901428,-0.6692614555358887,0.989001989364624,0.423098623752594,1.6300000000000001,0.6003260612487793,-0.4189679026603699,-0.04042765125632286,-0.32257017493247986,0.03586205467581749
1.58082115650177,0.0387149304151535,0.6421914100646973,-0.02181008830666542,-0.022256366908550262,-0.020640471950173378,-0.9993011355400085,-0.4703007638454437,-0.06,-0.16908952593803406,0.8597875833511353,-0.006646990776062012,-0.43940630555152893,-0.5974622964859009,-0.2409074753522873,0.04579753801226616,0.8920016884803772,0.13133186101913452,-0.36519554257392883,-0.6573551893234253,0.9691628813743591,0.42334800958633423,1.6300000000000001,0.6071628332138062,-0.4164697825908661,-0.04552982747554779,-0.3430779278278351,0.05843818932771683
1.5820468664169312,0.03903454542160034,0.6445029377937317,-0.021471409127116203,-0.02226034365594387,-0.022847894579172134,-0.9992603659629822,-0.45926812291145325,-0.06,-0.17103320360183716,0.8406918048858643,-0.006053445395082235,-0.4309791028499603,-0.5808340907096863,-0.24337688088417053,0.03514379262924194,0.8713807463645935,0.13706322014331818,-0.3584965467453003,-0.6410388350486755,0.9432461261749268,0.42140334844589233,1.6300000000000001,0.6048921346664429,-0.4186656177043915,-0.054855767637491226,-0.36304089426994324,0.08329314738512039
1.5831146240234375,0.0395691953599453,0.6468645930290222,-0.021641340106725693,-0.022352635860443115,-0.02468833513557911,-0.9992108345031738,-0.4475348889827728,-0.06,-0.1713462918996811,0.819641649723053,-0.004836053587496281,-0.4213661551475525,-0.5656959414482117,-0.2467416226863861,0.02563566528260708,0.8510615229606628,0.14068038761615753,-0.3511994183063507,-0.6215475797653198,0.9112244844436646,0.41626718640327454,1.6300000000000001,0.5901823043823242,-0.42621099948883057,-0.06885695457458496,-0.38077017664909363,0.10820570588111877
1.5839811563491821,0.04029050096869469,0.6491988897323608,-0.022206177935004234,-0.022577084600925446,-0.026290733367204666,-0.9991524815559387,-0.43574169278144836,-0.06,-0.1706133633852005,0.7974342107772827,-0.003136752173304558,-0.4108192026615143,-0.5525593161582947,-0.25097551941871643,0.016713766381144524,0.8319324254989624,0.14109279215335846,-0.3436354100704193,-0.5998514890670776,0.8738154768943787,0.40806373953819275,1.6300000000000001,0.5623326301574707,-0.44004026055336,-0.08700908720493317,-0.39574867486953735,0.1305626630783081
1.584654450416565,0.04116521775722504,0.6514621376991272,-0.0230689886957407,-0.022780349478125572,-0.027827387675642967,-0.9990867376327515,-0.4238467812538147,-0.06,-0.16933289170265198,0.7746023535728455,-0.001063443487510085,-0.3996122181415558,-0.5408709049224854,-0.25601667165756226,0.008044552057981491,0.81419438123703,0.13885590434074402,-0.3361451327800751,-0.577155590057373,0.832299530506134,0.3965228796005249,1.6300000000000001,0.5220197439193726,-0.4613128900527954,-0.10776084661483765,-0.40800586342811584,0.14815005660057068
1.5851222276687622,0.04216322675347328,0.6536123156547546,-0.024143721908330917,-0.022914374247193336,-0.029517553746700287,-0.9990098476409912,-0.41211023926734924,-0.06,-0.16814282536506653,0.7516849040985107,0.0012517537688836455,-0.3879137337207794,-0.5301464200019836,-0.2617679238319397,-0.0004886562819592655,0.7976758480072021,0.1355617791414261,-0.32882991433143616,-0.554756224155426,0.7879262566566467,0.38131922483444214,1.6300000000000001,0.4718066155910492,-0.4911109507083893,-0.12869825959205627,-0.4183723032474518,0.15970009565353394
1.585321068763733,0.04323525354266167,0.6555562615394592,-0.02523309364914894,-0.023137982934713364,-0.031434252858161926,-0.9989193081855774,-0.40175336599349976,-0.06,-0.1676674783229828,0.730035126209259,0.00366377760656178,-0.37623608112335205,-0.5207695960998535,-0.2676924169063568,-0.008699240162968636,0.782473623752594,0.13249580562114716,-0.3217006027698517,-0.5332598090171814,0.741907000541687,0.36323025822639465,1.6300000000000001,0.4164535105228424,-0.5293726921081543,-0.1472555547952652,-0.42899951338768005,0.1649649739265442
1.5852208137512207,0.0443260557949543,0.6572299003601074,-0.026035746559500694,-0.023487407714128494,-0.03346550092101097,-0.9988245368003845,-0.3936900496482849,-0.06,-0.16817036271095276,0.7111669778823853,0.005975558888167143,-0.3653399646282196,-0.5127735137939453,-0.2729569971561432,-0.016606546938419342,0.7685498595237732,0.1300341784954071,-0.3146994113922119,-0.5126407742500305,0.6955748796463013,0.34349876642227173,1.6300000000000001,0.36096540093421936,-0.5741218328475952,-0.161897674202919,-0.4418705403804779,0.16514314711093903
1.5848544836044312,0.04541783034801483,0.658613383769989,-0.026383815333247185,-0.023813549429178238,-0.03548077493906021,-0.9987381100654602,-0.38794127106666565,-0.06,-0.16951245069503784,0.6959547996520996,0.0081058070063591,-0.35583117604255676,-0.5059376955032349,-0.27718672156333923,-0.024496132507920265,0.7562544345855713,0.1270616054534912,-0.3080362379550934,-0.4929807782173157,0.6499407887458801,0.322876900434494,1.6300000000000001,0.3096001446247101,-0.6222185492515564,-0.17234672605991364,-0.4576064348220825,0.16277429461479187
1.5842883586883545,0.04653306305408478,0.6596310138702393,-0.026411546394228935,-0.023978233337402344,-0.03731171786785126,-0.9986666440963745,-0.3843304216861725,-0.06,-0.1710948497056961,0.6851169466972351,0.010218261741101742,-0.3483174741268158,-0.5010123252868652,-0.2807028889656067,-0.03182759881019592,0.7472679018974304,0.12195952981710434,-0.3025619685649872,-0.4745427966117859,0.605471134185791,0.3012946546077728,1.6300000000000001,0.2656160891056061,-0.6701787710189819,-0.1789027452468872,-0.47585004568099976,0.1598013937473297
1.583598256111145,0.04771196097135544,0.6600944995880127,-0.02648325264453888,-0.023945476859807968,-0.03848098963499069,-0.9986212253570557,-0.3830235004425049,-0.06,-0.17166079580783844,0.6798839569091797,0.012422778643667698,-0.3437511920928955,-0.49879133701324463,-0.284000426530838,-0.03735379874706268,0.7425054907798767,0.11300255358219147,-0.3007945120334625,-0.45709675550460815,0.5627739429473877,0.2780715823173523,1.6300000000000001,0.23045124113559723,-0.7149232625961304,-0.18200282752513885,-0.49560949206352234,0.1564093828201294
1.582861304283142,0.04895757883787155,0.6599892377853394,-0.026696348562836647,-0.02369597740471363,-0.03863951563835144,-0.9986154437065125,-0.3837231397628784,-0.06,-0.17032010853290558,0.680260181427002,0.014914363622665405,-0.3425346910953522,-0.5020589232444763,-0.28693345189094543,-0.037591930478811264,0.74565190076828,0.10302325338125229,-0.3005084693431854,-0.4405535161495209,0.5228058099746704,0.25291529297828674,1.6300000000000001,0.2041540890932083,-0.7537601590156555,-0.18185438215732574,-0.5161221027374268,0.15235154330730438
1.5821624994277954,0.05027909204363823,0.6593373417854309,-0.02732076123356819,-0.023129943758249283,-0.037386905401945114,-0.9986594915390015,-0.38544440269470215,-0.06,-0.1658572256565094,0.6853176951408386,0.01781015843153,-0.344561904668808,-0.5109918713569641,-0.289608359336853,-0.030438343062996864,0.7566423416137695,0.09476258605718613,-0.30109381675720215,-0.42460861802101135,0.4862680733203888,0.22638700902462006,1.6300000000000001,0.18768277764320374,-0.7846571803092957,-0.17907382547855377,-0.5357738733291626,0.14705274999141693
1.581561803817749,0.051712095737457275,0.6581119298934937,-0.028965918347239494,-0.022193796932697296,-0.03437928855419159,-0.998742401599884,-0.387155681848526,-0.06,-0.1568320095539093,0.6937975883483887,0.02137337252497673,-0.34930363297462463,-0.5233138203620911,-0.2931859791278839,-0.01757754758000374,0.7715624570846558,0.08767072856426239,-0.30534857511520386,-0.40899157524108887,0.4529806971549988,0.20040284097194672,1.6300000000000001,0.18361279368400574,-0.8067604303359985,-0.1748289316892624,-0.5519002079963684,0.14010483026504517
1.5811192989349365,0.05317692831158638,0.6565226912498474,-0.031689248979091644,-0.020766345784068108,-0.029647069051861763,-0.9988421201705933,-0.3872743546962738,-0.06,-0.14313185214996338,0.7031650543212891,0.0254487544298172,-0.35576024651527405,-0.5382279753684998,-0.2971756160259247,0.0017739847535267472,0.7895122170448303,0.08173730224370956,-0.31215900182724,-0.3937581479549408,0.42294132709503174,0.1784898340702057,1.6300000000000001,0.19368413090705872,-0.8188892602920532,-0.17013509571552277,-0.5633082985877991,0.13127778470516205
1.5808436870574951,0.05450660362839699,0.6547158360481262,-0.03527511656284332,-0.01896890625357628,-0.023378359153866768,-0.9989240765571594,-0.3857491910457611,-0.06,-0.1255652755498886,0.7124140858650208,0.029570097103714943,-0.3633362650871277,-0.5550312399864197,-0.30091366171836853,0.026045260950922966,0.8092697262763977,0.07670336216688156,-0.3205374777317047,-0.3789209723472595,0.3962046205997467,0.16310112178325653,1.6300000000000001,0.21510256826877594,-0.8210536241531372,-0.16511815786361694,-0.571700930595398,0.12001833319664001
1.5807316303253174,0.055468764156103134,0.6529296040534973,-0.03906460851430893,-0.016984468325972557,-0.016423452645540237,-0.9989572167396545,-0.38298141956329346,-0.06,-0.10679960995912552,0.7207146286964417,0.03302599489688873,-0.37111812829971313,-0.5752467513084412,-0.3030321002006531,0.05485214665532112,0.8337559700012207,0.07484574615955353,-0.3253931403160095,-0.36598095297813416,0.37306180596351624,0.15533345937728882,1.6300000000000001,0.24298830330371857,-0.8141146302223206,-0.1587875485420227,-0.5805721879005432,0.10685155540704727
1.5807222127914429,0.055930525064468384,0.6510040163993835,-0.043107107281684875,-0.015058447606861591,-0.009268558584153652,-0.9989139437675476,-0.3804406225681305,-0.06,-0.08802667260169983,0.7294549942016602,0.03570540249347687,-0.3794277608394623,-0.5945135354995728,-0.3044111430644989,0.082143135368824,0.8568856120109558,0.07086233794689178,-0.3333101272583008,-0.3557722866535187,0.3529227077960968,0.1557585746049881,1.6300000000000001,0.27519771456718445,-0.800157904624939,-0.15051737427711487,-0.5908929705619812,0.0918523445725441
1.580815315246582,0.05575002357363701,0.6491756439208984,-0.04695571959018707,-0.013087893836200237,-0.002667773514986038,-0.9988076090812683,-0.3776547908782959,-0.06,-0.07137265801429749,0.7377185821533203,0.03687051311135292,-0.38753029704093933,-0.6116651892662048,-0.3045198321342468,0.10711642354726791,0.8787940144538879,0.06764692068099976,-0.34152451157569885,-0.3493886888027191,0.3353842794895172,0.1655438393354416,1.6300000000000001,0.31067535281181335,-0.7792773246765137,-0.14006555080413818,-0.6019619703292847,0.07552561163902283
1.5809803009033203,0.05480637028813362,0.6475452780723572,-0.05030867084860802,-0.011070976965129375,0.003028141101822257,-0.9986677169799805,-0.3746614456176758,-0.06,-0.057949163019657135,0.7453122735023499,0.03622903674840927,-0.39504575729370117,-0.6250691413879395,-0.30305349826812744,0.12841662764549255,0.8979932069778442,0.06722934544086456,-0.3494725823402405,-0.3468386232852936,0.3202540874481201,0.18701677024364471,1.6300000000000001,0.3497566282749176,-0.7516503930091858,-0.1275700032711029,-0.6098657846450806,0.05768831819295883
1.5812128782272339,0.05304652452468872,0.6461334228515625,-0.05294596776366234,-0.008979269303381443,0.0074393171817064285,-0.9985292553901672,-0.3716824948787689,-0.06,-0.04886374622583389,0.7526633143424988,0.0334843173623085,-0.4019666612148285,-0.6337630152702332,-0.3000737130641937,0.1452159434556961,0.9144030809402466,0.07147256284952164,-0.35888755321502686,-0.34835579991340637,0.30874454975128174,0.22089967131614685,1.6300000000000001,0.3923149108886719,-0.7178243398666382,-0.1133449450135231,-0.6098343133926392,0.037011466920375824
1.5815210342407227,0.05050802230834961,0.6447944045066833,-0.05477755144238472,-0.00678706681355834,0.010206134058535099,-0.9984233379364014,-0.36946719884872437,-0.06,-0.04476721212267876,0.7613223195075989,0.02895810827612877,-0.4090331792831421,-0.637297511100769,-0.29589366912841797,0.15694944560527802,0.9274356961250305,0.0800447165966034,-0.36501944065093994,-0.35467299818992615,0.3032868504524231,0.264923632144928,1.6300000000000001,0.43754780292510986,-0.6790142059326172,-0.09754897654056549,-0.5986196994781494,0.010905117727816105
1.5818835496902466,0.0472857803106308,0.6433305144309998,-0.05573275685310364,-0.004633675795048475,0.011508713476359844,-0.9983685612678528,-0.36927276849746704,-0.06,-0.04546954482793808,0.7732087969779968,0.022766532376408577,-0.4172114431858063,-0.6376103758811951,-0.2902679443359375,0.16492587327957153,0.9400150775909424,0.09376989305019379,-0.37388256192207336,-0.36540260910987854,0.30563902854919434,0.31544506549835205,1.6300000000000001,0.48492246866226196,-0.6361216306686401,-0.07993196696043015,-0.5768057703971863,-0.02388114668428898
1.582261562347412,0.043550606817007065,0.6415402293205261,-0.05597313866019249,-0.0027663446962833405,0.011886252090334892,-0.9983576536178589,-0.37218979001045227,-0.06,-0.04979360103607178,0.7895347476005554,0.01533455029129982,-0.42723673582077026,-0.6364011764526367,-0.28315281867980957,0.16962674260139465,0.9519347548484802,0.10802038758993149,-0.38547638058662415,-0.3794289231300354,0.31596940755844116,0.36861249804496765,1.6300000000000001,0.5348777174949646,-0.589924156665802,-0.06004921346902847,-0.547598659992218,-0.06832050532102585
1.5826324224472046,0.03947940841317177,0.639539361000061,-0.05536854267120361,-0.0013344449689611793,0.011445224285125732,-0.9983993768692017,-0.3780963718891144,-0.06,-0.05758270248770714,0.8092399835586548,0.006912377197295427,-0.43851885199546814,-0.6369693279266357,-0.2742428481578827,0.17335771024227142,0.9675635099411011,0.1252802163362503,-0.3946014940738678,-0.3964622914791107,0.33313632011413574,0.4202185571193695,1.6300000000000001,0.5848814845085144,-0.5411012172698975,-0.03762385994195938,-0.5152263641357422,-0.11890442669391632
1.5829347372055054,0.03527497872710228,0.6372959017753601,-0.05415220186114311,-0.0005287033272907138,0.01051186490803957,-0.9984771609306335,-0.38723641633987427,-0.06,-0.06788910180330276,0.8318411707878113,-0.001959234708920121,-0.4507538676261902,-0.6368932723999023,-0.2643597722053528,0.17411793768405914,0.9813892245292664,0.14004451036453247,-0.4065718352794647,-0.41548460721969604,0.3547663986682892,0.4662315547466278,1.6300000000000001,0.6302134990692139,-0.4918692708015442,-0.03,-0.48209720849990845,-0.14999999999999997
1.5831890106201172,0.03111499734222889,0.6350630521774292,-0.052279360592365265,-0.00019265516311861575,0.008970403112471104,-0.9985920786857605,-0.39808136224746704,-0.06,-0.08076710253953934,0.8549000024795532,-0.011363455094397068,-0.46278366446495056,-0.6374130845069885,-0.2536240518093109,0.17318686842918396,0.9952240586280823,0.1553691029548645,-0.4164297878742218,-0.43612954020500183,0.3787929117679596,0.5040016174316406,1.6300000000000001,0.666671872138977,-0.4447973668575287,-0.03,-0.4498955309391022,-0.14999999999999997
1.583433985710144,0.027188105508685112,0.6329410076141357,-0.0500715896487236,-7.883789658080786e-05,0.006778788287192583,-0.9987226128578186,-0.40928953886032104,-0.06,-0.09534231573343277,0.8769515752792358,-0.020566964522004128,-0.47391706705093384,-0.6379716396331787,-0.2438543289899826,0.16879810392856598,1.0088707208633423,0.16394667327404022,-0.42723143100738525,-0.45737048983573914,0.40339571237564087,0.5328723192214966,1.6300000000000001,0.6924969553947449,-0.40361279249191284,-0.03,-0.4216454327106476,-0.14999999999999997
1.5837424993515015,0.023748457431793213,0.6311226487159729,-0.047699470072984695,-2.245018731628079e-05,0.004495994653552771,-0.9988515973091125,-0.4192039370536804,-0.06,-0.10966723412275314,0.8961332440376282,-0.029033062979578972,-0.48364928364753723,-0.639501690864563,-0.23735608160495758,0.15686878561973572,1.0227136611938477,0.15400968492031097,-0.4369422495365143,-0.4761471152305603,0.4261319637298584,0.5550060272216797,1.6300000000000001,0.708928644657135,-0.37179723381996155,-0.03,-0.4028463661670685,-0.14999999999999997
1.584012746810913,0.020659897476434708,0.6296760439872742,-0.0454360768198967,-0.0002649262605700642,0.00240737060084939,-0.998964250087738,-0.4280133545398712,-0.06,-0.12314146012067795,0.9115614891052246,-0.03700088709592819,-0.4913986325263977,-0.6403982043266296,-0.23103313148021698,0.14646312594413757,1.0332177877426147,0.147768035531044,-0.4447726607322693,-0.48982498049736023,0.4438832402229309,0.5740150809288025,1.6300000000000001,0.7184287905693054,-0.35052788257598877,-0.03,-0.3974909484386444,-0.14999999999999997
1.5843043327331543,0.01794259622693062,0.6286406517028809,-0.04368457943201065,-0.000810654426459223,0.0001794483687262982,-0.9990449547767639,-0.4353170692920685,-0.06,-0.1354474127292633,0.9225098490715027,-0.04381497949361801,-0.4966680407524109,-0.6410903930664062,-0.226541668176651,0.1363804042339325,1.0410597324371338,0.14177964627742767,-0.45114970207214355,-0.49809354543685913,0.45564910769462585,0.5883138179779053,1.62703275680542,0.7170474529266357,-0.3391285240650177,-0.03,-0.4063078463077545,-0.14999999999999997
1.5846744775772095,0.015590619295835495,0.628040611743927,-0.04265319183468819,-0.001563578494824469,-0.0025099492631852627,-0.9990854859352112,-0.44061142206192017,-0.06,-0.1468009352684021,0.9285123944282532,-0.04956601560115814,-0.4992319941520691,-0.6411893367767334,-0.22459343075752258,0.12655586004257202,1.046422004699707,0.13659203052520752,-0.4564230740070343,-0.5017665028572083,0.46295037865638733,0.5934640169143677,1.6228431463241577,0.6979723572731018,-0.3370782136917114,-0.03,-0.4276733100414276,-0.14999999999999997
1.5852270126342773,0.013656997121870518,0.6280094981193542,-0.042591337114572525,-0.002145269187167287,-0.005525033921003342,-0.9990749359130859,-0.44203147292137146,-0.06,-0.1560463011264801,0.9282055497169495,-0.05389518663287163,-0.4987162947654724,-0.6394317746162415,-0.22562909126281738,0.11758318543434143,1.0487369298934937,0.1329212188720703,-0.46056991815567017,-0.5009092688560486,0.46746113896369934,0.5853875875473022,1.6200337409973145,0.6579198837280273,-0.34375497698783875,-0.05105839669704437,-0.45837080478668213,-0.14450380206108093
