2.277139902114868,0.021335257217288017,0.6545454859733582,-0.016812074929475784,0.022790715098381042,-0.42276519536972046,-0.9057965278625488,-0.39050307869911194,-0.03851750120520592,-0.22787535190582275,0.7844719886779785,-0.07843806594610214,-0.35078129172325134,-0.34419870376586914,0.0318211130797863,0.16036070883274078,0.8085291981697083,0.0010922198416665196,-0.4171590507030487,-0.2533854842185974,0.15888355672359467,0.03,1.407309651374817,-0.14999999999999997,-0.25014030933380127,-0.03,-0.3394607603549957,-0.14999999999999997
2.2741429805755615,0.025665154680609703,0.6539294719696045,-0.01824805699288845,0.02435740828514099,-0.418386310338974,-0.9077590703964233,-0.3837919235229492,-0.04345249757170677,-0.20966753363609314,0.7905687093734741,-0.06495465338230133,-0.3579958379268646,-0.3422706425189972,0.026617487892508507,0.17700538039207458,0.8151495456695557,0.011717208661139011,-0.4224516749382019,-0.25615179538726807,0.15977998077869415,0.03,1.4280840158462524,-0.14999999999999997,-0.24021165072917938,-0.03,-0.3482576906681061,-0.14999999999999997
2.2710161209106445,0.030178863555192947,0.6533370614051819,-0.01996120624244213,0.025796810165047646,-0.4141140282154083,-0.909640371799469,-0.37579023838043213,-0.0484769307076931,-0.18786709010601044,0.7938543558120728,-0.04618089273571968,-0.36382731795310974,-0.3403113782405853,0.020388280972838402,0.19417105615139008,0.8216603398323059,0.022948499768972397,-0.4279557764530182,-0.25799065828323364,0.15946795046329498,0.03,1.4457553625106812,-0.14999999999999997,-0.22730691730976105,-0.03,-0.35975944995880127,-0.14999999999999997
2.267831563949585,0.03477601334452629,0.6528348326683044,-0.021781984716653824,0.027047723531723022,-0.4097863733768463,-0.9115200638771057,-0.3664286434650421,-0.053347162902355194,-0.16321486234664917,0.7935764193534851,-0.02156594581902027,-0.36793702840805054,-0.33828654885292053,0.013645924627780914,0.21184027194976807,0.8271616101264954,0.034430742263793945,-0.433027058839798,-0.2583748400211334,0.1578126698732376,0.03,1.4591355323791504,-0.14999999999999997,-0.2114054411649704,-0.03,-0.3732588291168213,-0.14999999999999997
2.264629602432251,0.03936227038502693,0.6525503993034363,-0.023720761761069298,0.02792121097445488,-0.4051976203918457,-0.9134945869445801,-0.3567560613155365,-0.058913134038448334,-0.139308899641037,0.7912921905517578,-0.0015402380377054214,-0.37118294835090637,-0.3364185094833374,0.0064190155826509,0.23028349876403809,0.8308869004249573,0.04576887562870979,-0.4371894299983978,-0.2567727267742157,0.15415798127651215,0.03,1.467203974723816,-0.14999999999999997,-0.1927977204322815,-0.03,-0.3875085115432739,-0.14999999999999997
2.261441469192505,0.04389576241374016,0.6525900959968567,-0.025882026180624962,0.028384946286678314,-0.3998503088951111,-0.9157750606536865,-0.3464950919151306,-0.06,-0.11646468937397003,0.7868192791938782,0.010413273237645626,-0.3736838102340698,-0.3355165421962738,-0.0014648999786004424,0.2486746609210968,0.8335246443748474,0.051779936999082565,-0.4396127760410309,-0.25240033864974976,0.14736156165599823,0.03,1.4693955183029175,-0.14999999999999997,-0.17198731005191803,-0.03,-0.40110158920288086,-0.14999999999999997
2.258390188217163,0.048233821988105774,0.6529827117919922,-0.027985891327261925,0.028686583042144775,-0.3935728073120117,-0.9184193015098572,-0.33459746837615967,-0.06,-0.09205491840839386,0.7782673239707947,0.021746929734945297,-0.3745052218437195,-0.3361630141735077,-0.009420319460332394,0.26402178406715393,0.8365120887756348,0.045361991971731186,-0.4427427649497986,-0.24563853442668915,0.13744349777698517,0.03,1.465192437171936,-0.14999999999999997,-0.14989696443080902,-0.03,-0.41268664598464966,-0.14999999999999997
2.2555973529815674,0.052211228758096695,0.6538501381874084,-0.029764974489808083,0.029054133221507072,-0.3864978849887848,-0.9213517904281616,-0.3207889497280121,-0.06,-0.06682036817073822,0.7652370929718018,0.03208119422197342,-0.37333324551582336,-0.338679701089859,-0.01603873446583748,0.276851624250412,0.8403672575950623,0.02916659601032734,-0.44154053926467896,-0.23765422403812408,0.12488935887813568,0.03,1.4546518325805664,-0.14999999999999997,-0.12764303386211395,-0.03,-0.4214573800563812,-0.14999999999999997
2.253178119659424,0.055742595344781876,0.6553998589515686,-0.030936338007450104,0.029858140274882317,-0.37951433658599854,-0.9241863489151001,-0.3043581247329712,-0.06,-0.043249502778053284,0.7468441128730774,0.04051940143108368,-0.3693457543849945,-0.3450762927532196,-0.019545311108231544,0.2870890498161316,0.8504348397254944,0.00745987705886364,-0.43042927980422974,-0.23099319636821747,0.10959919542074203,0.03,1.4389382600784302,-0.14999999999999997,-0.10565785318613052,-0.03,-0.42741715908050537,-0.14999999999999997
2.2512152194976807,0.05888482928276062,0.6576452851295471,-0.03153716400265694,0.03146737813949585,-0.3730507493019104,-0.9267405867576599,-0.2842757999897003,-0.06,-0.021928878501057625,0.7229050397872925,0.047313202172517776,-0.3625063896179199,-0.35509684681892395,-0.019325174391269684,0.29400861263275146,0.8685314655303955,-0.01409546472132206,-0.4062128961086273,-0.22674749791622162,0.09226056188344955,0.03,1.4204978942871094,-0.14999999999999997,-0.08470579981803894,-0.03,-0.4313759207725525,-0.14999999999999997
2.2496376037597656,0.061790674924850464,0.6601932048797607,-0.03189769387245178,0.03355035558342934,-0.36700886487960815,-0.9290646910667419,-0.26191800832748413,-0.06,-0.0021375217474997044,0.6958281993865967,0.053083039820194244,-0.3541143536567688,-0.3695420026779175,-0.017540398985147476,0.29473447799682617,0.8934932947158813,-0.029343945905566216,-0.36998888850212097,-0.22406676411628723,0.07359525561332703,0.03,1.4024529457092285,-0.14999999999999997,-0.06667152047157288,-0.03,-0.4360490143299103,-0.14999999999999997
2.248276948928833,0.06463950872421265,0.6623017191886902,-0.032659247517585754,0.035066042095422745,-0.3607636094093323,-0.9314253330230713,-0.24118107557296753,-0.06,0.017754390835762024,0.6706373691558838,0.05836600810289383,-0.3468207120895386,-0.39198312163352966,-0.018679428845643997,0.2860032320022583,0.9273949861526489,-0.03496728092432022,-0.3332691490650177,-0.21993301808834076,0.053497642278671265,0.036505620926618576,1.387384057044983,-0.14999999999999997,-0.05272715166211128,-0.03,-0.4447667598724365,-0.14999999999999997
2.2472307682037354,0.06747917830944061,0.6637288331985474,-0.0341089703142643,0.035956669598817825,-0.35385388135910034,-0.9339866638183594,-0.22261179983615875,-0.06,0.0388462208211422,0.6493298411369324,0.06332597136497498,-0.34207892417907715,-0.42158064246177673,-0.02504856511950493,0.27022233605384827,0.9758920073509216,-0.031020954251289368,-0.3435958921909332,-0.21246440708637238,0.032755184918642044,0.043746817857027054,1.374908685684204,-0.14999999999999997,-0.04104464873671532,-0.03,-0.45638900995254517,-0.14999999999999997
2.2467141151428223,0.07036178559064865,0.6648862957954407,-0.03644293546676636,0.037162069231271744,-0.3469201326370239,-0.9364492297172546,-0.2019655853509903,-0.06,0.06022481620311737,0.6279744505882263,0.06753889471292496,-0.33819952607154846,-0.44898170232772827,-0.03858453407883644,0.2479008138179779,1.0190895795822144,-0.023237261921167374,-0.35453182458877563,-0.20444878935813904,0.01386998500674963,0.05119265988469124,1.3647431135177612,-0.14999999999999997,-0.02952517382800579,-0.03,-0.4656673073768616,-0.14999999999999997
2.2467591762542725,0.07317561656236649,0.6659638285636902,-0.03933150693774223,0.038699571043252945,-0.34040379524230957,-0.9386589527130127,-0.179124653339386,-0.06,0.08070031553506851,0.6052386164665222,0.07106474786996841,-0.33413881063461304,-0.4713858366012573,-0.05731992423534393,0.22080330550670624,1.0479552745819092,-0.016469284892082214,-0.33953744173049927,-0.19845980405807495,-0.002685938263311982,0.05910801514983177,1.356473684310913,-0.14999999999999997,-0.020258910953998566,-0.03,-0.4718592166900635,-0.14999999999999997
2.247267007827759,0.07573723793029785,0.6668785214424133,-0.042190469801425934,0.03990834206342697,-0.33389824628829956,-0.9408183097839355,-0.15728624165058136,-0.06,0.10029562562704086,0.5832292437553406,0.07373426109552383,-0.3305586576461792,-0.4922833740711212,-0.07764118164777756,0.19415922462940216,1.0694159269332886,-0.010181334801018238,-0.3180732727050781,-0.19399820268154144,-0.01660534180700779,0.0689132809638977,1.3488008975982666,-0.1429106742143631,-0.016615554690361023,-0.03,-0.4809682071208954,-0.14999999999999997
2.248091697692871,0.07790424674749374,0.6675258278846741,-0.04469067603349686,0.04013475030660629,-0.3273027837276459,-0.943008303642273,-0.1394835114479065,-0.06,0.11861759424209595,0.5640564560890198,0.07541210949420929,-0.328019380569458,-0.5159791111946106,-0.09741447120904922,0.17147289216518402,1.0921404361724854,-0.0032188878394663334,-0.3022323250770569,-0.19088400900363922,-0.028220048174262047,0.08155661076307297,1.3416205644607544,-0.13156013190746307,-0.020486079156398773,-0.03,-0.4974621832370758,-0.14999999999999997
2.249302387237549,0.07970681041479111,0.6679547429084778,-0.047096945345401764,0.0398712232708931,-0.3211295008659363,-0.9450226426124573,-0.12415210157632828,-0.06,0.13498958945274353,0.5472157001495361,0.07608609646558762,-0.3263169825077057,-0.5396444201469421,-0.11696827411651611,0.15065205097198486,1.1156781911849976,0.0029131160117685795,-0.290190190076828,-0.19068500399589539,-0.03764265403151512,0.09820288419723511,1.3354345560073853,-0.11374856531620026,-0.02979755401611328,-0.03,-0.5175268054008484,-0.14999999999999997
2.2509982585906982,0.08114883303642273,0.6682451963424683,-0.04951057583093643,0.03966645896434784,-0.31552553176879883,-0.9467939138412476,-0.10952994972467422,-0.06,0.1494283378124237,0.5320332646369934,0.07571874558925629,-0.32534027099609375,-0.5590627789497375,-0.13588638603687286,0.12938342988491058,1.1352519989013672,0.007008892949670553,-0.28253984451293945,-0.19389282166957855,-0.04476461932063103,0.12076627463102341,1.3285925388336182,-0.08322963118553162,-0.04214561730623245,-0.03,-0.5368044972419739,-0.14999999999999997
2.25307559967041,0.08207899332046509,0.6683712005615234,-0.05153006315231323,0.0390612967312336,-0.31004855036735535,-0.9485191106796265,-0.09775906801223755,-0.06,0.1625099778175354,0.5199953317642212,0.0743773952126503,-0.3255062401294708,-0.5751118659973145,-0.15172120928764343,0.1080133318901062,1.1477516889572144,0.007146231830120087,-0.2777441740036011,-0.19945262372493744,-0.04972469061613083,0.15106676518917084,1.3185399770736694,-0.0382256843149662,-0.058249033987522125,-0.03,-0.5547976493835449,-0.14999999999999997
2.255436658859253,0.08246025443077087,0.6682632565498352,-0.05304672569036484,0.037702541798353195,-0.3041285276412964,-0.9504053592681885,-0.09029921889305115,-0.06,0.17518030107021332,0.5125335454940796,0.07178328186273575,-0.32772189378738403,-0.5895012617111206,-0.16287781298160553,0.08755481988191605,1.1539124250411987,0.002427612664178014,-0.2760600745677948,-0.20600886642932892,-0.05248870700597763,0.18875302374362946,1.304059624671936,0.020107528194785118,-0.07856772094964981,-0.03,-0.5715559124946594,-0.14999999999999997
2.258117437362671,0.0824706181883812,0.6679202318191528,-0.054486777633428574,0.03599075600504875,-0.297278493642807,-0.9525551199913025,-0.08475574105978012,-0.06,0.189054936170578,0.5081052780151367,0.06821330636739731,-0.33174851536750793,-0.6006118655204773,-0.1697220802307129,0.06846043467521667,1.1542044878005981,-0.005250221583992243,-0.2792244851589203,-0.21242143213748932,-0.052221089601516724,0.23100650310516357,1.2849972248077393,0.08936578035354614,-0.10165158659219742,-0.03,-0.5859224796295166,-0.14999999999999997
2.2611241340637207,0.08229539543390274,0.6673647165298462,-0.05632166936993599,0.034193988889455795,-0.289434552192688,-0.9549272656440735,-0.07892309874296188,-0.06,0.20478512346744537,0.5045837163925171,0.06393225491046906,-0.3368779420852661,-0.606426477432251,-0.17358537018299103,0.05088603124022484,1.1483027935028076,-0.012856346555054188,-0.28805166482925415,-0.21863915026187897,-0.04859888181090355,0.2748221457004547,1.2619373798370361,0.16728149354457855,-0.12652000784873962,-0.03,-0.5960408449172974,-0.14999999999999997
2.2643821239471436,0.08200247585773468,0.6665586233139038,-0.058752041310071945,0.03214804455637932,-0.28091153502464294,-0.9573940634727478,-0.07297708094120026,-0.06,0.22181804478168488,0.501576840877533,0.059208955615758896,-0.3427395522594452,-0.6063241362571716,-0.17553311586380005,0.03496064990758896,1.1361701488494873,-0.01859482377767563,-0.3024810254573822,-0.2256399393081665,-0.04225333034992218,0.31869328022003174,1.2357667684555054,0.25195327401161194,-0.1534012109041214,-0.04114633798599243,-0.6001527309417725,-0.11336632817983627
2.267827033996582,0.08160539716482162,0.6654036045074463,-0.06183105334639549,0.029681727290153503,-0.27201661467552185,-0.9598451852798462,-0.06800477206707001,-0.06,0.23944592475891113,0.5002292394638062,0.05426643043756485,-0.3496817648410797,-0.599742591381073,-0.1761101931333542,0.02080492489039898,1.1164991855621338,-0.023097340017557144,-0.31789565086364746,-0.2344188541173935,-0.03373772278428078,0.3618505895137787,1.207275152206421,0.3409751355648041,-0.1828172504901886,-0.06404875218868256,-0.5970519781112671,-0.06565742194652557
2.271446943283081,0.08113646507263184,0.6637599468231201,-0.06565164774656296,0.026845252141356468,-0.26293155550956726,-0.9622037410736084,-0.06465490907430649,-0.06,0.2572263777256012,0.5021488070487976,0.049152664840221405,-0.3585219383239746,-0.5856941342353821,-0.17572642862796783,0.008937769569456577,1.0880290269851685,-0.027681393548846245,-0.3319467604160309,-0.24555598199367523,-0.022968698292970657,0.4031611680984497,1.1772233247756958,0.4309082627296448,-0.21489879488945007,-0.08770383894443512,-0.5859150886535645,-0.018071411177515984
2.2752413749694824,0.0806061327457428,0.6614356637001038,-0.07026544213294983,0.023641742765903473,-0.25378990173339844,-0.9644140601158142,-0.06400684267282486,-0.06,0.27472513914108276,0.5096529126167297,0.04377178102731705,-0.37046781182289124,-0.5635155439376831,-0.1745336949825287,0.00036277028266340494,1.0487556457519531,-0.0333620086312294,-0.34565186500549316,-0.25941166281700134,-0.009625124745070934,0.4410049617290497,1.1471517086029053,0.5172051191329956,-0.2499968409538269,-0.11157887428998947,-0.5659274458885193,0.027788745239377022
2.279182195663452,0.07997588068246841,0.6581006050109863,-0.07561518996953964,0.01994704268872738,-0.24460500478744507,-0.9664639830589294,-0.06844006478786469,-0.06,0.2916652262210846,0.5271170139312744,0.03819799795746803,-0.38771212100982666,-0.5327674150466919,-0.1723795235157013,-0.004080423153936863,0.9929167628288269,-0.0408015102148056,-0.35384902358055115,-0.2757522761821747,0.00593463983386755,0.47319290041923523,1.11887526512146,0.5945302248001099,-0.2885229289531708,-0.1341131627559662,-0.5367278456687927,0.07010871917009354
2.2832565307617188,0.07901401072740555,0.6538819670677185,-0.08088461309671402,0.015872159972786903,-0.23533014953136444,-0.968413770198822,-0.07872793078422546,-0.06,0.3075028657913208,0.5555004477500916,0.03176155686378479,-0.41023576259613037,-0.498081773519516,-0.17003512382507324,0.00026900324155576527,0.9311544895172119,-0.043342944234609604,-0.41041842103004456,-0.29391783475875854,0.023751666769385338,0.49737679958343506,1.0939888954162598,0.655584454536438,-0.3298111855983734,-0.15170638263225555,-0.5014128088951111,0.10696659237146378
2.2882468700408936,0.07715541124343872,0.6533994674682617,-0.0804174616932869,0.015725135803222656,-0.23012982308864594,-0.9697040319442749,-0.08439983427524567,-0.06,0.30966904759407043,0.5821824669837952,0.015810389071702957,-0.41537192463874817,-0.4946674406528473,-0.15972816944122314,0.0009835221571847796,0.9354572296142578,-0.051649097353219986,-0.4181298315525055,-0.321457177400589,0.04896889626979828,0.5148640871047974,1.0689829587936401,0.6962288618087769,-0.3664639890193939,-0.15986531972885132,-0.4688923954963684,0.1492212861776352
2.2928576469421387,0.07507060468196869,0.6545783281326294,-0.07767730951309204,0.015520344488322735,-0.22477352619171143,-0.9711859226226807,-0.10354610532522202,-0.06,0.3005644679069519,0.6284235119819641,-0.00587683217599988,-0.4130471646785736,-0.4825478494167328,-0.1442718505859375,-0.003382729599252343,0.9217466115951538,-0.05995624512434006,-0.4165409505367279,-0.34566691517829895,0.0675424337387085,0.5277407765388489,1.0400409698486328,0.730415940284729,-0.4071446657180786,-0.1664780229330063,-0.4430430829524994,0.19205477833747864
2.296975612640381,0.07337749004364014,0.6573616862297058,-0.07407866418361664,0.014882317744195461,-0.21970565617084503,-0.9726357460021973,-0.13874895870685577,-0.06,0.27635908126831055,0.6927917003631592,-0.02311808057129383,-0.420452743768692,-0.4643884003162384,-0.12799929082393646,-0.009762241505086422,0.893325686454773,-0.06731153279542923,-0.4066726267337799,-0.36624202132225037,0.07741893082857132,0.536782443523407,1.009382724761963,0.7615940570831299,-0.4485923647880554,-0.1769377589225769,-0.42470231652259827,0.2314562052488327
2.300906181335449,0.07243325561285019,0.6610649228096008,-0.07064425945281982,0.014451920986175537,-0.2148616909980774,-0.9739789366722107,-0.17921800911426544,-0.06,0.24201653897762299,0.7486114501953125,-0.03507380560040474,-0.42251643538475037,-0.44127193093299866,-0.11320336163043976,-0.015764625743031502,0.8566133379936218,-0.07255782186985016,-0.3927426338195801,-0.38422510027885437,0.08321484178304672,0.5438047647476196,0.9842469096183777,0.7876954078674316,-0.48684054613113403,-0.19405826926231384,-0.41093751788139343,0.2681034803390503
2.304827928543091,0.07213911414146423,0.6646671891212463,-0.06735177338123322,0.014230762608349323,-0.2098887711763382,-0.9752988219261169,-0.22103352844715118,-0.06,0.20286156237125397,0.7887686491012573,-0.04706933721899986,-0.40723493695259094,-0.41742050647735596,-0.09942711144685745,-0.01978853903710842,0.819606602191925,-0.07622092962265015,-0.37890684604644775,-0.3999171853065491,0.0868394747376442,0.5525616407394409,0.9671017527580261,0.8066383600234985,-0.521393358707428,-0.217655211687088,-0.3987663686275482,0.307224303483963
2.308814764022827,0.0721801370382309,0.6674847602844238,-0.06348387897014618,0.013924808241426945,-0.20438815653324127,-0.9767298698425293,-0.2674604058265686,-0.06,0.16117362678050995,0.8249964714050293,-0.06160254031419754,-0.3851151466369629,-0.39639392495155334,-0.08455411344766617,-0.02154378779232502,0.7870030999183655,-0.07966859638690948,-0.36716365814208984,-0.4128524363040924,0.08987052738666534,0.5644963383674622,0.959747314453125,0.8140156269073486,-0.5515229105949402,-0.24382856488227844,-0.38999468088150024,0.3494204580783844
2.3129770755767822,0.07231611013412476,0.6691828966140747,-0.05852443352341652,0.013706421479582787,-0.198513925075531,-0.9782530665397644,-0.31970301270484924,-0.06,0.11571009457111359,0.8646826148033142,-0.07616078853607178,-0.3619955778121948,-0.37884870171546936,-0.06730130314826965,-0.022147666662931442,0.761117160320282,-0.08359944820404053,-0.35898256301879883,-0.42384594678878784,0.09447465091943741,0.5796748995780945,0.9598827362060547,0.811241626739502,-0.5759207606315613,-0.2684482932090759,-0.38573241233825684,0.39275768399238586
2.317384719848633,0.07244344800710678,0.6697068810462952,-0.052302222698926926,0.013836358673870564,-0.1919417679309845,-0.9799138903617859,-0.3766672611236572,-0.05510403588414192,0.06515505909919739,0.9097597599029541,-0.08911127597093582,-0.3379116356372833,-0.364406555891037,-0.04685492441058159,-0.021554209291934967,0.7424121499061584,-0.08831615000963211,-0.3545856773853302,-0.4323716461658478,0.10095424205064774,0.5972442030906677,0.9631868600845337,0.8039840459823608,-0.5939234495162964,-0.28919216990470886,-0.3858785927295685,0.4358651041984558
2.3219828605651855,0.07258132845163345,0.669266402721405,-0.04493536427617073,0.01417808048427105,-0.18321597576141357,-0.9819427728652954,-0.43616169691085815,-0.043224938213825226,0.011698140762746334,0.957878053188324,-0.10230027139186859,-0.3149277865886688,-0.35322055220603943,-0.02244330756366253,-0.016746874898672104,0.7295283079147339,-0.09360730648040771,-0.3525140583515167,-0.4351406395435333,0.10844389349222183,0.6142168641090393,0.9669630527496338,0.7948710918426514,-0.6049439311027527,-0.304681658744812,-0.39008089900016785,0.47570356726646423
2.326616048812866,0.07288611680269241,0.6682059168815613,-0.03693244978785515,0.014285953715443611,-0.17106762528419495,-0.984463095664978,-0.4951542913913727,-0.02825479954481125,-0.04053531214594841,1.002410888671875,-0.11777187138795853,-0.2978380620479584,-0.34580400586128235,0.005314330104738474,-0.0043791430070996284,0.7208444476127625,-0.09882617741823196,-0.3510395884513855,-0.4296356737613678,0.11651988327503204,0.6268693804740906,0.9711428284645081,0.7841087579727173,-0.609511137008667,-0.31461045145988464,-0.3963659107685089,0.5094711780548096
2.3311331272125244,0.07361748069524765,0.6669379472732544,-0.029039941728115082,0.013887849636375904,-0.15563054382801056,-0.987290620803833,-0.5499827861785889,-0.011699151247739792,-0.08924737572669983,1.036512851715088,-0.1356479972600937,-0.2882160544395447,-0.3414340913295746,0.034108564257621765,0.016167495399713516,0.7146118879318237,-0.1029396504163742,-0.3490612208843231,-0.41661617159843445,0.12448037415742874,0.6337940692901611,0.9766623377799988,0.7739636898040771,-0.609280526638031,-0.32074955105781555,-0.40213409066200256,0.5374099016189575
2.3354415893554688,0.07506290078163147,0.6658197641372681,-0.022026697173714638,0.013016520999372005,-0.13811710476875305,-0.9900853633880615,-0.5963401198387146,0.0038887495175004005,-0.13436859846115112,1.0553988218307495,-0.1541704386472702,-0.28263601660728455,-0.3386419117450714,0.06,0.04323345050215721,0.709666907787323,-0.10490453988313675,-0.34670934081077576,-0.3990052044391632,0.13089296221733093,0.6356987357139587,0.9829614162445068,0.7676705121994019,-0.6063559651374817,-0.3260551989078522,-0.4055303633213043,0.5612548589706421
2.339531660079956,0.07740993052721024,0.6649554967880249,-0.01637086644768715,0.011879670433700085,-0.11986876279115677,-0.9925836324691772,-0.6310649514198303,0.016449125483632088,-0.17622363567352295,1.0585755109786987,-0.16996490955352783,-0.2779500484466553,-0.3366258144378662,0.06,0.07450336217880249,0.7064186334609985,-0.10428988188505173,-0.3447948396205902,-0.3800737261772156,0.1348610520362854,0.6338284611701965,0.9893653988838196,0.7658836841583252,-0.6026541590690613,-0.3322959840297699,-0.4053751230239868,0.58199542760849
2.343506336212158,0.08065945655107498,0.6642124056816101,-0.01208449061959982,0.010907894000411034,-0.10160314291715622,-0.994691789150238,-0.6519920825958252,0.025891125202178955,-0.2142898440361023,1.0479528903961182,-0.17989450693130493,-0.27487513422966003,-0.33486422896385193,0.06,0.10809902846813202,0.7061684727668762,-0.10126089304685593,-0.34468206763267517,-0.36167728900909424,0.13703015446662903,0.6297106146812439,0.9950969815254211,0.7670878171920776,-0.5991226434707642,-0.3389127552509308,-0.40092483162879944,0.599109947681427
2.347442150115967,0.08466251194477081,0.6633667945861816,-0.008797761984169483,0.010219109244644642,-0.08363113552331924,-0.9964055418968201,-0.6592870950698853,0.03311306610703468,-0.2486649602651596,1.0261268615722656,-0.18332967162132263,-0.2741117477416992,-0.3337801992893219,0.06,0.14283931255340576,0.7100574970245361,-0.09628463536500931,-0.34723517298698425,-0.344403475522995,0.1387489289045334,0.6242648363113403,1.0009794235229492,0.7666183114051819,-0.5964924693107605,-0.34405726194381714,-0.3934475779533386,0.6111388802528381
2.3513565063476562,0.08924596756696701,0.6623256206512451,-0.005992872640490532,0.009635688737034798,-0.06643813103437424,-0.9977259039878845,-0.6552143096923828,0.03834680840373039,-0.28108713030815125,0.9966425895690918,-0.18255998194217682,-0.2745282053947449,-0.3336372375488281,0.06,0.1772823929786682,0.7174452543258667,-0.08985455334186554,-0.35221269726753235,-0.3290063440799713,0.1411176472902298,0.6177991032600403,1.0095959901809692,0.7592681646347046,-0.5949276685714722,-0.3461705148220062,-0.3866211175918579,0.6164542436599731
2.3552870750427246,0.09431963413953781,0.6612095236778259,-0.0032931924797594547,0.009075901471078396,-0.05044056847691536,-0.9986803531646729,-0.6420976519584656,0.04113201051950455,-0.312533438205719,0.9635621905326843,-0.18066710233688354,-0.27603211998939514,-0.3334890604019165,0.06,0.21022917330265045,0.7259242534637451,-0.08229031413793564,-0.35857954621315,-0.31613460183143616,0.14481379091739655,0.6102645397186279,1.0230908393859863,0.7420600652694702,-0.5933360457420349,-0.3447829484939575,-0.3829241394996643,0.6129428744316101
2.3592920303344727,0.09989248961210251,0.6602611541748047,-0.0006150808767415583,0.008573786355555058,-0.03583524376153946,-0.9993207454681396,-0.6209630370140076,0.040650300681591034,-0.34157320857048035,0.9280620813369751,-0.17886470258235931,-0.2769742012023926,-0.33188149333000183,0.06,0.24120298027992249,0.7326870560646057,-0.07353068143129349,-0.36515453457832336,-0.30596622824668884,0.14972245693206787,0.6014745235443115,1.04213547706604,0.7150542140007019,-0.5905540585517883,-0.34033507108688354,-0.382425457239151,0.5987018346786499
2.363375186920166,0.106004498898983,0.6596643924713135,0.001987050985917449,0.007975544780492783,-0.02265341579914093,-0.9997095465660095,-0.5933117866516113,0.03591671586036682,-0.36560213565826416,0.8896578550338745,-0.17458614706993103,-0.2774573564529419,-0.32844290137290955,0.06,0.27032506465911865,0.735978901386261,-0.06356087327003479,-0.37102556228637695,-0.29819273948669434,0.15464285016059875,0.591646671295166,1.065967082977295,0.6807531118392944,-0.5866841077804565,-0.33331185579299927,-0.38461068272590637,0.5740393996238708
2.3674933910369873,0.11265041679143906,0.6593917608261108,0.004517912864685059,0.006945282220840454,-0.010976170189678669,-0.9999054074287415,-0.5620300769805908,0.026316946372389793,-0.38275301456451416,0.8480110168457031,-0.16448400914669037,-0.279681533575058,-0.32420769333839417,0.06,0.2976212799549103,0.735891580581665,-0.05244768410921097,-0.37608399987220764,-0.2926322817802429,0.1583329141139984,0.5814818739891052,1.092635154724121,0.642061710357666,-0.5827340483665466,-0.32356005907058716,-0.38968977332115173,0.5417572855949402
2.371619462966919,0.11975184082984924,0.6592695116996765,0.007162448018789291,0.0052939425222575665,-0.0010106356348842382,-0.9999597668647766,-0.5306277275085449,0.012278922833502293,-0.39260613918304443,0.8043861985206604,-0.14768658578395844,-0.2842455506324768,-0.32017767429351807,0.06,0.3224829137325287,0.7333759665489197,-0.04049484431743622,-0.38075539469718933,-0.28926053643226624,0.16028502583503723,0.5717089772224426,1.1191725730895996,0.6015161275863647,-0.5788155198097229,-0.3100316524505615,-0.39990243315696716,0.5040380358695984
2.375790596008301,0.12719836831092834,0.6590940952301025,0.010171430185437202,0.003220393555238843,0.007076962850987911,-0.9999179840087891,-0.5007364153862,-0.004662271589040756,-0.3950912058353424,0.7589437365531921,-0.12579983472824097,-0.2874046564102173,-0.31633418798446655,0.06,0.34402939677238464,0.729502260684967,-0.028145233169198036,-0.38570037484169006,-0.28761574625968933,0.16061685979366302,0.5622206926345825,1.1424747705459595,0.5606484413146973,-0.5737468004226685,-0.29194024205207825,-0.41750356554985046,0.46104347705841064
2.3798892498016357,0.13501007854938507,0.659385085105896,0.01235707476735115,0.0007988905417732894,0.01362695824354887,-0.9998303651809692,-0.48223626613616943,-0.017084820196032524,-0.3917037844657898,0.7317577600479126,-0.11805856972932816,-0.2725442349910736,-0.31195729970932007,0.06,0.36292794346809387,0.721971333026886,-0.01543735433369875,-0.38970276713371277,-0.2858295440673828,0.15745103359222412,0.5502543449401855,1.1600925922393799,0.5229021310806274,-0.5670036673545837,-0.27022579312324524,-0.44196978211402893,0.41102683544158936
2.3836910724639893,0.14299602806568146,0.661160945892334,0.011409581638872623,-0.0014342826325446367,0.018415013328194618,-0.9997642040252686,-0.47300589084625244,-0.024280423298478127,-0.36640334129333496,0.7219007015228271,-0.09449552744626999,-0.2723172605037689,-0.3065415322780609,0.06,0.3756203055381775,0.7090950012207031,-0.008286312222480774,-0.38981956243515015,-0.28347256779670715,0.14796461164951324,0.5317094922065735,1.1716022491455078,0.4896710216999054,-0.5566534996032715,-0.24738118052482605,-0.46881312131881714,0.3537180721759796
2.3872268199920654,0.15074720978736877,0.6636596322059631,0.009393317624926567,-0.003185603301972151,0.02259455807507038,-0.9996954202651978,-0.4579554498195648,-0.0323295071721077,-0.34065011143684387,0.7009177207946777,-0.07431033253669739,-0.2657943367958069,-0.3103749454021454,0.06,0.3843192160129547,0.7148180603981018,-0.006803266704082489,-0.38094115257263184,-0.27846676111221313,0.13214506208896637,0.512061595916748,1.1817725896835327,0.4632587432861328,-0.5420065522193909,-0.22439685463905334,-0.49814531207084656,0.2982136309146881
2.3907787799835205,0.15806272625923157,0.6666238307952881,0.007665678393095732,-0.0036610770039260387,0.027439182624220848,-0.99958735704422,-0.43687304854393005,-0.03795210272073746,-0.3140573501586914,0.6738084554672241,-0.05650988221168518,-0.2573172152042389,-0.31896349787712097,0.06,0.3922399580478668,0.734626829624176,-0.014146336354315281,-0.365530788898468,-0.26979920268058777,0.11484703421592712,0.4919879734516144,1.1960523128509521,0.43734613060951233,-0.5217335224151611,-0.20242494344711304,-0.5261684060096741,0.24645966291427612
2.3943469524383545,0.16506926715373993,0.6694934368133545,0.006400957703590393,-0.003139322390779853,0.03315519168972969,-0.9994247555732727,-0.41327103972435,-0.042023915797472,-0.2869029641151428,0.6464354991912842,-0.039944857358932495,-0.24961838126182556,-0.3288838267326355,0.06,0.3990210294723511,0.7599223852157593,-0.030327292159199715,-0.34699559211730957,-0.25842276215553284,0.09720612317323685,0.47118085622787476,1.21779465675354,0.4060371220111847,-0.4958091974258423,-0.18154573440551758,-0.5499721765518188,0.19271405041217804
2.397864580154419,0.17191563546657562,0.6719030737876892,0.005377543158829212,-0.0020270301029086113,0.039637044072151184,-0.9991974830627441,-0.3899860382080078,-0.04599311575293541,-0.25952133536338806,0.6223104000091553,-0.02421782724559307,-0.24406085908412933,-0.33927613496780396,0.06,0.4049866497516632,0.7871193885803223,-0.04890401288866997,-0.32893630862236023,-0.24615395069122314,0.08048125356435776,0.4507502019405365,1.2468969821929932,0.3691709339618683,-0.4658052325248718,-0.16212482750415802,-0.5649287700653076,0.13436530530452728
2.4013571739196777,0.17871688306331635,0.673957109451294,0.0044663394801318645,-0.00011053709022235125,0.046878304332494736,-0.9988905787467957,-0.3658587634563446,-0.05012022703886032,-0.23116634786128998,0.60015869140625,-0.008859273977577686,-0.24007770419120789,-0.35002732276916504,0.06,0.4045465588569641,0.8135610222816467,-0.05552779510617256,-0.30836543440818787,-0.23436209559440613,0.06621847301721573,0.4325481057167053,1.280052900314331,0.33310964703559875,-0.4343959391117096,-0.14679278433322906,-0.5688251852989197,0.0794486552476883
2.4048383235931396,0.1853632628917694,0.675717294216156,0.003818879136815667,0.0028623631224036217,0.054711855947971344,-0.9984906911849976,-0.34026259183883667,-0.05402251332998276,-0.2020932286977768,0.5797911882400513,0.00587442796677351,-0.23764336109161377,-0.36048194766044617,0.06,0.3989737927913666,0.8400917649269104,-0.05473005026578903,-0.285433828830719,-0.22431546449661255,0.0560358427464962,0.41808560490608215,1.3113656044006348,0.3036455810070038,-0.40287479758262634,-0.13646045327186584,-0.5629023313522339,0.03537920117378235
2.4082424640655518,0.19169394671916962,0.6770528554916382,0.003512541064992547,0.006672228686511517,0.06261016428470612,-0.9980095028877258,-0.31492137908935547,-0.05785548314452171,-0.1738395243883133,0.563090980052948,0.019455453380942345,-0.23743750154972076,-0.3715934455394745,0.06,0.3906604051589966,0.8692841529846191,-0.05422655865550041,-0.26161932945251465,-0.2171793133020401,0.050176940858364105,0.40599948167800903,1.3368624448776245,0.2789459526538849,-0.3713389039039612,-0.12932083010673523,-0.5505157113075256,0.0014896714128553867
2.4114954471588135,0.19768042862415314,0.6777527332305908,0.003014559857547283,0.0108565054833889,0.07054722309112549,-0.9974446892738342,-0.2918857932090759,-0.06,-0.14621596038341522,0.5516636371612549,0.03245670348405838,-0.239826962351799,-0.3862939476966858,0.06,0.38181793689727783,0.9059115648269653,-0.05802983418107033,-0.23792393505573273,-0.21208485960960388,0.046625394374132156,0.39343827962875366,1.3566958904266357,0.2543082535266876,-0.33938807249069214,-0.12299656867980957,-0.5355255007743835,-0.02810928225517273
2.41451358795166,0.20326180756092072,0.6778842210769653,0.002003811299800873,0.01492954883724451,0.07898881286382675,-0.9967616200447083,-0.27164748311042786,-0.06,-0.11829709261655807,0.5441392660140991,0.04477224871516228,-0.24410690367221832,-0.4076802134513855,0.06,0.37530943751335144,0.9557529091835022,-0.06363213807344437,-0.24248549342155457,-0.2067752331495285,0.04240993782877922,0.38047951459884644,1.3719793558120728,0.2304072231054306,-0.3074133098125458,-0.1160605400800705,-0.520982563495636,-0.05511615425348282
2.4172708988189697,0.20834943652153015,0.6778545379638672,0.0006132472772151232,0.018797708675265312,0.08797238767147064,-0.9959452748298645,-0.2522379755973816,-0.06,-0.08994252234697342,0.5360990166664124,0.05603092163801193,-0.24801097810268402,-0.4334038197994232,0.05605402961373329,0.3715115189552307,1.0083054304122925,-0.0679686889052391,-0.25237712264060974,-0.20111459493637085,0.03722565248608589,0.3674785792827606,1.3845784664154053,0.20880453288555145,-0.2773021161556244,-0.1077120304107666,-0.5075186491012573,-0.07748785614967346
2.4197282791137695,0.2129068225622177,0.6779166460037231,-0.0010294736130163074,0.022308049723505974,0.09682823717594147,-0.9950504302978516,-0.23290738463401794,-0.06,-0.06261756271123886,0.5248780846595764,0.0660514235496521,-0.2498185783624649,-0.46143588423728943,0.04589499905705452,0.3682231307029724,1.0568325519561768,-0.06961668282747269,-0.24234618246555328,-0.19730180501937866,0.03222782164812088,0.35359346866607666,1.396049976348877,0.18817071616649628,-0.2518058717250824,-0.09778419137001038,-0.49405327439308167,-0.09506521373987198
2.4218599796295166,0.21688838303089142,0.6780118346214294,-0.0027428956236690283,0.025238581001758575,0.10487840324640274,-0.9941608309745789,-0.2152215987443924,-0.06,-0.03814803063869476,0.5122762322425842,0.07474374026060104,-0.2500303387641907,-0.4907228946685791,0.035145729780197144,0.36302700638771057,1.1015267372131348,-0.06720445305109024,-0.22330258786678314,-0.19695748388767242,0.027956392616033554,0.3380142152309418,1.4063578844070435,0.16584008932113647,-0.23186247050762177,-0.08487986773252487,-0.48005926609039307,-0.11350385844707489
2.423701047897339,0.22023425996303558,0.678031861782074,-0.004259326029568911,0.027655726298689842,0.11201297491788864,-0.9933125376701355,-0.20030249655246735,-0.06,-0.017011476680636406,0.5012156963348389,0.08193384855985641,-0.25019437074661255,-0.5184353590011597,0.02407698705792427,0.35524579882621765,1.1392236948013306,-0.05969709903001785,-0.20657256245613098,-0.20005901157855988,0.023857982829213142,0.3200388550758362,1.415565013885498,0.14027343690395355,-0.21690092980861664,-0.06781664490699768,-0.46488481760025024,-0.1358034908771515
2.425358772277832,0.2229432910680771,0.6780030131340027,-0.00559208681806922,0.02996865287423134,0.11861369013786316,-0.9924724102020264,-0.18669643998146057,-0.06,0.0020387661643326283,0.49147674441337585,0.08776043355464935,-0.2506910562515259,-0.5418014526367188,0.01277119480073452,0.3457787036895752,1.1673941612243652,-0.04840558394789696,-0.19221672415733337,-0.20563335716724396,0.020267462357878685,0.2998791038990021,1.4236077070236206,0.11447892338037491,-0.2065986543893814,-0.04812741279602051,-0.4480231702327728,-0.14999999999999997
2.4268953800201416,0.22507326304912567,0.677973747253418,-0.006981611717492342,0.03235466778278351,0.12516812980175018,-0.9915831685066223,-0.1729711890220642,-0.06,0.020416606217622757,0.4814677834510803,0.0924447774887085,-0.2510607838630676,-0.5602164268493652,0.0012668737908825278,0.3361019790172577,1.1861202716827393,-0.03551457077264786,-0.1803571879863739,-0.21213221549987793,0.017390519380569458,0.2788808345794678,1.4295765161514282,0.09289596229791641,-0.20079675316810608,-0.03,-0.43092915415763855,-0.14999999999999997
2.428285598754883,0.22668281197547913,0.6779051423072815,-0.008592198602855206,0.03459472954273224,0.1318809688091278,-0.9906243681907654,-0.15972089767456055,-0.06,0.038515545427799225,0.47130581736564636,0.09611957520246506,-0.2513073682785034,-0.5749468207359314,-0.010095019824802876,0.3271084427833557,1.1967207193374634,-0.022405404597520828,-0.1720084547996521,-0.2183516025543213,0.014335395768284798,0.25787267088890076,1.4327484369277954,0.07552236318588257,-0.1986042559146881,-0.03,-0.4160049855709076,-0.14999999999999997
2.4295196533203125,0.22778962552547455,0.6777246594429016,-0.01046752743422985,0.03657928854227066,0.13876274228096008,-0.9895943999290466,-0.14776337146759033,-0.06,0.05631330609321594,0.46211376786231995,0.09883880615234375,-0.2519419193267822,-0.5872518420219421,-0.0207778662443161,0.3189370036125183,1.2011550664901733,-0.010213589295744896,-0.16456973552703857,-0.22392459213733673,0.010933826677501202,0.2375977635383606,1.433600664138794,0.0612403005361557,-0.19840486347675323,-0.03,-0.40471288561820984,-0.14999999999999997
2.4306275844573975,0.22839444875717163,0.6773746609687805,-0.012634137645363808,0.0383664071559906,0.1458396166563034,-0.9884832501411438,-0.137288898229599,-0.06,0.07397681474685669,0.45471474528312683,0.10072728246450424,-0.25348612666130066,-0.5980768799781799,-0.030188465490937233,0.3117033541202545,1.2023149728775024,0.0007178234518505633,-0.15580059587955475,-0.22893254458904266,0.007769722491502762,0.2190936803817749,1.4335683584213257,0.05021221563220024,-0.19889159500598907,-0.03,-0.3976428508758545,-0.14999999999999997
2.431647777557373,0.2285081148147583,0.676848292350769,-0.015160887502133846,0.04010065272450447,0.15306462347507477,-0.9872856736183167,-0.1278487890958786,-0.06,0.091528981924057,0.44898101687431335,0.10174494981765747,-0.25594913959503174,-0.6076447367668152,-0.03814316168427467,0.3054390847682953,1.2021404504776,0.010705423541367054,-0.1452125608921051,-0.23381420969963074,0.0054634991101920605,0.20362703502178192,1.4343369007110596,0.043835751712322235,-0.19932657480239868,-0.03,-0.3948401212692261,-0.14999999999999997
2.4326138496398926,0.22814981639385223,0.6761580109596252,-0.018148165196180344,0.04190288484096527,0.1603291779756546,-0.9860066771507263,-0.11880797147750854,-0.06,0.10892867296934128,0.44419869780540466,0.10199787467718124,-0.2590079605579376,-0.6157584190368652,-0.04476390406489372,0.3001781404018402,1.2012122869491577,0.01971154846251011,-0.13287939131259918,-0.23913216590881348,0.004591019824147224,0.1925542652606964,1.4370132684707642,0.04403989762067795,-0.19949327409267426,-0.03,-0.3960034251213074,-0.14999999999999997
2.433530330657959,0.22734218835830688,0.6752859354019165,-0.021674957126379013,0.0437600202858448,0.16755996644496918,-0.984651505947113,-0.11022181063890457,-0.06,0.12606802582740784,0.4403318464756012,0.10157135128974915,-0.26260748505592346,-0.6223680973052979,-0.05014851689338684,0.29601675271987915,1.1997066736221313,0.027057785540819168,-0.11971990764141083,-0.24518132209777832,0.0054844883270561695,0.18626749515533447,1.4412999153137207,0.05102661997079849,-0.19956226646900177,-0.03,-0.400708943605423,-0.14999999999999997
2.4343791007995605,0.22611507773399353,0.6741894483566284,-0.025781681761145592,0.045548245310783386,0.17464019358158112,-0.9832402467727661,-0.10276949405670166,-0.06,0.1426258087158203,0.4380294680595398,0.10050486773252487,-0.2669476866722107,-0.6275284290313721,-0.05460570752620697,0.2928445339202881,1.1975101232528687,0.032783716917037964,-0.10870534926652908,-0.2521153688430786,0.008031710051000118,0.18434098362922668,1.4458497762680054,0.06374063342809677,-0.20011675357818604,-0.03,-0.408820241689682,-0.14999999999999997
2.435152769088745,0.22448742389678955,0.672842800617218,-0.030446447432041168,0.047190673649311066,0.18141984939575195,-0.9818008542060852,-0.09696836024522781,-0.06,0.15825171768665314,0.43790778517723083,0.09884554147720337,-0.2722453474998474,-0.6307262778282166,-0.05869850888848305,0.2900330126285553,1.1932395696640015,0.03746512159705162,-0.10162627696990967,-0.2599021792411804,0.012123445980250835,0.18672515451908112,1.4486801624298096,0.08223634958267212,-0.20170938968658447,-0.03,-0.42060014605522156,-0.14999999999999997
2.435837507247925,0.2224508672952652,0.6712337732315063,-0.035598013550043106,0.048609986901283264,0.18783161044120789,-0.9803515076637268,-0.09326131641864777,-0.06,0.17274010181427002,0.44056347012519836,0.09656276553869247,-0.278746634721756,-0.631270706653595,-0.0627870112657547,0.286695271730423,1.185112714767456,0.0413750484585762,-0.09857145696878433,-0.26803117990493774,0.01745360530912876,0.1940585821866989,1.4474618434906006,0.1076265349984169,-0.20434539020061493,-0.03,-0.4365467131137848,-0.14999999999999997
2.4364116191864014,0.21997983753681183,0.6693467497825623,-0.04113435745239258,0.04967666417360306,0.19390739500522614,-0.9788973331451416,-0.09227089583873749,-0.06,0.18604399263858795,0.4468171000480652,0.0935746282339096,-0.2868247926235199,-0.6287797689437866,-0.066847063601017,0.28199344873428345,1.1721702814102173,0.04412905499339104,-0.09857748448848724,-0.2757919430732727,0.02351355366408825,0.20704403519630432,1.4404363632202148,0.1402856558561325,-0.2079140692949295,-0.03,-0.4566578269004822,-0.14999999999999997
2.436858654022217,0.2170501947402954,0.6671619415283203,-0.04695434868335724,0.05027984455227852,0.19972874224185944,-0.9774332046508789,-0.0944797620177269,-0.06,0.19824400544166565,0.45737090706825256,0.08980657905340195,-0.29683735966682434,-0.622920572757721,-0.07082993537187576,0.2754507064819336,1.1541374921798706,0.04525133594870567,-0.10156770050525665,-0.28263816237449646,0.029984071850776672,0.22613228857517242,1.4270039796829224,0.17952975630760193,-0.212554931640625,-0.03,-0.4801603853702545,-0.14999999999999997
2.4369118213653564,0.21349167823791504,0.6651440858840942,-0.05186915770173073,0.05017673969268799,0.2055923342704773,-0.9759731292724609,-0.09914059937000275,-0.06,0.20919285714626312,0.47026294469833374,0.08450009673833847,-0.3074563443660736,-0.614691436290741,-0.07699122279882431,0.2711794972419739,1.1424654722213745,0.04627407342195511,-0.14693699777126312,-0.2880851626396179,0.03729626163840294,0.2529766857624054,1.4075857400894165,0.22491271793842316,-0.21758310496807098,-0.034554801881313324,-0.507153332233429,-0.14999999999999997
2.4365384578704834,0.20939883589744568,0.6634393930435181,-0.05577731505036354,0.049310434609651566,0.2110595852136612,-0.9746337532997131,-0.10563366115093231,-0.06,0.2179255336523056,0.4837085008621216,0.07770180702209473,-0.3174665570259094,-0.6014617681503296,-0.0813932716846466,0.26192861795425415,1.1213972568511963,0.043245766311883926,-0.19388945400714874,-0.29336920380592346,0.0450824499130249,0.28795644640922546,1.3843255043029785,0.2769865095615387,-0.22316865622997284,-0.055216968059539795,-0.5370001196861267,-0.14999999999999997
2.435804605484009,0.20492757856845856,0.6620565056800842,-0.05897960439324379,0.04794403910636902,0.21586307883262634,-0.9734607934951782,-0.11269485950469971,-0.06,0.2242385298013687,0.4959096908569336,0.06981368362903595,-0.3259398937225342,-0.5828685164451599,-0.08549468964338303,0.24654316902160645,1.0908616781234741,0.029530100524425507,-0.2428695112466812,-0.29932868480682373,0.05392599478363991,0.3307854235172272,1.3596400022506714,0.3356623947620392,-0.22970114648342133,-0.0817490965127945,-0.5676950216293335,-0.14999999999999997
2.434849500656128,0.20017898082733154,0.6607829928398132,-0.06183008849620819,0.046542588621377945,0.22039936482906342,-0.9723347425460815,-0.11957138776779175,-0.06,0.22940693795681,0.5076692700386047,0.06114235892891884,-0.33379706740379333,-0.5571563243865967,-0.08993114531040192,0.22714686393737793,1.048400640487671,0.015281870029866695,-0.2947579622268677,-0.3050757646560669,0.0643967017531395,0.37936124205589294,1.335070013999939,0.39911654591560364,-0.23734021186828613,-0.11530689150094986,-0.5966662168502808,-0.13143230974674225
2.433736801147461,0.19522210955619812,0.65926593542099,-0.0646844208240509,0.045318081974983215,0.22521209716796875,-0.9711033701896667,-0.12713874876499176,-0.06,0.23476195335388184,0.5219538807868958,0.05191144719719887,-0.3429580330848694,-0.523546040058136,-0.0942901149392128,0.20662999153137207,0.9926325082778931,0.0010911336867138743,-0.35114914178848267,-0.30963414907455444,0.07550284266471863,0.43080446124076843,1.3114317655563354,0.46527430415153503,-0.24611829221248627,-0.15495076775550842,-0.6197732090950012,-0.06808232516050339
2.4324254989624023,0.1900898665189743,0.6571940779685974,-0.0677543506026268,0.04414995014667511,0.23029178380966187,-0.9697554707527161,-0.13779932260513306,-0.06,0.2393033653497696,0.5428851246833801,0.04005313664674759,-0.3552694022655487,-0.4837273359298706,-0.09751631319522858,0.19202226400375366,0.9224815964698792,-0.01382873859256506,-0.4107950031757355,-0.3132195770740509,0.08486957848072052,0.48226985335350037,1.286616563796997,0.5305393934249878,-0.2568603754043579,-0.19798362255096436,-0.6333256959915161,-0.004903197288513184
2.4312703609466553,0.1840471625328064,0.6575207710266113,-0.06593069434165955,0.044705212116241455,0.23200836777687073,-0.9694464206695557,-0.14295995235443115,-0.06,0.2301386296749115,0.5624883770942688,0.010782703757286072,-0.3599933087825775,-0.46869996190071106,-0.08613334596157074,0.1807151883840561,0.9092536568641663,-0.020204387605190277,-0.4142954349517822,-0.3235924541950226,0.09453791379928589,0.5321152210235596,1.2533354759216309,0.5891129970550537,-0.2641494870185852,-0.23892119526863098,-0.6373902559280396,0.06378961354494095
2.430208444595337,0.17824168503284454,0.6586751341819763,-0.06219588965177536,0.04596497118473053,0.2336888164281845,-0.9692307710647583,-0.153683140873909,-0.06,0.21267490088939667,0.5988414883613586,-0.023988455533981323,-0.3733028471469879,-0.44963526725769043,-0.07297603040933609,0.16341759264469147,0.8928841948509216,-0.03533182665705681,-0.4095265567302704,-0.3318566083908081,0.0941387265920639,0.5832718014717102,1.203521490097046,0.6533145308494568,-0.2752470076084137,-0.27977561950683594,-0.6297488808631897,0.13010750710964203
2.4292421340942383,0.17325860261917114,0.660607099533081,-0.05860670283436775,0.04690653458237648,0.236440509557724,-0.9687418341636658,-0.17626343667507172,-0.06,0.1901170015335083,0.6571078896522522,-0.049766771495342255,-0.3887689709663391,-0.42933911085128784,-0.05982355773448944,0.15036725997924805,0.8698791861534119,-0.047120243310928345,-0.40006890892982483,-0.33556073904037476,0.07867678254842758,0.629636824131012,1.141194224357605,0.7169378399848938,-0.2910916805267334,-0.31947624683380127,-0.6093961000442505,0.18763500452041626
2.4285531044006348,0.1691436618566513,0.6633138060569763,-0.055584512650966644,0.04761255905032158,0.24069097638130188,-0.9678384065628052,-0.20494066178798676,-0.06,0.16365639865398407,0.7194511294364929,-0.06568724662065506,-0.3906145691871643,-0.40791088342666626,-0.047504302114248276,0.14308591187000275,0.8404011726379395,-0.056047555059194565,-0.38632258772850037,-0.3354930281639099,0.052586838603019714,0.6646088361740112,1.0788544416427612,0.771050214767456,-0.30988645553588867,-0.35546499490737915,-0.5801945924758911,0.2351086288690567
2.4282047748565674,0.16572123765945435,0.6661913990974426,-0.053126923739910126,0.04809948429465294,0.247005432844162,-0.9663602113723755,-0.2334463745355606,-0.06,0.13542871177196503,0.76991868019104,-0.07752621918916702,-0.3788452744483948,-0.3877302408218384,-0.03535592183470726,0.14280280470848083,0.8094807863235474,-0.06276877969503403,-0.3707696497440338,-0.33185312151908875,0.021835103631019592,0.6877222657203674,1.0268276929855347,0.8153780698776245,-0.32856258749961853,-0.3848007321357727,-0.5502902865409851,0.26973578333854675
2.4281575679779053,0.16273419559001923,0.6683857440948486,-0.050929997116327286,0.04835755005478859,0.25519341230392456,-0.9643359780311584,-0.2615361213684082,-0.05022189021110535,0.10691294074058533,0.8113420009613037,-0.0888226181268692,-0.3675612211227417,-0.3718399107456207,-0.022503813728690147,0.1485714316368103,0.7842133641242981,-0.06878411769866943,-0.35710084438323975,-0.3251519799232483,-0.008510014042258263,0.701683759689331,0.9885379672050476,0.8509626984596252,-0.34383052587509155,-0.4065410792827606,-0.5270740985870361,0.29147833585739136
2.4283647537231445,0.16006264090538025,0.66963791847229,-0.048742298036813736,0.048442840576171875,0.26481693983078003,-0.9618468284606934,-0.2912091016769409,-0.038322363048791885,0.07869142293930054,0.8506208062171936,-0.09964324533939362,-0.36032044887542725,-0.3608262836933136,-0.008573687635362148,0.15930326282978058,0.7671267986297607,-0.07391421496868134,-0.34699922800064087,-0.31606897711753845,-0.03632970154285431,0.7094012498855591,0.963525116443634,0.8816888332366943,-0.3559432625770569,-0.4221359193325043,-0.5122277736663818,0.3076017200946808
2.4288361072540283,0.15773451328277588,0.6700524091720581,-0.04662301018834114,0.04844805225729942,0.2754803001880646,-0.9589523077011108,-0.32115477323532104,-0.025783419609069824,0.05070233717560768,0.8849882483482361,-0.10963103175163269,-0.3509179949760437,-0.3541595935821533,0.0058758151717484,0.17399828135967255,0.7579634189605713,-0.07809638977050781,-0.34052878618240356,-0.3054031729698181,-0.05921754240989685,0.710746169090271,0.9503841996192932,0.9052741527557373,-0.36602357029914856,-0.43274953961372375,-0.5041093230247498,0.32224634289741516
2.4295148849487305,0.15584605932235718,0.6696735620498657,-0.04486468434333801,0.04816751182079315,0.28668615221977234,-0.9557603597640991,-0.3496212959289551,-0.014610315673053265,0.02191273495554924,0.9093539118766785,-0.1192503273487091,-0.3394622206687927,-0.3527235984802246,0.020150722935795784,0.19198890030384064,0.7571422457695007,-0.0811893567442894,-0.33784019947052,-0.2942297160625458,-0.07581515610218048,0.705053448677063,0.945976197719574,0.9177637696266174,-0.3746606409549713,-0.4381965696811676,-0.4998463988304138,0.33356747031211853
2.4302914142608643,0.15448947250843048,0.6685263514518738,-0.0437399223446846,0.04723820090293884,0.297917902469635,-0.9524180889129639,-0.37610217928886414,-0.006498424801975489,-0.009002335369586945,0.9213668704032898,-0.12969298660755157,-0.33240747451782227,-0.3577103018760681,0.03388088569045067,0.21251322329044342,0.764799177646637,-0.0832374170422554,-0.3387598395347595,-0.2834572196006775,-0.08747882395982742,0.6926113367080688,0.9451416730880737,0.9180787205696106,-0.38166406750679016,-0.43803009390830994,-0.4959700405597687,0.33683881163597107
2.431142807006836,0.15366092324256897,0.6667591333389282,-0.04323486238718033,0.04564373195171356,0.30892059206962585,-0.9490076303482056,-0.39828747510910034,-0.001424672082066536,-0.04204104095697403,0.9186922311782837,-0.14158348739147186,-0.337075412273407,-0.36820730566978455,0.04709918051958084,0.23474878072738647,0.7792112231254578,-0.08408872038125992,-0.3425856828689575,-0.2734104096889496,-0.09622243046760559,0.6750437021255493,0.9436239004135132,0.9081888198852539,-0.3864761292934418,-0.43342387676239014,-0.48958516120910645,0.3292786180973053
2.432103157043457,0.15330743789672852,0.6646742820739746,-0.04314553737640381,0.04344883933663368,0.319805383682251,-0.945502519607544,-0.4140370488166809,0.001955096609890461,-0.075970858335495,0.9011347889900208,-0.15338417887687683,-0.34965747594833374,-0.38203611969947815,0.06,0.2582576870918274,0.7968626022338867,-0.08382441848516464,-0.3475823700428009,-0.26367270946502686,-0.10281844437122345,0.6525905728340149,0.9425141215324402,0.8852148056030273,-0.3878684639930725,-0.4253983199596405,-0.4806763529777527,0.30827322602272034
2.43324613571167,0.15339021384716034,0.6625548005104065,-0.04329775646328926,0.04074205458164215,0.33048778772354126,-0.9419358372688293,-0.4226773977279663,0.004283428657799959,-0.11040838062763214,0.8718496561050415,-0.16372546553611755,-0.36015820503234863,-0.39717650413513184,0.06,0.28243887424468994,0.8147337436676025,-0.08237719535827637,-0.3524860143661499,-0.2543392479419708,-0.10695832222700119,0.6241228580474854,0.94488126039505,0.8435900807380676,-0.3845699429512024,-0.4145897328853607,-0.4707746207714081,0.2725052237510681
2.43464994430542,0.15389057993888855,0.6605727076530457,-0.04357624053955078,0.03763943538069725,0.34059539437294006,-0.938444972038269,-0.4245094060897827,0.004953411407768726,-0.14637723565101624,0.8365832567214966,-0.17156508564949036,-0.364695280790329,-0.41231584548950195,0.06,0.3063108026981354,0.8311925530433655,-0.07971832156181335,-0.3568272888660431,-0.24652345478534698,-0.10862826555967331,0.5883262157440186,0.9530861377716064,0.78090500831604,-0.37690532207489014,-0.40064799785614014,-0.4613892734050751,0.22363616526126862
2.436339855194092,0.15477269887924194,0.6587446928024292,-0.04384719207882881,0.034198712557554245,0.34973403811454773,-0.9351972341537476,-0.42058756947517395,0.003018514486029744,-0.18535783886909485,0.802143931388855,-0.17520518600940704,-0.3660941421985626,-0.42700445652008057,0.06,0.32886946201324463,0.8459392189979553,-0.075972780585289,-0.3607637584209442,-0.2419968843460083,-0.10799369215965271,0.5449467897415161,0.9686031341552734,0.6998374462127686,-0.3663029968738556,-0.3817584216594696,-0.45368343591690063,0.164405956864357
2.438284397125244,0.15595804154872894,0.6569147109985352,-0.04396377131342888,0.030434979125857353,0.35800302028656006,-0.932188093662262,-0.41146859526634216,-0.001525378436781466,-0.2259206920862198,0.7711195945739746,-0.1742040365934372,-0.36599406599998474,-0.44162121415138245,0.06,0.3500283360481262,0.8600249290466309,-0.07143343240022659,-0.36480283737182617,-0.24158364534378052,-0.10494063794612885,0.4957104027271271,0.9916499257087708,0.6073023080825806,-0.3545866310596466,-0.35678741335868835,-0.44803497195243835,0.09926903992891312
2.4404501914978027,0.15733006596565247,0.6548045873641968,-0.04379471763968468,0.026417218148708344,0.36576777696609497,-0.9292997121810913,-0.39820075035095215,-0.008209737949073315,-0.2633310556411743,0.7428283095359802,-0.17161762714385986,-0.3580859303474426,-0.4568764567375183,0.06,0.37014904618263245,0.8755583763122559,-0.06653677672147751,-0.3700259029865265,-0.24506278336048126,-0.09862207621335983,0.4426281154155731,1.0214968919754028,0.509503185749054,-0.34252920746803284,-0.3264879584312439,-0.4446035921573639,0.032397735863924026
2.4427826404571533,0.15878815948963165,0.6521261930465698,-0.043182168155908585,0.022058110684156418,0.3733674883842468,-0.9264153242111206,-0.3847293555736542,-0.016736257821321487,-0.2929682731628418,0.720198392868042,-0.1703817993402481,-0.34704530239105225,-0.4735896587371826,0.06,0.38959893584251404,0.894233763217926,-0.06143158674240112,-0.37685608863830566,-0.25162574648857117,-0.08856446295976639,0.3881680965423584,1.0565030574798584,0.41316479444503784,-0.3304525315761566,-0.29241612553596497,-0.4437045156955719,-0.03121747262775898
2.445239543914795,0.16025733947753906,0.6487863659858704,-0.04194992780685425,0.01732507534325123,0.38093695044517517,-0.9234864115715027,-0.3751952052116394,-0.025845156982541084,-0.3126935660839081,0.7052704095840454,-0.1711418628692627,-0.34487542510032654,-0.49165621399879456,0.06,0.4081989526748657,0.9162421822547913,-0.05628462880849838,-0.3853932023048401,-0.2602708041667938,-0.07536623626947403,0.3357105851173401,1.0931817293167114,0.32745155692100525,-0.3179197609424591,-0.2557455599308014,-0.44662347435951233,-0.0875304639339447
2.447854995727539,0.16162455081939697,0.6462337970733643,-0.041603751480579376,0.013451526872813702,0.38800373673439026,-0.9206199645996094,-0.3829007148742676,-0.02950737252831459,-0.31616663932800293,0.7210151553153992,-0.17558611929416656,-0.37518778443336487,-0.5060049891471863,0.06,0.42671915888786316,0.9336633682250977,-0.05063939839601517,-0.3926253616809845,-0.27040761709213257,-0.060873545706272125,0.28536808490753174,1.1255300045013428,0.2634226381778717,-0.302104115486145,-0.21845568716526031,-0.454814612865448,-0.13821333646774292
2.4505977630615234,0.16285263001918793,0.6445169448852539,-0.04260290041565895,0.011062364093959332,0.3927476704120636,-0.9185922741889954,-0.39445364475250244,-0.0336005836725235,-0.3079577088356018,0.7423593401908875,-0.1718122363090515,-0.3887379765510559,-0.516556978225708,0.06,0.44240617752075195,0.9479037523269653,-0.044065650552511215,-0.4001236855983734,-0.28420600295066833,-0.046735361218452454,0.23760461807250977,1.148018717765808,0.21968743205070496,-0.2815287709236145,-0.18213418126106262,-0.46997156739234924,-0.14999999999999997
2.453282594680786,0.1641021966934204,0.6429150700569153,-0.044434722512960434,0.009256760589778423,0.3962635397911072,-0.9170141816139221,-0.404001921415329,-0.03958461806178093,-0.2989404797554016,0.7590596079826355,-0.16443964838981628,-0.39916399121284485,-0.5271088480949402,0.06,0.45679712295532227,0.9628630876541138,-0.0376371368765831,-0.40866145491600037,-0.2977483570575714,-0.03448369726538658,0.19352485239505768,1.1584703922271729,0.18685489892959595,-0.25732919573783875,-0.14764387905597687,-0.49115902185440063,-0.14999999999999997
2.455779790878296,0.1652607023715973,0.6413285136222839,-0.04643430560827255,0.007920216768980026,0.4002258777618408,-0.9152050614356995,-0.4119883179664612,-0.04526317119598389,-0.28889602422714233,0.7744781374931335,-0.15871702134609222,-0.40920448303222656,-0.5369157791137695,0.06,0.47214311361312866,0.9778124690055847,-0.03134584426879883,-0.4169854521751404,-0.30734825134277344,-0.02361191250383854,0.15286757051944733,1.1605520248413086,0.15715962648391724,-0.2301148772239685,-0.11601095646619797,-0.5146552324295044,-0.14999999999999997
2.457998275756836,0.1662399023771286,0.6397302150726318,-0.04799266532063484,0.007056988775730133,0.4055088758468628,-0.912803053855896,-0.41797807812690735,-0.04841999337077141,-0.27582424879074097,0.7894449234008789,-0.15241950750350952,-0.4199281632900238,-0.5448970794677734,0.06,0.48909106850624084,0.9918321967124939,-0.02538730576634407,-0.4241160750389099,-0.3126242458820343,-0.014629772864282131,0.1163528710603714,1.1618434190750122,0.12804138660430908,-0.2015208750963211,-0.08830121904611588,-0.5361524820327759,-0.14999999999999997
2.459881067276001,0.16700927913188934,0.6382188200950623,-0.048858001828193665,0.006790366489440203,0.41184866428375244,-0.9099162220954895,-0.421291708946228,-0.04854598641395569,-0.2598152458667755,0.8031661510467529,-0.1444917768239975,-0.4308594763278961,-0.5501697063446045,0.06,0.5064315795898438,1.0040545463562012,-0.020299028605222702,-0.42963823676109314,-0.31595417857170105,-0.008212142623960972,0.08788523077964783,1.1663320064544678,0.10564830899238586,-0.17391066253185272,-0.0653768926858902,-0.5517351627349854,-0.14999999999999997
2.461376667022705,0.1675807237625122,0.6368914842605591,-0.04905547946691513,0.00705556757748127,0.41840437054634094,-0.9069076776504517,-0.42222270369529724,-0.04645613580942154,-0.24332788586616516,0.8150889873504639,-0.13673493266105652,-0.4411947727203369,-0.5527414083480835,0.06,0.5224969983100891,1.0139598846435547,-0.01613936387002468,-0.43363437056541443,-0.31986474990844727,-0.0044347676448524,0.06926776468753815,1.1743935346603394,0.0919838547706604,-0.14932960271835327,-0.0462956577539444,-0.5611947178840637,-0.14999999999999997
2.4624922275543213,0.16798898577690125,0.6358439326286316,-0.04873623698949814,0.007723212242126465,0.4246918857097626,-0.903992235660553,-0.42137566208839417,-0.04350144416093826,-0.2297867089509964,0.8254396915435791,-0.13473384082317352,-0.4506051540374756,-0.5529463887214661,0.06,0.536573052406311,1.021169900894165,-0.012942229397594929,-0.4360489249229431,-0.3249048590660095,-0.0026202320586889982,0.05934751033782959,1.1846144199371338,0.08447743207216263,-0.1285172551870346,-0.03,-0.567195475101471,-0.14999999999999997
2.4632625579833984,0.1682683378458023,0.6350815892219543,-0.04801246151328087,0.008737592957913876,0.43076378107070923,-0.9011441469192505,-0.4185595214366913,-0.0394185371696949,-0.21691973507404327,0.8332780599594116,-0.1338215470314026,-0.4585916996002197,-0.5510978102684021,0.06,0.5490890741348267,1.025853157043457,-0.010470600798726082,-0.436989426612854,-0.3300930857658386,-0.0020596645772457123,0.056707512587308884,1.1948282718658447,0.08170238882303238,-0.1119311973452568,-0.03,-0.5715057849884033,-0.14999999999999997
2.463792562484741,0.1684940606355667,0.6345843076705933,-0.04714740067720413,0.01016906090080738,0.4367632269859314,-0.898282527923584,-0.4136345386505127,-0.03495621308684349,-0.20424778759479523,0.838507890701294,-0.134304940700531,-0.4651833772659302,-0.5475861430168152,0.06,0.5610208511352539,1.0286805629730225,-0.00830769445747137,-0.43689027428627014,-0.3345767557621002,-0.002465789904817939,0.06002416834235191,1.2036466598510742,0.08276036381721497,-0.10063624382019043,-0.03,-0.5732937455177307,-0.14999999999999997
2.464158773422241,0.16874869167804718,0.6342891454696655,-0.04632174223661423,0.011927133426070213,0.4430132210254669,-0.8952380418777466,-0.4070926308631897,-0.030540719628334045,-0.19147196412086487,0.8418118357658386,-0.13713043928146362,-0.47075966000556946,-0.5430426001548767,0.06,0.5735397934913635,1.0302518606185913,-0.006076442077755928,-0.43583279848098755,-0.3374999463558197,-0.004296613857150078,0.06881695985794067,1.2109447717666626,0.08534213900566101,-0.09645900875329971,-0.03,-0.5709134340286255,-0.14999999999999997
2.4643993377685547,0.16912789642810822,0.6341426968574524,-0.04556054621934891,0.013683822005987167,0.449757844209671,-0.8918827772140503,-0.4000895321369171,-0.026163067668676376,-0.17883360385894775,0.8441798686981201,-0.14317986369132996,-0.47576087713241577,-0.5382458567619324,0.06,0.5874044895172119,1.0306628942489624,-0.0034782872535288334,-0.4336353838443756,-0.33860185742378235,-0.008557401597499847,0.08309753984212875,1.2175652980804443,0.0856533795595169,-0.10155897587537766,-0.03,-0.5629535913467407,-0.14999999999999997
2.464574098587036,0.1697186976671219,0.6341310143470764,-0.04482942074537277,0.01515780296176672,0.45714136958122253,-0.8881341218948364,-0.39344322681427,-0.021646970883011818,-0.16628238558769226,0.8461475968360901,-0.15238074958324432,-0.4804348647594452,-0.5336401462554932,0.06,0.6030958294868469,1.0297019481658936,-0.00022918972535990179,-0.43006303906440735,-0.3381219208240509,-0.015936119481921196,0.10248701274394989,1.2242927551269531,0.07972054928541183,-0.11725440621376038,-0.03,-0.5481590628623962,-0.14999999999999997
2.464775323867798,0.17056918144226074,0.6342938542366028,-0.04410765692591667,0.016292857006192207,0.4651460349559784,-0.8839842081069946,-0.387439101934433,-0.016939664259552956,-0.15311983227729797,0.8485091328620911,-0.1626935750246048,-0.4876188039779663,-0.5290910601615906,0.06,0.6207408308982849,1.0270015001296997,0.003891205647960305,-0.4250796437263489,-0.3366904854774475,-0.02680486999452114,0.12651364505290985,1.2307411432266235,0.06488597393035889,-0.1438576579093933,-0.03,-0.525560200214386,-0.14999999999999997
2.4650776386260986,0.17166931927204132,0.6346266269683838,-0.04317685216665268,0.01712939701974392,0.47362685203552246,-0.8794997930526733,-0.3812757134437561,-0.011680759489536285,-0.13929861783981323,0.8495897054672241,-0.1740906536579132,-0.49259963631629944,-0.5241466760635376,0.06,0.6396811604499817,1.0223805904388428,0.008654515258967876,-0.4188363254070282,-0.33489474654197693,-0.041257094591856,0.15552634000778198,1.2354316711425781,0.040462132543325424,-0.18068481981754303,-0.03,-0.4951377213001251,-0.14999999999999997
2.4655284881591797,0.17299357056617737,0.6351380944252014,-0.04188435524702072,0.017686182633042336,0.4824877083301544,-0.8747219443321228,-0.3750903606414795,-0.005876257549971342,-0.12544798851013184,0.8504611849784851,-0.18674345314502716,-0.4976610243320465,-0.5184287428855896,0.06,0.659492015838623,1.0155540704727173,0.013992716558277607,-0.41135305166244507,-0.33285120129585266,-0.05950959771871567,0.18998657166957855,1.236858606338501,0.00724624702706933,-0.22701917588710785,-0.03,-0.4577528238296509,-0.14999999999999997
2.4661872386932373,0.17452889680862427,0.6358307003974915,-0.04024113714694977,0.018067261204123497,0.4914320707321167,-0.8697980642318726,-0.36871305108070374,8.686503861099482e-05,-0.11180809885263443,0.8510133624076843,-0.2000790387392044,-0.5025931000709534,-0.5117788314819336,0.06,0.6793392896652222,1.0064890384674072,0.019802972674369812,-0.4031553864479065,-0.3311174213886261,-0.08232977986335754,0.2308182716369629,1.2342675924301147,-0.03158337622880936,-0.282649427652359,-0.03,-0.4143330752849579,-0.14999999999999997
2.4677817821502686,0.17649033665657043,0.6373088359832764,-0.03958186134696007,0.01969374343752861,0.4978387653827667,-0.8661419153213501,-0.359159380197525,-0.0004362213658168912,-0.09968514740467072,0.8457186818122864,-0.21126027405261993,-0.5009335875511169,-0.5027697086334229,0.06,0.6976929306983948,0.9951087832450867,0.02794468402862549,-0.3965899348258972,-0.33490487933158875,-0.11044998466968536,0.2760317027568817,1.227414608001709,-0.07191087305545807,-0.3476417660713196,-0.03,-0.3653310537338257,-0.14999999999999997
2.469660520553589,0.17867855727672577,0.6389998197555542,-0.03837518393993378,0.020898569375276566,0.5049649477005005,-0.862032949924469,-0.34807050228118896,0.0010558093199506402,-0.08401336520910263,0.8375080823898315,-0.21977560222148895,-0.49991023540496826,-0.4931466579437256,0.06,0.7159745097160339,0.9808211326599121,0.03452206403017044,-0.3883621394634247,-0.3364986181259155,-0.14377380907535553,0.33084437251091003,1.2164734601974487,-0.11537007242441177,-0.4214968681335449,-0.03,-0.31355249881744385,-0.14999999999999997
2.4717938899993896,0.1809830367565155,0.6408354043960571,-0.03647173196077347,0.021743277087807655,0.5119084715843201,-0.8579899072647095,-0.33476942777633667,0.003997241146862507,-0.06715483963489532,0.8251398801803589,-0.22632309794425964,-0.5008311867713928,-0.48226454854011536,0.06,0.7341017723083496,0.9636557698249817,0.04288183152675629,-0.3791787326335907,-0.33808860182762146,-0.18209704756736755,0.39595547318458557,1.2016685009002686,-0.14999999999999997,-0.5031779408454895,-0.03,-0.26113471388816833,-0.14999999999999997
2.4740421772003174,0.18314674496650696,0.6428104639053345,-0.03391595184803009,0.02234688401222229,0.5188567042350769,-0.8538956642150879,-0.3224567770957947,0.00873993057757616,-0.04869380593299866,0.8149937987327576,-0.22828394174575806,-0.4989137649536133,-0.4701024889945984,0.06,0.7508418560028076,0.9439658522605896,0.05023171380162239,-0.36899855732917786,-0.3391587734222412,-0.22547705471515656,0.47217586636543274,1.1817083358764648,-0.14999999999999997,-0.5911088585853577,-0.03,-0.21042603254318237,-0.14999999999999997
2.4762845039367676,0.18496055901050568,0.6446839570999146,-0.03092588670551777,0.022898856550455093,0.5252342224121094,-0.8500871062278748,-0.3094794452190399,0.014440154656767845,-0.029804904013872147,0.8046797513961792,-0.22601507604122162,-0.49701061844825745,-0.457350492477417,0.06,0.7652620077133179,0.9242335557937622,0.05674460157752037,-0.3592723608016968,-0.3413282036781311,-0.27404549717903137,0.5605868101119995,1.155519723892212,-0.14999999999999997,-0.6841634511947632,-0.03,-0.1635017693042755,-0.14999999999999997
2.478454113006592,0.18618707358837128,0.6463411450386047,-0.027738796547055244,0.023676754906773567,0.5308130383491516,-0.8467037081718445,-0.29549533128738403,0.02038099244236946,-0.011135505512356758,0.7945963740348816,-0.22031213343143463,-0.49534958600997925,-0.4442484378814697,0.06,0.7765199542045593,0.9063897132873535,0.06108764186501503,-0.35120293498039246,-0.3453139066696167,-0.3269878625869751,0.6598116755485535,1.1233124732971191,-0.14999999999999997,-0.7798163890838623,-0.03,-0.12235334515571594,-0.14999999999999997
2.480550765991211,0.1866857409477234,0.6477915644645691,-0.024581145495176315,0.02487802505493164,0.5353573560714722,-0.8439011573791504,-0.28004637360572815,0.025631142780184746,0.006103064864873886,0.7843939661979675,-0.21337386965751648,-0.4941159188747406,-0.4306700825691223,0.06,0.7844988703727722,0.8911569118499756,0.06362345814704895,-0.3454614281654358,-0.3515942692756653,-0.38267990946769714,0.7662393450737,1.085903286933899,-0.14999999999999997,-0.8745095133781433,-0.03,-0.0884828120470047,-0.14999999999999997
2.482571840286255,0.18644633889198303,0.6491150856018066,-0.021707812324166298,0.026487957686185837,0.5386558771133423,-0.8418295383453369,-0.26327672600746155,0.029411014169454575,0.02071842923760414,0.773431658744812,-0.2071930468082428,-0.4930287003517151,-0.41680431365966797,0.06,0.789184033870697,0.8783251643180847,0.0649193525314331,-0.34208112955093384,-0.36057111620903015,-0.4393722116947174,0.8765062093734741,1.0448322296142578,-0.14999999999999997,-0.9650688171386719,-0.03,-0.062399037182331085,-0.14999999999999997
2.4844870567321777,0.18555420637130737,0.6504122018814087,-0.01936228759586811,0.028345711529254913,0.5405107140541077,-0.8406364321708679,-0.24577653408050537,0.0312991589307785,0.03201994672417641,0.7609148025512695,-0.20238927006721497,-0.491346150636673,-0.40315505862236023,0.06,0.7904864549636841,0.8672659397125244,0.06514555960893631,-0.3406488299369812,-0.37274184823036194,-0.49531492590904236,0.9879958629608154,1.003028154373169,-0.14999999999999997,-1.0491446256637573,-0.03,-0.04372626915574074,-0.14999999999999997
2.4862048625946045,0.18415333330631256,0.6517496109008789,-0.01765933632850647,0.030222831293940544,0.5408006906509399,-0.8404220938682556,-0.22845041751861572,0.03143564239144325,0.03969119116663933,0.7464745044708252,-0.19857431948184967,-0.48834124207496643,-0.39046603441238403,0.06,0.7878883481025696,0.8575243949890137,0.06325383484363556,-0.34052062034606934,-0.38863375782966614,-0.5497140288352966,1.10073983669281,0.962601900100708,-0.14999999999999997,-1.1252169609069824,-0.03,-0.03215983882546425,-0.14999999999999997
2.487683057785034,0.18239688873291016,0.6531652808189392,-0.016505448147654533,0.03184466436505318,0.539364218711853,-0.8413082957267761,-0.21235281229019165,0.030362125486135483,0.043217841535806656,0.7304018139839172,-0.1951083540916443,-0.48367729783058167,-0.37892913818359375,0.06,0.7812368273735046,0.8479592204093933,0.06010979413986206,-0.34095779061317444,-0.4084123373031616,-0.6013672351837158,1.210242748260498,0.9253398776054382,-0.14999999999999997,-1.1924749612808228,-0.03,-0.027996012941002846,-0.14999999999999997
2.4888956546783447,0.1803891956806183,0.6546353697776794,-0.015705391764640808,0.03311773017048836,0.5357460975646973,-0.8435831069946289,-0.19840960204601288,0.028505796566605568,0.041394464671611786,0.7135892510414124,-0.1913709044456482,-0.47734108567237854,-0.3685665428638458,0.06,0.7692784070968628,0.8383188843727112,0.05558287352323532,-0.34192612767219543,-0.43287456035614014,-0.650650680065155,1.3150075674057007,0.8914613723754883,-0.14999999999999997,-1.2505824565887451,-0.03,-0.03056580200791359,-0.14999999999999997
2.489875555038452,0.17823487520217896,0.6560657024383545,-0.015239940956234932,0.03416677564382553,0.5293970108032227,-0.8475488424301147,-0.18735924363136292,0.025598129257559776,0.03300028294324875,0.6971187591552734,-0.18679822981357574,-0.46950697898864746,-0.3594912886619568,0.06,0.7509169578552246,0.8294066190719604,0.04980338737368584,-0.3440275490283966,-0.46244016289711,-0.6991317272186279,1.4137332439422607,0.8595216274261475,-0.14999999999999997,-1.299816608428955,-0.03,-0.03726676478981972,-0.14999999999999997
2.4906985759735107,0.1760856807231903,0.6573268175125122,-0.015456447377800941,0.03526953607797623,0.5200493931770325,-0.8532675504684448,-0.17949602007865906,0.020531635731458664,0.018075095489621162,0.6813856959342957,-0.18037761747837067,-0.4600810110569,-0.35228443145751953,0.06,0.7263390421867371,0.823080837726593,0.0432814285159111,-0.34845685958862305,-0.49597328901290894,-0.7482147812843323,1.503526210784912,0.8281235694885254,-0.14999999999999997,-1.3414984941482544,-0.03,-0.043108392506837845,-0.14999999999999997
2.491398334503174,0.17405791580677032,0.6583150029182434,-0.016652805730700493,0.036762550473213196,0.5077869296073914,-0.8605366945266724,-0.17427082359790802,0.012425413355231285,-0.0022064317017793655,0.6661384701728821,-0.17082446813583374,-0.44885140657424927,-0.34719759225845337,0.06,0.6964175701141357,0.8209629654884338,0.03648461028933525,-0.3560805916786194,-0.531076967716217,-0.7977863550186157,1.5812749862670898,0.7973020076751709,-0.14999999999999997,-1.376714825630188,-0.03,-0.04296116530895233,-0.14999999999999997
2.4918630123138428,0.17218756675720215,0.6590179800987244,-0.018695956096053123,0.03866514191031456,0.4930184483528137,-0.8689581155776978,-0.17104941606521606,0.0018367287702858448,-0.02666138857603073,0.651154100894928,-0.1575038582086563,-0.43583622574806213,-0.34384891390800476,0.06,0.6621245741844177,0.8227500915527344,0.029763586819171906,-0.36641648411750793,-0.5647944211959839,-0.8466338515281677,1.6458961963653564,0.7686519026756287,-0.14999999999999997,-1.4053517580032349,-0.03,-0.03457879275083542,-0.14999999999999997
2.491852283477783,0.17051157355308533,0.659479558467865,-0.021322278305888176,0.04041684791445732,0.4762425422668457,-0.8781257271766663,-0.17069819569587708,-0.009673789143562317,-0.05497642606496811,0.6366021633148193,-0.14019890129566193,-0.4209720194339752,-0.3425142765045166,0.06,0.6244004964828491,0.826775848865509,0.023199621587991714,-0.37781497836112976,-0.5950226783752441,-0.8937742710113525,1.698979377746582,0.7451789379119873,-0.14999999999999997,-1.4287713766098022,-0.03,-0.020860938355326653,-0.14999999999999997
2.4911835193634033,0.1689738929271698,0.6598114371299744,-0.02408669888973236,0.041571103036403656,0.4579439163208008,-0.8876817226409912,-0.17310625314712524,-0.02046627178788185,-0.08613051474094391,0.6218557953834534,-0.11841613054275513,-0.4041191637516022,-0.34273865818977356,0.06,0.583625078201294,0.8307850956916809,0.016222435981035233,-0.38852500915527344,-0.6207623481750488,-0.9377594590187073,1.743962049484253,0.7298863530158997,-0.14999999999999997,-1.4480278491973877,-0.03,-0.007484579924494028,-0.14999999999999997
2.4898996353149414,0.16737869381904602,0.6602099537849426,-0.026327529922127724,0.042388543486595154,0.4385998249053955,-0.8972960114479065,-0.1754189282655716,-0.02927962690591812,-0.11793135851621628,0.6050156354904175,-0.09243646264076233,-0.38525134325027466,-0.34189140796661377,0.06,0.5396018028259277,0.8322118520736694,0.008150842972099781,-0.39735469222068787,-0.6412329077720642,-0.9764053821563721,1.7830517292022705,0.7238802909851074,-0.14999999999999997,-1.462907075881958,-0.03,0.0022060347255319357,-0.14999999999999997
2.488319158554077,0.16559170186519623,0.6611515879631042,-0.02805308625102043,0.04358139634132385,0.41883155703544617,-0.9065835475921631,-0.17679685354232788,-0.03751302510499954,-0.15512758493423462,0.5894060730934143,-0.080246202647686,-0.367715060710907,-0.33641427755355835,0.06,0.4933164715766907,0.827502429485321,-0.0007946015684865415,-0.4031771719455719,-0.6551839113235474,-1.0098621845245361,1.816504955291748,0.7252326607704163,-0.14999999999999997,-1.473925232887268,-0.03,0.008587137795984745,-0.14999999999999997
2.486550807952881,0.16375958919525146,0.6623630523681641,-0.029369227588176727,0.04452405869960785,0.39869406819343567,-0.9155314564704895,-0.17646466195583344,-0.044694844633340836,-0.20074455440044403,0.570129930973053,-0.09033052623271942,-0.3488174080848694,-0.32865700125694275,0.06,0.44579067826271057,0.8189389109611511,-0.0092754065990448,-0.40686869621276855,-0.6640079617500305,-1.0415654182434082,1.8488309383392334,0.7303997874259949,-0.14999999999999997,-1.4832231998443604,-0.03,0.009808897972106934,-0.14999999999999997
2.4844906330108643,0.1619429737329483,0.6637546420097351,-0.030413318425416946,0.044455256313085556,0.3776398301124573,-0.9243844747543335,-0.17944000661373138,-0.050199009478092194,-0.24686838686466217,0.5521364808082581,-0.09466737508773804,-0.3296157717704773,-0.3205799162387848,0.06,0.396186888217926,0.8067548274993896,-0.017678046599030495,-0.40830573439598083,-0.6697410345077515,-1.0743725299835205,1.8820042610168457,0.7378730773925781,-0.14999999999999997,-1.4915601015090942,-0.032655104994773865,0.00469544529914856,-0.14999999999999997
2.4822256565093994,0.16012920439243317,0.6652091145515442,-0.03104572370648384,0.043469127267599106,0.3554171621799469,-0.9331801533699036,-0.18423233926296234,-0.05412222817540169,-0.2965491712093353,0.5329149961471558,-0.10197741538286209,-0.3091948628425598,-0.3120909035205841,0.04664497822523117,0.3439404368400574,0.7918549180030823,-0.025992268696427345,-0.40821635723114014,-0.672646701335907,-1.106690526008606,1.914307951927185,0.7494118213653564,-0.14999999999999997,-1.4997847080230713,-0.035667307674884796,-0.006065181456506252,-0.14999999999999997
2.479949712753296,0.15827487409114838,0.6667212247848511,-0.03126901388168335,0.04209441319108009,0.3323727250099182,-0.9416891932487488,-0.18961670994758606,-0.05691754072904587,-0.34724077582359314,0.5130186080932617,-0.10836534202098846,-0.2882795035839081,-0.3019733130931854,0.03211117908358574,0.2897559106349945,0.7745686769485474,-0.03397149592638016,-0.4071909189224243,-0.6714553236961365,-1.1371989250183105,1.9433594942092896,0.7650046944618225,-0.14999999999999997,-1.5086251497268677,-0.03699452802538872,-0.019760362803936005,-0.14999999999999997
2.477785348892212,0.15640336275100708,0.668222963809967,-0.031091978773474693,0.040587376803159714,0.308859646320343,-0.9497323036193848,-0.19583477079868317,-0.059220973402261734,-0.3972241282463074,0.4946024417877197,-0.1106683686375618,-0.26822373270988464,-0.290007084608078,0.018981605768203735,0.23446662724018097,0.7556224465370178,-0.04136446863412857,-0.40569016337394714,-0.6651583909988403,-1.1651241779327393,1.9674228429794312,0.7837538123130798,-0.14999999999999997,-1.5182616710662842,-0.03752691298723221,-0.03428110480308533,-0.14999999999999997
2.475841522216797,0.15451189875602722,0.6697283983230591,-0.030475132167339325,0.03925064206123352,0.2853848338127136,-0.957123875617981,-0.20331250131130219,-0.06,-0.4428115785121918,0.4792407155036926,-0.10601294785737991,-0.24919192492961884,-0.2755037844181061,0.007529902271926403,0.17897050082683563,0.7349348068237305,-0.048098742961883545,-0.4037422835826874,-0.6524993181228638,-1.189112663269043,1.984105110168457,0.8052636384963989,-0.14999999999999997,-1.5283377170562744,-0.03770265728235245,-0.04797814041376114,-0.14999999999999997
2.4742202758789062,0.15258388221263885,0.6711328029632568,-0.029462264850735664,0.03835555911064148,0.2624073326587677,-0.9637442827224731,-0.21282845735549927,-0.06,-0.4785763919353485,0.46661612391471863,-0.09760444611310959,-0.22906050086021423,-0.25853827595710754,-0.0020062776748090982,0.12426115572452545,0.7136414647102356,-0.05406690388917923,-0.40199345350265503,-0.6324739456176758,-1.2085411548614502,1.9909125566482544,0.827791154384613,-0.14999999999999997,-1.5399954319000244,-0.03761371597647667,-0.05930040404200554,-0.14999999999999997
2.4729316234588623,0.15065880119800568,0.6721765398979187,-0.02835330180823803,0.03793012350797653,0.24005278944969177,-0.969603955745697,-0.22522509098052979,-0.06,-0.5024724006652832,0.4575456976890564,-0.08873885124921799,-0.2073744237422943,-0.24110719561576843,-0.00999313872307539,0.07124391943216324,0.6949996948242188,-0.05910671129822731,-0.4019036293029785,-0.6048867702484131,-1.2236695289611816,1.9854038953781128,0.8485422134399414,-0.14999999999999997,-1.556403398513794,-0.037197668105363846,-0.06604249775409698,-0.14999999999999997
2.4718756675720215,0.14881427586078644,0.672582745552063,-0.027555689215660095,0.037715259939432144,0.21828687191009521,-0.9747660756111145,-0.24030888080596924,-0.06,-0.5160783529281616,0.4534541368484497,-0.08203713595867157,-0.1862267106771469,-0.22642695903778076,-0.01729031465947628,0.020784376189112663,0.6830439567565918,-0.06318987905979156,-0.405303418636322,-0.5701480507850647,-1.2351903915405273,1.9659887552261353,0.8652007579803467,-0.14999999999999997,-1.5806841850280762,-0.03635188937187195,-0.0648123100399971,-0.14999999999999997
2.4708831310272217,0.1470608413219452,0.6722399592399597,-0.027113940566778183,0.03729621320962906,0.1970975399017334,-0.9792988896369934,-0.2570996880531311,-0.06,-0.5232853889465332,0.4563630223274231,-0.079274021089077,-0.16969376802444458,-0.21662166714668274,-0.024196462705731392,-0.026811232790350914,0.6793939471244812,-0.06664545089006424,-0.4126207232475281,-0.5292750000953674,-1.2436864376068115,1.9338594675064087,0.8763099908828735,-0.14999999999999997,-1.612148642539978,-0.03438154235482216,-0.05513378232717514,-0.14999999999999997
2.469792127609253,0.14539310336112976,0.6712738275527954,-0.026981845498085022,0.03629595786333084,0.1768525242805481,-0.9831976294517517,-0.27469301223754883,-0.06,-0.5290914177894592,0.46532928943634033,-0.08145476877689362,-0.15889394283294678,-0.21243464946746826,-0.03074750490486622,-0.07075092196464539,0.6829424500465393,-0.06974705308675766,-0.4227498471736908,-0.4827622175216675,-1.2506083250045776,1.8917354345321655,0.8799718618392944,-0.14999999999999997,-1.6462724208831787,-0.030313195660710335,-0.03883662074804306,-0.14999999999999997
2.468573570251465,0.14380060136318207,0.6699182391166687,-0.027094068005681038,0.03483918309211731,0.1584182232618332,-0.9863851070404053,-0.2927034795284271,-0.06,-0.5357794761657715,0.4765791893005371,-0.08733407407999039,-0.15051469206809998,-0.21284106373786926,-0.0368945449590683,-0.10961546003818512,0.6914128661155701,-0.07267936319112778,-0.4341410994529724,-0.43001556396484375,-1.2569501399993896,1.8415372371673584,0.8746872544288635,-0.14999999999999997,-1.6764470338821411,-0.03,-0.016540037468075752,-0.14999999999999997
2.4672842025756836,0.14232304692268372,0.6683753132820129,-0.02734973467886448,0.03339045122265816,0.1424483358860016,-0.9888607263565063,-0.30921033024787903,-0.06,-0.5432024598121643,0.4895816445350647,-0.0938183143734932,-0.145498126745224,-0.21592384576797485,-0.042640261352062225,-0.1425989866256714,0.7027808427810669,-0.07544337958097458,-0.44578924775123596,-0.3708365857601166,-1.262603998184204,1.7836140394210815,0.8605706691741943,-0.14999999999999997,-1.696851134300232,-0.03,0.011934670619666576,-0.14999999999999997
2.4660181999206543,0.1409958153963089,0.6668164730072021,-0.027778910472989082,0.03240770474076271,0.12934750318527222,-0.9906801581382751,-0.32298851013183594,-0.06,-0.5504478812217712,0.5015667080879211,-0.10020279884338379,-0.14209869503974915,-0.21989226341247559,-0.0481511726975441,-0.16929805278778076,0.7154396176338196,-0.07795960456132889,-0.45688894391059875,-0.3054417371749878,-1.2685308456420898,1.7178058624267578,0.8363473415374756,-0.14999999999999997,-1.704026699066162,-0.03,0.047010064125061035,-0.14999999999999997
2.4648003578186035,0.13982997834682465,0.6652934551239014,-0.028419852256774902,0.032034095376729965,0.11923513561487198,-0.9919419884681702,-0.33351829648017883,-0.06,-0.5561618804931641,0.5118332505226135,-0.10734285414218903,-0.1398741900920868,-0.22425368428230286,-0.05347343534231186,-0.18962490558624268,0.7289316058158875,-0.08026377856731415,-0.46721622347831726,-0.2343582808971405,-1.2764371633529663,1.6444305181503296,0.7996113896369934,-0.14999999999999997,-1.6964410543441772,-0.03,0.08938253670930862,-0.14999999999999997
2.4635910987854004,0.1388217806816101,0.6637935638427734,-0.02928134985268116,0.03206932544708252,0.11212918907403946,-0.9927442073822021,-0.3415672183036804,-0.06,-0.5591230988502502,0.5204439163208008,-0.11622260510921478,-0.1385042369365692,-0.22967195510864258,-0.05844753608107567,-0.20343247056007385,0.7433682680130005,-0.08243340253829956,-0.4767470359802246,-0.15802592039108276,-1.2873125076293945,1.5641814470291138,0.7495335340499878,-0.14999999999999997,-1.6740318536758423,-0.03,0.13955122232437134,-0.14999999999999997
2.46240496635437,0.1378994882106781,0.6623113751411438,-0.030515894293785095,0.03224940970540047,0.1079418733716011,-0.9931651949882507,-0.34783217310905457,-0.06,-0.5586248636245728,0.5273454785346985,-0.12676577270030975,-0.1378229856491089,-0.23690538108348846,-0.06320422142744064,-0.21076488494873047,0.7589970231056213,-0.08470464497804642,-0.48560771346092224,-0.0775173008441925,-1.3008440732955933,1.4834516048431396,0.6874141097068787,-0.14999999999999997,-1.6373523473739624,-0.03,0.1975000947713852,-0.14999999999999997
2.4612042903900146,0.13709521293640137,0.6609604358673096,-0.03182148188352585,0.032662659883499146,0.10647587478160858,-0.9932689666748047,-0.35311904549598694,-0.06,-0.5557673573493958,0.534709632396698,-0.13376307487487793,-0.1389290690422058,-0.2447623610496521,-0.06695564091205597,-0.21248869597911835,0.7739908695220947,-0.08710417151451111,-0.49290093779563904,0.007547009736299515,-1.315582513809204,1.3938640356063843,0.6160780787467957,-0.14999999999999997,-1.586503505706787,-0.03,0.26166611909866333,-0.14999999999999997
2.4600155353546143,0.13637781143188477,0.6598443388938904,-0.033047616481781006,0.033401962369680405,0.10714157670736313,-0.9931327700614929,-0.35723036527633667,-0.06,-0.5520431995391846,0.5427674651145935,-0.13548986613750458,-0.14182360470294952,-0.25195956230163574,-0.06942348927259445,-0.21015238761901855,0.7869821786880493,-0.08949898928403854,-0.49824032187461853,0.09470707923173904,-1.3303964138031006,1.2975399494171143,0.5385664701461792,-0.14999999999999997,-1.5213115215301514,-0.03,0.32904037833213806,-0.14999999999999997
2.4588987827301025,0.135685533285141,0.6588865518569946,-0.03379317745566368,0.034606460481882095,0.10898294299840927,-0.992866039276123,-0.35960766673088074,-0.06,-0.54755699634552,0.550613284111023,-0.13718511164188385,-0.14577186107635498,-0.25708523392677307,-0.07015638798475266,-0.20638030767440796,0.7974981069564819,-0.09201871603727341,-0.5020890235900879,0.18061493337154388,-1.3452047109603882,1.1978790760040283,0.45734286308288574,-0.14999999999999997,-1.439815640449524,-0.03,0.3943935036659241,-0.14999999999999997
2.457855463027954,0.13500098884105682,0.6580570340156555,-0.033768124878406525,0.036181241273880005,0.11101752519607544,-0.992585301399231,-0.36113473773002625,-0.06,-0.5439976453781128,0.5593653321266174,-0.1388612687587738,-0.1505085974931717,-0.25945845246315,-0.06895899027585983,-0.203440323472023,0.8050421476364136,-0.09455724060535431,-0.5046306848526001,0.26182353496551514,-1.3612910509109497,1.0980387926101685,0.3764406144618988,-0.14999999999999997,-1.340479850769043,-0.03,0.45302286744117737,-0.14999999999999997
2.45686674118042,0.13435238599777222,0.6572959423065186,-0.032791998237371445,0.03774260729551315,0.11233066022396088,-0.9924122095108032,-0.3632354140281677,-0.06,-0.5434426665306091,0.5697760581970215,-0.1409040093421936,-0.15602369606494904,-0.2595376670360565,-0.06588682532310486,-0.2031281739473343,0.8096801042556763,-0.09712225198745728,-0.5061055421829224,0.3347311317920685,-1.3794716596603394,1.0013710260391235,0.30210694670677185,-0.14999999999999997,-1.2249943017959595,-0.03,0.5009062886238098,-0.1458759307861328
2.4559264183044434,0.13382990658283234,0.6566717624664307,-0.03097652457654476,0.03906828537583351,0.11255265027284622,-0.9923940300941467,-0.36611518263816833,-0.06,-0.545009195804596,0.5804590582847595,-0.14311175048351288,-0.1610894501209259,-0.2576655149459839,-0.061425406485795975,-0.20587590336799622,0.8110911250114441,-0.09955835342407227,-0.5063136219978333,0.3976740539073944,-1.4000282287597656,0.9090371131896973,0.23727941513061523,-0.14999999999999997,-1.0961425304412842,-0.03,0.5340442657470703,-0.10909043997526169
2.4550018310546875,0.1335965096950531,0.656348466873169,-0.028776338323950768,0.03992922231554985,0.11182505637407303,-0.9925082325935364,-0.3690912425518036,-0.06,-0.5477938055992126,0.5882722735404968,-0.1449480950832367,-0.16387151181697845,-0.25479045510292053,-0.05657684803009033,-0.21057367324829102,0.8090763092041016,-0.10153535008430481,-0.5047115683555603,0.4512782692909241,-1.4231979846954346,0.8210512399673462,0.1815643608570099,-0.14999999999999997,-0.9569551348686218,-0.03,0.5501412749290466,-0.057581767439842224
2.45410418510437,0.13377045094966888,0.6564050316810608,-0.026584716513752937,0.040093794465065,0.11019308120012283,-0.9927452206611633,-0.37198835611343384,-0.06,-0.550943911075592,0.591216504573822,-0.14631465077400208,-0.16323551535606384,-0.25188592076301575,-0.0522141270339489,-0.2162484973669052,0.8038848638534546,-0.10249532014131546,-0.5012747049331665,0.4961520731449127,-1.4487720727920532,0.7390241026878357,0.1346093863248825,-0.14999999999999997,-0.8111293911933899,-0.03,0.5493963360786438,0.007494022604078054
2.4533443450927734,0.13434430956840515,0.6568255424499512,-0.024469716474413872,0.03960883617401123,0.10721135139465332,-0.9931454062461853,-0.37471744418144226,-0.06,-0.5544216632843018,0.5892446637153625,-0.1472495198249817,-0.15919969975948334,-0.24848856031894684,-0.048786818981170654,-0.22377172112464905,0.7956284284591675,-0.10229683667421341,-0.49644792079925537,0.5312183499336243,-1.4754328727722168,0.6671192049980164,0.09763528406620026,-0.14999999999999997,-0.6624731421470642,-0.03,0.5337610244750977,0.08196742087602615
2.452780246734619,0.1352604627609253,0.6575100421905518,-0.02242252416908741,0.03840957209467888,0.10235369205474854,-0.9937532544136047,-0.37803536653518677,-0.06,-0.5585070252418518,0.583499014377594,-0.14758092164993286,-0.15195859968662262,-0.24465686082839966,-0.04652925208210945,-0.234242245554924,0.7849487662315369,-0.10097671300172806,-0.4909132719039917,0.5548327565193176,-1.5010894536972046,0.6111202239990234,0.07423822581768036,-0.14999999999999997,-0.5158473253250122,-0.03,0.5034942626953125,0.16140954196453094
2.452380895614624,0.13644693791866302,0.6583219766616821,-0.0204702727496624,0.03637233376502991,0.09534386545419693,-0.994568943977356,-0.3829573392868042,-0.06,-0.5628926157951355,0.5751182436943054,-0.14740660786628723,-0.14184005558490753,-0.24109265208244324,-0.04559294506907463,-0.24823231995105743,0.7729924321174622,-0.09879055619239807,-0.48545563220977783,0.5661007165908813,-1.52280592918396,0.5757659077644348,0.0677441731095314,-0.14999999999999997,-0.37651824951171875,-0.037219103425741196,0.4560786187648773,0.24150744080543518
2.452146053314209,0.13778918981552124,0.6591855883598328,-0.018670126795768738,0.033724814653396606,0.08620049059391022,-0.9955317378044128,-0.3894383907318115,-0.06,-0.5649858117103577,0.5649170279502869,-0.1460244059562683,-0.1291482150554657,-0.23751987516880035,-0.046048231422901154,-0.26593655347824097,0.7604660987854004,-0.09599699825048447,-0.4804976284503937,0.5647791028022766,-1.536081314086914,0.5632378458976746,0.0784858912229538,-0.14999999999999997,-0.24866235256195068,-0.06797923892736435,0.3907673954963684,0.318952739238739
2.452096700668335,0.13918067514896393,0.6598979830741882,-0.016923746094107628,0.0306895449757576,0.07518281787633896,-0.9965536594390869,-0.3981437683105469,-0.06,-0.5612779259681702,0.5568941831588745,-0.1425834447145462,-0.11654778569936752,-0.23407603800296783,-0.04759281128644943,-0.2869857847690582,0.7489113807678223,-0.09259600937366486,-0.4769729673862457,0.5511952042579651,-1.5379496812820435,0.572802722454071,0.10263072699308395,-0.14999999999999997,-0.13534456491470337,-0.10888844728469849,0.30993378162384033,0.38589638471603394
2.4522762298583984,0.14056135714054108,0.6602123975753784,-0.01495963241904974,0.02749202400445938,0.06258667260408401,-0.9975485801696777,-0.4094260632991791,-0.06,-0.5506316423416138,0.558655321598053,-0.13658122718334198,-0.11062338203191757,-0.23091863095760345,-0.04968131333589554,-0.31107857823371887,0.7400610446929932,-0.08883928507566452,-0.47593337297439575,0.5263738036155701,-1.5290555953979492,0.5996574759483337,0.13442888855934143,-0.14999999999999997,-0.039435628801584244,-0.15892206132411957,0.21514634788036346,0.4329194724559784
2.452666997909546,0.14194221794605255,0.6601301431655884,-0.012801609002053738,0.024240538477897644,0.04927206039428711,-0.9984090924263,-0.4229539930820465,-0.06,-0.536137044429779,0.5690597891807556,-0.12885397672653198,-0.110623799264431,-0.22840307652950287,-0.05198365077376366,-0.33621299266815186,0.7342292070388794,-0.0843578651547432,-0.4770714342594147,0.4938402473926544,-1.5128360986709595,0.6359522342681885,0.16942749917507172,-0.14999999999999997,0.03683723509311676,-0.2154122143983841,0.10910643637180328,0.4560641050338745
2.4531726837158203,0.14336250722408295,0.6597589254379272,-0.010672512464225292,0.020700501278042793,0.036796074360609055,-0.9990512728691101,-0.4387507140636444,-0.06,-0.522728681564331,0.5806861519813538,-0.12165724486112595,-0.11055649071931839,-0.22816868126392365,-0.05434667319059372,-0.3591102957725525,0.7314761281013489,-0.07979992777109146,-0.47943493723869324,0.4592256247997284,-1.4933857917785645,0.6740382313728333,0.20577850937843323,-0.14999999999999997,0.09161360561847687,-0.2749532163143158,-0.002749751089140773,0.4563542604446411
2.4536921977996826,0.14478842914104462,0.659245491027832,-0.008505360223352909,0.01668580062687397,0.02654690481722355,-0.9994720220565796,-0.45604759454727173,-0.06,-0.5153126120567322,0.5902355313301086,-0.11702831089496613,-0.1088414117693901,-0.23098580539226532,-0.05580190569162369,-0.37726062536239624,0.7305994629859924,-0.07602827250957489,-0.4818580448627472,0.42794185876846313,-1.4750233888626099,0.7068160772323608,0.24042369425296783,-0.14999999999999997,0.12482889741659164,-0.3336372375488281,-0.11430073529481888,0.43632185459136963
2.4541780948638916,0.1462077796459198,0.6587539911270142,-0.0063640158623456955,0.012505709193646908,0.019145403057336807,-0.999718189239502,-0.47215861082077026,-0.06,-0.5157052278518677,0.5986583232879639,-0.11446508020162582,-0.1079944297671318,-0.23598574101924896,-0.05605918541550636,-0.3895905315876007,0.7302429676055908,-0.07293231040239334,-0.48329731822013855,0.40352311730384827,-1.4609726667404175,0.7291366457939148,0.2685522437095642,-0.14999999999999997,0.13836918771266937,-0.38907039165496826,-0.22044086456298828,0.3988232910633087
2.4546663761138916,0.14765948057174683,0.6584140658378601,-0.004608959425240755,0.008977450430393219,0.015102270990610123,-0.9998349547386169,-0.4838317632675171,-0.06,-0.5217106938362122,0.6056512594223022,-0.11285621672868729,-0.1084095686674118,-0.24137145280838013,-0.05580558255314827,-0.3952427804470062,0.7300514578819275,-0.07026621699333191,-0.48362845182418823,0.38818490505218506,-1.4506090879440308,0.7383949756622314,0.286906898021698,-0.14999999999999997,0.13275901973247528,-0.44042858481407166,-0.3149722218513489,0.346176415681839
2.455179452896118,0.14909541606903076,0.658209502696991,-0.003395219799131155,0.006685628090053797,0.014331040903925896,-0.9998691082000732,-0.4910437762737274,-0.06,-0.5249128341674805,0.6115310788154602,-0.11099828779697418,-0.11016596108675003,-0.24579183757305145,-0.05542849749326706,-0.39455902576446533,0.7302330732345581,-0.06780131161212921,-0.4830963909626007,0.382244735956192,-1.440281629562378,0.7335817813873291,0.29695791006088257,-0.14999999999999997,0.10801278799772263,-0.4867667257785797,-0.39368587732315063,0.27858439087867737
2.455674171447754,0.15048614144325256,0.6581006646156311,-0.0028843991458415985,0.0057566119357943535,0.015651747584342957,-0.9998566508293152,-0.49416422843933105,-0.06,-0.5224378108978271,0.6161075830459595,-0.10843998938798904,-0.1124781146645546,-0.24871361255645752,-0.05590631440281868,-0.389799565076828,0.7314305305480957,-0.06537323445081711,-0.48257148265838623,0.3839254379272461,-1.4262759685516357,0.7150550484657288,0.3025580644607544,-0.14999999999999997,0.06633125245571136,-0.5284767150878906,-0.4556591212749481,0.19861873984336853
2.4560372829437256,0.15179061889648438,0.6580731868743896,-0.0031362012960016727,0.005843959283083677,0.018860217183828354,-0.9998000860214233,-0.4940204322338104,-0.06,-0.5149530172348022,0.6188668608665466,-0.10539420694112778,-0.1147778332233429,-0.2512531578540802,-0.05739569664001465,-0.3812023103237152,0.733967125415802,-0.06323932856321335,-0.48206213116645813,0.39383211731910706,-1.4080150127410889,0.6838442087173462,0.30540698766708374,-0.14999999999999997,0.010871795937418938,-0.5657936930656433,-0.5022250413894653,0.11215770244598389
2.4562511444091797,0.15296852588653564,0.6581234335899353,-0.004187410697340965,0.006763634271919727,0.024277914315462112,-0.9996734857559204,-0.4909706711769104,-0.06,-0.5020164847373962,0.6197095513343811,-0.10186450183391571,-0.11704231798648834,-0.25418710708618164,-0.05971866846084595,-0.36799514293670654,0.7380038499832153,-0.06154913082718849,-0.48143067955970764,0.412967324256897,-1.3870900869369507,0.6424844861030579,0.3051737844944,-0.14999999999999997,-0.054566383361816406,-0.5975847244262695,-0.5348610281944275,0.024216696619987488
2.4564008712768555,0.1539962887763977,0.6582362651824951,-0.005973356775939465,0.008561520837247372,0.03198357671499252,-0.9994338750839233,-0.4849385917186737,-0.06,-0.4835633933544159,0.6191333532333374,-0.09789429605007172,-0.11978966742753983,-0.2572796642780304,-0.0625968798995018,-0.35006776452064514,0.7434542179107666,-0.06024835631251335,-0.4807787537574768,0.4410071074962616,-1.3666571378707886,0.5939594507217407,0.3001924753189087,-0.14999999999999997,-0.12594594061374664,-0.6213064193725586,-0.5547746419906616,-0.06376365572214127
2.4565672874450684,0.15486328303813934,0.6583389043807983,-0.00828778836876154,0.011288340203464031,0.04175456613302231,-0.9990296959877014,-0.4762312173843384,-0.06,-0.4603177607059479,0.618409276008606,-0.09364522248506546,-0.12374434620141983,-0.26014530658721924,-0.06564459204673767,-0.32799413800239563,0.750399112701416,-0.05921419337391853,-0.48044759035110474,0.4769240915775299,-1.348296046257019,0.5396935939788818,0.2902575135231018,-0.14999999999999997,-0.19990581274032593,-0.6348508596420288,-0.5630545020103455,-0.14999999999999997
2.4567766189575195,0.15559978783130646,0.6583110690116882,-0.011001459322869778,0.014944504015147686,0.05314261466264725,-0.9984143376350403,-0.4654146730899811,-0.06,-0.433307021856308,0.6187806725502014,-0.08924834430217743,-0.12937667965888977,-0.26287683844566345,-0.06894854456186295,-0.3026740849018097,0.7596276998519897,-0.05846770480275154,-0.481000691652298,0.5192386507987976,-1.3314759731292725,0.48016616702079773,0.2770012319087982,-0.14999999999999997,-0.27315986156463623,-0.6383123993873596,-0.5608422160148621,-0.14999999999999997
2.456958293914795,0.15622515976428986,0.6580677032470703,-0.014011492021381855,0.019335128366947174,0.06560374051332474,-0.9975599050521851,-0.4533815085887909,-0.06,-0.4038103222846985,0.6207442283630371,-0.08493245393037796,-0.136515274643898,-0.2660615146160126,-0.07251344621181488,-0.27487149834632874,0.7716820240020752,-0.0576823428273201,-0.4827890992164612,0.5662052035331726,-1.3164637088775635,0.41586825251579285,0.26109862327575684,-0.14999999999999997,-0.3424055278301239,-0.6332615613937378,-0.5493687391281128,-0.14999999999999997
2.4569382667541504,0.1567283719778061,0.6575979590415955,-0.0170726515352726,0.02413240447640419,0.07853091508150101,-0.9964732527732849,-0.44125959277153015,-0.06,-0.3734988868236542,0.6241612434387207,-0.08106784522533417,-0.14449702203273773,-0.27010080218315125,-0.07582708448171616,-0.24599404633045197,0.7859102487564087,-0.05720721557736397,-0.4853930175304413,0.6157916784286499,-1.305153489112854,0.34839877486228943,0.24153335392475128,-0.14999999999999997,-0.4056112468242645,-0.6231107711791992,-0.5285785794258118,-0.14999999999999997
2.456524133682251,0.1570630818605423,0.6570113301277161,-0.019888930022716522,0.029019705951213837,0.09129501134157181,-0.9952021837234497,-0.42968085408210754,-0.06,-0.34407109022140503,0.6278836131095886,-0.07807018607854843,-0.1521388590335846,-0.2746804654598236,-0.07811227440834045,-0.21785005927085876,0.800418496131897,-0.057597532868385315,-0.48775532841682434,0.6655803322792053,-1.3006184101104736,0.28116026520729065,0.21821317076683044,-0.14999999999999997,-0.4591660499572754,-0.6084725856781006,-0.4984772205352783,-0.14999999999999997
2.45573353767395,0.15710678696632385,0.6564764976501465,-0.02236575074493885,0.033176470547914505,0.1030956357717514,-0.9938663840293884,-0.41976815462112427,-0.06,-0.3175724744796753,0.6301195621490479,-0.07631851732730865,-0.15804581344127655,-0.28013694286346436,-0.07893604785203934,-0.19215330481529236,0.8131977319717407,-0.058934200555086136,-0.48904120922088623,0.7120526432991028,-1.305526852607727,0.21868205070495605,0.19309420883655548,-0.14999999999999997,-0.4930371344089508,-0.5801224112510681,-0.4595927596092224,-0.14999999999999997
2.4545488357543945,0.15689285099506378,0.6559954881668091,-0.024458805099129677,0.03636921942234039,0.11290152370929718,-0.9926390051841736,-0.4123929738998413,-0.06,-0.2961173951625824,0.630927562713623,-0.07583701610565186,-0.16175727546215057,-0.28634512424468994,-0.07879354804754257,-0.17085549235343933,0.824103593826294,-0.06088143214583397,-0.4894631505012512,0.7516140341758728,-1.3204269409179688,0.16389665007591248,0.16646336019039154,-0.14999999999999997,-0.5063980221748352,-0.5382540822029114,-0.4065530300140381,-0.14999999999999997
2.4530179500579834,0.15651758015155792,0.6554099917411804,-0.02626769058406353,0.03879311680793762,0.119913749396801,-0.9916782379150391,-0.4081036150455475,-0.06,-0.28107789158821106,0.631816029548645,-0.07638471573591232,-0.16360428929328918,-0.2931089997291565,-0.07884877920150757,-0.15530763566493988,0.8346226811408997,-0.06315512955188751,-0.4902288019657135,0.7815588116645813,-1.3421926498413086,0.11788728088140488,0.13888885080814362,-0.14999999999999997,-0.5010173320770264,-0.4857092797756195,-0.33648747205734253,-0.14999999999999997
2.4512176513671875,0.15600383281707764,0.654606282711029,-0.02759120799601078,0.040797486901283264,0.12368088960647583,-0.9910989999771118,-0.40709373354911804,-0.06,-0.2734876275062561,0.6346757411956787,-0.07794307172298431,-0.1644977182149887,-0.2993033826351166,-0.07934881001710892,-0.1467994898557663,0.8451756834983826,-0.06567245721817017,-0.4920404553413391,0.8003936409950256,-1.3684357404708862,0.08174684643745422,0.11128699779510498,-0.14999999999999997,-0.4763515591621399,-0.4273945987224579,-0.25572818517684937,-0.14999999999999997
2.449227809906006,0.1553066521883011,0.6537644267082214,-0.02813500538468361,0.042473144829273224,0.1244855597615242,-0.9909125566482544,-0.40843233466148376,-0.06,-0.2729335427284241,0.6385731101036072,-0.08048904687166214,-0.1643439531326294,-0.30347633361816406,-0.07951106876134872,-0.14555320143699646,0.8536787629127502,-0.06871774047613144,-0.49386852979660034,0.8091006875038147,-1.3981698751449585,0.056758731603622437,0.08548795431852341,-0.14704744517803192,-0.4300847351551056,-0.3664609491825104,-0.17743872106075287,-0.14999999999999997
2.447026014328003,0.15444998443126678,0.6532223224639893,-0.02792007103562355,0.043417129665613174,0.12269944697618484,-0.9911004900932312,-0.4111650288105011,-0.06,-0.27845004200935364,0.6398434638977051,-0.08390408754348755,-0.1613556444644928,-0.30551615357398987,-0.07888296991586685,-0.15092554688453674,0.8574312329292297,-0.07229842245578766,-0.49397486448287964,0.8100847005844116,-1.4313095808029175,0.043762996792793274,0.06367931514978409,-0.14595380425453186,-0.36259928345680237,-0.3057689368724823,-0.11607080698013306,-0.14476308226585388
2.444519281387329,0.15356802940368652,0.653093159198761,-0.027422117069363594,0.04294629767537117,0.11882904917001724,-0.9916064143180847,-0.4157658517360687,-0.06,-0.2885931730270386,0.6359366178512573,-0.0878397598862648,-0.1540134996175766,-0.30804842710494995,-0.07799676060676575,-0.16073234379291534,0.8566792011260986,-0.076296366751194,-0.4916533827781677,0.8060388565063477,-1.4663251638412476,0.04297855868935585,0.04685184732079506,-0.14722932875156403,-0.2804661989212036,-0.24877573549747467,-0.077199786901474,-0.042823873460292816
2.4417660236358643,0.15278808772563934,0.6532668471336365,-0.027216391637921333,0.0410604253411293,0.11329385638237,-0.9923394918441772,-0.4219335615634918,-0.06,-0.3016851246356964,0.626462459564209,-0.09181910008192062,-0.1422901600599289,-0.3127259910106659,-0.07812315970659256,-0.17278936505317688,0.8536638021469116,-0.07996894419193268,-0.48791006207466125,0.7988424301147461,-1.4993016719818115,0.05367915704846382,0.035138554871082306,-0.14999999999999997,-0.19092145562171936,-0.1990586817264557,-0.05858352407813072,0.06676614284515381
2.4389548301696777,0.15216369926929474,0.653526246547699,-0.027493400499224663,0.03823148086667061,0.10635983943939209,-0.9932119846343994,-0.429115891456604,-0.06,-0.3167176842689514,0.6133289933204651,-0.09552181512117386,-0.12761205434799194,-0.3195062577724457,-0.08010703325271606,-0.1862655133008957,0.8507578372955322,-0.08315631747245789,-0.4842352271080017,0.7896749377250671,-1.5266703367233276,0.07451387494802475,0.029236791655421257,-0.14999999999999997,-0.09766533225774765,-0.15984071791172028,-0.05719076469540596,0.17804281413555145
2.4362587928771973,0.15171751379966736,0.6536238193511963,-0.028063345700502396,0.03480057418346405,0.09824654459953308,-0.9941573143005371,-0.4378023147583008,-0.06,-0.3333745002746582,0.6000315546989441,-0.09879676252603531,-0.1121780127286911,-0.3281427323818207,-0.08388374745845795,-0.20084114372730255,0.8497854471206665,-0.08573020249605179,-0.4818873405456543,0.7789742350578308,-1.5462781190872192,0.10455088317394257,0.030802138149738312,-0.14999999999999997,-0.002946900436654687,-0.13340851664543152,-0.07297126203775406,0.28687116503715515
2.433784246444702,0.15148986876010895,0.6533958315849304,-0.02857327274978161,0.03079315461218357,0.08905863761901855,-0.995140016078949,-0.45036154985427856,-0.06,-0.34837326407432556,0.5935246348381042,-0.10421081632375717,-0.0995517298579216,-0.33861711621284485,-0.08888930827379227,-0.21646571159362793,0.8515073657035828,-0.08758191019296646,-0.48142972588539124,0.7656509280204773,-1.557987928390503,0.14380626380443573,0.04163366183638573,-0.14999999999999997,0.09054462611675262,-0.1203121542930603,-0.10704571008682251,0.38901832699775696
2.431504011154175,0.15164145827293396,0.653059720993042,-0.029081566259264946,0.025991272181272507,0.07836931198835373,-0.9961610436439514,-0.47074341773986816,-0.06,-0.36005496978759766,0.6061506867408752,-0.11089890450239182,-0.09141803532838821,-0.3505857288837433,-0.0956077128648758,-0.23367850482463837,0.8543388247489929,-0.08826695382595062,-0.48192256689071655,0.7468264102935791,-1.5617302656173706,0.19224491715431213,0.062387678772211075,-0.14999999999999997,0.17961138486862183,-0.11978582292795181,-0.15864741802215576,0.4802629053592682
2.429389476776123,0.15228323638439178,0.6530381441116333,-0.02970561757683754,0.020481977611780167,0.06641178578138351,-0.9971396327018738,-0.4983465075492859,-0.06,-0.3689908981323242,0.6401515603065491,-0.11604169011116028,-0.08593139797449112,-0.3625214993953705,-0.103971466422081,-0.2519723176956177,0.8551241755485535,-0.08727095276117325,-0.48152825236320496,0.7214378714561462,-1.5563154220581055,0.24786783754825592,0.09171899408102036,-0.14999999999999997,0.2602061331272125,-0.12985025346279144,-0.22469738125801086,0.5566865801811218
2.4274742603302,0.15339770913124084,0.6535545587539673,-0.03023519180715084,0.014636109583079815,0.05417844280600548,-0.9979659914970398,-0.5292035937309265,-0.06,-0.3751654326915741,0.6901792287826538,-0.11922682076692581,-0.08836094290018082,-0.3729742169380188,-0.11267895996570587,-0.27005162835121155,0.8520563244819641,-0.08452343940734863,-0.4787258207798004,0.6912582516670227,-1.5413836240768433,0.3050966262817383,0.12747813761234283,-0.14999999999999997,0.32840582728385925,-0.14741435647010803,-0.30039337277412415,0.6131681203842163
2.425769090652466,0.15490779280662537,0.654341459274292,-0.030297352001070976,0.008775022812187672,0.042625170201063156,-0.9985929131507874,-0.5591248869895935,-0.06,-0.37914448976516724,0.748611569404602,-0.122720867395401,-0.10159870982170105,-0.3819572925567627,-0.1203518807888031,-0.2869090139865875,0.8462347388267517,-0.08085624128580093,-0.47419649362564087,0.6587392091751099,-1.51997971534729,0.35766687989234924,0.16708439588546753,-0.14999999999999997,0.38135698437690735,-0.1703265756368637,-0.37829339504241943,0.6442261338233948
2.4242687225341797,0.15675537288188934,0.654890239238739,-0.029584651812911034,0.0031650313176214695,0.032121870666742325,-0.999040961265564,-0.5845687389373779,-0.06,-0.3816232681274414,0.8067395687103271,-0.12756848335266113,-0.12562572956085205,-0.3905331790447235,-0.12649640440940857,-0.3021288514137268,0.8410760164260864,-0.07672935724258423,-0.4700769782066345,0.6253447532653809,-1.4975939989089966,0.40191879868507385,0.20579007267951965,-0.14999999999999997,0.4181075096130371,-0.19843506813049316,-0.45092880725860596,0.6504886150360107
2.422987937927246,0.15892353653907776,0.6549213528633118,-0.027892861515283585,-0.0019679958932101727,0.022409111261367798,-0.9993577003479004,-0.6030936241149902,-0.06,-0.38343334197998047,0.8574617505073547,-0.13217462599277496,-0.15815511345863342,-0.39871302247047424,-0.13130277395248413,-0.3169454336166382,0.8383277654647827,-0.07359255850315094,-0.4671391248703003,0.5913830399513245,-1.4796953201293945,0.4379853308200836,0.23701448738574982,-0.14999999999999997,0.43931376934051514,-0.2320929616689682,-0.5149097442626953,0.6371793150901794
2.4219462871551514,0.16146144270896912,0.6544491052627563,-0.025147320702672005,-0.00646779453381896,0.013229175470769405,-0.9995752573013306,-0.614017128944397,-0.06,-0.38513028621673584,0.8994055390357971,-0.13540229201316833,-0.20008684694766998,-0.40572118759155273,-0.13488160073757172,-0.33208802342414856,0.8376579284667969,-0.07127173244953156,-0.4655529260635376,0.5569733381271362,-1.470552682876587,0.4678680896759033,0.2541959583759308,-0.14999999999999997,0.44569772481918335,-0.2713456153869629,-0.5694063901901245,0.6085733771324158
2.421212673187256,0.16448596119880676,0.6536591649055481,-0.021602869033813477,-0.010021341033279896,0.004435292445123196,-0.999706506729126,-0.6164042353630066,-0.06,-0.38481462001800537,0.9319543242454529,-0.13533376157283783,-0.24827541410923004,-0.4108659029006958,-0.13768677413463593,-0.3457567095756531,0.839018702507019,-0.06554873287677765,-0.4653288424015045,0.5224583148956299,-1.4710489511489868,0.49259403347969055,0.2552357316017151,-0.14999999999999997,0.4392032027244568,-0.3161042332649231,-0.6152545213699341,0.5664077997207642
2.4208767414093018,0.168203666806221,0.6526836156845093,-0.01782551221549511,-0.012202640995383263,-0.003450018586590886,-0.999760627746582,-0.6076749563217163,-0.06,-0.3774985671043396,0.9507355690002441,-0.12941603362560272,-0.29472145438194275,-0.4129881262779236,-0.14111904799938202,-0.3580041825771332,0.8415483832359314,-0.05920853838324547,-0.4659235179424286,0.490039587020874,-1.4784566164016724,0.5105206370353699,0.2420574277639389,-0.14999999999999997,0.4215301275253296,-0.36647042632102966,-0.6542443633079529,0.5119719505310059
2.4208977222442627,0.1726481169462204,0.6515308022499084,-0.013896082527935505,-0.013110765255987644,-0.009173277765512466,-0.9997752904891968,-0.58676677942276,-0.06,-0.3606242537498474,0.9530222415924072,-0.11921951174736023,-0.3369290828704834,-0.41351717710494995,-0.14422747492790222,-0.3654399514198303,0.8455144762992859,-0.05119945853948593,-0.46676406264305115,0.46451687812805176,-1.4901899099349976,0.5173953771591187,0.21654978394508362,-0.14999999999999997,0.39037254452705383,-0.42035049200057983,-0.687735378742218,0.4454856812953949
2.421121835708618,0.1777353733778,0.6498342752456665,-0.009736893698573112,-0.01329103484749794,-0.012438374571502209,-0.9997867941856384,-0.5539679527282715,-0.06,-0.3367810547351837,0.9342631697654724,-0.10665757209062576,-0.36918699741363525,-0.41551730036735535,-0.1468559056520462,-0.36725661158561707,0.8534398674964905,-0.042762767523527145,-0.46874308586120605,0.4477335214614868,-1.5045599937438965,0.5107765197753906,0.1806267946958542,-0.14999999999999997,0.34063559770584106,-0.4748552739620209,-0.7125161290168762,0.36619439721107483
2.4213600158691406,0.18338260054588318,0.6463987231254578,-0.005831076763570309,-0.013493141159415245,-0.014307979494333267,-0.9997894763946533,-0.508986234664917,-0.06,-0.31330424547195435,0.8846218585968018,-0.09379508346319199,-0.38596028089523315,-0.4264165461063385,-0.15223799645900726,-0.36156997084617615,0.8766183853149414,-0.03204679861664772,-0.4774923026561737,0.43586164712905884,-1.5202431678771973,0.49428051710128784,0.13795432448387146,-0.14999999999999997,0.26926013827323914,-0.5287328362464905,-0.7213309407234192,0.27133655548095703
2.42248797416687,0.18940314650535583,0.6443115472793579,-0.006508953403681517,-0.01152055524289608,-0.014120610430836678,-0.999812662601471,-0.49055150151252747,-0.06,-0.28824371099472046,0.8669151067733765,-0.05775231868028641,-0.41139912605285645,-0.44852662086486816,-0.17042525112628937,-0.33662694692611694,0.9242540597915649,-0.019553998485207558,-0.47224485874176025,0.4276045858860016,-1.522226095199585,0.47450682520866394,0.0982237160205841,-0.14999999999999997,0.18369202315807343,-0.5785704255104065,-0.7082821130752563,0.16359233856201172
2.42448091506958,0.19504967331886292,0.644166111946106,-0.010930477641522884,-0.007045410573482513,-0.012450642883777618,-0.9998378157615662,-0.47129523754119873,-0.06,-0.2683869004249573,0.8619529604911804,-0.048237815499305725,-0.4137647747993469,-0.4845714271068573,-0.1963525116443634,-0.2870081961154938,1.0040289163589478,-0.003970865160226822,-0.4795026183128357,0.42031601071357727,-1.510875940322876,0.4552837014198303,0.059378329664468765,-0.14999999999999997,0.08643428981304169,-0.6206639409065247,-0.6725329160690308,0.05349786579608917
2.426640272140503,0.19943466782569885,0.6448071599006653,-0.01604793407022953,-0.003019354771822691,-0.011991477571427822,-0.9997946619987488,-0.44939255714416504,-0.06,-0.25003060698509216,0.848408579826355,-0.03661097213625908,-0.4112450182437897,-0.5364372730255127,-0.21931302547454834,-0.22240802645683289,1.0958669185638428,0.0121724558994174,-0.47928309440612793,0.4078844487667084,-1.4874495267868042,0.43681424856185913,0.02071472816169262,-0.14999999999999997,-0.024027979001402855,-0.6455864310264587,-0.6252701282501221,-0.06272439658641815
2.4287030696868896,0.20247882604599,0.6456970572471619,-0.0207375455647707,-0.0001592836924828589,-0.014065839350223541,-0.9996859431266785,-0.4302079975605011,-0.06,-0.23960967361927032,0.8320501446723938,-0.02752762846648693,-0.40587157011032104,-0.594721794128418,-0.2348780333995819,-0.15132983028888702,1.1747685670852661,0.02773244120180607,-0.45371100306510925,0.38796818256378174,-1.4520504474639893,0.4125284254550934,-0.025106865912675858,-0.14999999999999997,-0.14209264516830444,-0.6484060287475586,-0.5733035206794739,-0.14999999999999997
2.4306328296661377,0.204525887966156,0.6460646390914917,-0.02485075034201145,0.0015528968069702387,-0.01714477688074112,-0.9995428919792175,-0.4168892204761505,-0.06,-0.23467205464839935,0.8205525875091553,-0.020640533417463303,-0.40205904841423035,-0.653031587600708,-0.2423742413520813,-0.07519907504320145,1.2350313663482666,0.045158956199884415,-0.4247169494628906,0.3641854226589203,-1.410197377204895,0.3805375397205353,-0.0856512188911438,-0.14999999999999997,-0.25801363587379456,-0.6310096383094788,-0.5152925252914429,-0.14999999999999997
2.4322011470794678,0.2060827910900116,0.6453372836112976,-0.028240151703357697,0.0033521167933940887,-0.020094526931643486,-0.9993935227394104,-0.409489244222641,-0.06,-0.23251037299633026,0.8199528455734253,-0.015709014609456062,-0.40338024497032166,-0.7059313654899597,-0.24471746385097504,0.0038788507226854563,1.276689887046814,0.06504756957292557,-0.39795634150505066,0.339810311794281,-1.366890788078308,0.34181466698646545,-0.17153935134410858,-0.14999999999999997,-0.374210000038147,-0.6141527891159058,-0.43926572799682617,-0.14999999999999997
2.433526039123535,0.206937775015831,0.6432204246520996,-0.030984604731202126,0.004472396336495876,-0.022589530795812607,-0.9992544054985046,-0.4106711745262146,-0.06,-0.23283527791500092,0.8327805399894714,-0.012856295332312584,-0.41130051016807556,-0.7549560070037842,-0.24401243031024933,0.08543872833251953,1.3068088293075562,0.08451240509748459,-0.3781714141368866,0.31432390213012695,-1.325400471687317,0.3068670630455017,-0.2811601161956787,-0.14999999999999997,-0.4698958098888397,-0.5817478895187378,-0.3529454469680786,-0.14999999999999997
2.4346516132354736,0.2069283425807953,0.6397331357002258,-0.03322800621390343,0.004381130449473858,-0.024310097098350525,-0.9991424679756165,-0.4209623336791992,-0.06,-0.23496583104133606,0.8579656481742859,-0.012096965685486794,-0.42529502511024475,-0.8005850315093994,-0.24082359671592712,0.16642333567142487,1.331798791885376,0.09898102283477783,-0.36060982942581177,0.28693869709968567,-1.2828235626220703,0.28104498982429504,-0.4041195809841156,-0.14999999999999997,-0.5435003638267517,-0.5304094552993774,-0.25453487038612366,-0.14999999999999997
2.4356822967529297,0.20616038143634796,0.6350486278533936,-0.03546764701604843,0.0035098842345178127,-0.025252578780055046,-0.9990454912185669,-0.43741217255592346,-0.06,-0.23766371607780457,0.89213627576828,-0.012933136895298958,-0.4440215826034546,-0.8394497036933899,-0.23687821626663208,0.24253718554973602,1.3507000207901,0.10607518255710602,-0.33888953924179077,0.2575739622116089,-1.2340394258499146,0.2628021836280823,-0.5317407846450806,-0.13907001912593842,-0.5985684990882874,-0.46497130393981934,-0.14279484748840332,-0.14999999999999997
2.4368884563446045,0.20483632385730743,0.6292094588279724,-0.038255754858255386,0.0029930435121059418,-0.026234714314341545,-0.9989190101623535,-0.45587339997291565,-0.06,-0.24093112349510193,0.933091938495636,-0.015092726796865463,-0.4666840136051178,-0.8665778636932373,-0.2354346513748169,0.3093048930168152,1.3616732358932495,0.10681980848312378,-0.32346853613853455,0.2251070886850357,-1.1733875274658203,0.2503863573074341,-0.6560988426208496,-0.12139260768890381,-0.6324944496154785,-0.3938281536102295,-0.017454978078603745,-0.14999999999999997
2.4385294914245605,0.20306795835494995,0.6222977042198181,-0.041768599301576614,0.0035169431939721107,-0.027989495545625687,-0.9987289309501648,-0.47349071502685547,-0.06,-0.2451791614294052,0.9790972471237183,-0.018085844814777374,-0.49285170435905457,-0.8793832659721375,-0.23771490156650543,0.3621830940246582,1.3639856576919556,0.10621201992034912,-0.33703941106796265,0.18936990201473236,-1.098974347114563,0.2454930543899536,-0.7665895223617554,-0.10765331238508224,-0.6416645646095276,-0.3293747901916504,0.11373652517795563,-0.14999999999999997
2.4405717849731445,0.2008797973394394,0.6146577000617981,-0.04597064480185509,0.0043955775909125805,-0.029740210622549057,-0.9984902143478394,-0.49022990465164185,-0.06,-0.2490142434835434,1.027068018913269,-0.02181590162217617,-0.5211104154586792,-0.8809037208557129,-0.24015218019485474,0.39779484272003174,1.3545918464660645,0.10219317674636841,-0.36137986183166504,0.15303803980350494,-1.0154008865356445,0.2528393566608429,-0.8564897775650024,-0.1070411205291748,-0.6316105127334595,-0.28078651428222656,0.24269720911979675,-0.14999999999999997
2.442863702774048,0.1983172446489334,0.6065886616706848,-0.050879254937171936,0.004712746944278479,-0.03019126132130623,-0.9982370734214783,-0.5070496797561646,-0.06,-0.25036370754241943,1.0745937824249268,-0.026213588193058968,-0.550313413143158,-0.87554532289505,-0.2395297735929489,0.41469377279281616,1.3309826850891113,0.08975432813167572,-0.37735044956207275,0.12018653750419617,-0.9300858378410339,0.2726638913154602,-0.928473949432373,-0.11944012343883514,-0.6103420257568359,-0.2513200640678406,0.36543503403663635,-0.14999999999999997
2.445277452468872,0.1954549103975296,0.5982590317726135,-0.0567505918443203,0.004175178706645966,-0.029028411954641342,-0.9979575276374817,-0.5240566730499268,-0.06,-0.24838177859783173,1.1201244592666626,-0.03109399601817131,-0.5794816017150879,-0.8654635548591614,-0.23877863585948944,0.41643017530441284,1.2985050678253174,0.07457539439201355,-0.4053056836128235,0.09242124110460281,-0.8478581309318542,0.3022972345352173,-0.9854100942611694,-0.13801145553588867,-0.582338809967041,-0.23787559568881989,0.480425089597702,-0.14999999999999997
2.447317361831665,0.19226156175136566,0.5912259817123413,-0.06234946474432945,0.0026821161154657602,-0.02528425119817257,-0.9977303743362427,-0.538729190826416,-0.06,-0.24321980774402618,1.155829668045044,-0.03724369779229164,-0.5900000000000001,-0.8527386784553528,-0.2479303628206253,0.4130428731441498,1.2829391956329346,0.09083246439695358,-0.5056270360946655,0.07128798961639404,-0.7716697454452515,0.3372851312160492,-1.0281487703323364,-0.14999999999999997,-0.550459086894989,-0.2346653938293457,0.5838847756385803,-0.14999999999999997
2.4496333599090576,0.18834349513053894,0.5876163244247437,-0.06504631042480469,0.0021537079010158777,-0.02244090847671032,-0.9976275563240051,-0.5423908233642578,-0.06,-0.2434966266155243,1.1733134984970093,-0.044988829642534256,-0.5900000000000001,-0.8554731607437134,-0.24276022613048553,0.4177708327770233,1.296960473060608,0.10039082914590836,-0.5378054976463318,0.048793960362672806,-0.702008068561554,0.37457457184791565,-1.0584064722061157,-0.14999999999999997,-0.5171648859977722,-0.23370961844921112,0.6716343760490417,-0.14999999999999997
2.452134370803833,0.18432016670703888,0.5872777104377747,-0.06623560190200806,0.0030465296003967524,-0.02031053975224495,-0.997592568397522,-0.5339040160179138,-0.06,-0.24577005207538605,1.172165036201477,-0.052927881479263306,-0.5900000000000001,-0.8512632250785828,-0.23666222393512726,0.41650864481925964,1.3054479360580444,0.09993264824151993,-0.5473458170890808,0.025288747623562813,-0.6329886317253113,0.4162784218788147,-1.0667427778244019,-0.14999999999999997,-0.4917405843734741,-0.23995134234428406,0.7459020614624023,-0.14999999999999997
2.4544196128845215,0.1806173026561737,0.5896830558776855,-0.06695925444364548,0.004004389047622681,-0.017651017755270004,-0.9975915551185608,-0.5175756216049194,-0.06,-0.24634021520614624,1.15378737449646,-0.06071951612830162,-0.5900000000000001,-0.8375657200813293,-0.2320549637079239,0.41032326221466064,1.296701192855835,0.100742407143116,-0.5481583476066589,0.004176147747784853,-0.5616858601570129,0.46103301644325256,-1.05176842212677,-0.14999999999999997,-0.4799192249774933,-0.25951895117759705,0.8022956252098083,-0.14999999999999997
2.45619535446167,0.17717646062374115,0.5944914817810059,-0.06692130118608475,0.0038622645661234856,-0.01439629215747118,-0.9976468682289124,-0.49800536036491394,-0.06,-0.2450089156627655,1.1205973625183105,-0.06724635511636734,-0.5900000000000001,-0.8174450993537903,-0.22598004341125488,0.40248820185661316,1.2708930969238281,0.10810497403144836,-0.5393221974372864,-0.013848216272890568,-0.49146780371665955,0.5066559910774231,-1.0223844051361084,-0.14999999999999997,-0.48354804515838623,-0.2894029915332794,0.8369139432907104,-0.14999999999999997
2.457608461380005,0.173997163772583,0.601125180721283,-0.06649764627218246,0.003248761408030987,-0.011906328611075878,-0.997710108757019,-0.47476351261138916,-0.06,-0.2434455156326294,1.0748264789581299,-0.0726778581738472,-0.5900000000000001,-0.7908894419670105,-0.22152715921401978,0.39186084270477295,1.2314088344573975,0.12109208852052689,-0.5234910249710083,-0.031420812010765076,-0.424742192029953,0.5535264611244202,-0.9869452714920044,-0.14518214762210846,-0.4967690110206604,-0.32413193583488464,0.8540140986442566,-0.14999999999999997
2.458980083465576,0.1710251420736313,0.6087207794189453,-0.06597509980201721,0.0033065499737858772,-0.010712364688515663,-0.9977582097053528,-0.44660091400146484,-0.06,-0.24178873002529144,1.0206408500671387,-0.07667654007673264,-0.5709863901138306,-0.7572370767593384,-0.22017216682434082,0.37827298045158386,1.183296799659729,0.1387820690870285,-0.5045391321182251,-0.04969719424843788,-0.3611542880535126,0.6030941605567932,-0.9486618638038635,-0.13109475374221802,-0.5101995468139648,-0.36012205481529236,0.8592137098312378,-0.14999999999999997
2.460343599319458,0.1681075245141983,0.6166698336601257,-0.06516861915588379,0.0038846894167363644,-0.00969124399125576,-0.9978194832801819,-0.4149700105190277,-0.06,-0.23920543491840363,0.9613896012306213,-0.08053848147392273,-0.5441027879714966,-0.7180222272872925,-0.2199024111032486,0.36246365308761597,1.1278181076049805,0.1598936915397644,-0.4847290813922882,-0.06711845099925995,-0.2976292669773102,0.6564710140228271,-0.903675377368927,-0.11990871280431747,-0.5205347537994385,-0.3945741057395935,0.8569380044937134,-0.14809897541999817
2.46159029006958,0.16508957743644714,0.6248276829719543,-0.06364471465349197,0.004285747185349464,-0.008601524867117405,-0.9979263544082642,-0.38209864497184753,-0.06,-0.23617659509181976,0.8980881571769714,-0.08468232303857803,-0.5149426460266113,-0.6787233352661133,-0.2185591459274292,0.34493210911750793,1.0698472261428833,0.18270595371723175,-0.45834383368492126,-0.08404402434825897,-0.23214320838451385,0.7114935517311096,-0.8478453159332275,-0.11463053524494171,-0.527858316898346,-0.4266124665737152,0.8495150804519653,-0.11880660802125931
2.462646484375,0.16194239258766174,0.6331211924552917,-0.061533525586128235,0.004210344050079584,-0.0072218733839690685,-0.9980698823928833,-0.3484843671321869,-0.06,-0.23192448914051056,0.8303075432777405,-0.08899234980344772,-0.48303258419036865,-0.6379329562187195,-0.2170117199420929,0.32353729009628296,1.0055365562438965,0.20094771683216095,-0.4302821755409241,-0.10048098117113113,-0.16524893045425415,0.7634032368659973,-0.7805997729301453,-0.11367806792259216,-0.5319210886955261,-0.45778894424438477,0.8369972109794617,-0.09468970447778702
2.4636800289154053,0.15887385606765747,0.6418639421463013,-0.05895037576556206,0.00418468564748764,-0.005566573701798916,-0.9982365965843201,-0.3103238046169281,-0.06,-0.22493061423301697,0.7535282969474792,-0.09295861423015594,-0.4465141296386719,-0.5981981158256531,-0.2167438119649887,0.29412174224853516,0.9406915903091431,0.1916404366493225,-0.39981094002723694,-0.1168081983923912,-0.0985691174864769,0.8074421286582947,-0.705633819103241,-0.11283816397190094,-0.5305011868476868,-0.4896432161331177,0.8186646103858948,-0.0774119421839714
2.4646146297454834,0.15593187510967255,0.6508448719978333,-0.056053612381219864,0.00416433485224843,-0.0029179039411246777,-0.9984147548675537,-0.2668267488479614,-0.06,-0.21296288073062897,0.6666348576545715,-0.0963020920753479,-0.4049588739871979,-0.5561329126358032,-0.2155110090970993,0.2612551152706146,0.8695891499519348,0.1770283579826355,-0.36490607261657715,-0.13310162723064423,-0.032119836658239365,0.8433549404144287,-0.6239126324653625,-0.11145159602165222,-0.5234643816947937,-0.5205446481704712,0.7947977185249329,-0.06264220923185349
2.4652657508850098,0.15301698446273804,0.659466028213501,-0.05271855741739273,0.0036283552180975676,-0.00021949710207991302,-0.9986027479171753,-0.22130799293518066,-0.04979397729039192,-0.19857041537761688,0.573003351688385,-0.09965605288743973,-0.35927584767341614,-0.5134190320968628,-0.21199654042720795,0.22887252271175385,0.7943867444992065,0.1635582447052002,-0.32723620533943176,-0.15287047624588013,0.036264821887016296,0.8725332021713257,-0.533836841583252,-0.11073264479637146,-0.5113541483879089,-0.5498982667922974,0.767286479473114,-0.05091656744480133
2.465528726577759,0.15011489391326904,0.6669254302978516,-0.04887308552861214,0.0022042084019631147,0.0019117349293082952,-0.9988006949424744,-0.17895904183387756,-0.027136174961924553,-0.1844244748353958,0.48085400462150574,-0.10358840972185135,-0.3132525682449341,-0.4743725657463074,-0.20573827624320984,0.1983804553747177,0.7214083075523376,0.15121504664421082,-0.2899244725704193,-0.1771368384361267,0.10737497359514236,0.8952604532241821,-0.4366914927959442,-0.11048992723226547,-0.49484530091285706,-0.578405499458313,0.7385213971138,-0.04393132030963898
2.465498924255371,0.14729273319244385,0.6728564500808716,-0.044480305165052414,0.0003374647640157491,0.003650759346783161,-0.9990033507347107,-0.14230869710445404,-0.004885221365839243,-0.17012888193130493,0.39779916405677795,-0.10798261314630508,-0.27100419998168945,-0.4404084086418152,-0.19656527042388916,0.17126496136188507,0.6551302075386047,0.14015048742294312,-0.25549131631851196,-0.20416997373104095,0.18235573172569275,0.9104709625244141,-0.3352828621864319,-0.10907608270645142,-0.4740571081638336,-0.6066129207611084,0.7118045091629028,-0.0383431538939476
2.4653191566467285,0.14470274746418,0.6773257851600647,-0.03965708985924721,-0.0013543133391067386,0.005451610311865807,-0.9991974830627441,-0.11213738471269608,0.016228031367063522,-0.1533201038837433,0.3287501335144043,-0.11229141801595688,-0.23525935411453247,-0.41102808713912964,-0.18506966531276703,0.14846928417682648,0.5970412492752075,0.13044890761375427,-0.22495333850383759,-0.2311798483133316,0.2616235911846161,0.9177213311195374,-0.23286980390548706,-0.1058146059513092,-0.4511476457118988,-0.6344815492630005,0.6915074586868286,-0.02867182157933712
2.465139865875244,0.14244748651981354,0.6806567907333374,-0.0344817228615284,-0.00232961168512702,0.007221581414341927,-0.9993765354156494,-0.08835161477327347,0.03582609444856644,-0.1330600529909134,0.29000000000000004,-0.11615210026502609,-0.2069604992866516,-0.3838740289211273,-0.17232492566108704,0.1288345903158188,0.5458214282989502,0.12212048470973969,-0.1981240212917328,-0.25676101446151733,0.3463454246520996,0.9169343709945679,-0.13084669411182404,-0.10404703766107559,-0.42813757061958313,-0.6595965623855591,0.6793197393417358,-0.010606678202748299
2.4650535583496094,0.14058198034763336,0.6831427812576294,-0.029275432229042053,-0.0024880184791982174,0.008457338437438011,-0.9995324015617371,-0.0704372376203537,0.052966080605983734,-0.11250001192092896,0.29000000000000004,-0.11927997320890427,-0.18630748987197876,-0.3578266501426697,-0.15982948243618011,0.11096494644880295,0.5005785822868347,0.11513268947601318,-0.17498305439949036,-0.28098613023757935,0.43694037199020386,0.9070864915847778,-0.029983963817358017,-0.10795634984970093,-0.4069005846977234,-0.6795988082885742,0.6738677620887756,0.014987241476774216
2.465054512023926,0.1391090452671051,0.6849810481071472,-0.024559225887060165,-0.0022124198731034994,0.008927593939006329,-0.9996560215950012,-0.057616494596004486,0.06669406592845917,-0.09613470733165741,0.29000000000000004,-0.12143241614103317,-0.17250767350196838,-0.3341040015220642,-0.14888624846935272,0.09492633491754532,0.46173152327537537,0.1095685139298439,-0.15561039745807648,-0.30406513810157776,0.5311689972877502,0.8872740864753723,0.06700713187456131,-0.11896762996912003,-0.3902031481266022,-0.693505585193634,0.6730279922485352,0.04289637506008148
2.465043306350708,0.1380353420972824,0.6863039135932922,-0.020722761750221252,-0.002128634601831436,0.008929424919188023,-0.9997430443763733,-0.04989859089255333,0.07693182677030563,-0.0855620875954628,0.29000000000000004,-0.12288616597652435,-0.16365787386894226,-0.3150731921195984,-0.140106201171875,0.08189909160137177,0.42998266220092773,0.10544087737798691,-0.13987882435321808,-0.3254612982273102,0.6252196431159973,0.8580806255340576,0.15623842179775238,-0.1355912834405899,-0.380952924489975,-0.7009917497634888,0.6747539043426514,0.06852103769779205
2.464907646179199,0.13739179074764252,0.6872196793556213,-0.017861109226942062,-0.0026686186902225018,0.008768782019615173,-0.9997983574867249,-0.047746628522872925,0.08401593565940857,-0.0787135660648346,0.29000000000000004,-0.12358065694570541,-0.15825439989566803,-0.30209195613861084,-0.13363413512706757,0.07250883430242538,0.40521663427352905,0.10271244496107101,-0.12720677256584167,-0.34449198842048645,0.7148432731628418,0.8219865560531616,0.23407557606697083,-0.14999999999999997,-0.3798540532588959,-0.7014495134353638,0.6756847500801086,0.09061185270547867
2.464586019515991,0.1371934860944748,0.6878511905670166,-0.015959732234477997,-0.00387519015930593,0.008430729620158672,-0.9998295307159424,-0.0498649887740612,0.08803374320268631,-0.07421322166919708,0.29000000000000004,-0.12348256260156631,-0.15448977053165436,-0.2947444021701813,-0.12963809072971344,0.06621100008487701,0.3864946961402893,0.10127241164445877,-0.11703506857156754,-0.3608940541744232,0.7953899502754211,0.7832127809524536,0.29774460196495056,-0.14999999999999997,-0.3858872354030609,-0.6947964429855347,0.6725431680679321,0.11092040687799454
2.4640140533447266,0.13743644952774048,0.6882719993591309,-0.015051652677357197,-0.0057961479760706425,0.007899636402726173,-0.999838650226593,-0.0550457239151001,0.0890580415725708,-0.0716487318277359,0.29000000000000004,-0.12260519713163376,-0.15081115067005157,-0.29300814867019653,-0.12827914953231812,0.06274789571762085,0.37345537543296814,0.10105174779891968,-0.10907130688428879,-0.37419044971466064,0.8622267842292786,0.7462388277053833,0.3468715250492096,-0.14999999999999997,-0.3977777659893036,-0.6821524500846863,0.6632751822471619,0.1302322894334793
2.4631688594818115,0.138094961643219,0.6885031461715698,-0.015086486004292965,-0.00831856019794941,0.007450205273926258,-0.999823808670044,-0.06256242096424103,0.08729010075330734,-0.07033134251832962,0.29000000000000004,-0.12091492861509323,-0.147060826420784,-0.2967192530632019,-0.12931394577026367,0.0624576099216938,0.36597880721092224,0.10197427868843079,-0.10311267524957657,-0.38319751620292664,0.9110857844352722,0.7147171497344971,0.3823558986186981,-0.14999999999999997,-0.41420978307724,-0.664908766746521,0.6474171280860901,0.14800946414470673
2.4621522426605225,0.1391315758228302,0.6885651350021362,-0.015888428315520287,-0.010827881284058094,0.007226176094263792,-0.9997889995574951,-0.07076118141412735,0.0831962451338768,-0.06958729773759842,0.29000000000000004,-0.11832863092422485,-0.14380685985088348,-0.3039473593235016,-0.13236641883850098,0.06491196155548096,0.3635830879211426,0.1039109155535698,-0.09923150390386581,-0.38759419322013855,0.9411675333976746,0.6902338862419128,0.4060361981391907,-0.14999999999999997,-0.43355825543403625,-0.6439298391342163,0.6277675032615662,0.16489528119564056
2.4611175060272217,0.1404632329940796,0.6884162425994873,-0.01722603850066662,-0.012591191567480564,0.007219274993985891,-0.9997461438179016,-0.07846773415803909,0.07751331478357315,-0.06968255341053009,0.29000000000000004,-0.11546370387077332,-0.142576202750206,-0.3128308653831482,-0.13692431151866913,0.06949732452630997,0.3668452799320221,0.10667624324560165,-0.09827181696891785,-0.3881598711013794,0.9562652111053467,0.672322154045105,0.4198403060436249,-0.14342951774597168,-0.4540511667728424,-0.619679868221283,0.6097151637077332,0.18399548530578613
2.460122585296631,0.14201928675174713,0.687991738319397,-0.019134392961859703,-0.013508321717381477,0.007318251766264439,-0.9996987581253052,-0.08622682839632034,0.070160873234272,-0.07110174000263214,0.29000000000000004,-0.11256490647792816,-0.14426492154598236,-0.32376566529273987,-0.14294980466365814,0.07634960860013962,0.37722671031951904,0.11021316051483154,-0.1011415645480156,-0.38618043065071106,0.9597592353820801,0.6590154767036438,0.4238866865634918,-0.11997360736131668,-0.4745011031627655,-0.5926833152770996,0.5966858863830566,0.2077690213918686
2.4591281414031982,0.14374977350234985,0.6872224807739258,-0.021841607987880707,-0.013995287008583546,0.007059263996779919,-0.999638557434082,-0.0961163341999054,0.06042148545384407,-0.07408171147108078,0.29000000000000004,-0.10893086344003677,-0.14892424643039703,-0.33848458528518677,-0.15091784298419952,0.08554109930992126,0.39623358845710754,0.11456999182701111,-0.10859011858701706,-0.3835184872150421,0.9534247517585754,0.6482238173484802,0.4177119731903076,-0.09240516275167465,-0.4941723048686981,-0.5639714598655701,0.5887253284454346,0.23554043471813202
2.4581639766693115,0.14554870128631592,0.6860137581825256,-0.02536318637430668,-0.01420211885124445,0.005868999753147364,-0.9995601177215576,-0.10926032066345215,0.048281148076057434,-0.0799163281917572,0.29000000000000004,-0.10515619069337845,-0.15681415796279907,-0.3574117124080658,-0.1608961671590805,0.09641817957162857,0.42467352747917175,0.11965622752904892,-0.12127143889665604,-0.3817870318889618,0.9389041066169739,0.6391163468360901,0.40171605348587036,-0.06208327040076256,-0.5121616125106812,-0.5347527861595154,0.5843148827552795,0.2652706205844879
2.457336902618408,0.1472734957933426,0.684315025806427,-0.02949988655745983,-0.013894213363528252,0.0036227123346179724,-0.9994614720344543,-0.12515626847743988,0.03429003432393074,-0.08860382437705994,0.29000000000000004,-0.10138002038002014,-0.1684301495552063,-0.3790028989315033,-0.1723632961511612,0.108225978910923,0.46140170097351074,0.1252414882183075,-0.1389644294977188,-0.381142258644104,0.9171995520591736,0.6320842504501343,0.37649884819984436,-0.029053272679448128,-0.5275039076805115,-0.5058156251907349,0.5814822912216187,0.295886754989624
2.4567031860351562,0.14882029592990875,0.682080864906311,-0.03404467552900314,-0.013010090216994286,0.0007770113879814744,-0.9993352890014648,-0.14305584132671356,0.019088974222540855,-0.09894244372844696,0.2904740571975708,-0.09791639447212219,-0.1839592009782791,-0.40235432982444763,-0.18443062901496887,0.12142127007246017,0.5047631859779358,0.1311296969652176,-0.16079552471637726,-0.380545437335968,0.8886513113975525,0.62714022397995,0.34347134828567505,0.007526799105107784,-0.5397866368293762,-0.4774287939071655,0.5786420702934265,0.32655224204063416
2.4562671184539795,0.1501007378101349,0.6792504191398621,-0.0388648621737957,-0.011690912768244743,-0.002089259447529912,-0.9991737604141235,-0.1626524180173874,0.0032007810659706593,-0.10960087180137634,0.3319150507450104,-0.09499195218086243,-0.20337621867656708,-0.4275319278240204,-0.19615820050239563,0.13695703446865082,0.5535668730735779,0.13712871074676514,-0.1858767718076706,-0.37925657629966736,0.8536725044250488,0.623333215713501,0.3042082190513611,0.04884329438209534,-0.5488303899765015,-0.4491994380950928,0.5748071670532227,0.3559465706348419
2.456037759780884,0.15101931989192963,0.6757824420928955,-0.043783415108919144,-0.009960704483091831,-0.004715373739600182,-0.9989802241325378,-0.18351584672927856,-0.012748226523399353,-0.11998001486063004,0.37930306792259216,-0.09286170452833176,-0.22645358741283417,-0.45404723286628723,-0.2067262828350067,0.1548432558774948,0.606689989566803,0.1430882215499878,-0.21350082755088806,-0.3778446316719055,0.8143103718757629,0.6193953156471252,0.2609460651874542,0.09481435269117355,-0.5544623732566833,-0.42017391324043274,0.5701109170913696,0.3833507299423218
2.4559900760650635,0.15149012207984924,0.6716451048851013,-0.0484846755862236,-0.007877416908740997,-0.007122865412384272,-0.9987673759460449,-0.2057708203792572,-0.02794705331325531,-0.13033264875411987,0.4324147403240204,-0.09178607910871506,-0.2530707120895386,-0.4811786413192749,-0.21527287364006042,0.17423011362552643,0.6629167795181274,0.14879493415355682,-0.24303467571735382,-0.37781235575675964,0.7745269536972046,0.6140028238296509,0.21787899732589722,0.14184123277664185,-0.5570693016052246,-0.38923731446266174,0.5658583641052246,0.40914615988731384
2.4560179710388184,0.15147438645362854,0.6667971611022949,-0.05266658589243889,-0.005807600449770689,-0.009466446004807949,-0.9985502362251282,-0.23056960105895996,-0.0418362021446228,-0.14141562581062317,0.4911765158176422,-0.09196165949106216,-0.2828276753425598,-0.5092772245407104,-0.22110524773597717,0.1941957324743271,0.7215007543563843,0.15389180183410645,-0.2739275097846985,-0.38075509667396545,0.7379599213600159,0.6060405969619751,0.1798650473356247,0.1843675673007965,-0.5578904747962952,-0.3560352325439453,0.5635468363761902,0.4332791268825531
2.4560387134552,0.15097521245479584,0.6612527370452881,-0.056136902421712875,-0.0040242369286715984,-0.011904379352927208,-0.9983438849449158,-0.25818121433258057,-0.054171327501535416,-0.15382890403270721,0.5543621182441711,-0.09355401992797852,-0.3148243725299835,-0.5383404493331909,-0.22396205365657806,0.2137995958328247,0.7814745306968689,0.15826331079006195,-0.30547672510147095,-0.38756924867630005,0.706337571144104,0.595469057559967,0.14925722777843475,0.2189592719078064,-0.5582103133201599,-0.32162249088287354,0.5645107626914978,0.45491716265678406
2.456035852432251,0.1500455141067505,0.6551036834716797,-0.058826737105846405,-0.0025367483031004667,-0.014538862742483616,-0.9981591105461121,-0.28768646717071533,-0.06,-0.16773615777492523,0.6199133992195129,-0.09651319682598114,-0.3479502201080322,-0.5675930380821228,-0.2240748554468155,0.23211510479450226,0.8417144417762756,0.1619051992893219,-0.3371046483516693,-0.39836829900741577,0.6798957586288452,0.5831938982009888,0.12574416399002075,0.24538910388946533,-0.5591049790382385,-0.287810355424881,0.5695903897285461,0.4731144607067108
2.4560117721557617,0.14876516163349152,0.6485177278518677,-0.06066076457500458,-0.0012746274005621672,-0.0174208115786314,-0.9980056285858154,-0.31795236468315125,-0.06,-0.18313468992710114,0.685795247554779,-0.10069679468870163,-0.38112300634384155,-0.5958887934684753,-0.22182078659534454,0.2481374889612198,0.9007349014282227,0.1647959053516388,-0.368108332157135,-0.41278108954429626,0.6588565111160278,0.5703767538070679,0.10844910144805908,0.26423558592796326,-0.5620995759963989,-0.2554301619529724,0.5786135792732239,0.4889352023601532
2.455939292907715,0.14720256626605988,0.6417153477668762,-0.0615127831697464,-0.00028371266671456397,-0.020575135946273804,-0.9978941082954407,-0.3483409285545349,-0.06,-0.2001238465309143,0.7503101825714111,-0.10578777641057968,-0.41339412331581116,-0.6223911643028259,-0.217494398355484,0.26085564494132996,0.9569017887115479,0.16674897074699402,-0.39761826395988464,-0.43003329634666443,0.643721878528595,0.558445394039154,0.09609255939722061,0.27603286504745483,-0.5692542791366577,-0.2242794781923294,0.590579092502594,0.5045733451843262
2.45579195022583,0.1454070806503296,0.6349442601203918,-0.06121603399515152,0.0003618808987084776,-0.02406453900039196,-0.9978343844413757,-0.3784523606300354,-0.06,-0.21898503601551056,0.8119931817054749,-0.11178392171859741,-0.44388285279273987,-0.6463578343391418,-0.21139049530029297,0.2691580057144165,1.0086236000061035,0.16752129793167114,-0.4247908294200897,-0.4489530622959137,0.6344928741455078,0.5494137406349182,0.08618967980146408,0.28229716420173645,-0.5820428133010864,-0.19433820247650146,0.6040897965431213,0.5212324261665344
2.4556069374084473,0.14344772696495056,0.6284656524658203,-0.05964291840791702,0.0007115655462257564,-0.027888255193829536,-0.997829794883728,-0.40764549374580383,-0.06,-0.2395303100347519,0.8697599172592163,-0.11776873469352722,-0.47221583127975464,-0.666833221912384,-0.20390085875988007,0.2721734344959259,1.0545222759246826,0.1669599562883377,-0.44904428720474243,-0.46811237931251526,0.6308102011680603,0.5449594259262085,0.0765700489282608,0.2842748165130615,-0.6008394956588745,-0.16657057404518127,0.6180914044380188,0.5383372902870178
2.455493927001953,0.14144262671470642,0.6225706338882446,-0.05684709921479225,0.0009151093545369804,-0.03207951411604881,-0.9978669285774231,-0.43492591381073,-0.06,-0.2606721818447113,0.9224106669425964,-0.1217413991689682,-0.4978099763393402,-0.6826452612876892,-0.19586627185344696,0.26941362023353577,1.093336582183838,0.16513480246067047,-0.47006314992904663,-0.48653876781463623,0.6326349973678589,0.5452025532722473,0.06752879917621613,0.2807123064994812,-0.6254756450653076,-0.14266137778759003,0.632807731628418,0.5541703701019287
2.4555275440216064,0.1395881474018097,0.6173923015594482,-0.05325372517108917,0.0008846302516758442,-0.03681952878832817,-0.9979014992713928,-0.4600042700767517,-0.06,-0.28191351890563965,0.9690543413162231,-0.12337581068277359,-0.520045280456543,-0.6942510008811951,-0.18863855302333832,0.2618096172809601,1.1252155303955078,0.16258636116981506,-0.48816588521003723,-0.5043666958808899,0.6405138969421387,0.5481123924255371,0.06293979287147522,0.26835140585899353,-0.6559923887252808,-0.12403212487697601,0.6490158438682556,0.5669374465942383
2.455815553665161,0.13807164132595062,0.6129541397094727,-0.04944510757923126,0.0007289783097803593,-0.04248091205954552,-0.9978727102279663,-0.48202285170555115,-0.06,-0.3034808933734894,1.0089502334594727,-0.12381574511528015,-0.5386979579925537,-0.7018766403198242,-0.1838746815919876,0.2505655586719513,1.1511411666870117,0.16019785404205322,-0.5043025612831116,-0.5229662656784058,0.6556772589683533,0.5501779317855835,0.06725934147834778,0.245728999376297,-0.6916000843048096,-0.11168795078992844,0.6675553321838379,0.5741313695907593
2.4564614295959473,0.13700509071350098,0.6093689203262329,-0.04578345641493797,0.0007500434876419604,-0.04913955554366112,-0.9977417588233948,-0.4995155334472656,-0.06,-0.3250274658203125,1.0412373542785645,-0.12386513501405716,-0.5536248683929443,-0.7046663761138916,-0.18245404958724976,0.23640911281108856,1.1711430549621582,0.15858756005764008,-0.5188968181610107,-0.5430538058280945,0.6786165833473206,0.5487443804740906,0.08209684491157532,0.21503685414791107,-0.7307785153388977,-0.10542847961187363,0.6876166462898254,0.575023353099823
2.457491397857666,0.13643208146095276,0.6069072484970093,-0.04231947287917137,0.0011352581204846501,-0.056382108479738235,-0.9975113272666931,-0.5111504197120667,-0.06,-0.3454703688621521,1.0645712614059448,-0.12380414456129074,-0.5644713044166565,-0.7014749050140381,-0.18404507637023926,0.21967165172100067,1.1837635040283203,0.15778043866157532,-0.5311568975448608,-0.5638877749443054,0.7078453898429871,0.5429392457008362,0.10597626119852066,0.1810801476240158,-0.7722323536872864,-0.10389500111341476,0.707253098487854,0.5717364549636841
2.4588403701782227,0.13635559380054474,0.605873167514801,-0.038907960057258606,0.0018578250892460346,-0.063697949051857,-0.9972086548805237,-0.5163721442222595,-0.06,-0.3639293611049652,1.0776270627975464,-0.12379216402769089,-0.5706920623779297,-0.6915685534477234,-0.18771487474441528,0.20024587213993073,1.1870129108428955,0.15742534399032593,-0.5396704077720642,-0.5842818021774292,0.7400920987129211,0.5331814289093018,0.13553982973098755,0.14895470440387726,-0.8153785467147827,-0.10529028624296188,0.7239111065864563,0.5664045810699463
2.460404872894287,0.13676634430885315,0.606432318687439,-0.03532370924949646,0.0027922173030674458,-0.07101784646511078,-0.9968454241752625,-0.5155162811279297,-0.06,-0.3808092474937439,1.0799059867858887,-0.12429726868867874,-0.5718685388565063,-0.6746262907981873,-0.19273674488067627,0.17739637196063995,1.17955482006073,0.15721061825752258,-0.5434067249298096,-0.6044138669967651,0.7722384929656982,0.5195854902267456,0.1686081886291504,0.12081567198038101,-0.8597105741500854,-0.10786871612071991,0.7357234954833984,0.5579071640968323
2.4621059894561768,0.13769473135471344,0.6086046099662781,-0.03142238408327103,0.0038824572693556547,-0.07842248678207397,-0.996417224407196,-0.5090996026992798,-0.06,-0.3964439034461975,1.0715945959091187,-0.1252863109111786,-0.5678688883781433,-0.6504602432250977,-0.19857257604599,0.1506100594997406,1.160793423652649,0.1571677178144455,-0.5418267250061035,-0.6254494786262512,0.8033223152160645,0.5015755295753479,0.2053881138563156,0.09385933727025986,-0.9040558338165283,-0.10995516926050186,0.7419971227645874,0.5426465272903442
2.4638490676879883,0.1392127126455307,0.6122636198997498,-0.027176707983016968,0.0049382103607058525,-0.08585868775844574,-0.9959242939949036,-0.4982125163078308,-0.06,-0.41056737303733826,1.0535409450531006,-0.12624476850032806,-0.5588721632957458,-0.6198611855506897,-0.20461226999759674,0.12024485319852829,1.1308956146240234,0.15743139386177063,-0.5346315503120422,-0.6483516693115234,0.833602786064148,0.4788452088832855,0.2466224581003189,0.06436152756214142,-0.9476351141929626,-0.10972995311021805,0.7420973181724548,0.5177664756774902
2.465529441833496,0.14139920473098755,0.6172229051589966,-0.022749757394194603,0.00577627494931221,-0.09312760829925537,-0.9953774213790894,-0.48361948132514954,-0.06,-0.4225820302963257,1.0262247323989868,-0.12771397829055786,-0.5448920726776123,-0.5840787887573242,-0.21044369041919708,0.08740095049142838,1.090422511100769,0.15823571383953094,-0.5216234922409058,-0.673283040523529,0.8629063367843628,0.4522606134414673,0.2905513048171997,0.03257537633180618,-0.9912986159324646,-0.10520301014184952,0.7369071245193481,0.484384149312973
2.4670796394348145,0.14430229365825653,0.6233192682266235,-0.018414942547678947,0.006389081012457609,-0.09993499517440796,-0.9948028922080994,-0.4651677906513214,-0.06,-0.4316434860229492,0.9894408583641052,-0.130428284406662,-0.525816798210144,-0.543823778629303,-0.21589605510234833,0.05324457213282585,1.0397576093673706,0.1598365753889084,-0.5026650428771973,-0.6994917988777161,0.8906561732292175,0.4236179292201996,0.3334549069404602,0.0016851852415129542,-1.0369421243667603,-0.095167376101017,0.7288046479225159,0.4454518258571625
2.4684650897979736,0.14791183173656464,0.6304111480712891,-0.01435755006968975,0.006922998931258917,-0.10605490207672119,-0.9942323565483093,-0.44237732887268066,-0.06,-0.4370095431804657,0.9430544376373291,-0.13350465893745422,-0.5017102360725403,-0.4989924430847168,-0.2208578735589981,0.018082918599247932,0.9788233041763306,0.1620633602142334,-0.47750258445739746,-0.7257698774337769,0.9161742925643921,0.394599586725235,0.3715896010398865,-0.024695925414562225,-1.0858348608016968,-0.07978453487157822,0.7197574377059937,0.40278857946395874
2.4695794582366943,0.1520693153142929,0.6382793188095093,-0.010818488895893097,0.0072064707055687904,-0.11168792098760605,-0.9936582446098328,-0.417656809091568,-0.06,-0.43622010946273804,0.8901633620262146,-0.12570254504680634,-0.47345903515815735,-0.45033544301986694,-0.22554345428943634,-0.018314441666007042,0.9080101847648621,0.1647496223449707,-0.4462120234966278,-0.7515597343444824,0.9382712841033936,0.3663472533226013,0.40291038155555725,-0.04483393207192421,-1.138116717338562,-0.060192402452230453,0.7098034620285034,0.35662269592285156
2.4701874256134033,0.1565304398536682,0.6463176608085632,-0.008090929128229618,0.006711828056722879,-0.11723364144563675,-0.9930486083030701,-0.39283981919288635,-0.06,-0.4324667453765869,0.8319597840309143,-0.1139058843255043,-0.44115474820137024,-0.40206027030944824,-0.23064947128295898,-0.05565463751554489,0.8321417570114136,0.16541340947151184,-0.41059181094169617,-0.7762869000434875,0.9559703469276428,0.34059765934944153,0.4273763597011566,-0.05969235673546791,-1.192966103553772,-0.03822872042655945,0.6984012722969055,0.3070742189884186
2.470207929611206,0.1609758734703064,0.654106855392456,-0.005615022033452988,0.0055236793123185635,-0.12227850407361984,-0.9924646019935608,-0.36869049072265625,-0.0556161142885685,-0.42881181836128235,0.7706198692321777,-0.10374286770820618,-0.40635889768600464,-0.36374711990356445,-0.235060915350914,-0.08982495218515396,0.766365110874176,0.1594606190919876,-0.36679238080978394,-0.7979909777641296,0.9701385498046875,0.3196931481361389,0.4459362328052521,-0.06852522492408752,-1.2467169761657715,-0.03,0.6847673654556274,0.2569775879383087
2.469773054122925,0.16501881182193756,0.6616292595863342,-0.0021519579458981752,0.004479486029595137,-0.12693800032138824,-0.9918981790542603,-0.3449822962284088,-0.04551851376891136,-0.42640289664268494,0.7086068391799927,-0.09464997053146362,-0.3709143102169037,-0.3435738980770111,-0.23706413805484772,-0.11707387119531631,0.7281287312507629,0.1412552148103714,-0.31331905722618103,-0.8173726797103882,0.9834723472595215,0.3045835494995117,0.45956799387931824,-0.0688084065914154,-1.294791579246521,-0.03,0.6669747233390808,0.21185925602912903
2.469120740890503,0.16845197975635529,0.6689846515655518,0.003130211727693677,0.00467116991057992,-0.13099636137485504,-0.9913668632507324,-0.31950119137763977,-0.02974970079958439,-0.42535167932510376,0.6465738415718079,-0.08818145841360092,-0.3360978066921234,-0.3390030860900879,-0.23461484909057617,-0.1346997618675232,0.718759298324585,0.11676833778619766,-0.24966982007026672,-0.8362252712249756,0.9998016357421875,0.2932843565940857,0.4683015048503876,-0.05956324189901352,-1.33512282371521,-0.03,0.6452282667160034,0.17547835409641266
2.4683945178985596,0.17123566567897797,0.675943911075592,0.009916559793055058,0.0061370208859443665,-0.13445371389389038,-0.990851104259491,-0.29281413555145264,-0.009074490517377853,-0.4248186945915222,0.5865969657897949,-0.08375897258520126,-0.3031933605670929,-0.35280555486679077,-0.22834737598896027,-0.13550500571727753,0.7395654916763306,0.09724454581737518,-0.17363625764846802,-0.8577119708061218,1.0218372344970703,0.28196778893470764,0.4733687937259674,-0.044814445078372955,-1.3675533533096313,-0.03,0.6203569173812866,0.1470595747232437
2.4673821926116943,0.1734217405319214,0.6818826198577881,0.01697145402431488,0.007445526774972677,-0.1355278044939041,-0.9906001091003418,-0.2696250379085541,0.01300275232642889,-0.421122670173645,0.5336310863494873,-0.08063451200723648,-0.27449098229408264,-0.39350536465644836,-0.21792498230934143,-0.10740090161561966,0.8158672451972961,0.08852996677160263,-0.08972812443971634,-0.8784559965133667,1.0488401651382446,0.27076154947280884,0.4786166846752167,-0.029431825503706932,-1.3892474174499512,-0.03,0.5901761054992676,0.11908655613660812
2.466036081314087,0.17515698075294495,0.6868014335632324,0.023673715069890022,0.0074508311226964,-0.1336284875869751,-0.9907206892967224,-0.2519207298755646,0.03441718965768814,-0.41300126910209656,0.4875631332397461,-0.07838767021894455,-0.24959014356136322,-0.4592619240283966,-0.2018900215625763,-0.051805853843688965,0.9445084929466248,0.09594056755304337,-0.048570629209280014,-0.895189106464386,1.07736074924469,0.2606314718723297,0.4853082597255707,-0.0160132497549057,-1.396347999572754,-0.03,0.5577515363693237,0.07757119834423065
2.4647841453552246,0.17695306241512299,0.6908014416694641,0.02985522523522377,0.006799689494073391,-0.1316060870885849,-0.9908290505409241,-0.2385852336883545,0.05277467146515846,-0.4054836332798004,0.44908007979393005,-0.07628058642148972,-0.22849005460739136,-0.5321460962295532,-0.18251290917396545,0.009964428842067719,1.0889489650726318,0.10413254052400589,-0.028866475448012352,-0.9094376564025879,1.1062911748886108,0.2504522204399109,0.4854605793952942,-0.012264816090464592,-1.3924493789672852,-0.03,0.5301700830459595,0.019875414669513702
2.463780164718628,0.1785886287689209,0.6938121914863586,0.035084981471300125,0.006904253736138344,-0.1306922733783722,-0.990777850151062,-0.2274618297815323,0.06732349097728729,-0.40072137117385864,0.4200248420238495,-0.07478807121515274,-0.21247655153274536,-0.5986130237579346,-0.1614392101764679,0.06972275674343109,1.2293113470077515,0.10454677790403366,-0.016986483708024025,-0.9311897158622742,1.1347651481628418,0.23288024961948395,0.47470128536224365,-0.014406727626919746,-1.3846300840377808,-0.03,0.4998296797275543,-0.027132000774145126
2.462933301925659,0.17991650104522705,0.6957679390907288,0.03984501212835312,0.0071733808144927025,-0.13078543543815613,-0.990583598613739,-0.2231382578611374,0.07812334597110748,-0.40049615502357483,0.40579861402511597,-0.07341726869344711,-0.2038564682006836,-0.6551609039306641,-0.1369086503982544,0.12882502377033234,1.3586069345474243,0.10150006413459778,-0.020985009148716927,-0.9599429368972778,1.1635159254074097,0.2098141759634018,0.45647096633911133,-0.0201579499989748,-1.3776763677597046,-0.03,0.4549289345741272,-0.07073549926280975
2.461979866027832,0.18086346983909607,0.6966928839683533,0.04424244537949562,0.00680906604975462,-0.1312393844127655,-0.9903395771980286,-0.22801050543785095,0.08532515913248062,-0.40469688177108765,0.4066072702407837,-0.07327698916196823,-0.2024349868297577,-0.7029191851615906,-0.1084507554769516,0.1899736523628235,1.4736521244049072,0.09810465574264526,-0.032831452786922455,-0.9923275113105774,1.1894375085830688,0.18478910624980927,0.4390973150730133,-0.02906438522040844,-1.3707029819488525,-0.03,0.39452335238456726,-0.11536257714033127
2.4607887268066406,0.18143463134765625,0.6967875361442566,0.048058465123176575,0.005707301199436188,-0.13117414712905884,-0.99017733335495,-0.2401023656129837,0.08941692113876343,-0.41066974401474,0.41842710971832275,-0.0739009901881218,-0.20617595314979553,-0.7438662648200989,-0.07722674310207367,0.2542308568954468,1.572770357131958,0.09529805183410645,-0.0456484779715538,-1.024480938911438,1.2079581022262573,0.16194939613342285,0.4266279637813568,-0.038512472063302994,-1.3606021404266357,-0.03,0.32842525839805603,-0.14999999999999997
2.459411382675171,0.18160699307918549,0.6964360475540161,0.051181044429540634,0.004196360241621733,-0.1305132359266281,-0.9901157021522522,-0.25496456027030945,0.09176594018936157,-0.41653257608413696,0.43404701352119446,-0.07510809600353241,-0.21162374317646027,-0.77744060754776,-0.045567892491817474,0.3196240961551666,1.655401587486267,0.0956447571516037,-0.06100880727171898,-1.0547834634780884,1.217054843902588,0.1437261551618576,0.4178190529346466,-0.04393817111849785,-1.3463194370269775,-0.03,0.26103925704956055,-0.14999999999999997
2.4578092098236084,0.18136171996593475,0.6958033442497253,0.053480591624975204,0.0022152033634483814,-0.12896870076656342,-0.9902029037475586,-0.2710148096084595,0.09288247674703598,-0.4208846986293793,0.45015719532966614,-0.0766855925321579,-0.21706970036029816,-0.8054879903793335,-0.01520233042538166,0.385295569896698,1.7241724729537964,0.10031675547361374,-0.07559863477945328,-1.0808160305023193,1.2170647382736206,0.13231800496578217,0.4101284146308899,-0.044175196439027786,-1.3299640417099,-0.03,0.19168733060359955,-0.14999999999999997
2.455904006958008,0.180659681558609,0.6948840618133545,0.05498381704092026,-0.000416907190810889,-0.12620513141155243,-0.990479052066803,-0.2886035144329071,0.09304503351449966,-0.4232572317123413,0.4665799140930176,-0.07897822558879852,-0.22241058945655823,-0.8306639790534973,0.01308307982981205,0.4498424828052521,1.7822908163070679,0.1086643636226654,-0.0861831083893776,-1.10048508644104,1.2093149423599243,0.12939907610416412,0.4024887979030609,-0.04053117334842682,-1.3135735988616943,-0.03,0.1207488626241684,-0.14999999999999997
2.4537601470947266,0.17945151031017303,0.6937465071678162,0.056006040424108505,-0.0034853965044021606,-0.1224595382809639,-0.990885853767395,-0.30743587017059326,0.09311192482709885,-0.4243008494377136,0.4833535850048065,-0.08207172900438309,-0.2277650386095047,-0.8527477383613586,0.038378678262233734,0.5099964737892151,1.8292529582977295,0.1203889399766922,-0.09019460529088974,-1.1140797138214111,1.1952977180480957,0.1334659457206726,0.39488160610198975,-0.03460853174328804,-1.2970097064971924,-0.03,0.05060472711920738,-0.14999999999999997
2.4515044689178467,0.1777542531490326,0.6924668550491333,0.056975122541189194,-0.006296114064753056,-0.1180274561047554,-0.9913543462753296,-0.326275497674942,0.0941874235868454,-0.4245753884315491,0.501088559627533,-0.0858689695596695,-0.23378053307533264,-0.8698651790618896,0.06,0.5630912780761719,1.8634874820709229,0.13551317155361176,-0.08761698007583618,-1.1233603954315186,1.177127480506897,0.14083334803581238,0.3868977129459381,-0.02722093090415001,-1.2825121879577637,-0.03,-0.015543263405561447,-0.14999999999999997
2.4492745399475098,0.17552943527698517,0.6910701394081116,0.058064866811037064,-0.008841674774885178,-0.11309023201465607,-0.9918471574783325,-0.3450242578983307,0.09674759954214096,-0.4247051179409027,0.5197039842605591,-0.09067077934741974,-0.24061565101146698,-0.881746768951416,0.06,0.6081419587135315,1.8843839168548584,0.15285606682300568,-0.08115258812904358,-1.1293576955795288,1.156984806060791,0.14887812733650208,0.3786832094192505,-0.018886085599660873,-1.2634429931640625,-0.03,-0.07498261332511902,-0.14999999999999997
2.4471380710601807,0.17288626730442047,0.6894266605377197,0.059058431535959244,-0.010981983505189419,-0.10783513635396957,-0.9923521876335144,-0.36365988850593567,0.09993080049753189,-0.42494717240333557,0.5403420925140381,-0.09624265879392624,-0.2489454299211502,-0.8875977396965027,0.06,0.6449746489524841,1.8907486200332642,0.1691611111164093,-0.07487363368272781,-1.133621335029602,1.137318730354309,0.15513679385185242,0.3707211911678314,-0.010799143463373184,-1.2412852048873901,-0.03,-0.126620352268219,-0.14999999999999997
2.445099353790283,0.16994121670722961,0.6874622702598572,0.05976208671927452,-0.012606026604771614,-0.10234420746564865,-0.9928721189498901,-0.3819010257720947,0.10309214890003204,-0.4252244234085083,0.5633281469345093,-0.10240886360406876,-0.2589448392391205,-0.886214017868042,0.06,0.6735978126525879,1.8796837329864502,0.18106026947498322,-0.07271073758602142,-1.137230396270752,1.1198015213012695,0.15826593339443207,0.36362016201019287,-0.004023266024887562,-1.2177811861038208,-0.03,-0.16947807371616364,-0.14999999999999997
2.443121910095215,0.16678231954574585,0.6852024793624878,0.06001141294836998,-0.01361027080565691,-0.09661676734685898,-0.993417501449585,-0.39897850155830383,0.10596967488527298,-0.4250463545322418,0.5877969861030579,-0.10893744230270386,-0.27012595534324646,-0.8761850595474243,0.06,0.6938638687133789,1.847322940826416,0.1858660727739334,-0.07832325249910355,-1.1404856443405151,1.1056745052337646,0.15845482051372528,0.3574088513851166,-8.334250014740974e-05,-1.193637490272522,-0.03,-0.20164375007152557,-0.14999999999999997
2.4411191940307617,0.16339673101902008,0.682807207107544,0.05950167030096054,-0.014157989993691444,-0.09040344506502151,-0.9940252304077148,-0.4137628972530365,0.10860612988471985,-0.4230738878250122,0.6109139323234558,-0.11574035882949829,-0.2809341847896576,-0.8582401871681213,0.06,0.7071866393089294,1.794743537902832,0.18383097648620605,-0.09276144206523895,-1.1425411701202393,1.0955089330673218,0.15724147856235504,0.35153472423553467,0.00010564264812273905,-1.169756531715393,-0.03,-0.22290216386318207,-0.14999999999999997
2.43906307220459,0.15964114665985107,0.6804912090301514,0.05802240967750549,-0.014448625966906548,-0.08350985497236252,-0.9947113394737244,-0.4251825213432312,0.11147180944681168,-0.41819125413894653,0.6296884417533875,-0.12280959635972977,-0.28982487320899963,-0.834571897983551,0.06,0.7149091958999634,1.7286529541015625,0.1775321513414383,-0.11348545551300049,-1.142316460609436,1.089819312095642,0.1558081954717636,0.3448030352592468,-0.002858272520825267,-1.14644455909729,-0.03,-0.23590199649333954,-0.14999999999999997
2.437011480331421,0.1553923338651657,0.6783010959625244,0.05559348687529564,-0.01445838250219822,-0.07612327486276627,-0.9954423308372498,-0.43302491307258606,0.11478905379772186,-0.410696804523468,0.6437785625457764,-0.13028645515441895,-0.2967223525047302,-0.8066551685333252,0.06,0.7156919836997986,1.6541980504989624,0.16893678903579712,-0.13626258075237274,-1.1393039226531982,1.089186191558838,0.1550465077161789,0.33580973744392395,-0.006903321016579866,-1.1226017475128174,-0.03,-0.2436986118555069,-0.14999999999999997
2.435033082962036,0.15062560141086578,0.6760734915733337,0.05223597213625908,-0.014060345478355885,-0.06840670108795166,-0.9961898326873779,-0.43787381052970886,0.11817893385887146,-0.40132421255111694,0.6551740765571594,-0.13834847509860992,-0.30275940895080566,-0.7751253247261047,0.06,0.7078993320465088,1.5735626220703125,0.15955320000648499,-0.15874046087265015,-1.1330331563949585,1.0932354927062988,0.15560784935951233,0.3236907422542572,-0.010037452913820744,-1.0971734523773193,-0.03,-0.24801839888095856,-0.14999999999999997
2.4331862926483154,0.1454125940799713,0.6736169457435608,0.04776638001203537,-0.013031123206019402,-0.06037583947181702,-0.9969469308853149,-0.43978434801101685,0.12087223678827286,-0.39005985856056213,0.6657059192657471,-0.1468890905380249,-0.30904003977775574,-0.739530086517334,0.06,0.6907941102981567,1.486056923866272,0.15181170403957367,-0.18249835073947906,-1.1228004693984985,1.1003644466400146,0.158094584941864,0.3069153428077698,-0.010847636498510838,-1.0696016550064087,-0.03,-0.2482548952102661,-0.14833928644657135
2.4315268993377686,0.1398974061012268,0.6708050966262817,0.04169938340783119,-0.01106522511690855,-0.051897335797548294,-0.9977200627326965,-0.4377290606498718,0.12176233530044556,-0.3757070004940033,0.6758825182914734,-0.155355304479599,-0.3161092698574066,-0.69869065284729,0.06,0.6634572148323059,1.3897126913070679,0.14640028774738312,-0.21172884106636047,-1.107438325881958,1.1081478595733643,0.16393671929836273,0.2825913429260254,-0.0076079899445176125,-1.0401533842086792,-0.03,-0.24057190120220184,-0.1260415017604828
2.4300243854522705,0.13419859111309052,0.6675145626068115,0.03340412303805351,-0.00816438440233469,-0.042654477059841156,-0.9984978437423706,-0.43131518363952637,0.11948104202747345,-0.35683900117874146,0.6857932806015015,-0.16330476105213165,-0.3239096999168396,-0.65275639295578,0.06,0.624703049659729,1.2851791381835938,0.14221803843975067,-0.2495906949043274,-1.085459589958191,1.1138745546340942,0.17537221312522888,0.2488420307636261,0.0023374147713184357,-1.0107834339141846,-0.03,-0.22175870835781097,-0.1094270870089531
2.4284610748291016,0.12836387753486633,0.6634050607681274,0.02252046763896942,-0.005128472112119198,-0.032521802932024,-0.9992040991783142,-0.4237443506717682,0.11245998740196228,-0.3343396782875061,0.6973070502281189,-0.17154377698898315,-0.33291977643966675,-0.6048559546470642,0.035863425582647324,0.5733093619346619,1.1740081310272217,0.14049485325813293,-0.2924647629261017,-1.0562584400177002,1.1153044700622559,0.1937439888715744,0.208049476146698,0.022010991349816322,-0.9850599765777588,-0.03,-0.1923348754644394,-0.0960029661655426
2.42667818069458,0.12224449962377548,0.6581764817237854,0.009189460426568985,-0.0027011351194232702,-0.02113906852900982,-0.9997305274009705,-0.41873347759246826,0.10084386169910431,-0.309233695268631,0.713241457939148,-0.18015727400779724,-0.34413373470306396,-0.559845507144928,-0.005822471342980862,0.511193573474884,1.0642852783203125,0.1476343721151352,-0.34303420782089233,-1.0194588899612427,1.111867904663086,0.21809831261634827,0.16509908437728882,0.05247924104332924,-0.9643716216087341,-0.03,-0.15316931903362274,-0.08341383188962936
2.4247705936431885,0.11549410223960876,0.6518728733062744,-0.005831265356391668,-0.0006993149872869253,-0.00794039573520422,-0.9999511241912842,-0.41579321026802063,0.08757629990577698,-0.2816116511821747,0.7334323525428772,-0.1900978684425354,-0.3582863211631775,-0.5177977681159973,-0.046861033886671066,0.44168800115585327,0.9558566212654114,0.16678421199321747,-0.3858286440372467,-0.9750104546546936,1.104995846748352,0.24629220366477966,0.12278611958026886,0.090355284512043,-0.946643590927124,-0.03,-0.10279466956853867,-0.07100242376327515
2.4226913452148438,0.10760422050952911,0.6448538899421692,-0.02144872397184372,0.0005699860048480332,0.0074173216708004475,-0.9997421503067017,-0.4147428870201111,0.07639141380786896,-0.252681165933609,0.7554371953010559,-0.20327775180339813,-0.37444940209388733,-0.4833349585533142,-0.07984977215528488,0.37784111499786377,0.863744854927063,0.1852782517671585,-0.4287697374820709,-0.9241799712181091,1.0947601795196533,0.2749220132827759,0.08566239476203918,0.1272186040878296,-0.9309473633766174,-0.03,-0.04264388233423233,-0.0611170157790184
2.4218854904174805,0.09826768189668655,0.6445356011390686,-0.027294069528579712,0.005819845478981733,0.014654984697699547,-0.9995030760765076,-0.3879442512989044,0.08666244149208069,-0.2416362315416336,0.7313114404678345,-0.21915967762470245,-0.364193856716156,-0.49110502004623413,-0.07019960880279541,0.37931299209594727,0.8920944929122925,0.15377329289913177,-0.43242147564888,-0.8875531554222107,1.0893621444702148,0.30282583832740784,0.05722483992576599,0.15750259160995483,-0.8955941796302795,-0.03,0.02219453826546669,-0.04769669100642204
2.4211435317993164,0.08908810466527939,0.6449982523918152,-0.032499540597200394,0.011322638019919395,0.015146121382713318,-0.99929279088974,-0.3561323285102844,0.0949288159608841,-0.23603026568889618,0.6922948360443115,-0.23245903849601746,-0.34905266761779785,-0.48491454124450684,-0.06602178514003754,0.37475892901420593,0.9048148393630981,0.14564797282218933,-0.43789181113243103,-0.85863196849823,1.075669527053833,0.3324258029460907,0.03743341937661171,0.1632886826992035,-0.8676686882972717,-0.03,0.09361565858125687,-0.04091199114918709
2.4202377796173096,0.08041637390851974,0.6453983783721924,-0.039458487182855606,0.015325401909649372,0.01221098005771637,-0.9990289807319641,-0.32949498295783997,0.09715684503316879,-0.23173318803310394,0.6521459817886353,-0.24,-0.32780852913856506,-0.4842998683452606,-0.06948994100093842,0.36418554186820984,0.9212534427642822,0.13120144605636597,-0.44516241550445557,-0.827307939529419,1.04762864112854,0.36396822333335876,0.024372722953557968,0.14373336732387543,-0.8511291742324829,-0.03,0.17006804049015045,-0.04278568923473358
2.4194698333740234,0.07246261835098267,0.6455591320991516,-0.04836588352918625,0.018837856128811836,0.007601964753121138,-0.9986230731010437,-0.30374598503112793,0.09332964569330215,-0.22618404030799866,0.610142707824707,-0.24,-0.3042933940887451,-0.4875144064426422,-0.08139429986476898,0.3464619517326355,0.9417585134506226,0.11617099493741989,-0.455130934715271,-0.788608193397522,1.0056887865066528,0.4041081964969635,0.015261346474289894,0.10988730937242508,-0.843415379524231,-0.03,0.25001755356788635,-0.04760600998997688
2.4189937114715576,0.06503519415855408,0.645211935043335,-0.058315739035606384,0.022048912942409515,0.0021828021854162216,-0.9980522990226746,-0.281710147857666,0.08548862487077713,-0.21901686489582062,0.573855996131897,-0.24,-0.2827446758747101,-0.4947350323200226,-0.1012563407421112,0.31921783089637756,0.9660835266113281,0.10199930518865585,-0.46718794107437134,-0.7420189380645752,0.9541614651679993,0.45258334279060364,0.010365273803472519,0.06886564940214157,-0.8421483635902405,-0.03,0.326303631067276,-0.05009118840098381
2.418757677078247,0.057382721453905106,0.6439522504806519,-0.06683457642793655,0.024741509929299355,-0.003731474746018648,-0.9974501132965088,-0.26933467388153076,0.08017971366643906,-0.21531440317630768,0.5533813238143921,-0.23051555454730988,-0.268647700548172,-0.5042757987976074,-0.1199602410197258,0.28502005338668823,0.9940659403800964,0.08431624621152878,-0.48166918754577637,-0.6907275915145874,0.8956354260444641,0.5041128993034363,0.007443875074386597,0.016514338552951813,-0.838437020778656,-0.06276412308216095,0.3944936692714691,-0.04722948744893074
2.4189505577087402,0.04901688173413277,0.6420974135398865,-0.07234691828489304,0.028127651661634445,-0.011493637226521969,-0.9969165325164795,-0.2660345435142517,0.0801391452550888,-0.22092853486537933,0.5510972738265991,-0.21351154148578644,-0.26630935072898865,-0.5066761374473572,-0.13091008365154266,0.2516673505306244,1.0199769735336304,0.06488558650016785,-0.49827268719673157,-0.6425132155418396,0.831555962562561,0.5544910430908203,0.0013501312350854278,-0.04642076790332794,-0.8263525366783142,-0.11928743124008179,0.4560961127281189,-0.03310340642929077
2.419637680053711,0.040262505412101746,0.6401191353797913,-0.07494516670703888,0.032593827694654465,-0.02310759387910366,-0.9963868856430054,-0.27436575293540955,0.0814269408583641,-0.24251770973205566,0.572030246257782,-0.19093526899814606,-0.2888735830783844,-0.49776145815849304,-0.13690878450870514,0.21701017022132874,1.0403351783752441,0.048438653349876404,-0.5159170031547546,-0.6046891212463379,0.7671605944633484,0.6025041341781616,-0.003137849736958742,-0.11568328738212585,-0.8060409426689148,-0.16249026358127594,0.5066335201263428,-0.015161256305873394
2.4203567504882812,0.03198191523551941,0.6381633281707764,-0.07615242153406143,0.03592000901699066,-0.03714911639690399,-0.9957561492919922,-0.30105161666870117,0.07711650431156158,-0.27342772483825684,0.6184820532798767,-0.166107177734375,-0.31239527463912964,-0.4880187511444092,-0.14413878321647644,0.17455565929412842,1.0565885305404663,0.029767049476504326,-0.532716691493988,-0.5744165778160095,0.7050987482070923,0.6483271718025208,0.0026217785198241472,-0.14999999999999997,-0.7840691208839417,-0.19272452592849731,0.5374121069908142,-0.005843304097652435
2.420797109603882,0.024406740441918373,0.6362324953079224,-0.07687877118587494,0.03661375865340233,-0.05071430653333664,-0.9950764179229736,-0.34587588906288147,0.06468073278665543,-0.30695652961730957,0.6864637136459351,-0.1479566991329193,-0.31967297196388245,-0.484832763671875,-0.15015123784542084,0.13567650318145752,1.0709328651428223,0.012949001975357533,-0.5469562411308289,-0.5446975231170654,0.643614649772644,0.6885133981704712,0.01868567056953907,-0.14999999999999997,-0.7644309401512146,-0.2148328274488449,0.5449048280715942,-0.010824737139046192
2.421323299407959,0.017630737274885178,0.6344176530838013,-0.07716068625450134,0.03635362908244133,-0.061775531619787216,-0.9944387078285217,-0.39539167284965515,0.047774363309144974,-0.33764898777008057,0.7664117217063904,-0.1389072686433792,-0.3270707130432129,-0.48416709899902344,-0.15363924205303192,0.10303075611591339,1.0831927061080933,-0.001897925976663828,-0.5589162111282349,-0.5121930837631226,0.5817773342132568,0.7179713249206543,0.03952954709529877,-0.14999999999999997,-0.7432728409767151,-0.23493798077106476,0.5342525839805603,-0.028562409803271294
2.4222211837768555,0.011731534264981747,0.63288414478302,-0.07696375995874405,0.036963608115911484,-0.06931966543197632,-0.9939340353012085,-0.43619635701179504,0.03179006651043892,-0.36060336232185364,0.8440988063812256,-0.13378730416297913,-0.32471728324890137,-0.48065418004989624,-0.15427139401435852,0.07610680907964706,1.0921891927719116,-0.01550606731325388,-0.5688470602035522,-0.47629648447036743,0.5176577568054199,0.7373809814453125,0.061214882880449295,-0.14999999999999997,-0.714844822883606,-0.2583266496658325,0.5121291279792786,-0.05247604846954346
2.423290729522705,0.0067276861518621445,0.6316849589347839,-0.07651465386152267,0.038317445665597916,-0.07266940176486969,-0.9936782121658325,-0.46302667260169983,0.020483793690800667,-0.37224045395851135,0.907753050327301,-0.12854018807411194,-0.29810506105422974,-0.4757058322429657,-0.1515246480703354,0.057129498571157455,1.0983383655548096,-0.027512911707162857,-0.576198160648346,-0.4353492259979248,0.44654381275177,0.7515241503715515,0.0809321403503418,-0.14999999999999997,-0.6763597726821899,-0.29046112298965454,0.4809471368789673,-0.07648442685604095
2.4242501258850098,0.002500046044588089,0.6308376789093018,-0.07592342048883438,0.039652761071920395,-0.0712507963180542,-0.9937738180160522,-0.4749927818775177,0.016030268743634224,-0.37059685587882996,0.9492050409317017,-0.12293537706136703,-0.2579004168510437,-0.47250044345855713,-0.14454476535320282,0.04843154549598694,1.1021324396133423,-0.03802536427974701,-0.5799422264099121,-0.38744789361953735,0.3671322166919708,0.7634872198104858,0.09822062402963638,-0.14999999999999997,-0.6278475522994995,-0.33206579089164734,0.44316166639328003,-0.09467919170856476
2.424976110458374,-0.001108385156840086,0.6302156448364258,-0.0750560536980629,0.0403452143073082,-0.06571882218122482,-0.9941930770874023,-0.4762999415397644,0.017348403111100197,-0.35822048783302307,0.9707666635513306,-0.11944586783647537,-0.2243248075246811,-0.47271019220352173,-0.133708193898201,0.0482783168554306,1.1041837930679321,-0.04886261001229286,-0.5802759528160095,-0.3334234058856964,0.28303489089012146,0.7751904726028442,0.11721207201480865,-0.14999999999999997,-0.5704113245010376,-0.3810215890407562,0.4024154245853424,-0.10624834150075912
2.425503730773926,-0.004143649712204933,0.6296244859695435,-0.07420849800109863,0.04021777957677841,-0.058102138340473175,-0.9947359561920166,-0.4739066958427429,0.024807648733258247,-0.34374189376831055,0.9775813817977905,-0.12480270117521286,-0.21049457788467407,-0.4765755236148834,-0.12103649228811264,0.054564230144023895,1.1065757274627686,-0.057728782296180725,-0.5791073441505432,-0.27662762999534607,0.1953924298286438,0.7867730855941772,0.13724660873413086,-0.14999999999999997,-0.5032484531402588,-0.4372790455818176,0.35802212357521057,-0.11623795330524445
2.4259331226348877,-0.0064936308190226555,0.6293337345123291,-0.07450786232948303,0.04000057652592659,-0.05110872536897659,-0.9951061606407166,-0.4689617156982422,0.03578244894742966,-0.33195221424102783,0.9751556515693665,-0.13359801471233368,-0.21149678528308868,-0.48059019446372986,-0.11193376034498215,0.06295160949230194,1.1087195873260498,-0.06418043375015259,-0.5778398513793945,-0.2214781790971756,0.10243580490350723,0.7935545444488525,0.15002678334712982,-0.14999999999999997,-0.4231523871421814,-0.5012332201004028,0.30607926845550537,-0.12723812460899353
2.4263877868652344,-0.008465694263577461,0.6296711564064026,-0.07593521475791931,0.04076927527785301,-0.046016573905944824,-0.9952155351638794,-0.45654425024986267,0.043389029800891876,-0.31945887207984924,0.9632430076599121,-0.13492566347122192,-0.21320661902427673,-0.47988083958625793,-0.10774209350347519,0.06902334839105606,1.108061671257019,-0.06881101429462433,-0.5764737725257874,-0.16989895701408386,0.0008800048963166773,0.7923147678375244,0.14715729653835297,-0.14999999999999997,-0.32865893840789795,-0.5687801241874695,0.24745354056358337,-0.1343839317560196
2.426731586456299,-0.01055067777633667,0.6307721138000488,-0.07767173647880554,0.04224797338247299,-0.04233715310692787,-0.9951832294464111,-0.44007495045661926,0.049927566200494766,-0.30689215660095215,0.9446638226509094,-0.13243600726127625,-0.21148362755775452,-0.4743903875350952,-0.1057916209101677,0.07155045866966248,1.1024366617202759,-0.07315745949745178,-0.5732376575469971,-0.12018593400716782,-0.11321831494569778,0.7821332216262817,0.1251939833164215,-0.14999999999999997,-0.2235771268606186,-0.6319064497947693,0.18909046053886414,-0.13126705586910248
2.4266903400421143,-0.013059405609965324,0.632468581199646,-0.07901245355606079,0.04317818954586983,-0.03975348547101021,-0.9951443672180176,-0.4271279573440552,0.056184373795986176,-0.2963106334209442,0.9256510138511658,-0.12391717731952667,-0.20375753939151764,-0.46792298555374146,-0.10360817611217499,0.07065360993146896,1.0919700860977173,-0.07848825305700302,-0.5670530796051025,-0.07119673490524292,-0.2387813776731491,0.7635804414749146,0.0899423360824585,-0.14999999999999997,-0.1144256442785263,-0.6838252544403076,0.13683642446994781,-0.11971010267734528
2.426259756088257,-0.015954023227095604,0.6345743536949158,-0.07971014082431793,0.04318390041589737,-0.03892730921506882,-0.9951211214065552,-0.42196643352508545,0.06048876792192459,-0.29297125339508057,0.9110267758369446,-0.1086961179971695,-0.18900568783283234,-0.46151089668273926,-0.10106253623962402,0.06563091278076172,1.0774707794189453,-0.08431284874677658,-0.5584048628807068,-0.02521597221493721,-0.3660453259944916,0.737612783908844,0.05492984503507614,-0.14999999999999997,-0.008183139376342297,-0.7217769622802734,0.0930963084101677,-0.10712673515081406
2.4256591796875,-0.01883019134402275,0.6370612978935242,-0.07970862090587616,0.04274168983101845,-0.03944193199276924,-0.995120108127594,-0.42479172348976135,0.06094446778297424,-0.3002792000770569,0.9048493504524231,-0.08590898662805557,-0.16754664480686188,-0.45374345779418945,-0.09815561771392822,0.0576031431555748,1.0589956045150757,-0.08966288715600967,-0.5477451086044312,0.01813197322189808,-0.48763903975486755,0.7042279839515686,0.025909030809998512,-0.14999999999999997,0.09203044325113297,-0.7463982701301575,0.05482564494013786,-0.1005275696516037
2.4249255657196045,-0.021188870072364807,0.640120267868042,-0.07943636924028397,0.04181070625782013,-0.039829086512327194,-0.9951658844947815,-0.43923965096473694,0.05532695725560188,-0.318596214056015,0.9232908487319946,-0.06633984297513962,-0.19686412811279297,-0.4452132284641266,-0.0949595719575882,0.05068448930978775,1.0360181331634521,-0.09366738051176071,-0.5342923998832703,0.0627887099981308,-0.6026976108551025,0.6615447998046875,0.0021877156104892492,-0.14999999999999997,0.18721725046634674,-0.7600330114364624,0.015632694587111473,-0.10303916782140732
2.42378830909729,-0.0227559395134449,0.6436048150062561,-0.07956889271736145,0.03931891545653343,-0.03925721347332001,-0.9952796697616577,-0.4702187478542328,0.042961236089468,-0.34535884857177734,0.9669468998908997,-0.05878371372818947,-0.24827899038791656,-0.44096532464027405,-0.09215333312749863,0.049025196582078934,1.0108834505081177,-0.09602972865104675,-0.5179299712181091,0.11201533675193787,-0.709356427192688,0.6087333559989929,-0.014156036078929901,-0.14999999999999997,0.28056663274765015,-0.7634716033935547,-0.03336445242166519,-0.11528073251247406
2.422292709350586,-0.02347162365913391,0.6471978425979614,-0.0804285854101181,0.03554917871952057,-0.03759149834513664,-0.9954165816307068,-0.5146230459213257,0.024900207296013832,-0.3751334249973297,1.0298031568527222,-0.06306897848844528,-0.2856607735157013,-0.44167274236679077,-0.09041895717382431,0.05361734703183174,0.9862995147705078,-0.09624335169792175,-0.5001633167266846,0.16676980257034302,-0.8056392669677734,0.5477848052978516,-0.02341504581272602,-0.14999999999999997,0.3791563808917999,-0.7568128108978271,-0.09650950878858566,-0.1333170086145401
2.4207041263580322,-0.02337956614792347,0.6509405374526978,-0.08187738806009293,0.031616587191820145,-0.03497646003961563,-0.9955264329910278,-0.565781831741333,0.0030386948492377996,-0.4034944176673889,1.106998085975647,-0.0743829756975174,-0.30607715249061584,-0.44340622425079346,-0.08994627743959427,0.0627846047282219,0.9614489078521729,-0.09406450390815735,-0.4815857708454132,0.22569133341312408,-0.8952054381370544,0.48213598132133484,-0.02832869067788124,-0.13952872157096863,0.4885517656803131,-0.7400954365730286,-0.16884033381938934,-0.14999999999999997
2.4191129207611084,-0.02260679565370083,0.6549066305160522,-0.08341628313064575,0.027377182617783546,-0.031237278133630753,-0.9956486225128174,-0.6235476136207581,-0.02079373598098755,-0.4293695092201233,1.1998491287231445,-0.08887333422899246,-0.3163236379623413,-0.4454117715358734,-0.08956106752157211,0.07548154890537262,0.9346882104873657,-0.09029711782932281,-0.46146243810653687,0.28708168864250183,-0.9803975224494934,0.4157223105430603,-0.027510344982147217,-0.11971041560173035,0.6046905517578125,-0.7105710506439209,-0.2390909045934677,-0.14999999999999997
2.4175949096679688,-0.02121756598353386,0.6589303016662598,-0.08500401675701141,0.022527821362018585,-0.026870867237448692,-0.99576336145401,-0.6874488592147827,-0.04617074131965637,-0.45243602991104126,1.304440975189209,-0.10253503173589706,-0.3194602131843567,-0.4485698342323303,-0.08959966152906418,0.09062311053276062,0.9069586992263794,-0.08535698056221008,-0.44059446454048157,0.3479991555213928,-1.0565893650054932,0.35254234075546265,-0.018120260909199715,-0.10916584730148315,0.7192091941833496,-0.6666595935821533,-0.2994380593299866,-0.14999999999999997
2.416379690170288,-0.01919412612915039,0.6626843214035034,-0.08709337562322617,0.017801558598876,-0.022681694477796555,-0.995782732963562,-0.752595841884613,-0.06,-0.4716181457042694,1.414345145225525,-0.11200606822967529,-0.3207128345966339,-0.452188104391098,-0.09198261052370071,0.10681483149528503,0.8815895915031433,-0.07912392914295197,-0.421741783618927,0.40646883845329285,-1.1186834573745728,0.2938535511493683,-0.0023309248499572277,-0.11533145606517792,0.826603889465332,-0.6077881455421448,-0.3497484624385834,-0.14999999999999997
2.4155852794647217,-0.01657915860414505,0.6658065319061279,-0.0899253636598587,0.013771538622677326,-0.01914706639945507,-0.9956690669059753,-0.8158351182937622,-0.06,-0.48703309893608093,1.5284414291381836,-0.11838129162788391,-0.3240572512149811,-0.4565059244632721,-0.09761025011539459,0.12329409271478653,0.8622483015060425,-0.07167785614728928,-0.4073893129825592,0.46244147419929504,-1.1648188829421997,0.23795054852962494,0.016049956902861595,-0.13744276762008667,0.9223117232322693,-0.5333188772201538,-0.39321982860565186,-0.14999999999999997
2.4151439666748047,-0.013543210923671722,0.668195366859436,-0.09332749992609024,0.010457685217261314,-0.016288820654153824,-0.9954472780227661,-0.8757301568984985,-0.06,-0.4997757375240326,1.6438806056976318,-0.12455149739980698,-0.32768714427948,-0.4620538651943207,-0.105733223259449,0.1398102343082428,0.8497532606124878,-0.06336565315723419,-0.3977682590484619,0.5166177749633789,-1.1956349611282349,0.18314170837402344,0.03421086445450783,-0.14999999999999997,1.0041916370391846,-0.44481563568115234,-0.4316648244857788,-0.14999999999999997
2.414879322052002,-0.01031133159995079,0.6699860095977783,-0.09690415859222412,0.007570031099021435,-0.013566230423748493,-0.995172381401062,-0.9312852025032043,-0.06,-0.5108389258384705,1.7543553113937378,-0.13168932497501373,-0.3297976851463318,-0.46906211972236633,-0.11454085260629654,0.15681448578834534,0.8423123359680176,-0.05473721772432327,-0.3912784457206726,0.5697002410888672,-1.2128372192382812,0.12985946238040924,0.04999968409538269,-0.14999999999999997,1.072379469871521,-0.3477862775325775,-0.4626864194869995,-0.14999999999999997
2.4146087169647217,-0.007031233515590429,0.6713680624961853,-0.10033993422985077,0.00479596434161067,-0.010745808482170105,-0.9948835372924805,-0.9822246432304382,-0.06,-0.5214962959289551,1.855656385421753,-0.13956505060195923,-0.3304876685142517,-0.4774734675884247,-0.12284159660339355,0.17427273094654083,0.837688148021698,-0.0461554117500782,-0.3862244784832001,0.6205487847328186,-1.2176313400268555,0.08052647113800049,0.06427516788244247,-0.14999999999999997,1.1285665035247803,-0.25155144929885864,-0.48602551221847534,-0.14999999999999997
2.4142637252807617,-0.0037493533454835415,0.6725220680236816,-0.10354246944189072,0.002230207435786724,-0.008272954262793064,-0.9945881366729736,-1.027590036392212,-0.06,-0.5326892137527466,1.9466533660888672,-0.1472458690404892,-0.3296286165714264,-0.48606255650520325,-0.13090142607688904,0.1908467710018158,0.8342255353927612,-0.037756357342004776,-0.38192662596702576,0.6660595536231995,-1.2100460529327393,0.037833210080862045,0.07916539162397385,-0.14999999999999997,1.1745681762695312,-0.16551363468170166,-0.5051474571228027,-0.14999999999999997
2.413900375366211,-0.00047080498188734055,0.6735893487930298,-0.10652552545070648,0.00025240538525395095,-0.006609663832932711,-0.99428790807724,-1.066131591796875,-0.06,-0.5439636707305908,2.0276505947113037,-0.1528254896402359,-0.32747146487236023,-0.4929641783237457,-0.13944964110851288,0.20514844357967377,0.830830454826355,-0.029369600117206573,-0.3781476318836212,0.7033122777938843,-1.1900014877319336,0.03,0.09485486149787903,-0.14999999999999997,1.21152663230896,-0.09557504206895828,-0.5236430168151855,-0.14999999999999997
2.413592576980591,0.0027895597741007805,0.6747175455093384,-0.10926397889852524,-0.0009081598254851997,-0.005952560808509588,-0.9939943552017212,-1.0976132154464722,-0.06,-0.553790807723999,2.097728729248047,-0.15435558557510376,-0.32442599534988403,-0.49664726853370667,-0.14890925586223602,0.2161708027124405,0.8262837529182434,-0.021089427173137665,-0.3746170103549957,0.7303020358085632,-1.1577348709106445,0.03,0.10960602015256882,-0.14999999999999997,1.2398202419281006,-0.04453581944108009,-0.5437067747116089,-0.14999999999999997
2.413362503051758,0.006003901362419128,0.6760397553443909,-0.11163280159235,-0.0012078958097845316,-0.006261564325541258,-0.9937289357185364,-1.1225665807724,-0.06,-0.5612552165985107,2.1543028354644775,-0.15261951088905334,-0.3196682929992676,-0.49610665440559387,-0.1591683328151703,0.22334499657154083,0.819236695766449,-0.013049724511802197,-0.37071484327316284,0.7461050152778625,-1.11455500125885,0.03,0.12220794707536697,-0.14999999999999997,1.259668231010437,-0.03,-0.5646742582321167,-0.14999999999999997
2.4131624698638916,0.00908695813268423,0.677521288394928,-0.11312593519687653,-0.0008656964637339115,-0.007136663421988487,-0.9935545921325684,-1.1423479318618774,-0.06,-0.5683003067970276,2.1599999999999997,-0.15009881556034088,-0.314217209815979,-0.4914550483226776,-0.1686621457338333,0.22651229798793793,0.8090196251869202,-0.005794035270810127,-0.36583179235458374,0.7525001168251038,-1.065887689590454,0.03,0.13132420182228088,-0.14999999999999997,1.2720513343811035,-0.03,-0.5822248458862305,-0.14999999999999997
2.4130136966705322,0.01196400448679924,0.6789498329162598,-0.11344015598297119,0.00011679987073875964,-0.008458363823592663,-0.9935087561607361,-1.1566206216812134,-0.06,-0.5761538147926331,2.1599999999999997,-0.14712117612361908,-0.30745965242385864,-0.4831675589084625,-0.1763625144958496,0.22555211186408997,0.7969484329223633,0.0003744685964193195,-0.3605506420135498,0.7517598271369934,-1.0183241367340088,0.03,0.1375773698091507,-0.14999999999999997,1.2788357734680176,-0.03,-0.5915014147758484,-0.14999999999999997
2.413048267364502,0.014620261266827583,0.6801092624664307,-0.11266660690307617,0.002190557774156332,-0.0104633504524827,-0.9935753345489502,-1.1626352071762085,-0.06,-0.5831775665283203,2.1599999999999997,-0.14370709657669067,-0.30043694376945496,-0.4708753526210785,-0.1825612485408783,0.2200774997472763,0.7852456569671631,0.0054985652677714825,-0.3564927577972412,0.7450901865959167,-0.9759347438812256,0.03,0.14237847924232483,-0.14999999999999997,1.28158438205719,-0.03,-0.5887191295623779,-0.14999999999999997
2.413285970687866,0.017036378383636475,0.6809157133102417,-0.1107211634516716,0.005383590701967478,-0.012870016507804394,-0.9937534928321838,-1.1588445901870728,-0.06,-0.5870206356048584,2.1599999999999997,-0.14079084992408752,-0.296369731426239,-0.45486655831336975,-0.18660292029380798,0.21068210899829865,0.774514377117157,0.00955110788345337,-0.35389444231987,0.7345076203346252,-0.941163182258606,0.03,0.14590194821357727,-0.14999999999999997,1.2802016735076904,-0.05052570253610611,-0.5731119513511658,-0.14999999999999997
2.4136810302734375,0.01926269754767418,0.6814471483230591,-0.1075419932603836,0.009615511633455753,-0.01547769270837307,-0.9940335154533386,-1.1446880102157593,-0.06,-0.5860480666160583,2.143805742263794,-0.139783576130867,-0.2965501546859741,-0.43508753180503845,-0.1881355196237564,0.19781404733657837,0.7638545036315918,0.01261888723820448,-0.35205182433128357,0.7212565541267395,-0.9133024215698242,0.03,0.14748452603816986,-0.11219944804906845,1.2742040157318115,-0.08159171044826508,-0.5460211038589478,-0.14999999999999997
2.4142374992370605,0.021429352462291718,0.6818616986274719,-0.1031985878944397,0.015090388245880604,-0.01842382363975048,-0.9943755865097046,-1.1189032793045044,-0.06,-0.5801527500152588,2.0777316093444824,-0.14252083003520966,-0.2997826635837555,-0.410248339176178,-0.18765518069267273,0.18108510971069336,0.7517348527908325,0.015055034309625626,-0.35034117102622986,0.7048330903053284,-0.8895574808120728,0.03,0.14647658169269562,-0.044607970863580704,1.2626432180404663,-0.11681072413921356,-0.5096868872642517,-0.14999999999999997
2.4148919582366943,0.02364521287381649,0.6822073459625244,-0.09763326495885849,0.021720388904213905,-0.021963942795991898,-0.9947428703308105,-1.0810775756835938,-0.06,-0.5707570910453796,2.0001676082611084,-0.14950068295001984,-0.30076971650123596,-0.3801991939544678,-0.18518081307411194,0.1601557433605194,0.7372681498527527,0.017066655680537224,-0.3482659161090851,0.683586835861206,-0.8687671422958374,0.03,0.14125888049602509,0.024197038263082504,1.2430415153503418,-0.1562965214252472,-0.4659472703933716,-0.14999999999999997
2.415539026260376,0.026009589433670044,0.6824365258216858,-0.09090631455183029,0.02905511111021042,-0.02645028755068779,-0.9950839281082153,-1.032143473625183,-0.06,-0.5583921670913696,1.9163926839828491,-0.1580049693584442,-0.29671403765678406,-0.3464089632034302,-0.18078678846359253,0.1352696716785431,0.7206366062164307,0.018904909491539,-0.3456866145133972,0.6552059054374695,-0.8508114218711853,0.03,0.1308014690876007,0.09911702573299408,1.213271141052246,-0.19980496168136597,-0.4155631959438324,-0.14999999999999997
2.4161133766174316,0.028645053505897522,0.6825157403945923,-0.08338674902915955,0.036579031497240067,-0.031963083893060684,-0.9953325390815735,-0.9728400707244873,-0.06,-0.5421998500823975,1.8270119428634644,-0.1649651676416397,-0.2892821431159973,-0.3109738230705261,-0.17504680156707764,0.10774228721857071,0.7025880813598633,0.021041834726929665,-0.3426918089389801,0.6178840398788452,-0.8342194557189941,0.03,0.11655616760253906,0.18226668238639832,1.1728215217590332,-0.24631516635417938,-0.3594253957271576,-0.14999999999999997
2.416621208190918,0.03168002516031265,0.6824370622634888,-0.07548768818378448,0.04388934746384621,-0.03787589073181152,-0.9954599738121033,-0.9034294486045837,-0.06,-0.5217185020446777,1.7299782037734985,-0.17098505795001984,-0.2822851240634918,-0.2759391963481903,-0.16834613680839539,0.08015699684619904,0.6839382648468018,0.023909317329525948,-0.3392982482910156,0.572201132774353,-0.8167127370834351,0.03,0.10066576302051544,0.2733037769794464,1.122259259223938,-0.2937720715999603,-0.29759711027145386,-0.14999999999999997
2.417055606842041,0.03522181138396263,0.6821416020393372,-0.06741735339164734,0.0504947155714035,-0.04363337904214859,-0.9954904913902283,-0.8257105350494385,-0.06,-0.49769166111946106,1.624403476715088,-0.17845134437084198,-0.27800452709198,-0.2436319887638092,-0.16088026762008667,0.05476665869355202,0.6658850312232971,0.027749719098210335,-0.33572983741760254,0.5195806622505188,-0.7956482172012329,0.05303870886564255,0.08500396460294724,0.3692777454853058,1.061742901802063,-0.34016987681388855,-0.2296239286661148,-0.13363194465637207
2.417362928390503,0.03930449113249779,0.6814771890640259,-0.059128161519765854,0.055682066828012466,-0.04929742217063904,-0.995476245880127,-0.7438105940818787,-0.06,-0.47165295481681824,1.5113956928253174,-0.1881980001926422,-0.27913084626197815,-0.2169254869222641,-0.1527615785598755,0.0324178971350193,0.650342583656311,0.03256893530488014,-0.33269214630126953,0.46086016297340393,-0.7683228850364685,0.09302982687950134,0.07168306410312653,0.46497753262519836,0.9905652403831482,-0.3829557001590729,-0.15529929101467133,-0.08964580297470093
2.4175994396209717,0.04386796057224274,0.6803072690963745,-0.050482966005802155,0.05929655581712723,-0.05496012419462204,-0.9954469799995422,-0.6595636010169983,-0.04586518183350563,-0.44353795051574707,1.3884789943695068,-0.19843028485774994,-0.28804653882980347,-0.19678588211536407,-0.1439143717288971,0.013135276734828949,0.6388704776763916,0.03828855976462364,-0.33101963996887207,0.3971491754055023,-0.7322520613670349,0.1388223022222519,0.06200147792696953,0.5590179562568665,0.9091561436653137,-0.4193968176841736,-0.07558701932430267,-0.03788232058286667
2.4179139137268066,0.048827316612005234,0.6784582734107971,-0.04122887924313545,0.06168017536401749,-0.060606639832258224,-0.995400607585907,-0.5731719732284546,-0.022555440664291382,-0.4139788746833801,1.2516002655029297,-0.2094908505678177,-0.3023653030395508,-0.1827472597360611,-0.13390548527240753,-0.0034228230360895395,0.6329513192176819,0.04477258771657944,-0.3319317102432251,0.33015915751457214,-0.684939444065094,0.18846052885055542,0.05612650886178017,0.6510339975357056,0.8198990821838379,-0.44739586114883423,0.0054680779576301575,0.02143212966620922
2.418365955352783,0.05417171120643616,0.6756296753883362,-0.031140320003032684,0.06303925812244415,-0.06622485816478729,-0.9953243136405945,-0.48625674843788147,0.0038419102784246206,-0.3850989043712616,1.0996978282928467,-0.22311195731163025,-0.31611332297325134,-0.17561493813991547,-0.12245777994394302,-0.017030019313097,0.6354474425315857,0.05196850374341011,-0.3370845913887024,0.2621975243091583,-0.6248641610145569,0.23790350556373596,0.05479046702384949,0.7380360960960388,0.7260154485702515,-0.4657520651817322,0.08101139217615128,0.08734985440969467
2.4188249111175537,0.05996805801987648,0.6715031266212463,-0.020004311576485634,0.06316934525966644,-0.07227710634469986,-0.9951810836791992,-0.4044935703277588,0.029742639511823654,-0.3603662848472595,0.9417582750320435,-0.2388845682144165,-0.317087322473526,-0.17719168961048126,-0.10974106937646866,-0.028041014447808266,0.6490939855575562,0.0600225105881691,-0.3478285074234009,0.1955072432756424,-0.5568892359733582,0.2806311845779419,0.05677003785967827,0.8203915357589722,0.6302687525749207,-0.47293519973754883,0.14645153284072876,0.16324032843112946
2.4192898273468018,0.06619846075773239,0.6660417914390564,-0.007327363360673189,0.06238448992371559,-0.07913912087678909,-0.9948825240135193,-0.33372756838798523,0.05252910777926445,-0.3412819802761078,0.7948920726776123,-0.24,-0.3016168177127838,-0.18537384271621704,-0.09503309428691864,-0.038369495421648026,0.672061562538147,0.06886779516935349,-0.3635350167751312,0.13297909498214722,-0.4887830317020416,0.3117354214191437,0.05673091113567352,0.8962324857711792,0.5374395251274109,-0.4665534496307373,0.19898056983947754,0.2529729902744293
2.419832706451416,0.07269393652677536,0.6613680720329285,0.004744664765894413,0.06142038851976395,-0.08411845564842224,-0.9945496916770935,-0.2916145324707031,0.07356562465429306,-0.3269493579864502,0.711090624332428,-0.2251702845096588,-0.3350887596607208,-0.19342690706253052,-0.08118122071027756,-0.0447654202580452,0.6915035843849182,0.07629024982452393,-0.3758391737937927,0.08343604952096939,-0.4246652126312256,0.32717931270599365,0.05377187579870224,0.9650974869728088,0.45345112681388855,-0.4465128481388092,0.2337864637374878,0.3554869592189789
2.4208624362945557,0.07815622538328171,0.6623769402503967,0.010153833776712418,0.06188890337944031,-0.08282029628753662,-0.9945890307426453,-0.2853739559650421,0.08245640993118286,-0.298121839761734,0.7043030858039856,-0.15152309834957123,-0.3300437927246094,-0.1847839206457138,-0.07459256798028946,-0.04607342556118965,0.671937108039856,0.07049920409917831,-0.3742057681083679,0.05686793103814125,-0.36584678292274475,0.32379648089408875,0.04792802780866623,1.0360488891601562,0.38206949830055237,-0.4172027111053467,0.2552244961261749,0.46192073822021484
2.4216551780700684,0.08229587227106094,0.6660547852516174,0.012744832783937454,0.06142648309469223,-0.0798986628651619,-0.9948268532752991,-0.269022673368454,0.0880100280046463,-0.28161925077438354,0.6776342988014221,-0.14196234941482544,-0.3191488981246948,-0.17601114511489868,-0.06939661502838135,-0.04599880054593086,0.6439518928527832,0.06433366984128952,-0.3729555904865265,0.04045452922582626,-0.32234203815460205,0.3116019666194916,0.03689572587609291,1.1062437295913696,0.319369375705719,-0.3839843273162842,0.2791953384876251,0.5647953748703003
2.4221224784851074,0.08486461639404297,0.6710838079452515,0.014167359098792076,0.05919620767235756,-0.07628744095563889,-0.995226263999939,-0.2462790459394455,0.0957431048154831,-0.2596527338027954,0.6290996074676514,-0.13281968235969543,-0.2960263788700104,-0.17333491146564484,-0.06128866225481033,-0.04591410234570503,0.617510974407196,0.0600857213139534,-0.36498332023620605,0.02971448190510273,-0.29126355051994324,0.2975776493549347,0.02201167494058609,1.1698462963104248,0.26447802782058716,-0.348258912563324,0.31206580996513367,0.6687367558479309
2.422247886657715,0.08623038977384567,0.6761955618858337,0.01470251102000475,0.055048923939466476,-0.07216718047857285,-0.9957635402679443,-0.22384977340698242,0.10323353856801987,-0.23713482916355133,0.571500837802887,-0.12722638249397278,-0.2673417329788208,-0.17517177760601044,-0.050839073956012726,-0.046219103038311005,0.5899415016174316,0.056294795125722885,-0.34406375885009766,0.023420512676239014,-0.266702800989151,0.2833549678325653,0.009790671989321709,1.22348153591156,0.21894106268882751,-0.3133837878704071,0.35319793224334717,0.7706124186515808
2.4221746921539307,0.08697343617677689,0.6804944276809692,0.013655189424753189,0.04974326491355896,-0.06626538187265396,-0.996467649936676,-0.20248930156230927,0.10799276828765869,-0.2110023945569992,0.5130062699317932,-0.12285714596509933,-0.23817552626132965,-0.1766916811466217,-0.04113039746880531,-0.04427848011255264,0.5568428635597229,0.055486079305410385,-0.3180493116378784,0.024403881281614304,-0.2474014163017273,0.2686549425125122,-0.0009391125640831888,1.2743281126022339,0.18353037536144257,-0.28340858221054077,0.39853590726852417,0.8622896075248718
2.4218058586120605,0.0873572826385498,0.6833463311195374,0.010985267348587513,0.04299766197800636,-0.05888383463025093,-0.9972778558731079,-0.18819448351860046,0.10814306139945984,-0.18440382182598114,0.4631901681423187,-0.11917933076620102,-0.21304860711097717,-0.1777457892894745,-0.033532969653606415,-0.04226965457201004,0.5209501385688782,0.05366714298725128,-0.29666393995285034,0.03203609213232994,-0.23223336040973663,0.2541913688182831,-0.013110054656863213,1.3184486627578735,0.1530408263206482,-0.2565302550792694,0.4427014887332916,0.9471595287322998
2.421271562576294,0.08735016733407974,0.6846893429756165,0.007038457784801722,0.03541554510593414,-0.051078345626592636,-0.9980416297912598,-0.18292975425720215,0.10407871007919312,-0.1609070897102356,0.4272897243499756,-0.11643670499324799,-0.1946515142917633,-0.17479437589645386,-0.026824772357940674,-0.044030509889125824,0.48113003373146057,0.04418466240167618,-0.274207204580307,0.04309305176138878,-0.2174769788980484,0.2415916919708252,-0.02440795488655567,1.3529590368270874,0.12594306468963623,-0.23030586540699005,0.4814854562282562,1.0255638360977173
2.421008586883545,0.08675684034824371,0.6850696802139282,0.0025909682735800743,0.028724536299705505,-0.044419944286346436,-0.9985965490341187,-0.1815270185470581,0.09839466214179993,-0.1424303501844406,0.4024115204811096,-0.11528971046209335,-0.1821007877588272,-0.16696232557296753,-0.02349982038140297,-0.04859721288084984,0.4400572180747986,0.021293239668011665,-0.22725695371627808,0.052537962794303894,-0.2013491541147232,0.23219190537929535,-0.03396470844745636,1.3845964670181274,0.10474132746458054,-0.20336996018886566,0.5131728649139404,1.0930399894714355
2.4216248989105225,0.08507876098155975,0.6859885454177856,0.001631369348615408,0.025021856650710106,-0.04145627096295357,-0.9988254904747009,-0.17592020332813263,0.10126835107803345,-0.13331671059131622,0.3797432482242584,-0.11784930527210236,-0.1712120771408081,-0.16497310996055603,-0.020454242825508118,-0.04768436402082443,0.4188770055770874,0.010037821717560291,-0.20879673957824707,0.05368388444185257,-0.18424060940742493,0.22881226241588593,-0.04194153472781181,1.4190571308135986,0.09121227264404297,-0.1708209067583084,0.5371735095977783,1.1499805450439453
2.422760009765625,0.0828680619597435,0.6866737008094788,0.002610833151265979,0.023759571835398674,-0.04160496965050697,-0.9988480806350708,-0.17008014023303986,0.10810430347919464,-0.13224689662456512,0.36505740880966187,-0.12136413156986237,-0.16568927466869354,-0.15836091339588165,-0.014136922545731068,-0.05192829668521881,0.40398281812667847,0.005696997046470642,-0.20289774239063263,0.04812909662723541,-0.16661617159843445,0.2264896035194397,-0.04748917371034622,1.453051209449768,0.0808296874165535,-0.13834291696548462,0.5541884899139404,1.2005784511566162
2.4238266944885254,0.08081524819135666,0.6870837211608887,0.003610073821619153,0.022931907325983047,-0.04348883777856827,-0.9987841248512268,-0.1677267849445343,0.11373045295476913,-0.13621769845485687,0.3565729856491089,-0.1253620684146881,-0.16218040883541107,-0.15186430513858795,-0.008721436373889446,-0.05935639888048172,0.3926584720611572,0.0016688432078808546,-0.19961680471897125,0.041430216282606125,-0.15112708508968353,0.22070662677288055,-0.05015499144792557,1.46,0.061624567955732346,-0.12768064439296722,0.5516474843025208,1.2465204000473022
2.424767255783081,0.07856054604053497,0.6872653961181641,0.005015523172914982,0.022113516926765442,-0.046153709292411804,-0.9986768364906311,-0.16919253766536713,0.11993960291147232,-0.14368899166584015,0.35351040959358215,-0.12997569143772125,-0.16084125638008118,-0.14623071253299713,-0.002303571905940771,-0.06825629621744156,0.3831331729888916,-0.0027753254398703575,-0.19740524888038635,0.036218851804733276,-0.13979516923427582,0.21282193064689636,-0.0498783104121685,1.46,0.03793409839272499,-0.11569997668266296,0.5411626100540161,1.2944941520690918
2.4255847930908203,0.07627835124731064,0.6873397827148438,0.006529854144901037,0.021191781386733055,-0.049008145928382874,-0.998552143573761,-0.17251995205879211,0.12616269290447235,-0.1523776799440384,0.35258251428604126,-0.13470865786075592,-0.1602756232023239,-0.14159025251865387,0.004374168813228607,-0.07720592617988586,0.374610960483551,-0.007181180641055107,-0.1955755203962326,0.034258417785167694,-0.13152346014976501,0.20237547159194946,-0.045011717826128006,1.46,0.012299657799303532,-0.1058465763926506,0.5220181345939636,1.335211992263794
2.4263722896575928,0.07411031424999237,0.6873578429222107,0.007870353758335114,0.020378556102514267,-0.05211902782320976,-0.9984018206596375,-0.17605352401733398,0.13166728615760803,-0.1615365594625473,0.3520951569080353,-0.13918644189834595,-0.15978124737739563,-0.1374073326587677,0.010402224957942963,-0.08630368858575821,0.36748242378234863,-0.011289677582681179,-0.1945413202047348,0.0344385951757431,-0.12595568597316742,0.18988443911075592,-0.034469638019800186,1.46,-0.014355495572090149,-0.09970272332429886,0.49647748470306396,1.3652805089950562
2.42714786529541,0.07212959975004196,0.6872507929801941,0.009064437821507454,0.019666513428092003,-0.05536522716283798,-0.9982312321662903,-0.1805415153503418,0.136300727725029,-0.17123039066791534,0.3537222146987915,-0.14334452152252197,-0.16033720970153809,-0.1343928724527359,0.015686538070440292,-0.0951627790927887,0.36311542987823486,-0.01506082434207201,-0.1949545443058014,0.035752858966588974,-0.12156917154788971,0.1768491417169571,-0.019042277708649635,1.46,-0.0437060110270977,-0.09818533807992935,0.4657829999923706,1.3851872682571411
2.427875518798828,0.07030992954969406,0.6869847178459167,0.010349572636187077,0.01888265833258629,-0.058427248150110245,-0.9980593323707581,-0.18719680607318878,0.140557661652565,-0.18129152059555054,0.35914090275764465,-0.14735887944698334,-0.16276149451732635,-0.13306131958961487,0.020867090672254562,-0.1031537801027298,0.3613162934780121,-0.018545564264059067,-0.19649063050746918,0.03815794363617897,-0.11787435412406921,0.16517941653728485,-0.003454729216173291,1.46,-0.07793989777565002,-0.10047686845064163,0.4310571551322937,1.396409511566162
2.4285271167755127,0.06863432377576828,0.6865828037261963,0.011737660504877567,0.017957085743546486,-0.06102720648050308,-0.997905433177948,-0.19571641087532043,0.144581601023674,-0.1912405788898468,0.36770904064178467,-0.15111421048641205,-0.16683335602283478,-0.1335362195968628,0.02606108784675598,-0.10975689440965652,0.3617066740989685,-0.02184268832206726,-0.19876813888549805,0.04171692207455635,-0.11479661613702774,0.15618017315864563,0.00737470667809248,1.46,-0.11929686367511749,-0.10503406822681427,0.3939977288246155,1.402255892753601
2.42913818359375,0.06715326011180878,0.6860976219177246,0.012956985272467136,0.017095064744353294,-0.06300248950719833,-0.9977827072143555,-0.2042279839515686,0.14798083901405334,-0.19995315372943878,0.3774080276489258,-0.15445946156978607,-0.17169420421123505,-0.13541945815086365,0.030594352632761,-0.11465968191623688,0.36456170678138733,-0.024760086089372635,-0.20197397470474243,0.046121176332235336,-0.11130258440971375,0.15008406341075897,0.012167206034064293,1.46,-0.16850897669792175,-0.11076031625270844,0.35685470700263977,1.4053335189819336
2.4297573566436768,0.06592349708080292,0.6855811476707458,0.013746660202741623,0.01652182638645172,-0.06418430805206299,-0.9977064728736877,-0.21088320016860962,0.15042077004909515,-0.20637965202331543,0.38648170232772827,-0.1572647988796234,-0.17669440805912018,-0.13815318048000336,0.03384136036038399,-0.11754366755485535,0.3699916899204254,-0.027157681062817574,-0.20625105500221252,0.05106464400887489,-0.10627428442239761,0.1464906483888626,0.012417948804795742,1.46,-0.22474582493305206,-0.11695723980665207,0.3218564987182617,1.4052468538284302
2.4304027557373047,0.06495533883571625,0.6850692629814148,0.014059692621231079,0.01628253050148487,-0.06443511694669724,-0.9976899027824402,-0.21497443318367004,0.1519775539636612,-0.21011124551296234,0.3941496014595032,-0.1594429314136505,-0.18162250518798828,-0.1414131075143814,0.0357573926448822,-0.11819621920585632,0.37756797671318054,-0.029019050300121307,-0.21133893728256226,0.056277085095644,-0.09950662404298782,0.14463742077350616,0.010698575526475906,1.4459335803985596,-0.2865930199623108,-0.12295138835906982,0.2910315990447998,1.3981542587280273
2.4310553073883057,0.06420952826738358,0.684578001499176,0.013990392908453941,0.01621292531490326,-0.06394662708044052,-0.9977233409881592,-0.21723340451717377,0.15281611680984497,-0.21136459708213806,0.4006496071815491,-0.16104096174240112,-0.1863086074590683,-0.14512315392494202,0.0366104356944561,-0.11705348640680313,0.3864348232746124,-0.030439922586083412,-0.21682484447956085,0.06116263195872307,-0.09164521098136902,0.14374451339244843,0.00929492712020874,1.4318606853485107,-0.352541446685791,-0.12760458886623383,0.26575902104377747,1.3808408975601196
2.431680202484131,0.06363185495138168,0.6840939521789551,0.013666495680809021,0.01605072058737278,-0.06325525790452957,-0.9977747201919556,-0.2190687507390976,0.15294331312179565,-0.21171267330646515,0.4064088761806488,-0.16224192082881927,-0.19063475728034973,-0.1496049463748932,0.036615513265132904,-0.11515163630247116,0.3962480425834656,-0.03149976581335068,-0.22259587049484253,0.0648723915219307,-0.08362491428852081,0.1435742974281311,0.009589380584657192,1.4178557395935059,-0.42116278409957886,-0.12962031364440918,0.24586890637874603,1.3532748222351074
2.432263135910034,0.0631740465760231,0.6836190223693848,0.013109262101352215,0.015653397887945175,-0.06286721676588058,-0.9978129267692566,-0.22120729088783264,0.15221285820007324,-0.21236634254455566,0.41132354736328125,-0.16314178705215454,-0.19424715638160706,-0.1549375057220459,0.035738755017519,-0.11348520964384079,0.40682417154312134,-0.03228559345006943,-0.2287505716085434,0.06692136079072952,-0.07597879320383072,0.14456500113010406,0.012178802862763405,1.4038853645324707,-0.4913039803504944,-0.12829406559467316,0.23005668818950653,1.31766676902771
2.432823419570923,0.06279481947422028,0.6831969618797302,0.012306430377066135,0.015061602927744389,-0.06297504156827927,-0.997825562953949,-0.223226860165596,0.15067726373672485,-0.21347932517528534,0.4145549237728119,-0.1637730449438095,-0.19667263329029083,-0.16050457954406738,0.03400348126888275,-0.11254836618900299,0.41732075810432434,-0.032829057425260544,-0.23497843742370605,0.06757963448762894,-0.06866862624883652,0.1474260836839676,0.01653853803873062,1.390846848487854,-0.5621205568313599,-0.12377238273620605,0.2170378416776657,1.276092529296875
2.4333927631378174,0.06245945021510124,0.6828797459602356,0.011329703964293003,0.01437713485211134,-0.0634731873869896,-0.9978156089782715,-0.2244507372379303,0.14871005713939667,-0.2146247774362564,0.4154812693595886,-0.16417713463306427,-0.19772803783416748,-0.16546016931533813,0.03173292800784111,-0.11236421018838882,0.4265328347682953,-0.03320533037185669,-0.24070094525814056,0.06766726821660995,-0.06130041182041168,0.15252628922462463,0.02138230763375759,1.3799630403518677,-0.6331045031547546,-0.11680780351161957,0.20593905448913574,1.2294386625289917
2.4339804649353027,0.062149517238140106,0.6826645731925964,0.01034071110188961,0.01361175812780857,-0.06426535546779633,-0.9977863430976868,-0.2251385748386383,0.1466948539018631,-0.21589228510856628,0.4146922826766968,-0.16444428265094757,-0.19777657091617584,-0.16953830420970917,0.029379434883594513,-0.11287922412157059,0.4339185953140259,-0.033477507531642914,-0.2456478327512741,0.06786464899778366,-0.05351189151406288,0.15962252020835876,0.02542746625840664,1.37175714969635,-0.7038663625717163,-0.10837636888027191,0.19565294682979584,1.1786527633666992
2.434573173522949,0.061880700290203094,0.682491660118103,0.009484418667852879,0.012698539532721043,-0.06541971862316132,-0.9977319836616516,-0.2263767570257187,0.14471229910850525,-0.21802331507205963,0.4136975407600403,-0.16465549170970917,-0.1975201964378357,-0.17315316200256348,0.027180679142475128,-0.11420230567455292,0.4399755001068115,-0.033701058477163315,-0.25002577900886536,0.06836997717618942,-0.04509725421667099,0.16797836124897003,0.028239354491233826,1.3654872179031372,-0.773545503616333,-0.09944810718297958,0.18481606245040894,1.1253433227539062
2.435157299041748,0.061705172061920166,0.6823076605796814,0.008778759278357029,0.011644212529063225,-0.06699396669864655,-0.997646689414978,-0.22876964509487152,0.14256301522254944,-0.22143787145614624,0.41360607743263245,-0.1647789031267166,-0.19749203324317932,-0.1767084151506424,0.025013485923409462,-0.11633352190256119,0.4455765187740326,-0.033761847764253616,-0.25430014729499817,0.06918729841709137,-0.03596559911966324,0.17672951519489288,0.030411772429943085,1.3597025871276855,-0.8404022455215454,-0.09084448218345642,0.17271031439304352,1.0706920623779297
2.435734510421753,0.06168501451611519,0.6821015477180481,0.008145090192556381,0.010527051985263824,-0.06892576068639755,-0.9975329041481018,-0.23205941915512085,0.14000368118286133,-0.22585175931453705,0.4144970178604126,-0.16464562714099884,-0.1977892965078354,-0.1802797019481659,0.02259243093430996,-0.11904817074537277,0.45122241973876953,-0.033517640084028244,-0.25871771574020386,0.07026023417711258,-0.02621012181043625,0.18516206741333008,0.03303460776805878,1.3529890775680542,-0.9025133848190308,-0.08301490545272827,0.15946708619594574,1.015104055404663
2.4362902641296387,0.06186423823237419,0.6818931102752686,0.0075040413066744804,0.009394364431500435,-0.0711454451084137,-0.9973933696746826,-0.23577262461185455,0.1368786245584488,-0.2308574914932251,0.4158555269241333,-0.16422368586063385,-0.1981595754623413,-0.183796688914299,0.019689073786139488,-0.12215261161327362,0.456930547952652,-0.03287685662508011,-0.26323890686035156,0.07123418152332306,-0.016205038875341415,0.1927255094051361,0.03694666922092438,1.344473123550415,-0.9587955474853516,-0.0759110301733017,0.14566396176815033,0.95902419090271
2.436795949935913,0.062265846878290176,0.6816986203193665,0.006823710165917873,0.008194283582270145,-0.07367106527090073,-0.9972255229949951,-0.23991288244724274,0.13307881355285645,-0.23618103563785553,0.4174036681652069,-0.16331875324249268,-0.19837631285190582,-0.18738186359405518,0.016179407015442848,-0.1256076842546463,0.4626322090625763,-0.03177988529205322,-0.2677580714225769,0.07146310061216354,-0.006628765258938074,0.19892798364162445,0.042479753494262695,1.333400845527649,-1.0089977979660034,-0.06919641047716141,0.1317279189825058,0.9029698371887207
2.437216281890869,0.06290101259946823,0.6815111637115479,0.006121570244431496,0.006826524157077074,-0.07660143822431564,-0.9970194697380066,-0.2449650913476944,0.12852609157562256,-0.24164272844791412,0.4193946421146393,-0.16192786395549774,-0.19834467768669128,-0.19130298495292664,0.012025948613882065,-0.1295333355665207,0.468363881111145,-0.030224435031414032,-0.2722959518432617,0.07024780660867691,0.0015723699470981956,0.20331545174121857,0.04959406331181526,1.3187012672424316,-1.0530205965042114,-0.06248895823955536,0.11784482002258301,0.8471120595932007
2.4375181198120117,0.06378147751092911,0.6812983155250549,0.005450018681585789,0.005230038892477751,-0.08010511845350266,-0.9967577457427979,-0.25166693329811096,0.12299486249685287,-0.24770963191986084,0.4226525127887726,-0.15983812510967255,-0.19833876192569733,-0.195847749710083,0.007219270803034306,-0.13419608771800995,0.4744411110877991,-0.02819293737411499,-0.27689915895462036,0.06701783090829849,0.0068837921135127544,0.20548893511295319,0.05756627023220062,1.299429178237915,-1.0902981758117676,-0.055586475878953934,0.10461881756782532,0.7918930053710938
2.4376795291900635,0.064907006919384,0.6810174584388733,0.004890873562544584,0.003451749449595809,-0.08437757194042206,-0.9964157342910767,-0.2608613669872284,0.11633919924497604,-0.2535037696361542,0.42856714129447937,-0.15694789588451385,-0.19867828488349915,-0.20097340643405914,0.0018288855208083987,-0.14000245928764343,0.48113545775413513,-0.025661557912826538,-0.2818821966648102,0.06152385100722313,0.0071309409104287624,0.2050963044166565,0.06515294313430786,1.2750746011734009,-1.1193256378173828,-0.04863518103957176,0.09306420385837555,0.7390457987785339
2.4377071857452393,0.0662766769528389,0.6806133985519409,0.0046267202123999596,0.0016885478980839252,-0.08957573026418686,-0.9959678053855896,-0.2735886573791504,0.10885342210531235,-0.25725117325782776,0.43842393159866333,-0.15297777950763702,-0.1989530324935913,-0.20616725087165833,-0.003816993674263358,-0.1474991738796234,0.48854494094848633,-0.022686198353767395,-0.28736501932144165,0.05406411737203598,-1.4862187072139932e-06,0.20184950530529022,0.07195013016462326,1.245180606842041,-1.1372827291488647,-0.042235855013132095,0.08292075991630554,0.6917892694473267
2.437577962875366,0.0679231733083725,0.6800236701965332,0.0047967140562832355,0.00011482828995212913,-0.09584392607212067,-0.9953848123550415,-0.2903883159160614,0.10043042153120041,-0.25804057717323303,0.45436209440231323,-0.14664439857006073,-0.20040208101272583,-0.21098685264587402,-0.009542563930153847,-0.15709206461906433,0.49675700068473816,-0.01913609355688095,-0.2936290204524994,0.045438893139362335,-0.01720082014799118,0.19545814394950867,0.0784931629896164,1.2093228101730347,-1.1409361362457275,-0.03751090168952942,0.07481830567121506,0.654900312423706
2.4372830390930176,0.06993471831083298,0.6792553663253784,0.005463495850563049,-0.001046635559760034,-0.10322760045528412,-0.9946420788764954,-0.3108358681201935,0.09119636565446854,-0.2543518543243408,0.4764474034309387,-0.1366763412952423,-0.2028626948595047,-0.21473605930805206,-0.015359248965978622,-0.1689998358488083,0.5055569410324097,-0.01493840292096138,-0.30042657256126404,0.03670009970664978,-0.04708922654390335,0.18615420162677765,0.08652588725090027,1.164484977722168,-1.126852035522461,-0.0359514094889164,0.07015116512775421,0.6344023942947388
2.4368174076080322,0.07243124395608902,0.678374707698822,0.006630175281316042,-0.0016635999782010913,-0.11204840987920761,-0.9936791658401489,-0.33240562677383423,0.07905258238315582,-0.24471452832221985,0.5046824812889099,-0.12191043794155121,-0.20813895761966705,-0.21630029380321503,-0.021488675847649574,-0.1839570850133896,0.5138338804244995,-0.009595509618520737,-0.3073890209197998,0.028013667091727257,-0.09153740853071213,0.1750604808330536,0.09769652783870697,1.1071892976760864,-1.092698335647583,-0.0394703708589077,0.07031995058059692,0.635853111743927
2.4362027645111084,0.07552854716777802,0.6774269342422485,0.008256735280156136,-0.0018081824528053403,-0.12282058596611023,-0.992392897605896,-0.35128504037857056,0.06179186329245567,-0.2301037758588791,0.5363311767578125,-0.1042102500796318,-0.2174496203660965,-0.21505162119865417,-0.028317326679825783,-0.20297354459762573,0.5208741426467896,-0.0028417755383998156,-0.3144140839576721,0.018803557381033897,-0.1505076289176941,0.16352082788944244,0.11381759494543076,1.0344315767288208,-1.0373085737228394,-0.050386395305395126,0.0764622688293457,0.6599709391593933
2.435513496398926,0.07940880954265594,0.6765880584716797,0.009722133167088032,-0.0017993494402617216,-0.13473062217235565,-0.9908328652381897,-0.366608202457428,0.04537307843565941,-0.2151552140712738,0.5632792711257935,-0.08231811970472336,-0.2258046716451645,-0.21165049076080322,-0.03708495944738388,-0.22367852926254272,0.5264751315116882,0.006069424096494913,-0.32097873091697693,0.010737343691289425,-0.22129128873348236,0.15093833208084106,0.13809706270694733,0.944907009601593,-0.9609012007713318,-0.0699554830789566,0.08796278387308121,0.7004085183143616
2.4349164962768555,0.0842876136302948,0.6761148571968079,0.009412810206413269,-0.001699943793937564,-0.1447029560804367,-0.9894287586212158,-0.3747289478778839,0.02970014326274395,-0.20772241055965424,0.5731234550476074,-0.06627366691827774,-0.22487522661685944,-0.2080976665019989,-0.05052292346954346,-0.2382269650697708,0.5326789021492004,0.01868029125034809,-0.32739078998565674,0.010617765597999096,-0.30065613985061646,0.13544785976409912,0.1722811758518219,0.8429792523384094,-0.8635430932044983,-0.0988636240363121,0.10085365176200867,0.7435877323150635
2.434605121612549,0.08971768617630005,0.6766422390937805,0.007044475059956312,-0.00164935237262398,-0.1494409143924713,-0.9887441396713257,-0.36732059717178345,0.014098948799073696,-0.2055589258670807,0.563871443271637,-0.055599309504032135,-0.21954888105392456,-0.21377697587013245,-0.06881098449230194,-0.23657052218914032,0.5523065328598022,0.03660612553358078,-0.32719603180885315,0.025598576292395592,-0.38806185126304626,0.12046756595373154,0.21280352771282196,0.7405893206596375,-0.7475560903549194,-0.1354818344116211,0.10757725685834885,0.7808000445365906
2.435112714767456,0.09460008144378662,0.6788153648376465,0.003547163214534521,-0.0015189728001132607,-0.14822272956371307,-0.9889464974403381,-0.3428148627281189,0.00408810144290328,-0.18851043283939362,0.5298861265182495,-0.04539530351758003,-0.20608338713645935,-0.23641662299633026,-0.08781465142965317,-0.21246163547039032,0.5960642695426941,0.06330013275146484,-0.3136269450187683,0.05612630397081375,-0.4827432930469513,0.11423773318529129,0.25091302394866943,0.6516252160072327,-0.6194460988044739,-0.17289215326309204,0.10262913256883621,0.8160397410392761
2.4367754459381104,0.09838982671499252,0.6824871897697449,-0.0003178891784045845,-0.0015396394301205873,-0.14329037070274353,-0.9896793961524963,-0.3028513491153717,-0.0004702987789642066,-0.16153571009635925,0.4703274369239807,-0.037214163690805435,-0.18285803496837616,-0.2794390618801117,-0.10264623165130615,-0.17218641936779022,0.6643641591072083,0.09164193272590637,-0.32908353209495544,0.09503312408924103,-0.5820164680480957,0.12059465050697327,0.2847076654434204,0.5727948546409607,-0.4894114136695862,-0.20489029586315155,0.08713933080434799,0.856037974357605
2.4393162727355957,0.10120358318090439,0.6862304210662842,-0.003812081180512905,-0.003175784135237336,-0.13679824769496918,-0.9905863404273987,-0.26025861501693726,-0.0029055762570351362,-0.13256117701530457,0.4003857672214508,-0.031063934788107872,-0.15556228160858154,-0.3392676115036011,-0.11114908754825592,-0.12677313387393951,0.7328051924705505,0.11953245103359222,-0.35370832681655884,0.13632254302501678,-0.6848757863044739,0.1368999034166336,0.31393954157829285,0.4876994490623474,-0.366716206073761,-0.23105598986148834,0.06387300789356232,0.9001349806785583
2.442345142364502,0.10358370095491409,0.6889846324920654,-0.007371656596660614,-0.007313340436667204,-0.12910732626914978,-0.9915761947631836,-0.2241944521665573,-0.007030735723674297,-0.10383899509906769,0.33355656266212463,-0.0259541142731905,-0.1302034705877304,-0.4081864655017853,-0.11548548191785812,-0.08295264840126038,0.7765320539474487,0.1470600962638855,-0.34640786051750183,0.1791703999042511,-0.7902605533599854,0.1569029539823532,0.33995184302330017,0.3912598192691803,-0.2543252110481262,-0.2538986802101135,0.03437510132789612,0.943246603012085
2.4457998275756836,0.1058945506811142,0.6906887292861938,-0.011716115288436413,-0.0133212860673666,-0.11974024772644043,-0.9926467537879944,-0.1928718090057373,-0.014506611973047256,-0.07359173148870468,0.29000000000000004,-0.021214766427874565,-0.10757871717214584,-0.4784923493862152,-0.11705516278743744,-0.04016049951314926,0.7902020812034607,0.1684156358242035,-0.31876760721206665,0.22365735471248627,-0.8957551121711731,0.17610932886600494,0.36200857162475586,0.28673604130744934,-0.15287479758262634,-0.27410203218460083,0.006437670439481735,0.9823764562606812
2.4499003887176514,0.10827641189098358,0.6914292573928833,-0.016962189227342606,-0.01916951686143875,-0.10934729129076004,-0.9936738610267639,-0.16232864558696747,-0.02529396302998066,-0.04237216338515282,0.29000000000000004,-0.01668720878660679,-0.08921747654676437,-0.5415043234825134,-0.11656247079372406,0.0018224864033982158,0.7795151472091675,0.17700177431106567,-0.28623124957084656,0.2669280171394348,-0.998019278049469,0.18914511799812317,0.3696523904800415,0.17285200953483582,-0.06396401673555374,-0.2890140414237976,-0.007684147451072931,1.024788737297058
2.454894781112671,0.11067888140678406,0.6912650465965271,-0.023067345842719078,-0.02270045131444931,-0.10024278610944748,-0.9944363832473755,-0.1305423378944397,-0.03906501457095146,-0.014565246179699898,0.29000000000000004,-0.012656346894800663,-0.07750696688890457,-0.5904756784439087,-0.11678235977888107,0.0407690703868866,0.7569402456283569,0.1722034364938736,-0.2527258098125458,0.3031647503376007,-1.0947355031967163,0.19372324645519257,0.35096248984336853,0.0578027069568634,0.014204265549778938,-0.2954654395580292,-0.0028033743146806955,1.0684993267059326
2.46081805229187,0.11278665065765381,0.6904312968254089,-0.029484692960977554,-0.02302880585193634,-0.09417799115180969,-0.9948521256446838,-0.09813515841960907,-0.05373076722025871,0.006113667506724596,0.29000000000000004,-0.009575171396136284,-0.07362307608127594,-0.6200052499771118,-0.11841246485710144,0.07248390465974808,0.7291808724403381,0.1570834517478943,-0.2171914279460907,0.32939425110816956,-1.188197374343872,0.18916648626327515,0.2995915114879608,-0.04357791319489479,0.08327233791351318,-0.2915284037590027,0.019005795940756798,1.1027836799621582
2.4674017429351807,0.11428071558475494,0.6892275810241699,-0.03556107357144356,-0.02110978774726391,-0.09053857624530792,-0.995033860206604,-0.06789097189903259,-0.06,0.02044910378754139,0.29000000000000004,-0.007893714122474194,-0.07714074105024338,-0.6294962167739868,-0.11852440983057022,0.09684337675571442,0.6995426416397095,0.13790865242481232,-0.19002187252044678,0.349606454372406,-1.281343698501587,0.17338179051876068,0.21802151203155518,-0.12256655842065811,0.1434936374425888,-0.27699172496795654,0.04846160486340523,1.1169847249984741
2.474240779876709,0.11513469368219376,0.6877279281616211,-0.04151153191924095,-0.018681751564145088,-0.08807844668626785,-0.9950727224349976,-0.04229842126369476,-0.06,0.03080960363149643,0.29000000000000004,-0.007356084417551756,-0.0858505368232727,-0.6224637627601624,-0.11618423461914062,0.11853256076574326,0.6667590737342834,0.12188135087490082,-0.1767827421426773,0.36766746640205383,-1.3735952377319336,0.1472025066614151,0.12018227577209473,-0.14999999999999997,0.19428211450576782,-0.2535300850868225,0.07395071536302567,1.1062356233596802
2.481121063232422,0.11554665863513947,0.6857837438583374,-0.04816654697060585,-0.0165852103382349,-0.08639425784349442,-0.994957685470581,-0.022650936618447304,-0.06,0.037958793342113495,0.29000000000000004,-0.007584115955978632,-0.09892655909061432,-0.6046409010887146,-0.11376426368951797,0.1406024694442749,0.6314921975135803,0.11042729765176773,-0.16051213443279266,0.3831406235694885,-1.4609086513519287,0.1156497448682785,0.019232332706451416,-0.14999999999999997,0.2376018911600113,-0.22567836940288544,0.09060099720954895,1.069527268409729
2.4881961345672607,0.11575759202241898,0.6832607388496399,-0.05623883754014969,-0.014030703343451023,-0.08500146865844727,-0.994693398475647,-0.004828115925192833,-0.06,0.04377880319952965,0.29000000000000004,-0.007914009504020214,-0.11558902263641357,-0.5784354209899902,-0.11401882767677307,0.16187162697315216,0.5929732918739319,0.10189897567033768,-0.13126206398010254,0.39569294452667236,-1.536202311515808,0.08273230493068695,-0.08386875689029694,-0.14999999999999997,0.2776413559913635,-0.19960550963878632,0.1059424877166748,1.0139579772949219
2.495270013809204,0.11562340706586838,0.6804819703102112,-0.06465505063533783,-0.011226153001189232,-0.08313803374767303,-0.9943750500679016,0.01236154418438673,-0.06,0.0499449260532856,0.29000000000000004,-0.00874403677880764,-0.13350757956504822,-0.5528470873832703,-0.12053164094686508,0.17975696921348572,0.5628144145011902,0.08768398314714432,-0.06566407531499863,0.40627098083496094,-1.5953742265701294,0.04944746568799019,-0.19481635093688965,-0.14999999999999997,0.313068687915802,-0.17946410179138184,0.1275537610054016,0.9551776051521301
2.501026153564453,0.11475642770528793,0.6793251037597656,-0.06816786527633667,-0.009766075760126114,-0.07855764031410217,-0.9945282340049744,0.024517616257071495,-0.06,0.06515951454639435,0.29000000000000004,-0.015648523345589638,-0.14605557918548584,-0.5448212027549744,-0.11865122616291046,0.1811319887638092,0.5711595416069031,0.019027933478355408,-0.07696498185396194,0.41808968782424927,-1.6396870613098145,0.03,-0.31929129362106323,-0.14999999999999997,0.33669576048851013,-0.16661719977855682,0.15574048459529877,0.9063725471496582
2.505497932434082,0.11378879100084305,0.6798978447914124,-0.06883726269006729,-0.00834638811647892,-0.0731411948800087,-0.9949081540107727,0.03401010110974312,-0.06,0.08813755214214325,0.29000000000000004,-0.022754816338419914,-0.166601300239563,-0.5367054343223572,-0.11341707408428192,0.18694435060024261,0.5745404958724976,0.016637088730931282,-0.0846192017197609,0.4245038330554962,-1.663770318031311,0.03,-0.4445679187774658,-0.14347590506076813,0.35427799820899963,-0.16534899175167084,0.18593834340572357,0.8667019605636597
2.508826494216919,0.11327555775642395,0.6814452409744263,-0.06897204369306564,-0.0068971700966358185,-0.06925640255212784,-0.9951877593994141,0.04279854893684387,-0.06,0.11107069998979568,0.29000000000000004,-0.024391869083046913,-0.19243639707565308,-0.5214884281158447,-0.11083626002073288,0.18751394748687744,0.5625056028366089,0.014711178839206696,-0.08382219821214676,0.4197307229042053,-1.6727856397628784,0.03,-0.5585569739341736,-0.11925799399614334,0.3661097586154938,-0.1790185421705246,0.21798166632652283,0.8301645517349243
2.5110487937927246,0.1132730022072792,0.6834119558334351,-0.06893794238567352,-0.006133172195404768,-0.06672187894582748,-0.9953683018684387,0.05306452885270119,-0.06,0.13225701451301575,0.29000000000000004,-0.02306758053600788,-0.2169078141450882,-0.5049869418144226,-0.11067069321870804,0.1856248527765274,0.5419785976409912,0.01391715370118618,-0.0772954598069191,0.406232625246048,-1.6723822355270386,0.03,-0.6616573929786682,-0.0969228446483612,0.3672758638858795,-0.20575551688671112,0.2487330287694931,0.7952483892440796
2.5122692584991455,0.11367221176624298,0.6854212284088135,-0.06865224242210388,-0.0062919254414737225,-0.06562140583992004,-0.9954602122306824,0.06536955386400223,-0.06,0.15087169408798218,0.29000000000000004,-0.02217850647866726,-0.23168310523033142,-0.4898708462715149,-0.11210600286722183,0.18176795542240143,0.5172656178474426,0.014093357138335705,-0.06722507625818253,0.38644319772720337,-1.6643401384353638,0.03,-0.7614964842796326,-0.08125877380371094,0.3564361333847046,-0.239945188164711,0.27516278624534607,0.7673914432525635
2.5124826431274414,0.11433066427707672,0.6871731281280518,-0.0680389255285263,-0.007701961789280176,-0.06679458916187286,-0.9954143166542053,0.0758749395608902,-0.06,0.16412243247032166,0.29000000000000004,-0.022646993398666382,-0.23504920303821564,-0.47866594791412354,-0.11500214785337448,0.17511314153671265,0.49229586124420166,0.014835529960691929,-0.05579972267150879,0.3601841926574707,-1.650689959526062,0.03,-0.8604013323783875,-0.06960491091012955,0.33594128489494324,-0.27595341205596924,0.29696616530418396,0.7499194741249084
2.5118539333343506,0.11520232260227203,0.6884869337081909,-0.06718073040246964,-0.009900094009935856,-0.07029310613870621,-0.9952122569084167,0.08324002474546432,-0.06,0.17280139029026031,0.29000000000000004,-0.02334345504641533,-0.2381267249584198,-0.4716891348361969,-0.11925265192985535,0.16573858261108398,0.4704853892326355,0.016188669949769974,-0.0449737012386322,0.3280714154243469,-1.6312767267227173,0.03,-0.9565336108207703,-0.057076986879110336,0.3103777766227722,-0.3095968961715698,0.317356139421463,0.7412804365158081
2.5106027126312256,0.11627905815839767,0.6893527507781982,-0.06608574092388153,-0.012258927337825298,-0.0753386840224266,-0.9948901534080505,0.08985289931297302,-0.06,0.17853036522865295,0.29000000000000004,-0.023321567103266716,-0.2358119636774063,-0.4678477942943573,-0.12420725077390671,0.1546577662229538,0.4529832899570465,0.01807805337011814,-0.035712022334337234,0.29312729835510254,-1.6065855026245117,0.03,-1.047857642173767,-0.039582714438438416,0.2834831774234772,-0.33737102150917053,0.3394550681114197,0.7375989556312561
2.50886607170105,0.11751167476177216,0.6897215247154236,-0.0647062286734581,-0.014586614444851875,-0.08127956837415695,-0.9944816827774048,0.09688185155391693,-0.06,0.1807338446378708,0.29000000000000004,-0.023964686319231987,-0.215511292219162,-0.46727454662323,-0.12911438941955566,0.14302897453308105,0.4409138262271881,0.02030634507536888,-0.028611278161406517,0.2583555281162262,-1.5779038667678833,0.03,-1.131708025932312,-0.01762818731367588,0.25699862837791443,-0.35707271099090576,0.3639284372329712,0.7333202958106995
2.5067832469940186,0.11884164810180664,0.6894752979278564,-0.06296363472938538,-0.016676146537065506,-0.08784197270870209,-0.9940025210380554,0.10375461727380753,-0.06,0.17878203094005585,0.29000000000000004,-0.026152675971388817,-0.17677775025367737,-0.4705836772918701,-0.13344848155975342,0.13157518208026886,0.4366384446620941,0.022741805762052536,-0.025035696104168892,0.2255668044090271,-1.5460493564605713,0.03,-1.2053292989730835,0.004839261528104544,0.2320096492767334,-0.36805376410484314,0.38948601484298706,0.7248227596282959
2.504669189453125,0.1203250139951706,0.6887078881263733,-0.061061568558216095,-0.017788179218769073,-0.0944666638970375,-0.9934942722320557,0.10960597544908524,-0.06,0.17445102334022522,0.29000000000000004,-0.031841523945331573,-0.16342055797576904,-0.4757114052772522,-0.13747620582580566,0.12093862146139145,0.44028279185295105,0.025457238778471947,-0.025591403245925903,0.19698616862297058,-1.5105692148208618,0.03,-1.265929102897644,0.025036027655005455,0.21085141599178314,-0.37048614025115967,0.4134705364704132,0.7125776410102844
2.5025975704193115,0.12210191041231155,0.6876245737075806,-0.05962531268596649,-0.017692480236291885,-0.10124434530735016,-0.9929155111312866,0.11516997218132019,-0.06,0.167923241853714,0.29000000000000004,-0.03813483193516731,-0.16670554876327515,-0.4815334677696228,-0.14303383231163025,0.11129100620746613,0.450984388589859,0.028915146365761757,-0.030297737568616867,0.17353607714176178,-1.4714021682739258,0.03,-1.3109235763549805,0.0385032556951046,0.19510963559150696,-0.36601799726486206,0.43311262130737305,0.6996634602546692
2.5004122257232666,0.12417874485254288,0.6863577365875244,-0.058778297156095505,-0.016868362203240395,-0.10811016708612442,-0.9922564029693604,0.12163691222667694,-0.06,0.15947838127613068,0.29000000000000004,-0.03137458115816116,-0.17275062203407288,-0.48801368474960327,-0.1504809409379959,0.1029571071267128,0.46580854058265686,0.033284083008766174,-0.03713779151439667,0.15586428344249725,-1.4311450719833374,0.03,-1.3418785333633423,0.043197307735681534,0.18454977869987488,-0.3574695885181427,0.4486284554004669,0.6856147050857544
2.497957706451416,0.12646785378456116,0.6849093437194824,-0.05835660919547081,-0.016262680292129517,-0.1145903691649437,-0.9915639162063599,0.12732912600040436,-0.06,0.14902663230895996,0.29000000000000004,-0.026355929672718048,-0.17861007153987885,-0.4969811737537384,-0.15888050198554993,0.09716974943876266,0.48272043466567993,0.03829025849699974,-0.04433233663439751,0.14521078765392303,-1.3951573371887207,0.03,-1.3607172966003418,0.040397416800260544,0.17843419313430786,-0.3472760021686554,0.4572203457355499,0.6702245473861694
2.4951465129852295,0.12890803813934326,0.6832934617996216,-0.05814536660909653,-0.01632947102189064,-0.12053583562374115,-0.9908699989318848,0.1317896693944931,-0.06,0.13803787529468536,0.29000000000000004,-0.02074875310063362,-0.1841435730457306,-0.5090112090110779,-0.16755883395671844,0.09412086009979248,0.5001755356788635,0.0438515767455101,-0.05066292732954025,0.14181020855903625,-1.3671125173568726,0.03,-1.3676023483276367,0.031059162691235542,0.17687568068504333,-0.3369157910346985,0.45561152696609497,0.6550361514091492
2.4919686317443848,0.13145990669727325,0.6815495491027832,-0.0580211840569973,-0.017007380723953247,-0.12632562220096588,-0.9901444315910339,0.13597433269023895,-0.06,0.1282447725534439,0.29000000000000004,-0.014586019329726696,-0.1882285475730896,-0.5233411192893982,-0.17658598721027374,0.09268402308225632,0.517425537109375,0.04978661611676216,-0.05595138296484947,0.14430640637874603,-1.3478732109069824,0.03,-1.3611807823181152,0.013819865882396698,0.18072310090065002,-0.3275289535522461,0.44345149397850037,0.6422927975654602
2.488461494445801,0.13412119448184967,0.6796673536300659,-0.057876426726579666,-0.018060842528939247,-0.1316254734992981,-0.9894436001777649,0.14071553945541382,-0.06,0.1181008592247963,0.29000000000000004,-0.013807350769639015,-0.19231800734996796,-0.5393542647361755,-0.18540805578231812,0.09316293895244598,0.534184992313385,0.056083064526319504,-0.06004880741238594,0.15295939147472382,-1.3374449014663696,0.03,-1.3383585214614868,-0.007175134494900703,0.1909591406583786,-0.32045793533325195,0.422516793012619,0.6320931315422058
2.4846482276916504,0.13673916459083557,0.6776169538497925,-0.05725168436765671,-0.01937066949903965,-0.13625481724739075,-0.9888282418251038,0.1459333300590515,-0.06,0.11036057770252228,0.29000000000000004,-0.0063239047303795815,-0.19463153183460236,-0.5562576055526733,-0.19264374673366547,0.09479881078004837,0.5496060848236084,0.06220836192369461,-0.06251111626625061,0.16741174459457397,-1.335721492767334,0.03,-1.297107458114624,-0.026477651670575142,0.2070523053407669,-0.3161245286464691,0.3966383934020996,0.6236332058906555
2.4805588722229004,0.13915975391864777,0.6754465103149414,-0.05583183467388153,-0.02077021636068821,-0.14065387845039368,-0.9882650375366211,0.15067516267299652,-0.06,0.10319550335407257,0.29000000000000004,0.003279053373262286,-0.19731272757053375,-0.5727150440216064,-0.1979103535413742,0.09564656764268875,0.5628430843353271,0.06773807853460312,-0.06321286410093307,0.18573546409606934,-1.3411989212036133,0.03,-1.2371217012405396,-0.04302166402339935,0.22784166038036346,-0.3143954575061798,0.3691387474536896,0.6175618171691895
2.4769718647003174,0.141903817653656,0.6749715209007263,-0.057252660393714905,-0.021507341414690018,-0.1444503515958786,-0.9876201152801514,0.15495434403419495,-0.06,0.09604451805353165,0.29000000000000004,0.013541595079004765,-0.1844954639673233,-0.5798165798187256,-0.20973831415176392,0.09569213539361954,0.5626527070999146,0.07408418506383896,-0.05825820192694664,0.20696188509464264,-1.3456560373306274,0.03,-1.1564074754714966,-0.06197565793991089,0.2553304433822632,-0.3177776038646698,0.34110021591186523,0.6165148615837097
2.4737606048583984,0.1443287581205368,0.6749557852745056,-0.05909499526023865,-0.02230946719646454,-0.14892268180847168,-0.9868293404579163,0.15468041598796844,-0.06,0.08614049106836319,0.29000000000000004,0.019957339391112328,-0.17213726043701172,-0.584075391292572,-0.22275154292583466,0.09475912898778915,0.5593695044517517,0.08045309036970139,-0.05300503969192505,0.2277056723833084,-1.3529859781265259,0.03,-1.0603467226028442,-0.07669409364461899,0.2869569659233093,-0.3233380913734436,0.3150232136249542,0.6175334453582764
2.471118927001953,0.146177738904953,0.67513507604599,-0.06029048189520836,-0.022367529571056366,-0.15500490367412567,-0.9858185052871704,0.15100747346878052,-0.06,0.0730612576007843,0.29000000000000004,0.025014685466885567,-0.16505448520183563,-0.5831438302993774,-0.235489621758461,0.0873260423541069,0.5549077391624451,0.08542221039533615,-0.04895865544676781,0.24433495104312897,-1.35807204246521,0.03,-0.9535684585571289,-0.09156153351068497,0.322677344083786,-0.32965514063835144,0.2950914204120636,0.6175430417060852
2.4691271781921387,0.14734873175621033,0.6755601763725281,-0.0606272853910923,-0.021849732846021652,-0.1625264286994934,-0.9845973253250122,0.14453133940696716,-0.06,0.05735305696725845,0.29000000000000004,0.02829168550670147,-0.16252805292606354,-0.5767491459846497,-0.24704986810684204,0.0732162818312645,0.5485607385635376,0.08871527016162872,-0.045890506356954575,0.25673747062683105,-1.358391523361206,0.03,-0.8417226672172546,-0.10753828287124634,0.35957539081573486,-0.33516407012939453,0.282959520816803,0.6167314648628235
2.4677042961120605,0.14784717559814453,0.6761822700500488,-0.06021843105554581,-0.021428219974040985,-0.17112791538238525,-0.9831732511520386,0.13771302998065948,-0.06,0.039605140686035156,0.29000000000000004,0.02979966811835766,-0.16009020805358887,-0.5672259330749512,-0.25705647468566895,0.05402089282870293,0.5406164526939392,0.09044967591762543,-0.04338860884308815,0.2660228908061981,-1.3543431758880615,0.03,-0.7301124930381775,-0.12257374078035355,0.39394018054008484,-0.3385452330112457,0.278423547744751,0.6164894104003906
2.4667322635650635,0.14781378209590912,0.6769116520881653,-0.059320155531167984,-0.02140861563384533,-0.18044883012771606,-0.981560468673706,0.13167168200016022,-0.06,0.02044311910867691,0.29000000000000004,0.03004361502826214,-0.15591830015182495,-0.5566543936729431,-0.26571163535118103,0.031738340854644775,0.5322189927101135,0.09117670357227325,-0.04155048355460167,0.27387404441833496,-1.345450758934021,0.03,-0.6226236820220947,-0.13736067712306976,0.4248106777667999,-0.33947786688804626,0.28002721071243286,0.6168022155761719
2.466048240661621,0.14737388491630554,0.6777031421661377,-0.058050017803907394,-0.02214416302740574,-0.1902659386396408,-0.9797646403312683,0.12385053932666779,-0.06,-9.83468271442689e-05,0.29000000000000004,0.02941889315843582,-0.1514594405889511,-0.5464877486228943,-0.2731567323207855,0.007598338183015585,0.5232300758361816,0.0908529981970787,-0.039810676127672195,0.281740665435791,-1.3326961994171143,0.03,-0.5232257843017578,-0.14999999999999997,0.4529297947883606,-0.33846011757850647,0.2853696048259735,0.6145187020301819
2.4655563831329346,0.14665329456329346,0.6785451173782349,-0.05643728747963905,-0.023490432649850845,-0.20048068463802338,-0.9777885675430298,0.11345213651657104,-0.06,-0.021897442638874054,0.29000000000000004,0.028100213035941124,-0.14774824678897858,-0.5365859270095825,-0.2795550227165222,-0.018060769885778427,0.513538658618927,0.08995231240987778,-0.03797931596636772,0.29014888405799866,-1.3171336650848389,0.03,-0.43537941575050354,-0.14999999999999997,0.47917115688323975,-0.33659282326698303,0.29399538040161133,0.6076369285583496
2.465224504470825,0.14581021666526794,0.6793854236602783,-0.05464520677924156,-0.024955036118626595,-0.21079830825328827,-0.9756819009780884,0.10221940279006958,-0.06,-0.044128887355327606,0.29000000000000004,0.026329541578888893,-0.1446228176355362,-0.5264030694961548,-0.28517305850982666,-0.044463492929935455,0.5038450360298157,0.08890117704868317,-0.03639825060963631,0.29972538352012634,-1.2984575033187866,0.03,-0.3601631820201874,-0.14999999999999997,0.5045099854469299,-0.3352772891521454,0.30594438314437866,0.5958625674247742
2.465013027191162,0.14496666193008423,0.6801544427871704,-0.05290854349732399,-0.026234213262796402,-0.22072391211986542,-0.9735468626022339,0.09195923060178757,-0.06,-0.06557989865541458,0.29000000000000004,0.02452859655022621,-0.14151827991008759,-0.5162392854690552,-0.2901895046234131,-0.07010381668806076,0.495088130235672,0.08777031302452087,-0.0353769026696682,0.3114252984523773,-1.2760812044143677,0.03,-0.29611530900001526,-0.14999999999999997,0.5295756459236145,-0.33576586842536926,0.3204829692840576,0.579845130443573
2.4648871421813965,0.1442059576511383,0.680777907371521,-0.05153186619281769,-0.02732997201383114,-0.2297935038805008,-0.9714897871017456,0.08344722539186478,-0.06,-0.0852462574839592,0.29000000000000004,0.022724900394678116,-0.13818961381912231,-0.5075287222862244,-0.29504507780075073,-0.092958964407444,0.4887610375881195,0.08690018951892853,-0.03538701310753822,0.3260144889354706,-1.2504639625549316,0.03,-0.2400125116109848,-0.14999999999999997,0.5546889305114746,-0.33877798914909363,0.33647701144218445,0.5607829093933105
2.4648449420928955,0.14354239404201508,0.6811899542808533,-0.05072205141186714,-0.028455039486289024,-0.23762936890125275,-0.969613254070282,0.07629821449518204,-0.06,-0.10240847617387772,0.29000000000000004,0.021105512976646423,-0.13496540486812592,-0.5020822286605835,-0.300057053565979,-0.11119277775287628,0.48626601696014404,0.08641977608203888,-0.0368620790541172,0.34408050775527954,-1.2233185768127441,0.03,-0.1883317232131958,-0.14999999999999997,0.5802062153816223,-0.3437661826610565,0.35272565484046936,0.5401391386985779
2.464937210083008,0.14292220771312714,0.6813667416572571,-0.050522398203611374,-0.029830990359187126,-0.2440130114555359,-0.9679954051971436,0.06976522505283356,-0.06,-0.11670269817113876,0.29000000000000004,0.019605690613389015,-0.13240168988704681,-0.5010575652122498,-0.305215448141098,-0.1238398551940918,0.48824605345726013,0.08615314960479736,-0.0400276780128479,0.36590975522994995,-1.1963725090026855,0.03,-0.13802365958690643,-0.14999999999999997,0.6065478324890137,-0.3485906422138214,0.3677395284175873,0.5199348330497742
2.4652557373046875,0.14226940274238586,0.6813046932220459,-0.05089547485113144,-0.0315888449549675,-0.24893410503864288,-0.9666662216186523,0.0632159486413002,-0.06,-0.12815970182418823,0.29000000000000004,0.018123429268598557,-0.13102222979068756,-0.504885196685791,-0.3104023337364197,-0.13074833154678345,0.4949716031551361,0.0858459323644638,-0.045134641230106354,0.3912621736526489,-1.1709892749786377,0.03,-0.08733703196048737,-0.14999999999999997,0.6341573596000671,-0.3508079946041107,0.38030725717544556,0.5017603635787964
2.4658913612365723,0.1415220946073532,0.6810027956962585,-0.05182475224137306,-0.03384678065776825,-0.2525295913219452,-0.9656071662902832,0.056440602988004684,-0.06,-0.1370835155248642,0.29000000000000004,0.016520462930202484,-0.13086535036563873,-0.513812780380249,-0.3156379759311676,-0.13207483291625977,0.5066647529602051,0.08538197726011276,-0.0524415485560894,0.4194905161857605,-1.148505449295044,0.03,-0.03596204146742821,-0.14999999999999997,0.6633453965187073,-0.34875616431236267,0.3895726799964905,0.486184298992157
2.466914653778076,0.14062745869159698,0.6804592609405518,-0.05329616740345955,-0.036750633269548416,-0.25502297282218933,-0.9647653102874756,0.049274832010269165,-0.06,-0.14397288858890533,0.29000000000000004,0.014650657773017883,-0.1317140907049179,-0.5280167460441589,-0.3209887742996216,-0.12829779088497162,0.5233873128890991,0.08465017378330231,-0.06213366985321045,0.44986632466316223,-1.1298832893371582,0.03,0.01511290855705738,-0.14999999999999997,0.694105327129364,-0.34144526720046997,0.3946108818054199,0.4732866585254669
2.468388080596924,0.13952365517616272,0.6797037720680237,-0.0551895946264267,-0.04035354405641556,-0.2566322982311249,-0.9640879034996033,0.04155652970075607,-0.06,-0.14928576350212097,0.29000000000000004,0.012330328114330769,-0.13346564769744873,-0.5469367504119873,-0.32617074251174927,-0.12040149420499802,0.5443586111068726,0.08361504226922989,-0.07395455986261368,0.48178133368492126,-1.115517258644104,0.03,0.06367804855108261,-0.14999999999999997,0.7260658740997314,-0.32835227251052856,0.39412418007850647,0.4629535973072052
2.47037410736084,0.1381836086511612,0.6787768006324768,-0.05737307295203209,-0.044454414397478104,-0.25755202770233154,-0.9635345935821533,0.03370331972837448,-0.06,-0.15331779420375824,0.29000000000000004,0.009433506056666374,-0.13613498210906982,-0.5690526962280273,-0.3307671844959259,-0.11012225598096848,0.5684507489204407,0.08164063841104507,-0.08764678239822388,0.5143603086471558,-1.1051288843154907,0.03,0.10696613043546677,-0.14848683774471283,0.758758008480072,-0.31012624502182007,0.38740870356559753,0.45462068915367126
2.472939968109131,0.13660942018032074,0.6777235865592957,-0.05974310263991356,-0.04863976314663887,-0.2579835057258606,-0.9630728960037231,0.0267771128565073,-0.06,-0.15626607835292816,0.29000000000000004,0.0058730957098305225,-0.1396687626838684,-0.5922326445579529,-0.3345435559749603,-0.09866319596767426,0.5946465730667114,0.07879552245140076,-0.10307295620441437,0.5461713671684265,-1.098015308380127,0.03,0.14272616803646088,-0.1277431696653366,0.791530191898346,-0.2887645363807678,0.3750258684158325,0.44756531715393066
2.476137399673462,0.13480238616466522,0.6765919327735901,-0.06219058483839035,-0.052492573857307434,-0.2580569386482239,-0.9626958966255188,0.021960459649562836,-0.06,-0.15818126499652863,0.29000000000000004,0.0015728987054899335,-0.1439192295074463,-0.6144097447395325,-0.3372819423675537,-0.0866827666759491,0.6220105290412903,0.07569179683923721,-0.12013169378042221,0.5757668614387512,-1.0937087535858154,0.03,0.17002736032009125,-0.10543148964643478,0.8235681056976318,-0.26689645648002625,0.3578314781188965,0.44075775146484375
2.4800033569335938,0.13275571167469025,0.6754164695739746,-0.0646117553114891,-0.05572407320141792,-0.25780969858169556,-0.9624210000038147,0.02012106403708458,-0.06,-0.1589999794960022,0.29000000000000004,-0.003530580783262849,-0.14874522387981415,-0.6340909600257874,-0.33866605162620544,-0.07504166662693024,0.6498004198074341,0.07222548127174377,-0.13873647153377533,0.6020755767822266,-1.092116117477417,0.03,0.18909184634685516,-0.08279500901699066,0.8539879322052002,-0.24699164927005768,0.3363090753555298,0.4328261911869049
2.4845497608184814,0.13044016063213348,0.6742163896560669,-0.06687797605991364,-0.05831141024827957,-0.25720930099487305,-0.9622735381126404,0.02116900123655796,-0.06,-0.15868671238422394,0.29000000000000004,-0.009520291350781918,-0.154216006398201,-0.6507774591445923,-0.33840784430503845,-0.06472215801477432,0.677471399307251,0.06804361194372177,-0.158595472574234,0.6245601177215576,-1.093455195426941,0.03,0.20052970945835114,-0.060959428548812866,0.8815279006958008,-0.23070789873600006,0.3101242482662201,0.4229276776313782
2.4897334575653076,0.1277962028980255,0.6730147004127502,-0.06876534223556519,-0.060478292405605316,-0.2562946081161499,-0.9622507691383362,0.02367578074336052,-0.06,-0.1575411558151245,0.29000000000000004,-0.016542671248316765,-0.1608741134405136,-0.6646162271499634,-0.3361376225948334,-0.056415192782878876,0.7043524384498596,0.06328384578227997,-0.17922326922416687,0.6430297493934631,-1.098226547241211,0.03,0.20414534211158752,-0.040557097643613815,0.9048757553100586,-0.21881988644599915,0.27788400650024414,0.4095791280269623
2.4954965114593506,0.12476613372564316,0.6718295812606812,-0.07004517316818237,-0.06247074156999588,-0.255171537399292,-0.9623296856880188,0.025894805788993835,-0.06,-0.1560353934764862,0.29000000000000004,-0.024700256064534187,-0.16942712664604187,-0.6758822202682495,-0.33153030276298523,-0.050562333315610886,0.7299013137817383,0.05841142311692238,-0.20018339157104492,0.6576454043388367,-1.1065993309020996,0.03,0.19970567524433136,-0.022165631875395775,0.923176109790802,-0.21130992472171783,0.2380591183900833,0.3905285894870758
2.5017991065979004,0.12132399529218674,0.6706669926643372,-0.07056842744350433,-0.06440040469169617,-0.25394555926322937,-0.9624885320663452,0.02702549658715725,-0.06,-0.15454217791557312,0.29000000000000004,-0.034042585641145706,-0.18009090423583984,-0.6848351955413818,-0.32442158460617065,-0.04705701768398285,0.7541311383247375,0.05504180118441582,-0.22128711640834808,0.6690263748168945,-1.118521809577942,0.03,0.1879642903804779,-0.006207495927810669,0.9360623955726624,-0.2069668024778366,0.18922528624534607,0.3642636239528656
2.508613109588623,0.11750201135873795,0.669510006904602,-0.07029736787080765,-0.06615832448005676,-0.25268620252609253,-0.962720513343811,0.02698976919054985,-0.06,-0.15326422452926636,0.29000000000000004,-0.044449977576732635,-0.19314752519130707,-0.6906675100326538,-0.31492143869400024,-0.04703470319509506,0.7763111591339111,0.05060165748000145,-0.24242359399795532,0.6777493953704834,-1.1342153549194336,0.03,0.16962085664272308,0.0075154174119234085,0.9434371590614319,-0.20429196953773499,0.13110195100307465,0.33150142431259155
2.5158884525299072,0.11338354647159576,0.668359100818634,-0.06916364282369614,-0.06728579849004745,-0.2514522671699524,-0.9630475640296936,0.02464013174176216,-0.06,-0.15262211859226227,0.29000000000000004,-0.055301737040281296,-0.21066734194755554,-0.691011369228363,-0.30331555008888245,-0.05330752953886986,0.7946370840072632,0.03943977132439613,-0.26325738430023193,0.6837466955184937,-1.1545329093933105,0.03,0.14375531673431396,0.020415257662534714,0.9450207948684692,-0.20333658158779144,0.06599802523851395,0.2942378520965576
2.5234761238098145,0.10911960154771805,0.6671523451805115,-0.06691629439592361,-0.06708405911922455,-0.25019389390945435,-0.9635480046272278,0.018393447622656822,-0.06,-0.15318264067173004,0.29000000000000004,-0.06640131026506424,-0.235918328166008,-0.6834308505058289,-0.2896098494529724,-0.06846098601818085,0.8076998591423035,0.017403125762939453,-0.2834661900997162,0.6864470839500427,-1.1797829866409302,0.03,0.10893287509679794,0.03323356434702873,0.9397861957550049,-0.20571544766426086,-0.0012590158730745316,0.2547115087509155
2.5312001705169678,0.1048794761300087,0.666655957698822,-0.06353825330734253,-0.06507387012243271,-0.2484610676765442,-0.964362621307373,0.005090069957077503,-0.06,-0.15586058795452118,0.29000000000000004,-0.07877913862466812,-0.26513397693634033,-0.6663641333580017,-0.27245816588401794,-0.08627219498157501,0.813112735748291,0.004490647464990616,-0.30008554458618164,0.6864093542098999,-1.2078043222427368,0.03,0.06502479314804077,0.045819271355867386,0.9263261556625366,-0.21159978210926056,-0.06655212491750717,0.21681231260299683
2.5388360023498535,0.10096801817417145,0.667809009552002,-0.05978626757860184,-0.061730559915304184,-0.24574235081672668,-0.9655182361602783,-0.01977297104895115,-0.044907718896865845,-0.16094394028186798,0.29000000000000004,-0.08980582654476166,-0.2887469530105591,-0.6367125511169434,-0.25282981991767883,-0.1080734133720398,0.801311731338501,-0.007438198663294315,-0.30839329957962036,0.6855108737945557,-1.2352076768875122,0.03,0.015404694713652134,0.05750325322151184,0.9063836932182312,-0.2190263718366623,-0.12861451506614685,0.17992264032363892
2.5461325645446777,0.09753976762294769,0.670757532119751,-0.05567960441112518,-0.058071982115507126,-0.24224792420864105,-0.9668729901313782,-0.05742860212922096,-0.03200584650039673,-0.16487431526184082,0.34250128269195557,-0.09309651702642441,-0.2983744442462921,-0.5969130396842957,-0.23073533177375793,-0.1319495439529419,0.7700763940811157,-0.018096884712576866,-0.30629563331604004,0.6845533847808838,-1.2605191469192505,0.03,-0.03603495657444,0.06558603048324585,0.8837388753890991,-0.22540493309497833,-0.18724820017814636,0.13694944977760315
2.5531270503997803,0.09470141679048538,0.6748751997947693,-0.05119888484477997,-0.05454801023006439,-0.23883533477783203,-0.9681738615036011,-0.10785683244466782,-0.022044532001018524,-0.16471345722675323,0.45205363631248474,-0.09398911893367767,-0.29059314727783203,-0.5504832863807678,-0.2070961743593216,-0.15687894821166992,0.7237953543663025,-0.02727910690009594,-0.29613196849823,0.6826785206794739,-1.2820227146148682,0.03,-0.08561735600233078,0.06842797249555588,0.8633019924163818,-0.2275591939687729,-0.24366764724254608,0.07982081174850464
2.560004711151123,0.09257988631725311,0.6793045997619629,-0.04707866162061691,-0.050918735563755035,-0.23681522905826569,-0.9690765142440796,-0.1688176989555359,-0.016013354063034058,-0.16444896161556244,0.5592750310897827,-0.09928242862224579,-0.296416699886322,-0.5005818009376526,-0.1851542890071869,-0.18246275186538696,0.6710777282714844,-0.03441536799073219,-0.2830127775669098,0.6773549914360046,-1.2978243827819824,0.03,-0.13047611713409424,0.06850004941225052,0.8463315367698669,-0.22540423274040222,-0.29914015531539917,0.011933195404708385
2.566833972930908,0.09112469851970673,0.6834165453910828,-0.04362785443663597,-0.04711472615599632,-0.236593559384346,-0.9694844484329224,-0.23564046621322632,-0.013478104025125504,-0.16649578511714935,0.6553919911384583,-0.110802561044693,-0.29617348313331604,-0.45028364658355713,-0.1661233752965927,-0.2082901895046234,0.6186627149581909,-0.03961500525474548,-0.2705698609352112,0.6678701043128967,-1.3088959455490112,0.03,-0.17047245800495148,0.06963983178138733,0.8287568092346191,-0.22183378040790558,-0.35413333773612976,-0.05666081979870796
2.5734822750091553,0.09018822759389877,0.6868455410003662,-0.04052426666021347,-0.043833594769239426,-0.23726290464401245,-0.9696096181869507,-0.30819302797317505,-0.014016860164701939,-0.16985978186130524,0.7398778796195984,-0.12598839402198792,-0.2791968584060669,-0.4040438234806061,-0.14880767464637756,-0.2319318950176239,0.5701326131820679,-0.04325166717171669,-0.2597042918205261,0.6570647954940796,-1.3171306848526,0.03,-0.2051926553249359,0.0722319558262825,0.8067612051963806,-0.21971192955970764,-0.41096630692481995,-0.1206662580370903
2.5798909664154053,0.08972971141338348,0.6894888281822205,-0.03753924369812012,-0.041485048830509186,-0.2376539260149002,-0.9697372317314148,-0.384002685546875,-0.017178483307361603,-0.17211003601551056,0.8106825947761536,-0.14064519107341766,-0.25540921092033386,-0.3644738495349884,-0.13238385319709778,-0.25097593665122986,0.5273596048355103,-0.04592020809650421,-0.2507537007331848,0.6485284566879272,-1.3230797052383423,0.03,-0.23416493833065033,0.07465270161628723,0.7792402505874634,-0.22046710550785065,-0.4716569185256958,-0.14999999999999997
2.5862460136413574,0.08976144343614578,0.6913790702819824,-0.03450315073132515,-0.0395030751824379,-0.23699843883514404,-0.9700931310653687,-0.4565633237361908,-0.021391797810792923,-0.17143464088439941,0.8630357384681702,-0.1516968160867691,-0.24505615234375,-0.33011093735694885,-0.11618226021528244,-0.26496922969818115,0.4906347095966339,-0.04790962114930153,-0.24416929483413696,0.644565999507904,-1.3265546560287476,0.03,-0.25984933972358704,0.07630585134029388,0.7471221685409546,-0.22376377880573273,-0.5340801477432251,-0.14999999999999997
2.5927724838256836,0.09024202823638916,0.6926687955856323,-0.031129496172070503,-0.03722687065601349,-0.2350708693265915,-0.9707659482955933,-0.5196617841720581,-0.0245088879019022,-0.1666860580444336,0.8900189995765686,-0.1559172123670578,-0.24741230905056,-0.29773563146591187,-0.09910880774259567,-0.2749940752983093,0.45769619941711426,-0.04942655190825462,-0.23938968777656555,0.6455032229423523,-1.3279625177383423,0.03,-0.28729069232940674,0.07637045532464981,0.7114972472190857,-0.22858206927776337,-0.5954139232635498,-0.14999999999999997
2.5994222164154053,0.09113932400941849,0.6934415102005005,-0.027365606278181076,-0.03487050533294678,-0.23198124766349792,-0.971709668636322,-0.5684624314308167,-0.025975670665502548,-0.15576425194740295,0.8840813636779785,-0.1488034874200821,-0.24495401978492737,-0.2675016224384308,-0.08137107640504837,-0.28132811188697815,0.42799869179725647,-0.05059249699115753,-0.23606686294078827,0.6507905125617981,-1.3295183181762695,0.03,-0.31989243626594543,0.07431765645742416,0.6723191142082214,-0.23336443305015564,-0.6578092575073242,-0.14999999999999997
2.6059231758117676,0.09243814647197723,0.6937812566757202,-0.023340551182627678,-0.03313860297203064,-0.22838328778743744,-0.9727271199226379,-0.6000957489013672,-0.027608836069703102,-0.13886860013008118,0.8455629944801331,-0.1283910721540451,-0.22269651293754578,-0.2413819581270218,-0.06429092586040497,-0.28456631302833557,0.40217673778533936,-0.051253754645586014,-0.23407885432243347,0.6585275530815125,-1.333541989326477,0.03,-0.35850974917411804,0.07144429534673691,0.6295503973960876,-0.2363598644733429,-0.7246090769767761,-0.14999999999999997
2.6121678352355957,0.09410107880830765,0.6938998699188232,-0.018950961530208588,-0.03221423923969269,-0.22526830434799194,-0.9735795855522156,-0.6154217720031738,-0.03102518431842327,-0.12025107443332672,0.7878395915031433,-0.09654425084590912,-0.19467905163764954,-0.21785034239292145,-0.04779798537492752,-0.28721970319747925,0.3770286440849304,-0.05130017548799515,-0.23195862770080566,0.6660692095756531,-1.3401613235473633,0.03,-0.40255966782569885,0.06882242858409882,0.5841979384422302,-0.23429495096206665,-0.7946722507476807,-0.14999999999999997
2.6182830333709717,0.09613409638404846,0.6940122246742249,-0.014240052551031113,-0.03170075640082359,-0.22350041568279266,-0.9740840792655945,-0.61506187915802,-0.036156512796878815,-0.10295730829238892,0.7185555100440979,-0.057625576853752136,-0.17013326287269592,-0.19313867390155792,-0.03142625093460083,-0.29212087392807007,0.34816211462020874,-0.05052364617586136,-0.22812935709953308,0.6717838048934937,-1.346659779548645,0.039988767355680466,-0.44944992661476135,0.06340764462947845,0.539339005947113,-0.22306141257286072,-0.8637674450874329,-0.14999999999999997
2.624281883239746,0.09851393103599548,0.6941478848457336,-0.009167838841676712,-0.03183973580598831,-0.2233636975288391,-0.9741718173027039,-0.6024242043495178,-0.04213295876979828,-0.08765190839767456,0.640478253364563,-0.01872212626039982,-0.14680801331996918,-0.16689011454582214,-0.014753377996385098,-0.2998543679714203,0.31371763348579407,-0.04896480590105057,-0.2217223048210144,0.675891101360321,-1.3524606227874756,0.05039863660931587,-0.49400246143341064,0.04965086653828621,0.49766314029693604,-0.20269177854061127,-0.9287726283073425,-0.14999999999999997
2.6300761699676514,0.10120391100645065,0.6942287087440491,-0.0035683896858245134,-0.033265262842178345,-0.22463232278823853,-0.9738689661026001,-0.5855458974838257,-0.04865262284874916,-0.07406249642372131,0.5656680464744568,0.018042275682091713,-0.11176404356956482,-0.14093869924545288,0.002655262593179941,-0.30941250920295715,0.27346986532211304,-0.0467023104429245,-0.21217688918113708,0.6791322827339172,-1.360782504081726,0.05616964399814606,-0.5310560464859009,0.02796429581940174,0.4616832435131073,-0.17545008659362793,-0.9872466325759888,-0.14999999999999997
2.6357192993164062,0.1043006181716919,0.6940150260925293,0.002241704612970352,-0.03586883470416069,-0.2270945906639099,-0.9732092618942261,-0.566214382648468,-0.056037284433841705,-0.060424551367759705,0.5007268190383911,0.05237456411123276,-0.06721572577953339,-0.11790259182453156,0.01928645558655262,-0.319792777299881,0.23377609252929688,-0.0436067096889019,-0.20284472405910492,0.6808332204818726,-1.3730353116989136,0.05950894206762314,-0.5598607659339905,0.0009228455019183457,0.4327574670314789,-0.14476855099201202,-1.037398099899292,-0.14999999999999997
2.641334295272827,0.10781599581241608,0.6932516098022461,0.008326144888997078,-0.039151642471551895,-0.23070484399795532,-0.9722000956535339,-0.5425720810890198,-0.06,-0.046880800276994705,0.4423677325248718,0.0807756781578064,-0.022220229730010033,-0.09986817091703415,0.034543026238679886,-0.33084964752197266,0.20189155638217926,-0.03979748860001564,-0.19785267114639282,0.6800897717475891,-1.3888678550720215,0.06216861680150032,-0.5838625431060791,-0.030463749542832375,0.4098019599914551,-0.11562388390302658,-1.0795674324035645,-0.14999999999999997
2.647014856338501,0.11158118396997452,0.6916790008544922,0.015500467270612717,-0.04277798905968666,-0.23536618053913116,-0.970841109752655,-0.5163516402244568,-0.06,-0.036348797380924225,0.38773784041404724,0.0990753248333931,0.010509338229894638,-0.08852244913578033,0.05001451075077057,-0.3425069749355316,0.18234595656394958,-0.03578414395451546,-0.19981782138347626,0.6776473522186279,-1.4089629650115967,0.06338781863451004,-0.610105037689209,-0.06577949225902557,0.3911503255367279,-0.09212695807218552,-1.1144863367080688,-0.14999999999999997
2.6529033184051514,0.11535436660051346,0.6890087127685547,0.024675747379660606,-0.046391330659389496,-0.240067720413208,-0.9693329334259033,-0.4901791214942932,-0.06,-0.031019847840070724,0.3351828157901764,0.1019064337015152,0.03009968064725399,-0.0858847126364708,0.06,-0.3526679277420044,0.17972812056541443,-0.03249560669064522,-0.210983008146286,0.6779152154922485,-1.435322880744934,0.060443028807640076,-0.6427003741264343,-0.09963653981685638,0.37723904848098755,-0.07267893850803375,-1.143589735031128,-0.14999999999999997
2.659186363220215,0.11914175003767014,0.6852627396583557,0.035697609186172485,-0.0489971749484539,-0.24323172867298126,-0.9680718779563904,-0.46538618206977844,-0.05909265577793121,-0.03022068366408348,0.29000648856163025,0.0893089771270752,0.04421055689454079,-0.09042505919933319,0.06,-0.35861262679100037,0.1957085132598877,-0.029206637293100357,-0.23228159546852112,0.6856431365013123,-1.4654827117919922,0.04989052936434746,-0.675505518913269,-0.12166240066289902,0.371354341506958,-0.05442061647772789,-1.1655890941619873,-0.14999999999999997
2.663921594619751,0.12433745712041855,0.6860966682434082,0.038294773548841476,-0.052486956119537354,-0.24805378913879395,-0.966564953327179,-0.4610975682735443,-0.06,-0.041297946125268936,0.29000000000000004,0.1030520647764206,0.04083029553294182,-0.09736126661300659,0.06,-0.36343610286712646,0.21723517775535583,-0.016298621892929077,-0.23504576086997986,0.6907528042793274,-1.4755256175994873,0.03573588281869888,-0.6870555877685547,-0.1298024207353592,0.38052061200141907,-0.04577331244945526,-1.1737273931503296,-0.14999999999999997
2.668999195098877,0.12970280647277832,0.6875765323638916,0.0394274927675724,-0.05309748277068138,-0.2504298686981201,-0.965873122215271,-0.44538000226020813,-0.06,-0.04270884022116661,0.29000000000000004,0.10813263058662415,0.034265611320734024,-0.1031060665845871,0.06,-0.35938817262649536,0.25077149271965027,-0.007311735302209854,-0.2366209328174591,0.7009674310684204,-1.486342191696167,0.03,-0.6909655332565308,-0.12594175338745117,0.3973284065723419,-0.03955802693963051,-1.1684616804122925,-0.14999999999999997
2.674302577972412,0.13478177785873413,0.6895502209663391,0.04105478152632713,-0.05213117226958275,-0.2510421872138977,-0.9656990170478821,-0.424637109041214,-0.06,-0.03996105492115021,0.29000000000000004,0.11092178523540497,0.02795552834868431,-0.11673668771982193,0.06,-0.34689587354660034,0.3054877817630768,-0.001425152993761003,-0.23500506579875946,0.713629961013794,-1.502482533454895,0.03,-0.6908611059188843,-0.12407083064317703,0.41596782207489014,-0.03891962021589279,-1.1527982950210571,-0.14999999999999997
2.679882764816284,0.13935533165931702,0.6920974254608154,0.04361128434538841,-0.049691423773765564,-0.25006890296936035,-0.9659680128097534,-0.3991844058036804,-0.05590496212244034,-0.0341661311686039,0.29000000000000004,0.11090599745512009,0.02278338000178337,-0.1431034505367279,0.05754677578806877,-0.3234492540359497,0.3895873427391052,0.0033673313446342945,-0.22580376267433167,0.7273983359336853,-1.5216395854949951,0.03,-0.6922495365142822,-0.13009759783744812,0.43540117144584656,-0.0447048656642437,-1.1241549253463745,-0.1454944610595703
2.6860666275024414,0.14359073340892792,0.6948981285095215,0.04588761925697327,-0.044658076018095016,-0.2475406378507614,-0.9667592644691467,-0.36638444662094116,-0.044907089322805405,-0.023278849199414253,0.29000000000000004,0.10978133976459503,0.01590636558830738,-0.17607447504997253,0.04924644157290459,-0.2870567739009857,0.5035942792892456,0.01310220081359148,-0.20541957020759583,0.7405878901481628,-1.5387368202209473,0.03,-0.6958984136581421,-0.14624084532260895,0.46014124155044556,-0.05555165931582451,-1.0787394046783447,-0.10188917070627213
2.692875862121582,0.1475697010755539,0.6975520253181458,0.0471169538795948,-0.03763895854353905,-0.2447456270456314,-0.9677100777626038,-0.3276040852069855,-0.033921435475349426,-0.009513869881629944,0.29000000000000004,0.10794288665056229,0.007377445697784424,-0.2103450894355774,0.0448000431060791,-0.24520881474018097,0.6345977783203125,0.02541906200349331,-0.20700635015964508,0.7502613663673401,-1.550094723701477,0.03,-0.6947579979896545,-0.14999999999999997,0.4913428723812103,-0.07029452919960022,-1.0252680778503418,-0.06360520422458649
2.6999053955078125,0.15113863348960876,0.6998388171195984,0.04765710607171059,-0.03064996935427189,-0.24364624917507172,-0.9682074785232544,-0.2878521680831909,-0.025143122300505638,0.001658545690588653,0.29000000000000004,0.105478435754776,0.0005140010616742074,-0.2439575046300888,0.04417701065540314,-0.20702368021011353,0.7545574903488159,0.03620627522468567,-0.21292917430400848,0.7544359564781189,-1.557094693183899,0.03,-0.6820033192634583,-0.14999999999999997,0.5260025858879089,-0.08779960125684738,-0.9758755564689636,-0.036321643739938736
2.7067220211029053,0.15423770248889923,0.7016084790229797,0.04778885841369629,-0.02525235526263714,-0.24548733234405518,-0.9678917527198792,-0.2520984709262848,-0.019744237884879112,0.006261266302317381,0.29000000000000004,0.10288739204406738,-0.002977634547278285,-0.27886098623275757,0.04444148764014244,-0.17801588773727417,0.8523731827735901,0.04447153955698013,-0.20885451138019562,0.7528628706932068,-1.562789797782898,0.03,-0.6589952111244202,-0.14999999999999997,0.5604692697525024,-0.10719525068998337,-0.9353892803192139,-0.017777133733034134
2.71319580078125,0.15705811977386475,0.702779233455658,0.04698437824845314,-0.02166501246392727,-0.2498597353696823,-0.9668986797332764,-0.22031807899475098,-0.01869383454322815,0.00514572998508811,0.29000000000000004,0.10071830451488495,-0.0031263884156942368,-0.3179180920124054,0.041251130402088165,-0.157207652926445,0.9334473609924316,0.04982477053999901,-0.195408895611763,0.7479001879692078,-1.5652598142623901,0.03,-0.6300204992294312,-0.14999999999999997,0.5931131839752197,-0.12762561440467834,-0.9034332036972046,-0.0011565189342945814
2.719362735748291,0.159759983420372,0.7033255100250244,0.044763997197151184,-0.019690368324518204,-0.2560136616230011,-0.965435266494751,-0.19070816040039062,-0.022410618141293526,0.00010329390352126211,0.29000000000000004,0.0992765873670578,4.368868758319877e-05,-0.3632986843585968,0.032222144305706024,-0.1412600427865982,1.0051125288009644,0.05284431576728821,-0.17278961837291718,0.74134761095047,-1.5615200996398926,0.03,-0.5960949659347534,-0.14999999999999997,0.6238704919815063,-0.14843957126140594,-0.8766769170761108,0.022789033129811287
2.725353479385376,0.1624068319797516,0.7032878994941711,0.04099109396338463,-0.018779747188091278,-0.2630831003189087,-0.9637190103530884,-0.16121622920036316,-0.030222728848457336,-0.0068162535317242146,0.29000000000000004,0.09847144782543182,0.005955258850008249,-0.4146038889884949,0.01686938665807247,-0.12761536240577698,1.0704739093780518,0.0545930378139019,-0.14758038520812988,0.7347617745399475,-1.552528738975525,0.03,-0.5586066842079163,-0.14999999999999997,0.6535394191741943,-0.16897721588611603,-0.8487436175346375,0.0619530975818634
2.731361150741577,0.1650530844926834,0.7026901245117188,0.03562898933887482,-0.01827280968427658,-0.27043041586875916,-0.9619064331054688,-0.13041241466999054,-0.041314832866191864,-0.014234322123229504,0.29000000000000004,0.09819909930229187,0.01319147553294897,-0.46912097930908203,-0.004451490007340908,-0.11426760256290436,1.127103567123413,0.05642320215702057,-0.1341407597064972,0.7290147542953491,-1.540993094444275,0.030393008142709732,-0.5199693441390991,-0.14999999999999997,0.6844716668128967,-0.18756766617298126,-0.8143019676208496,0.1169053390622139
2.7375214099884033,0.1677224338054657,0.701533317565918,0.028728876262903214,-0.017847219482064247,-0.2779959440231323,-0.959986686706543,-0.09880617260932922,-0.0551827996969223,-0.022259274497628212,0.29000000000000004,0.0983295887708664,0.01997004821896553,-0.5228017568588257,-0.031089255586266518,-0.09993725270032883,1.1659305095672607,0.05949252098798752,-0.13758142292499542,0.7240479588508606,-1.528253436088562,0.040160562843084335,-0.48238202929496765,-0.14999999999999997,0.7193720936775208,-0.20019710063934326,-0.7717899084091187,0.17988501489162445
2.7438104152679443,0.17033661901950836,0.699867308139801,0.020559318363666534,-0.017652805894613266,-0.286081999540329,-0.9578218460083008,-0.06882987171411514,-0.06,-0.03218397870659828,0.29000000000000004,0.09873233735561371,0.024881131947040558,-0.5715411305427551,-0.06242639943957329,-0.08533094823360443,1.1760706901550293,0.06284383684396744,-0.14969578385353088,0.7197649478912354,-1.5135871171951294,0.05103933811187744,-0.4475462734699249,-0.14999999999999997,0.7581145167350769,-0.20290687680244446,-0.7225223183631897,0.24226953089237213
2.750030755996704,0.17271991074085236,0.6977814435958862,0.01149571593850851,-0.018214482814073563,-0.29485172033309937,-0.9553001523017883,-0.04321543872356415,-0.06,-0.04503382742404938,0.29000000000000004,0.09912677854299545,0.027751058340072632,-0.6145939826965332,-0.09770473837852478,-0.07058100402355194,1.158993124961853,0.06601424515247345,-0.16000892221927643,0.7162101864814758,-1.4962806701660156,0.05986034497618675,-0.4149383008480072,-0.14999999999999997,0.7978187799453735,-0.1957853138446808,-0.667422354221344,0.3008444905281067
2.756038188934326,0.17465414106845856,0.6954387426376343,0.001988059375435114,-0.019906945526599884,-0.30398550629615784,-0.9524664878845215,-0.024531587958335876,-0.06,-0.060503680258989334,0.29000000000000004,0.09905274957418442,0.02782871201634407,-0.6520901918411255,-0.13484670221805573,-0.05464440584182739,1.12490975856781,0.07012798637151718,-0.16142569482326508,0.713687539100647,-1.4759923219680786,0.06444475054740906,-0.38270992040634155,-0.14999999999999997,0.8352245092391968,-0.18239803612232208,-0.6041144728660583,0.3566988408565521
2.7618565559387207,0.17596013844013214,0.6930097341537476,-0.007497386075556278,-0.022759249433875084,-0.31289801001548767,-0.9494842886924744,-0.012095644138753414,-0.06,-0.07713581621646881,0.29000000000000004,0.09817062318325043,0.02607259713113308,-0.6834596395492554,-0.17131097614765167,-0.03626050427556038,1.0836222171783447,0.07567712664604187,-0.1568867564201355,0.7125673890113831,-1.4523921012878418,0.06397322565317154,-0.3486456274986267,-0.14999999999999997,0.8679395318031311,-0.166631817817688,-0.5294297933578491,0.4110576808452606
2.767591953277588,0.17657653987407684,0.690558910369873,-0.01669730432331562,-0.02672674134373665,-0.32097214460372925,-0.9465640783309937,-0.0034823082387447357,-0.06,-0.09326432645320892,0.29000000000000004,0.09643649309873581,0.02443367801606655,-0.7080942988395691,-0.20550289750099182,-0.014132661744952202,1.0387094020843506,0.08297302573919296,-0.1571483165025711,0.7136527895927429,-1.425472378730774,0.05821773409843445,-0.31069597601890564,-0.14999999999999997,0.896262526512146,-0.15014612674713135,-0.44569408893585205,0.4607793986797333
2.7733078002929688,0.17656740546226501,0.6880325675010681,-0.02566877193748951,-0.03192402422428131,-0.32772934436798096,-0.9438831210136414,0.003532333765178919,-0.06,-0.10764642059803009,0.29000000000000004,0.09358937293291092,0.025003232061862946,-0.7268602848052979,-0.2369638979434967,0.01230368297547102,0.9899712204933167,0.09168170392513275,-0.16469857096672058,0.7182450890541077,-1.396590232849121,0.046879786998033524,-0.26793110370635986,-0.14999999999999997,0.9244636297225952,-0.13200239837169647,-0.3617323040962219,0.4977431297302246
2.779034376144409,0.17607511579990387,0.6853103637695312,-0.03468853235244751,-0.038433898240327835,-0.33301201462745667,-0.9415001273155212,0.009608537890017033,-0.06,-0.11989634484052658,0.29000000000000004,0.09000436216592789,0.02760203741490841,-0.7420629858970642,-0.2661267817020416,0.04173150658607483,0.9398033022880554,0.09982213377952576,-0.17348244786262512,0.726918637752533,-1.3675475120544434,0.03028690814971924,-0.22059156000614166,-0.14999999999999997,0.9569997787475586,-0.11044421046972275,-0.2866995334625244,0.516254723072052
2.7848682403564453,0.1752953827381134,0.6823439598083496,-0.04419121518731117,-0.04594781994819641,-0.33685505390167236,-0.9393957853317261,0.012772832997143269,-0.06,-0.1298089176416397,0.29000000000000004,0.08594325929880142,0.028302622959017754,-0.7550010681152344,-0.2938844561576843,0.07147165387868881,0.8918778896331787,0.10524076223373413,-0.17816275358200073,0.7390466928482056,-1.33915114402771,0.03,-0.16990771889686584,-0.14999999999999997,0.9959860444068909,-0.08461907505989075,-0.22370290756225586,0.5172688961029053
2.7910220623016357,0.17438390851020813,0.6792621612548828,-0.054408084601163864,-0.053796201944351196,-0.3392484486103058,-0.937579870223999,0.010191470384597778,-0.06,-0.13678032159805298,0.29000000000000004,0.08156833052635193,0.021912289783358574,-0.7646174430847168,-0.32030364871025085,0.09799185395240784,0.8476744294166565,0.10733453929424286,-0.17882299423217773,0.7533439993858337,-1.312956690788269,0.03,-0.11668507754802704,-0.14999999999999997,1.0397964715957642,-0.05606035515666008,-0.1708519458770752,0.507107675075531
2.7976531982421875,0.1732826977968216,0.6761351823806763,-0.0648529902100563,-0.06170665845274925,-0.3400706946849823,-0.9361293911933899,0.005219757556915283,-0.06,-0.14034751057624817,0.29000000000000004,0.07640668004751205,0.010654646903276443,-0.7696440815925598,-0.34354740381240845,0.11815179884433746,0.8064814805984497,0.10743920505046844,-0.17926834523677826,0.7689042091369629,-1.2919340133666992,0.03,-0.060225728899240494,-0.14999999999999997,1.0836739540100098,-0.03,-0.12629486620426178,0.4920024871826172
2.8048739433288574,0.1719951033592224,0.673000156879425,-0.07534486800432205,-0.06931636482477188,-0.33935558795928955,-0.9350700974464417,-0.001180134480819106,-0.06,-0.1403736025094986,0.29000000000000004,0.0704275593161583,-0.005253572016954422,-0.7699955105781555,-0.36222073435783386,0.13171513378620148,0.7710931301116943,0.10597576200962067,-0.1861288994550705,0.7845243811607361,-1.2764228582382202,0.03,-0.0001604927092557773,-0.13709218800067902,1.1243654489517212,-0.03,-0.08880795538425446,0.47385314106941223
2.8132078647613525,0.16991950571537018,0.6703400015830994,-0.08388635516166687,-0.07606912404298782,-0.3371921479701996,-0.9346004128456116,-0.0037770408671349287,-0.06,-0.13709847629070282,0.29000000000000004,0.05939686298370361,-0.020320981740951538,-0.7663750052452087,-0.3699212968349457,0.13826680183410645,0.74605792760849,0.09960561245679855,-0.19608813524246216,0.7990339994430542,-1.2676072120666504,0.03,0.05811339616775513,-0.10895947366952896,1.1559844017028809,-0.03,-0.056779585778713226,0.453287273645401
2.8231589794158936,0.1663934886455536,0.6691505908966064,-0.08787210285663605,-0.08014383167028427,-0.33581939339637756,-0.9343879222869873,-0.0021508673671633005,-0.06,-0.13417740166187286,0.29000000000000004,0.051207445561885834,-0.03388286381959915,-0.7676545977592468,-0.36561164259910583,0.1438654363155365,0.753695011138916,0.11533116549253464,-0.1818145215511322,0.8061347603797913,-1.2628759145736694,0.03,0.09975139051675797,-0.0806998610496521,1.1788216829299927,-0.03,-0.027917606756091118,0.4209875762462616
2.8331496715545654,0.16311700642108917,0.66831374168396,-0.09137670695781708,-0.08068718761205673,-0.33541640639305115,-0.9341496229171753,0.00506144342944026,-0.06,-0.13202856481075287,0.29000000000000004,0.04047003015875816,-0.04959157481789589,-0.7714455127716064,-0.3603256046772003,0.145706444978714,0.7873452305793762,0.1048252135515213,-0.2129848599433899,0.8054137825965881,-1.2548716068267822,0.03,0.12190037965774536,-0.043819013983011246,1.2009786367416382,-0.03,-0.011909362860023975,0.38105592131614685
2.842827558517456,0.1597001850605011,0.6676953434944153,-0.09332813322544098,-0.07984696328639984,-0.33348557353019714,-0.9347200393676758,0.010702417232096195,-0.06,-0.1269042193889618,0.29000000000000004,0.023374037817120552,-0.06813202053308487,-0.7676569223403931,-0.3505436182022095,0.1423652023077011,0.8129363656044006,0.09280098229646683,-0.23922374844551086,0.8059250116348267,-1.2482706308364868,0.03,0.13208170235157013,-0.0007878991891629994,1.2152069807052612,-0.03,-0.020888864994049072,0.3422704339027405
2.8519797325134277,0.15597416460514069,0.6677959561347961,-0.09297014027833939,-0.07867380231618881,-0.33026960492134094,-0.9359961748123169,0.009340893477201462,-0.06,-0.11918559670448303,0.29000000000000004,0.009762894362211227,-0.09033407270908356,-0.7565089464187622,-0.33550140261650085,0.1318066120147705,0.8253893256187439,0.0783633291721344,-0.2577160894870758,0.8086405396461487,-1.2446671724319458,0.03,0.1326819509267807,0.037722308188676834,1.2185778617858887,-0.03,-0.05090479552745819,0.30686143040657043
2.8607890605926514,0.15221381187438965,0.6687251925468445,-0.09098133444786072,-0.07635537534952164,-0.3273817300796509,-0.9373971223831177,0.003704629372805357,-0.06,-0.11256330460309982,0.29000000000000004,-0.0029902909882366657,-0.11393143236637115,-0.7351730465888977,-0.31867676973342896,0.11232875287532806,0.8259261250495911,0.06292396038770676,-0.27048778533935547,0.8083909749984741,-1.2452155351638794,0.03,0.1180500015616417,0.06661775708198547,1.2131798267364502,-0.03,-0.09011820703744888,0.27454325556755066
2.869384765625,0.14869605004787445,0.6703334450721741,-0.08803439140319824,-0.07239508628845215,-0.3252960741519928,-0.9387179613113403,-0.00560294184833765,-0.06,-0.10863193869590759,0.29000000000000004,-0.015612115152180195,-0.13737913966178894,-0.7035675644874573,-0.3016470670700073,0.08535873144865036,0.8170070052146912,0.04752283915877342,-0.2794787585735321,0.8032139539718628,-1.252736210823059,0.03,0.0846392959356308,0.09415546804666519,1.2026509046554565,-0.03,-0.13078321516513824,0.24015237390995026
2.8776299953460693,0.1455482542514801,0.6728161573410034,-0.08437883853912354,-0.06759890168905258,-0.323474645614624,-0.9400395750999451,-0.02301134169101715,-0.06,-0.10732490569353104,0.29000000000000004,-0.025722522288560867,-0.15942835807800293,-0.6638292074203491,-0.2839389145374298,0.053991083055734634,0.7966392636299133,0.03279725834727287,-0.2829897105693817,0.7948388457298279,-1.2661840915679932,0.03,0.03646738827228546,0.1190033107995987,1.187459111213684,-0.04428153112530708,-0.17185376584529877,0.2070487141609192
2.8853516578674316,0.14287169277668,0.6763185858726501,-0.08015135675668716,-0.06292542815208435,-0.3216937780380249,-0.9413443207740784,-0.05236335098743439,-0.06,-0.10915016382932663,0.29000000000000004,-0.03089355118572712,-0.17519167065620422,-0.6183237433433533,-0.26534175872802734,0.020732199773192406,0.7628899216651917,0.01923537626862526,-0.2792280614376068,0.7852152585983276,-1.2832751274108887,0.03,-0.019327890127897263,0.1361679583787918,1.168666958808899,-0.06642550975084305,-0.21461312472820282,0.17582762241363525
2.8926174640655518,0.1407703012228012,0.6805309653282166,-0.07546059787273407,-0.058537859469652176,-0.320188045501709,-0.942527711391449,-0.09122101217508316,-0.06,-0.11576993018388748,0.32744091749191284,-0.029047813266515732,-0.17872627079486847,-0.5686216950416565,-0.2459508776664734,-0.013186173513531685,0.7177755236625671,0.007240071427077055,-0.26931771636009216,0.7750037908554077,-1.3035452365875244,0.03,-0.07652445137500763,0.14704814553260803,1.1485803127288818,-0.08512292057275772,-0.2609331011772156,0.1403755098581314
2.899686813354492,0.1393362432718277,0.6849780678749084,-0.07057970017194748,-0.054008763283491135,-0.31941601634025574,-0.9434376955032349,-0.13660065829753876,-0.06,-0.1285376399755478,0.42115017771720886,-0.024937259033322334,-0.1841491460800171,-0.5151612162590027,-0.2263086885213852,-0.04766490310430527,0.6652547121047974,-0.0030472869984805584,-0.25598666071891785,0.7634232640266418,-1.325729250907898,0.03,-0.13137611746788025,0.15495307743549347,1.1280715465545654,-0.09827231615781784,-0.3117367923259735,0.09819016605615616
2.906696081161499,0.13856567442417145,0.6892201900482178,-0.06580240279436111,-0.04916174337267876,-0.3195490837097168,-0.9440029263496399,-0.18693244457244873,-0.06,-0.14633570611476898,0.5099684000015259,-0.0261294636875391,-0.1923324316740036,-0.459532767534256,-0.2067975401878357,-0.08193163573741913,0.6094790697097778,-0.01163934264332056,-0.24159881472587585,0.7498450875282288,-1.3475581407546997,0.03,-0.18200595676898956,0.16053587198257446,1.1057862043380737,-0.10717084258794785,-0.3659749925136566,0.05187103524804115
2.913567066192627,0.13831982016563416,0.6928523778915405,-0.06097958981990814,-0.04454810917377472,-0.3198867440223694,-0.9444412589073181,-0.2440885305404663,-0.06,-0.16597212851047516,0.5963915586471558,-0.0360465869307518,-0.1979750096797943,-0.4061461389064789,-0.1865907460451126,-0.11315488815307617,0.5543562769889832,-0.018903639167547226,-0.22736673057079315,0.7358819246292114,-1.3680428266525269,0.03,-0.22707706689834595,0.16221560537815094,1.0800282955169678,-0.11474204808473587,-0.42317745089530945,0.004247861914336681
2.9202024936676025,0.13849525153636932,0.6955744624137878,-0.05594784766435623,-0.04061457887291908,-0.3197018504142761,-0.9449925422668457,-0.3085665702819824,-0.06,-0.18464712798595428,0.6808392405509949,-0.05363249406218529,-0.19608430564403534,-0.3590782880783081,-0.16546376049518585,-0.13866029679775238,0.5040985941886902,-0.025084238499403,-0.2147226780653,0.7233812808990479,-1.3869788646697998,0.03,-0.26690971851348877,0.15953902900218964,1.0506112575531006,-0.12386885285377502,-0.48327314853668213,-0.04366409778594971
2.9266293048858643,0.1391567587852478,0.6972127556800842,-0.050991009920835495,-0.037154510617256165,-0.31874245405197144,-0.9457390904426575,-0.37544381618499756,-0.06,-0.20032647252082825,0.755950927734375,-0.07575123757123947,-0.18703335523605347,-0.3201808035373688,-0.14483462274074554,-0.15741822123527527,0.46401339769363403,-0.030243633314967155,-0.20648857951164246,0.7133737802505493,-1.4033809900283813,0.03,-0.30315008759498596,0.15370017290115356,1.0181739330291748,-0.1358039528131485,-0.5449774861335754,-0.09004707634449005
2.932945728302002,0.1403375267982483,0.6979360580444336,-0.04612339287996292,-0.033794838935136795,-0.3169151842594147,-0.9467287063598633,-0.4399248957633972,-0.06,-0.21108350157737732,0.8151370882987976,-0.09638797491788864,-0.18173903226852417,-0.2879319489002228,-0.12505345046520233,-0.17035995423793793,0.4341634213924408,-0.0344628281891346,-0.20306214690208435,0.7068661451339722,-1.4171167612075806,0.03,-0.3382248282432556,0.14696043729782104,0.9827843308448792,-0.14993321895599365,-0.6070138216018677,-0.13098850846290588
2.939250946044922,0.14193227887153625,0.6981269717216492,-0.040953848510980606,-0.030499232932925224,-0.31418123841285706,-0.947988748550415,-0.49821069836616516,-0.06,-0.21503093838691711,0.8480284810066223,-0.10875821858644485,-0.17969724535942078,-0.2590493857860565,-0.10488066077232361,-0.17926077544689178,0.4087950587272644,-0.03816007450222969,-0.20167385041713715,0.704489529132843,-1.428675889968872,0.03,-0.3745177984237671,0.13937993347644806,0.9436872601509094,-0.16474880278110504,-0.6691691875457764,-0.14999999999999997
2.945607900619507,0.14378947019577026,0.6980182528495789,-0.03513752296566963,-0.027439041063189507,-0.31089919805526733,-0.9493966698646545,-0.5463782548904419,-0.06,-0.21147580444812775,0.8441492915153503,-0.10767219960689545,-0.1712161749601364,-0.23147274553775787,-0.08337383717298508,-0.18589244782924652,0.3833676278591156,-0.04173099994659424,-0.20010516047477722,0.7052826285362244,-1.4380367994308472,0.03,-0.4153834879398346,0.12888558208942413,0.9000139236450195,-0.178809255361557,-0.7329853773117065,-0.14999999999999997
2.951979160308838,0.1458369344472885,0.6975774765014648,-0.028743596747517586,-0.024661382660269737,-0.30777642130851746,-0.9507044553756714,-0.5795340538024902,-0.06,-0.2016056627035141,0.8035783767700195,-0.08992882072925568,-0.1407918483018875,-0.2054482102394104,-0.06114983931183815,-0.1915895640850067,0.3588621914386749,-0.04510772228240967,-0.19916577637195587,0.706933319568634,-1.4453576803207397,0.03,-0.46481069922447205,0.11702876538038254,0.8510769605636597,-0.19088710844516754,-0.8016389608383179,-0.14999999999999997
2.9583065509796143,0.1481304168701172,0.6970007419586182,-0.022086961194872856,-0.022182218730449677,-0.3051980435848236,-0.9517741799354553,-0.5965050458908081,-0.06,-0.18881593644618988,0.7437207102775574,-0.05831370875239372,-0.1061304584145546,-0.1794028878211975,-0.03897743299603462,-0.19732090830802917,0.3328065872192383,-0.04788317158818245,-0.19750048220157623,0.7080974578857422,-1.4485560655593872,0.03,-0.5209964513778687,0.1046820655465126,0.7982975840568542,-0.19686642289161682,-0.8751968145370483,-0.14999999999999997
2.964576005935669,0.15080012381076813,0.6965421438217163,-0.015613621100783348,-0.020132500678300858,-0.30322548747062683,-0.9525780081748962,-0.5984634757041931,-0.06,-0.17505554854869843,0.6759272217750549,-0.021673837676644325,-0.07976806163787842,-0.15144801139831543,-0.01773291453719139,-0.20343612134456635,0.3016171455383301,-0.04973398149013519,-0.1933966875076294,0.7081927061080933,-1.4449400901794434,0.03,-0.5769346356391907,0.08951582759618759,0.7453601360321045,-0.19226616621017456,-0.9478137493133545,-0.14999999999999997
2.9707882404327393,0.1538962721824646,0.6961449980735779,-0.009387150406837463,-0.018886340782046318,-0.30213356018066406,-0.9530321955680847,-0.5902848839759827,-0.06,-0.16161462664604187,0.6082829833030701,0.009497744962573051,-0.06287561357021332,-0.12267538905143738,0.002084287814795971,-0.2101815938949585,0.2661289870738983,-0.05059228464961052,-0.18733477592468262,0.7062843441963196,-1.436356544494629,0.03,-0.6255115270614624,0.07054250687360764,0.696785032749176,-0.17497916519641876,-1.0119377374649048,-0.14999999999999997
2.9769585132598877,0.1574624627828598,0.695636510848999,-0.003298996016383171,-0.018676411360502243,-0.302234947681427,-0.9530447125434875,-0.5755954384803772,-0.06,-0.14911435544490814,0.5441684126853943,0.030718117952346802,-0.0507722906768322,-0.09492029994726181,0.020282717421650887,-0.21786577999591827,0.2292392998933792,-0.05037830397486687,-0.18095821142196655,0.7020518779754639,-1.4276812076568604,0.03,-0.6626573204994202,0.050719473510980606,0.6561142802238464,-0.14588893949985504,-1.064371943473816,-0.14999999999999997
2.9830920696258545,0.16153383255004883,0.6948181390762329,0.0027876703534275293,-0.01943128928542137,-0.30375906825065613,-0.9525465965270996,-0.5564150810241699,-0.06,-0.1392057240009308,0.4854438006877899,0.048392072319984436,-0.01920892484486103,-0.07025203853845596,0.03678981214761734,-0.22685003280639648,0.19561496376991272,-0.04920003190636635,-0.17672748863697052,0.6955593824386597,-1.4218895435333252,0.03361854702234268,-0.6876342296600342,0.03310742974281311,0.6231176257133484,-0.10904524475336075,-1.1038687229156494,-0.14999999999999997
2.9893476963043213,0.16609500348567963,0.6936128735542297,0.00923875067383051,-0.020526403561234474,-0.3066960573196411,-0.9515412449836731,-0.5317255258560181,-0.06,-0.13380344212055206,0.431948721408844,0.0690724104642868,0.025672055780887604,-0.049432553350925446,0.05263727158308029,-0.23744529485702515,0.17029865086078644,-0.04740096628665924,-0.18161001801490784,0.687145471572876,-1.4183422327041626,0.054335709661245346,-0.7042709589004517,0.016121502965688705,0.5939859747886658,-0.06952133029699326,-1.130112886428833,-0.14999999999999997
2.995802879333496,0.17105448246002197,0.6916650533676147,0.01654941961169243,-0.02151712030172348,-0.31011509895324707,-0.9503113031387329,-0.5008826851844788,-0.06,-0.13176995515823364,0.37957730889320374,0.08894467353820801,0.06267667561769485,-0.03326251730322838,0.06,-0.24778635799884796,0.15497080981731415,-0.04536116123199463,-0.19112251698970795,0.6793710589408875,-1.4179035425186157,0.06929583102464676,-0.7183099389076233,-0.004052591975778341,0.5667361617088318,-0.03405475243926048,-1.1429948806762695,-0.14999999999999997
3.0024378299713135,0.1762463003396988,0.6885356903076172,0.02523130737245083,-0.02229815535247326,-0.3125572204589844,-0.9493018984794617,-0.4660201966762543,-0.06,-0.12967051565647125,0.3250851035118103,0.09493975341320038,0.0828767865896225,-0.02497384324669838,0.06,-0.2544105052947998,0.1538347601890564,-0.04337413236498833,-0.19968360662460327,0.6761844754219055,-1.4218358993530273,0.07473519444465637,-0.7313951849937439,-0.029164232313632965,0.5423101782798767,-0.03,-1.141663670539856,-0.14999999999999997
3.0093021392822266,0.18151213228702545,0.6846281886100769,0.03586362674832344,-0.022646987810730934,-0.31296518445014954,-0.9488170146942139,-0.43122419714927673,-0.06,-0.1259666383266449,0.29000000000000004,0.07765481621026993,0.09441366046667099,-0.024941274896264076,0.06,-0.2555958926677704,0.1695227175951004,-0.04220595955848694,-0.22258538007736206,0.6809259057044983,-1.4284409284591675,0.06815323978662491,-0.7404794096946716,-0.05609995871782303,0.523414134979248,-0.03,-1.1268140077590942,-0.14999999999999997
3.01334810256958,0.1877872198820114,0.6851658821105957,0.038144901394844055,-0.026996681466698647,-0.31586623191833496,-0.9476521015167236,-0.4200868606567383,-0.06,-0.13293059170246124,0.29000000000000004,0.1011042669415474,0.08839208632707596,-0.03259811922907829,0.06,-0.25688084959983826,0.18904554843902588,-0.04183739051222801,-0.2300470471382141,0.6828920841217041,-1.415958046913147,0.054215800017118454,-0.7292141318321228,-0.07732749730348587,0.5179891586303711,-0.03,-1.1065430641174316,-0.14999999999999997
3.0167763233184814,0.19426780939102173,0.6861540079116821,0.037232253700494766,-0.03038027323782444,-0.3177469074726105,-0.9469570517539978,-0.40309974551200867,-0.06,-0.1315096616744995,0.29000000000000004,0.1070021465420723,0.08860903233289719,-0.03924499824643135,0.06,-0.25163212418556213,0.2133374959230423,-0.040225572884082794,-0.2390720248222351,0.689207911491394,-1.4050313234329224,0.035274967551231384,-0.7133102416992188,-0.08082254230976105,0.521398663520813,-0.03,-1.080474615097046,-0.11422271281480789
3.020366907119751,0.20031198859214783,0.6875475645065308,0.036539893597364426,-0.0320114940404892,-0.318634569644928,-0.9466318488121033,-0.38090887665748596,-0.06,-0.1280517280101776,0.29000000000000004,0.1121613010764122,0.09071263670921326,-0.04807731509208679,0.06,-0.24175578355789185,0.24729856848716736,-0.029254043474793434,-0.2432088553905487,0.6988890171051025,-1.4046285152435303,0.03,-0.7001874446868896,-0.08041679114103317,0.5281165242195129,-0.03,-1.049135684967041,-0.06856974959373474
3.0244264602661133,0.20554161071777344,0.6896490454673767,0.037960879504680634,-0.031827352941036224,-0.3179713487625122,-0.9468051791191101,-0.3566921055316925,-0.06,-0.12324681133031845,0.29000000000000004,0.11497609317302704,0.0922335684299469,-0.06456957012414932,0.06,-0.22750285267829895,0.2985457479953766,-0.014364742673933506,-0.23954994976520538,0.7128509283065796,-1.4169425964355469,0.03,-0.6937200427055359,-0.0919419378042221,0.5372607707977295,-0.03562713414430618,-1.0092802047729492,-0.03300336375832558
3.029113292694092,0.21013067662715912,0.692364513874054,0.04094545170664787,-0.029441267251968384,-0.315456748008728,-0.947598934173584,-0.3299984633922577,-0.06,-0.11508172750473022,0.29000000000000004,0.11540308594703674,0.09092184156179428,-0.08863070607185364,0.06,-0.20866800844669342,0.3690747916698456,-0.00564062362536788,-0.22712752223014832,0.7308562397956848,-1.4348751306533813,0.03,-0.6883041262626648,-0.12258576601743698,0.5516164302825928,-0.04245653375983238,-0.9600362181663513,-0.004395859315991402
3.034208297729492,0.21441523730754852,0.6951330900192261,0.04355559125542641,-0.024829434230923653,-0.3112267255783081,-0.9490121603012085,-0.2996968626976013,-0.06,-0.10168644785881042,0.29000000000000004,0.1151740774512291,0.08565878868103027,-0.11876138299703598,0.06,-0.1798132359981537,0.4616621732711792,0.003690249053761363,-0.20743510127067566,0.7514315843582153,-1.4517406225204468,0.03,-0.6761126518249512,-0.14999999999999997,0.5735132098197937,-0.057825718075037,-0.9060055017471313,0.03131283074617386
3.0394248962402344,0.2186964750289917,0.6975014209747314,0.04394031688570976,-0.018436452373862267,-0.30599620938301086,-0.9508394598960876,-0.2621303200721741,-0.05568520352244377,-0.08288250118494034,0.29000000000000004,0.11523773521184921,0.07985666394233704,-0.15303051471710205,0.06,-0.14414441585540771,0.5782202482223511,0.013385766185820103,-0.2164851874113083,0.7725812196731567,-1.4617054462432861,0.03,-0.6532806754112244,-0.14999999999999997,0.6045554876327515,-0.08705547451972961,-0.8519377112388611,0.07563934475183487
3.044630527496338,0.22280287742614746,0.6992968916893005,0.042524971067905426,-0.011498432606458664,-0.30140745639801025,-0.9524771571159363,-0.2205466777086258,-0.04952861741185188,-0.06340651214122772,0.29000000000000004,0.11549026519060135,0.07571052014827728,-0.18792979419231415,0.06,-0.1108756735920906,0.6981753706932068,0.02323554828763008,-0.2362196445465088,0.7910922765731812,-1.4676547050476074,0.03,-0.6211469769477844,-0.14999999999999997,0.643008828163147,-0.12273389846086502,-0.796704113483429,0.11588418483734131
3.049717903137207,0.22642993927001953,0.7005902528762817,0.04072381928563118,-0.005368851590901613,-0.29857465624809265,-0.95350182056427,-0.18239277601242065,-0.04605461657047272,-0.04801030829548836,0.29000000000000004,0.11539331078529358,0.07237094640731812,-0.22190651297569275,0.05899061635136604,-0.08719854056835175,0.8012439608573914,0.03417757898569107,-0.23480229079723358,0.8060184121131897,-1.478113055229187,0.03,-0.5858926177024841,-0.14999999999999997,0.6838626265525818,-0.15649691224098206,-0.7389204502105713,0.1466422975063324
3.0545847415924072,0.22954271733760834,0.7014885544776917,0.03885903209447861,-0.0007666535093449056,-0.2972494661808014,-0.9540084004402161,-0.1482468843460083,-0.04457923769950867,-0.036896638572216034,0.29000000000000004,0.1146412193775177,0.07164375483989716,-0.2576281726360321,0.04870833829045296,-0.07246293872594833,0.8863255381584167,0.042001862078905106,-0.21317754685878754,0.8193932771682739,-1.4905641078948975,0.03127394989132881,-0.5508634448051453,-0.14999999999999997,0.7222745418548584,-0.1866523176431656,-0.6819795966148376,0.1743709146976471
3.059194564819336,0.23225173354148865,0.7019829154014587,0.03643212839961052,0.0021194880828261375,-0.29697278141975403,-0.9541882872581482,-0.11514484137296677,-0.045820217579603195,-0.02863038145005703,0.29000000000000004,0.11183054000139236,0.07617257535457611,-0.30032044649124146,0.034682080149650574,-0.061086464673280716,0.9639779329299927,0.04586323723196983,-0.1862408071756363,0.8321085572242737,-1.4979395866394043,0.03798311576247215,-0.5133369565010071,-0.14999999999999997,0.7571253776550293,-0.2142029106616974,-0.6297134757041931,0.20639118552207947
3.0636725425720215,0.23471078276634216,0.7020293474197388,0.03294897824525833,0.0038841613568365574,-0.29737481474876404,-0.9541840553283691,-0.08216527849435806,-0.05019257962703705,-0.021850284188985825,0.29000000000000004,0.10618726909160614,0.08398815244436264,-0.35020768642425537,0.016536016017198563,-0.049173034727573395,1.0382769107818604,0.04990845173597336,-0.16673211753368378,0.8441177606582642,-1.4991388320922852,0.04446768760681152,-0.4742085337638855,-0.14999999999999997,0.789582371711731,-0.2382918894290924,-0.5814887881278992,0.24709144234657288
3.0682058334350586,0.23701956868171692,0.7015710473060608,0.028414517641067505,0.005176289472728968,-0.2985020577907562,-0.953971803188324,-0.0521366186439991,-0.057355016469955444,-0.017176439985632896,0.29000000000000004,0.10117321461439133,0.08992503583431244,-0.4013488292694092,-0.005239029414951801,-0.03654460608959198,1.0980875492095947,0.05608353018760681,-0.158824622631073,0.8544446229934692,-1.4970978498458862,0.05051053687930107,-0.43879300355911255,-0.14999999999999997,0.8210680484771729,-0.25512102246284485,-0.5330495834350586,0.29355308413505554
3.072829484939575,0.23926274478435516,0.700620174407959,0.02271781861782074,0.0060861846432089806,-0.3008851706981659,-0.9533702731132507,-0.0276079960167408,-0.06,-0.01629701256752014,0.29000000000000004,0.09885095059871674,0.09116990119218826,-0.4489125609397888,-0.031482335180044174,-0.023870471864938736,1.1328586339950562,0.06258120387792587,-0.16233928501605988,0.8616190552711487,-1.4925457239151,0.056252773851156235,-0.41116517782211304,-0.14999999999999997,0.8542682528495789,-0.2605358064174652,-0.4811653196811676,0.336277037858963
3.0774734020233154,0.24148046970367432,0.6992147564888,0.015603261068463326,0.0065084826201200485,-0.3048836290836334,-0.9522395730018616,-0.00846533477306366,-0.06,-0.01995723508298397,0.29000000000000004,0.09846217930316925,0.08822042495012283,-0.4920475482940674,-0.0633445605635643,-0.010962781496345997,1.142511010169983,0.06654921919107437,-0.17354491353034973,0.8650476932525635,-1.4835124015808105,0.06151728704571724,-0.3915559947490692,-0.14999999999999997,0.8903909921646118,-0.2547972798347473,-0.4257145822048187,0.37133505940437317
3.082040548324585,0.24354448914527893,0.6973921060562134,0.007288149558007717,0.006216905545443296,-0.310315877199173,-0.950585126876831,0.005327509716153145,-0.06,-0.02792518027126789,0.29000000000000004,0.10045789927244186,0.08220218867063522,-0.5316817164421082,-0.10030810534954071,0.0029436417389661074,1.1311619281768799,0.0685846284031868,-0.1842031180858612,0.865810215473175,-1.469153881072998,0.06436789780855179,-0.37596625089645386,-0.14999999999999997,0.9277512431144714,-0.2408456802368164,-0.3696399927139282,0.4011538028717041
3.0864996910095215,0.24516625702381134,0.6952581405639648,-0.0014025853015482426,0.00493195466697216,-0.31688642501831055,-0.9484496116638184,0.012526175007224083,-0.06,-0.03985494747757912,0.29000000000000004,0.10675967484712601,0.07360566407442093,-0.5666408538818359,-0.14074841141700745,0.016031499952077866,1.101167917251587,0.07045718282461166,-0.1864006519317627,0.8648865818977356,-1.4506891965866089,0.06316135078668594,-0.35805225372314453,-0.14999999999999997,0.9619172215461731,-0.22148627042770386,-0.31374549865722656,0.4282541573047638
3.0909152030944824,0.2460935413837433,0.6929634213447571,-0.009732076898217201,0.0024811946786940098,-0.3240824043750763,-0.9459754228591919,0.01313270628452301,-0.06,-0.054446637630462646,0.29000000000000004,0.11703226715326309,0.06336548179388046,-0.5952970385551453,-0.18289518356323242,0.02666318230330944,1.0577507019042969,0.07578781992197037,-0.18639397621154785,0.8626450300216675,-1.4289394617080688,0.059158504009246826,-0.33031466603279114,-0.14999999999999997,0.9889298677444458,-0.19961129128932953,-0.2551442086696625,0.4524834454059601
3.0952892303466797,0.24636797606945038,0.6910496354103088,-0.018034225329756737,-0.0011288305977359414,-0.3310706615447998,-0.9434328675270081,0.009309673681855202,-0.06,-0.06857220828533173,0.29000000000000004,0.11499752849340439,0.05272094905376434,-0.6168233752250671,-0.22599712014198303,0.03625636175274849,1.0062789916992188,0.08689957112073898,-0.18866842985153198,0.8602361083030701,-1.4023950099945068,0.05310118943452835,-0.2886667251586914,-0.14999999999999997,1.0080962181091309,-0.17771397531032562,-0.19157671928405762,0.4737335443496704
3.0997447967529297,0.2459908276796341,0.6891327500343323,-0.02605871483683586,-0.005454033147543669,-0.3367634415626526,-0.9412127733230591,0.0030730892904102802,-0.06,-0.08038162440061569,0.29000000000000004,0.1122899278998375,0.04181825369596481,-0.6310817003250122,-0.2665237486362457,0.04601186886429787,0.9509560465812683,0.10086788982152939,-0.1903785616159439,0.8602008819580078,-1.3733758926391602,0.043332625180482864,-0.2349531650543213,-0.14999999999999997,1.0213816165924072,-0.15617799758911133,-0.12484345585107803,0.4899570941925049
3.1043031215667725,0.24513718485832214,0.6871011853218079,-0.034326765686273575,-0.010153916664421558,-0.34050825238227844,-0.9395596981048584,-0.004022256005555391,-0.06,-0.08812988549470901,0.29000000000000004,0.10890881717205048,0.030174706131219864,-0.6381281018257141,-0.3023730218410492,0.05712154507637024,0.8940162062644958,0.11300447583198547,-0.1861191987991333,0.8643649220466614,-1.344070315361023,0.03,-0.17396458983421326,-0.14999999999999997,1.0343925952911377,-0.13352319598197937,-0.06325086951255798,0.5002382397651672
3.1090335845947266,0.24390633404254913,0.6848906874656677,-0.04310284182429314,-0.014940251596271992,-0.34237557649612427,-0.9384550452232361,-0.011322962120175362,-0.06,-0.09174540638923645,0.29000000000000004,0.10518142580986023,0.017204003408551216,-0.6381306052207947,-0.3316211700439453,0.06871125102043152,0.8385725617408752,0.11948014050722122,-0.1787191480398178,0.8714703321456909,-1.3163774013519287,0.03,-0.11103234440088272,-0.14999999999999997,1.0507168769836426,-0.1096171885728836,-0.013114993460476398,0.5061717629432678
3.1140379905700684,0.24224384129047394,0.6826097965240479,-0.05210786685347557,-0.019538305699825287,-0.34282660484313965,-0.9377488493919373,-0.018510907888412476,-0.06,-0.09216149896383286,0.29000000000000004,0.1003403291106224,0.0029598199762403965,-0.6301363110542297,-0.35184404253959656,0.07804306596517563,0.785718560218811,0.11890246719121933,-0.16992464661598206,0.8779455423355103,-1.2918323278427124,0.03,-0.050383955240249634,-0.14999999999999997,1.0693658590316772,-0.08718881011009216,0.02597561478614807,0.5117105841636658
3.119375705718994,0.24009521305561066,0.6803282499313354,-0.061059772968292236,-0.02373402565717697,-0.34248512983322144,-0.9372364282608032,-0.02552209421992302,-0.06,-0.09075920283794403,0.29000000000000004,0.09441515803337097,-0.012449878267943859,-0.6130988597869873,-0.3617776930332184,0.08294406533241272,0.7349647283554077,0.11311383545398712,-0.16058042645454407,0.8804171085357666,-1.2712057828903198,0.03,0.005719149485230446,-0.14999999999999997,1.0884343385696411,-0.06888971477746964,0.05588526651263237,0.5196363925933838
3.1249992847442627,0.23753643035888672,0.6779524087905884,-0.070152647793293,-0.02764725871384144,-0.34177684783935547,-0.936751127243042,-0.03246854618191719,-0.06,-0.08853043615818024,0.29000000000000004,0.08752797544002533,-0.02871347777545452,-0.5887417793273926,-0.3625452220439911,0.0845559611916542,0.6851952075958252,0.10395047813653946,-0.15232282876968384,0.8774577379226685,-1.253769040107727,0.03,0.05791100487112999,-0.14398838579654694,1.107657790184021,-0.05510253086686134,0.07675305753946304,0.5285061597824097
3.130800724029541,0.2346011996269226,0.6757539510726929,-0.07897929102182388,-0.031504299491643906,-0.3410220742225647,-0.9362015724182129,-0.038388028740882874,-0.06,-0.08638942986726761,0.29000000000000004,0.07927335798740387,-0.0421077199280262,-0.5669195652008057,-0.359940767288208,0.09073524922132492,0.6452829241752625,0.10895995050668716,-0.14652390778064728,0.8690651059150696,-1.240105152130127,0.03,0.10669998824596405,-0.1367403268814087,1.1248639822006226,-0.044784896075725555,0.08937838673591614,0.5365113615989685
3.136704444885254,0.23072683811187744,0.6756104230880737,-0.08145836740732193,-0.03323477506637573,-0.3398565649986267,-0.9363532662391663,-0.039635658264160156,-0.06,-0.08306265622377396,0.29000000000000004,0.06767337024211884,-0.048714637756347656,-0.5661454200744629,-0.35577139258384705,0.0973726361989975,0.6493127942085266,0.152035653591156,-0.15460357069969177,0.8586961627006531,-1.2374293804168701,0.03,0.1457100212574005,-0.13217121362686157,1.1286917924880981,-0.037901464849710464,0.10349209606647491,0.5435709357261658
3.1423444747924805,0.22684916853904724,0.6762030124664307,-0.0809989795088768,-0.03262294828891754,-0.3374640941619873,-0.9372794032096863,-0.03615004941821098,-0.06,-0.07806473225355148,0.29000000000000004,0.05464046448469162,-0.05510091409087181,-0.5614760518074036,-0.34223705530166626,0.09185247868299484,0.6546701192855835,0.1356303095817566,-0.1627591848373413,0.8482319116592407,-1.2392023801803589,0.03,0.175459623336792,-0.12349778413772583,1.1301019191741943,-0.03133717179298401,0.11357659101486206,0.5471132397651672
3.147357702255249,0.2232488989830017,0.6769274473190308,-0.07943377643823624,-0.031012266874313354,-0.33430784940719604,-0.9385982155799866,-0.0326288677752018,-0.06,-0.07187829166650772,0.29000000000000004,0.04214779660105705,-0.06353980302810669,-0.5528920888900757,-0.3264922797679901,0.08492862433195114,0.6550138592720032,0.12385132163763046,-0.1674654334783554,0.8357645273208618,-1.2409641742706299,0.03,0.19952023029327393,-0.11714518815279007,1.1320641040802002,-0.03,0.11922008544206619,0.5556920766830444
3.1517140865325928,0.21996921300888062,0.6775472164154053,-0.07722564786672592,-0.028926102444529533,-0.3313840329647064,-0.9398850798606873,-0.02869715355336666,-0.06,-0.06627169251441956,0.29000000000000004,0.031130865216255188,-0.07294142991304398,-0.5425001382827759,-0.3105723559856415,0.07645658403635025,0.6528042554855347,0.11274051666259766,-0.17035794258117676,0.81868577003479,-1.2413849830627441,0.03,0.21609319746494293,-0.11762875318527222,1.136093258857727,-0.03,0.12364853173494339,0.5649661421775818
3.1556077003479004,0.2170129418373108,0.6781776547431946,-0.07483715564012527,-0.02661077491939068,-0.32848936319351196,-0.9411619305610657,-0.025967610999941826,-0.06,-0.05995834618806839,0.29000000000000004,0.02712504379451275,-0.0806959941983223,-0.5308911204338074,-0.2951051592826843,0.06772502511739731,0.6482471227645874,0.10257238894701004,-0.1716599464416504,0.7993667721748352,-1.241712212562561,0.03,0.2247878462076187,-0.11804039031267166,1.1425580978393555,-0.03,0.12432592362165451,0.564618706703186
3.1591527462005615,0.2142995446920395,0.6789245009422302,-0.07216230779886246,-0.024552447721362114,-0.3250114619731903,-0.9426331520080566,-0.02417757175862789,-0.06,-0.05293489992618561,0.29000000000000004,0.019684134051203728,-0.08866965770721436,-0.5191556215286255,-0.2791630029678345,0.06004560738801956,0.6402908563613892,0.0929068997502327,-0.17058156430721283,0.7812997102737427,-1.2442543506622314,0.03,0.22561798989772797,-0.1175251230597496,1.1469180583953857,-0.03,0.11778952181339264,0.5614628791809082
3.1623966693878174,0.21180486679077148,0.6796842217445374,-0.06917118281126022,-0.022998863831162453,-0.3210771083831787,-0.9442434906959534,-0.023387016728520393,-0.06,-0.045234695076942444,0.29000000000000004,0.01208350621163845,-0.0962439700961113,-0.508564829826355,-0.2628033757209778,0.05384264141321182,0.6302714347839355,0.08374849706888199,-0.16776634752750397,0.7649902701377869,-1.2503708600997925,0.03,0.21879789233207703,-0.11717107146978378,1.147646427154541,-0.03,0.10483963042497635,0.559208333492279
3.1653873920440674,0.2095956653356552,0.680342435836792,-0.06620535999536514,-0.02196953259408474,-0.31699439883232117,-0.9458587169647217,-0.023483388125896454,-0.06,-0.0374373234808445,0.29000000000000004,0.005203867331147194,-0.10361837595701218,-0.4999583661556244,-0.24708789587020874,0.04961486533284187,0.620435357093811,0.07547404617071152,-0.1645973175764084,0.7496843934059143,-1.259260654449463,0.03,0.20740604400634766,-0.11802369356155396,1.1461325883865356,-0.03,0.08660539239645004,0.5561815500259399
3.1681718826293945,0.20772157609462738,0.6808385848999023,-0.06358235329389572,-0.021403111517429352,-0.3129265010356903,-0.9474048614501953,-0.023984214290976524,-0.06,-0.029777830466628075,0.29000000000000004,-0.0008912217454053462,-0.11079441010951996,-0.49374765157699585,-0.23285384476184845,0.0476367361843586,0.6124659180641174,0.06824769079685211,-0.16212894022464752,0.7350690364837646,-1.2700552940368652,0.03,0.19519257545471191,-0.11982384324073792,1.1437259912490845,-0.03,0.06449577957391739,0.5502671003341675
3.170823097229004,0.20619095861911774,0.681171178817749,-0.06138665974140167,-0.021015560254454613,-0.3089216947555542,-0.9488716721534729,-0.024433419108390808,-0.06,-0.022242581471800804,0.29000000000000004,-0.006259048357605934,-0.1182316243648529,-0.48916029930114746,-0.22020694613456726,0.04745803400874138,0.6068045496940613,0.06201735511422157,-0.16082631051540375,0.7215306162834167,-1.2821989059448242,0.03,0.18354898691177368,-0.12165399640798569,1.1406117677688599,-0.03,0.04034220799803734,0.5409437417984009
3.173389196395874,0.20496414601802826,0.6813905239105225,-0.05945390835404396,-0.02055254764854908,-0.30512627959251404,-0.9502318501472473,-0.02478133514523506,-0.06,-0.015112051740288734,0.29000000000000004,-0.01101705338805914,-0.12629887461662292,-0.4849296808242798,-0.2088049352169037,0.0478849858045578,0.6026849746704102,0.05657618120312691,-0.1605081558227539,0.709155261516571,-1.2952560186386108,0.03,0.17128069698810577,-0.12398464232683182,1.1357715129852295,-0.03,0.015993228182196617,0.5307744145393372
3.175868511199951,0.20396609604358673,0.6815612316131592,-0.057483185082674026,-0.01994859240949154,-0.30172207951545715,-0.9514523148536682,-0.025708694010972977,-0.06,-0.008924181573092937,0.29000000000000004,-0.015424277633428574,-0.13528111577033997,-0.48013463616371155,-0.19809576869010925,0.04769514501094818,0.598770022392273,0.05165091156959534,-0.16054527461528778,0.6977902054786682,-1.3092576265335083,0.03,0.1556766927242279,-0.12746162712574005,1.1282538175582886,-0.03,-0.007174765691161156,0.5220605731010437
3.1782116889953613,0.20313067734241486,0.6817339658737183,-0.05522596836090088,-0.01927822455763817,-0.29877015948295593,-0.9525306820869446,-0.027894817292690277,-0.06,-0.003963734023272991,0.29000000000000004,-0.019604278728365898,-0.14512982964515686,-0.47448453307151794,-0.18758994340896606,0.0462997630238533,0.5938543081283569,0.047049857676029205,-0.16019873321056366,0.6875172853469849,-1.324438214302063,0.03,0.13419996201992035,-0.13168172538280487,1.118029236793518,-0.03,-0.028704587370157242,0.5147318243980408
3.180354356765747,0.20243296027183533,0.6819407939910889,-0.05259260535240173,-0.018617745488882065,-0.2961864471435547,-0.9534991979598999,-0.031276192516088486,-0.06,-8.191527740564197e-05,0.29000000000000004,-0.023484233766794205,-0.1553536355495453,-0.46802154183387756,-0.1770436316728592,0.043785616755485535,0.5872030854225159,0.04276171699166298,-0.15891766548156738,0.6787112951278687,-1.3408440351486206,0.03,0.10567930340766907,-0.13536874949932098,1.1058783531188965,-0.03,-0.04865861311554909,0.5071359276771545
3.1822407245635986,0.2018735706806183,0.6822099089622498,-0.049603912979364395,-0.017991142347455025,-0.293838769197464,-0.9543973803520203,-0.035256221890449524,-0.06,0.0031122227665036917,0.29000000000000004,-0.027021018788218498,-0.16520456969738007,-0.4607572555541992,-0.1664084941148758,0.04046774283051491,0.5783425569534302,0.03881731256842613,-0.15630950033664703,0.671746551990509,-1.3581459522247314,0.03,0.07030168920755386,-0.13764771819114685,1.0926992893218994,-0.03,-0.06724662333726883,0.4975200891494751
3.1838409900665283,0.20144903659820557,0.6825657486915588,-0.046321939677000046,-0.017415037378668785,-0.2916116714477539,-0.9552557468414307,-0.039223287254571915,-0.06,0.006007402203977108,0.29000000000000004,-0.030155159533023834,-0.17405466735363007,-0.45270124077796936,-0.15571537613868713,0.03666370362043381,0.566962480545044,0.03524579852819443,-0.15211202204227448,0.6668474674224854,-1.3756811618804932,0.03,0.029171254485845566,-0.13870613276958466,1.0791982412338257,-0.03,-0.08475201576948166,0.4843817353248596
3.1851398944854736,0.20114746689796448,0.683017909526825,-0.04284581542015076,-0.01691783033311367,-0.2893897593021393,-0.9561022520065308,-0.042812738567590714,-0.059040702879428864,0.00897439755499363,0.29000000000000004,-0.032809045165777206,-0.18151427805423737,-0.44398772716522217,-0.14505979418754578,0.03277675807476044,0.5529965162277222,0.032076604664325714,-0.1462041288614273,0.6641585230827332,-1.3926385641098022,0.03,-0.015423874370753765,-0.13931290805339813,1.0660629272460938,-0.04314694181084633,-0.10176021605730057,0.4657823443412781
3.1861348152160645,0.20094925165176392,0.6835323572158813,-0.03928788751363754,-0.016526635736227036,-0.28703808784484863,-0.9569703936576843,-0.04611046239733696,-0.0496019646525383,0.01229348685592413,0.29000000000000004,-0.035085275769233704,-0.18779593706130981,-0.4350685477256775,-0.13452734053134918,0.02936870977282524,0.5369961261749268,0.029325736686587334,-0.13876771926879883,0.6638663411140442,-1.4083430767059326,0.03,-0.06012539193034172,-0.1398324966430664,1.0540122985839844,-0.061567820608615875,-0.1195545569062233,0.43910202383995056
3.1868441104888916,0.20083902776241302,0.6840372681617737,-0.03580109775066376,-0.01623585820198059,-0.2844829857349396,-0.9578747749328613,-0.04958014562726021,-0.04074081405997276,0.016031155362725258,0.29000000000000004,-0.03695164993405342,-0.19360454380512238,-0.42658358812332153,-0.12433504313230515,0.02697260119020939,0.520207405090332,0.027007076889276505,-0.13040976226329803,0.6660301089286804,-1.4222759008407593,0.03,-0.10138808190822601,-0.13989172875881195,1.0436631441116333,-0.08036893606185913,-0.1401241421699524,0.40167614817619324
3.18733549118042,0.2008058726787567,0.6844519972801208,-0.032528284937143326,-0.01587737537920475,-0.28189826011657715,-0.9587612748146057,-0.05360901355743408,-0.03256855905056,0.019703509286046028,0.29000000000000004,-0.03845988214015961,-0.19989342987537384,-0.41871291399002075,-0.11481714993715286,0.02540668286383152,0.5042548179626465,0.025105798617005348,-0.12217532843351364,0.6702312231063843,-1.433751106262207,0.03,-0.1370137631893158,-0.1389072984457016,1.0354294776916504,-0.09850655496120453,-0.16536039113998413,0.3516921401023865
3.187709093093872,0.20083200931549072,0.6847097277641296,-0.02954428270459175,-0.015184550546109676,-0.27961957454681396,-0.9595359563827515,-0.05840369313955307,-0.024959729984402657,0.022484904155135155,0.29000000000000004,-0.03974687308073044,-0.20756135880947113,-0.41122353076934814,-0.10621734708547592,0.023962685838341713,0.4906404912471771,0.023551594465970993,-0.11518862098455429,0.6758052706718445,-1.4419622421264648,0.03,-0.16648906469345093,-0.136616513133049,1.0292452573776245,-0.11473659425973892,-0.19644024968147278,0.289318710565567
3.1880364418029785,0.20087969303131104,0.684765636920929,-0.02679511159658432,-0.013983851298689842,-0.2778858542442322,-0.9601383805274963,-0.06434641033411026,-0.017575860023498535,0.02369691990315914,0.29000000000000004,-0.04097864404320717,-0.2173120081424713,-0.4039265215396881,-0.09844290465116501,0.021928420290350914,0.48021188378334045,0.02220078743994236,-0.11011180281639099,0.682296872138977,-1.4463669061660767,0.03,-0.19038379192352295,-0.13336627185344696,1.0246052742004395,-0.12826909124851227,-0.23398283123970032,0.21653227508068085
3.1883492469787598,0.20089654624462128,0.6845898032188416,-0.02415858954191208,-0.012206202372908592,-0.2768850028514862,-0.9605216979980469,-0.07192667573690414,-0.010028993710875511,0.022714585065841675,0.29101988673210144,-0.0423138365149498,-0.22951215505599976,-0.3967679440975189,-0.09123184531927109,0.018743963912129402,0.47331956028938293,0.020892035216093063,-0.10723864287137985,0.6892688274383545,-1.4465185403823853,0.03,-0.20959873497486115,-0.13003641366958618,1.0210144519805908,-0.1388997882604599,-0.2786716818809509,0.13554298877716064
3.1886706352233887,0.20079733431339264,0.6841989755630493,-0.021358074620366096,-0.009748517535626888,-0.2768917679786682,-0.9606141448020935,-0.08135078847408295,-0.00159954815171659,0.01859809271991253,0.3177705407142639,-0.04402413219213486,-0.24408438801765442,-0.3890346586704254,-0.0840272605419159,0.013311034068465233,0.46912744641304016,0.01955999620258808,-0.10628628730773926,0.6958389282226562,-1.442136287689209,0.03,-0.22579273581504822,-0.12761832773685455,1.0173885822296143,-0.14663976430892944,-0.33132216334342957,0.04900166764855385
3.1890029907226562,0.2005261927843094,0.683632493019104,-0.018246978521347046,-0.006518155802041292,-0.27801206707954407,-0.9603820443153381,-0.0921076089143753,0.008040751330554485,0.011226115748286247,0.3486957848072052,-0.04619360715150833,-0.2603789269924164,-0.37992921471595764,-0.0764525905251503,0.0049799964763224125,0.4664303958415985,0.018038716167211533,-0.10662825405597687,0.700999915599823,-1.4330304861068726,0.03,-0.24150818586349487,-0.12650179862976074,1.012090802192688,-0.15231171250343323,-0.3912689983844757,-0.039081621915102005
3.1893298625946045,0.20007053017616272,0.6829038262367249,-0.01497215311974287,-0.002541476860642433,-0.27997782826423645,-0.9598862528800964,-0.10309731960296631,0.018487397581338882,0.0015274779871106148,0.38180187344551086,-0.04879871755838394,-0.2774491012096405,-0.3696536421775818,-0.06853695958852768,-0.005148270167410374,0.46517643332481384,0.016338640823960304,-0.10817012190818787,0.7037451267242432,-1.4192235469818115,0.03,-0.26053592562675476,-0.1262831687927246,1.0032068490982056,-0.15827533602714539,-0.45511892437934875,-0.12319979816675186
3.189685344696045,0.1993257999420166,0.6820108890533447,-0.011715336702764034,0.0019876835867762566,-0.28226155042648315,-0.9592638611793518,-0.11349167674779892,0.029431350529193878,-0.009454390034079552,0.4152114987373352,-0.052297402173280716,-0.29455894231796265,-0.3590499460697174,-0.05965766683220863,-0.008605437353253365,0.46594810485839844,0.016191134229302406,-0.11113690584897995,0.7031876444816589,-1.4015271663665771,0.03,-0.28717753291130066,-0.12544472515583038,0.9892259240150452,-0.16749028861522675,-0.5167478322982788,-0.14999999999999997
3.190188407897949,0.19807592034339905,0.6810646057128906,-0.008561467751860619,0.006786559708416462,-0.2848341464996338,-0.9585144519805908,-0.12282198667526245,0.040874332189559937,-0.021538395434617996,0.44669485092163086,-0.056753095239400864,-0.31032902002334595,-0.34861496090888977,-0.04628197103738785,0.007782441098242998,0.46937382221221924,0.0179202388972044,-0.11555474251508713,0.6981102824211121,-1.3809127807617188,0.03,-0.324613481760025,-0.12261617183685303,0.9704686403274536,-0.18111681938171387,-0.5688517093658447,-0.14999999999999997
3.190976619720459,0.19613149762153625,0.6804233193397522,-0.005607644561678171,0.01157303899526596,-0.2883356213569641,-0.9574429392814636,-0.12926271557807922,0.05264813452959061,-0.03585587069392204,0.47073760628700256,-0.06277378648519516,-0.32184287905693054,-0.33996841311454773,-0.026131337508559227,0.04833130165934563,0.47571125626564026,0.02071596495807171,-0.11795707046985626,0.6875056624412537,-1.3565958738327026,0.03,-0.37139105796813965,-0.11700185388326645,0.9499578475952148,-0.19793634116649628,-0.6059731245040894,-0.14999999999999997
3.1921334266662598,0.19342756271362305,0.68033766746521,-0.0032161094713956118,0.01608656719326973,-0.29385846853256226,-0.9557080268859863,-0.13174188137054443,0.0637902021408081,-0.05332965403795242,0.48325979709625244,-0.06973319500684738,-0.32604730129241943,-0.33110132813453674,0.0009594637667760253,0.10712666809558868,0.4828917980194092,0.02267025038599968,-0.11812827736139297,0.6711670160293579,-1.3277943134307861,0.03966820612549782,-0.4233286380767822,-0.10755572468042374,0.9310919046401978,-0.21782170236110687,-0.6241031289100647,-0.14999999999999997
3.1936018466949463,0.1901061236858368,0.6808468103408813,-0.0020039970986545086,0.01994948834180832,-0.3016022741794586,-0.9532228708267212,-0.1297357678413391,0.07267720252275467,-0.07284072041511536,0.48229435086250305,-0.0767493024468422,-0.3219178318977356,-0.31739917397499084,0.032635822892189026,0.17509575188159943,0.4829269349575043,0.02171163633465767,-0.1161177009344101,0.6527416706085205,-1.2968106269836426,0.0633482113480568,-0.478695809841156,-0.09269452095031738,0.914857804775238,-0.2414463609457016,-0.6217110753059387,-0.14999999999999997
3.1950035095214844,0.18647673726081848,0.6817617416381836,-0.0028114584274590015,0.022094517946243286,-0.3117288053035736,-0.9499099850654602,-0.12533535063266754,0.07612461596727371,-0.09469464421272278,0.4678226709365845,-0.08314541727304459,-0.308720201253891,-0.29717856645584106,0.06,0.24028415977954865,0.4686228334903717,0.018563183024525642,-0.12830740213394165,0.6365134716033936,-1.2658220529556274,0.07862196117639542,-0.5334519743919373,-0.07427063584327698,0.9003474712371826,-0.26824694871902466,-0.6038228273391724,-0.14999999999999997
3.1957850456237793,0.18277297914028168,0.6828803420066833,-0.005909106694161892,0.021155133843421936,-0.3246142864227295,-0.945591390132904,-0.12240033596754074,0.0717376247048378,-0.11982471495866776,0.44052788615226746,-0.08753474801778793,-0.2861297130584717,-0.27572792768478394,0.06,0.2859223186969757,0.44462135434150696,0.012728758156299591,-0.1350308507680893,0.6243427395820618,-1.234654426574707,0.08447827398777008,-0.5754736661911011,-0.06057414785027504,0.8850002884864807,-0.2951461672782898,-0.5774774551391602,-0.14999999999999997
3.195676326751709,0.17902028560638428,0.6844499111175537,-0.00857942458242178,0.017120052129030228,-0.33832696080207825,-0.9408337473869324,-0.1276310235261917,0.0648779422044754,-0.14215810596942902,0.4102824032306671,-0.08631723374128342,-0.25647830963134766,-0.2670299708843231,0.06,0.28462454676628113,0.4183228313922882,0.004488551523536444,-0.11130212992429733,0.6195613741874695,-1.2072293758392334,0.08413723111152649,-0.5980420708656311,-0.057127829641103745,0.8568784594535828,-0.3172071576118469,-0.5430795550346375,-0.14999999999999997
3.1951043605804443,0.17542767524719238,0.6866448521614075,-0.009903931058943272,0.012188458815217018,-0.34997037053108215,-0.936629056930542,-0.14555485546588898,0.0589376725256443,-0.14363573491573334,0.4116498827934265,-0.08412575721740723,-0.2511041462421417,-0.2645825743675232,0.05592616647481918,0.260753333568573,0.39028000831604004,0.0005229659145697951,-0.09585472196340561,0.6237477660179138,-1.1795541048049927,0.08480693399906158,-0.604794979095459,-0.06052614748477936,0.8122370839118958,-0.3295983076095581,-0.5083115696907043,-0.14999999999999997
3.194498062133789,0.17237630486488342,0.6885843276977539,-0.01142940204590559,0.008100435137748718,-0.3617404103279114,-0.9321735501289368,-0.1665978878736496,0.053481291979551315,-0.12512370944023132,0.4432038962841034,-0.08258306235074997,-0.2819942831993103,-0.2610540986061096,0.04347631335258484,0.23687002062797546,0.3659117817878723,-0.0017582474974915385,-0.08317981660366058,0.626844048500061,-1.145065188407898,0.09110996127128601,-0.6013454794883728,-0.05906050279736519,0.7572447657585144,-0.33681049942970276,-0.486699640750885,-0.14999999999999997
3.1937661170959473,0.1698334813117981,0.6900396347045898,-0.013311268761754036,0.004730502143502235,-0.3750078082084656,-0.9269139170646667,-0.18235939741134644,0.04964349418878555,-0.09383560717105865,0.4782717823982239,-0.0782972127199173,-0.31308513879776,-0.2595323324203491,0.030380088835954666,0.21028175950050354,0.35182514786720276,-0.0033675162121653557,-0.07718022912740707,0.6222878098487854,-1.102282166481018,0.10666724294424057,-0.5894840359687805,-0.050165560096502304,0.6928607821464539,-0.34802982211112976,-0.47952625155448914,-0.14999999999999997
3.192894458770752,0.1676686853170395,0.691270112991333,-0.014982860535383224,0.0020280368626117706,-0.3903175890445709,-0.9205561280250549,-0.19218243658542633,0.04831909388303757,-0.05509195476770401,0.5084869861602783,-0.07229979336261749,-0.3389769494533539,-0.25711214542388916,0.01676919497549534,0.17871585488319397,0.34141162037849426,-0.00461620232090354,-0.07452702522277832,0.6074806451797485,-1.0522162914276123,0.13322842121124268,-0.5697702169418335,-0.04159746319055557,0.6184324622154236,-0.3678065836429596,-0.4795088469982147,-0.14999999999999997
3.1918046474456787,0.16572365164756775,0.692454993724823,-0.015878479927778244,-0.0005922177224420011,-0.4072711765766144,-0.9131689071655273,-0.1979484260082245,0.05075914040207863,-0.004785004537552595,0.5299547910690308,-0.0702478289604187,-0.3562711179256439,-0.25293636322021484,0.003280491568148136,0.14259785413742065,0.32890260219573975,-0.005439272150397301,-0.07160472869873047,0.582838237285614,-0.9964545369148254,0.16955262422561646,-0.5387795567512512,-0.041903670877218246,0.5322090983390808,-0.3957342505455017,-0.4777085483074188,-0.14999999999999997
3.190256357192993,0.16395410895347595,0.6936567425727844,-0.01609879545867443,-0.003998734522610903,-0.4251488149166107,-0.9049713611602783,-0.20096780359745026,0.05588668957352638,0.06162174046039581,0.5384589433670044,-0.07382609695196152,-0.36215558648109436,-0.2493998110294342,-0.010699043981730938,0.10448119044303894,0.3142734169960022,-0.005084861069917679,-0.06751110404729843,0.5515000224113464,-0.9329207539558411,0.20955009758472443,-0.4921223223209381,-0.050740137696266174,0.4347682595252991,-0.4287410080432892,-0.4721362590789795,-0.14999999999999997
3.1881186962127686,0.1625235378742218,0.6948830485343933,-0.016243265941739082,-0.00824602972716093,-0.4439360499382019,-0.8958732485771179,-0.2011953592300415,0.0603472925722599,0.14060577750205994,0.5346916317939758,-0.07870806753635406,-0.36399659514427185,-0.24747002124786377,-0.026724543422460556,0.06493235379457474,0.3006235361099243,-0.003026854246854782,-0.06395590305328369,0.516499400138855,-0.8578425645828247,0.24585145711898804,-0.4306667447090149,-0.06267102807760239,0.3327758014202118,-0.4609498679637909,-0.4670075476169586,-0.14999999999999997
3.1854965686798096,0.16150739789009094,0.6960867047309875,-0.01627701334655285,-0.012808411382138729,-0.46383482217788696,-0.8856794834136963,-0.20006048679351807,0.06306639313697815,0.22536949813365936,0.5258394479751587,-0.08053439110517502,-0.3657165467739105,-0.24559544026851654,-0.04446332901716232,0.02270771935582161,0.28832483291625977,0.0005472077755257487,-0.061613038182258606,0.4794723689556122,-0.7725059390068054,0.2769828736782074,-0.36035045981407166,-0.07344494760036469,0.23046033084392548,-0.4868776202201843,-0.4645988345146179,-0.14999999999999997
3.182529926300049,0.1608378142118454,0.6971578001976013,-0.015797650441527367,-0.01697072759270668,-0.4849695861339569,-0.874223530292511,-0.19893595576286316,0.06533657014369965,0.3116697072982788,0.5182592272758484,-0.07922979444265366,-0.367224782705307,-0.24166756868362427,-0.06226784735918045,-0.02369707264006138,0.2764313519001007,0.0051329112611711025,-0.060288168489933014,0.4410291612148285,-0.6816539168357849,0.3050805330276489,-0.2865714728832245,-0.07979339361190796,0.12470728158950806,-0.5064880847930908,-0.46328189969062805,-0.14999999999999997
3.1792964935302734,0.16050542891025543,0.6980531215667725,-0.014717205427587032,-0.020705198869109154,-0.5074737668037415,-0.8612926006317139,-0.19859251379966736,0.06703541427850723,0.3992294371128082,0.5114460587501526,-0.07505816966295242,-0.3683209717273712,-0.23558558523654938,-0.07978176325559616,-0.07487736642360687,0.2654648423194885,0.010689690709114075,-0.060393042862415314,0.4006496071815491,-0.5870866775512695,0.33306562900543213,-0.20836566388607025,-0.07820414006710052,0.015232070349156857,-0.5171396136283875,-0.4620063006877899,-0.14999999999999997
3.1756885051727295,0.16067862510681152,0.6987804770469666,-0.01377725601196289,-0.02381766028702259,-0.5318979620933533,-0.8463612794876099,-0.19898927211761475,0.0649491623044014,0.4855429232120514,0.5051671266555786,-0.06275056302547455,-0.37072739005088806,-0.2270268052816391,-0.09896424412727356,-0.13190911710262299,0.2587859332561493,0.01805018074810505,-0.06413542479276657,0.35686880350112915,-0.4854690134525299,0.363486647605896,-0.12468212097883224,-0.06631225347518921,-0.09892374277114868,-0.520753800868988,-0.4582419991493225,-0.14999999999999997
3.171605348587036,0.1614764928817749,0.6991500854492188,-0.013558445498347282,-0.026039276272058487,-0.5586833357810974,-0.8288612365722656,-0.2012142390012741,0.057284146547317505,0.564521849155426,0.5039056539535522,-0.04227276146411896,-0.37552276253700256,-0.217019721865654,-0.12167294323444366,-0.1952376514673233,0.2629190683364868,0.027925483882427216,-0.07523071020841599,0.309393048286438,-0.3749326765537262,0.3976174592971802,-0.041617825627326965,-0.04460888355970383,-0.21796981990337372,-0.5200596451759338,-0.44929173588752747,-0.14999999999999997
3.1670639514923096,0.1629103124141693,0.6988310813903809,-0.01415230892598629,-0.027028340846300125,-0.5874304175376892,-0.8086993098258972,-0.20528766512870789,0.04494292661547661,0.6316829323768616,0.5102497935295105,-0.02053850330412388,-0.3800846040248871,-0.20623914897441864,-0.14836405217647552,-0.26355430483818054,0.2824370861053467,0.04060009866952896,-0.09596341848373413,0.2610928416252136,-0.2585183084011078,0.43637973070144653,0.029995065182447433,-0.01508030854165554,-0.339284211397171,-0.5176122784614563,-0.4341198205947876,-0.14999999999999997
3.1621768474578857,0.16498926281929016,0.6975193023681641,-0.015394429676234722,-0.026265760883688927,-0.617064893245697,-0.7863230109214783,-0.20872172713279724,0.029176894575357437,0.6842591762542725,0.5190333127975464,-0.004205203149467707,-0.38011133670806885,-0.1926547884941101,-0.17778600752353668,-0.3349910080432892,0.3161046802997589,0.05623997375369072,-0.12547127902507782,0.21673686802387238,-0.14126542210578918,0.4819028675556183,0.08336329460144043,0.020023372024297714,-0.45550355315208435,-0.5154484510421753,-0.41559794545173645,-0.14999999999999997
3.1571691036224365,0.1676492691040039,0.6946913599967957,-0.01670750044286251,-0.023264024406671524,-0.6467018127441406,-0.7622048854827881,-0.20888260006904602,0.010802344419062138,0.7154790759086609,0.5180228352546692,0.0031212549656629562,-0.3667997121810913,-0.1759054958820343,-0.20771467685699463,-0.40735533833503723,0.36422187089920044,0.07462124526500702,-0.16375234723091125,0.17938245832920074,-0.028423573821783066,0.5375851988792419,0.11772014945745468,0.05759863555431366,-0.5585987567901611,-0.5154129862785339,-0.39687561988830566,-0.14999999999999997
3.152432918548584,0.17080871760845184,0.689651608467102,-0.01730160415172577,-0.017143957316875458,-0.675796627998352,-0.7366854548454285,-0.20413701236248016,-0.0066166166216135025,0.7154754996299744,0.5012438893318176,0.0015882400330156088,-0.3388879597187042,-0.15528453886508942,-0.2346094399690628,-0.47726479172706604,0.4267428517341614,0.09520325809717178,-0.21139024198055267,0.14975126087665558,0.07377202808856964,0.6068150401115417,0.1336224228143692,0.09386154264211655,-0.6406774520874023,-0.5181915163993835,-0.37944912910461426,-0.14999999999999997
3.148327112197876,0.17422325909137726,0.6817053556442261,-0.016280649229884148,-0.007622589822858572,-0.7029934525489807,-0.7109689712524414,-0.19286935031414032,-0.017510492354631424,0.6837519407272339,0.4695395827293396,-0.005347488448023796,-0.29794490337371826,-0.1366359442472458,-0.2530026435852051,-0.5249097943305969,0.5052193999290466,0.11335287988185883,-0.2702414095401764,0.13113023340702057,0.15255197882652283,0.6921248435974121,0.12691572308540344,0.12718930840492249,-0.6910919547080994,-0.5247805714607239,-0.3678436279296875,-0.14999999999999997
3.143413782119751,0.17776045203208923,0.6761850714683533,-0.01830153912305832,0.0007232713978737593,-0.7271197438240051,-0.6862661838531494,-0.18713566660881042,-0.026408622041344643,0.6380570530891418,0.48016616702079773,0.0780944675207138,-0.31359851360321045,-0.12636931240558624,-0.2717020809650421,-0.5322555303573608,0.5900471806526184,0.12416929006576538,-0.30822208523750305,0.12531372904777527,0.1965828537940979,0.7703069448471069,0.09151879698038101,0.15841948986053467,-0.6972213983535767,-0.5372291803359985,-0.36089441180229187,-0.14999999999999997
3.138010263442993,0.18159140646457672,0.6737260818481445,-0.023267248645424843,0.007806663401424885,-0.750939667224884,-0.6599145531654358,-0.17084063589572906,-0.0447106696665287,0.5955541729927063,0.4767155349254608,0.15139326453208923,-0.31525692343711853,-0.12430976331233978,-0.28389155864715576,-0.5089311599731445,0.6748353242874146,0.11521867662668228,-0.32752254605293274,0.11855139583349228,0.2145095020532608,0.8368898630142212,0.04593220725655556,0.1615484654903412,-0.6671590805053711,-0.5463557243347168,-0.3548928499221802,-0.14999999999999997
3.1319336891174316,0.1852034032344818,0.6739121079444885,-0.029433323070406914,0.012332631275057793,-0.7762384414672852,-0.6296312212944031,-0.15126000344753265,-0.06,0.5257583260536194,0.4627256691455841,0.15857578814029694,-0.30732834339141846,-0.1359921246767044,-0.2905445694923401,-0.4640532433986664,0.7622502446174622,0.09831777960062027,-0.3314477801322937,0.1007939949631691,0.21661552786827087,0.885582447052002,0.007707643322646618,0.13251033425331116,-0.6211366653442383,-0.5511569380760193,-0.3425416052341461,-0.14999999999999997
3.1257827281951904,0.18850773572921753,0.6746019124984741,-0.03466600179672241,0.014783580787479877,-0.8027666211128235,-0.5951011180877686,-0.12874804437160492,-0.06,0.4483286738395691,0.4347068965435028,0.17178240418434143,-0.2897610664367676,-0.16556169092655182,-0.2915371358394623,-0.4020829498767853,0.8579122424125671,0.0833728164434433,-0.3164198696613312,0.07156103849411011,0.2093280404806137,0.9224665760993958,-0.020613152533769608,0.08546239137649536,-0.5713814496994019,-0.5521098971366882,-0.3238675892353058,-0.14999999999999997
3.1197032928466797,0.1916983425617218,0.6748891472816467,-0.038983218371868134,0.015280395746231079,-0.8291627168655396,-0.5574369430541992,-0.10890231281518936,-0.06,0.3647468686103821,0.409817099571228,0.18533945083618164,-0.2715585231781006,-0.217396542429924,-0.291130006313324,-0.3220495879650116,0.9757770895957947,0.0748903676867485,-0.3129119873046875,0.0356350876390934,0.19792670011520386,0.9527302980422974,-0.04505985975265503,0.03523734584450722,-0.5254238843917847,-0.5536123514175415,-0.29233279824256897,-0.14999999999999997
3.1138806343078613,0.19520367681980133,0.6748279333114624,-0.04267199710011482,0.014989253133535385,-0.8543761968612671,-0.5176829099655151,-0.091421939432621,-0.06,0.2772788405418396,0.3936607837677002,0.1957106590270996,-0.2565942406654358,-0.28160035610198975,-0.2853182256221771,-0.23455269634723663,1.0972447395324707,0.0645083636045456,-0.2981322109699249,-7.641092815902084e-05,0.18219196796417236,0.9796514511108398,-0.07201391458511353,-0.014922886155545712,-0.480297327041626,-0.5603093504905701,-0.2550492286682129,-0.14999999999999997
3.1083059310913086,0.19924695789813995,0.6745929718017578,-0.045740339905023575,0.01445284578949213,-0.8775317668914795,-0.47711291909217834,-0.07561159878969193,-0.06,0.18954038619995117,0.3858754634857178,0.2035512924194336,-0.24577875435352325,-0.34507372975349426,-0.2712355852127075,-0.14975273609161377,1.1985387802124023,0.04903823882341385,-0.2698834240436554,-0.027886269614100456,0.15742076933383942,1.0030913352966309,-0.10593416541814804,-0.06872570514678955,-0.43277832865715027,-0.5751286149024963,-0.22140486538410187,-0.14999999999999997
3.102844476699829,0.20375888049602509,0.6741916537284851,-0.048003245145082474,0.013351013883948326,-0.8979169726371765,-0.43733569979667664,-0.062151920050382614,-0.06,0.10507842898368835,0.38493460416793823,0.20918497443199158,-0.23922781646251678,-0.40216293931007385,-0.25031793117523193,-0.07064802944660187,1.2709705829620361,0.02723853848874569,-0.251800000667572,-0.04187340661883354,0.12235505133867264,1.0207343101501465,-0.14409971237182617,-0.1277090162038803,-0.3824484050273895,-0.5979528427124023,-0.19604021310806274,-0.14999999999999997
3.0974221229553223,0.20862285792827606,0.6738225221633911,-0.049424830824136734,0.011438397690653801,-0.915762722492218,-0.3985033333301544,-0.04958435893058777,-0.06,0.02343476377427578,0.3856137990951538,0.2126706838607788,-0.23420661687850952,-0.4519958794116974,-0.225584015250206,0.00042679288890212774,1.3146116733551025,-0.006093751173466444,-0.2514542043209076,-0.0426730215549469,0.0805225521326065,1.0278091430664062,-0.17876297235488892,-0.14999999999999997,-0.3291594088077545,-0.6249268054962158,-0.18166415393352509,-0.14999999999999997
3.0920417308807373,0.21377894282341003,0.6737268567085266,-0.050142720341682434,0.00883963517844677,-0.9316696524620056,-0.35972079634666443,-0.0358504094183445,-0.06,-0.05792006105184555,0.3835342526435852,0.21419884264469147,-0.22807322442531586,-0.4956832528114319,-0.20010842382907867,0.0631328746676445,1.3340110778808594,-0.046894464641809464,-0.2651107907295227,-0.03491313382983208,0.03685590252280235,1.0210007429122925,-0.20605787634849548,-0.14999999999999997,-0.27429577708244324,-0.6512181758880615,-0.1757921725511551,-0.14999999999999997
3.086796760559082,0.21917709708213806,0.6739649176597595,-0.05006476119160652,0.0057696267031133175,-0.9460959434509277,-0.3199416399002075,-0.021655993536114693,-0.06,-0.1416274756193161,0.3791528642177582,0.2132604420185089,-0.22046633064746857,-0.5355234742164612,-0.17640472948551178,0.11906173080205917,1.3354614973068237,-0.08335519582033157,-0.28989192843437195,-0.023000676184892654,-0.005364902783185244,1.0004918575286865,-0.22865070402622223,-0.14999999999999997,-0.21830646693706512,-0.6732707619667053,-0.17325004935264587,-0.14999999999999997
3.0817689895629883,0.22479698061943054,0.6745026707649231,-0.049064770340919495,0.0024422858841717243,-0.9591534733772278,-0.27858757972717285,-0.008382926695048809,-0.06,-0.22897344827651978,0.3741845190525055,0.20991860330104828,-0.21203987300395966,-0.5731213688850403,-0.1565496027469635,0.1687779575586319,1.323043942451477,-0.10885489732027054,-0.31667855381965637,-0.008603986352682114,-0.04645992070436478,0.9685381054878235,-0.2556076645851135,-0.14999999999999997,-0.1582951545715332,-0.688969075679779,-0.1723317950963974,-0.14371848106384277
3.077213764190674,0.23121197521686554,0.6757779717445374,-0.04691388085484505,0.0006187243270687759,-0.9704722762107849,-0.23660524189472198,0.0032741499599069357,-0.06,-0.3182779550552368,0.3704395890235901,0.20277109742164612,-0.20495423674583435,-0.6075794100761414,-0.13721224665641785,0.21073898673057556,1.2986198663711548,-0.12375786900520325,-0.3322577476501465,0.0103908097371459,-0.08950918167829514,0.9280738830566406,-0.2955211102962494,-0.14999999999999997,-0.0898962989449501,-0.6919785141944885,-0.17363953590393066,-0.1348065733909607
3.0728256702423096,0.23812425136566162,0.6772833466529846,-0.044099900871515274,-0.0007323722820729017,-0.9799195528030396,-0.19445355236530304,0.012781905941665173,-0.06,-0.40776532888412476,0.3682713508605957,0.19291436672210693,-0.19985930621623993,-0.6412045955657959,-0.12259217351675034,0.24769632518291473,1.2689368724822998,-0.1267281323671341,-0.3347778916358948,0.03596915677189827,-0.1350422352552414,0.8775970935821533,-0.3481566607952118,-0.14999999999999997,-0.009959734044969082,-0.6830973029136658,-0.17774751782417297,-0.13246548175811768
3.06819224357605,0.2451818287372589,0.6785107254981995,-0.04114098474383354,-0.0025515486486256123,-0.9874231219291687,-0.15263104438781738,0.02003008872270584,-0.06,-0.4958125054836273,0.3693044185638428,0.18226845562458038,-0.19767451286315918,-0.6725730299949646,-0.11579763144254684,0.28037387132644653,1.2347458600997925,-0.11991556733846664,-0.3272045850753784,0.07055211812257767,-0.1799279749393463,0.8192809820175171,-0.4105069041252136,-0.14999999999999997,0.08297579735517502,-0.66219562292099,-0.18583956360816956,-0.1308031976222992
3.063215494155884,0.2523615062236786,0.6793592572212219,-0.037989869713783264,-0.0048003895208239555,-0.993011474609375,-0.11163251101970673,0.02486744523048401,-0.06,-0.5815378427505493,0.37415242195129395,0.17088358104228973,-0.19912828505039215,-0.6989963054656982,-0.1163719967007637,0.3077313005924225,1.1936359405517578,-0.10649408400058746,-0.3161029517650604,0.11494138836860657,-0.22395764291286469,0.7549905180931091,-0.4781658351421356,-0.14999999999999997,0.18824860453605652,-0.6273000240325928,-0.19926123321056366,-0.12526659667491913
3.0578885078430176,0.2596738934516907,0.6798655390739441,-0.03425484895706177,-0.007489165291190147,-0.9967982769012451,-0.07185713201761246,0.027093105018138885,-0.06,-0.6647005081176758,0.3815610408782959,0.15885590016841888,-0.20364829897880554,-0.7200636267662048,-0.12157220393419266,0.3300756514072418,1.1465556621551514,-0.09005407243967056,-0.3064103126525879,0.16878336668014526,-0.2660927474498749,0.6857594847679138,-0.5430624485015869,-0.14999999999999997,0.3034215569496155,-0.577639102935791,-0.21810020506381989,-0.1147618368268013
3.052229881286621,0.2672271132469177,0.6801052689552307,-0.029517298564314842,-0.010496752336621284,-0.998937726020813,-0.033791039139032364,0.026441749185323715,-0.06,-0.7448720335960388,0.3900148272514343,0.1460736095905304,-0.21064580976963043,-0.7357972860336304,-0.12682904303073883,0.3494403064250946,1.0966283082962036,-0.07298502326011658,-0.2983419597148895,0.2314257174730301,-0.3063674867153168,0.61381995677948,-0.5981433391571045,-0.14999999999999997,0.4251266121864319,-0.5130119919776917,-0.24273748695850372,-0.09686969965696335
3.0462188720703125,0.27510470151901245,0.6799965500831604,-0.02370137721300125,-0.013740657828748226,-0.9996218681335449,0.002345179906114936,0.02251449041068554,-0.06,-0.8218236565589905,0.4003341794013977,0.1327776461839676,-0.2206929624080658,-0.7437186241149902,-0.12895676493644714,0.3684971332550049,1.0428991317749023,-0.053152792155742645,-0.2855518162250519,0.3015293478965759,-0.344897598028183,0.5421749353408813,-0.6388940811157227,-0.14999999999999997,0.5515989065170288,-0.4352755844593048,-0.2735292911529541,-0.06829594820737839
3.0398025512695312,0.2833162248134613,0.679460346698761,-0.01704704388976097,-0.01740916445851326,-0.9990358948707581,0.03651822358369827,0.01628451608121395,-0.06,-0.8953025341033936,0.4116062521934509,0.11925820261240005,-0.23334871232509613,-0.7405984997749329,-0.12677572667598724,0.3903595805168152,0.9839885234832764,-0.02753574214875698,-0.2689245641231537,0.37672680616378784,-0.38143810629844666,0.4737592935562134,-0.6622793078422546,-0.14999999999999997,0.6809050440788269,-0.34920385479927063,-0.30603137612342834,-0.024574454873800278
3.032933473587036,0.29186221957206726,0.6785090565681458,-0.009800869971513748,-0.021810710430145264,-0.9973546266555786,0.06864333152770996,0.00922190211713314,-0.06,-0.9651899933815002,0.4212758541107178,0.10593493282794952,-0.24733829498291016,-0.7245509028434753,-0.11999847739934921,0.4175605773925781,0.9196752905845642,0.0038392774295061827,-0.252107709646225,0.4541887640953064,-0.41576024889945984,0.41050389409065247,-0.6671302318572998,-0.14999999999999997,0.8105170130729675,-0.2601175010204315,-0.33228254318237305,0.036804284900426865
3.0256664752960205,0.30078232288360596,0.6770781874656677,-0.001733521232381463,-0.02708437852561474,-0.9947586059570312,0.09858334064483643,0.0006434126989915967,-0.06,-1.031262755393982,0.4294362962245941,0.09295022487640381,-0.2625194787979126,-0.6972536444664001,-0.10817676037549973,0.45125722885131836,0.8529036045074463,0.037330783903598785,-0.2409549504518509,0.5319885015487671,-0.4486904442310333,0.35201215744018555,-0.6551095843315125,-0.14999999999999997,0.9381165504455566,-0.17128193378448486,-0.3476833403110504,0.11335767805576324
3.0180792808532715,0.3101278841495514,0.6749604940414429,0.007418555673211813,-0.03312300145626068,-0.9914484620094299,0.12600691616535187,-0.01091594435274601,-0.06,-1.092778205871582,0.4391673803329468,0.08048669248819351,-0.2804264724254608,-0.662196695804596,-0.09080461412668228,0.4909450113773346,0.7887872457504272,0.0692632868885994,-0.23800444602966309,0.610223114490509,-0.4809945523738861,0.2959524393081665,-0.6321094036102295,-0.14999999999999997,1.0611661672592163,-0.08296429365873337,-0.35228362679481506,0.19937767088413239
3.0101521015167236,0.31980791687965393,0.6719450950622559,0.01723308488726616,-0.04001827910542488,-0.9876397252082825,0.15056341886520386,-0.024570230394601822,-0.06,-1.148612141609192,0.45240655541419983,0.06894342601299286,-0.3020265996456146,-0.6216797828674316,-0.06890416890382767,0.5342278480529785,0.7315187454223633,0.09811992943286896,-0.2324855923652649,0.6895169019699097,-0.5110434293746948,0.24118278920650482,-0.6070922613143921,-0.14999999999999997,1.1771348714828491,-0.03,-0.34684592485427856,0.2891213297843933
3.0019054412841797,0.3296118974685669,0.6679269075393677,0.027390941977500916,-0.048278555274009705,-0.983533501625061,0.1719902753829956,-0.03900184854865074,-0.06,-1.1952580213546753,0.46807292103767395,0.058885607868433,-0.32657763361930847,-0.5799121260643005,-0.04496046528220177,0.5801941752433777,0.6883853673934937,0.12840232253074646,-0.21042919158935547,0.7691625952720642,-0.5352731943130493,0.18964962661266327,-0.5845283269882202,-0.14999999999999997,1.2830710411071777,-0.03,-0.3316009044647217,0.3813350200653076
2.9938035011291504,0.3400845229625702,0.6656656265258789,0.037476006895303726,-0.05242174491286278,-0.9794620275497437,0.19105374813079834,-0.06142236664891243,-0.06,-1.216796636581421,0.47380530834198,0.048885274678468704,-0.3474312722682953,-0.5832600593566895,-0.03502093255519867,0.6338079571723938,0.7052673697471619,0.21153758466243744,-0.23107081651687622,0.8462788462638855,-0.5565396547317505,0.14398640394210815,-0.5696126222610474,-0.14999999999999997,1.3635544776916504,-0.03,-0.302429735660553,0.4828484356403351
2.9870665073394775,0.34975698590278625,0.665891706943512,0.04576138034462929,-0.053160808980464935,-0.9758883714675903,0.2066918909549713,-0.09546562284231186,-0.06,-1.190661072731018,0.49147987365722656,0.03744882717728615,-0.3729364573955536,-0.5984101295471191,-0.02559787780046463,0.6426281929016113,0.7278615832328796,0.22835920751094818,-0.2481154203414917,0.9174084067344666,-0.5684102773666382,0.1019127294421196,-0.5564407110214233,-0.14999999999999997,1.4251458644866943,-0.03,-0.26145657896995544,0.5902554392814636
2.9819350242614746,0.3579791486263275,0.6677564382553101,0.05295269563794136,-0.053862884640693665,-0.972632884979248,0.2197272777557373,-0.14175447821617126,-0.06,-1.1269320249557495,0.5365089774131775,0.02153410203754902,-0.4096234142780304,-0.6083076596260071,-0.025467148050665855,0.6223673820495605,0.7312790751457214,0.2240239679813385,-0.24992088973522186,0.9818991422653198,-0.5698777437210083,0.05913931131362915,-0.5432524681091309,-0.14999999999999997,1.4750739336013794,-0.03,-0.22973914444446564,0.6900476813316345
2.977764844894409,0.36507728695869446,0.6709542274475098,0.05880548059940338,-0.05463828518986702,-0.9691579341888428,0.2330005168914795,-0.19559893012046814,-0.06,-1.0442073345184326,0.5895300507545471,0.00749037554487586,-0.4379548728466034,-0.610154390335083,-0.03383611515164375,0.5902644991874695,0.7189480066299438,0.21389909088611603,-0.2435363084077835,1.0372470617294312,-0.5656290650367737,0.03,-0.5295901298522949,-0.14999999999999997,1.5158861875534058,-0.03,-0.20780383050441742,0.7738759517669678
2.974114179611206,0.3713386356830597,0.6745944619178772,0.06304164975881577,-0.055288027971982956,-0.9648817777633667,0.24894225597381592,-0.25350892543792725,-0.06,-0.9608251452445984,0.6451042294502258,-0.0009614615701138973,-0.4573532044887543,-0.6050652861595154,-0.0476774126291275,0.5517482161521912,0.7009296417236328,0.20518359541893005,-0.2365284562110901,1.0791159868240356,-0.56008380651474,0.03,-0.5186487436294556,-0.14999999999999997,1.5477943420410156,-0.03,-0.19527849555015564,0.8444238901138306
2.970824956893921,0.3769422471523285,0.6775715351104736,0.06620873510837555,-0.05605153366923332,-0.9593138694763184,0.26868438720703125,-0.3157556354999542,-0.06,-0.8899890780448914,0.7069960236549377,-0.007041964214295149,-0.47372621297836304,-0.5995247960090637,-0.06430943310260773,0.5092360973358154,0.6908555626869202,0.2027980089187622,-0.23617829382419586,1.1074038743972778,-0.5526758432388306,0.03,-0.5153127312660217,-0.14999999999999997,1.5734108686447144,-0.03,-0.19740228354930878,0.9070703983306885
2.9679481983184814,0.38219746947288513,0.6795609593391418,0.06940101087093353,-0.05618293955922127,-0.9523969292640686,0.29149091243743896,-0.3858709931373596,-0.06,-0.8322629928588867,0.7832634449005127,-0.018429666757583618,-0.4878181219100952,-0.5968090295791626,-0.08158188313245773,0.4617929756641388,0.6883786916732788,0.1980399489402771,-0.24071843922138214,1.1246626377105713,-0.5496147871017456,0.03,-0.5159772038459778,-0.14999999999999997,1.5924612283706665,-0.03,-0.21897661685943604,0.9674926996231079
2.965601921081543,0.38717857003211975,0.6807487607002258,0.07354238629341125,-0.05536603555083275,-0.9442607760429382,0.3160661458969116,-0.46441900730133057,-0.06,-0.7813830971717834,0.8769410252571106,-0.036449331790208817,-0.4955448508262634,-0.5976869463920593,-0.09945039451122284,0.40916815400123596,0.688324511051178,0.18318401277065277,-0.24616408348083496,1.1345529556274414,-0.5557365417480469,0.03,-0.5154666900634766,-0.14999999999999997,1.6046142578125,-0.03,-0.25768768787384033,1.0279783010482788
2.963796615600586,0.3917730450630188,0.6812311410903931,0.07831764221191406,-0.05388673394918442,-0.9348655939102173,0.3420359492301941,-0.5453067421913147,-0.06,-0.7340036630630493,0.9778115749359131,-0.058171357959508896,-0.48403123021125793,-0.6020728945732117,-0.11821199953556061,0.3545490503311157,0.6924248933792114,0.16604675352573395,-0.25382545590400696,1.1356536149978638,-0.5698330402374268,0.03,-0.5101682543754578,-0.14999999999999997,1.6099907159805298,-0.03,-0.3006947934627533,1.0918660163879395
2.9620611667633057,0.3957737684249878,0.6809455156326294,0.08261677622795105,-0.05230993032455444,-0.9239763617515564,0.36973732709884644,-0.6193031668663025,-0.06,-0.6891103982925415,1.0736167430877686,-0.07941707223653793,-0.4587175250053406,-0.6074252724647522,-0.13891853392124176,0.29798561334609985,0.704155445098877,0.15043281018733978,-0.2671779692173004,1.128491997718811,-0.5870431661605835,0.03,-0.5024569034576416,-0.1104661375284195,1.6105176210403442,-0.03,-0.34058159589767456,1.1565037965774536
2.9600117206573486,0.39919421076774597,0.6796839237213135,0.08564518392086029,-0.05037926509976387,-0.9114802479743958,0.3991623520851135,-0.6823476552963257,-0.06,-0.6481397151947021,1.1593513488769531,-0.10068589448928833,-0.43074753880500793,-0.611478865146637,-0.16089630126953125,0.23744425177574158,0.724414587020874,0.13482649624347687,-0.28739380836486816,1.1144722700119019,-0.6036765575408936,0.03,-0.4929588735103607,-0.07829521596431732,1.607228398323059,-0.03,-0.37582024931907654,1.2181329727172852
2.9576075077056885,0.402210533618927,0.6773571372032166,0.0874532088637352,-0.04737637937068939,-0.8976606726646423,0.4293164908885956,-0.7360041737556458,-0.06,-0.6110719442367554,1.2334214448928833,-0.12193012237548828,-0.40601494908332825,-0.6141166090965271,-0.18211312592029572,0.1728573739528656,0.7511411905288696,0.11798045784235,-0.3127054274082184,1.0974681377410889,-0.6188244223594666,0.03,-0.48155659437179565,-0.05500749871134758,1.6006555557250977,-0.03,-0.4080863893032074,1.274482250213623
2.954960346221924,0.4048774540424347,0.674164891242981,0.08817140012979507,-0.0429743193089962,-0.8830902576446533,0.4588359296321869,-0.7823812961578369,-0.06,-0.5761436223983765,1.293104887008667,-0.14086630940437317,-0.3878774046897888,-0.6149439811706543,-0.20102044939994812,0.10606124997138977,0.7808091044425964,0.10095304995775223,-0.3405047059059143,1.082275629043579,-0.6305647492408752,0.03,-0.4703718423843384,-0.03611644729971886,1.5915559530258179,-0.03,-0.4368166923522949,1.3233144283294678
2.952183961868286,0.4071991741657257,0.6703530550003052,0.08774963021278381,-0.037067946046590805,-0.8681084513664246,0.4871484339237213,-0.822680652141571,-0.06,-0.5435479879379272,1.3362822532653809,-0.1581515520811081,-0.3790692389011383,-0.6129336357116699,-0.21689510345458984,0.037601105868816376,0.8105574250221252,0.0846637487411499,-0.36903244256973267,1.0700297355651855,-0.6376408338546753,0.03,-0.4595050513744354,-0.018580887466669083,1.579696774482727,-0.03,-0.46156856417655945,1.363057255744934
2.9495108127593994,0.40915462374687195,0.6659730672836304,0.0864953100681305,-0.029976459220051765,-0.8526677489280701,0.5143709778785706,-0.8581931591033936,-0.06,-0.5132439136505127,1.3653924465179443,-0.17532366514205933,-0.3759586811065674,-0.6090000867843628,-0.23073150217533112,-0.03179163858294487,0.8404000401496887,0.06937303394079208,-0.39802369475364685,1.0590968132019043,-0.6394558548927307,0.03,-0.44667720794677734,-0.0028676341753453016,1.565789818763733,-0.03,-0.48459967970848083,1.392329216003418
2.947195053100586,0.41073617339134216,0.6610699892044067,0.08475455641746521,-0.02201957069337368,-0.8367363214492798,0.5405588746070862,-0.8905321955680847,-0.06,-0.48446568846702576,1.386224627494812,-0.19256705045700073,-0.3717947006225586,-0.6038215160369873,-0.24389438331127167,-0.10241476446390152,0.8698729872703552,0.052600838243961334,-0.42679744958877563,1.0489767789840698,-0.6357709765434265,0.03,-0.43260639905929565,0.010480266995728016,1.5504529476165771,-0.03,-0.508695125579834,1.4120174646377563
2.9453184604644775,0.41192132234573364,0.655745804309845,0.08238230645656586,-0.013307015411555767,-0.820277988910675,0.5658445954322815,-0.9202497005462646,-0.06,-0.458213746547699,1.4022988080978394,-0.20984521508216858,-0.35806238651275635,-0.5960782170295715,-0.2568039000034332,-0.17569677531719208,0.8979212045669556,0.03300895541906357,-0.4548748731613159,1.039839267730713,-0.6268935799598694,0.03,-0.42185351252555847,0.02022678777575493,1.5335865020751953,-0.03,-0.5353384017944336,1.4245284795761108
2.9437289237976074,0.41261959075927734,0.6501438617706299,0.07871874421834946,-0.0038431300781667233,-0.8032090067863464,0.5904607176780701,-0.9462397694587708,-0.06,-0.4366729259490967,1.413702368736267,-0.22838756442070007,-0.3395378887653351,-0.5837575793266296,-0.26787811517715454,-0.25004810094833374,0.9250410795211792,0.018577640876173973,-0.48322388529777527,1.0315526723861694,-0.6133885383605957,0.03,-0.4200725853443146,0.02455355040729046,1.5150083303451538,-0.03,-0.5626935958862305,1.4312011003494263
2.942147731781006,0.4127591848373413,0.644434928894043,0.0730951800942421,0.006226628553122282,-0.7848532199859619,0.615324079990387,-0.9666458964347839,-0.06,-0.42145490646362305,1.4166245460510254,-0.24,-0.322400838136673,-0.5647314190864563,-0.2747124135494232,-0.32153576612472534,0.9518001079559326,0.021387474611401558,-0.5135490298271179,1.0216904878616333,-0.5958901643753052,0.03,-0.430640310049057,0.023360606282949448,1.4950700998306274,-0.03,-0.5884631276130676,1.4315458536148071
2.940654754638672,0.4121498465538025,0.638553261756897,0.06544871628284454,0.016502002254128456,-0.7649776935577393,0.6405101418495178,-0.9815673232078552,-0.06,-0.40992438793182373,1.4134470224380493,-0.24,-0.3182889223098755,-0.5356674194335938,-0.27941545844078064,-0.40032798051834106,0.9746904373168945,0.02391890436410904,-0.543976366519928,1.0100055932998657,-0.5755621194839478,0.03,-0.45506757497787476,0.021556047722697258,1.4747095108032227,-0.03,-0.6167482137680054,1.423647165298462
2.9393012523651123,0.4107278883457184,0.6325583457946777,0.055836182087659836,0.026866652071475983,-0.7431399822235107,0.6662606596946716,-0.9907932877540588,-0.06,-0.4006948471069336,1.4074188470840454,-0.24,-0.32593992352485657,-0.4967912435531616,-0.28037652373313904,-0.48421093821525574,0.9937045574188232,0.030718887224793434,-0.5745460987091064,0.9955349564552307,-0.5545080900192261,0.03,-0.49388548731803894,0.022016581147909164,1.4531649351119995,-0.03,-0.6512104272842407,1.406433343887329
2.938242197036743,0.4083499312400818,0.6265455484390259,0.044211775064468384,0.03684051334857941,-0.7192338109016418,0.6923803687095642,-0.990127682685852,-0.06,-0.3931289315223694,1.3969790935516357,-0.24,-0.3375287652015686,-0.4476066827774048,-0.27652662992477417,-0.5723661780357361,1.0076923370361328,0.04171426594257355,-0.5900000000000001,0.978081226348877,-0.5351773500442505,0.03,-0.5458236932754517,0.024971092119812965,1.4287962913513184,-0.03,-0.693927526473999,1.3824098110198975
2.937713623046875,0.4047754406929016,0.6207524538040161,0.030165264382958412,0.045261312276124954,-0.6934067606925964,0.7184903025627136,-0.9701575636863708,-0.06,-0.38650134205818176,1.3743582963943481,-0.2252219319343567,-0.3454079031944275,-0.38617637753486633,-0.2667299509048462,-0.6629706025123596,1.0148532390594482,0.057954493910074234,-0.5900000000000001,0.9566091895103455,-0.5184383988380432,0.03,-0.6054931282997131,0.03223377466201782,1.4008218050003052,-0.03,-0.7443554997444153,1.353074312210083
2.9380922317504883,0.3998368978500366,0.6154386401176453,0.013746901415288448,0.05095941573381424,-0.6659996509552002,0.7440824508666992,-0.9209591150283813,-0.06,-0.378933846950531,1.3279880285263062,-0.1955561637878418,-0.3518342971801758,-0.3125850558280945,-0.25004756450653076,-0.7521087527275085,1.01362943649292,0.08149159699678421,-0.5900000000000001,0.929176926612854,-0.501725435256958,0.03,-0.6637822389602661,0.040777355432510376,1.3693958520889282,-0.03,-0.8011233806610107,1.31381356716156
2.939922571182251,0.3936412036418915,0.6106433272361755,-0.0035915158223360777,0.05354844033718109,-0.6374588012695312,0.7686129212379456,-0.8443331122398376,-0.05104432255029678,-0.37324872612953186,1.2499321699142456,-0.16603608429431915,-0.4116899073123932,-0.23193155229091644,-0.22819162905216217,-0.8352997899055481,1.004920482635498,0.11257089674472809,-0.5900000000000001,0.8937063217163086,-0.48022714257240295,0.04009058326482773,-0.7085549831390381,0.03795652836561203,1.3349025249481201,-0.03,-0.8662391304969788,1.252589464187622
2.9436891078948975,0.386647492647171,0.6086395382881165,-0.01869269460439682,0.051622290164232254,-0.6088930368423462,0.7913501262664795,-0.7826019525527954,-0.04718061164021492,-0.38034746050834656,1.1950571537017822,-0.08913622051477432,-0.49325644969940186,-0.14812661707401276,-0.20800527930259705,-0.9106579422950745,0.9846893548965454,0.14803685247898102,-0.5900000000000001,0.8511183261871338,-0.4541137218475342,0.08446889370679855,-0.7328957915306091,0.02696908265352249,1.2972817420959473,-0.03389273211359978,-0.9368242621421814,1.164376139640808
2.948976755142212,0.37908196449279785,0.6117234826087952,-0.030432572588324547,0.04362116754055023,-0.584112286567688,0.8099281787872314,-0.7371100783348083,-0.06,-0.3944953680038452,1.1830635070800781,-0.032868869602680206,-0.49444541335105896,-0.06720233708620071,-0.19378779828548431,-0.9656087756156921,0.9555673003196716,0.1767716407775879,-0.5900000000000001,0.8106681704521179,-0.4247334897518158,0.13506439328193665,-0.7350585460662842,0.006115460302680731,1.2577441930770874,-0.04194926470518112,-0.9936721324920654,1.050209403038025
2.9551191329956055,0.37277036905288696,0.6177414655685425,-0.03830994293093681,0.03460678830742836,-0.5657747983932495,0.8229418396949768,-0.6766446232795715,-0.06,-0.4179673194885254,1.1474313735961914,-0.04256517067551613,-0.4869263172149658,-0.015298469923436642,-0.18952041864395142,-0.9736109972000122,0.9416720867156982,0.19109852612018585,-0.5900000000000001,0.7756346464157104,-0.3985094130039215,0.18297193944454193,-0.7172040939331055,-0.012444838881492615,1.2029939889907837,-0.06835601478815079,-1.0467365980148315,0.9294065237045288
2.9600794315338135,0.3678417503833771,0.6261029839515686,-0.04263993725180626,0.02825711853802204,-0.5528181195259094,0.831730306148529,-0.622916042804718,-0.06,-0.42071348428726196,1.0948562622070312,-0.028791746124625206,-0.46866822242736816,-0.005499428603798151,-0.19295142590999603,-0.928569495677948,0.9556787610054016,0.1788157969713211,-0.5724731683731079,0.7390028238296509,-0.3704565465450287,0.2324284166097641,-0.6812842488288879,-0.025533782318234444,1.123327374458313,-0.11951912194490433,-1.098976731300354,0.8050893545150757
2.964123249053955,0.3636675179004669,0.6367514133453369,-0.04381760582327843,0.022445987910032272,-0.541953444480896,0.8389652371406555,-0.5646435618400574,-0.06,-0.42166709899902344,1.019937515258789,-0.02155991643667221,-0.43780335783958435,-0.02037806436419487,-0.19971007108688354,-0.852994441986084,0.9679796695709229,0.14501814544200897,-0.5696151852607727,0.6927117705345154,-0.3270728588104248,0.28837838768959045,-0.6311869621276855,-0.034094635397195816,1.0240360498428345,-0.19428589940071106,-1.1383919715881348,0.6817944645881653
2.9672937393188477,0.3598986268043518,0.648680567741394,-0.042741890996694565,0.016536511480808258,-0.5323541164398193,0.8452802300453186,-0.501139223575592,-0.06,-0.41867005825042725,0.9252335429191589,-0.013956825248897076,-0.3958911895751953,-0.04495755583047867,-0.20595331490039825,-0.7640268802642822,0.9580466747283936,0.09739420562982559,-0.5900000000000001,0.6407877802848816,-0.26919838786125183,0.3455340266227722,-0.5780839323997498,-0.029945317655801773,0.9071522355079651,-0.28718337416648865,-1.1489970684051514,0.5741747617721558
2.969822406768799,0.3563283085823059,0.6607497334480286,-0.03939846158027649,0.009917495772242546,-0.523024320602417,0.8513488173484802,-0.4322842061519623,-0.06,-0.4149082899093628,0.8143694996833801,-0.008260590955615044,-0.34470540285110474,-0.07046331465244293,-0.21759404242038727,-0.6741129159927368,0.933674156665802,0.058616816997528076,-0.5900000000000001,0.5873370170593262,-0.1884474754333496,0.39852991700172424,-0.521783173084259,-0.024419570341706276,0.7790512442588806,-0.3874536156654358,-1.1188291311264038,0.4731040894985199
2.971386671066284,0.35283634066581726,0.6718733310699463,-0.03421657159924507,0.004267921671271324,-0.5137156844139099,0.8572672009468079,-0.36432167887687683,-0.06,-0.4140526354312897,0.6935580968856812,-0.004975695628672838,-0.2870076298713684,-0.0986986830830574,-0.23664864897727966,-0.5919339060783386,0.9106177687644958,0.033646147698163986,-0.5900000000000001,0.5370007157325745,-0.08601987361907959,0.4453504979610443,-0.4574876129627228,-0.025703957304358482,0.6373230218887329,-0.4876505434513092,-1.0466318130493164,0.375667542219162
2.9716787338256836,0.3492562174797058,0.6814125180244446,-0.027697375044226646,0.001207445515319705,-0.5046384930610657,0.8628854155540466,-0.3082139194011688,-0.06,-0.4186515808105469,0.5826520323753357,-0.004491484723985195,-0.25004512071609497,-0.13099192082881927,-0.26290932297706604,-0.5242113471031189,0.897875964641571,0.017988312989473343,-0.5900000000000001,0.4959425628185272,0.02487220987677574,0.4833608865737915,-0.39021798968315125,-0.020599622279405594,0.47940635681152344,-0.5777456164360046,-0.9460722208023071,0.2819833755493164
2.9707696437835693,0.3453977108001709,0.6895022988319397,-0.020279839634895325,0.0007413114071823657,-0.49522024393081665,0.8685304522514343,-0.2652420401573181,-0.06,-0.429673969745636,0.48542824387550354,-0.0069501968100667,-0.23487330973148346,-0.1623377799987793,-0.2948158383369446,-0.4787648618221283,0.8910725116729736,0.005428575444966555,-0.5900000000000001,0.4671121835708618,0.12900622189044952,0.5099153518676758,-0.33269989490509033,0.012929234653711319,0.31003180146217346,-0.6486153602600098,-0.8385018110275269,0.1990598887205124
2.968775510787964,0.34124282002449036,0.6956576108932495,-0.012844574637711048,0.0032468850258737803,-0.4861495792865753,0.8737751245498657,-0.23444433510303497,-0.06,-0.4438856244087219,0.39765381813049316,-0.01193936262279749,-0.21922117471694946,-0.1909935474395752,-0.3260963559150696,-0.45428770780563354,0.8742068409919739,-0.010606274008750916,-0.5548695921897888,0.45258256793022156,0.21076923608779907,0.5257763266563416,-0.29552143812179565,0.08784972131252289,0.13478980958461761,-0.6970582604408264,-0.7404762506484985,0.14474835991859436
2.966172933578491,0.33677494525909424,0.6988700032234192,-0.006124259904026985,0.007737826555967331,-0.4792233109474182,0.8776373863220215,-0.2177204042673111,-0.05379404127597809,-0.44963234663009644,0.3351024091243744,-0.01853264681994915,-0.20378553867340088,-0.21526369452476501,-0.35251137614250183,-0.44572892785072327,0.8298654556274414,-0.03659864142537117,-0.46282655000686646,0.45343947410583496,0.26070132851600647,0.531546950340271,-0.27768996357917786,0.20797674357891083,-0.03768134117126465,-0.720410168170929,-0.6634359359741211,0.12215015292167664
2.9636287689208984,0.3319615423679352,0.6984541416168213,-0.0002865847200155258,0.011754431761801243,-0.4740796685218811,0.8804033398628235,-0.20769716799259186,-0.04481475055217743,-0.43909507989883423,0.3117140233516693,-0.03086472861468792,-0.17336034774780273,-0.2341766059398651,-0.3766539990901947,-0.4491211473941803,0.7662131786346436,-0.06557571887969971,-0.34549158811569214,0.463714599609375,0.282549649477005,0.5242997407913208,-0.26700177788734436,0.35733988881111145,-0.19418928027153015,-0.7173510193824768,-0.6110038757324219,0.11264434456825256
2.9615285396575928,0.3265264630317688,0.6943577527999878,0.004618752747774124,0.013239208608865738,-0.47014734148979187,0.8824764490127563,-0.18911346793174744,-0.038048986345529556,-0.4129544794559479,0.29466456174850464,-0.04545764625072479,-0.13704517483711243,-0.2551787495613098,-0.4028371572494507,-0.45320987701416016,0.7216967344284058,-0.08135067671537399,-0.2313893437385559,0.4757024645805359,0.29796960949897766,0.5009648203849792,-0.2360558658838272,0.49171051383018494,-0.3330071270465851,-0.6885683536529541,-0.568730354309082,0.09589938074350357
2.960275411605835,0.3200448453426361,0.6920379400253296,0.011366010643541813,0.008346881717443466,-0.4683484137058258,0.8834311962127686,-0.1738004833459854,-0.04841010645031929,-0.4080108106136322,0.29000000000000004,-0.023157186806201935,-0.1397147923707962,-0.27138811349868774,-0.4353426396846771,-0.4579823315143585,0.6974036693572998,-0.08535891771316528,-0.12507112324237823,0.4875603914260864,0.3218643367290497,0.4574230909347534,-0.17916205525398254,0.5964492559432983,-0.4561106264591217,-0.6339231133460999,-0.5192972421646118,0.07837517559528351
2.958888053894043,0.31250059604644775,0.6900153160095215,0.017629962414503098,0.0002913002681452781,-0.4695308208465576,0.8827400207519531,-0.14980842173099518,-0.05763901397585869,-0.3977434039115906,0.29000000000000004,-0.024440035223960876,-0.14942985773086548,-0.2841140329837799,-0.4620884358882904,-0.46359142661094666,0.6900210380554199,-0.08122409135103226,-0.025614794343709946,0.5015180706977844,0.34953784942626953,0.4069637656211853,-0.10403457283973694,0.6723007559776306,-0.5710654854774475,-0.5636935830116272,-0.4661577045917511,0.08032525330781937
2.957091808319092,0.30464208126068115,0.6883894205093384,0.02196294255554676,-0.006719113793224096,-0.4739229083061218,0.8802667260169983,-0.12470325827598572,-0.05909357964992523,-0.37693923711776733,0.29000000000000004,-0.027540013194084167,-0.1609080284833908,-0.28753146529197693,-0.48137733340263367,-0.47420480847358704,0.7189795970916748,-0.053029950708150864,-0.02870156057178974,0.5196713805198669,0.3660956621170044,0.35649552941322327,-0.029442213475704193,0.7419376373291016,-0.6767243146896362,-0.4856923520565033,-0.4207319915294647,0.09718192368745804
2.954800605773926,0.29715943336486816,0.6871501803398132,0.024401402100920677,-0.010062634944915771,-0.4794517755508423,0.8771712183952332,-0.10855212807655334,-0.05328428000211716,-0.3538703918457031,0.29000000000000004,-0.03346225991845131,-0.1753193587064743,-0.28864794969558716,-0.48944157361984253,-0.49305421113967896,0.7389565706253052,-0.03370524197816849,-0.05240734666585922,0.5394137501716614,0.3579494059085846,0.31142663955688477,0.02082034945487976,0.8311971426010132,-0.768808901309967,-0.40946316719055176,-0.3907909095287323,0.12477979063987732
2.9525229930877686,0.29037153720855713,0.686253011226654,0.026105020195245743,-0.011162711307406425,-0.4853116273880005,0.8738800883293152,-0.09725478291511536,-0.04718286544084549,-0.33119603991508484,0.29000000000000004,-0.037562839686870575,-0.1881762444972992,-0.29704898595809937,-0.49420616030693054,-0.5124951601028442,0.7602847814559937,-0.0321308895945549,-0.06901569664478302,0.5560789704322815,0.33665552735328674,0.2713456153869629,0.050479453057050705,0.9371854066848755,-0.8451074957847595,-0.3369150161743164,-0.3641900420188904,0.16208533942699432
2.9506521224975586,0.284007728099823,0.6855839490890503,0.027330324053764343,-0.011961125768721104,-0.49182671308517456,0.8701817393302917,-0.08403979241847992,-0.04096183553338051,-0.30423542857170105,0.29000000000000004,-0.04044288769364357,-0.19854319095611572,-0.31124812364578247,-0.5009750723838806,-0.5319920778274536,0.7871767282485962,-0.03974965959787369,-0.0774829089641571,0.5662591457366943,0.32491838932037354,0.2357770949602127,0.0702018290758133,1.0368690490722656,-0.9067904949188232,-0.2622790038585663,-0.32694384455680847,0.2025315761566162
2.9489879608154297,0.2778283357620239,0.6850774884223938,0.027831561863422394,-0.012357394210994244,-0.49977409839630127,0.8656202554702759,-0.0688878670334816,-0.03304830566048622,-0.27480337023735046,0.29000000000000004,-0.04353120177984238,-0.2084292471408844,-0.3291831314563751,-0.5087500214576721,-0.5519545674324036,0.8157647848129272,-0.04976319894194603,-0.07748532295227051,0.5709900259971619,0.32675379514694214,0.2038504183292389,0.08136952668428421,1.1276458501815796,-0.9569035768508911,-0.18357281386852264,-0.2774660587310791,0.2427859604358673
2.9473748207092285,0.27155637741088867,0.684544563293457,0.02730710804462433,-0.01277965772897005,-0.5095540285110474,0.8599101901054382,-0.050790879875421524,-0.0221121646463871,-0.24382537603378296,0.29000000000000004,-0.048168011009693146,-0.22028855979442596,-0.3483830988407135,-0.5167246460914612,-0.5718352198600769,0.845062792301178,-0.059793733060359955,-0.07130935043096542,0.5721524953842163,0.338929146528244,0.17497055232524872,0.08844926208257675,1.2131251096725464,-0.9948019981384277,-0.10401711612939835,-0.21476303040981293,0.28206226229667664
2.9459259510040283,0.26502713561058044,0.6837579011917114,0.026292936876416206,-0.014538290910422802,-0.520995020866394,0.8530307412147522,-0.02647419087588787,-0.012331175617873669,-0.21043197810649872,0.29000000000000004,-0.05273022875189781,-0.23298686742782593,-0.3641989231109619,-0.5261356234550476,-0.5938396453857422,0.8736774325370789,-0.07161564379930496,-0.06622860580682755,0.5711364150047302,0.35950928926467896,0.1503162831068039,0.08957216888666153,1.2955069541931152,-1.0204696655273438,-0.0304042249917984,-0.13397619128227234,0.31795090436935425
2.944556951522827,0.25830894708633423,0.6825715899467468,0.02517593838274479,-0.017473848536610603,-0.5342770218849182,0.844753623008728,0.00280229770578444,-0.005130885634571314,-0.17294631898403168,0.29000000000000004,-0.05662497505545616,-0.24704182147979736,-0.3738153278827667,-0.5347421765327454,-0.6184520125389099,0.8959050178527832,-0.08206932991743088,-0.06819220632314682,0.5705832242965698,0.385527104139328,0.13079328835010529,0.07674119621515274,1.3727741241455078,-1.0354992151260376,-0.03,-0.03633018583059311,0.33975279331207275
2.943068504333496,0.25166255235671997,0.6810836791992188,0.024106597527861595,-0.020343340933322906,-0.5490504503250122,0.8351937532424927,0.033177100121974945,0.0005634658737108111,-0.13185139000415802,0.29000000000000004,-0.06047240272164345,-0.26190927624702454,-0.3772619068622589,-0.5391775369644165,-0.6471418142318726,0.907528817653656,-0.08797423541545868,-0.07863029092550278,0.5699445605278015,0.41424059867858887,0.11506570130586624,0.04720326140522957,1.4410895109176636,-1.0420702695846558,-0.03,0.07138656824827194,0.33697426319122314
2.941270112991333,0.24532634019851685,0.6795411109924316,0.02329285256564617,-0.022076763212680817,-0.5644410252571106,0.8248491883277893,0.0628623515367508,0.005892287939786911,-0.08912093192338943,0.29000000000000004,-0.06564190238714218,-0.27477604150772095,-0.3768344223499298,-0.5382014513015747,-0.680999219417572,0.9088219404220581,-0.09217730909585953,-0.09503856301307678,0.565199613571167,0.4438805878162384,0.10135538876056671,0.004552897065877914,1.46,-1.0445388555526733,-0.03,0.1804969310760498,0.3086968958377838
2.939051628112793,0.2393861711025238,0.6781536936759949,0.022957386448979378,-0.02235790528357029,-0.5801026821136475,0.8139126896858215,0.09251420944929123,0.011018013581633568,-0.044855374842882156,0.29000000000000004,-0.07144692540168762,-0.28297293186187744,-0.37522658705711365,-0.5313924551010132,-0.7181401252746582,0.9014267325401306,-0.1000157967209816,-0.11500564962625504,0.5530095100402832,0.4735204577445984,0.0890030786395073,-0.045471105724573135,1.46,-1.046553134918213,-0.03,0.28311780095100403,0.26189711689949036
2.936331033706665,0.2339230179786682,0.676809549331665,0.023601459339261055,-0.020893435925245285,-0.5961995124816895,0.8022171854972839,0.11974229663610458,0.015295184217393398,0.0007553924806416035,0.29000000000000004,-0.07817577570676804,-0.287443608045578,-0.37796059250831604,-0.5187103748321533,-0.7534453868865967,0.8887564539909363,-0.11343765258789062,-0.13746844232082367,0.5322149991989136,0.5009937286376953,0.07879254221916199,-0.09844433516263962,1.46,-1.052116870880127,-0.03,0.3753814399242401,0.2074679285287857
2.9330756664276123,0.2288757711648941,0.6752418279647827,0.025592325255274773,-0.017725834622979164,-0.6130133867263794,0.7894588708877563,0.14091551303863525,0.01814936101436615,0.04721703380346298,0.29000000000000004,-0.08605629205703735,-0.2920558452606201,-0.3894171118736267,-0.5006620287895203,-0.7843973636627197,0.875024676322937,-0.13160645961761475,-0.16201992332935333,0.5038567781448364,0.5243211388587952,0.07313103973865509,-0.15216542780399323,1.46,-1.0615618228912354,-0.03,0.4570613503456116,0.14799538254737854
2.9292516708374023,0.22392889857292175,0.6731860041618347,0.028736690059304237,-0.013554406352341175,-0.6311572194099426,0.7750038504600525,0.15561118721961975,0.019420281052589417,0.09567573666572571,0.29000000000000004,-0.09488648921251297,-0.3010076582431793,-0.40975305438041687,-0.47757792472839355,-0.8113940358161926,0.8649995923042297,-0.15226058661937714,-0.18915808200836182,0.47158169746398926,0.5471659302711487,0.07836257666349411,-0.20416408777236938,1.46,-1.0702768564224243,-0.03,0.5299364924430847,0.0809665396809578
2.9248807430267334,0.21868623793125153,0.6703923344612122,0.032181479036808014,-0.009991535916924477,-0.6510011553764343,0.7583283185958862,0.16968993842601776,0.018393807113170624,0.14829392731189728,0.29000000000000004,-0.10504552721977234,-0.3153476417064667,-0.433192640542984,-0.44989100098609924,-0.8362556099891663,0.8614901900291443,-0.16978144645690918,-0.22085200250148773,0.4379456341266632,0.5593536496162415,0.09720558673143387,-0.24940064549446106,1.46,-1.0762211084365845,-0.03,0.5945835709571838,0.01689208298921585
2.9200143814086914,0.21309345960617065,0.6666951179504395,0.03558720648288727,-0.008019575849175453,-0.6720938086509705,0.7395666837692261,0.18401765823364258,0.014503125101327896,0.2034660130739212,0.29000000000000004,-0.11732038110494614,-0.3358671963214874,-0.4536486864089966,-0.41963398456573486,-0.8594750165939331,0.8619996905326843,-0.17842048406600952,-0.25834736227989197,0.40193358063697815,0.5607844591140747,0.13055668771266937,-0.28246378898620605,1.46,-1.0815385580062866,-0.03,0.6508489847183228,-0.027711428701877594
2.914736032485962,0.20732802152633667,0.662369966506958,0.039233218878507614,-0.00792065728455782,-0.6939166188240051,0.7189419269561768,0.1919371336698532,0.00846988894045353,0.25787273049354553,0.29000000000000004,-0.1294579803943634,-0.36314040422439575,-0.4672872722148895,-0.38901662826538086,-0.8759251832962036,0.8586096167564392,-0.17744240164756775,-0.30204081535339355,0.3623332679271698,0.5527181029319763,0.17557696998119354,-0.30067870020866394,1.46,-1.0872756242752075,-0.03,0.6994315385818481,-0.05006834492087364
2.909130334854126,0.20168152451515198,0.6575438380241394,0.042923703789711,-0.008912386372685432,-0.7156023979187012,0.6971307992935181,0.18539264798164368,0.005659753456711769,0.30304381251335144,0.29000000000000004,-0.15002527832984924,-0.4007280468940735,-0.47443002462387085,-0.35872727632522583,-0.8796408176422119,0.8483418226242065,-0.16624003648757935,-0.35120338201522827,0.317787766456604,0.5382906794548035,0.2273264080286026,-0.30564412474632263,1.46,-1.097367525100708,-0.03,0.7409127950668335,-0.06284038722515106
2.9032537937164307,0.1963655799627304,0.6523813605308533,0.04582002013921738,-0.009891810826957226,-0.7359940409660339,0.6753630042076111,0.15765048563480377,0.013166745193302631,0.33198919892311096,0.33437269926071167,-0.17851483821868896,-0.44727981090545654,-0.4804476797580719,-0.32541075348854065,-0.8657838106155396,0.832841694355011,-0.17312893271446228,-0.40559107065200806,0.2677513659000397,0.5199894309043884,0.2825787365436554,-0.3029234707355499,1.46,-1.1168782711029053,-0.03,0.77498459815979,-0.07726442068815231
2.8964602947235107,0.19161637127399445,0.6493556499481201,0.0448104590177536,-0.0081230653449893,-0.7532626986503601,0.6561411619186401,0.10576697438955307,0.04465572535991669,0.34466397762298584,0.49428948760032654,-0.1956406980752945,-0.47201329469680786,-0.4942578077316284,-0.29493191838264465,-0.8280307054519653,0.8464748859405518,-0.18995004892349243,-0.4226979613304138,0.2087513655424118,0.49811071157455444,0.34391337633132935,-0.29787367582321167,1.46,-1.1480562686920166,-0.03,0.7917674779891968,-0.08958462625741959
2.889782667160034,0.18706291913986206,0.6476901173591614,0.04026280343532562,-0.006550729274749756,-0.7671672105789185,0.6401486396789551,0.029171843081712723,0.09286092221736908,0.32486963272094727,0.7069846391677856,-0.22425055503845215,-0.45426276326179504,-0.4895569980144501,-0.25986310839653015,-0.8013728857040405,0.8473852872848511,-0.19622978568077087,-0.434984028339386,0.14301617443561554,0.4741002321243286,0.40721315145492554,-0.3167426884174347,1.46,-1.1834416389465332,-0.03,0.8062372803688049,-0.08645684272050858
2.8841516971588135,0.18217980861663818,0.6476603746414185,0.032308172434568405,-0.007978069595992565,-0.7788385152816772,0.6263408660888672,-0.06768419593572617,0.13576269149780273,0.26860949397087097,0.9521707892417908,-0.24,-0.37563449144363403,-0.4657062590122223,-0.22774077951908112,-0.7829290628433228,0.8370525240898132,-0.1996665894985199,-0.4414401054382324,0.07774388790130615,0.4482458829879761,0.4684464633464813,-0.3707562983036041,1.46,-1.209807276725769,-0.03,0.8332359194755554,-0.06573417782783508
2.879410743713379,0.1770414561033249,0.6500169634819031,0.021345727145671844,-0.010639145039021969,-0.7889648675918579,0.6139751672744751,-0.18620042502880096,0.15940909087657928,0.17510604858398438,1.197453498840332,-0.24,-0.31433698534965515,-0.4244172275066376,-0.19169916212558746,-0.7693915367126465,0.8066130876541138,-0.19711604714393616,-0.4371089041233063,0.015977168455719948,0.4222376048564911,0.5284814834594727,-0.43774259090423584,1.46,-1.2132411003112793,-0.03,0.874745786190033,-0.054902251809835434
2.8752129077911377,0.1719135344028473,0.6537488102912903,0.00946755614131689,-0.01177038624882698,-0.8001208305358887,0.5996485948562622,-0.3244771957397461,0.1631355732679367,0.0648658350110054,1.4130524396896362,-0.24,-0.26629558205604553,-0.3780115246772766,-0.14610405266284943,-0.751624345779419,0.7578558921813965,-0.19361943006515503,-0.42154985666275024,-0.036435697227716446,0.40688425302505493,0.5901748538017273,-0.477142870426178,1.46,-1.1968464851379395,-0.0453677698969841,0.9268498420715332,-0.062362316995859146
2.871619462966919,0.1665911227464676,0.6574451327323914,-0.0013551342999562621,-0.01189358439296484,-0.8142843246459961,0.580342710018158,-0.4640629291534424,0.15218818187713623,-0.034625615924596786,1.561807632446289,-0.24,-0.21770700812339783,-0.3370092511177063,-0.09759613126516342,-0.7195846438407898,0.7053205370903015,-0.19144941866397858,-0.4006098210811615,-0.0721992775797844,0.4060734808444977,0.6567195653915405,-0.48632392287254333,1.46,-1.1731606721878052,-0.09937525540590286,0.9890979528427124,-0.067597396671772
2.868953227996826,0.16089272499084473,0.6604840159416199,-0.009805331937968731,-0.01264900341629982,-0.8321835398674011,0.5542691946029663,-0.5878390669822693,0.1365642249584198,-0.10918188840150833,1.6275981664657593,-0.24,-0.1865418404340744,-0.3068172037601471,-0.055324263870716095,-0.6674293279647827,0.6621578931808472,-0.19064679741859436,-0.379603773355484,-0.08459462970495224,0.4054984450340271,0.7268085479736328,-0.4866250455379486,1.46,-1.1485395431518555,-0.14811773598194122,1.0657079219818115,-0.06286568194627762
2.867241144180298,0.15473289787769318,0.6631748676300049,-0.01622292771935463,-0.015057524666190147,-0.8522177338600159,0.5227186679840088,-0.6872377991676331,0.12218298017978668,-0.16389505565166473,1.6179380416870117,-0.24,-0.1876913607120514,-0.2843098044395447,-0.02307593636214733,-0.5993263721466064,0.6304090619087219,-0.18943364918231964,-0.3600829243659973,-0.07800769060850143,0.3945460021495819,0.7958967089653015,-0.4856134057044983,1.46,-1.1210954189300537,-0.18895527720451355,1.1543630361557007,-0.05009409412741661
2.86612606048584,0.1483030617237091,0.665844738483429,-0.021436719223856926,-0.01848326437175274,-0.8715876936912537,0.48942166566848755,-0.7620775103569031,0.10808027535676956,-0.2167961448431015,1.5455735921859741,-0.24,-0.2043028026819229,-0.26464781165122986,0.0007809031521901488,-0.5258168578147888,0.6053394079208374,-0.18630439043045044,-0.3415875732898712,-0.0651172548532486,0.36933550238609314,0.8587411046028137,-0.4758158028125763,1.46,-1.0914143323898315,-0.21514342725276947,1.2466808557510376,-0.025214727967977524
2.8653085231781006,0.14169622957706451,0.6685521602630615,-0.02633441612124443,-0.022316962480545044,-0.8892672061920166,0.4560835361480713,-0.8081621527671814,0.09597454965114594,-0.2740834057331085,1.4203490018844604,-0.24,-0.20570313930511475,-0.24478666484355927,0.0189034566283226,-0.45234450697898865,0.5834400057792664,-0.1814473271369934,-0.324026495218277,-0.05176304280757904,0.32354646921157837,0.9083368182182312,-0.45866307616233826,1.4550726413726807,-1.061570167541504,-0.22643473744392395,1.3388464450836182,0.011109228245913982
2.864795207977295,0.1347682923078537,0.6713071465492249,-0.031293611973524094,-0.026461848989129066,-0.9056900143623352,0.4219547510147095,-0.8208149671554565,0.09069036692380905,-0.3320598304271698,1.2560005187988281,-0.23551613092422485,-0.18965741991996765,-0.2244691550731659,0.03251209110021591,-0.377454936504364,0.5639895796775818,-0.17489522695541382,-0.30713531374931335,-0.03594193980097771,0.25184181332588196,0.9382832050323486,-0.4398851692676544,1.341292381286621,-1.032241940498352,-0.23402856290340424,1.4302632808685303,0.04442263022065163
2.8645312786102295,0.12740524113178253,0.6742447018623352,-0.036648236215114594,-0.0306229367852211,-0.9211053252220154,0.38637280464172363,-0.7998851537704468,0.09539732336997986,-0.389392226934433,1.0654449462890625,-0.1777985543012619,-0.1704893708229065,-0.20232214033603668,0.043320637196302414,-0.30013442039489746,0.5439755320549011,-0.16657204926013947,-0.28936412930488586,-0.015616264194250107,0.15614290535449982,0.9450465440750122,-0.4217377305030823,1.1860084533691406,-1.004198670387268,-0.2444336712360382,1.519149899482727,0.07111579924821854
2.8643031120300293,0.11954327672719955,0.677603542804718,-0.04300036281347275,-0.03427805379033089,-0.9350602626800537,0.3501972258090973,-0.7507559061050415,0.10697104781866074,-0.4490105211734772,0.8687102198600769,-0.10603048652410507,-0.15981364250183105,-0.17405173182487488,0.05292399600148201,-0.2231709361076355,0.5171871781349182,-0.15646615624427795,-0.2685606777667999,0.006101147271692753,0.042669784277677536,0.9239743947982788,-0.40502074360847473,1.0055315494537354,-0.9782217741012573,-0.2535592317581177,1.5979373455047607,0.09664330631494522
2.864300012588501,0.11130683124065399,0.6814422607421875,-0.04909370094537735,-0.03690074384212494,-0.9474670886993408,0.3139013946056366,-0.6868898868560791,0.11756877601146698,-0.5107149481773376,0.695728600025177,-0.027491236105561256,-0.15920157730579376,-0.142177015542984,0.06,-0.146554633975029,0.4813448488712311,-0.14466136693954468,-0.24299103021621704,0.025159509852528572,-0.08236946910619736,0.8734076619148254,-0.39143383502960205,0.8287240266799927,-0.9604321718215942,-0.2530839741230011,1.6300000000000001,0.12598292529582977
2.86494517326355,0.10283611714839935,0.6856057643890381,-0.05269169062376022,-0.03849690780043602,-0.9587637782096863,0.2766106426715851,-0.6190425157546997,0.12109720706939697,-0.5655068159103394,0.5624666213989258,0.03949974477291107,-0.1600903868675232,-0.1145893782377243,0.06,-0.06641333550214767,0.43962645530700684,-0.131281316280365,-0.2127576470375061,0.039820779114961624,-0.2098388522863388,0.8006190061569214,-0.38376620411872864,0.6735417246818542,-0.9605887532234192,-0.23953597247600555,1.6300000000000001,0.1545535922050476
2.8662397861480713,0.09416182339191437,0.6895880103111267,-0.053084488958120346,-0.039284780621528625,-0.9692299962043762,0.23713240027427673,-0.5513060092926025,0.11361662298440933,-0.6057900190353394,0.47573161125183105,0.0815742090344429,-0.17908255755901337,-0.09719488769769669,0.06,0.020459361374378204,0.3990594148635864,-0.11602186411619186,-0.1801452934741974,0.05041972175240517,-0.3318242132663727,0.7222914099693298,-0.3931705355644226,0.5409573316574097,-0.9776948690414429,-0.2090674638748169,1.6300000000000001,0.18563316762447357
2.8679773807525635,0.08543059974908829,0.6926667094230652,-0.05020042508840561,-0.03874392434954643,-0.9789654016494751,0.1939215213060379,-0.4840819537639618,0.0972445011138916,-0.6315043568611145,0.4244495928287506,0.09042883664369583,-0.20296438038349152,-0.0963168665766716,0.06,0.1167905405163765,0.3698844611644745,-0.10305880755186081,-0.1499946415424347,0.05983031913638115,-0.4446227550506592,0.6501526236534119,-0.42494118213653564,0.42074745893478394,-1.0014188289642334,-0.1624351590871811,1.6300000000000001,0.21611060202121735
2.870023012161255,0.07688411325216293,0.6944873332977295,-0.04384726658463478,-0.03552769124507904,-0.9876359105110168,0.14625421166419983,-0.42072486877441406,0.07674430310726166,-0.6470543146133423,0.39658236503601074,0.06893735378980637,-0.20279072225093842,-0.11721731722354889,0.06,0.22363631427288055,0.361953467130661,-0.09414129704236984,-0.13507966697216034,0.07104262709617615,-0.5502446293830872,0.5873335003852844,-0.47564440965652466,0.3079244792461395,-1.0197972059249878,-0.11106978356838226,1.6300000000000001,0.2294515073299408
2.872290849685669,0.06850536912679672,0.6946698427200317,-0.034274108707904816,-0.029203977435827255,-0.9944689273834229,0.09488819539546967,-0.36765944957733154,0.05377141758799553,-0.6530336141586304,0.39382025599479675,0.02132108435034752,-0.182652086019516,-0.16107891499996185,0.06,0.33752790093421936,0.3838169276714325,-0.08920707553625107,-0.14607928693294525,0.08621427416801453,-0.6470305323600769,0.5323113203048706,-0.5358877778053284,0.20323091745376587,-1.0250903367996216,-0.07223320752382278,1.6300000000000001,0.2089066505432129
2.874781370162964,0.060220424085855484,0.6925806999206543,-0.02174733206629753,-0.020180372521281242,-0.9987021684646606,0.04139687865972519,-0.3285351097583771,0.03364936262369156,-0.6436131596565247,0.4021967351436615,-0.047286298125982285,-0.15952949225902557,-0.23032066226005554,0.06,0.44142860174179077,0.44979673624038696,-0.09413903951644897,-0.19975604116916656,0.10706969350576401,-0.7293359637260437,0.48200058937072754,-0.5929664373397827,0.10639156401157379,-1.0151571035385132,-0.058457206934690475,1.6300000000000001,0.14880192279815674
2.877681016921997,0.05177905037999153,0.6871901750564575,-0.0059675611555576324,-0.009847504086792469,-0.9998438358306885,-0.013403292745351791,-0.3086617887020111,0.020786628127098083,-0.609053373336792,0.4062478840351105,-0.11729063838720322,-0.14402048289775848,-0.32190096378326416,0.06,0.5063853859901428,0.5518081188201904,-0.1054149642586708,-0.28743258118629456,0.13593055307865143,-0.7923106551170349,0.4371560513973236,-0.6328325867652893,0.015659911558032036,-0.9946213364601135,-0.07114449888467789,1.5923339128494263,0.05728935822844505
2.88105845451355,0.04275378957390785,0.6795014142990112,0.01251458190381527,-0.0011691323015838861,-0.99757981300354,-0.06838461011648178,-0.3238723874092102,0.021328642964363098,-0.5505468845367432,0.42048099637031555,-0.16857485473155975,-0.179521843791008,-0.42406514286994934,0.06,0.515380859375,0.6609035730361938,-0.12416064739227295,-0.3714090883731842,0.1739214062690735,-0.8376670479774475,0.39838993549346924,-0.6603624820709229,-0.05861092731356621,-0.9651089310646057,-0.09799426794052124,1.51331627368927,-0.03214981406927109
2.884490966796875,0.03333218768239021,0.678301215171814,0.030049441382288933,-0.0015715848421677947,-0.9924241304397583,-0.11911666393280029,-0.37496814131736755,0.026275241747498512,-0.45670023560523987,0.47366756200790405,-0.14623959362506866,-0.20377996563911438,-0.5179426074028015,0.06,0.4718784689903259,0.7460595965385437,-0.15690000355243683,-0.408062607049942,0.21484698355197906,-0.8601409196853638,0.3628503084182739,-0.6849998831748962,-0.10901004821062088,-0.9205657839775085,-0.12688133120536804,1.4268416166305542,-0.08838964998722076
2.886794090270996,0.024162469431757927,0.6785837411880493,0.04361715167760849,-0.0055800569243729115,-0.9849461317062378,-0.16717460751533508,-0.3976062536239624,0.03589795157313347,-0.3609253466129303,0.4845817983150482,-0.1258729249238968,-0.21253027021884918,-0.6008934378623962,0.06,0.3957439661026001,0.8259163498878479,-0.18815313279628754,-0.4017586410045624,0.25786399841308594,-0.867414653301239,0.3362577557563782,-0.719281792640686,-0.1470695436000824,-0.8672885894775391,-0.15341536700725555,1.342038869857788,-0.1167558878660202
2.887458562850952,0.01583545282483101,0.680085301399231,0.05185134336352348,-0.012164994142949581,-0.9754638671875,-0.21362003684043884,-0.39280179142951965,0.04496560990810394,-0.25737422704696655,0.4690854251384735,-0.10764267295598984,-0.21257570385932922,-0.6727580428123474,0.06,0.30452457070350647,0.9196676015853882,-0.21004338562488556,-0.35689082741737366,0.3026037812232971,-0.8604886531829834,0.31255704164505005,-0.7630206346511841,-0.14999999999999997,-0.8065407276153564,-0.17746925354003906,1.2718490362167358,-0.12555834650993347
2.886658191680908,0.008867013268172741,0.6818457841873169,0.05600758269429207,-0.019512103870511055,-0.9641506671905518,-0.2586421072483063,-0.3699624240398407,0.0514797680079937,-0.15030410885810852,0.4419623017311096,-0.09130119532346725,-0.21144168078899384,-0.7340277433395386,0.06,0.20828378200531006,1.0313307046890259,-0.22667211294174194,-0.28987395763397217,0.34698599576950073,-0.8499376773834229,0.2875202000141144,-0.8152123093605042,-0.14999999999999997,-0.745374321937561,-0.20077261328697205,1.2203129529953003,-0.12759961187839508
2.8848330974578857,0.003734537400305271,0.6834120154380798,0.05831941217184067,-0.025393327698111534,-0.9506525993347168,-0.30366653203964233,-0.3396162688732147,0.059014879167079926,-0.0425298772752285,0.41591235995292664,-0.07910582423210144,-0.21531714498996735,-0.7783674001693726,0.02591140754520893,0.11082443594932556,1.135878324508667,-0.23410606384277344,-0.21860605478286743,0.3922731578350067,-0.8420485854148865,0.26263439655303955,-0.8737610578536987,-0.14999999999999997,-0.6894071102142334,-0.22907733917236328,1.1840673685073853,-0.14750978350639343
2.882683515548706,0.000737795140594244,0.6848256587982178,0.0610588863492012,-0.028605064377188683,-0.9349768757820129,-0.34824079275131226,-0.30958548188209534,0.07123260200023651,0.06160628795623779,0.3961719870567322,-0.0744529739022255,-0.22512131929397583,-0.8018442392349243,-0.045546043664216995,0.005875456612557173,1.2111238241195679,-0.22068162262439728,-0.1532401442527771,0.4362535774707794,-0.8419476747512817,0.24324221909046173,-0.9398484230041504,-0.14999999999999997,-0.6462488174438477,-0.2616693079471588,1.154128909111023,-0.14999999999999997
2.8807427883148193,-5.233427509665489e-05,0.686403214931488,0.06488431245088577,-0.029501881450414658,-0.9172253012657166,-0.3919403851032257,-0.27703264355659485,0.08797284215688705,0.1644153892993927,0.3746366798877716,-0.07370347529649734,-0.23515060544013977,-0.8063133358955383,-0.11392076313495636,-0.10883120447397232,1.2589337825775146,-0.18280595541000366,-0.10292835533618927,0.4753240644931793,-0.8539257049560547,0.23512102663516998,-1.0138928890228271,-0.14999999999999997,-0.6208368539810181,-0.2869400680065155,1.1224370002746582,-0.14999999999999997
2.8795061111450195,0.0008753007277846336,0.688191294670105,0.07084566354751587,-0.02947775460779667,-0.8973100781440735,-0.43467986583709717,-0.2436230480670929,0.10625258833169937,0.2668398916721344,0.3476174473762512,-0.07777596265077591,-0.2417781949043274,-0.8021955490112305,-0.17360974848270416,-0.2295486330986023,1.2905033826828003,-0.12613698840141296,-0.048389237374067307,0.5052387714385986,-0.8801102042198181,0.24134880304336548,-1.0937052965164185,-0.14999999999999997,-0.6177342534065247,-0.29527056217193604,1.0871710777282715,-0.14999999999999997
2.8791372776031494,0.0031805734615772963,0.6899248957633972,0.07867752760648727,-0.029267914593219757,-0.8753968477249146,-0.4760603904724121,-0.2113984078168869,0.12432529032230377,0.36805909872055054,0.31863436102867126,-0.08771882951259613,-0.24595388770103455,-0.7920190095901489,-0.22163759171962738,-0.35683852434158325,1.315201997756958,-0.06558433175086975,0.010468360036611557,0.519359290599823,-0.9143640995025635,0.26801401376724243,-1.1703153848648071,-0.14999999999999997,-0.6363555192947388,-0.2795773148536682,1.0516225099563599,-0.14999999999999997
2.8793952465057373,0.0065971422009170055,0.6911943554878235,0.0868813693523407,-0.029061002656817436,-0.8514120578765869,-0.5164344906806946,-0.18079981207847595,0.14191576838493347,0.46701371669769287,0.29677093029022217,-0.10818681865930557,-0.2532380223274231,-0.7713567018508911,-0.25489866733551025,-0.48289453983306885,1.3312039375305176,-0.014405114576220512,0.06850051134824753,0.5180395841598511,-0.946900486946106,0.31018760800361633,-1.2402470111846924,-0.14999999999999997,-0.6636015176773071,-0.24862709641456604,1.017557978630066,-0.14999999999999997
2.8797123432159424,0.010994731448590755,0.6915996074676514,0.09284811466932297,-0.028865177184343338,-0.8253021836280823,-0.556257426738739,-0.150499165058136,0.15937845408916473,0.5591150522232056,0.29540562629699707,-0.1553439348936081,-0.27305206656455994,-0.7347070574760437,-0.27362146973609924,-0.5972822904586792,1.3237546682357788,0.009886716492474079,0.14600573480129242,0.5065215826034546,-0.9653624892234802,0.3530869483947754,-1.305823802947998,-0.14999999999999997,-0.6849269866943359,-0.2152509093284607,0.9836432337760925,-0.14999999999999997
2.879345417022705,0.01646711304783821,0.6904604434967041,0.0934244692325592,-0.028646647930145264,-0.796737015247345,-0.596373438835144,-0.12200988829135895,0.1785440295934677,0.6413275599479675,0.3371107578277588,-0.2234257310628891,-0.30866706371307373,-0.6796303391456604,-0.2821829617023468,-0.6894562244415283,1.2711429595947266,-0.008381688967347145,0.26926925778388977,0.4925304055213928,-0.9581139087677002,0.38450390100479126,-1.3708763122558594,-0.14999999999999997,-0.6915627121925354,-0.18609771132469177,0.9469656348228455,-0.14999999999999997
2.877793788909912,0.02354295179247856,0.688029944896698,0.08613725751638412,-0.02788693457841873,-0.767244815826416,-0.6349313855171204,-0.09598039090633392,0.20088988542556763,0.7027695775032043,0.43537211418151855,-0.24,-0.33660224080085754,-0.6122000813484192,-0.2870197892189026,-0.7585840225219727,1.194663405418396,-0.06077837571501732,0.34660816192626953,0.4735821485519409,-0.9182854294776917,0.4000653624534607,-1.4351005554199219,-0.14999999999999997,-0.6840738654136658,-0.15859004855155945,0.9132352471351624,-0.14999999999999997
2.875530242919922,0.03216997906565666,0.688532829284668,0.07501455396413803,-0.023551171645522118,-0.7373586893081665,-0.6709100008010864,-0.06752140074968338,0.23030635714530945,0.7332284450531006,0.5657381415367126,-0.24,-0.3243529200553894,-0.5610163807868958,-0.2753801941871643,-0.8064737319946289,1.1753627061843872,-0.1401183307170868,0.28639063239097595,0.4488528072834015,-0.8605454564094543,0.40103691816329956,-1.5007712841033936,-0.13824161887168884,-0.6730589270591736,-0.12862685322761536,0.8880821466445923,-0.14999999999999997
2.872760534286499,0.0413636676967144,0.6916165351867676,0.06227313354611397,-0.01704636961221695,-0.7077741026878357,-0.7034821510314941,-0.039233848452568054,0.25485676527023315,0.719395101070404,0.6996291279792786,-0.24,-0.24852806329727173,-0.50288987159729,-0.2577369511127472,-0.8310288786888123,1.1428416967391968,-0.18965452909469604,0.23534438014030457,0.4189539849758148,-0.8085727691650391,0.3922380208969116,-1.5701228380203247,-0.09678953140974045,-0.6649641394615173,-0.1030692309141159,0.8716822862625122,-0.14999999999999997
2.8695061206817627,0.05023778975009918,0.6962977647781372,0.05128961801528931,-0.010188525542616844,-0.678985595703125,-0.732286810874939,-0.026105673983693123,0.2622578740119934,0.6580240726470947,0.8372273445129395,-0.24,-0.15640586614608765,-0.43697434663772583,-0.23387283086776733,-0.8536782264709473,1.0918843746185303,-0.21014247834682465,0.18712733685970306,0.38893643021583557,-0.7815850377082825,0.3761063814163208,-1.6300000000000001,-0.06573407351970673,-0.6603221893310547,-0.09260904043912888,0.8549515604972839,-0.14999999999999997
2.865718364715576,0.05882794409990311,0.7016608715057373,0.04253137856721878,-0.003707512281835079,-0.648986279964447,-0.759601354598999,-0.028799382969737053,0.24919535219669342,0.5656660199165344,0.9664710164070129,-0.24,-0.09060638397932053,-0.3713493049144745,-0.19905836880207062,-0.8645344376564026,1.0202685594558716,-0.21383801102638245,0.1341949999332428,0.3679652810096741,-0.7781090140342712,0.3531833291053772,-1.6300000000000001,-0.03915785253047943,-0.6562589406967163,-0.10162939876317978,0.840325653553009,-0.14999999999999997
2.861387014389038,0.06705158948898315,0.7065794467926025,0.03637038543820381,0.0008401977247558534,-0.6161803007125854,-0.78676438331604,-0.05272074043750763,0.22049559652805328,0.45622366666793823,1.089334487915039,-0.24,-0.04333091527223587,-0.3169630765914917,-0.15580688416957855,-0.8502860069274902,0.9341891407966614,-0.2089814394712448,0.08185841143131256,0.35849621891975403,-0.7930312156677246,0.3327651023864746,-1.6300000000000001,-0.022212913259863853,-0.6555279493331909,-0.12999297678470612,0.8358473181724548,-0.14999999999999997
2.856505870819092,0.07507117837667465,0.7102890610694885,0.03223395720124245,0.0031752861104905605,-0.5802375674247742,-0.81380295753479,-0.09787455946207047,0.18349307775497437,0.3410484790802002,1.2134599685668945,-0.23566055297851562,-0.024683410301804543,-0.27497342228889465,-0.11042515933513641,-0.8086596131324768,0.841553807258606,-0.19912219047546387,0.03449638560414314,0.3574392795562744,-0.8171567320823669,0.3251807689666748,-1.6300000000000001,-0.022375449538230896,-0.6544435024261475,-0.17313988506793976,0.8441214561462402,-0.14999999999999997
2.851268768310547,0.08333803713321686,0.7123969793319702,0.02906443364918232,0.0049801417626440525,-0.541736900806427,-0.8400306105613708,-0.1547214835882187,0.14867253601551056,0.2294527143239975,1.334598183631897,-0.21457408368587494,-0.03552129119634628,-0.23855248093605042,-0.06929512321949005,-0.7477112412452698,0.7503640055656433,-0.18345163762569427,-0.004885379690676928,0.3612169623374939,-0.841763973236084,0.33030712604522705,-1.6300000000000001,-0.03704678267240524,-0.6454131603240967,-0.22745011746883392,0.8605425953865051,-0.14999999999999997
2.8459131717681885,0.0919736996293068,0.712671160697937,0.02681024745106697,0.007173855323344469,-0.5018715262413025,-0.8644967675209045,-0.2199530303478241,0.12619133293628693,0.12187653034925461,1.4476947784423828,-0.2068835347890854,-0.07279688864946365,-0.20527246594429016,-0.03473704680800438,-0.6733834743499756,0.6650066375732422,-0.17291510105133057,-0.039219971746206284,0.36539870500564575,-0.8632329106330872,0.3459160029888153,-1.6300000000000001,-0.06297625601291656,-0.6267651319503784,-0.28946447372436523,0.8799731731414795,-0.14999999999999997
2.8404088020324707,0.10105405747890472,0.7109015583992004,0.0252003725618124,0.009788366965949535,-0.46160250902175903,-0.886674702167511,-0.29509133100509644,0.12111710011959076,0.016395898535847664,1.5491517782211304,-0.2057882696390152,-0.12768879532814026,-0.17238815128803253,-0.00675201416015625,-0.5872740149497986,0.5856773257255554,-0.1630544662475586,-0.07433585822582245,0.36641815304756165,-0.8807357549667358,0.36884957551956177,-1.6300000000000001,-0.09775929898023605,-0.5998852849006653,-0.35646745562553406,0.9006642699241638,-0.14999999999999997
2.834709405899048,0.11067637801170349,0.7068486213684082,0.023914093151688576,0.012651092372834682,-0.42006558179855347,-0.9070903062820435,-0.3760813772678375,0.13652798533439636,-0.08156799525022507,1.6238430738449097,-0.20532360672950745,-0.1798635870218277,-0.1409424990415573,0.012455410324037075,-0.48770660161972046,0.5149726271629333,-0.14435188472270966,-0.1135118305683136,0.3660189211368561,-0.89570552110672,0.39395007491111755,-1.6300000000000001,-0.1398135870695114,-0.5690888166427612,-0.42557427287101746,0.918351411819458,-0.14999999999999997
2.8287556171417236,0.12076807767152786,0.7005340456962585,0.02308027073740959,0.015287511982023716,-0.37478771805763245,-0.9266971945762634,-0.45333921909332275,0.17373964190483093,-0.16271261870861053,1.6547367572784424,-0.20933687686920166,-0.2315007448196411,-0.11691104620695114,0.0215860977768898,-0.37216126918792725,0.4586699604988098,-0.11391833424568176,-0.15699587762355804,0.37056565284729004,-0.9092046618461609,0.4142322540283203,-1.6300000000000001,-0.14999999999999997,-0.5403277277946472,-0.4944106340408325,0.9263098835945129,-0.14999999999999997
2.822528123855591,0.13128677010536194,0.6922991275787354,0.022420842200517654,0.017483070492744446,-0.3259882926940918,-0.9449461102485657,-0.5174432396888733,0.22765396535396576,-0.2242065668106079,1.634683609008789,-0.2201480120420456,-0.28815096616744995,-0.10148042440414429,0.021712591871619225,-0.24743495881557465,0.41454997658729553,-0.0843900591135025,-0.20676667988300323,0.37831494212150574,-0.9194850325584412,0.428663969039917,-1.6300000000000001,-0.14999999999999997,-0.516360878944397,-0.5589296221733093,0.922789990901947,-0.14999999999999997
2.8158986568450928,0.14217908680438995,0.6829190850257874,0.022064214572310448,0.01878841407597065,-0.27605772018432617,-0.96070396900177,-0.5618687868118286,0.28956788778305054,-0.26694995164871216,1.5589087009429932,-0.2326192557811737,-0.3412972390651703,-0.09683907777070999,0.014612569473683834,-0.12945173680782318,0.3810108006000519,-0.04379727691411972,-0.2639348804950714,0.3836652636528015,-0.9300560355186462,0.4362039268016815,-1.6300000000000001,-0.14999999999999997,-0.49916911125183105,-0.6180049180984497,0.9072492718696594,-0.14999999999999997
2.8102502822875977,0.15319138765335083,0.6796301603317261,0.027445895597338676,0.022508328780531883,-0.22953231632709503,-0.9726535677909851,-0.5713876485824585,0.360381156206131,-0.2966752350330353,1.4116493463516235,-0.24,-0.3974669575691223,-0.11822827905416489,0.01738221012055874,-0.003356281900778413,0.38862746953964233,0.04848958179354668,-0.24065348505973816,0.379412442445755,-0.9445509910583496,0.43097278475761414,-1.6300000000000001,-0.14999999999999997,-0.487629234790802,-0.6609883308410645,0.8814844489097595,-0.14999999999999997
2.8037447929382324,0.1649067997932434,0.6778018474578857,0.033277709037065506,0.02397349290549755,-0.1851864457130432,-0.9818471074104309,-0.5506207346916199,0.41841915249824524,-0.3033488988876343,1.2094498872756958,-0.24,-0.4007442593574524,-0.14365679025650024,0.02211925759911537,0.0969964861869812,0.3920236825942993,0.06659334152936935,-0.22143502533435822,0.3726101517677307,-0.9674669504165649,0.4189894199371338,-1.6300000000000001,-0.14999999999999997,-0.4879177510738373,-0.7093839645385742,0.849108099937439,-0.14999999999999997
2.796095132827759,0.1779310405254364,0.676324725151062,0.037754472345113754,0.02235073409974575,-0.1431693434715271,-0.9887251853942871,-0.5082525610923767,0.4534243941307068,-0.2950555384159088,0.9957224726676941,-0.24,-0.3813067674636841,-0.17156438529491425,0.02127893827855587,0.1944582611322403,0.38346049189567566,0.09446235746145248,-0.1947934478521347,0.36334654688835144,-0.9919711351394653,0.409461110830307,-1.6300000000000001,-0.14999999999999997,-0.4931924045085907,-0.7620559930801392,0.811860978603363,-0.14999999999999997
2.787996768951416,0.1924823373556137,0.6745386719703674,0.040707748383283615,0.019782451912760735,-0.1038840040564537,-0.9935590624809265,-0.4470299482345581,0.4701695442199707,-0.2756650745868683,0.7926830649375916,-0.24,-0.3704068660736084,-0.19943922758102417,0.01483980007469654,0.2864284813404083,0.36858823895454407,0.12668387591838837,-0.16686224937438965,0.34970441460609436,-1.0174239873886108,0.3979194760322571,-1.6300000000000001,-0.14999999999999997,-0.4936661720275879,-0.813916802406311,0.7703074216842651,-0.0983298197388649
2.7801895141601562,0.20775312185287476,0.6713839173316956,0.04420441389083862,0.01786072738468647,-0.06590098142623901,-0.9966863989830017,-0.361606627702713,0.4854055941104889,-0.23190680146217346,0.5929185152053833,-0.24,-0.3674193024635315,-0.23471374809741974,0.013421338051557541,0.37228989601135254,0.3694100081920624,0.146577388048172,-0.1479218751192093,0.3324083983898163,-1.0515934228897095,0.3798312246799469,-1.6300000000000001,-0.14999999999999997,-0.48479703068733215,-0.8600486516952515,0.7270795702934265,-0.029406514018774033
2.7724971771240234,0.22285683453083038,0.6665199995040894,0.04976440221071243,0.014923210255801678,-0.029855404049158096,-0.9982029795646667,-0.2618753910064697,0.500533938407898,-0.16362343728542328,0.4146660566329956,-0.24,-0.3369465470314026,-0.2855812609195709,0.02271219901740551,0.43976178765296936,0.3951520323753357,0.14561745524406433,-0.14201577007770538,0.308409720659256,-1.099685549736023,0.3596310019493103,-1.6300000000000001,-0.14999999999999997,-0.4686874449253082,-0.8990091681480408,0.6860857009887695,0.039573848247528076
2.7660672664642334,0.23595574498176575,0.6632159948348999,0.0537848100066185,0.012197578325867653,0.004742259159684181,-0.9984666705131531,-0.1720290631055832,0.507640540599823,-0.07035837322473526,0.32175391912460327,-0.24,-0.16283927857875824,-0.34527862071990967,0.03725399449467659,0.4665426015853882,0.4477028250694275,0.10753592103719711,-0.17953887581825256,0.27800145745277405,-1.146507978439331,0.3502853512763977,-1.6300000000000001,-0.14999999999999997,-0.4422316253185272,-0.934700071811676,0.651088297367096,0.08013933897018433
2.7616941928863525,0.2456827312707901,0.665092408657074,0.05324734374880791,0.010514631867408752,0.0368313305079937,-0.9978464245796204,-0.11672419309616089,0.49803003668785095,0.031774476170539856,0.29839661717414856,-0.24,-0.13126841187477112,-0.4144720733165741,0.04998287931084633,0.4453628361225128,0.5477007627487183,0.05289199575781822,-0.22054649889469147,0.24036093056201935,-1.1834057569503784,0.3466925621032715,-1.6300000000000001,-0.14999999999999997,-0.40957149863243103,-0.9717972278594971,0.628534734249115,0.06418489664793015
2.757786512374878,0.2534777820110321,0.668406069278717,0.04996183514595032,0.006151307374238968,0.05996808409690857,-0.9969301223754883,-0.08200568705797195,0.4810522794723511,0.10859813541173935,0.29000000000000004,-0.24,-0.12020915001630783,-0.49255141615867615,0.04543156549334526,0.38180187344551086,0.6636662483215332,0.00963932741433382,-0.2500860095024109,0.1848473697900772,-1.2234052419662476,0.33965936303138733,-1.622326374053955,-0.14999999999999997,-0.38390177488327026,-1.0051813125610352,0.6075062155723572,0.011920073069632053
2.7537262439727783,0.2605547308921814,0.6709985733032227,0.044703345745801926,-0.0013009889516979456,0.07607070356607437,-0.9960988759994507,-0.07567501813173294,0.4589731693267822,0.15734174847602844,0.29000000000000004,-0.24,-0.1077914908528328,-0.5701554417610168,0.020144933834671974,0.3039890229701996,0.7680162191390991,-0.009509198367595673,-0.26504263281822205,0.11720564216375351,-1.264156699180603,0.3247286379337311,-1.5877406597137451,-0.13740190863609314,-0.3643835484981537,-1.0185797214508057,0.5734049081802368,-0.040905941277742386
2.749605178833008,0.26719480752944946,0.6724170446395874,0.03740162402391434,-0.00993812084197998,0.08835669606924057,-0.9953367710113525,-0.09119689464569092,0.4339390993118286,0.183145210146904,0.29000000000000004,-0.24,-0.10237767547369003,-0.6365268230438232,-0.01974434405565262,0.22853983938694,0.8591859936714172,-0.018827499821782112,-0.2805686295032501,0.04490792378783226,-1.2987343072891235,0.2993351221084595,-1.5417909622192383,-0.08213429898023605,-0.35507991909980774,-1.0114569664001465,0.5453770160675049,-0.08667914569377899
2.745964288711548,0.27315765619277954,0.6725546717643738,0.027765626087784767,-0.017062818631529808,0.10180211067199707,-0.9942706227302551,-0.10604766756296158,0.4055582880973816,0.20939703285694122,0.29000000000000004,-0.24,-0.10423033684492111,-0.6828038692474365,-0.06305977702140808,0.17206880450248718,0.9383859038352966,-0.023197531700134277,-0.31011539697647095,-0.023134281858801842,-1.3173742294311523,0.2837149500846863,-1.4668992757797241,-0.03890528529882431,-0.3565859794616699,-0.9893010854721069,0.5427843332290649,-0.130366712808609
2.742936134338379,0.2780826985836029,0.6717333793640137,0.0159000251442194,-0.02165359817445278,0.11804898828268051,-0.9926442503929138,-0.10998720675706863,0.3748323619365692,0.2445281594991684,0.29000000000000004,-0.24,-0.10975636541843414,-0.7097868323326111,-0.10226336866617203,0.1395271271467209,1.0048761367797852,-0.021158427000045776,-0.3225705027580261,-0.08460233360528946,-1.3181631565093994,0.2891334593296051,-1.3644770383834839,-0.026472806930541992,-0.3634013831615448,-0.9591460227966309,0.5603784918785095,-0.14999999999999997
2.7399535179138184,0.2818235456943512,0.6701034307479858,0.0029568520840257406,-0.025428086519241333,0.13497041165828705,-0.9905188679695129,-0.11270541697740555,0.34453094005584717,0.2807057201862335,0.29000000000000004,-0.24,-0.11670053750276566,-0.720800518989563,-0.13351000845432281,0.11803264170885086,1.0480878353118896,-0.01932174526154995,-0.3068818747997284,-0.14330805838108063,-1.3071703910827637,0.3061351478099823,-1.2531818151474,-0.029906535521149635,-0.3680466413497925,-0.9245263338088989,0.5795813798904419,-0.14999999999999997
2.736457586288452,0.28453847765922546,0.6675946116447449,-0.010346729308366776,-0.03038092888891697,0.15107671916484833,-0.9880008101463318,-0.12690852582454681,0.31780457496643066,0.3087215721607208,0.29501038789749146,-0.24,-0.1269209086894989,-0.7203271389007568,-0.15527628362178802,0.09402436017990112,1.0617069005966187,-0.018268490210175514,-0.2715347409248352,-0.20028063654899597,-1.2901804447174072,0.31832295656204224,-1.1504158973693848,-0.025254985317587852,-0.37060844898223877,-0.8902540802955627,0.5906487703323364,-0.14999999999999997
2.7325515747070312,0.28651976585388184,0.6639940738677979,-0.024578742682933807,-0.036549925804138184,0.1660013347864151,-0.9851412773132324,-0.15392254292964935,0.2937262952327728,0.32766473293304443,0.32681241631507874,-0.24,-0.1423272043466568,-0.7142553925514221,-0.1718907505273819,0.06450527161359787,1.0539586544036865,-0.004649064037948847,-0.2421998679637909,-0.25475382804870605,-1.2685093879699707,0.32148200273513794,-1.0657471418380737,-0.007906509563326836,-0.37505361437797546,-0.8607175350189209,0.5911668539047241,-0.14999999999999997
2.7286899089813232,0.2878073453903198,0.6593908667564392,-0.040314413607120514,-0.04260364547371864,0.18020178377628326,-0.9818792939186096,-0.1840277761220932,0.2694803476333618,0.34420451521873474,0.3636356592178345,-0.24,-0.16042859852313995,-0.707257866859436,-0.18882010877132416,0.035920798778533936,1.025991439819336,0.015005974099040031,-0.2556532621383667,-0.306230366230011,-1.2376002073287964,0.32213640213012695,-1.0022071599960327,0.013345119543373585,-0.3829686641693115,-0.8363642692565918,0.5819308757781982,-0.13971535861492157
2.7251741886138916,0.2881752550601959,0.6543481945991516,-0.05607053264975548,-0.04726841300725937,0.19384357333183289,-0.978287398815155,-0.20679011940956116,0.24656179547309875,0.360474169254303,0.39512115716934204,-0.24,-0.17752505838871002,-0.7095654606819153,-0.2091498076915741,0.021511128172278404,0.9771538376808167,0.03698933497071266,-0.3346458971500397,-0.35566893219947815,-1.192475438117981,0.32319292426109314,-0.9628217220306396,0.037380822002887726,-0.3924294412136078,-0.8141125440597534,0.5621446967124939,-0.08857609331607819
2.7219016551971436,0.2875107228755951,0.6491904258728027,-0.07104551047086716,-0.04987151175737381,0.2070068120956421,-0.9744811058044434,-0.21878960728645325,0.22570914030075073,0.3726039230823517,0.4170285165309906,-0.24,-0.19225747883319855,-0.7133865356445312,-0.22241683304309845,0.02323090098798275,0.9343002438545227,0.04729308560490608,-0.4034713804721832,-0.40289804339408875,-1.1308035850524902,0.3217158317565918,-0.9427735805511475,0.06689412146806717,-0.4004221558570862,-0.7965994477272034,0.5291410684585571,-0.036696840077638626
2.7193262577056885,0.28457847237586975,0.6468625068664551,-0.07756136357784271,-0.04808948561549187,0.21441000699996948,-0.9724709987640381,-0.2110312134027481,0.21680453419685364,0.36097362637519836,0.41011637449264526,-0.24,-0.19381392002105713,-0.7393755316734314,-0.21889474987983704,0.05310278385877609,0.9625455141067505,0.04811234772205353,-0.4121328294277191,-0.4575856029987335,-1.0457202196121216,0.3101256787776947,-0.939910888671875,0.11329032480716705,-0.39603495597839355,-0.7766082286834717,0.48793458938598633,0.009405340068042278
2.717186212539673,0.2801908552646637,0.6446951627731323,-0.07949358969926834,-0.04329592362046242,0.2205086499452591,-0.9711755514144897,-0.19221529364585876,0.21617983281612396,0.3431989550590515,0.40203532576560974,-0.24,-0.19883565604686737,-0.7445366382598877,-0.21193647384643555,0.06278227269649506,0.9847110509872437,0.037634413689374924,-0.4238303303718567,-0.5088613033294678,-0.9470691084861755,0.2911757528781891,-0.9312183856964111,0.16680943965911865,-0.3958210051059723,-0.762829065322876,0.45298635959625244,0.049766287207603455
2.7149674892425537,0.2747403085231781,0.6425327658653259,-0.07863517850637436,-0.038185566663742065,0.22804997861385345,-0.9697172045707703,-0.17400111258029938,0.22362756729125977,0.331717312335968,0.40177813172340393,-0.24,-0.20679780840873718,-0.7419118881225586,-0.19795480370521545,0.0659838542342186,1.0028719902038574,0.02488541789352894,-0.4348311126232147,-0.5498713254928589,-0.8487623333930969,0.26508837938308716,-0.9105974435806274,0.24114291369915009,-0.41227731108665466,-0.7491205930709839,0.428155779838562,0.10653769969940186
2.7130913734436035,0.26854079961776733,0.6407895684242249,-0.07641112059354782,-0.031661272048950195,0.2363498955965042,-0.9681413173675537,-0.15484842658042908,0.2342982292175293,0.32732436060905457,0.41067153215408325,-0.24,-0.2189081758260727,-0.7301213145256042,-0.18201091885566711,0.06486663222312927,1.016532063484192,0.011325972154736519,-0.44552186131477356,-0.5813391804695129,-0.7542231678962708,0.23531143367290497,-0.8745083212852478,0.3425673544406891,-0.43980634212493896,-0.7359049320220947,0.4100441634654999,0.18272915482521057
2.7116663455963135,0.2617359757423401,0.6399083733558655,-0.07294107973575592,-0.02322540618479252,0.24313636124134064,-0.9669668078422546,-0.13551300764083862,0.24552187323570251,0.3191012740135193,0.42642509937286377,-0.24,-0.23508891463279724,-0.7057912349700928,-0.1681852638721466,0.055289387702941895,1.0232291221618652,-0.0028613463509827852,-0.455967515707016,-0.6071598529815674,-0.6599443554878235,0.21043530106544495,-0.8226493000984192,0.4513004720211029,-0.4639698565006256,-0.7216256856918335,0.38672515749931335,0.2709497809410095
2.7103095054626465,0.25444552302360535,0.640046238899231,-0.0677652359008789,-0.014339255169034004,0.24800880253314972,-0.9662782549858093,-0.12648989260196686,0.25936999917030334,0.2997632324695587,0.4531535804271698,-0.24,-0.2513856291770935,-0.6709250211715698,-0.15445034205913544,0.03575443476438522,1.019976258277893,-0.01840715855360031,-0.46372190117836,-0.6270310878753662,-0.5655471086502075,0.19496452808380127,-0.7563486695289612,0.5576076507568359,-0.47820165753364563,-0.7038671374320984,0.35452327132225037,0.37175846099853516
2.7088887691497803,0.247096985578537,0.6409441232681274,-0.06183064728975296,-0.006410956848412752,0.2521779239177704,-0.9656822085380554,-0.14150284230709076,0.2754906713962555,0.2667016386985779,0.503801703453064,-0.21267519891262054,-0.2605432868003845,-0.6328073143959045,-0.13914844393730164,0.012583768926560879,1.0085539817810059,-0.03428405523300171,-0.4675842821598053,-0.6373835802078247,-0.47678089141845703,0.1880464404821396,-0.6772768497467041,0.6718219518661499,-0.4846963584423065,-0.6855589747428894,0.3250519931316376,0.48172351717948914
2.7075142860412598,0.24026574194431305,0.6422076225280762,-0.05674649775028229,-0.0002961567952297628,0.25738972425460815,-0.9646398425102234,-0.19456687569618225,0.28690510988235474,0.21846505999565125,0.5944038033485413,-0.1792403608560562,-0.2633925974369049,-0.5995919108390808,-0.12247183173894882,-0.005224248860031366,0.9934985637664795,-0.048941247165203094,-0.4677073359489441,-0.6349313855171204,-0.39996930956840515,0.1906231939792633,-0.5911303162574768,0.8015685081481934,-0.48606833815574646,-0.6652588844299316,0.3094325065612793,0.5913016200065613
2.7060964107513428,0.2342647761106491,0.643383264541626,-0.053124092519283295,0.0030074461828917265,0.26580995321273804,-0.9625558257102966,-0.2917615473270416,0.2896077632904053,0.15499331057071686,0.7375942468643188,-0.16908733546733856,-0.2735953629016876,-0.5777972936630249,-0.10260731726884842,-0.010970376431941986,0.9786730408668518,-0.061954762786626816,-0.46412280201911926,-0.617280125617981,-0.3339103162288666,0.20657749474048615,-0.505058228969574,0.9342634677886963,-0.48134908080101013,-0.6351884007453918,0.3061524033546448,0.6873894929885864
2.7045462131500244,0.22895845770835876,0.6442087292671204,-0.0498696006834507,0.003274590242654085,0.2789437174797058,-0.9590060114860535,-0.4233883023262024,0.2854880094528198,0.07988446950912476,0.9215081930160522,-0.1876562386751175,-0.2720087170600891,-0.566874086856842,-0.07609284669160843,-0.004653227981179953,0.9642521739006042,-0.07518558204174042,-0.456310510635376,-0.584044873714447,-0.275041788816452,0.23388563096523285,-0.42490747570991516,1.0645549297332764,-0.46962714195251465,-0.589180052280426,0.30984362959861755,0.7586191892623901
2.703275203704834,0.22391864657402039,0.6447129249572754,-0.04556117579340935,0.002282325644046068,0.2968885898590088,-0.9538218379020691,-0.5667012929916382,0.2766670882701874,0.0025483714416623116,1.116866111755371,-0.22744587063789368,-0.24900031089782715,-0.558472216129303,-0.04200713336467743,0.010486871004104614,0.9486933946609497,-0.08848384767770767,-0.4453868865966797,-0.5366537570953369,-0.21990074217319489,0.2672238051891327,-0.3519230782985687,1.1929844617843628,-0.4509759247303009,-0.5281054377555847,0.31679782271385193,0.8011249899864197
2.7027997970581055,0.21892277896404266,0.6450119614601135,-0.04013710469007492,0.0017630617367103696,0.3180038630962372,-0.9472377300262451,-0.704136073589325,0.2609582245349884,-0.07151132076978683,1.3018544912338257,-0.24,-0.2180814892053604,-0.5466246008872986,-0.004015989135950804,0.03168795257806778,0.9325114488601685,-0.10003122687339783,-0.4339640736579895,-0.4788297116756439,-0.16423377394676208,0.30342555046081543,-0.28494906425476074,1.3128410577774048,-0.42549556493759155,-0.45656412839889526,0.32365649938583374,0.8163528442382812
2.703458786010742,0.21401165425777435,0.6453236937522888,-0.03455885127186775,0.002542132278904319,0.34062668681144714,-0.9395597577095032,-0.8210387229919434,0.23640327155590057,-0.13468830287456512,1.4517042636871338,-0.24,-0.18173722922801971,-0.5300574898719788,0.03282073885202408,0.05787580460309982,0.9170138239860535,-0.10897950828075409,-0.4239155650138855,-0.41504424810409546,-0.10340651869773865,0.3397273123264313,-0.2230159342288971,1.4092037677764893,-0.39575642347335815,-0.3832874596118927,0.34250834584236145,0.8030651807785034
2.7053141593933105,0.20923130214214325,0.646175742149353,-0.029411904513835907,0.004698329139500856,0.363571435213089,-0.9310899972915649,-0.9087315201759338,0.20674557983875275,-0.18132856488227844,1.5489777326583862,-0.24,-0.132636159658432,-0.5077303647994995,0.06,0.08779788762331009,0.8997997045516968,-0.11500450223684311,-0.41458019614219666,-0.34899720549583435,-0.037881676107645035,0.3702341616153717,-0.16719938814640045,1.46,-0.3661511242389679,-0.31744128465652466,0.3844407796859741,0.7595285177230835
2.7082338333129883,0.20469611883163452,0.6477675437927246,-0.02503621019423008,0.007988767698407173,0.3865254819393158,-0.9219042062759399,-0.9620941281318665,0.177204892039299,-0.21089932322502136,1.589337706565857,-0.24,-0.09299727529287338,-0.480582594871521,0.06,0.12174289673566818,0.8799500465393066,-0.1179097592830658,-0.40514591336250305,-0.28173646330833435,0.027970224618911743,0.3898131847381592,-0.1216120794415474,1.46,-0.34564435482025146,-0.26378846168518066,0.44699329137802124,0.6945193409919739
2.712041139602661,0.20050178468227386,0.6500162482261658,-0.0215610358864069,0.012644799426198006,0.4085733890533447,-0.9123830795288086,-0.9755192399024963,0.14935298264026642,-0.2265554815530777,1.570878505706787,-0.24,-0.07813555747270584,-0.4493747651576996,0.06,0.1580478549003601,0.8586503267288208,-0.11783409863710403,-0.3964076042175293,-0.21468959748744965,0.09288276731967926,0.398356169462204,-0.08824996650218964,1.46,-0.34099945425987244,-0.2247263640165329,0.5181504487991333,0.6167749166488647
2.7163329124450684,0.19664767384529114,0.6528540253639221,-0.018584342673420906,0.018352219834923744,0.428928017616272,-0.9029609560966492,-0.9506878852844238,0.12374530732631683,-0.23251771926879883,1.4970228672027588,-0.24,-0.07749152183532715,-0.41466206312179565,0.06,0.19395723938941956,0.8350042700767517,-0.11579606682062149,-0.3877217173576355,-0.1495172679424286,0.1570722460746765,0.4007675051689148,-0.06043948605656624,1.46,-0.35573866963386536,-0.19770324230194092,0.580153226852417,0.5362892746925354
2.720667600631714,0.19313517212867737,0.6559104323387146,-0.015866773203015327,0.024192215874791145,0.4467702805995941,-0.8941807746887207,-0.8948796391487122,0.09940879046916962,-0.22901970148086548,1.3747590780258179,-0.24,-0.07816850394010544,-0.379472941160202,0.06,0.22673992812633514,0.8102882504463196,-0.11276116222143173,-0.37926939129829407,-0.08851909637451172,0.21838566660881042,0.4026010036468506,-0.03516770526766777,1.46,-0.3892868459224701,-0.17836159467697144,0.6208229064941406,0.46092522144317627
2.724591016769409,0.1897508203983307,0.6586669683456421,-0.012514723464846611,0.02917230688035488,0.46233832836151123,-0.8861352205276489,-0.8168877363204956,0.07973388582468033,-0.21445100009441376,1.2151033878326416,-0.23564404249191284,-0.08806585520505905,-0.34577375650405884,0.06,0.2540954351425171,0.7855379581451416,-0.11033811420202255,-0.37087851762771606,-0.030168047174811363,0.27207687497138977,0.4091253876686096,-0.01721448078751564,1.46,-0.43247175216674805,-0.16420400142669678,0.6360260248184204,0.3951253890991211
2.7276110649108887,0.1861298680305481,0.660883367061615,-0.00688141630962491,0.0322854146361351,0.475809782743454,-0.8789283633232117,-0.7275147438049316,0.06885974109172821,-0.19461895525455475,1.0342577695846558,-0.2103511095046997,-0.09855347871780396,-0.31209689378738403,0.06,0.27290937304496765,0.7572265267372131,-0.11131509393453598,-0.3604510426521301,0.027340469881892204,0.3146522343158722,0.42454633116722107,-0.015581384301185608,1.46,-0.47108206152915955,-0.15392033755779266,0.6311025023460388,0.33691486716270447
2.7294209003448486,0.18245595693588257,0.6622098088264465,0.0010215023066848516,0.031844303011894226,0.48703745007514954,-0.8727997541427612,-0.6379077434539795,0.06658627837896347,-0.17671933770179749,0.8479204773902893,-0.19421528279781342,-0.09150777757167816,-0.28280696272850037,0.06,0.2819611430168152,0.726110577583313,-0.11583191901445389,-0.34699004888534546,0.08420351147651672,0.34376099705696106,0.45016345381736755,-0.02833845093846321,1.46,-0.49729421734809875,-0.1509578675031662,0.6155090928077698,0.2708446979522705
2.730114698410034,0.17918139696121216,0.6623598337173462,0.010237423703074455,0.027106111869215965,0.4958730638027191,-0.8679113984107971,-0.5582103729248047,0.069557785987854,-0.16304931044578552,0.6788406372070312,-0.17744603753089905,-0.03886678069829941,-0.2627148926258087,0.06,0.2865005433559418,0.6965988874435425,-0.12182006984949112,-0.3322441279888153,0.13902366161346436,0.35460713505744934,0.4832702577114105,-0.047008488327264786,1.46,-0.5076624751091003,-0.15833145380020142,0.5937684774398804,0.19018304347991943
2.7299931049346924,0.17681802809238434,0.661544680595398,0.019098637625575066,0.01902909018099308,0.5007852911949158,-0.865151584148407,-0.497930109500885,0.08068317174911499,-0.16084660589694977,0.559518039226532,-0.14613527059555054,-0.03856748342514038,-0.25389838218688965,0.06,0.2876693606376648,0.6725913882255554,-0.12696346640586853,-0.3185344338417053,0.1835947334766388,0.35191306471824646,0.5156182050704956,-0.06289375573396683,1.46,-0.5065500736236572,-0.16847987473011017,0.5743724703788757,0.11764111369848251
2.7291312217712402,0.17628157138824463,0.6651926636695862,0.02171693556010723,0.01332179270684719,0.5007242560386658,-0.8652318716049194,-0.48151546716690063,0.09206520766019821,-0.15491221845149994,0.510562539100647,-0.08673661202192307,-0.013883625157177448,-0.2520790696144104,0.06,0.27596697211265564,0.6432101130485535,-0.1293867975473404,-0.28201720118522644,0.21250325441360474,0.3419341444969177,0.5288613438606262,-0.07614625245332718,1.46,-0.49727684259414673,-0.1808067262172699,0.5762332081794739,0.07154548913240433
2.728060483932495,0.1763344258069992,0.6687506437301636,0.022517390549182892,0.010366561822593212,0.4994218051433563,-0.8660042881965637,-0.4594706892967224,0.10101387649774551,-0.14931948482990265,0.4550580382347107,-0.09992244094610214,0.015389373525977135,-0.25508418679237366,0.06,0.25146013498306274,0.625012218952179,-0.13866382837295532,-0.247993603348732,0.23626157641410828,0.3295576572418213,0.5332713723182678,-0.09092716127634048,1.46,-0.4853276014328003,-0.1942131370306015,0.5913079380989075,0.04607357457280159
2.7271387577056885,0.1767859011888504,0.6715259552001953,0.021500451490283012,0.010680594481527805,0.49900829792022705,-0.8662644624710083,-0.43250128626823425,0.10298273712396622,-0.137009397149086,0.40179386734962463,-0.0989358201622963,0.04297619313001633,-0.26034024357795715,0.06,0.22285762429237366,0.6139897108078003,-0.14697764813899994,-0.22162459790706635,0.2600068151950836,0.31118717789649963,0.5274094939231873,-0.10491898655891418,1.4135265350341797,-0.4712783694267273,-0.21282954514026642,0.6175662279129028,0.027696652337908745
2.726712465286255,0.17765343189239502,0.6728972792625427,0.018252462148666382,0.014133012853562832,0.49932679533958435,-0.8661060929298401,-0.4043143093585968,0.09673818945884705,-0.12007415294647217,0.35631275177001953,-0.09627886116504669,0.06628420203924179,-0.2651083171367645,0.06,0.201140895485878,0.6054338812828064,-0.14898154139518738,-0.21505992114543915,0.28184041380882263,0.27792054414749146,0.5110140442848206,-0.12294873595237732,1.3699764013290405,-0.45158037543296814,-0.2414422482252121,0.6533762812614441,0.013259319588541985
2.726761817932129,0.17911560833454132,0.6722310781478882,0.012432639487087727,0.01914563775062561,0.49839386343955994,-0.8666500449180603,-0.3877563774585724,0.08001288026571274,-0.10820820182561874,0.3315643072128296,-0.09183426946401596,0.08064460754394531,-0.2712119519710541,0.06,0.19013789296150208,0.5945065021514893,-0.1394774615764618,-0.21808147430419922,0.29528379440307617,0.2270183116197586,0.4866504669189453,-0.14277683198451996,1.3322889804840088,-0.42333391308784485,-0.2819049060344696,0.690561056137085,0.006148556713014841
2.7269742488861084,0.18100231885910034,0.6700292229652405,0.005041726864874363,0.025222061201930046,0.4953538775444031,-0.8683103322982788,-0.3882996141910553,0.054989688098430634,-0.10613611340522766,0.33753344416618347,-0.08658858388662338,0.07353777438402176,-0.2804199755191803,0.06,0.18591316044330597,0.5977542400360107,-0.13810262084007263,-0.24214917421340942,0.29607218503952026,0.15910446643829346,0.4548819661140442,-0.16531041264533997,1.2884578704833984,-0.38782235980033875,-0.32896292209625244,0.7287592887878418,0.02104523405432701
2.726738214492798,0.18299202620983124,0.6691502332687378,-0.0007824772619642317,0.030245903879404068,0.49148112535476685,-0.870362401008606,-0.40464311838150024,0.03295893222093582,-0.11104393750429153,0.37479835748672485,-0.08301383256912231,0.016714980825781822,-0.2971579134464264,0.06,0.18322141468524933,0.6317033767700195,-0.13366959989070892,-0.2589048445224762,0.2862962782382965,0.07317911088466644,0.4155576527118683,-0.19328397512435913,1.2352136373519897,-0.34124255180358887,-0.37728217244148254,0.7646557688713074,0.062364425510168076
2.7263906002044678,0.1854175329208374,0.6682046055793762,-0.006061892490833998,0.03344716876745224,0.48752841353416443,-0.8724451661109924,-0.43704506754875183,0.017350371927022934,-0.11305026710033417,0.44628196954727173,-0.09047018736600876,-0.07062652707099915,-0.31494519114494324,0.06,0.18140405416488647,0.6602417230606079,-0.13045518100261688,-0.2717738151550293,0.2662036418914795,-0.01668577641248703,0.36868318915367126,-0.22074779868125916,1.159769058227539,-0.2843363285064697,-0.42956671118736267,0.8037593960762024,0.1184823215007782
2.7261390686035156,0.18818581104278564,0.6672368049621582,-0.010576451197266579,0.035081323236227036,0.48244795203208923,-0.8751578330993652,-0.4813181161880493,0.010823376476764679,-0.11665456742048264,0.5472784638404846,-0.11321467161178589,-0.12177352607250214,-0.33301079273223877,0.06,0.177532359957695,0.6841873526573181,-0.12699957191944122,-0.28206077218055725,0.2315542995929718,-0.09729733318090439,0.3184663653373718,-0.24610251188278198,1.0690580606460571,-0.22344769537448883,-0.48183903098106384,0.8523651957511902,0.18646161258220673
2.726170539855957,0.19070479273796082,0.6664179563522339,-0.013229739852249622,0.036816585808992386,0.47488096356391907,-0.8791800737380981,-0.5290576219558716,0.01110015343874693,-0.13103853166103363,0.680027961730957,-0.13940244913101196,-0.14098583161830902,-0.34458813071250916,0.06,0.1664702296257019,0.7020903825759888,-0.12391887605190277,-0.2914741039276123,0.17796051502227783,-0.15967558324337006,0.2737564146518707,-0.2779328525066376,0.9792117476463318,-0.17066532373428345,-0.5246974229812622,0.9131353497505188,0.2682502865791321
2.726074695587158,0.1926071047782898,0.665532648563385,-0.013131747953593731,0.037836480885744095,0.4662134647369385,-0.8837651014328003,-0.5761585831642151,0.021793121472001076,-0.15903009474277496,0.8403263092041016,-0.16855959594249725,-0.16075371205806732,-0.3496323525905609,0.06,0.14933770895004272,0.7129617929458618,-0.12254834175109863,-0.2987305819988251,0.10988651216030121,-0.20117290318012238,0.24317410588264465,-0.3230140507221222,0.897732138633728,-0.13781419396400452,-0.5483238101005554,0.9807630777359009,0.3620889186859131
2.725659132003784,0.19397005438804626,0.6646604537963867,-0.010597683489322662,0.037103693932294846,0.45829471945762634,-0.8879622220993042,-0.6190539598464966,0.04560583457350731,-0.1960163563489914,1.0039242506027222,-0.19841384887695312,-0.1724534034729004,-0.35063549876213074,0.06,0.1303633749485016,0.7154853343963623,-0.12294814735651016,-0.30156758427619934,0.0374833308160305,-0.23063775897026062,0.22468842566013336,-0.3894742429256439,0.8367065787315369,-0.11737331748008728,-0.5546979308128357,1.0353612899780273,0.45931223034858704
2.725095272064209,0.19510088860988617,0.6639277935028076,-0.0068878112360835075,0.03425145894289017,0.451077401638031,-0.8918007612228394,-0.6564682722091675,0.07944223284721375,-0.23794600367546082,1.149741768836975,-0.22386962175369263,-0.1817455291748047,-0.35106417536735535,0.06,0.11146818846464157,0.7112193703651428,-0.12411116063594818,-0.30028674006462097,-0.03485850989818573,-0.2557455599308014,0.20935092866420746,-0.47091954946517944,0.7995403409004211,-0.10214988142251968,-0.5511976480484009,1.0726970434188843,0.5565690994262695
2.7246134281158447,0.1961563378572464,0.663272500038147,-0.003067927435040474,0.029561230912804604,0.4434967637062073,-0.895783007144928,-0.6879774332046509,0.11780522018671036,-0.2813447415828705,1.267937183380127,-0.24,-0.19705730676651,-0.35333865880966187,0.06,0.09197874367237091,0.7038629651069641,-0.1253402829170227,-0.29732629656791687,-0.10785675793886185,-0.27956873178482056,0.190437451004982,-0.5561378598213196,0.7803378105163574,-0.09033381193876266,-0.5418662428855896,1.1014779806137085,0.6574646830558777
2.724349021911621,0.1971302181482315,0.6628800630569458,0.0004889426636509597,0.023608673363924026,0.4360397756099701,-0.8996174931526184,-0.7100584506988525,0.15870918333530426,-0.32039719820022583,1.3525269031524658,-0.24,-0.21891647577285767,-0.35653701424598694,0.06,0.07348070293664932,0.6931644082069397,-0.12615755200386047,-0.29261794686317444,-0.17879784107208252,-0.3031657338142395,0.16526105999946594,-0.6355673670768738,0.77178955078125,-0.08024401217699051,-0.5316023826599121,1.1285076141357422,0.7578153014183044
2.724400758743286,0.1980971395969391,0.6630197167396545,0.0033187943045049906,0.017061768099665642,0.4292304217815399,-0.9030276536941528,-0.7166916131973267,0.19981035590171814,-0.3492342531681061,1.39553964138031,-0.24,-0.24206966161727905,-0.3594340980052948,0.06,0.057671524584293365,0.6782194375991821,-0.12604685127735138,-0.28558775782585144,-0.24463018774986267,-0.3271399736404419,0.13496415317058563,-0.7016491293907166,0.764863908290863,-0.07045502215623856,-0.525013267993927,1.1533639430999756,0.849061131477356
2.725094795227051,0.19911997020244598,0.6636623740196228,0.004744393285363913,0.011441958136856556,0.42201027274131775,-0.9065064191818237,-0.7001826167106628,0.2356674075126648,-0.3620739281177521,1.3918648958206177,-0.24,-0.25857728719711304,-0.3612348735332489,0.06,0.043055351823568344,0.6632495522499084,-0.12428601831197739,-0.27952897548675537,-0.3074420690536499,-0.3516773581504822,0.1032630056142807,-0.746376633644104,0.7504982948303223,-0.05993714556097984,-0.5267198085784912,1.176069736480713,0.9244086742401123
2.7265968322753906,0.20017120242118835,0.6644651889801025,0.004722932353615761,0.007712411694228649,0.4136928617954254,-0.9103715419769287,-0.6591076850891113,0.26253703236579895,-0.3579443395137787,1.3491290807724,-0.24,-0.2700333297252655,-0.3621861934661865,0.06,0.0280672088265419,0.6535853147506714,-0.12079701572656631,-0.2779662013053894,-0.36878305673599243,-0.37618687748908997,0.07587369531393051,-0.7684037685394287,0.7222602367401123,-0.04887427017092705,-0.5378475785255432,1.1955381631851196,0.9820587038993835
2.728537082672119,0.2011648416519165,0.6650116443634033,0.004168681334704161,0.005078082904219627,0.40490657091140747,-0.9143344163894653,-0.6007808446884155,0.2812771797180176,-0.34333425760269165,1.2800803184509277,-0.24,-0.2893047332763672,-0.36358726024627686,0.06,0.012749810703098774,0.6499044299125671,-0.11670447885990143,-0.2805081009864807,-0.4259754419326782,-0.40124642848968506,0.05675073713064194,-0.7740839719772339,0.6834670901298523,-0.038717374205589294,-0.5534749627113342,1.2072149515151978,1.0278385877609253
2.7305073738098145,0.20202729105949402,0.6652063131332397,0.003919950220733881,0.0024945437908172607,0.39615947008132935,-0.9181699156761169,-0.5321928262710571,0.2927696108818054,-0.3241361975669861,1.1897085905075073,-0.24,-0.31178948283195496,-0.3656634986400604,0.06,-0.0029227989725768566,0.6492249369621277,-0.11296303570270538,-0.2848127484321594,-0.47617679834365845,-0.4273141324520111,0.04726944491267204,-0.7705544829368591,0.6392555236816406,-0.029098771512508392,-0.5681759119033813,1.2063167095184326,1.0700993537902832
2.732538938522339,0.2027435302734375,0.6651961803436279,0.0039889020845294,6.009875505696982e-05,0.3877578675746918,-0.9217525124549866,-0.45437854528427124,0.29563289880752563,-0.29805755615234375,1.0760148763656616,-0.24,-0.31376537680625916,-0.36750349402427673,0.06,-0.01831205189228058,0.6501242518424988,-0.10939899832010269,-0.2902393639087677,-0.5173650979995728,-0.4535844027996063,0.04771295562386513,-0.7639320492744446,0.5904985666275024,-0.017926035448908806,-0.584122359752655,1.1901707649230957,1.1047505140304565
2.7348599433898926,0.20332837104797363,0.6650750041007996,0.00414803484454751,-0.0017967472085729241,0.3806275725364685,-0.924717366695404,-0.36693075299263,0.2893200218677521,-0.26056206226348877,0.9385524988174438,-0.24,-0.2990008294582367,-0.36850082874298096,0.06,-0.031076040118932724,0.6526462435722351,-0.10549107193946838,-0.2964448034763336,-0.5464258193969727,-0.48008352518081665,0.05692535638809204,-0.7597439289093018,0.5372706055641174,-0.0027356429491192102,-0.6045471429824829,1.1556150913238525,1.125265121459961
2.737412929534912,0.203981414437294,0.6644261479377747,0.00406079925596714,-0.004057359881699085,0.37571361660957336,-0.9267180562019348,-0.27704575657844543,0.27530866861343384,-0.21505911648273468,0.7885440587997437,-0.24,-0.3024727404117584,-0.37381407618522644,0.06,-0.03838428482413292,0.6608772873878479,-0.10112360119819641,-0.3042721450328827,-0.5611493587493896,-0.5100024342536926,0.07155732065439224,-0.7619044184684753,0.4809458255767822,0.01577659137547016,-0.627788782119751,1.102087378501892,1.1315618753433228
2.7398972511291504,0.20485645532608032,0.6630171537399292,0.0034105228260159492,-0.007965483702719212,0.3725470304489136,-0.9279727935791016,-0.19424857199192047,0.26440298557281494,-0.1735125333070755,0.6383276581764221,-0.24,-0.3515940010547638,-0.3876662850379944,0.06,-0.04081778600811958,0.6763626933097839,-0.09736043214797974,-0.31437212228775024,-0.5630094408988953,-0.5449942350387573,0.08958996087312698,-0.773736298084259,0.4185227155685425,0.03478383645415306,-0.6508861780166626,1.0330586433410645,1.12348473072052
2.742058515548706,0.20632454752922058,0.66103196144104,0.0009622620418667793,-0.014357452280819416,0.36894726753234863,-0.9293387532234192,-0.13055749237537384,0.26147904992103577,-0.14523185789585114,0.49820032715797424,-0.24,-0.38652336597442627,-0.41335800290107727,0.06,-0.04095495119690895,0.6990366578102112,-0.09364164620637894,-0.3259304463863373,-0.5571466684341431,-0.5845896601676941,0.10867860168218613,-0.7968818545341492,0.34663084149360657,0.05212876573204994,-0.6728617548942566,0.944937527179718,1.0989347696304321
2.7443480491638184,0.2070099264383316,0.661763608455658,-0.005913851782679558,-0.01960357092320919,0.36775845289230347,-0.9296959042549133,-0.10364607721567154,0.2517102062702179,-0.11174273490905762,0.4204551577568054,-0.24,-0.3727473318576813,-0.43646910786628723,0.05746946111321449,-0.03800039738416672,0.7100064158439636,-0.09723306447267532,-0.3339489996433258,-0.5387128591537476,-0.6199039220809937,0.12283501774072647,-0.8271134495735168,0.26734092831611633,0.07259168475866318,-0.6948932409286499,0.8360004425048828,1.0599496364593506
2.7467761039733887,0.20723502337932587,0.6635000109672546,-0.01797979511320591,-0.023358894512057304,0.3659740388393402,-0.9301580190658569,-0.08796856552362442,0.22853915393352509,-0.08916333317756653,0.358770489692688,-0.24,-0.34047338366508484,-0.45830175280570984,0.028795570135116577,-0.0443328395485878,0.7194898724555969,-0.10753684490919113,-0.338257759809494,-0.5162378549575806,-0.6547481417655945,0.1256464421749115,-0.8555824160575867,0.19303490221500397,0.09779058396816254,-0.717737078666687,0.717388927936554,1.0060725212097168
2.7485692501068115,0.20736171305179596,0.6644414663314819,-0.03141184151172638,-0.028056949377059937,0.36342379450798035,-0.9306713938713074,-0.08005637675523758,0.20324227213859558,-0.07472356408834457,0.30198538303375244,-0.24,-0.3079501688480377,-0.4904421269893646,0.00018276795162819326,-0.0454709455370903,0.7407435774803162,-0.11549974232912064,-0.3495190143585205,-0.4897725284099579,-0.6895674467086792,0.11675386130809784,-0.8803274035453796,0.13774797320365906,0.12369485944509506,-0.7293093204498291,0.605859100818634,0.9530719518661499
2.7495779991149902,0.20686069130897522,0.6644420623779297,-0.04309803247451782,-0.03264768049120903,0.361191064119339,-0.9309229850769043,-0.07795253396034241,0.18261773884296417,-0.06639883667230606,0.29000000000000004,-0.24,-0.282940536737442,-0.5228167772293091,-0.020425856113433838,-0.037109728902578354,0.7634257078170776,-0.12088627368211746,-0.3609042763710022,-0.45724451541900635,-0.71634840965271,0.10048588365316391,-0.901931643486023,0.11242474615573883,0.15100480616092682,-0.7279852628707886,0.5115322470664978,0.9054827094078064
2.7502145767211914,0.20509065687656403,0.6637803912162781,-0.05090026557445526,-0.03406112268567085,0.3603754937648773,-0.9307944774627686,-0.06589853763580322,0.16977791488170624,-0.05643411725759506,0.29000000000000004,-0.24,-0.26581382751464844,-0.541983962059021,-0.033081840723752975,-0.02723158709704876,0.7834734320640564,-0.11852050572633743,-0.3727114498615265,-0.4203943908214569,-0.7232269644737244,0.08798643201589584,-0.915416955947876,0.11798801273107529,0.17708832025527954,-0.7193275094032288,0.44940096139907837,0.863883376121521
2.750523567199707,0.20210808515548706,0.6627169847488403,-0.055190254002809525,-0.032005079090595245,0.3625750243663788,-0.9297682642936707,-0.045782577246427536,0.16314683854579926,-0.04192173108458519,0.29000000000000004,-0.24,-0.2579364478588104,-0.5477647185325623,-0.03809269517660141,-0.016519997268915176,0.8004794120788574,-0.1129055917263031,-0.38457590341567993,-0.37936633825302124,-0.7079153656959534,0.08655250817537308,-0.920244038105011,0.15499316155910492,0.18709780275821686,-0.7055268883705139,0.43860939145088196,0.8358834981918335
2.7503392696380615,0.19847486913204193,0.6613949537277222,-0.05748675391077995,-0.028008069843053818,0.36802977323532104,-0.9276124238967896,-0.031350985169410706,0.15966328978538513,-0.02822709269821644,0.29000000000000004,-0.24,-0.26168835163116455,-0.5466423630714417,-0.03669687733054161,-0.002076738281175494,0.8151772618293762,-0.10462614893913269,-0.39497435092926025,-0.33359742164611816,-0.6751813292503357,0.09577865153551102,-0.9183696508407593,0.22346289455890656,0.17220112681388855,-0.6842540502548218,0.471864253282547,0.8208274245262146
2.749575138092041,0.19467739760875702,0.6603259444236755,-0.059326719492673874,-0.023528894409537315,0.37480148673057556,-0.9249056577682495,-0.04106035828590393,0.15675541758537292,-0.027787359431385994,0.29000000000000004,-0.24,-0.2789497971534729,-0.5418818593025208,-0.03208820894360542,0.015967899933457375,0.824273943901062,-0.09021162241697311,-0.40172281861305237,-0.2857106328010559,-0.6313372254371643,0.11209312826395035,-0.9130370616912842,0.3182639479637146,0.13205544650554657,-0.6544008255004883,0.5267555713653564,0.8078035712242126
2.7483277320861816,0.19107820093631744,0.6599225401878357,-0.061175718903541565,-0.01965334638953209,0.38150402903556824,-0.9221312403678894,-0.08774830400943756,0.15330438315868378,-0.04645894467830658,0.371212899684906,-0.23962430655956268,-0.2995398938655853,-0.5380333662033081,-0.02796711027622223,0.027276810258626938,0.8311790823936462,-0.09290502965450287,-0.4063888192176819,-0.23624670505523682,-0.5795199275016785,0.13347741961479187,-0.9053959846496582,0.4284123182296753,0.07289586961269379,-0.6178652048110962,0.5806421041488647,0.7833791971206665
2.7469968795776367,0.18736568093299866,0.659959614276886,-0.06203581765294075,-0.015552372671663761,0.38933733105659485,-0.9188721776008606,-0.16443310678005219,0.1475631594657898,-0.07150549441576004,0.53968745470047,-0.21042311191558838,-0.3120529055595398,-0.5299696326255798,-0.02134167216718197,0.037985581904649734,0.8329711556434631,-0.09858927875757217,-0.40859681367874146,-0.1801418513059616,-0.515834629535675,0.16280321776866913,-0.892005205154419,0.539631187915802,0.008133236318826675,-0.5769451856613159,0.6178780198097229,0.7432708144187927
2.746091604232788,0.1831328123807907,0.6603811383247375,-0.06110261008143425,-0.010250499472022057,0.39796581864356995,-0.9153056144714355,-0.26351624727249146,0.13862565159797668,-0.09923889487981796,0.7469742894172668,-0.1734972447156906,-0.340686559677124,-0.513041079044342,-0.01271848101168871,0.046286772936582565,0.829246461391449,-0.10511572659015656,-0.40976783633232117,-0.11702363938093185,-0.4378356337547302,0.20198628306388855,-0.8749716281890869,0.6390465497970581,-0.050290729850530624,-0.5301204323768616,0.6310264468193054,0.6977870464324951
2.7459371089935303,0.17847546935081482,0.6611844897270203,-0.05918027460575104,-0.003930764272809029,0.4053723216056824,-0.9122254848480225,-0.3749437928199768,0.12257279455661774,-0.1348421722650528,0.947597086429596,-0.14603960514068604,-0.33205267786979675,-0.48862791061401367,-0.005677775479853153,0.050866637378931046,0.8215911984443665,-0.11018583178520203,-0.4117383360862732,-0.052279986441135406,-0.3519662320613861,0.24577409029006958,-0.8566333055496216,0.7258560061454773,-0.10056904703378677,-0.4779263734817505,0.622829020023346,0.6552591919898987
2.746654748916626,0.17363771796226501,0.6620909571647644,-0.057105932384729385,0.0028852953109890223,0.41119715571403503,-0.909751296043396,-0.4862727224826813,0.0964386984705925,-0.1776406466960907,1.105211615562439,-0.13995523750782013,-0.2686602473258972,-0.4609820246696472,-0.0017713005654513836,0.05234726890921593,0.8135488629341125,-0.11416637152433395,-0.4156867265701294,0.009368572384119034,-0.26268017292022705,0.2883863151073456,-0.8320831656455994,0.8026320934295654,-0.14733056724071503,-0.42311081290245056,0.6072915196418762,0.6128042936325073
2.748014450073242,0.16887474060058594,0.6628167033195496,-0.054869309067726135,0.008937914855778217,0.41739562153816223,-0.9070227742195129,-0.5932262539863586,0.0642537772655487,-0.21886920928955078,1.2220582962036133,-0.14657197892665863,-0.19757026433944702,-0.43478137254714966,0.0025846282951533794,0.05536815524101257,0.8065100908279419,-0.11705897748470306,-0.4201047420501709,0.06875669956207275,-0.17559483647346497,0.32531797885894775,-0.8001980185508728,0.8782520294189453,-0.196882963180542,-0.36957865953445435,0.6004772782325745,0.5658258199691772
2.7500200271606445,0.16424502432346344,0.6632473468780518,-0.05235101282596588,0.014530790038406849,0.4244411289691925,-0.903823971748352,-0.6879211664199829,0.030533960089087486,-0.25125470757484436,1.3009415864944458,-0.15139389038085938,-0.1575736403465271,-0.4097382724285126,0.007482731714844704,0.06044861674308777,0.8009963631629944,-0.11987009644508362,-0.42540615797042847,0.12315307557582855,-0.08953642100095749,0.35655081272125244,-0.757767915725708,0.9532933831214905,-0.25377756357192993,-0.3246571719646454,0.6140239834785461,0.51090008020401
2.7525360584259033,0.15981537103652954,0.6630709171295166,-0.050010982900857925,0.020196693018078804,0.4305447041988373,-0.9009563326835632,-0.7633152008056641,-0.0031760884448885918,-0.2731032967567444,1.3352197408676147,-0.15170219540596008,-0.12766548991203308,-0.38716310262680054,0.010064234957098961,0.06429681181907654,0.8012743592262268,-0.12297841906547546,-0.4343946874141693,0.1655396819114685,9.25475760595873e-05,0.3858981430530548,-0.7011162638664246,1.0158140659332275,-0.3247053325176239,-0.2892571985721588,0.6523627042770386,0.4546435475349426
2.75524640083313,0.15540196001529694,0.6620166301727295,-0.04739084094762802,0.026472685858607292,0.4351595640182495,-0.8987154364585876,-0.8126333355903625,-0.03179511800408363,-0.280528724193573,1.323500633239746,-0.14993122220039368,-0.09905105084180832,-0.3661280572414398,0.010994893498718739,0.06551530212163925,0.80922532081604,-0.12519234418869019,-0.4485935568809509,0.19532208144664764,0.0926143229007721,0.41391313076019287,-0.6358461380004883,1.067868709564209,-0.4107682406902313,-0.2601873576641083,0.7125132083892822,0.4041208326816559
2.757800817489624,0.15083523094654083,0.6602919101715088,-0.0433826670050621,0.03271644189953804,0.43933194875717163,-0.8966798782348633,-0.8390687704086304,-0.05069383233785629,-0.27696388959884644,1.285469889640808,-0.15031258761882782,-0.08972201496362686,-0.3443470895290375,0.014398095197975636,0.06399578601121902,0.8195409774780273,-0.12817411124706268,-0.46458199620246887,0.21913501620292664,0.18082787096500397,0.4402170181274414,-0.5749978423118591,1.1186997890472412,-0.5039635896682739,-0.23720678687095642,0.7800206542015076,0.35344743728637695
2.7600107192993164,0.14606165885925293,0.6582225561141968,-0.037254028022289276,0.0381910540163517,0.4429670572280884,-0.8949489593505859,-0.8481589555740356,-0.06,-0.2714594304561615,1.2361512184143066,-0.1514224261045456,-0.08383814990520477,-0.3199346959590912,0.022612791508436203,0.05829152464866638,0.8268795609474182,-0.1325857937335968,-0.47940772771835327,0.23977284133434296,0.26108962297439575,0.46602389216423035,-0.5248387455940247,1.1701486110687256,-0.594589352607727,-0.22132554650306702,0.8391368389129639,0.29555538296699524
2.7618637084960938,0.14102055132389069,0.6561537384986877,-0.02872881479561329,0.04314129799604416,0.4452306628227234,-0.8939144611358643,-0.8376040458679199,-0.06,-0.2679620087146759,1.1713767051696777,-0.1501653790473938,-0.05993475019931793,-0.29010117053985596,0.035331178456544876,0.04593689739704132,0.8275683522224426,-0.13895584642887115,-0.4915238916873932,0.2554355263710022,0.33564022183418274,0.49107787013053894,-0.4829505681991577,1.2202271223068237,-0.6747179627418518,-0.21114139258861542,0.8828423023223877,0.23271968960762024
2.7632761001586914,0.13574671745300293,0.6541973352432251,-0.018088076263666153,0.047653183341026306,0.4460306763648987,-0.8935651183128357,-0.8027821183204651,-0.06,-0.2643785774707794,1.0782557725906372,-0.1469862014055252,-0.022949468344449997,-0.2550255060195923,0.05238576605916023,0.027699396014213562,0.82081538438797,-0.1468576341867447,-0.5005066394805908,0.26561832427978516,0.40181824564933777,0.5135653018951416,-0.44569265842437744,1.2702614068984985,-0.7400268316268921,-0.20398776233196259,0.9132167100906372,0.17436914145946503
2.7641468048095703,0.130703866481781,0.6518197655677795,-0.006802883464843035,0.05035962536931038,0.44584453105926514,-0.8936668038368225,-0.7495600581169128,-0.05185254290699959,-0.25820207595825195,0.9563524723052979,-0.14487522840499878,0.011525561101734638,-0.22391323745250702,0.06,0.00794597715139389,0.8135700225830078,-0.15549102425575256,-0.5081899166107178,0.2718350291252136,0.4572634696960449,0.5334898233413696,-0.4067854583263397,1.3085078001022339,-0.7901315689086914,-0.20167148113250732,0.9350125789642334,0.11919313669204712
2.7645633220672607,0.12634463608264923,0.6486062407493591,0.003813701681792736,0.05010891705751419,0.4447358250617981,-0.8942506909370422,-0.6882158517837524,-0.03859224542975426,-0.24899975955486298,0.8177044987678528,-0.1413542479276657,0.035599660128355026,-0.20435385406017303,0.06,-0.011094242334365845,0.81219482421875,-0.16435419023036957,-0.5168564915657043,0.27486440539360046,0.5018228888511658,0.5493757128715515,-0.36291617155075073,1.3244799375534058,-0.82373046875,-0.2060336172580719,0.9501529932022095,0.06374764442443848
2.764677047729492,0.12269575893878937,0.6445532441139221,0.013748425990343094,0.04689805582165718,0.44274070858955383,-0.8953167796134949,-0.6255047917366028,-0.025143885985016823,-0.23850807547569275,0.6780405640602112,-0.1351030021905899,0.04868538677692413,-0.1963622123003006,0.06,-0.02980656549334526,0.8172209858894348,-0.17339971661567688,-0.5270372629165649,0.27637040615081787,0.5343066453933716,0.5604038834571838,-0.3192996680736542,1.3222854137420654,-0.8384498357772827,-0.21893076598644257,0.9544671773910522,0.00830901600420475
2.764488458633423,0.11989405751228333,0.6404632925987244,0.02251422591507435,0.04138511046767235,0.43984556198120117,-0.8968368172645569,-0.5713828802108765,-0.011280222795903683,-0.23271794617176056,0.5590497851371765,-0.11134140193462372,0.08230655640363693,-0.19714942574501038,0.06,-0.048374101519584656,0.8242425918579102,-0.18225017189979553,-0.5360069870948792,0.2776884436607361,0.5539847612380981,0.5665072202682495,-0.2835921049118042,1.3079520463943481,-0.8362228870391846,-0.23964664340019226,0.9470970630645752,-0.03948645293712616
2.7630252838134766,0.12023568153381348,0.6430074572563171,0.022970229387283325,0.0380307137966156,0.4357863664627075,-0.898952841758728,-0.5553029775619507,-0.0099570257589221,-0.23860852420330048,0.5098814964294434,-0.07524724304676056,0.11098572611808777,-0.19361113011837006,0.06,-0.059578150510787964,0.7978864908218384,-0.18781597912311554,-0.5202659368515015,0.28083452582359314,0.5568053126335144,0.559108316898346,-0.26642918586730957,1.2731869220733643,-0.8165546655654907,-0.26728543639183044,0.9409357309341431,-0.06585542112588882
2.7605814933776855,0.12162584066390991,0.6466768980026245,0.021122364327311516,0.035524141043424606,0.43308693170547485,-0.9004040360450745,-0.5291769504547119,-0.005350066814571619,-0.2340184450149536,0.4362470507621765,-0.07511721551418304,0.15226048231124878,-0.19080188870429993,0.06,-0.06153755635023117,0.7670179605484009,-0.18748167157173157,-0.4989576041698456,0.29181480407714844,0.5447329878807068,0.5551295280456543,-0.25723275542259216,1.2161915302276611,-0.7865020632743835,-0.2982560098171234,0.9213955402374268,-0.0760897696018219
2.7572648525238037,0.12345459312200546,0.6494210362434387,0.01877926103770733,0.03218787908554077,0.4306989908218384,-0.9017258882522583,-0.5042158961296082,0.0003518208395689726,-0.22892223298549652,0.35636696219444275,-0.07704728096723557,0.19898515939712524,-0.19529099762439728,0.06,-0.06057028844952583,0.74338299036026,-0.18353158235549927,-0.47954174876213074,0.3045201003551483,0.5176234841346741,0.5519307255744934,-0.24666470289230347,1.1436731815338135,-0.751758873462677,-0.3261125385761261,0.8904938101768494,-0.07291103899478912
2.7533657550811768,0.12529359757900238,0.6510181427001953,0.017009198665618896,0.028614062815904617,0.4274179935455322,-0.9034410119056702,-0.4865705966949463,0.005667160265147686,-0.22833450138568878,0.29000000000000004,-0.08037715405225754,0.23635973036289215,-0.20437753200531006,0.06,-0.0642617791891098,0.7286680340766907,-0.18426933884620667,-0.4647049903869629,0.31217265129089355,0.4807051718235016,0.5444485545158386,-0.23174528777599335,1.0648746490478516,-0.7131010293960571,-0.35130128264427185,0.8580625057220459,-0.06660663336515427
2.7493627071380615,0.1273982673883438,0.6516901254653931,0.014739151112735271,0.026183228939771652,0.4225243031978607,-0.9058533310890198,-0.4800587296485901,0.004705199506133795,-0.2334669679403305,0.29000000000000004,-0.08360761404037476,0.2495409995317459,-0.21678228676319122,0.06,-0.072809137403965,0.7244893312454224,-0.18737220764160156,-0.45630794763565063,0.31108060479164124,0.43444323539733887,0.5298241972923279,-0.21571876108646393,0.9860600233078003,-0.6679920554161072,-0.37646111845970154,0.8316906094551086,-0.05487876012921333
2.745631694793701,0.12994666397571564,0.652163565158844,0.011114383116364479,0.025712035596370697,0.41733434796333313,-0.9083210825920105,-0.4853794276714325,-0.004680171143263578,-0.24098417162895203,0.29000000000000004,-0.08569038659334183,0.22719460725784302,-0.23054353892803192,0.06,-0.08052702248096466,0.7282577753067017,-0.18882228434085846,-0.4521670639514923,0.3022415041923523,0.37827441096305847,0.5052677989006042,-0.19989930093288422,0.9131292104721069,-0.6172402501106262,-0.4024246633052826,0.8229458332061768,-0.024969737976789474
2.7424046993255615,0.13303562998771667,0.6529815793037415,0.006004084832966328,0.026691477745771408,0.4136984944343567,-0.9100027084350586,-0.5044152140617371,-0.020873984321951866,-0.24627438187599182,0.29000000000000004,-0.08556148409843445,0.16143642365932465,-0.24474067986011505,0.06,-0.08269327878952026,0.7351484894752502,-0.18842463195323944,-0.4487420320510864,0.289322167634964,0.30934906005859375,0.4697733223438263,-0.18312442302703857,0.8505026698112488,-0.5567799806594849,-0.4351637661457062,0.8316423296928406,0.019303902983665466
2.7398266792297363,0.13687372207641602,0.6540634632110596,-0.000641596270725131,0.02803538739681244,0.410958856344223,-0.9112223982810974,-0.535387396812439,-0.04401925206184387,-0.2470024824142456,0.3262542486190796,-0.07831189781427383,0.06252025067806244,-0.26176589727401733,0.06,-0.07967279851436615,0.7451286911964417,-0.18546858429908752,-0.44591349363327026,0.2698829472064972,0.22494877874851227,0.4248335063457489,-0.17153659462928772,0.7995964884757996,-0.4842168092727661,-0.47918471693992615,0.8514538407325745,0.06982909142971039
2.737682580947876,0.14153848588466644,0.655447781085968,-0.008375396020710468,0.028642527759075165,0.4073687791824341,-0.912775993347168,-0.5764626860618591,-0.06,-0.24822653830051422,0.4481140077114105,-0.0720350369811058,-0.003441684413701296,-0.28206565976142883,0.06,-0.07526249438524246,0.7550176382064819,-0.18047048151493073,-0.44221553206443787,0.2374017834663391,0.13281689584255219,0.37455233931541443,-0.17118145525455475,0.7553848624229431,-0.40855854749679565,-0.5292041301727295,0.8834185004234314,0.13353119790554047
2.7357611656188965,0.1462143212556839,0.6570067405700684,-0.014971772208809853,0.029326917603611946,0.40278294682502747,-0.9147030711174011,-0.6208077669143677,-0.06,-0.2559589147567749,0.6084935665130615,-0.08249512314796448,-0.045909833163022995,-0.2983331084251404,0.06,-0.0734768956899643,0.760181188583374,-0.1754157543182373,-0.4368073642253876,0.18993262946605682,0.04954126477241516,0.32822075486183167,-0.1857558637857437,0.7146891355514526,-0.34141305088996887,-0.5707173347473145,0.929614245891571,0.2238277792930603
2.7340097427368164,0.14993725717067719,0.6585034132003784,-0.018189966678619385,0.03160668909549713,0.3986481726169586,-0.9163786172866821,-0.6549453139305115,-0.06,-0.2710643410682678,0.7860101461410522,-0.11572349071502686,-0.08492013812065125,-0.3025895059108734,0.06,-0.07563391327857971,0.7581093311309814,-0.17206719517707825,-0.4299674332141876,0.13137218356132507,-0.01087022665888071,0.2932742238044739,-0.21948572993278503,0.6721647381782532,-0.29105323553085327,-0.591331958770752,0.9889426827430725,0.3383850157260895
2.7323412895202637,0.15264196693897247,0.6596856117248535,-0.018039757385849953,0.03480001166462898,0.39535436034202576,-0.9176917672157288,-0.6764574646949768,-0.06,-0.29387959837913513,0.9630745053291321,-0.16087688505649567,-0.12491555511951447,-0.29726821184158325,0.05697277933359146,-0.08106299489736557,0.7507719397544861,-0.1703433096408844,-0.42251473665237427,0.06605669111013412,-0.05189543962478638,0.26732712984085083,-0.27438563108444214,0.6393308043479919,-0.25617608428001404,-0.5950514674186707,1.0492678880691528,0.45753833651542664
2.7307474613189697,0.15480194985866547,0.6602199077606201,-0.016083460301160812,0.03761359676718712,0.3923700451850891,-0.9188972115516663,-0.6844545602798462,-0.029894834384322166,-0.3189255893230438,1.1121349334716797,-0.19671888649463654,-0.1529691219329834,-0.2904137074947357,0.05596094951033592,-0.08832995593547821,0.7443228960037231,-0.16973243653774261,-0.41654372215270996,-0.002923307241871953,-0.08328232169151306,0.24488215148448944,-0.34854698181152344,0.6245127320289612,-0.22897741198539734,-0.5931718349456787,1.0998235940933228,0.5672695636749268
2.7290773391723633,0.15694685280323029,0.6599408388137817,-0.014128681272268295,0.038178812712430954,0.3896147906780243,-0.9200777411460876,-0.6827062368392944,0.018836097791790962,-0.341096431016922,1.2177211046218872,-0.21542271971702576,-0.17447467148303986,-0.2912643551826477,0.05723387375473976,-0.09468942135572433,0.7435390949249268,-0.16998177766799927,-0.41273051500320435,-0.07210204005241394,-0.11539832502603531,0.2224297970533371,-0.43797972798347473,0.6248420476913452,-0.20712143182754517,-0.5926692485809326,1.1387042999267578,0.6621850728988647
2.7272047996520996,0.1592123955488205,0.6593549847602844,-0.012868780642747879,0.035660520195961,0.3872373104095459,-0.9212002158164978,-0.674226701259613,0.07404834777116776,-0.3571726083755493,1.2793025970458984,-0.22550304234027863,-0.19793492555618286,-0.3008553087711334,0.06,-0.09881643950939178,0.7445724606513977,-0.17080779373645782,-0.40828174352645874,-0.13852068781852722,-0.15489152073860168,0.19888964295387268,-0.5369232296943665,0.6351804733276367,-0.1904362142086029,-0.589824378490448,1.1669373512268066,0.7515483498573303
2.7252936363220215,0.1615193486213684,0.6590697169303894,-0.012465352192521095,0.030810853466391563,0.38518261909484863,-0.9222415089607239,-0.6568113565444946,0.13132792711257935,-0.3635590374469757,1.2975202798843384,-0.23697876930236816,-0.22897624969482422,-0.3150300979614258,0.06,-0.10075730830430984,0.7425995469093323,-0.17150603234767914,-0.401201456785202,-0.20069418847560883,-0.2006130814552307,0.17516139149665833,-0.6332685947418213,0.6469504237174988,-0.1760586053133011,-0.5848066806793213,1.187077522277832,0.8346938490867615
2.723775625228882,0.16382816433906555,0.6591797471046448,-0.013160173781216145,0.02549710124731064,0.38257890939712524,-0.9234771132469177,-0.6264567971229553,0.18375080823898315,-0.3577975332736969,1.276873230934143,-0.24,-0.2610235810279846,-0.3299732208251953,0.06,-0.10224826633930206,0.7391790747642517,-0.17114143073558807,-0.39374852180480957,-0.2598816752433777,-0.24839410185813904,0.1519508808851242,-0.7128692269325256,0.653790295124054,-0.1609344333410263,-0.5829344987869263,1.2051135301589966,0.9065966606140137
2.722855567932129,0.1661827713251114,0.6594725251197815,-0.014947730116546154,0.020735332742333412,0.37924128770828247,-0.9249446392059326,-0.5830994248390198,0.2265448123216629,-0.34136149287223816,1.2274878025054932,-0.24,-0.2882319390773773,-0.34487804770469666,0.06,-0.10366887599229813,0.7375871539115906,-0.16935889422893524,-0.38818469643592834,-0.3155846893787384,-0.2961214780807495,0.12957969307899475,-0.7667520642280579,0.6547228693962097,-0.14309421181678772,-0.5883387923240662,1.222101092338562,0.9630889892578125
2.7222535610198975,0.16854457557201385,0.6598608493804932,-0.01711251400411129,0.01609398052096367,0.37577399611473083,-0.9264135360717773,-0.5308706164360046,0.2597116529941559,-0.320479154586792,1.156361699104309,-0.24,-0.2986069619655609,-0.35964319109916687,0.06,-0.10470858961343765,0.7363182902336121,-0.16701209545135498,-0.3831418752670288,-0.3646508455276489,-0.34343889355659485,0.11030329018831253,-0.7959951758384705,0.6508986353874207,-0.12212087959051132,-0.6013971567153931,1.2325499057769775,0.9996475577354431
2.7216575145721436,0.17068396508693695,0.6603807210922241,-0.01849546656012535,0.011360478587448597,0.3724551498889923,-0.9277961850166321,-0.47192180156707764,0.28513604402542114,-0.3011241555213928,1.0669704675674438,-0.24,-0.2869914472103119,-0.3717421889305115,0.05948793888092041,-0.10660289227962494,0.7315293550491333,-0.16506358981132507,-0.3766573965549469,-0.4051218628883362,-0.3881724178791046,0.0977988988161087,-0.8098635077476501,0.6388786435127258,-0.09870877861976624,-0.6185495257377625,1.2345607280731201,1.0212291479110718
2.7209975719451904,0.17252780497074127,0.6608997583389282,-0.018870128318667412,0.00655436422675848,0.3696419894695282,-0.9289593696594238,-0.40534961223602295,0.30412226915359497,-0.2801177203655243,0.9579886198043823,-0.24,-0.271359920501709,-0.381259948015213,0.06,-0.10906752943992615,0.7238010168075562,-0.16385440528392792,-0.3689482510089874,-0.43635526299476624,-0.4300506114959717,0.09252726286649704,-0.8150922060012817,0.6167647838592529,-0.0751224011182785,-0.6371572017669678,1.231356143951416,1.0338202714920044
2.7204599380493164,0.17416755855083466,0.661209225654602,-0.018900606781244278,0.001917466870509088,0.3675004839897156,-0.9298292994499207,-0.3298623561859131,0.31510287523269653,-0.2502999007701874,0.8258533477783203,-0.24,-0.2745242118835449,-0.3903588056564331,0.06,-0.11078342795372009,0.7172426581382751,-0.16290134191513062,-0.3621169626712799,-0.45863160490989685,-0.4698129892349243,0.09310465306043625,-0.8123669028282166,0.5841898918151855,-0.0511658638715744,-0.6578104496002197,1.2201777696609497,1.0360132455825806
2.7202091217041016,0.17574308812618256,0.661268413066864,-0.019293824210762978,-0.0024559556040912867,0.3663829267024994,-0.9302607178688049,-0.24800913035869598,0.3154098093509674,-0.2075166553258896,0.6722326278686523,-0.24,-0.2796241343021393,-0.40094268321990967,0.06,-0.11004527658224106,0.7144547700881958,-0.1619352251291275,-0.35736098885536194,-0.4710412919521332,-0.5078600645065308,0.09892737865447998,-0.8034007549285889,0.5419468879699707,-0.024970343336462975,-0.6795423030853271,1.191904067993164,1.0273934602737427
2.720151901245117,0.1774020493030548,0.6609159708023071,-0.02020038478076458,-0.007396369706839323,0.3672313988208771,-0.929880678653717,-0.16855107247829437,0.3051193058490753,-0.15351907908916473,0.5118855237960815,-0.24,-0.27914121747016907,-0.41597726941108704,0.06,-0.10427181422710419,0.7162648439407349,-0.1606699526309967,-0.35372862219810486,-0.47121962904930115,-0.544847846031189,0.10914751887321472,-0.7965852618217468,0.49427542090415955,0.004284875467419624,-0.6972456574440002,1.1400772333145142,1.0122313499450684
2.7199759483337402,0.17935170233249664,0.6599597930908203,-0.02144809253513813,-0.014287209138274193,0.3701817989349365,-0.9286018013954163,-0.10924471169710159,0.28749486804008484,-0.09966612607240677,0.37640780210494995,-0.24,-0.27494683861732483,-0.43868109583854675,0.06,-0.09313447028398514,0.7222017645835876,-0.15949206054210663,-0.3499816358089447,-0.45990368723869324,-0.5821429491043091,0.12096347659826279,-0.7993209958076477,0.4481674134731293,0.034670595079660416,-0.706689178943634,1.0618654489517212,0.9906836152076721
2.7198240756988525,0.18150538206100464,0.6592115759849548,-0.024081645533442497,-0.021894823759794235,0.373886376619339,-0.9269031882286072,-0.07323656231164932,0.2812918722629547,-0.05884002149105072,0.29000000000000004,-0.24,-0.2733432352542877,-0.46483558416366577,0.06,-0.0787038505077362,0.7281575202941895,-0.15770287811756134,-0.3450438678264618,-0.4423190653324127,-0.6161050796508789,0.13057102262973785,-0.8080156445503235,0.407682329416275,0.062154196202754974,-0.710156261920929,0.964552104473114,0.9623798727989197
2.7202351093292236,0.18337003886699677,0.6597055792808533,-0.030775070190429688,-0.027514513581991196,0.37846052646636963,-0.9246963858604431,-0.049189139157533646,0.2723226547241211,-0.030091973021626472,0.29000000000000004,-0.24,-0.2359219342470169,-0.4897778630256653,0.06,-0.05767239257693291,0.7329071760177612,-0.15389114618301392,-0.34001100063323975,-0.4205525517463684,-0.6403534412384033,0.13799375295639038,-0.8114286661148071,0.3671341836452484,0.08517756313085556,-0.7139759659767151,0.8592053055763245,0.9287089109420776
2.7209346294403076,0.1847100555896759,0.660467803478241,-0.04070092365145683,-0.03127928823232651,0.38254043459892273,-0.9225116968154907,-0.029048623517155647,0.25187602639198303,0.004877891857177019,0.29000000000000004,-0.24,-0.20189610123634338,-0.5168120265007019,0.05966157838702202,-0.03405552729964256,0.7455655336380005,-0.1442442685365677,-0.3412318229675293,-0.398820698261261,-0.6548573970794678,0.146113321185112,-0.80794358253479,0.3300975561141968,0.10174880921840668,-0.7131568789482117,0.758060097694397,0.905457079410553
2.7214996814727783,0.18573758006095886,0.6601431369781494,-0.05138566717505455,-0.034420445561409,0.38465628027915955,-0.9209854006767273,-0.012858103029429913,0.2292376309633255,0.031046396121382713,0.29000000000000004,-0.24,-0.16996030509471893,-0.5481374859809875,0.04454110935330391,-0.014029999263584614,0.7666298747062683,-0.1450808048248291,-0.34689652919769287,-0.3793685734272003,-0.6639697551727295,0.15374471247196198,-0.8006553053855896,0.30555638670921326,0.11270304024219513,-0.7027438879013062,0.6697619557380676,0.900848925113678
2.7216217517852783,0.18612228333950043,0.6592634916305542,-0.060199759900569916,-0.03683141618967056,0.3856501281261444,-0.9199419617652893,-0.005213241558521986,0.21119362115859985,0.04589169844985008,0.29000000000000004,-0.24,-0.14858031272888184,-0.5766158699989319,0.03277737647294998,0.00278481119312346,0.7900158762931824,-0.14197956025600433,-0.35515516996383667,-0.3592357933521271,-0.6673882007598877,0.1601548194885254,-0.7942031621932983,0.29996708035469055,0.12065097689628601,-0.682390034198761,0.6052249073982239,0.9140681624412537
2.7213871479034424,0.18566261231899261,0.6581964492797852,-0.06584373861551285,-0.03759735822677612,0.3884317874908447,-0.9183526635169983,-0.002391988877207041,0.20007392764091492,0.05612637847661972,0.29000000000000004,-0.24,-0.14325973391532898,-0.5949105024337769,0.02790636569261551,0.01646268740296364,0.808220386505127,-0.14266996085643768,-0.36203593015670776,-0.3326473832130432,-0.6627733707427979,0.1659015715122223,-0.7891206741333008,0.320398211479187,0.12589935958385468,-0.6554904580116272,0.5736715793609619,0.9432336091995239
2.720914840698242,0.18462054431438446,0.6570708155632019,-0.06928597390651703,-0.03670470416545868,0.3941367566585541,-0.9157010912895203,-0.006158049218356609,0.19372349977493286,0.06280156224966049,0.29000000000000004,-0.24,-0.15404893457889557,-0.6052833199501038,0.029016787186264992,0.03120865859091282,0.8227704167366028,-0.1451748013496399,-0.3672952353954315,-0.29944151639938354,-0.6480135917663574,0.17259588837623596,-0.780044436454773,0.368916392326355,0.12372340261936188,-0.6253764033317566,0.5738403797149658,0.9819024801254272
2.7202303409576416,0.18351203203201294,0.6564686298370361,-0.07226865738630295,-0.03509293496608734,0.40142619609832764,-0.9123609662055969,-0.028931982815265656,0.1892526000738144,0.057711225003004074,0.29000000000000004,-0.24,-0.1786273568868637,-0.611366331577301,0.03241802752017975,0.04828573390841484,0.8320571184158325,-0.14694398641586304,-0.36926791071891785,-0.26445844769477844,-0.6225877404212952,0.18180140852928162,-0.7650480270385742,0.4400969445705414,0.10838014632463455,-0.5944223403930664,0.596329927444458,1.014703392982483
2.719460964202881,0.1827503740787506,0.6569182276725769,-0.07551425695419312,-0.03370671346783638,0.4089936912059784,-0.9087824821472168,-0.07938255369663239,0.18449440598487854,0.039284419268369675,0.29000000000000004,-0.24,-0.20963990688323975,-0.6142947673797607,0.03590196371078491,0.0667746365070343,0.8324072957038879,-0.1475754678249359,-0.36579665541648865,-0.22951392829418182,-0.5897511839866638,0.1942761242389679,-0.7514229416847229,0.52614426612854,0.08006923645734787,-0.5630255341529846,0.6245325803756714,1.0317212343215942
2.7188305854797363,0.1823412925004959,0.6581599116325378,-0.07875044643878937,-0.03296957537531853,0.41675740480422974,-0.9049997329711914,-0.1564141809940338,0.17905358970165253,0.016884636133909225,0.36204764246940613,-0.24,-0.23262162506580353,-0.6150654554367065,0.03985181078314781,0.0861823707818985,0.8252943158149719,-0.14724048972129822,-0.35785621404647827,-0.1911848485469818,-0.5534595251083374,0.20989856123924255,-0.7487276792526245,0.6169909238815308,0.046263378113508224,-0.5310111045837402,0.64378821849823,1.0361069440841675
2.718623638153076,0.18205855786800385,0.6594043374061584,-0.08163582533597946,-0.032528795301914215,0.4250861406326294,-0.9008768796920776,-0.25300338864326477,0.17298568785190582,-0.0031868298538029194,0.5173342227935791,-0.23598286509513855,-0.2659646272659302,-0.6153684854507446,0.04467729851603508,0.10674073547124863,0.817446231842041,-0.14624272286891937,-0.3495224118232727,-0.14503183960914612,-0.5151731967926025,0.22656191885471344,-0.7619765996932983,0.7027368545532227,0.019370529800653458,-0.49952030181884766,0.6462324261665344,1.029353141784668
2.718963384628296,0.1817403882741928,0.6602259874343872,-0.08410824090242386,-0.03190531209111214,0.43340635299682617,-0.8966976404190063,-0.3581838607788086,0.16534170508384705,-0.02193347178399563,0.6690536737442017,-0.21340420842170715,-0.29557910561561584,-0.6159831285476685,0.04935164749622345,0.12718415260314941,0.8133462071418762,-0.14479607343673706,-0.34384027123451233,-0.09300511330366135,-0.47417208552360535,0.24226152896881104,-0.7845228910446167,0.7790991067886353,0.0020233390387147665,-0.46918004751205444,0.6374792456626892,1.0099343061447144
2.7197749614715576,0.18136286735534668,0.6603724956512451,-0.08635793626308441,-0.03098727948963642,0.4407775104045868,-0.8929150700569153,-0.4658213257789612,0.15388432145118713,-0.0458635538816452,0.8079369068145752,-0.19962508976459503,-0.3050650954246521,-0.6183488368988037,0.052682582288980484,0.1458844095468521,0.8159447908401489,-0.14291144907474518,-0.3428381085395813,-0.041317760944366455,-0.4277501702308655,0.2565014362335205,-0.7988229393959045,0.8431909084320068,-0.01389371044933796,-0.43850934505462646,0.6327032446861267,0.9791831374168396
2.7209763526916504,0.1808549463748932,0.6597579121589661,-0.08805360645055771,-0.029468292370438576,0.4466271698474884,-0.8898888826370239,-0.5764191746711731,0.13680779933929443,-0.08215983957052231,0.9494975805282593,-0.19813233613967896,-0.30338141322135925,-0.6216591000556946,0.05437561124563217,0.16085770726203918,0.8258662223815918,-0.14125727117061615,-0.3472653925418854,0.005187543109059334,-0.3749905824661255,0.2679993510246277,-0.7950702905654907,0.9019343256950378,-0.03815888985991478,-0.4034886360168457,0.6490020155906677,0.9471860527992249
2.7226181030273438,0.18010230362415314,0.6584886312484741,-0.08873315900564194,-0.02693088725209236,0.4506853222846985,-0.8878535032272339,-0.6890117526054382,0.11311349272727966,-0.13019773364067078,1.103717565536499,-0.2027033418416977,-0.2952548861503601,-0.6235581636428833,0.05416766181588173,0.17068955302238464,0.8418326377868652,-0.13994652032852173,-0.35700470209121704,0.04459061101078987,-0.3175446093082428,0.2738756537437439,-0.7732323408126831,0.9657710194587708,-0.07312890142202377,-0.3621436357498169,0.6886066198348999,0.9211086630821228
2.7247157096862793,0.17914095520973206,0.6566426157951355,-0.08858589082956314,-0.023888446390628815,0.45307061076164246,-0.886740505695343,-0.8020797371864319,0.08332394063472748,-0.1837628334760666,1.2651420831680298,-0.20766282081604004,-0.27220064401626587,-0.6246635913848877,0.05240341275930405,0.17605797946453094,0.8624556660652161,-0.13865545392036438,-0.3710912764072418,0.07688663899898529,-0.25784173607826233,0.27504101395606995,-0.7349690794944763,1.0339313745498657,-0.1167868822813034,-0.3178523778915405,0.7449415922164917,0.8967800140380859
2.7272679805755615,0.17800134420394897,0.6542472839355469,-0.08804598450660706,-0.02089560218155384,0.45441266894340515,-0.886182963848114,-0.9100080728530884,0.04945949837565422,-0.23526251316070557,1.4127401113510132,-0.21403038501739502,-0.22259674966335297,-0.6264159679412842,0.04983813688158989,0.17906586825847626,0.8870139122009277,-0.13713940978050232,-0.38855889439582825,0.10368488729000092,-0.1950274258852005,0.275770366191864,-0.6823664903640747,1.0998461246490479,-0.16717886924743652,-0.2764764428138733,0.8076109290122986,0.8681702613830566
2.730329990386963,0.17651872336864471,0.6514875292778015,-0.08700818568468094,-0.0172356516122818,0.4544863700866699,-0.8863264918327332,-1.0029412508010864,0.01255846954882145,-0.2789561152458191,1.527258038520813,-0.2183530479669571,-0.14881625771522522,-0.6262670159339905,0.04524270072579384,0.1788281351327896,0.9143545627593994,-0.13557475805282593,-0.4095591902732849,0.12430126965045929,-0.1262454241514206,0.28034067153930664,-0.6193020343780518,1.1619044542312622,-0.22262164950370789,-0.24152788519859314,0.8674255609512329,0.8359166383743286
2.7338263988494873,0.1744837909936905,0.6486969590187073,-0.08499019593000412,-0.012061641551554203,0.45285385847091675,-0.8874425888061523,-1.0726344585418701,-0.025007234886288643,-0.30915236473083496,1.6046173572540283,-0.21169129014015198,-0.07535512745380402,-0.6199557185173035,0.03752671554684639,0.17301835119724274,0.9415677785873413,-0.13463090360164642,-0.4335504472255707,0.13639919459819794,-0.05302232876420021,0.29073673486709595,-0.5477637052536011,1.2271901369094849,-0.28410372138023376,-0.21138961613178253,0.922477662563324,0.8072296977043152
2.7372872829437256,0.1718277633190155,0.6462502479553223,-0.08133026957511902,-0.00638862419873476,0.4498029947280884,-0.8893940448760986,-1.119374394416809,-0.059018824249506,-0.3260499835014343,1.6514540910720825,-0.19204401969909668,-0.025398019701242447,-0.60588538646698,0.029696376994252205,0.16034814715385437,0.9629172086715698,-0.13496938347816467,-0.4568766951560974,0.1399330049753189,0.019924338907003403,0.3076704144477844,-0.46814852952957153,1.2992926836013794,-0.3542446494102478,-0.18307587504386902,0.9691624641418457,0.7827544808387756
2.7402918338775635,0.16845953464508057,0.6445953845977783,-0.07518059015274048,-0.0009106162469834089,0.4455903172492981,-0.8920741081237793,-1.1414374113082886,-0.06,-0.3348475992679596,1.662812352180481,-0.16740523278713226,0.008180545642971992,-0.5815514326095581,0.024908484891057014,0.1393458992242813,0.972564160823822,-0.13682997226715088,-0.4759869873523712,0.1357831209897995,0.08949115127325058,0.3300807774066925,-0.388327419757843,1.377198338508606,-0.4311676025390625,-0.15634341537952423,1.0009938478469849,0.7570049166679382
2.7427847385406494,0.1643660068511963,0.6438720226287842,-0.0661696195602417,0.004778610076755285,0.4412229061126709,-0.8949419260025024,-1.1338961124420166,-0.06,-0.3386824131011963,1.6255630254745483,-0.14696785807609558,0.028283383697271347,-0.545325517654419,0.02519141137599945,0.11148157715797424,0.9689717888832092,-0.14030146598815918,-0.4896106719970703,0.1279786080121994,0.15323808789253235,0.35527896881103516,-0.3186861276626587,1.4592968225479126,-0.5080161690711975,-0.1350468397140503,1.0135046243667603,0.7232968211174011
2.7449851036071777,0.15964961051940918,0.6436812877655029,-0.054675910621881485,0.011541265994310379,0.4370875656604767,-0.8976811766624451,-1.0936951637268066,-0.06,-0.3393130302429199,1.5323853492736816,-0.1385999321937561,0.036525510251522064,-0.4984833002090454,0.029989944770932198,0.0787590816617012,0.956180989742279,-0.1456279456615448,-0.49979421496391296,0.11941064149141312,0.21235844492912292,0.38212689757347107,-0.26506146788597107,1.46,-0.5775545835494995,-0.12362045049667358,1.0099667310714722,0.6799147725105286
2.7471072673797607,0.15434736013412476,0.643358051776886,-0.0410415343940258,0.01974373310804367,0.4331306517124176,-0.9001796841621399,-1.0221060514450073,-0.06,-0.3404029309749603,1.3896242380142212,-0.1478920727968216,0.029128441587090492,-0.4435969889163971,0.03898656740784645,0.04267866909503937,0.9394326210021973,-0.15253381431102753,-0.5093859434127808,0.11167837679386139,0.2711956799030304,0.41193485260009766,-0.2273307740688324,1.46,-0.636114776134491,-0.12317130714654922,0.9994416236877441,0.6308121681213379
2.749044895172119,0.14879915118217468,0.6422178149223328,-0.02631736360490322,0.027393387630581856,0.4296844005584717,-0.9021797180175781,-0.9300118088722229,-0.057057444006204605,-0.3420093357563019,1.211759328842163,-0.16575294733047485,0.01122818049043417,-0.38975265622138977,0.053567077964544296,0.007072280161082745,0.923801839351654,-0.16034875810146332,-0.5192673206329346,0.10592429339885712,0.3303358256816864,0.4451608657836914,-0.19859188795089722,1.46,-0.685424268245697,-0.1317315250635147,0.9902534484863281,0.5802043080329895
2.7506601810455322,0.14363406598567963,0.639927327632904,-0.012211740016937256,0.03141671419143677,0.42580074071884155,-0.9041888117790222,-0.8375922441482544,-0.02758963406085968,-0.3441445529460907,1.028686285018921,-0.17714862525463104,-0.005649139638990164,-0.3484947979450226,0.06,-0.026335585862398148,0.913395881652832,-0.1685018390417099,-0.5297004580497742,0.10078311711549759,0.39138853549957275,0.48045483231544495,-0.17512226104736328,1.46,-0.7271329760551453,-0.15000475943088531,0.985333263874054,0.525929868221283
2.7519962787628174,0.13953638076782227,0.6366385221481323,-0.00026767284725792706,0.029818985611200333,0.42086920142173767,-0.9066309928894043,-0.7647820115089417,-0.005138983950018883,-0.34715259075164795,0.8775935769081116,-0.17537812888622284,-0.014910527504980564,-0.32741159200668335,0.06,-0.05618514120578766,0.9101226925849915,-0.17609860002994537,-0.5402282476425171,0.0932263731956482,0.4360531270503998,0.5058255791664124,-0.15919926762580872,1.46,-0.7603436708450317,-0.17550253868103027,0.9826154112815857,0.46924489736557007
2.7533040046691895,0.13654939830303192,0.6326957941055298,0.009166867472231388,0.023758355528116226,0.4163011610507965,-0.9088699817657471,-0.7117254137992859,0.008923756889998913,-0.34577465057373047,0.7649279832839966,-0.16656170785427094,-0.01213411521166563,-0.3243405818939209,0.06,-0.07974708825349808,0.9142583012580872,-0.18253716826438904,-0.5510305762290955,0.0867399126291275,0.4626222550868988,0.5172715187072754,-0.1512487381696701,1.46,-0.7798442840576172,-0.20291541516780853,0.9772151708602905,0.41741687059402466
2.7545835971832275,0.13473713397979736,0.629889726638794,0.015114163048565388,0.016359644010663033,0.4121766984462738,-0.91083163022995,-0.6834144592285156,0.01938050426542759,-0.3477029502391815,0.698860228061676,-0.16272832453250885,-0.01628781296312809,-0.3296166658401489,0.06,-0.09698077291250229,0.9170060157775879,-0.18726515769958496,-0.5574377775192261,0.08260168880224228,0.4761779308319092,0.5160042643547058,-0.15342563390731812,1.46,-0.7851992845535278,-0.22960811853408813,0.975820779800415,0.37707599997520447
2.7552173137664795,0.1345898061990738,0.6320977807044983,0.01467263512313366,0.012325469404459,0.4074937403202057,-0.9130067825317383,-0.6812899112701416,0.01708073727786541,-0.35368794202804565,0.6755989193916321,-0.15881586074829102,-0.0028655915521085262,-0.32700660824775696,0.06,-0.10294067859649658,0.896776556968689,-0.18274934589862823,-0.5487287640571594,0.07964354753494263,0.4810468256473541,0.5037053823471069,-0.16797515749931335,1.46,-0.778853178024292,-0.2575116455554962,0.9843493103981018,0.3454967141151428
2.7554709911346436,0.13481849431991577,0.6358612775802612,0.01287593599408865,0.011172203347086906,0.40228578448295593,-0.9153553247451782,-0.6619661450386047,0.015085509046912193,-0.35084298253059387,0.6288800835609436,-0.1555492877960205,0.021736497059464455,-0.31690284609794617,0.06,-0.10958034545183182,0.8685459494590759,-0.1792992353439331,-0.5353913307189941,0.07689390331506729,0.4855477511882782,0.4944188892841339,-0.1866774559020996,1.46,-0.7664294242858887,-0.2865144908428192,0.9920494556427002,0.31282350420951843
2.755066156387329,0.1354791671037674,0.6401602029800415,0.010068758390843868,0.011067983694374561,0.395759254693985,-0.9182323813438416,-0.6335644721984863,0.012410334311425686,-0.3449462354183197,0.5641849040985107,-0.15179750323295593,0.05686154589056969,-0.3057846128940582,0.06,-0.11744356900453568,0.8382789492607117,-0.17425550520420074,-0.5202147364616394,0.07042938470840454,0.49148792028427124,0.4893897771835327,-0.20163749158382416,1.404086947441101,-0.7558889985084534,-0.31471142172813416,0.9964516162872314,0.2729356586933136
2.75388240814209,0.13636675477027893,0.643959105014801,0.007315438240766525,0.010540222749114037,0.3890830874443054,-0.9211132526397705,-0.6050488948822021,0.01127821858972311,-0.3400006890296936,0.49374333024024963,-0.149413600564003,0.09644734114408493,-0.29792770743370056,0.06,-0.12646862864494324,0.8107209205627441,-0.1705697774887085,-0.5053820013999939,0.060558002442121506,0.4997282922267914,0.48710787296295166,-0.20472370088100433,1.2856978178024292,-0.75147545337677,-0.33532851934432983,0.9944638609886169,0.22417694330215454
2.7521183490753174,0.13715815544128418,0.6464700698852539,0.005594571121037006,0.009113278239965439,0.38346418738365173,-0.9234938621520996,-0.5845622420310974,0.012621228583157063,-0.3386196196079254,0.4343464970588684,-0.1493617594242096,0.1312098354101181,-0.2947360575199127,0.06,-0.1365932822227478,0.789679765701294,-0.17192037403583527,-0.4930073618888855,0.0481351763010025,0.5066652894020081,0.48367807269096375,-0.196159228682518,1.1562210321426392,-0.7556722164154053,-0.3414042592048645,0.9868480563163757,0.17050541937351227
2.750042200088501,0.13772161304950714,0.6475907564163208,0.00496619613841176,0.007288453169167042,0.3787573277950287,-0.9254539608955383,-0.5745652318000793,0.014686373993754387,-0.3416878879070282,0.3943589925765991,-0.15107937157154083,0.1564478576183319,-0.29600948095321655,0.06,-0.1461614966392517,0.7780055403709412,-0.1738990694284439,-0.4853511452674866,0.03221166878938675,0.508873462677002,0.47538745403289795,-0.17763137817382812,1.023741364479065,-0.7678686380386353,-0.32963311672210693,0.9767831563949585,0.11952070146799088
2.747911214828491,0.13813135027885437,0.6476743817329407,0.004830912221223116,0.006024299655109644,0.3743739724159241,-0.9272456169128418,-0.5714563131332397,0.015301926992833614,-0.34766054153442383,0.37094846367836,-0.15359871089458466,0.17330056428909302,-0.2997809648513794,0.06,-0.1556682288646698,0.7752637267112732,-0.1757041960954666,-0.48258358240127563,0.012526074424386024,0.5044506192207336,0.461692750453949,-0.1551109403371811,0.8923781514167786,-0.7841862440109253,-0.3039095997810364,0.9676468968391418,0.07420295476913452
2.745976686477661,0.1385740041732788,0.6470565795898438,0.004471988417208195,0.005644860677421093,0.37036025524139404,-0.9288602471351624,-0.5719988346099854,0.013285919092595577,-0.3541658818721771,0.35917213559150696,-0.15594211220741272,0.1840595006942749,-0.30554041266441345,0.06,-0.1642502248287201,0.7805023789405823,-0.17700351774692535,-0.4843808114528656,-0.008444733917713165,0.48955458402633667,0.4440319240093231,-0.13552863895893097,0.7663267850875854,-0.8004885911941528,-0.27323073148727417,0.9607530236244202,0.03255368769168854
2.744424343109131,0.13926811516284943,0.6458103656768799,0.003339865244925022,0.005723968148231506,0.36669719219207764,-0.930316686630249,-0.5765994191169739,0.00734808249399066,-0.3600141704082489,0.35771700739860535,-0.15682420134544373,0.18971329927444458,-0.3149018883705139,0.06,-0.17133454978466034,0.7940484881401062,-0.17823998630046844,-0.49044105410575867,-0.028271576389670372,0.46112334728240967,0.4238813817501068,-0.12153778225183487,0.6452551484107971,-0.8140601515769958,-0.2462794929742813,0.9547064304351807,-0.00740610808134079
2.7432994842529297,0.14041295647621155,0.64382004737854,0.001042511430568993,0.00558612821623683,0.3630877435207367,-0.93173748254776,-0.5885278582572937,-0.004741340409964323,-0.3656001389026642,0.3695431649684906,-0.15161530673503876,0.189631387591362,-0.3300395607948303,0.06,-0.1777622401714325,0.8164855241775513,-0.1815006285905838,-0.500751793384552,-0.04625532403588295,0.42098864912986755,0.40198972821235657,-0.11195843666791916,0.5195099711418152,-0.8254504203796387,-0.2270006686449051,0.9483145475387573,-0.04458092153072357
2.7424423694610596,0.14188365638256073,0.6410912871360779,-0.0019457296002656221,0.004910091403871775,0.35991525650024414,-0.9329700469970703,-0.6085299253463745,-0.02111314795911312,-0.37097832560539246,0.39502421021461487,-0.14215447008609772,0.18309113383293152,-0.350777268409729,0.06,-0.18162159621715546,0.8465102314949036,-0.18374115228652954,-0.5145683288574219,-0.06101764366030693,0.3735911250114441,0.3787080943584442,-0.10403383523225784,0.3817625045776367,-0.8354706764221191,-0.2133990079164505,0.9402704834938049,-0.07542084157466888
2.7417259216308594,0.14334604144096375,0.6377678513526917,-0.004679092671722174,0.003983866423368454,0.35759952664375305,-0.9338546991348267,-0.6326775550842285,-0.0374167375266552,-0.37752270698547363,0.4280576705932617,-0.13433511555194855,0.17294222116470337,-0.37371280789375305,0.06,-0.1830144226551056,0.8803713321685791,-0.18497371673583984,-0.5299866795539856,-0.07148422300815582,0.32199883460998535,0.35436198115348816,-0.09621331095695496,0.23645414412021637,-0.8436784148216248,-0.20189328491687775,0.9303188323974609,-0.09976458549499512
2.741152048110962,0.1446457803249359,0.6342777013778687,-0.006855503655970097,0.003520703874528408,0.3557509481906891,-0.9345489144325256,-0.6553747653961182,-0.051983047276735306,-0.38440555334091187,0.4620015323162079,-0.13191650807857513,0.16135840117931366,-0.3944622576236725,0.06,-0.18402858078479767,0.9134262800216675,-0.18637681007385254,-0.5454307198524475,-0.07942768186330795,0.268935889005661,0.328233927488327,-0.08676657825708389,0.09574105590581894,-0.8501555323600769,-0.189386248588562,0.920340895652771,-0.12139397859573364
2.740828514099121,0.1456529051065445,0.6310039758682251,-0.008275618776679039,0.0042305514216423035,0.35362088680267334,-0.9353426098823547,-0.6722712516784668,-0.06,-0.38926416635513306,0.4914660155773163,-0.13449235260486603,0.15116173028945923,-0.4093555808067322,0.05335569754242897,-0.18658208847045898,0.9428392052650452,-0.18752096593379974,-0.5602962374687195,-0.08756613731384277,0.21774572134017944,0.30057913064956665,-0.07426798343658447,-0.02857702039182186,-0.855441153049469,-0.1749611794948578,0.9110630750656128,-0.1477869749069214
2.7407193183898926,0.14629773795604706,0.6281045079231262,-0.008686859160661697,0.006005882751196623,0.35111895203590393,-0.9362712502479553,-0.6836585998535156,-0.06,-0.39029771089553833,0.5163832902908325,-0.1402425318956375,0.14278359711170197,-0.41749295592308044,0.045576661825180054,-0.19131474196910858,0.967089831829071,-0.1884544938802719,-0.57392418384552,-0.09568008035421371,0.16958101093769073,0.27291083335876465,-0.059428129345178604,-0.1316077709197998,-0.8605679273605347,-0.15896731615066528,0.9004470109939575,-0.14999999999999997
2.7406327724456787,0.14662329852581024,0.6257312297821045,-0.008033485151827335,0.008254160173237324,0.34844204783439636,-0.9372594952583313,-0.6912155747413635,-0.06,-0.38891103863716125,0.5370830297470093,-0.14641858637332916,0.1362006664276123,-0.4198351502418518,0.04002590849995613,-0.19809667766094208,0.9848738312721252,-0.1895291656255722,-0.5850483179092407,-0.10212310403585434,0.12295164912939072,0.24626398086547852,-0.042887017130851746,-0.14999999999999997,-0.8668845891952515,-0.1411496251821518,0.8863189816474915,-0.14999999999999997
2.740255832672119,0.14671683311462402,0.624274730682373,-0.006507698446512222,0.01054176315665245,0.34590139985084534,-0.938188910484314,-0.6954013109207153,-0.06,-0.3896840214729309,0.5529528260231018,-0.14356990158557892,0.13129954040050507,-0.4170500338077545,0.03764919564127922,-0.20606182515621185,0.9936729073524475,-0.19082942605018616,-0.5900000000000001,-0.10526572167873383,0.07486280798912048,0.22050507366657257,-0.023590482771396637,-0.14999999999999997,-0.8754172325134277,-0.11958271265029907,0.8685189485549927,-0.14999999999999997
2.7394607067108154,0.1464974582195282,0.6235959529876709,-0.004032767843455076,0.01261778362095356,0.3439643979072571,-0.93888920545578,-0.6960914731025696,-0.06,-0.3921954333782196,0.5622736811637878,-0.14337089657783508,0.12846408784389496,-0.41025978326797485,0.039335865527391434,-0.21490493416786194,0.9943121075630188,-0.193220317363739,-0.5900000000000001,-0.1036926805973053,0.02251378446817398,0.195858433842659,-0.0008933826466090977,-0.14999999999999997,-0.8885151743888855,-0.0916154608130455,0.8469302654266357,-0.14999999999999997
2.738210678100586,0.14599129557609558,0.6235175132751465,-0.0007462865905836225,0.014818290248513222,0.34285208582878113,-0.9392721056938171,-0.6935593485832214,-0.06,-0.3968612253665924,0.5670771598815918,-0.14574941992759705,0.12654823064804077,-0.3999575078487396,0.044727910310029984,-0.22363747656345367,0.9885421395301819,-0.1962251216173172,-0.5900000000000001,-0.09637035429477692,-0.04138916730880737,0.1719622015953064,0.02320769615471363,-0.14999999999999997,-0.9086700081825256,-0.05687596648931503,0.8211585283279419,-0.14999999999999997
2.736672878265381,0.14519938826560974,0.6236438751220703,0.0030154238920658827,0.016407445073127747,0.3428901433944702,-0.939227283000946,-0.6918164491653442,-0.06,-0.4026181399822235,0.5713582634925842,-0.1498933583498001,0.12416236102581024,-0.38946333527565,0.05363244563341141,-0.23097778856754303,0.9794797301292419,-0.19996850192546844,-0.5873690247535706,-0.08357343077659607,-0.10869184881448746,0.1488649994134903,0.04985834285616875,-0.14999999999999997,-0.9394309520721436,-0.03,0.7912027835845947,-0.14999999999999997
2.7349774837493896,0.14420835673809052,0.6239792704582214,0.006780968513339758,0.017603475600481033,0.34411728382110596,-0.9387370944023132,-0.6901524662971497,-0.06,-0.40705084800720215,0.574521005153656,-0.15450501441955566,0.12166164070367813,-0.3792547881603241,0.06,-0.23600970208644867,0.9682425856590271,-0.20412111282348633,-0.581544041633606,-0.06601833552122116,-0.17959192395210266,0.1275196522474289,0.07685477286577225,-0.14999999999999997,-0.9826952219009399,-0.03,0.7581914663314819,-0.14999999999999997
2.7334251403808594,0.14315098524093628,0.6247552037239075,0.010207055136561394,0.018437447026371956,0.34634554386138916,-0.9378700852394104,-0.6868895888328552,-0.04964948445558548,-0.4089336693286896,0.5738175511360168,-0.15856850147247314,0.12027435749769211,-0.36892879009246826,0.06,-0.23819094896316528,0.9540621638298035,-0.20794203877449036,-0.5736865997314453,-0.04374503716826439,-0.25512146949768066,0.1096833199262619,0.10107187926769257,-0.14999999999999997,-1.034891963005066,-0.03,0.7241163849830627,-0.14999999999999997
2.732292652130127,0.14205391705036163,0.6260920763015747,0.01305131521075964,0.01922135055065155,0.3492870330810547,-0.9367275834083557,-0.6805110573768616,-0.03692799434065819,-0.407562255859375,0.5683529376983643,-0.1606578379869461,0.12019458413124084,-0.3575015962123871,0.06,-0.23745077848434448,0.936819314956665,-0.21070829033851624,-0.5641825795173645,-0.01766149140894413,-0.334054559469223,0.09674087911844254,0.12363632023334503,-0.14999999999999997,-1.0955569744110107,-0.03,0.6921588182449341,-0.14999999999999997
2.7317302227020264,0.1408923715353012,0.6281785368919373,0.015207317657768726,0.020147673785686493,0.3528353273868561,-0.9353448152542114,-0.6698616743087769,-0.024224845692515373,-0.40258467197418213,0.5575094223022461,-0.15755796432495117,0.12163855880498886,-0.34380772709846497,0.06,-0.23365963995456696,0.9153496026992798,-0.21195392310619354,-0.5526871681213379,0.011803259141743183,-0.41520631313323975,0.09003150463104248,0.14596952497959137,-0.14999999999999997,-1.165184736251831,-0.03,0.6624553203582764,-0.14999999999999997
2.7318081855773926,0.139833003282547,0.6310470700263977,0.01657237857580185,0.021160809323191643,0.3565811216831207,-0.9338774681091309,-0.65456622838974,-0.012582456693053246,-0.39426979422569275,0.5400421023368835,-0.14809007942676544,0.12562015652656555,-0.32800915837287903,0.06,-0.22726647555828094,0.8895800113677979,-0.21134622395038605,-0.5391451120376587,0.04574019834399223,-0.49802297353744507,0.08926637470722198,0.16702832281589508,-0.14999999999999997,-1.244322419166565,-0.03,0.6349744200706482,-0.14999999999999997
2.732372760772705,0.1389583945274353,0.6345648765563965,0.017002051696181297,0.02191779762506485,0.3599918484687805,-0.9325429201126099,-0.6350206732749939,-0.002158772898837924,-0.3831331133842468,0.5138190388679504,-0.1368151605129242,0.13245470821857452,-0.31147146224975586,0.06,-0.2192164957523346,0.8602488040924072,-0.2089107781648636,-0.5238523483276367,0.0815105214715004,-0.582250714302063,0.09504491090774536,0.18992450833320618,-0.14999999999999997,-1.3312870264053345,-0.03,0.6115928292274475,-0.14999999999999997
2.73325514793396,0.13812649250030518,0.6384543776512146,0.01663479581475258,0.021973058581352234,0.36394020915031433,-0.9310144186019897,-0.6124802231788635,0.008763771504163742,-0.36838197708129883,0.47919008135795593,-0.12588737905025482,0.1439047008752823,-0.2957460880279541,0.06,-0.208653524518013,0.8285034894943237,-0.20585443079471588,-0.5069360733032227,0.11766966432332993,-0.6682273745536804,0.10796146094799042,0.21428367495536804,-0.14999999999999997,-1.4248420000076294,-0.03,0.5878655910491943,-0.14999999999999997
2.7344558238983154,0.13725930452346802,0.6424803137779236,0.015846166759729385,0.021457040682435036,0.3693336248397827,-0.928913950920105,-0.5879603028297424,0.02137468382716179,-0.34936630725860596,0.43999069929122925,-0.11825447529554367,0.15671540796756744,-0.28074508905410767,0.06,-0.19429004192352295,0.7953812479972839,-0.2024763822555542,-0.488775372505188,0.1565554291009903,-0.7560892105102539,0.12442654371261597,0.23613668978214264,-0.14999999999999997,-1.5223970413208008,-0.03,0.5625270009040833,-0.14999999999999997
2.7359437942504883,0.13629744946956635,0.6462576985359192,0.014976213686168194,0.020300868898630142,0.37644118070602417,-0.9260969161987305,-0.5641384124755859,0.03569552302360535,-0.3267185688018799,0.4017319083213806,-0.11568526923656464,0.168232724070549,-0.2673680782318115,0.06,-0.176060289144516,0.7632812857627869,-0.19909343123435974,-0.4706771969795227,0.19902892410755157,-0.8457476496696472,0.14023858308792114,0.2526709735393524,-0.14999999999999997,-1.6221379041671753,-0.03,0.5371778011322021,-0.14999999999999997
2.7376904487609863,0.13528317213058472,0.6493508815765381,0.014101618900895119,0.0185582023113966,0.38431116938591003,-0.9229093194007874,-0.5438408255577087,0.04991062358021736,-0.3027998208999634,0.36924684047698975,-0.11964498460292816,0.1770423948764801,-0.25716352462768555,0.06,-0.1563086062669754,0.736214280128479,-0.19604863226413727,-0.45513325929641724,0.24275630712509155,-0.9351288676261902,0.15273608267307281,0.26205986738204956,-0.14999999999999997,-1.7228686809539795,-0.03,0.5145735740661621,-0.14999999999999997
2.739591598510742,0.13432343304157257,0.651603639125824,0.013266602531075478,0.016555584967136383,0.3918610215187073,-0.9197797775268555,-0.5271206498146057,0.06307858228683472,-0.2791001498699188,0.3424842357635498,-0.13279680907726288,0.1834188997745514,-0.2504977285861969,0.06,-0.1374267190694809,0.7162814736366272,-0.19322235882282257,-0.44362592697143555,0.28437623381614685,-1.021097183227539,0.16175594925880432,0.2626660168170929,-0.14999999999999997,-1.8221776485443115,-0.03,0.49366840720176697,-0.14999999999999997
2.7416598796844482,0.1336371898651123,0.6532222032546997,0.012936136685311794,0.017481110990047455,0.39805448055267334,-0.9171038866043091,-0.5075181722640991,0.07234624773263931,-0.25576144456863403,0.32285264134407043,-0.1473894566297531,0.18652471899986267,-0.24067571759223938,0.06,-0.12246863543987274,0.7040405869483948,-0.18977981805801392,-0.4375235438346863,0.32275906205177307,-1.0964857339859009,0.1654043048620224,0.2548598349094391,-0.14999999999999997,-1.8892184495925903,-0.03,0.48875662684440613,-0.14999999999999997
2.7429747581481934,0.1336078941822052,0.6545132398605347,0.011862346902489662,0.017037363722920418,0.40402665734291077,-0.9145115613937378,-0.4980076551437378,0.07696771621704102,-0.2385137677192688,0.3123457133769989,-0.14335893094539642,0.1875104159116745,-0.23812608420848846,0.06,-0.10697995871305466,0.6957145929336548,-0.18706892430782318,-0.4314004182815552,0.3548690676689148,-1.166111946105957,0.170337975025177,0.24801845848560333,-0.14999999999999997,-1.9480048418045044,-0.03,0.4782624840736389,-0.14999999999999997
2.743736982345581,0.1338060349225998,0.6553921103477478,0.01112269889563322,0.016632281243801117,0.4107038080692291,-0.9115491509437561,-0.4922465980052948,0.08255663514137268,-0.2219904661178589,0.30814045667648315,-0.14130236208438873,0.18594315648078918,-0.23790965974330902,0.06,-0.0906260758638382,0.6908010840415955,-0.18527404963970184,-0.42576515674591064,0.3824715316295624,-1.223114252090454,0.17558152973651886,0.2407083660364151,-0.14999999999999997,-1.9942171573638916,-0.03,0.4637095630168915,-0.14683276414871216
2.7441325187683105,0.1341082900762558,0.6558719873428345,0.011110842227935791,0.017466669902205467,0.416843056678772,-0.9087426066398621,-0.48755404353141785,0.08775822818279266,-0.20761200785636902,0.31049874424934387,-0.13960787653923035,0.1816270500421524,-0.23632127046585083,0.06,-0.0766347274184227,0.6889548301696777,-0.18413253128528595,-0.4219227135181427,0.40286409854888916,-1.2623696327209473,0.1800776571035385,0.22864802181720734,-0.14999999999999997,-2.0236523151397705,-0.03,0.4503934979438782,-0.14249035716056824
2.744072914123535,0.13445575535297394,0.6559447646141052,0.01212120708078146,0.018914788961410522,0.4209116995334625,-0.9068232178688049,-0.48579102754592896,0.09209050983190536,-0.19803264737129211,0.31833866238594055,-0.13823175430297852,0.17624640464782715,-0.23329874873161316,0.06,-0.0684933215379715,0.6884388327598572,-0.1838582456111908,-0.419587105512619,0.4117957651615143,-1.2860366106033325,0.18628281354904175,0.20934537053108215,-0.14999999999999997,-2.0397262573242188,-0.03,0.4421742558479309,-0.147793710231781
2.7435333728790283,0.1348612755537033,0.6557350754737854,0.014145322144031525,0.020459793508052826,0.4221048057079315,-0.9062056541442871,-0.4871636629104614,0.09522037208080292,-0.1933261603116989,0.3291429281234741,-0.13627737760543823,0.17159001529216766,-0.22891713678836823,0.06,-0.06781995296478271,0.6872820258140564,-0.18452344834804535,-0.4178931713104248,0.4072211980819702,-1.298782467842102,0.19530373811721802,0.18396790325641632,-0.14999999999999997,-2.044099807739258,-0.03,0.4397340714931488,-0.14999999999999997
2.742657423019409,0.13551323115825653,0.6553340554237366,0.016540829092264175,0.022126318886876106,0.42049935460090637,-0.9068721532821655,-0.4897034466266632,0.09591647237539291,-0.19268068671226501,0.3390749394893646,-0.13338914513587952,0.1692708283662796,-0.2244890332221985,0.06,-0.07358977943658829,0.6866631507873535,-0.18548305332660675,-0.4172244071960449,0.39053094387054443,-1.3033980131149292,0.2052522748708725,0.1565774530172348,-0.14999999999999997,-2.0361835956573486,-0.03,0.44090527296066284,-0.14999999999999997
2.7415785789489746,0.13663798570632935,0.6546271443367004,0.01847042702138424,0.0237234178930521,0.41700479388237,-0.9084067940711975,-0.49367088079452515,0.0933825895190239,-0.19431574642658234,0.3469598591327667,-0.12954387068748474,0.1699710190296173,-0.2234184741973877,0.06,-0.08292651921510696,0.6904230713844299,-0.18627096712589264,-0.418771356344223,0.36591264605522156,-1.3019826412200928,0.21442970633506775,0.13150686025619507,-0.14999999999999997,-2.0164926052093506,-0.03,0.44480961561203003,-0.14999999999999997
2.740375280380249,0.13829942047595978,0.6535727977752686,0.019556252285838127,0.02519483119249344,0.4127444624900818,-0.9102882742881775,-0.49896132946014404,0.08800940215587616,-0.19737708568572998,0.3531639873981476,-0.12542548775672913,0.17288514971733093,-0.22716286778450012,0.06,-0.09300684183835983,0.70028156042099,-0.18671612441539764,-0.4227967858314514,0.3378804624080658,-1.295313835144043,0.22155433893203735,0.11045338213443756,-0.14999999999999997,-1.9864885807037354,-0.03,0.45164045691490173,-0.14999999999999997
2.739107847213745,0.14041097462177277,0.6522362232208252,0.019893983379006386,0.02671291120350361,0.40878501534461975,-0.9120226502418518,-0.5045968294143677,0.08115622401237488,-0.2013193517923355,0.35821065306663513,-0.12201084196567535,0.176873117685318,-0.23482082784175873,0.06,-0.10159724950790405,0.7154272198677063,-0.18684369325637817,-0.42859458923339844,0.3102409541606903,-1.2833778858184814,0.22466875612735748,0.09372039884328842,-0.14999999999999997,-1.9486395120620728,-0.03,0.45927441120147705,-0.14999999999999997
2.7378199100494385,0.14282788336277008,0.6506770849227905,0.019621221348643303,0.028474291786551476,0.4057788550853729,-0.9133167862892151,-0.5099031329154968,0.07383982092142105,-0.20547311007976532,0.3629845678806305,-0.11975792795419693,0.1808445155620575,-0.2451595664024353,0.06,-0.10747788101434708,0.7347334623336792,-0.1867825835943222,-0.4355752170085907,0.28519824147224426,-1.2662608623504639,0.2222781926393509,0.08205153048038483,-0.14999999999999997,-1.9068124294281006,-0.03,0.4657468795776367,-0.14999999999999997
2.7365293502807617,0.14540265500545502,0.6489288210868835,0.01874253712594509,0.030727317556738853,0.40375983715057373,-0.9141567945480347,-0.514272153377533,0.06603091955184937,-0.20824670791625977,0.36797523498535156,-0.11803576350212097,0.18431709706783295,-0.25716280937194824,0.06,-0.11067236214876175,0.757584810256958,-0.1866537630558014,-0.44369250535964966,0.2630215585231781,-1.243815541267395,0.2145087867975235,0.07619275897741318,-0.14999999999999997,-1.8649938106536865,-0.03,0.4714687168598175,-0.14999999999999997
2.7352023124694824,0.1480240821838379,0.6469917297363281,0.017280569300055504,0.03365326672792435,0.40243473649024963,-0.9146665930747986,-0.5175579786300659,0.0574389286339283,-0.2085956484079361,0.37373316287994385,-0.11613243818283081,0.18710488080978394,-0.2700481414794922,0.06,-0.11188521236181259,0.7834979295730591,-0.18656255304813385,-0.4531542956829071,0.24301692843437195,-1.2162359952926636,0.20288114249706268,0.0757865384221077,-0.14999999999999997,-1.8245402574539185,-0.03,0.4789540767669678,-0.14999999999999997
2.7337656021118164,0.15060412883758545,0.6448176503181458,0.015395739115774632,0.03721547871828079,0.40176573395729065,-0.9148563146591187,-0.5205058455467224,0.04844760149717331,-0.2070726603269577,0.38153383135795593,-0.1142578199505806,0.1885744333267212,-0.2835060954093933,0.06,-0.11133022606372833,0.8119707703590393,-0.18663404881954193,-0.46363022923469543,0.2249172478914261,-1.184761881828308,0.18977834284305573,0.07928863912820816,-0.14999999999999997,-1.7851101160049438,-0.03,0.49018439650535583,-0.14999999999999997
2.732163429260254,0.1530589908361435,0.6424034833908081,0.013443611562252045,0.04125024005770683,0.40184804797172546,-0.9146778583526611,-0.524084210395813,0.039994385093450546,-0.2043769806623459,0.39290082454681396,-0.11274834722280502,0.18791577219963074,-0.2969140112400055,0.06,-0.10921049863100052,0.8417147397994995,-0.1871454119682312,-0.474524587392807,0.20862941443920135,-1.1512635946273804,0.1778137981891632,0.0847216323018074,-0.14999999999999997,-1.744600772857666,-0.03,0.5048004388809204,-0.14999999999999997
2.7303755283355713,0.15528932213783264,0.6397882103919983,0.0118311308324337,0.045550789684057236,0.402433305978775,-0.914238691329956,-0.5289239287376404,0.03279230743646622,-0.20174483954906464,0.40845924615859985,-0.11193736642599106,0.1848529428243637,-0.30938681960105896,0.06,-0.10666818916797638,0.8711726069450378,-0.18843068182468414,-0.48524829745292664,0.19317743182182312,-1.117822289466858,0.16919447481632233,0.09070856124162674,-0.14999999999999997,-1.701117992401123,-0.03,0.5200474858283997,-0.14999999999999997
2.7283859252929688,0.15726277232170105,0.6370222568511963,0.010761228390038013,0.049844443798065186,0.4030292332172394,-0.9137653708457947,-0.5352158546447754,0.0269293375313282,-0.20039869844913483,0.42718684673309326,-0.11186052858829498,0.18016459047794342,-0.32060006260871887,0.06,-0.10513337701559067,0.8992660045623779,-0.19070574641227722,-0.4954969584941864,0.1773095279932022,-1.086858868598938,0.16501277685165405,0.09633264690637589,-0.14999999999999997,-1.65352201461792,-0.03,0.5322752594947815,-0.14999999999999997
2.7261998653411865,0.15904183685779572,0.6341418027877808,0.01010926254093647,0.05375795066356659,0.4032818675041199,-0.9134393930435181,-0.5431951284408569,0.021992109715938568,-0.20096032321453094,0.44729548692703247,-0.11258786171674728,0.17509329319000244,-0.3313649892807007,0.06,-0.10508750379085541,0.9258307814598083,-0.19371472299098969,-0.5051244497299194,0.1605815440416336,-1.0604928731918335,0.1654672920703888,0.10103130340576172,-0.14999999999999997,-1.6015682220458984,-0.03972683101892471,0.5395176410675049,-0.14999999999999997
2.723856210708618,0.16071107983589172,0.6311426758766174,0.009551776573061943,0.056899603456258774,0.403152197599411,-0.9133121967315674,-0.5535072088241577,0.017414605244994164,-0.20299048721790314,0.4678506553173065,-0.11369600892066956,0.17036347091197968,-0.3432028293609619,0.06,-0.1061360165476799,0.9514950513839722,-0.1973019391298294,-0.5142350792884827,0.14353372156620026,-1.0399287939071655,0.1701863706111908,0.10460667312145233,-0.14999999999999997,-1.5465320348739624,-0.06023232266306877,0.5419570207595825,-0.14999999999999997
2.7214267253875732,0.16230790317058563,0.6281022429466248,0.008824408985674381,0.05913560464978218,0.40270525217056274,-0.9133747816085815,-0.5669699311256409,0.012573507614433765,-0.20644062757492065,0.48996055126190186,-0.1148962676525116,0.16303740441799164,-0.35667431354522705,0.06,-0.10770709812641144,0.9762796759605408,-0.20121081173419952,-0.5227242112159729,0.12672875821590424,-1.0249922275543213,0.1785535216331482,0.10697025060653687,-0.14999999999999997,-1.4900474548339844,-0.08141915500164032,0.5402586460113525,-0.14999999999999997
2.7189810276031494,0.16382034122943878,0.6251451373100281,0.007892959751188755,0.06053541600704193,0.4020552337169647,-0.9135779142379761,-0.5838873982429504,0.007266032509505749,-0.21122989058494568,0.5151288509368896,-0.11626838147640228,0.14965246617794037,-0.3712601363658905,0.06,-0.10942073911428452,0.9994939565658569,-0.20519036054611206,-0.5302854180335999,0.11044315248727798,-1.0150173902511597,0.18965715169906616,0.10766629129648209,-0.14999999999999997,-1.433436632156372,-0.1023317351937294,0.5340578556060791,-0.14999999999999997
2.7165796756744385,0.16526591777801514,0.6223512887954712,0.006848054472357035,0.06111543998122215,0.4014054834842682,-0.9138333797454834,-0.6041639447212219,0.0014492125483229756,-0.21675795316696167,0.5453454256057739,-0.11731041967868805,0.12819476425647736,-0.38658207654953003,0.06,-0.11081001162528992,1.0205820798873901,-0.20898199081420898,-0.5364631414413452,0.09500030428171158,-1.0097901821136475,0.20195236802101135,0.10602010786533356,-0.14999999999999997,-1.3774718046188354,-0.12270087748765945,0.5220691561698914,-0.14999999999999997
2.714235305786133,0.1667688488960266,0.6197795867919922,0.00572862708941102,0.06079930067062378,0.40079206228256226,-0.9141313433647156,-0.6258557438850403,-0.006016048137098551,-0.22260363399982452,0.5832471251487732,-0.11686143279075623,0.10092011094093323,-0.40284404158592224,0.06,-0.11168725788593292,1.039374828338623,-0.2125169336795807,-0.5412456393241882,0.08030669391155243,-1.0092289447784424,0.21357104182243347,0.10181878507137299,-0.14999999999999997,-1.3220576047897339,-0.14283116161823273,0.5033400058746338,-0.14999999999999997
2.7119150161743164,0.16848455369472504,0.6175106763839722,0.004546461161226034,0.059477295726537704,0.40023401379585266,-0.9144694805145264,-0.6461697816848755,-0.01570998691022396,-0.2296493947505951,0.6282067894935608,-0.11702249944210052,0.0727158933877945,-0.42032676935195923,0.06,-0.11183513700962067,1.055338978767395,-0.21568064391613007,-0.5438007712364197,0.0661107748746872,-1.0126731395721436,0.2230634093284607,0.09508654475212097,-0.14999999999999997,-1.2665801048278809,-0.16290678083896637,0.47813549637794495,-0.14999999999999997
2.709573268890381,0.17051638662815094,0.6156402230262756,0.003352633910253644,0.05707010254263878,0.39989784359931946,-0.9147749543190002,-0.6635323166847229,-0.026956645771861076,-0.23862271010875702,0.6783576011657715,-0.12114785611629486,0.04505293816328049,-0.4390935003757477,0.06,-0.11080603301525116,1.0678088665008545,-0.2182939052581787,-0.543422520160675,0.052278511226177216,-1.018693447113037,0.2297784686088562,0.08570384979248047,-0.14999999999999997,-1.2101911306381226,-0.18254266679286957,0.4477657973766327,-0.14999999999999997
2.7071571350097656,0.1729310005903244,0.614183247089386,0.0021978376898914576,0.053470924496650696,0.3999074399471283,-0.9149917364120483,-0.6769092679023743,-0.038874510675668716,-0.2498549520969391,0.7316237688064575,-0.12935073673725128,0.01743045076727867,-0.4594404697418213,0.06,-0.1083429753780365,1.0766384601593018,-0.2202572077512741,-0.5397119522094727,0.0383668914437294,-1.025550127029419,0.23375926911830902,0.07350471615791321,-0.14999999999999997,-1.15275239944458,-0.20071232318878174,0.41469207406044006,-0.14999999999999997
2.7047314643859863,0.17568393051624298,0.6132517457008362,0.000935434945859015,0.049053773283958435,0.40058058500289917,-0.914946973323822,-0.6904611587524414,-0.04976838082075119,-0.2641957700252533,0.7800866961479187,-0.1339799463748932,-0.022362278774380684,-0.4803963601589203,0.06,-0.10379810631275177,1.0813570022583008,-0.22169139981269836,-0.5326335430145264,0.02427823096513748,-1.0303516387939453,0.23569321632385254,0.05957348644733429,-0.14999999999999997,-1.0944510698318481,-0.21629609167575836,0.3830300271511078,-0.14999999999999997
2.702329158782959,0.17873704433441162,0.6126309037208557,-0.0003018072748091072,0.04421913996338844,0.4017322361469269,-0.9146888852119446,-0.7020028233528137,-0.05985667556524277,-0.2811022400856018,0.827534556388855,-0.1413263976573944,-0.06665132939815521,-0.5015567541122437,0.06,-0.09762146323919296,1.0835440158843994,-0.22228211164474487,-0.5232890248298645,0.009122324176132679,-1.0311164855957031,0.23597994446754456,0.044050224125385284,-0.14999999999999997,-1.0366095304489136,-0.22927390038967133,0.3561420142650604,-0.14999999999999997
2.700040817260742,0.18199825286865234,0.6122508645057678,-0.0013546313857659698,0.03942054137587547,0.40365326404571533,-0.9140613675117493,-0.7108791470527649,-0.06,-0.29824158549308777,0.8749366402626038,-0.1505662351846695,-0.11000289767980576,-0.5217191576957703,0.06,-0.08974026888608932,1.0835531949996948,-0.2222912311553955,-0.5122517347335815,-0.006376758683472872,-1.027009129524231,0.23450849950313568,0.026290735229849815,-0.14999999999999997,-0.9806476831436157,-0.24073036015033722,0.3352883458137512,-0.14999999999999997
2.6979408264160156,0.18543003499507904,0.6120845079421997,-0.0021588311064988375,0.03478631377220154,0.4063906669616699,-0.9130344390869141,-0.7178181409835815,-0.06,-0.31453901529312134,0.9255598187446594,-0.16137871146202087,-0.15176008641719818,-0.5405107140541077,0.06,-0.08006537705659866,1.0816859006881714,-0.2214566171169281,-0.49976739287376404,-0.02184474840760231,-1.0188430547714233,0.23110057413578033,0.00575360469520092,-0.14999999999999997,-0.9277480840682983,-0.25226324796676636,0.3194829523563385,-0.14999999999999997
2.696057081222534,0.18906769156455994,0.6121208667755127,-0.0028123892843723297,0.030130643397569656,0.40973663330078125,-0.9117017388343811,-0.7233891487121582,-0.06,-0.32953763008117676,0.9814485907554626,-0.17406614124774933,-0.19275479018688202,-0.5583853721618652,0.06,-0.06879872828722,1.0780068635940552,-0.21967896819114685,-0.48594993352890015,-0.03760792687535286,-1.0082290172576904,0.2259611040353775,-0.01720576174557209,-0.14999999999999997,-0.8788161277770996,-0.26487913727760315,0.306843101978302,-0.14999999999999997
2.694391965866089,0.19297218322753906,0.6123567819595337,-0.0035448288545012474,0.025260232388973236,0.413346529006958,-0.9102163314819336,-0.7268664240837097,-0.06,-0.34215885400772095,1.037743330001831,-0.18691150844097137,-0.2317112237215042,-0.576108992099762,0.06,-0.05618039518594742,1.072747826576233,-0.21680396795272827,-0.4709279537200928,-0.054362811148166656,-0.9968423247337341,0.219496488571167,-0.041467729955911636,-0.14999999999999997,-0.83448725938797,-0.2781337797641754,0.29493796825408936,-0.14999999999999997
2.6929233074188232,0.19718070328235626,0.6127775311470032,-0.004460135940462351,0.019966600462794304,0.4171008765697479,-0.9086298942565918,-0.728022575378418,-0.06,-0.35114771127700806,1.0909591913223267,-0.19754384458065033,-0.2694331109523773,-0.5942659378051758,0.06,-0.04232653230428696,1.0659056901931763,-0.21286393702030182,-0.4546080529689789,-0.07200425863265991,-0.9866402745246887,0.2114614099264145,-0.06709004938602448,-0.14999999999999997,-0.7946663498878479,-0.2911229729652405,0.28109878301620483,-0.14999999999999997
2.6916372776031494,0.2016846239566803,0.6133778691291809,-0.00552518991753459,0.014169370755553246,0.4209464490413666,-0.9069578647613525,-0.7275019884109497,-0.06,-0.3560841679573059,1.140766978263855,-0.20480304956436157,-0.3093661069869995,-0.6128250956535339,0.06,-0.027469374239444733,1.0572571754455566,-0.2079249918460846,-0.4369165301322937,-0.09006477892398834,-0.9791695475578308,0.20102337002754211,-0.09413981437683105,-0.14999999999999997,-0.7587417364120483,-0.3029617369174957,0.26342302560806274,-0.14999999999999997
2.6905791759490967,0.206461563706398,0.61409991979599,-0.0067546674981713295,0.008020875975489616,0.4246378540992737,-0.9053025245666504,-0.7258784174919128,-0.06,-0.35754823684692383,1.1877247095108032,-0.2089737355709076,-0.35101181268692017,-0.6316102743148804,0.06,-0.012117600068449974,1.0473284721374512,-0.2020387202501297,-0.4184100031852722,-0.10850835591554642,-0.9751458168029785,0.1871057152748108,-0.1214924305677414,-0.14999999999999997,-0.7264363765716553,-0.31316158175468445,0.24161936342716217,-0.14999999999999997
2.6898305416107178,0.2114880084991455,0.6148234009742737,-0.008213124237954617,0.001809769426472485,0.4279554784297943,-0.903760552406311,-0.7226995229721069,-0.05716651305556297,-0.3561825454235077,1.2316557168960571,-0.21076761186122894,-0.3909337520599365,-0.6506102085113525,0.06,0.003425075439736247,1.0373951196670532,-0.1951768547296524,-0.400068461894989,-0.1273299604654312,-0.9750697016716003,0.16893918812274933,-0.1480819284915924,-0.14999999999999997,-0.6979228854179382,-0.3216995298862457,0.2163849174976349,-0.14999999999999997
2.689445734024048,0.2167200744152069,0.6154612302780151,-0.009854706935584545,-0.004219610244035721,0.4309878349304199,-0.9022939801216125,-0.716788649559021,-0.04889148846268654,-0.3521377146244049,1.271511197090149,-0.21033184230327606,-0.42753100395202637,-0.6696163415908813,0.06,0.019233396276831627,1.0282741785049438,-0.1873800903558731,-0.38248270750045776,-0.14585921168327332,-0.9801788330078125,0.14657536149024963,-0.1741241067647934,-0.14999999999999997,-0.6729543805122375,-0.3287113606929779,0.18772049248218536,-0.14999999999999997
2.6894311904907227,0.22208304703235626,0.6159977912902832,-0.011503581888973713,-0.0099025322124362,0.43383920192718506,-0.9008623957633972,-0.7069089412689209,-0.04002910107374191,-0.3455827534198761,1.3058120012283325,-0.20781220495700836,-0.4618988633155823,-0.6880139112472534,0.06,0.03510463610291481,1.0199651718139648,-0.17884637415409088,-0.36580219864845276,-0.16348545253276825,-0.9922160506248474,0.12112946808338165,-0.20022094249725342,-0.14999999999999997,-0.6508198976516724,-0.33405745029449463,0.15529446303844452,-0.14999999999999997
2.689748525619507,0.22748765349388123,0.6164730787277222,-0.012953865341842175,-0.01516343466937542,0.4364764988422394,-0.8994945883750916,-0.6923316717147827,-0.030628541484475136,-0.3367133140563965,1.3326566219329834,-0.20358380675315857,-0.49637743830680847,-0.7050709128379822,0.06,0.050482820719480515,1.0119602680206299,-0.1698872148990631,-0.3499257564544678,-0.1799943745136261,-1.0128041505813599,0.09429722279310226,-0.22666087746620178,-0.14999999999999997,-0.6311954259872437,-0.3373812437057495,0.11952786892652512,-0.14999999999999997
2.6903398036956787,0.23285707831382751,0.616936445236206,-0.014050406403839588,-0.020028527826070786,0.43886685371398926,-0.8982189297676086,-0.6734453439712524,-0.02093162201344967,-0.32567477226257324,1.3509691953659058,-0.19783440232276917,-0.5310743451118469,-0.7202826142311096,0.06,0.06497040390968323,1.0036523342132568,-0.160540372133255,-0.33475223183631897,-0.19495762884616852,-1.042894959449768,0.06761319935321808,-0.2539014220237732,-0.14999999999999997,-0.6141270995140076,-0.33899492025375366,0.08121714740991592,-0.14999999999999997
2.6911277770996094,0.23815535008907318,0.6174244284629822,-0.014726660214364529,-0.024682383984327316,0.44122251868247986,-0.8969373106956482,-0.651509165763855,-0.011096329428255558,-0.31256186962127686,1.3611106872558594,-0.19055397808551788,-0.5652083158493042,-0.7336509823799133,0.06,0.07863937318325043,0.9943797588348389,-0.15112702548503876,-0.3198368549346924,-0.2073325216770172,-1.0832759141921997,0.04232778027653694,-0.28197649121284485,-0.14999999999999997,-0.6005467772483826,-0.3395485281944275,0.040983647108078,-0.14999999999999997
2.6920199394226074,0.24336376786231995,0.6179870963096619,-0.014907809905707836,-0.029325425624847412,0.4438217580318451,-0.8955109715461731,-0.6275594234466553,-0.0011393704917281866,-0.29796358942985535,1.363633155822754,-0.18239308893680573,-0.5900000000000001,-0.7451021671295166,0.06,0.09169512987136841,0.9832093119621277,-0.1418476402759552,-0.30430325865745544,-0.21608035266399384,-1.1342602968215942,0.03,-0.3100988566875458,-0.14999999999999997,-0.5914263129234314,-0.3397626280784607,-0.0009403482545167208,-0.14999999999999997
2.6929311752319336,0.24845166504383087,0.6187000274658203,-0.014432750642299652,-0.03400262072682381,0.4468724727630615,-0.89383465051651,-0.6018266677856445,0.00925477221608162,-0.28230759501457214,1.358568787574768,-0.17437118291854858,-0.5900000000000001,-0.7539660334587097,0.06,0.10414554178714752,0.9689880609512329,-0.1327240765094757,-0.28751540184020996,-0.2207021415233612,-1.1948288679122925,0.03,-0.33727380633354187,-0.14999999999999997,-0.5872004628181458,-0.3401621878147125,-0.04367845878005028,-0.14999999999999997
2.6938061714172363,0.2534009516239166,0.6196183562278748,-0.013192126527428627,-0.03864746913313866,0.4504034221172333,-0.8918907046318054,-0.5740967988967896,0.020433399826288223,-0.265377938747406,1.3448686599731445,-0.16699664294719696,-0.5900000000000001,-0.7596440315246582,0.06,0.11579381674528122,0.9510523080825806,-0.12390869855880737,-0.2691810727119446,-0.22160564363002777,-1.2631808519363403,0.03,-0.36243587732315063,-0.14999999999999997,-0.5887100696563721,-0.340999960899353,-0.08489492535591125,-0.14999999999999997
2.694629669189453,0.2582029104232788,0.6207201480865479,-0.011181814596056938,-0.04311848804354668,0.4541267156600952,-0.889822781085968,-0.5439097285270691,0.032342374324798584,-0.2468201071023941,1.3205528259277344,-0.1604454070329666,-0.5900000000000001,-0.762006938457489,0.06,0.12615454196929932,0.9297332167625427,-0.1155007928609848,-0.24964475631713867,-0.2203790843486786,-1.3373923301696777,0.03,-0.3846745789051056,-0.14999999999999997,-0.5971843600273132,-0.3424396216869354,-0.12154728919267654,-0.14999999999999997
2.6954152584075928,0.2628413140773773,0.6219140291213989,-0.008425712585449219,-0.0472857728600502,0.4576106667518616,-0.8878544569015503,-0.5106574296951294,0.04473770782351494,-0.22654952108860016,1.2835144996643066,-0.15489782392978668,-0.5900000000000001,-0.761344850063324,0.06,0.13456374406814575,0.9060937762260437,-0.10757196694612503,-0.22970208525657654,-0.21928168833255768,-1.4165838956832886,0.03,-0.4035273790359497,-0.14999999999999997,-0.6137898564338684,-0.344620019197464,-0.1512170284986496,-0.14999999999999997
2.696178436279297,0.2672843635082245,0.623071551322937,-0.004922820720821619,-0.05110860615968704,0.46057331562042236,-0.8861352205276489,-0.4732312262058258,0.05754466727375984,-0.20471088588237762,1.2312825918197632,-0.150252565741539,-0.5900000000000001,-0.7581873536109924,0.06,0.14054258167743683,0.8813750147819519,-0.10022035241127014,-0.2101362943649292,-0.22039641439914703,-1.5018247365951538,0.03,-0.4188787043094635,-0.14999999999999997,-0.6400517225265503,-0.3472166359424591,-0.17262259125709534,-0.14999999999999997
2.6969497203826904,0.2714768648147583,0.6239581108093262,-0.0006319120875559747,-0.05460174381732941,0.46290323138237,-0.8847251534461975,-0.42998620867729187,0.07082557678222656,-0.1817750483751297,1.1611233949661255,-0.1463274508714676,-0.5900000000000001,-0.753523051738739,0.06,0.14378592371940613,0.8576182723045349,-0.09359102696180344,-0.19203583896160126,-0.22505313158035278,-1.5960509777069092,0.03,-0.43051502108573914,-0.14999999999999997,-0.677680492401123,-0.34980300068855286,-0.18665869534015656,-0.14999999999999997
2.6977851390838623,0.27530422806739807,0.6242315769195557,0.0045449621975421906,-0.05768858641386032,0.46468186378479004,-0.88358473777771,-0.37872907519340515,0.08476994931697845,-0.15742744505405426,1.070128321647644,-0.14152562618255615,-0.5900000000000001,-0.7485800385475159,0.06,0.1442229300737381,0.8379663228988647,-0.08782484382390976,-0.1770247519016266,-0.23374560475349426,-1.700716495513916,0.03,-0.43777889013290405,-0.14999999999999997,-0.7280678153038025,-0.35221701860427856,-0.19653689861297607,-0.14999999999999997
2.6990010738372803,0.27831509709358215,0.6240280270576477,0.010584098286926746,-0.059351857751607895,0.46695929765701294,-0.8822211623191833,-0.3245169520378113,0.10011623054742813,-0.12996983528137207,0.9747200012207031,-0.13076914846897125,-0.5900000000000001,-0.7414432168006897,0.06,0.14375412464141846,0.8242743611335754,-0.0830654427409172,-0.16646863520145416,-0.24491383135318756,-1.8124781847000122,0.03,-0.4397534132003784,-0.14999999999999997,-0.7908818125724792,-0.3532412052154541,-0.20509018003940582,-0.14999999999999997
2.7024850845336914,0.2781432867050171,0.626524806022644,0.015152121894061565,-0.05365081876516342,0.4712318480014801,-0.8802456855773926,-0.28874072432518005,0.11053527891635895,-0.09082096815109253,0.9497509002685547,-0.10416702181100845,-0.5900000000000001,-0.7117500305175781,0.06,0.15055134892463684,0.8065203428268433,-0.07741278409957886,-0.16339536011219025,-0.25700289011001587,-1.9191778898239136,0.03,-0.4338778853416443,-0.14999999999999997,-0.8560374975204468,-0.35175156593322754,-0.20483000576496124,-0.14999999999999997
2.706880569458008,0.27586227655410767,0.6298293471336365,0.018475687131285667,-0.04583803191781044,0.4725458323955536,-0.8799192905426025,-0.23688377439975739,0.11755826324224472,-0.044331058859825134,0.904570460319519,-0.0668005645275116,-0.5900000000000001,-0.6846145391464233,0.06,0.1544828861951828,0.8081291913986206,-0.06565945595502853,-0.1918942928314209,-0.2802596688270569,-2.0276169776916504,0.03,-0.4373761713504791,-0.14999999999999997,-0.9201256632804871,-0.34416699409484863,-0.2102660983800888,-0.14999999999999997
2.711820125579834,0.27177566289901733,0.6346427798271179,0.020694607868790627,-0.037702884525060654,0.472443550825119,-0.8803108930587769,-0.17610150575637817,0.11650050431489944,-0.009127894416451454,0.8465397357940674,-0.04798351973295212,-0.5900000000000001,-0.6698766350746155,0.06,0.16031907498836517,0.8311601281166077,-0.045879434794187546,-0.22707439959049225,-0.30993035435676575,-2.1296982765197754,0.03,-0.45444270968437195,-0.14999999999999997,-0.9745221138000488,-0.326867014169693,-0.23497483134269714,-0.14999999999999997
2.716742992401123,0.26629626750946045,0.6408717036247253,0.022464372217655182,-0.02950182929635048,0.4718858599662781,-0.8808795213699341,-0.1028924509882927,0.10903771966695786,0.01220031175762415,0.7648322582244873,-0.05457191914319992,-0.5900000000000001,-0.6727293133735657,0.06,0.16877146065235138,0.8763163685798645,-0.024036653339862823,-0.2341862916946411,-0.34609776735305786,-2.211552143096924,0.03,-0.4769379496574402,-0.14999999999999997,-1.0190377235412598,-0.29488030076026917,-0.28179556131362915,-0.14999999999999997
2.7210214138031006,0.2601463794708252,0.6478765606880188,0.021789731457829475,-0.025892384350299835,0.4705425798892975,-0.8817281126976013,-0.03667878359556198,0.10345502197742462,0.03745149448513985,0.6693635582923889,-0.049854982644319534,-0.5900000000000001,-0.6999743580818176,0.06,0.1772029846906662,0.9292816519737244,-0.008542532101273537,-0.19815915822982788,-0.3866337537765503,-2.297060251235962,0.03,-0.5026480555534363,-0.12979018688201904,-1.0665775537490845,-0.2514873147010803,-0.3480475842952728,-0.14999999999999997
2.724923610687256,0.25352081656455994,0.6548163890838623,0.018789615482091904,-0.026092153042554855,0.4685845673084259,-0.8828332424163818,0.02471768483519554,0.09615907818078995,0.0565493181347847,0.5607880353927612,-0.05012935772538185,-0.5900000000000001,-0.7430291175842285,0.06,0.18539069592952728,0.9852827191352844,-0.0024311989545822144,-0.15164242684841156,-0.42895910143852234,-2.387868642807007,0.03,-0.5234915018081665,-0.05416109040379524,-1.1172747611999512,-0.2025260478258133,-0.41965964436531067,-0.14999999999999997
2.7286128997802734,0.24615143239498138,0.6607004404067993,0.015262358821928501,-0.02776963822543621,0.4661276638507843,-0.8841497898101807,0.08837517350912094,0.08944496512413025,0.07520254701375961,0.44210198521614075,-0.0507408082485199,-0.5576972365379333,-0.7883946895599365,0.06,0.1934773176908493,1.0411189794540405,-0.0014723424101248384,-0.11897070705890656,-0.47199732065200806,-2.477717638015747,0.03,-0.5413368344306946,0.03011714294552803,-1.1649245023727417,-0.1569843739271164,-0.4785047173500061,-0.14999999999999997
2.7317769527435303,0.23814041912555695,0.6644477248191833,0.012886610813438892,-0.028333773836493492,0.4624509811401367,-0.8860982060432434,0.15600024163722992,0.08481547236442566,0.0912531316280365,0.32425200939178467,-0.05338335409760475,-0.5071026086807251,-0.8244857788085938,0.06,0.2003871202468872,1.0889058113098145,-0.0023623176384717226,-0.09743190556764603,-0.5179688334465027,-2.5489437580108643,0.03,-0.5596359968185425,0.10647837072610855,-1.2039122581481934,-0.1193125769495964,-0.509048342704773,-0.14999999999999997
2.734224557876587,0.22991803288459778,0.6656680703163147,0.011272789910435677,-0.029729429632425308,0.4577816128730774,-0.8884958624839783,0.2109418362379074,0.08512319624423981,0.10047288984060287,0.29000000000000004,-0.057869989424943924,-0.46917447447776794,-0.8508008718490601,0.06,0.20660893619060516,1.1172497272491455,-0.0010514563182368875,-0.07898856699466705,-0.5638989210128784,-2.611421823501587,0.03,-0.582889199256897,0.1728125810623169,-1.2338862419128418,-0.09359651803970337,-0.5099570155143738,-0.14999999999999997
2.7360150814056396,0.22137492895126343,0.6647878885269165,0.010510411113500595,-0.03151147812604904,0.45311740040779114,-0.890831708908081,0.24767278134822845,0.09081456810235977,0.10304176062345505,0.29000000000000004,-0.06442032754421234,-0.4516694247722626,-0.8634487390518188,0.06,0.21150508522987366,1.1219724416732788,-0.0002862511028070003,-0.059680838137865067,-0.6056727766990662,-2.663055181503296,0.03,-0.607951283454895,0.219565749168396,-1.2531839609146118,-0.07801148295402527,-0.4822254478931427,-0.14999999999999997
2.7372891902923584,0.21231508255004883,0.6623791456222534,0.010431550443172455,-0.033294159919023514,0.4495776891708374,-0.8925594091415405,0.26614463329315186,0.10061176866292953,0.10080486536026001,0.29000000000000004,-0.07281221449375153,-0.45658907294273376,-0.8627959489822388,0.06,0.21374033391475677,1.1081043481826782,-0.00484858313575387,-0.0432971827685833,-0.6378684639930725,-2.701155185699463,0.03,-0.6249948143959045,0.24462544918060303,-1.264077067375183,-0.0705849826335907,-0.43551716208457947,-0.14999999999999997
2.7382161617279053,0.20271500945091248,0.6586506962776184,0.010752899572253227,-0.03499623388051987,0.4474494457244873,-0.893559455871582,0.26837682723999023,0.11298059672117233,0.09424406290054321,0.29000000000000004,-0.0826343446969986,-0.4821404218673706,-0.8503744006156921,0.06,0.21148645877838135,1.0808185338974,-0.015711456537246704,-0.03796466067433357,-0.6573542356491089,-2.723580837249756,0.03,-0.6270283460617065,0.24942584335803986,-1.2710316181182861,-0.0677928701043129,-0.38046979904174805,-0.14999999999999997
2.7389988899230957,0.19277428090572357,0.6533519625663757,0.011054662987589836,-0.03631184250116348,0.4467282295227051,-0.893864095211029,0.25828829407691956,0.1255626380443573,0.08372625708580017,0.29000000000000004,-0.09339851886034012,-0.5247929692268372,-0.8280342817306519,0.06,0.20628072321414948,1.044232726097107,-0.03033081814646721,-0.0416451096534729,-0.6634748578071594,-2.7272138595581055,0.03,-0.6145405173301697,0.2360100895166397,-1.281139850616455,-0.06579850614070892,-0.3223550319671631,-0.14999999999999997
2.739773750305176,0.18293200433254242,0.6458898186683655,0.010512324050068855,-0.03735684975981712,0.44727566838264465,-0.8935537934303284,0.23532536625862122,0.13584837317466736,0.06809879839420319,0.3093303143978119,-0.1039026528596878,-0.5833583474159241,-0.800432562828064,0.06,0.2023238241672516,1.0044059753417969,-0.04555295780301094,-0.039591316133737564,-0.6582841277122498,-2.713946580886841,0.03,-0.5928741097450256,0.20977582037448883,-1.304551124572754,-0.061862677335739136,-0.26206299662590027,-0.14999999999999997
2.740435838699341,0.17360298335552216,0.6356150507926941,0.00859158020466566,-0.03849571943283081,0.448662668466568,-0.8928303122520447,0.19709168374538422,0.14304687082767487,0.04583926126360893,0.4158197343349457,-0.10846783965826035,-0.5900000000000001,-0.7701026797294617,0.06,0.2033996433019638,0.9707022309303284,-0.05962894484400749,-0.05375804007053375,-0.6439730525016785,-2.688086748123169,0.03,-0.5663266777992249,0.17402027547359467,-1.3396893739700317,-0.05174914747476578,-0.20227186381816864,-0.14999999999999997
2.7405290603637695,0.1655917465686798,0.6242132782936096,0.006202283781021833,-0.04030883312225342,0.450596421957016,-0.8917957544326782,0.14560656249523163,0.1491902619600296,0.023193445056676865,0.5421706438064575,-0.10901521891355515,-0.5900000000000001,-0.7386095523834229,0.06,0.20111697912216187,0.9509708881378174,-0.07983304560184479,-0.19366201758384705,-0.6226778030395508,-2.6504323482513428,0.03,-0.5381372570991516,0.13281865417957306,-1.3794156312942505,-0.03571682423353195,-0.15199825167655945,-0.14999999999999997
2.7402169704437256,0.15896190702915192,0.6149061918258667,0.003889256389811635,-0.04251200705766678,0.4496792256832123,-0.8921692371368408,0.08911401778459549,0.15579727292060852,-0.004876819439232349,0.6673128604888916,-0.10770414024591446,-0.5900000000000001,-0.737325131893158,0.06,0.1868664026260376,0.9644266366958618,-0.10517781972885132,-0.2779421806335449,-0.6039050817489624,-2.6055757999420166,0.03,-0.5137799382209778,0.08408907055854797,-1.4104382991790771,-0.03,-0.11414921283721924,-0.14999999999999997
2.739820957183838,0.1535186618566513,0.6102150678634644,0.0027919423300772905,-0.04368065297603607,0.445064514875412,-0.8944281935691833,0.027258411049842834,0.16399164497852325,-0.03839213028550148,0.7894450426101685,-0.10869243741035461,-0.5900000000000001,-0.7537798881530762,0.06,0.16956865787506104,1.003496527671814,-0.1136932298541069,-0.3039344847202301,-0.5863009095191956,-2.5511820316314697,0.03,-0.49571099877357483,0.023379744961857796,-1.421727180480957,-0.03,-0.08997449278831482,-0.14999999999999997
2.7390921115875244,0.14902381598949432,0.6082541346549988,0.003344364929944277,-0.044351935386657715,0.44125327467918396,-0.8962796330451965,-0.03966482728719711,0.1742721050977707,-0.06911979615688324,0.914563775062561,-0.11034183949232101,-0.5900000000000001,-0.756325900554657,0.06,0.15280774235725403,1.0184167623519897,-0.12414619326591492,-0.3184165954589844,-0.558615505695343,-2.48785400390625,0.03,-0.4800430238246918,-0.04157516360282898,-1.4165198802947998,-0.03,-0.07467687129974365,-0.14999999999999997
2.738375425338745,0.14531627297401428,0.6084033250808716,0.0049901725724339485,-0.044157616794109344,0.4381808638572693,-0.8977876305580139,-0.1068965420126915,0.1839187890291214,-0.0966745987534523,1.0260838270187378,-0.11326926946640015,-0.5900000000000001,-0.7482592463493347,0.06,0.13836267590522766,1.0167031288146973,-0.13235658407211304,-0.3242129683494568,-0.5209004282951355,-2.413341760635376,0.03,-0.46031710505485535,-0.10736691206693649,-1.4033364057540894,-0.03,-0.06518397480249405,-0.14999999999999997
2.737940549850464,0.14192911982536316,0.6095417141914368,0.0074656871147453785,-0.042132556438446045,0.43498459458351135,-0.8994206190109253,-0.16555476188659668,0.1907239556312561,-0.120905801653862,1.1176027059555054,-0.11535302549600601,-0.5900000000000001,-0.7324550747871399,0.06,0.12439773231744766,1.0087792873382568,-0.13903047144412994,-0.3277853727340698,-0.47838351130485535,-2.3305819034576416,0.03,-0.43055906891822815,-0.14999999999999997,-1.3854317665100098,-0.03,-0.053262144327163696,-0.14999999999999997
2.7379887104034424,0.13867758214473724,0.6108840107917786,0.010477733798325062,-0.038141943514347076,0.430213987827301,-0.9018599390983582,-0.21276631951332092,0.1948765516281128,-0.14046072959899902,1.1910772323608398,-0.11076195538043976,-0.5900000000000001,-0.7120507955551147,0.06,0.10798954218626022,1.0015376806259155,-0.14478403329849243,-0.33371061086654663,-0.4393191933631897,-2.240720272064209,0.03,-0.410653293132782,-0.14999999999999997,-1.3634109497070312,-0.03,-0.03210780397057533,-0.14999999999999997
2.738208293914795,0.13588492572307587,0.6123471260070801,0.012960327789187431,-0.0342305488884449,0.4230782389640808,-0.9053534269332886,-0.2576749324798584,0.19637560844421387,-0.15893413126468658,1.2524126768112183,-0.10001160204410553,-0.5900000000000001,-0.6928896903991699,0.06,0.08887612074613571,0.994637131690979,-0.1495133638381958,-0.3405272364616394,-0.4067111909389496,-2.152249813079834,0.03,-0.40195778012275696,-0.14999999999999997,-1.3409619331359863,-0.03,-0.0045442827977240086,-0.14999999999999997
2.738375663757324,0.1337183117866516,0.6139876842498779,0.01472514308989048,-0.03138498589396477,0.41367271542549133,-0.9097653031349182,-0.304118812084198,0.19516602158546448,-0.1778748482465744,1.302366852760315,-0.08661843836307526,-0.5900000000000001,-0.6767871975898743,0.06,0.06742686778306961,0.9865556955337524,-0.15304097533226013,-0.3465099632740021,-0.37931719422340393,-2.0679588317871094,0.03,-0.4010389745235443,-0.14999999999999997,-1.3178499937057495,-0.03,0.026112427935004234,-0.14999999999999997
2.7386250495910645,0.13220228254795074,0.6155983209609985,0.016120197251439095,-0.02893771603703499,0.4030109941959381,-0.914595365524292,-0.3474558889865875,0.19087664783000946,-0.19329175353050232,1.3387531042099,-0.07291003316640854,-0.5900000000000001,-0.6626772284507751,0.06,0.04515551030635834,0.9788726568222046,-0.15516139566898346,-0.35224366188049316,-0.3533914089202881,-1.9903631210327148,0.03,-0.4035603106021881,-0.14999999999999997,-1.2912625074386597,-0.03,0.058493830263614655,-0.14999999999999997
2.738840103149414,0.13134883344173431,0.6172367930412292,0.01684221439063549,-0.026646962389349937,0.39186930656433105,-0.9194806814193726,-0.38761645555496216,0.1830756515264511,-0.20490120351314545,1.3632913827896118,-0.06395891308784485,-0.5900000000000001,-0.6505408883094788,0.06,0.023848585784435272,0.971642792224884,-0.15588420629501343,-0.3571811616420746,-0.32677584886550903,-1.9103995561599731,0.03,-0.40965262055397034,-0.14999999999999997,-1.2601584196090698,-0.03,0.09156379848718643,-0.14999999999999997
2.7388174533843994,0.1311054825782776,0.6189160943031311,0.01722295768558979,-0.025052456185221672,0.38069823384284973,-0.9241993427276611,-0.4281136095523834,0.17386196553707123,-0.21528851985931396,1.3810757398605347,-0.06251145899295807,-0.5840977430343628,-0.6405898332595825,0.06,0.003526821034029126,0.9633666276931763,-0.15574656426906586,-0.3600642681121826,-0.29813578724861145,-1.828850269317627,0.03,-0.4203357994556427,-0.14999999999999997,-1.2247008085250854,-0.03186407312750816,0.12014378607273102,-0.14999999999999997
2.738524913787842,0.13137207925319672,0.6207247972488403,0.01742810383439064,-0.02421916276216507,0.36952272057533264,-0.9287424683570862,-0.4692279100418091,0.1643323004245758,-0.22534964978694916,1.3934487104415894,-0.06731822341680527,-0.5652908682823181,-0.6322137713432312,0.06,-0.01609123684465885,0.9531080722808838,-0.1549517959356308,-0.36054229736328125,-0.26780691742897034,-1.747173547744751,0.03,-0.43483394384384155,-0.14999999999999997,-1.185421109199524,-0.05821644887328148,0.14262381196022034,-0.14999999999999997
2.7381439208984375,0.13202057778835297,0.62263023853302,0.017475157976150513,-0.023538000881671906,0.3583390414714813,-0.9331310391426086,-0.5062511563301086,0.15480366349220276,-0.2337445616722107,1.3986732959747314,-0.07614628225564957,-0.545140266418457,-0.6242773532867432,0.06,-0.03496616333723068,0.9419710040092468,-0.15333804488182068,-0.35973790287971497,-0.236866295337677,-1.666922926902771,0.03,-0.45146819949150085,-0.14999999999999997,-1.142189621925354,-0.08315959572792053,0.16268865764141083,-0.14999999999999997
2.7378945350646973,0.1329515427350998,0.6245152950286865,0.01742924377322197,-0.02235744521021843,0.34740716218948364,-0.9372857809066772,-0.5338228344917297,0.1462331861257553,-0.23810675740242004,1.3946974277496338,-0.08677579462528229,-0.5285627841949463,-0.615776002407074,0.06,-0.0527617484331131,0.9315731525421143,-0.15090887248516083,-0.35899385809898376,-0.20546351373195648,-1.5886170864105225,0.03,-0.46890005469322205,-0.14999999999999997,-1.0948718786239624,-0.10654901713132858,0.18482805788516998,-0.14999999999999997
2.737868547439575,0.13412964344024658,0.6263449788093567,0.0173486340790987,-0.02048490382730961,0.3367815315723419,-0.9412000179290771,-0.5504512190818787,0.13919726014137268,-0.2383887618780136,1.3821824789047241,-0.09833265841007233,-0.5164102911949158,-0.6062741279602051,0.06,-0.0695088654756546,0.9223328232765198,-0.14764012396335602,-0.35872602462768555,-0.1738251894712448,-1.5125528573989868,0.03,-0.486129492521286,-0.14999999999999997,-1.0442826747894287,-0.1284656971693039,0.21117328107357025,-0.14999999999999997
2.738072633743286,0.13557392358779907,0.6281747817993164,0.01722177490592003,-0.018084170296788216,0.32641398906707764,-0.9448968172073364,-0.5572355389595032,0.1335626095533371,-0.2355388104915619,1.3625454902648926,-0.10997422784566879,-0.5067360997200012,-0.5958086252212524,0.06,-0.08526182174682617,0.9136792421340942,-0.14346057176589966,-0.3586268424987793,-0.14211368560791016,-1.4394091367721558,0.03,-0.5025275349617004,-0.14999999999999997,-0.9921030402183533,-0.1486075520515442,0.2413836121559143,-0.14999999999999997
2.738546371459961,0.1373220533132553,0.6300197839736938,0.016947109252214432,-0.01527593657374382,0.316264271736145,-0.9483967423439026,-0.5545951724052429,0.12864914536476135,-0.2294425368309021,1.334599494934082,-0.1201217845082283,-0.4963803291320801,-0.5846835374832153,0.06,-0.09989368915557861,0.9055989980697632,-0.1382414996623993,-0.3586532771587372,-0.11025001853704453,-1.3696300983428955,0.03,-0.5176661610603333,-0.14999999999999997,-0.9400666952133179,-0.16714519262313843,0.2747563421726227,-0.14999999999999997
2.7393202781677246,0.1394212394952774,0.6317612528800964,0.016396433115005493,-0.012134158983826637,0.3063407838344574,-0.9517033100128174,-0.5427522659301758,0.12320408225059509,-0.21956892311573029,1.2977665662765503,-0.12707583606243134,-0.4846312403678894,-0.5737420916557312,0.06,-0.11314891278743744,0.8992014527320862,-0.13193373382091522,-0.3592939078807831,-0.07793747633695602,-1.3029004335403442,0.038015685975551605,-0.5316256880760193,-0.14999999999999997,-0.8898168206214905,-0.18467888236045837,0.31129083037376404,-0.14999999999999997
2.7403781414031982,0.14189355075359344,0.633255124092102,0.015579866245388985,-0.008740466088056564,0.29664453864097595,-0.9548208117485046,-0.5229535102844238,0.11604468524456024,-0.2060949057340622,1.2543058395385742,-0.13016176223754883,-0.4734797179698944,-0.5636938810348511,0.05787661299109459,-0.12500686943531036,0.8954917788505554,-0.12462419271469116,-0.36097586154937744,-0.045146070420742035,-1.2380577325820923,0.06234963610768318,-0.544973611831665,-0.14999999999999997,-0.842496395111084,-0.20114663243293762,0.35088908672332764,-0.14999999999999997
2.741649866104126,0.1447405368089676,0.6343925595283508,0.014607668854296207,-0.005296726711094379,0.28717711567878723,-0.957751452922821,-0.49725571274757385,0.10680488497018814,-0.1895364224910736,1.2068833112716675,-0.12963733077049255,-0.465000718832016,-0.5551496148109436,0.03869901970028877,-0.13556355237960815,0.8948427438735962,-0.1164526417851448,-0.3637464940547943,-0.01225261576473713,-1.174527883529663,0.08768787980079651,-0.5582185387611389,-0.14999999999999997,-0.7990779876708984,-0.2159174531698227,0.3927091956138611,-0.14999999999999997
2.7430553436279297,0.14801627397537231,0.6351516842842102,0.01336305495351553,-0.0021117860451340675,0.2779807448387146,-0.9604912400245667,-0.4681987166404724,0.09734518826007843,-0.17180755734443665,1.1591222286224365,-0.12913328409194946,-0.47666215896606445,-0.5491160750389099,0.018874840810894966,-0.14442555606365204,0.8972703814506531,-0.10751773416996002,-0.3673197329044342,0.020025648176670074,-1.1131101846694946,0.11522176861763,-0.5709723830223083,-0.14999999999999997,-0.7609708905220032,-0.2287081778049469,0.43637844920158386,-0.14999999999999997
2.7445218563079834,0.15187400579452515,0.6356039047241211,0.011185923591256142,0.0006063669570721686,0.26893332600593567,-0.963093638420105,-0.43639928102493286,0.08731859922409058,-0.15182334184646606,1.1073932647705078,-0.1254568248987198,-0.5046793818473816,-0.5472506880760193,-0.002947063185274601,-0.1503782868385315,0.9033143520355225,-0.09742017835378647,-0.37167131900787354,0.049843430519104004,-1.0542651414871216,0.14739148318767548,-0.5810108184814453,-0.14999999999999997,-0.7301116585731506,-0.2396584153175354,0.48299282789230347,-0.14999999999999997
2.7459940910339355,0.1562512367963791,0.6356859803199768,0.008168712258338928,0.003077086992561817,0.25958096981048584,-0.965681791305542,-0.4017058312892914,0.07590565085411072,-0.1281261444091797,1.0479940176010132,-0.10828077793121338,-0.5367271304130554,-0.5489822030067444,-0.027293143793940544,-0.154328390955925,0.9132499694824219,-0.08638478070497513,-0.37712180614471436,0.0746961161494255,-0.996806263923645,0.18608303368091583,-0.5880756974220276,-0.14999999999999997,-0.7066948413848877,-0.2498764544725418,0.5330946445465088,-0.14999999999999997
2.747384548187256,0.16100838780403137,0.6353390216827393,0.00480550155043602,0.0055584958754479885,0.24947862327098846,-0.9683523774147034,-0.36520078778266907,0.06229940056800842,-0.1056981161236763,0.9819318056106567,-0.0872599259018898,-0.5678690671920776,-0.5527938604354858,-0.05368061363697052,-0.15762227773666382,0.9265882968902588,-0.07419019192457199,-0.38362786173820496,0.09324667602777481,-0.939344048500061,0.23115567862987518,-0.5908778309822083,-0.14999999999999997,-0.6907855868339539,-0.2619437575340271,0.5835886597633362,-0.14999999999999997
2.7487096786499023,0.1659921407699585,0.6350218057632446,0.0013139230431988835,0.008284109644591808,0.23987753689289093,-0.9707668423652649,-0.33451664447784424,0.04498288780450821,-0.09432438015937805,0.9249057769775391,-0.07165957242250443,-0.5882012844085693,-0.5580433011054993,-0.08033519238233566,-0.1584354192018509,0.9420679211616516,-0.061267003417015076,-0.386628657579422,0.10803551971912384,-0.8802398443222046,0.28299960494041443,-0.5856904983520508,-0.14999999999999997,-0.6827207207679749,-0.2776544690132141,0.6278659105300903,-0.14999999999999997
2.750854730606079,0.17041395604610443,0.6371943354606628,-0.002936113625764847,0.013551149517297745,0.2339022308588028,-0.9721611738204956,-0.3147878050804138,0.024915503337979317,-0.08563835173845291,0.9009867906570435,-0.057200606912374496,-0.5734632611274719,-0.5635117888450623,-0.10711368918418884,-0.15080039203166962,0.9636626839637756,-0.05229887738823891,-0.36986178159713745,0.12371429055929184,-0.8131517171859741,0.34280553460121155,-0.5679277777671814,-0.14999999999999997,-0.6796889305114746,-0.2956075370311737,0.6642741560935974,-0.14999999999999997
2.752939462661743,0.17425990104675293,0.6404837369918823,-0.006651899311691523,0.018310779705643654,0.22821949422359467,-0.9734147787094116,-0.2907453775405884,0.0072087496519088745,-0.07793641090393066,0.8671729564666748,-0.04570271447300911,-0.5540659427642822,-0.5804316401481628,-0.1325496882200241,-0.13847436010837555,1.000503420829773,-0.03858224302530289,-0.3328527808189392,0.13108153641223907,-0.7447216510772705,0.4091933071613312,-0.5368641018867493,-0.14999999999999997,-0.689269483089447,-0.31498515605926514,0.6891882419586182,-0.14999999999999997
2.7547824382781982,0.17740219831466675,0.6445424556732178,-0.009803119115531445,0.021726354956626892,0.22102445363998413,-0.9749768376350403,-0.26731935143470764,-0.008562600240111351,-0.07605176419019699,0.8272344470024109,-0.036114130169153214,-0.5304991006851196,-0.6107681393623352,-0.15522320568561554,-0.11712164431810379,1.052424430847168,-0.01365482434630394,-0.273587167263031,0.12668314576148987,-0.6782171130180359,0.47633516788482666,-0.4962509274482727,-0.14999999999999997,-0.7085673809051514,-0.3365030288696289,0.7006009221076965,-0.14999999999999997
2.7564685344696045,0.17973163723945618,0.6490424871444702,-0.013074737973511219,0.02366452105343342,0.21192525327205658,-0.9769118428230286,-0.24520058929920197,-0.02370871976017952,-0.08065968751907349,0.7819228172302246,-0.0285676009953022,-0.5033558011054993,-0.6536774635314941,-0.17467230558395386,-0.0822824239730835,1.12078058719635,0.021636532619595528,-0.21792703866958618,0.11135824769735336,-0.6170734763145447,0.5423744916915894,-0.4527038335800171,-0.14999999999999997,-0.7303638458251953,-0.3584847152233124,0.696796178817749,-0.14999999999999997
2.7577171325683594,0.18107645213603973,0.6538395285606384,-0.016532665118575096,0.0231674425303936,0.20117954909801483,-0.9791406989097595,-0.22733482718467712,-0.03720192611217499,-0.09233278781175613,0.7323646545410156,-0.02381182461977005,-0.47263386845588684,-0.7055237889289856,-0.18698588013648987,-0.035927608609199524,1.1953197717666626,0.05617768317461014,-0.21455149352550507,0.08699791133403778,-0.565658450126648,0.611333966255188,-0.41659241914749146,-0.14999999999999997,-0.7517123818397522,-0.37313997745513916,0.6806157827377319,-0.14999999999999997
2.7585251331329346,0.1815076619386673,0.6585133075714111,-0.019646503031253815,0.0208088681101799,0.18881134688854218,-0.9815962314605713,-0.21403715014457703,-0.04797794297337532,-0.11078362166881561,0.6825358867645264,-0.02149025723338127,-0.440728098154068,-0.7543588280677795,-0.19287416338920593,0.011763590388000011,1.2459664344787598,0.07732917368412018,-0.21505425870418549,0.05575728788971901,-0.5226632952690125,0.680842399597168,-0.389734148979187,-0.14999999999999997,-0.7685022950172424,-0.38245001435279846,0.6521632075309753,-0.14999999999999997
2.7592380046844482,0.18119561672210693,0.66253662109375,-0.02222319133579731,0.018329771235585213,0.17468731105327606,-0.9842024445533752,-0.20309706032276154,-0.056663479655981064,-0.13477081060409546,0.6372879147529602,-0.020599354058504105,-0.4109461307525635,-0.7888750433921814,-0.19718217849731445,0.05186859145760536,1.2609113454818726,0.08155892789363861,-0.1977277398109436,0.01861611381173134,-0.4805721044540405,0.7464026808738708,-0.36089950799942017,-0.14999999999999997,-0.7789694666862488,-0.39298078417778015,0.6144565343856812,-0.14999999999999997
2.7600138187408447,0.18018412590026855,0.6656225919723511,-0.02427956648170948,0.016161814332008362,0.16015838086605072,-0.9866602420806885,-0.19461014866828918,-0.06,-0.16149377822875977,0.6003000736236572,-0.021582147106528282,-0.3862749934196472,-0.8077253103256226,-0.19974200427532196,0.08553551137447357,1.2487850189208984,0.07415075600147247,-0.19101160764694214,-0.019859470427036285,-0.4341563880443573,0.8066338896751404,-0.3185606598854065,-0.14999999999999997,-0.7820709943771362,-0.41107428073883057,0.5698690414428711,-0.14999999999999997
2.7609050273895264,0.17852768301963806,0.6678993105888367,-0.026167497038841248,0.014146681874990463,0.1470557600259781,-0.9886807203292847,-0.1877536177635193,-0.06,-0.18648521602153778,0.5700852274894714,-0.023714017122983932,-0.36660438776016235,-0.813873291015625,-0.1984444111585617,0.11930983513593674,1.2160612344741821,0.0652947872877121,-0.1955823004245758,-0.05450165271759033,-0.3789965808391571,0.8595131635665894,-0.25855955481529236,-0.14999999999999997,-0.778440535068512,-0.4395900070667267,0.519485592842102,-0.14999999999999997
2.761850595474243,0.176350399851799,0.669777512550354,-0.028526993468403816,0.011911914683878422,0.1365308165550232,-0.9901533126831055,-0.18057683110237122,-0.06,-0.20651957392692566,0.5406892895698547,-0.02657586708664894,-0.3490760624408722,-0.8087571263313293,-0.19290094077587128,0.15671980381011963,1.1647250652313232,0.06126115843653679,-0.20329144597053528,-0.08279381692409515,-0.3161294758319855,0.9014677405357361,-0.18704919517040253,-0.0986514687538147,-0.7750905156135559,-0.47553426027297974,0.46863895654678345,-0.1383311152458191
2.762791872024536,0.17372585833072662,0.6715339422225952,-0.03179261460900307,0.009163287468254566,0.1289522796869278,-0.9910985827445984,-0.1715988665819168,-0.06,-0.22022365033626556,0.5071877837181091,-0.029845643788576126,-0.33088406920433044,-0.7926151156425476,-0.1841515749692917,0.19802209734916687,1.096436619758606,0.06396222859621048,-0.21262800693511963,-0.10521590709686279,-0.24714593589305878,0.9321017265319824,-0.11027411371469498,-0.025859517976641655,-0.7777793407440186,-0.5125042796134949,0.42213162779808044,-0.07943366467952728
2.763826608657837,0.17060743272304535,0.6732232570648193,-0.03588839992880821,0.006287725642323494,0.12338033318519592,-0.9916902780532837,-0.1593271642923355,-0.06,-0.22917620837688446,0.4680294096469879,-0.033581171184778214,-0.31110215187072754,-0.7642785906791687,-0.17535218596458435,0.23849746584892273,1.0126193761825562,0.06911627948284149,-0.2186318188905716,-0.12547196447849274,-0.16919651627540588,0.9551843404769897,-0.030536608770489693,0.05938024818897247,-0.7861071825027466,-0.5430842638015747,0.3778022825717926,-0.006506295874714851
2.765103340148926,0.16689160466194153,0.674653172492981,-0.04036611318588257,0.003808957990258932,0.11868160218000412,-0.992104172706604,-0.14406274259090424,-0.06,-0.235861137509346,0.4263516366481781,-0.03792264685034752,-0.2913779020309448,-0.7223283052444458,-0.16903534531593323,0.27206096053123474,0.9151372313499451,0.07150513678789139,-0.2198580503463745,-0.14660298824310303,-0.08005135506391525,0.974977970123291,0.04972631856799126,0.15581010282039642,-0.7963550686836243,-0.5639055371284485,0.32819613814353943,0.07902507483959198
2.766757011413574,0.16258743405342102,0.6755247712135315,-0.04509086161851883,0.002024814486503601,0.11356471478939056,-0.9925047755241394,-0.12785406410694122,-0.06,-0.24327029287815094,0.3873561918735504,-0.04284251108765602,-0.27413442730903625,-0.6674462556838989,-0.16767776012420654,0.29407742619514465,0.8089969754219055,0.06900784373283386,-0.21293561160564423,-0.17163725197315216,0.021296681836247444,0.9915987253189087,0.13106344640254974,0.26600244641304016,-0.8054428696632385,-0.5760027766227722,0.26524582505226135,0.16941434144973755
2.7687909603118896,0.1579131782054901,0.6754357814788818,-0.05051315575838089,0.0006083938060328364,0.10707255452871323,-0.9929669499397278,-0.11554841697216034,-0.06,-0.2541988790035248,0.35839396715164185,-0.04803198575973511,-0.26245006918907166,-0.6029948592185974,-0.173208087682724,0.3020394742488861,0.7004505395889282,0.062448080629110336,-0.19415301084518433,-0.20317204296588898,0.13465096056461334,1.0012836456298828,0.2166963815689087,0.3919432461261749,-0.8149495124816895,-0.582256555557251,0.18516044318675995,0.25758084654808044
2.7710623741149902,0.153006911277771,0.6746090054512024,-0.05636908486485481,-0.0011442314134910703,0.09886399656534195,-0.9935023784637451,-0.11068569123744965,-0.06,-0.26933860778808594,0.34199705719947815,-0.05404277518391609,-0.25582829117774963,-0.543538510799408,-0.18609455227851868,0.2995547652244568,0.6075481176376343,0.08286312222480774,-0.14061136543750763,-0.24264384806156158,0.2585628926753998,1.0003929138183594,0.3072878420352936,0.5289819240570068,-0.8281444907188416,-0.5829177498817444,0.08761727809906006,0.34283334016799927
2.7732245922088623,0.14757579565048218,0.6760269999504089,-0.055988457053899765,-0.0021193725988268852,0.08839766681194305,-0.9945081472396851,-0.10530725121498108,-0.06,-0.27364376187324524,0.32020437717437744,-0.06896167993545532,-0.24013715982437134,-0.5122297406196594,-0.19603605568408966,0.2760079503059387,0.5737833380699158,0.1632523387670517,-0.1357337087392807,-0.29325905442237854,0.402281254529953,0.9940128922462463,0.4067131578922272,0.6695220470428467,-0.842004120349884,-0.5710195302963257,-0.02296517789363861,0.4331272840499878
2.775585174560547,0.14253973960876465,0.6788279414176941,-0.05156264454126358,-0.0012537665897980332,0.07659730315208435,-0.9957270622253418,-0.0976518988609314,-0.042767319828271866,-0.2600918412208557,0.2925029397010803,-0.0834968090057373,-0.2149171084165573,-0.47523584961891174,-0.19601120054721832,0.22683702409267426,0.5464596152305603,0.14436544477939606,-0.1330891102552414,-0.35160964727401733,0.5566616058349609,0.9767048358917236,0.5015989542007446,0.8131551742553711,-0.8612491488456726,-0.5534520149230957,-0.13456380367279053,0.5240009427070618
2.777920961380005,0.13829949498176575,0.6816526651382446,-0.04581214115023613,-0.0001152321055997163,0.06419249624013901,-0.996885359287262,-0.09177649766206741,-0.01309154462069273,-0.23178501427173615,0.29000000000000004,-0.09765758365392685,-0.1958656758069992,-0.433733731508255,-0.19369982182979584,0.17619919776916504,0.5130698680877686,0.13371476531028748,-0.1279670000076294,-0.41450953483581543,0.7078038454055786,0.9427268505096436,0.5838664770126343,0.9527064561843872,-0.8892116546630859,-0.5331361293792725,-0.237364262342453,0.6037485599517822
2.7798476219177246,0.1351272314786911,0.6840977668762207,-0.04010985046625137,-0.0002602627209853381,0.05248202756047249,-0.9978159666061401,-0.09255459159612656,0.014762786217033863,-0.19167068600654602,0.29000000000000004,-0.11046828329563141,-0.18480752408504486,-0.396405965089798,-0.1897716075181961,0.12936066091060638,0.47699490189552307,0.12535765767097473,-0.11962911486625671,-0.4777512848377228,0.8423215746879578,0.8924424052238464,0.6465688347816467,1.0842376947402954,-0.9239696860313416,-0.5072707533836365,-0.3288116753101349,0.6647856831550598
2.781424045562744,0.13298407196998596,0.685731828212738,-0.034626226872205734,-0.001188427209854126,0.04120529070496559,-0.9985496997833252,-0.09366988390684128,0.04054315388202667,-0.1469210982322693,0.29000000000000004,-0.11765758693218231,-0.16598832607269287,-0.36632204055786133,-0.18495920300483704,0.08807756751775742,0.4465313255786896,0.11942949146032333,-0.1126215010881424,-0.5413295030593872,0.9627452492713928,0.8277428150177002,0.698905348777771,1.1955922842025757,-0.9603439569473267,-0.47423553466796875,-0.40694063901901245,0.7092822790145874
2.782693862915039,0.1317441761493683,0.6863937973976135,-0.029003312811255455,-0.0024054204113781452,0.031349994242191315,-0.9990846514701843,-0.09432061016559601,0.06402501463890076,-0.10392343252897263,0.29000000000000004,-0.12049291282892227,-0.14401157200336456,-0.3445117175579071,-0.1784195750951767,0.0542869009077549,0.4252745807170868,0.11534328758716583,-0.10868188738822937,-0.5992689728736877,1.0734714269638062,0.7575485706329346,0.7424813508987427,1.2798157930374146,-0.9961367249488831,-0.44199642539024353,-0.46747907996177673,0.7502506375312805
2.783754587173462,0.13117043673992157,0.6865071058273315,-0.023003222420811653,-0.0033559191506356,0.024610722437500954,-0.9994267225265503,-0.09322754293680191,0.08597022294998169,-0.06645162403583527,0.29000000000000004,-0.12366202473640442,-0.11574098467826843,-0.32712888717651367,-0.16920040547847748,0.028891362249851227,0.40741682052612305,0.11240687221288681,-0.10466483235359192,-0.644611656665802,1.1723469495773315,0.6903931498527527,0.7722222208976746,1.3410581350326538,-1.0278587341308594,-0.4148334562778473,-0.5088691115379333,0.7890909910202026
2.7848012447357178,0.13121876120567322,0.6868420839309692,-0.018443439155817032,-0.0037370671052485704,0.021305060014128685,-0.9995958805084229,-0.09060640633106232,0.10271994024515152,-0.045348331332206726,0.29000000000000004,-0.14052078127861023,-0.11106454581022263,-0.3106815814971924,-0.16167791187763214,0.012123334221541882,0.3871934711933136,0.11102573573589325,-0.0979078859090805,-0.6780856847763062,1.249860167503357,0.6250166893005371,0.7818582057952881,1.3832272291183472,-1.0556055307388306,-0.3875012993812561,-0.5306277275085449,0.8167706727981567
2.7859840393066406,0.1317140907049179,0.6874716877937317,-0.016186537221074104,-0.003369238693267107,0.020873503759503365,-0.9996454119682312,-0.0825715959072113,0.10878875106573105,-0.03514038398861885,0.29000000000000004,-0.14328314363956451,-0.10765886306762695,-0.29574576020240784,-0.15819185972213745,0.003695873776450753,0.3676728308200836,0.11128881573677063,-0.0905161052942276,-0.7039214372634888,1.3053522109985352,0.5577335953712463,0.7775378227233887,1.4005991220474243,-1.081037998199463,-0.3531622588634491,-0.5365960597991943,0.8270167112350464
2.7872049808502197,0.13237488269805908,0.6880350112915039,-0.01546018011868,-0.0028427259530872107,0.021656544879078865,-0.9996417164802551,-0.07124833762645721,0.10955839604139328,-0.028798753395676613,0.29000000000000004,-0.14209744334220886,-0.10335814952850342,-0.28496450185775757,-0.157658651471138,0.00032999477116391063,0.35374218225479126,0.11223161965608597,-0.08533161878585815,-0.7260186672210693,1.3466157913208008,0.49022093415260315,0.7744062542915344,1.3853532075881958,-1.1071890592575073,-0.311947762966156,-0.5334779024124146,0.8225136995315552
2.7882378101348877,0.13317427039146423,0.6884281039237976,-0.015525293536484241,-0.0028445585630834103,0.021577928215265274,-0.9996424913406372,-0.06228867545723915,0.1081189438700676,-0.02477485127747059,0.29000000000000004,-0.140437051653862,-0.09812896698713303,-0.27876177430152893,-0.15943069756031036,-0.002079145284369588,0.34567907452583313,0.11380348354578018,-0.08290910720825195,-0.7461159229278564,1.3775835037231445,0.4305790364742279,0.7787014842033386,1.3404872417449951,-1.1377640962600708,-0.26904940605163574,-0.5268048048019409,0.8093276023864746
2.7890305519104004,0.13407698273658752,0.6887064576148987,-0.015805119648575783,-0.0033619864843785763,0.0204501673579216,-0.9996602535247803,-0.05766082927584648,0.10583372414112091,-0.024280425161123276,0.29000000000000004,-0.13839998841285706,-0.09366725385189056,-0.2750706374645233,-0.1622592955827713,-0.005292334593832493,0.3402618169784546,0.11568386852741241,-0.08163565397262573,-0.7625132203102112,1.3986053466796875,0.38486766815185547,0.7884880900382996,1.2757090330123901,-1.172253966331482,-0.22736594080924988,-0.5185791254043579,0.7886717915534973
2.7896862030029297,0.1349838674068451,0.6889176368713379,-0.01588447578251362,-0.004108709748834372,0.019004201516509056,-0.9996846914291382,-0.056387387216091156,0.10395538806915283,-0.02592157945036888,0.29000000000000004,-0.13681477308273315,-0.09105952829122543,-0.27200448513031006,-0.16472607851028442,-0.009075235575437546,0.3350447714328766,0.11748924851417542,-0.08029317855834961,-0.7735913991928101,1.4096206426620483,0.35195350646972656,0.8015077710151672,1.1945323944091797,-1.2072222232818604,-0.18627800047397614,-0.5067073106765747,0.7584985494613647
2.7903127670288086,0.13583797216415405,0.6890987157821655,-0.015730546787381172,-0.004957352764904499,0.0175564456731081,-0.9997097849845886,-0.057388145476579666,0.1026582345366478,-0.028674611821770668,0.29000000000000004,-0.13532455265522003,-0.0903514102101326,-0.26888635754585266,-0.16653412580490112,-0.013171985745429993,0.3293638527393341,0.11907516419887543,-0.07865284383296967,-0.7790940403938293,1.4104152917861938,0.3282840847969055,0.8167876601219177,1.098343849182129,-1.2395572662353516,-0.14530470967292786,-0.48735564947128296,0.7187392711639404
2.7909512519836426,0.13663935661315918,0.6892428398132324,-0.015397843904793262,-0.00599462678655982,0.015897236764431,-0.9997369647026062,-0.060977060347795486,0.10177984088659286,-0.03300812467932701,0.29000000000000004,-0.13398292660713196,-0.09144624322652817,-0.26599347591400146,-0.1679062843322754,-0.017792249098420143,0.3237246870994568,0.12051502615213394,-0.07710377126932144,-0.7793861031532288,1.4015345573425293,0.311264306306839,0.8325898051261902,0.9891656041145325,-1.2676911354064941,-0.10550293326377869,-0.45784905552864075,0.6713392734527588
2.791656494140625,0.1374257206916809,0.6893540620803833,-0.014984006993472576,-0.007177521474659443,0.013676455244421959,-0.9997683167457581,-0.06638216227293015,0.1009904220700264,-0.039215244352817535,0.29000000000000004,-0.13273918628692627,-0.09356097877025604,-0.26314878463745117,-0.16932512819766998,-0.02349304035305977,0.31861692667007446,0.12195616215467453,-0.07615963369607925,-0.7748968005180359,1.3843919038772583,0.30001741647720337,0.8466284275054932,0.8701621890068054,-1.2922283411026,-0.0687023475766182,-0.417144775390625,0.6194915771484375
2.7925069332122803,0.13822905719280243,0.6894444823265076,-0.014683905057609081,-0.008351895026862621,0.010561802424490452,-0.9998014569282532,-0.07193796336650848,0.09976876527070999,-0.04717940464615822,0.29000000000000004,-0.1314195990562439,-0.09537862241268158,-0.26009005308151245,-0.17149648070335388,-0.030725879594683647,0.3149050176143646,0.12359191477298737,-0.07656996697187424,-0.7665597796440125,1.360187292098999,0.2939099073410034,0.8574615120887756,0.7455794811248779,-1.3140592575073242,-0.03546490520238876,-0.36595091223716736,0.5653412342071533
2.793560028076172,0.1390571892261505,0.6895042657852173,-0.01467182394117117,-0.009422681294381618,0.006369732785969973,-0.9998275637626648,-0.076618991792202,0.09771115332841873,-0.05680223926901817,0.29000000000000004,-0.12996216118335724,-0.0961797684431076,-0.2569807171821594,-0.17495138943195343,-0.0395364984869957,0.31373363733291626,0.12555763125419617,-0.07908300310373306,-0.7554497122764587,1.3297420740127563,0.2917698323726654,0.8638654947280884,0.6184173822402954,-1.3327319622039795,-0.03,-0.3068099319934845,0.5072824358940125
2.79484486579895,0.13990765810012817,0.6895252466201782,-0.014955375343561172,-0.010372983291745186,0.0011323136277496815,-0.9998336434364319,-0.08044732362031937,0.09481777250766754,-0.06806953996419907,0.29000000000000004,-0.1283867359161377,-0.09619615972042084,-0.2537948787212372,-0.17969034612178802,-0.049862492829561234,0.3152596354484558,0.12781737744808197,-0.08384152501821518,-0.7417857646942139,1.2932161092758179,0.2925280034542084,0.8643335700035095,0.48909252882003784,-1.3472005128860474,-0.03,-0.24210003018379211,0.44220924377441406
2.7963664531707764,0.14079682528972626,0.6895127296447754,-0.015422003343701363,-0.011231396347284317,-0.004988803993910551,-0.9998054504394531,-0.08386317640542984,0.0913270115852356,-0.08090206980705261,0.29000000000000004,-0.12671241164207458,-0.0960082858800888,-0.2501523196697235,-0.18538236618041992,-0.061673108488321304,0.3185804486274719,0.13043607771396637,-0.09029839932918549,-0.7247579097747803,1.250251293182373,0.29550662636756897,0.8571224212646484,0.3554065525531769,-1.356784462928772,-0.03,-0.17249077558517456,0.36867454648017883
2.7980854511260986,0.14178264141082764,0.6894656419754028,-0.016034560278058052,-0.01210656389594078,-0.0118034603074193,-0.9997283816337585,-0.08741080015897751,0.08722593635320663,-0.09511569887399673,0.29000000000000004,-0.12488029152154922,-0.09594432264566422,-0.2461272031068802,-0.19189657270908356,-0.07467002421617508,0.3229910731315613,0.13345392048358917,-0.09789929538965225,-0.7030670046806335,1.199862003326416,0.301281601190567,0.8396793007850647,0.21642743051052094,-1.3614948987960815,-0.03,-0.09686602652072906,0.2879995107650757
2.7999002933502197,0.14294126629829407,0.6893749237060547,-0.016853468492627144,-0.01315307803452015,-0.0189566258341074,-0.9995916485786438,-0.09158385545015335,0.08225254714488983,-0.11012089997529984,0.29000000000000004,-0.12275037914514542,-0.09608271718025208,-0.2425202876329422,-0.19929328560829163,-0.08785651624202728,0.328378826379776,0.1369514763355255,-0.10621901601552963,-0.6752495169639587,1.140767216682434,0.3120401203632355,0.8081347346305847,0.07551199942827225,-1.361454963684082,-0.03,-0.012741026468575,0.2041730433702469
2.8017144203186035,0.1442897468805313,0.6892311573028564,-0.01781976968050003,-0.01441182754933834,-0.025962449610233307,-0.9994000792503357,-0.09665539115667343,0.07651375234127045,-0.12506277859210968,0.29000000000000004,-0.12027022987604141,-0.09690576791763306,-0.23975589871406555,-0.2072339504957199,-0.10024668276309967,0.3342971205711365,0.140870600938797,-0.11461750417947769,-0.6403294205665588,1.0732606649398804,0.32940271496772766,0.7600712776184082,-0.0623590387403965,-1.3550119400024414,-0.03,0.08094897866249084,0.12093354016542435
2.8035364151000977,0.14575406908988953,0.6890226602554321,-0.018764076754450798,-0.015603246167302132,-0.032398372888565063,-0.9991770386695862,-0.10271145403385162,0.07047030329704285,-0.1393774449825287,0.29000000000000004,-0.11764771491289139,-0.09967135637998581,-0.2372656911611557,-0.2150457203388214,-0.11134405434131622,0.3404531180858612,0.14498978853225708,-0.12291572242975235,-0.5979699492454529,0.9988923072814941,0.3537794053554535,0.6955967545509338,-0.14999999999999997,-1.336629033088684,-0.03,0.18188200891017914,0.038826216012239456
2.8054089546203613,0.14725252985954285,0.6887147426605225,-0.01953228749334812,-0.01641625352203846,-0.03826368227601051,-0.9989418387413025,-0.11018115282058716,0.06445007771253586,-0.15344558656215668,0.29000000000000004,-0.11513905227184296,-0.10576680302619934,-0.2349970042705536,-0.22229550778865814,-0.12117874622344971,0.34829869866371155,0.14787206053733826,-0.1316853165626526,-0.5494733452796936,0.9192343950271606,0.3837068974971771,0.6190795302391052,-0.14999999999999997,-1.2998526096343994,-0.03,0.28387901186943054,-0.041802335530519485
2.807267904281616,0.1486906111240387,0.6883018016815186,-0.020061874762177467,-0.016273530200123787,-0.04401148855686188,-0.9986969828605652,-0.11809852719306946,0.0586700513958931,-0.16790734231472015,0.29000000000000004,-0.11274956911802292,-0.11507007479667664,-0.23281845450401306,-0.22890248894691467,-0.13095404207706451,0.36080631613731384,0.14504991471767426,-0.14349104464054108,-0.49828824400901794,0.8288374543190002,0.4254613220691681,0.5355028510093689,-0.14999999999999997,-1.2405476570129395,-0.03,0.37955617904663086,-0.11621837317943573
2.8091044425964355,0.15016426146030426,0.6877245306968689,-0.020319106057286263,-0.015308291651308537,-0.050196677446365356,-0.9984152913093567,-0.12747204303741455,0.05277078598737717,-0.18418708443641663,0.29000000000000004,-0.11051516234874725,-0.12777170538902283,-0.2327352613210678,-0.2354383021593094,-0.14110520482063293,0.3816736936569214,0.13398967683315277,-0.15928299725055695,-0.4476604461669922,0.733496367931366,0.46828705072402954,0.4539293348789215,-0.14999999999999997,-1.1589435338974,-0.03,0.45960310101509094,-0.14999999999999997
2.810883045196533,0.15173406898975372,0.6869951486587524,-0.020390355959534645,-0.013849751092493534,-0.05784931778907776,-0.9980208873748779,-0.13877689838409424,0.04615732282400131,-0.2041238397359848,0.29000000000000004,-0.10835060477256775,-0.14206644892692566,-0.23797142505645752,-0.2434915006160736,-0.1517924666404724,0.4161604046821594,0.11779451370239258,-0.17735052108764648,-0.39904457330703735,0.6353634595870972,0.5103969573974609,0.3730989098548889,-0.14999999999999997,-1.055639624595642,-0.03,0.5164466500282288,-0.14999999999999997
2.8125433921813965,0.15337222814559937,0.686301589012146,-0.019962605088949203,-0.012029583565890789,-0.0677269771695137,-0.9974315762519836,-0.15032687783241272,0.039667341858148575,-0.22844256460666656,0.29000000000000004,-0.10644566267728806,-0.1550692766904831,-0.2512003183364868,-0.2536221742630005,-0.16027478873729706,0.4682038426399231,0.10618201643228531,-0.1902463436126709,-0.354373574256897,0.5353886485099792,0.5549318790435791,0.2933633029460907,-0.14999999999999997,-0.9351819753646851,-0.03,0.5467813014984131,-0.14999999999999997
2.814157247543335,0.1550397127866745,0.6858379244804382,-0.01895243301987648,-0.009825064800679684,-0.07931036502122879,-0.9966212511062622,-0.15951135754585266,0.03412282094359398,-0.25528523325920105,0.29000000000000004,-0.10487222671508789,-0.1649659276008606,-0.26846829056739807,-0.26497682929039,-0.1671116054058075,0.5300130248069763,0.10039376467466354,-0.1930166631937027,-0.31420692801475525,0.4397653043270111,0.5956534147262573,0.22574970126152039,-0.14999999999999997,-0.8056386709213257,-0.03,0.5554476380348206,-0.14999999999999997
2.815622568130493,0.15673649311065674,0.6857202053070068,-0.017607256770133972,-0.008116264827549458,-0.09087949991226196,-0.9956730604171753,-0.1659725457429886,0.02977272868156433,-0.28080496191978455,0.2970643639564514,-0.10334254801273346,-0.17035771906375885,-0.28555768728256226,-0.2758396863937378,-0.17315363883972168,0.5879681706428528,0.09243825823068619,-0.19112418591976166,-0.2765210270881653,0.3532678186893463,0.6245605945587158,0.18474401533603668,-0.14999999999999997,-0.6784650087356567,-0.03,0.5504783987998962,-0.14999999999999997
2.816579818725586,0.15846452116966248,0.6858940124511719,-0.01621267944574356,-0.008533363230526447,-0.10131505131721497,-0.9946855902671814,-0.17362505197525024,0.025903433561325073,-0.30355867743492126,0.3032098710536957,-0.1017192006111145,-0.170583114027977,-0.30420389771461487,-0.2854098677635193,-0.17786404490470886,0.6349252462387085,0.07635042816400528,-0.18435710668563843,-0.23885370790958405,0.275064080953598,0.6391139030456543,0.17256253957748413,-0.14999999999999997,-0.5612826943397522,-0.0701502338051796,0.5364976525306702,-0.14999999999999997
2.816887140274048,0.16021692752838135,0.6861831545829773,-0.014870977029204369,-0.011553113348782063,-0.1106971725821495,-0.993675708770752,-0.18550215661525726,0.021603168919682503,-0.3246387243270874,0.30451852083206177,-0.10000697523355484,-0.1668575257062912,-0.3268486559391022,-0.2940416634082794,-0.17841242253780365,0.672953188419342,0.06295102834701538,-0.17377464473247528,-0.2003372758626938,0.2015354484319687,0.6422647833824158,0.18153898417949677,-0.14999999999999997,-0.4541831612586975,-0.12889783084392548,0.5133332014083862,-0.14999999999999997
2.816755771636963,0.162044957280159,0.6863617300987244,-0.013731136918067932,-0.016144439578056335,-0.11934898793697357,-0.9926260113716125,-0.20113275945186615,0.015968533232808113,-0.3449157178401947,0.305678129196167,-0.09814132750034332,-0.1620919555425644,-0.3514750301837921,-0.3026711940765381,-0.17690259218215942,0.7047362327575684,0.05505576729774475,-0.16173800826072693,-0.16173367202281952,0.13234838843345642,0.6374089121818542,0.20588503777980804,-0.14999999999999997,-0.3548622131347656,-0.18786422908306122,0.4785236716270447,-0.14385904371738434
2.816458225250244,0.1639709174633026,0.6863004565238953,-0.012835027649998665,-0.02105531096458435,-0.12698103487491608,-0.9915985465049744,-0.21843942999839783,0.008959302678704262,-0.3635905683040619,0.30998653173446655,-0.0961565151810646,-0.15899160504341125,-0.375476211309433,-0.31114068627357483,-0.1731182187795639,0.7321367859840393,0.05172615125775337,-0.15065675973892212,-0.12366613000631332,0.0711510181427002,0.6264484524726868,0.24598637223243713,-0.14999999999999997,-0.2628982961177826,-0.24334852397441864,0.43030259013175964,-0.1259392499923706
2.816018581390381,0.1659555584192276,0.6859094500541687,-0.012072263285517693,-0.025943106040358543,-0.1330331414937973,-0.9906983375549316,-0.2377527505159378,0.0007090857834555209,-0.3798312842845917,0.3203953802585602,-0.09403632581233978,-0.1594121903181076,-0.3995753228664398,-0.318371444940567,-0.1639944314956665,0.7572207450866699,0.05118881165981293,-0.14130540192127228,-0.085880808532238,0.018291061744093895,0.6102467775344849,0.2989163398742676,-0.14999999999999997,-0.17890353500843048,-0.29265666007995605,0.37025827169418335,-0.11872430145740509
2.815357208251953,0.1679917275905609,0.6851478219032288,-0.011311328038573265,-0.03077699989080429,-0.1378202587366104,-0.9899142980575562,-0.25982865691185,-0.008858652785420418,-0.3944445550441742,0.33792904019355774,-0.09183262288570404,-0.1636093556880951,-0.42533549666404724,-0.32446980476379395,-0.14995181560516357,0.7822172045707703,0.05324520543217659,-0.13302654027938843,-0.04934203624725342,-0.029463795945048332,0.5896037817001343,0.35709503293037415,-0.14999999999999997,-0.10145223885774612,-0.3349139392375946,0.301205039024353,-0.12160731106996536
2.814476490020752,0.17010565102100372,0.6840640902519226,-0.010583153925836086,-0.035256367176771164,-0.1422855108976364,-0.9891409277915955,-0.28339672088623047,-0.01981261558830738,-0.408773809671402,0.360580712556839,-0.0895809531211853,-0.17025406658649445,-0.451828271150589,-0.3307952880859375,-0.13518647849559784,0.8079792857170105,0.05847467854619026,-0.12466227263212204,-0.01612851954996586,-0.07475054264068604,0.5653786659240723,0.4151708483695984,-0.14999999999999997,-0.027719059959053993,-0.3706628680229187,0.22465549409389496,-0.13130943477153778
2.8134214878082275,0.17228257656097412,0.682746946811676,-0.009928635321557522,-0.039124295115470886,-0.14706693589687347,-0.9883025288581848,-0.30676767230033875,-0.031917862594127655,-0.4234828054904938,0.38570666313171387,-0.08734659105539322,-0.17789235711097717,-0.47760823369026184,-0.3381898105144501,-0.12246818095445633,0.8345329165458679,0.06629634648561478,-0.11568037420511246,0.012112895026803017,-0.11751503497362137,0.538042426109314,0.4736630618572235,-0.14999999999999997,0.0433020144701004,-0.4005022943019867,0.1416846066713333,-0.14358393847942352
2.812168836593628,0.1744358092546463,0.681236743927002,-0.00912883784621954,-0.04259909316897392,-0.15202565491199493,-0.9874157905578613,-0.3303768038749695,-0.04458262026309967,-0.4384966790676117,0.41289058327674866,-0.08523815125226974,-0.1862165927886963,-0.5027592778205872,-0.34570446610450745,-0.11116855591535568,0.8610383868217468,0.0747528001666069,-0.10635241121053696,0.03551264479756355,-0.15692244470119476,0.5081653594970703,0.5358387231826782,-0.14999999999999997,0.10931181907653809,-0.4244857430458069,0.05284376069903374,-0.14999999999999997
2.8106648921966553,0.17649739980697632,0.6795752048492432,-0.007981553673744202,-0.0460408590734005,-0.15679839253425598,-0.9865245819091797,-0.3548174500465393,-0.057171307504177094,-0.4533463716506958,0.44141823053359985,-0.08344470709562302,-0.19485417008399963,-0.5276668667793274,-0.35210058093070984,-0.10007059574127197,0.8861293792724609,0.08228224515914917,-0.09714722633361816,0.05480453744530678,-0.19224999845027924,0.4765551686286926,0.603718638420105,-0.14999999999999997,0.16681411862373352,-0.4420453906059265,-0.041386060416698456,-0.14999999999999997
2.8089075088500977,0.1784892976284027,0.6778395771980286,-0.006620584987103939,-0.04952286556363106,-0.16151651740074158,-0.9856043457984924,-0.37933120131492615,-0.06,-0.46794643998146057,0.46929916739463806,-0.08187179267406464,-0.20269806683063507,-0.5517107844352722,-0.357679158449173,-0.0895838662981987,0.9088620543479919,0.08820512145757675,-0.08857392519712448,0.06939775496721268,-0.22225186228752136,0.4446165859699249,0.6774470806121826,-0.14999999999999997,0.2134205400943756,-0.4525417983531952,-0.1399468630552292,-0.14999999999999997
2.806927442550659,0.18043678998947144,0.6760672330856323,-0.00523722218349576,-0.05300373584032059,-0.1665574312210083,-0.9845921397209167,-0.40324902534484863,-0.06,-0.4827110469341278,0.49536749720573425,-0.08043759316205978,-0.20905983448028564,-0.5743862390518188,-0.3632371723651886,-0.08034098148345947,0.9294252991676331,0.092100128531456,-0.08107084035873413,0.07809314131736755,-0.24580825865268707,0.41484329104423523,0.756018340587616,-0.14999999999999997,0.24763166904449463,-0.4553526043891907,-0.24174095690250397,-0.14999999999999997
2.8047406673431396,0.18230561912059784,0.674258828163147,-0.0037106843665242195,-0.05652858316898346,-0.17177726328372955,-0.9835055470466614,-0.4269275963306427,-0.06,-0.49760881066322327,0.5201500058174133,-0.07926972955465317,-0.21428118646144867,-0.5963411331176758,-0.3682727515697479,-0.0715075358748436,0.9486684203147888,0.09369620680809021,-0.07428696751594543,0.08140429109334946,-0.2634243369102478,0.38997188210487366,0.837121307849884,-0.14999999999999997,0.2690494954586029,-0.450019508600235,-0.34704264998435974,-0.14999999999999997
2.8023862838745117,0.18406610190868378,0.6724472045898438,-0.0017965100705623627,-0.059997186064720154,-0.17657190561294556,-0.9824557304382324,-0.4504470229148865,-0.06,-0.5117840766906738,0.5444120764732361,-0.07839221507310867,-0.2190951704978943,-0.6187942028045654,-0.37156689167022705,-0.06127964332699776,0.9677003026008606,0.09332840889692307,-0.06648896634578705,0.08120043575763702,-0.2763366103172302,0.37228718400001526,0.9183773994445801,-0.14999999999999997,0.27828851342201233,-0.4370808005332947,-0.4560914635658264,-0.14999999999999997
2.799945592880249,0.18574440479278564,0.670711874961853,0.0005216007120907307,-0.06306445598602295,-0.18051405251026154,-0.9815483689308167,-0.4727367162704468,-0.06,-0.5242922902107239,0.5678994655609131,-0.07763373851776123,-0.22381480038166046,-0.642531156539917,-0.37271273136138916,-0.04855505749583244,0.9875754714012146,0.09102325886487961,-0.055413369089365005,0.07877817749977112,-0.2849847972393036,0.363072007894516,0.9988292455673218,-0.14999999999999997,0.27607256174087524,-0.4183627963066101,-0.5668779611587524,-0.14999999999999997
2.797498941421509,0.18739239871501923,0.6691473722457886,0.0030470038764178753,-0.06534776091575623,-0.18344129621982574,-0.980851411819458,-0.4923279881477356,-0.06,-0.5344151854515076,0.5897139310836792,-0.07681713998317719,-0.2282526046037674,-0.6671602129936218,-0.37177368998527527,-0.03278099000453949,1.0083006620407104,0.08479081094264984,-0.03956875950098038,0.07449762523174286,-0.28886333107948303,0.36253052949905396,1.0788220167160034,-0.14999999999999997,0.2624356746673584,-0.39631372690200806,-0.6754791140556335,-0.14999999999999997
2.795067310333252,0.18907664716243744,0.6678322553634644,0.0056022051721811295,-0.06666924059391022,-0.18522852659225464,-0.9804152846336365,-0.5083591938018799,-0.06,-0.5415400266647339,0.6090767979621887,-0.07546789199113846,-0.23224672675132751,-0.69190514087677,-0.36866918206214905,-0.013948001898825169,1.0293166637420654,0.07416696846485138,-0.019372498616576195,0.06852398812770844,-0.28719472885131836,0.369903028011322,1.158902645111084,-0.14999999999999997,0.2364208698272705,-0.37290117144584656,-0.7780820727348328,-0.14999999999999997
2.792600154876709,0.19082361459732056,0.6666927933692932,0.007991086691617966,-0.06718187779188156,-0.18589937686920166,-0.9802366495132446,-0.5214338898658752,-0.06,-0.5456728339195251,0.6265010237693787,-0.07360698282718658,-0.23585355281829834,-0.7166082262992859,-0.362640917301178,0.008792273700237274,1.049001932144165,0.05452754348516464,0.0029718116857111454,0.06118225306272507,-0.28005293011665344,0.38314294815063477,1.2379381656646729,-0.14999999999999997,0.19694830477237701,-0.3494453430175781,-0.8728416562080383,-0.14999999999999997
2.7900125980377197,0.1926630586385727,0.6655902862548828,0.010016432031989098,-0.0670933723449707,-0.18570956587791443,-0.9802602529525757,-0.5324917435646057,-0.06,-0.5472307205200195,0.642877459526062,-0.07118623703718185,-0.23919737339019775,-0.7412375807762146,-0.3546968102455139,0.034967970103025436,1.0682950019836426,0.03143151104450226,0.02709677815437317,0.052883047610521317,-0.26818275451660156,0.39937928318977356,1.31215238571167,-0.14999999999999997,0.14403283596038818,-0.32682347297668457,-0.9590924978256226,-0.14999999999999997
2.787250280380249,0.1945503056049347,0.6643441915512085,0.011515707708895206,-0.0666329637169838,-0.18480171263217926,-0.9804465770721436,-0.5427278280258179,-0.06,-0.5465327501296997,0.6595531702041626,-0.06822565197944641,-0.24266205728054047,-0.7661610841751099,-0.3457714915275574,0.0638422816991806,1.0874314308166504,0.010065952315926552,0.05205684155225754,0.04444179683923721,-0.2529717981815338,0.41618281602859497,1.3767074346542358,-0.13792657852172852,0.07891104370355606,-0.3060567080974579,-1.0354100465774536,-0.14999999999999997
2.7842819690704346,0.1963571310043335,0.6627395153045654,0.012247116304934025,-0.06619679182767868,-0.18304048478603363,-0.9807976484298706,-0.5535431504249573,-0.06,-0.5434698462486267,0.6776720881462097,-0.06509245187044144,-0.24676115810871124,-0.7925868630409241,-0.3364098072052002,0.09580720961093903,1.1070536375045776,-0.006430911831557751,0.07631206512451172,0.037156842648983,-0.23617109656333923,0.43211930990219116,1.429052472114563,-0.10109400749206543,0.004896351136267185,-0.28849339485168457,-1.1002967357635498,-0.14999999999999997
2.781132221221924,0.1979663074016571,0.6607314944267273,0.011734822764992714,-0.06607791781425476,-0.18026024103164673,-0.981326699256897,-0.5650126338005066,-0.06,-0.5372121334075928,0.6963088512420654,-0.061715494841337204,-0.251006156206131,-0.8212581276893616,-0.3259356915950775,0.1297849416732788,1.1282672882080078,-0.016034552827477455,0.09517031162977219,0.03179378807544708,-0.21865683794021606,0.4464702010154724,1.470484733581543,-0.06399938464164734,-0.0736602321267128,-0.27636590600013733,-1.152056336402893,-0.14999999999999997
2.7778267860412598,0.19933149218559265,0.6585343480110168,0.009614557027816772,-0.0664103552699089,-0.1764158457517624,-0.9820258021354675,-0.5759246349334717,-0.06,-0.5270615816116333,0.712348222732544,-0.05799809843301773,-0.2538970708847046,-0.8532425761222839,-0.3147067427635193,0.16552703082561493,1.1561130285263062,-0.01806933805346489,0.08917085826396942,0.028823742642998695,-0.20120131969451904,0.45890066027641296,1.5031403303146362,-0.02716844156384468,-0.15220412611961365,-0.27125176787376404,-1.1909708976745605,-0.14999999999999997
2.774437427520752,0.20044945180416107,0.6563410758972168,0.005852791015058756,-0.067013680934906,-0.17159773409366608,-0.9828677177429199,-0.5850850939750671,-0.06,-0.5130043625831604,0.7241286039352417,-0.05392478033900261,-0.25484699010849,-0.8866941928863525,-0.30365800857543945,0.201089546084404,1.1872504949569702,-0.015829993411898613,0.06690511852502823,0.02870594523847103,-0.1844194233417511,0.46981483697891235,1.52841317653656,0.010146602056920528,-0.22588945925235748,-0.2726207971572876,-1.220350980758667,-0.14999999999999997
2.7710764408111572,0.20131869614124298,0.6541851758956909,0.0005411186721175909,-0.06751689314842224,-0.1662120372056961,-0.9837756752967834,-0.5917360782623291,-0.06,-0.4958626329898834,0.7319034337997437,-0.049655601382255554,-0.2541029155254364,-0.9186004400253296,-0.29409411549568176,0.23437757790088654,1.217214584350586,-0.012800313532352448,0.03962918743491173,0.031010739505290985,-0.1682516485452652,0.4796903133392334,1.5477774143218994,0.048951514065265656,-0.29026949405670166,-0.27904170751571655,-1.2442141771316528,-0.14999999999999997
2.767824649810791,0.20191596448421478,0.6520645022392273,-0.006207490339875221,-0.06763484328985214,-0.1607753485441208,-0.9846512675285339,-0.5954399108886719,-0.06,-0.4767562448978424,0.7360990047454834,-0.04537847265601158,-0.25194957852363586,-0.9470235705375671,-0.28713592886924744,0.26484936475753784,1.2445414066314697,-0.01024316344410181,0.013341357931494713,0.034306615591049194,-0.1521008461713791,0.48914673924446106,1.563028335571289,0.09055384993553162,-0.34268808364868164,-0.28886520862579346,-1.265232801437378,-0.14999999999999997
2.7647275924682617,0.20217114686965942,0.6500285863876343,-0.014173169620335102,-0.06723155081272125,-0.1551932543516159,-0.9854917526245117,-0.5960584878921509,-0.06,-0.45596393942832947,0.7368859648704529,-0.041300177574157715,-0.2486908733844757,-0.9713192582130432,-0.2819715142250061,0.2941824793815613,1.2700467109680176,-0.006440422963351011,-0.01140307541936636,0.03784012421965599,-0.1354912519454956,0.4985008239746094,1.575268268585205,0.1353386640548706,-0.38270625472068787,-0.29999640583992004,-1.285162329673767,-0.14999999999999997
2.7618446350097656,0.20200228691101074,0.6481558680534363,-0.02317655272781849,-0.0661434680223465,-0.14931529760360718,-0.9863024950027466,-0.5931788682937622,-0.06,-0.4336068630218506,0.7341130971908569,-0.03768869489431381,-0.24450676143169403,-0.9904311299324036,-0.27747151255607605,0.32395368814468384,1.2946351766586304,0.0020817690528929234,-0.039360277354717255,0.04033535718917847,-0.1169813722372055,0.5078244805335999,1.5854778289794922,0.1841057389974594,-0.41083285212516785,-0.30932939052581787,-1.3044859170913696,-0.14999999999999997
2.759136199951172,0.20124007761478424,0.6463735103607178,-0.032824378460645676,-0.06467664986848831,-0.1430179476737976,-0.9870588779449463,-0.5883731245994568,-0.06,-0.41051676869392395,0.7290444374084473,-0.03508109599351883,-0.23990991711616516,-1.004211664199829,-0.27137690782546997,0.3548003137111664,1.3184130191802979,0.017793649807572365,-0.07750294357538223,0.04048721119761467,-0.09644042700529099,0.5185267329216003,1.593329668045044,0.2396395355463028,-0.4283847212791443,-0.3130855858325958,-1.3232332468032837,-0.14999999999999997
2.7564785480499268,0.19970859587192535,0.6445451974868774,-0.04263632372021675,-0.06342111527919769,-0.13629478216171265,-0.9877163171768188,-0.5842556357383728,-0.06,-0.38774147629737854,0.7234777808189392,-0.03406786173582077,-0.2354075163602829,-1.0132579803466797,-0.2612968683242798,0.3858582675457001,1.3398970365524292,0.041103921830654144,-0.1267366260290146,0.03721597045660019,-0.0745035856962204,0.5316103100776672,1.5971882343292236,0.3021579682826996,-0.4368830621242523,-0.3091484010219574,-1.3410828113555908,-0.14999999999999997
2.753793239593506,0.19735316932201385,0.6426804661750793,-0.05248715728521347,-0.06257837265729904,-0.1290806382894516,-0.9882646203041077,-0.581417977809906,-0.06,-0.3653656542301178,0.717416524887085,-0.03475175052881241,-0.23083490133285522,-1.0170193910598755,-0.24639061093330383,0.41534751653671265,1.3570146560668945,0.07082252949476242,-0.18710745871067047,0.03035595268011093,-0.051159653812646866,0.5472631454467773,1.5927735567092896,0.3713299632072449,-0.43787500262260437,-0.29815763235092163,-1.3561259508132935,-0.14999999999999997
2.751142978668213,0.19402161240577698,0.6409915089607239,-0.06197754666209221,-0.06174222752451897,-0.12047504633665085,-0.9888541102409363,-0.5786730051040649,-0.06,-0.3417699635028839,0.7103756070137024,-0.03696064278483391,-0.22682255506515503,-1.0118284225463867,-0.22521506249904633,0.43978604674339294,1.367388129234314,0.10379649698734283,-0.2563645839691162,0.021866604685783386,-0.025592757388949394,0.5650345683097839,1.5730093717575073,0.4459766745567322,-0.432890385389328,-0.2807658314704895,-1.365037202835083,-0.14999999999999997
2.7486534118652344,0.18951481580734253,0.6397500038146973,-0.07073470205068588,-0.05999011546373367,-0.11145830899477005,-0.9894315600395203,-0.5730845928192139,-0.06,-0.3205782473087311,0.7010951042175293,-0.0424431674182415,-0.2224009484052658,-0.9924720525741577,-0.20237398147583008,0.4533074200153351,1.3708856105804443,0.13756883144378662,-0.3358739912509918,0.008333394303917885,0.00323915365152061,0.5816819071769714,1.531827449798584,0.5213404297828674,-0.4214634895324707,-0.2557823956012726,-1.3590357303619385,-0.14999999999999997
2.746168613433838,0.18411600589752197,0.6385179162025452,-0.07946518063545227,-0.05720442160964012,-0.10443916916847229,-0.9896996021270752,-0.5650203824043274,-0.06,-0.3037090599536896,0.6904933452606201,-0.049833592027425766,-0.21686524152755737,-0.9576261639595032,-0.1865117996931076,0.45278868079185486,1.3634272813796997,0.16741161048412323,-0.41621702909469604,-0.01525398250669241,0.03248279169201851,0.5924225449562073,1.4627658128738403,0.5900063514709473,-0.40267714858055115,-0.2250642627477646,-1.3266745805740356,-0.14999999999999997
2.743496894836426,0.17786362767219543,0.6368932723999023,-0.08787501603364944,-0.05401736497879028,-0.0989038273692131,-0.9897363781929016,-0.5583329200744629,-0.06,-0.2909058630466461,0.6827945113182068,-0.05929600074887276,-0.21193388104438782,-0.9084743857383728,-0.17953354120254517,0.4383590519428253,1.334679126739502,0.18844784796237946,-0.4793047606945038,-0.04727962985634804,0.05705396085977554,0.5963671803474426,1.365883708000183,0.6478105783462524,-0.3765614330768585,-0.19101956486701965,-1.2607566118240356,-0.14999999999999997
2.7405409812927246,0.1708110272884369,0.634165346622467,-0.09563688933849335,-0.05102674290537834,-0.09462279826402664,-0.9895939826965332,-0.5586529970169067,-0.06,-0.280612587928772,0.6858177781105042,-0.07077019661664963,-0.21102164685726166,-0.8478599786758423,-0.1842508167028427,0.41139259934425354,1.2727407217025757,0.20379675924777985,-0.5043480396270752,-0.08709965646266937,0.07303320616483688,0.5933713316917419,1.2489807605743408,0.6950998306274414,-0.3438132107257843,-0.15412069857120514,-1.1612941026687622,-0.13173723220825195
2.737353801727295,0.162934347987175,0.6299485564231873,-0.10271656513214111,-0.048682961612939835,-0.09188343584537506,-0.9892605543136597,-0.5685996413230896,-0.06,-0.27268102765083313,0.7028105854988098,-0.08443934470415115,-0.21536339819431305,-0.7887353301048279,-0.1998865157365799,0.3780743181705475,1.1937627792358398,0.21436183154582977,-0.5212622284889221,-0.13474228978157043,0.07983454316854477,0.5838294625282288,1.126235842704773,0.7359990477561951,-0.30536165833473206,-0.1137872189283371,-1.0409982204437256,-0.07852225005626678
2.735116481781006,0.15503083169460297,0.6267659068107605,-0.1074889525771141,-0.04340910539031029,-0.09538152813911438,-0.9886677861213684,-0.5708164572715759,-0.06,-0.27456772327423096,0.7140105962753296,-0.10487702488899231,-0.214217409491539,-0.770206093788147,-0.2150859534740448,0.3447009027004242,1.1799254417419434,0.17615079879760742,-0.5697672367095947,-0.19726777076721191,0.08422273397445679,0.5646644830703735,1.0079463720321655,0.7666116952896118,-0.2580373287200928,-0.07595320791006088,-0.9211156368255615,-0.013369153253734112
2.7341055870056152,0.14786431193351746,0.6247313022613525,-0.10910169035196304,-0.034409936517477036,-0.09957180917263031,-0.9884320497512817,-0.569647490978241,-0.06,-0.27338412404060364,0.7317712903022766,-0.14341546595096588,-0.21371492743492126,-0.7571266889572144,-0.22554966807365417,0.30524104833602905,1.1928350925445557,0.12586764991283417,-0.5755133628845215,-0.26038801670074463,0.08574693650007248,0.5397698879241943,0.8939594030380249,0.8013947606086731,-0.205005943775177,-0.04741587117314339,-0.8135287761688232,0.06380210071802139
2.7334938049316406,0.1419248878955841,0.6232187151908875,-0.10932369530200958,-0.02508813701570034,-0.1014489158987999,-0.988497257232666,-0.5758472681045532,-0.06,-0.2682717740535736,0.767160952091217,-0.18738111853599548,-0.22817876935005188,-0.7386800050735474,-0.23112785816192627,0.2709985673427582,1.2005603313446045,0.08653522282838821,-0.5803758502006531,-0.318646103143692,0.07924562692642212,0.5101181864738464,0.7936582565307617,0.852771520614624,-0.15619929134845734,-0.033411066979169846,-0.722187340259552,0.14611774682998657
2.7328121662139893,0.13744297623634338,0.6223597526550293,-0.1092265322804451,-0.017319193109869957,-0.10287147760391235,-0.9885276556015015,-0.5896432399749756,-0.06,-0.27031078934669495,0.815196692943573,-0.2257477045059204,-0.23536810278892517,-0.721672534942627,-0.23347905278205872,0.2472006231546402,1.2051365375518799,0.06501077860593796,-0.5837942957878113,-0.37634792923927307,0.06229044124484062,0.4767386317253113,0.7107570171356201,0.9230226278305054,-0.11781994998455048,-0.03541320934891701,-0.6467492580413818,0.2358313947916031
2.7321555614471436,0.13421528041362762,0.6224160194396973,-0.1089823842048645,-0.010875501669943333,-0.10457602143287659,-0.9884675741195679,-0.6018766760826111,-0.06,-0.28067874908447266,0.8568501472473145,-0.24,-0.22772327065467834,-0.704456090927124,-0.2340080291032791,0.2314790040254593,1.2050532102584839,0.05887707695364952,-0.585444986820221,-0.4334602952003479,0.040439218282699585,0.44355157017707825,0.6373651623725891,1.0016223192214966,-0.08736329525709152,-0.04987921938300133,-0.5837649703025818,0.3245135545730591
2.7315871715545654,0.1321878433227539,0.6232739090919495,-0.10837627202272415,-0.005732391495257616,-0.10572252422571182,-0.988455593585968,-0.6094464063644409,-0.06,-0.2979731559753418,0.8886238932609558,-0.24,-0.22646677494049072,-0.6875662803649902,-0.23520207405090332,0.21673068404197693,1.1988742351531982,0.052677739411592484,-0.5833678245544434,-0.48646822571754456,0.02120201662182808,0.41105350852012634,0.5642994046211243,1.0634357929229736,-0.061820413917303085,-0.07279615104198456,-0.5250915288925171,0.40784966945648193
2.7310383319854736,0.13096235692501068,0.6246935129165649,-0.10701252520084381,-0.002176536014303565,-0.10526807606220245,-0.9886667728424072,-0.6106532216072083,-0.023081036284565926,-0.31907927989959717,0.9044998288154602,-0.24,-0.22855378687381744,-0.6729154586791992,-0.23343372344970703,0.20565184950828552,1.1881234645843506,0.04808660224080086,-0.5778785347938538,-0.5318984389305115,0.004813779145479202,0.38258329033851624,0.4835169315338135,1.103922724723816,-0.03856153041124344,-0.10055258870124817,-0.46163642406463623,0.4881705045700073
2.7304437160491943,0.130363330245018,0.6263920068740845,-0.10528448969125748,-0.0003016300906892866,-0.10276511311531067,-0.9891179203987122,-0.6028572916984558,0.023126548156142235,-0.3372246026992798,0.8983539938926697,-0.24,-0.22971200942993164,-0.6626793146133423,-0.22847715020179749,0.20029163360595703,1.1750870943069458,0.0447496697306633,-0.5695735216140747,-0.5679072737693787,-0.013084233738481998,0.3605886995792389,0.39452794194221497,1.130532145500183,-0.01375433150678873,-0.12743860483169556,-0.3916090428829193,0.5560669898986816
2.7297935485839844,0.13047653436660767,0.6281930804252625,-0.10407065600156784,0.000174650878761895,-0.09927841275930405,-0.9896024465560913,-0.5834373831748962,0.0670238509774208,-0.3476385772228241,0.8670068383216858,-0.24,-0.22845910489559174,-0.6570631265640259,-0.2233506441116333,0.20097239315509796,1.1618643999099731,0.04365210980176926,-0.5601643919944763,-0.5968092083930969,-0.03653210774064064,0.34467071294784546,0.3004961609840393,1.148201584815979,0.012910501100122929,-0.15134166181087494,-0.31505563855171204,0.6058056354522705
2.729163408279419,0.13139881193637848,0.6300051212310791,-0.10370080173015594,-0.00032558367820456624,-0.09550310671329498,-0.9900126457214355,-0.5514594316482544,0.10507256537675858,-0.3489968776702881,0.811915934085846,-0.24,-0.2221216857433319,-0.6550151705741882,-0.2197924107313156,0.20694415271282196,1.1493905782699585,0.04526473209261894,-0.5507863759994507,-0.6205633878707886,-0.06390257924795151,0.3324902057647705,0.2054225355386734,1.1518995761871338,0.03899535909295082,-0.174032524228096,-0.23106695711612701,0.6412489414215088
2.7285447120666504,0.1331026703119278,0.6316953897476196,-0.10391059517860413,-0.0019042134517803788,-0.09099342674016953,-0.9904136061668396,-0.5094093084335327,0.1364932507276535,-0.3414776921272278,0.7394137382507324,-0.24,-0.21345388889312744,-0.6572129726409912,-0.21675962209701538,0.2184009552001953,1.138136863708496,0.04899568110704422,-0.5414055585861206,-0.6380925178527832,-0.09279504418373108,0.322492390871048,0.11394447833299637,1.136427640914917,0.06175928935408592,-0.1959967315196991,-0.14170362055301666,0.6661543250083923
2.7279176712036133,0.13551247119903564,0.6331115365028381,-0.10435939580202103,-0.0046831658110022545,-0.08527424186468124,-0.99086594581604,-0.46005675196647644,0.16134896874427795,-0.3257598280906677,0.6547322273254395,-0.24,-0.2033582329750061,-0.6643708944320679,-0.2127932757139206,0.2356199026107788,1.1285916566848755,0.054472360759973526,-0.5319613814353943,-0.6482262015342712,-0.12223157286643982,0.3140145242214203,0.028256263583898544,1.1010456085205078,0.07986882328987122,-0.21721655130386353,-0.04854593053460121,0.679642379283905
2.7273507118225098,0.13858455419540405,0.6340954303741455,-0.10486798733472824,-0.008320005610585213,-0.07842182368040085,-0.9913543462753296,-0.40440648794174194,0.17929723858833313,-0.30312466621398926,0.5608373880386353,-0.24,-0.19040890038013458,-0.6756256222724915,-0.20756368339061737,0.2577742040157318,1.121451735496521,0.06155853345990181,-0.5231075882911682,-0.651512861251831,-0.15307274460792542,0.305835485458374,-0.05031593143939972,1.0509841442108154,0.0931934118270874,-0.2387521117925644,0.04913235828280449,0.679519534111023
2.7269444465637207,0.1422601044178009,0.6344412565231323,-0.1051909551024437,-0.01235884614288807,-0.07066134363412857,-0.9918614625930786,-0.3444499373435974,0.19019345939159393,-0.27537432312965393,0.46269384026527405,-0.24,-0.1742958128452301,-0.689751148223877,-0.200759157538414,0.28360942006111145,1.1176949739456177,0.07015711814165115,-0.5158314108848572,-0.6487702131271362,-0.1863851398229599,0.29639628529548645,-0.12108705192804337,0.9920393824577332,0.10201665759086609,-0.26126253604888916,0.15224526822566986,0.6658396124839783
2.726778507232666,0.14639024436473846,0.6339292526245117,-0.10487232357263565,-0.01641286350786686,-0.0625658854842186,-0.992379903793335,-0.2844650149345398,0.19460532069206238,-0.24582719802856445,0.36721619963645935,-0.24,-0.1547461301088333,-0.7054162621498108,-0.1920512467622757,0.31066539883613586,1.11824631690979,0.07970736175775528,-0.5111340284347534,-0.6409883499145508,-0.22182805836200714,0.28538721799850464,-0.18603932857513428,0.9250296354293823,0.10699421167373657,-0.28336140513420105,0.2603994309902191,0.640453577041626
2.726914167404175,0.15079565346240997,0.6323571801185608,-0.10346343368291855,-0.020108552649617195,-0.05477223917841911,-0.9929202795028687,-0.2290952056646347,0.1937858909368515,-0.21752217411994934,0.29000000000000004,-0.24,-0.13002221286296844,-0.7213295102119446,-0.18123996257781982,0.3363431990146637,1.1240522861480713,0.08944392204284668,-0.5101894736289978,-0.6286171078681946,-0.2585483193397522,0.2737334966659546,-0.24963927268981934,0.8468566536903381,0.10891129076480865,-0.30275481939315796,0.37063977122306824,0.6052601933479309
2.727389335632324,0.1553851217031479,0.6295483708381653,-0.1008986309170723,-0.023205526173114777,-0.04761352762579918,-0.993485689163208,-0.182297021150589,0.18947921693325043,-0.19183768332004547,0.29000000000000004,-0.24,-0.10503146052360535,-0.7370898723602295,-0.1682889610528946,0.36011582612991333,1.136277437210083,0.09977823495864868,-0.5135849714279175,-0.6113045811653137,-0.2961258292198181,0.26266276836395264,-0.3178327977657318,0.7550932168960571,0.10830295085906982,-0.3188164234161377,0.47696444392204285,0.5603775382041931
2.7281980514526367,0.15963725745677948,0.6278499364852905,-0.1004713699221611,-0.026117945089936256,-0.0418124757707119,-0.9937177300453186,-0.1535513997077942,0.19131915271282196,-0.16815795004367828,0.29000000000000004,-0.24,-0.10739707201719284,-0.7502354979515076,-0.16189268231391907,0.3818919062614441,1.144445538520813,0.10728748887777328,-0.5158925652503967,-0.5905321836471558,-0.33406174182891846,0.2521234154701233,-0.3910892903804779,0.6555358171463013,0.10433761775493622,-0.3350383937358856,0.5695695281028748,0.5045724511146545
2.7293319702148438,0.1634102761745453,0.6273660659790039,-0.10271170735359192,-0.028798477724194527,-0.036883383989334106,-0.9936097264289856,-0.1345987170934677,0.18565186858177185,-0.14854222536087036,0.29000000000000004,-0.24,-0.0962430015206337,-0.7612138390541077,-0.16210590302944183,0.403845876455307,1.1484103202819824,0.11289958655834198,-0.5171722173690796,-0.566892147064209,-0.3699266314506531,0.2432352900505066,-0.4664227068424225,0.5579846501350403,0.09827149659395218,-0.35464146733283997,0.64631587266922,0.44057875871658325
2.7307026386260986,0.16644619405269623,0.6273122429847717,-0.10607035458087921,-0.03132224828004837,-0.03174019232392311,-0.9933581948280334,-0.1220148429274559,0.175726056098938,-0.13057461380958557,0.29000000000000004,-0.24,-0.09194092452526093,-0.7706144452095032,-0.16296371817588806,0.4273715615272522,1.150479793548584,0.12102522701025009,-0.5183112025260925,-0.5404632091522217,-0.400936096906662,0.23751766979694366,-0.5442137122154236,0.4658968448638916,0.09037186950445175,-0.3752756714820862,0.7109370231628418,0.373952180147171
2.7322604656219482,0.1685379594564438,0.6274483799934387,-0.10968513041734695,-0.033628471195697784,-0.02655896171927452,-0.9930422306060791,-0.111552894115448,0.1653749793767929,-0.11341975629329681,0.29000000000000004,-0.24,-0.09028299152851105,-0.7781862020492554,-0.16295519471168518,0.450077623128891,1.1515215635299683,0.13038252294063568,-0.5194966197013855,-0.5133712887763977,-0.42570772767066956,0.2343210130929947,-0.6227928400039673,0.3821614980697632,0.08091415464878082,-0.39852187037467957,0.764557957649231,0.3129275143146515
2.7339370250701904,0.16989056766033173,0.6276527643203735,-0.11329110711812973,-0.03561333194375038,-0.02240210399031639,-0.9926705360412598,-0.10153137147426605,0.1555059403181076,-0.0981559008359909,0.29000000000000004,-0.24,-0.08826010674238205,-0.784327507019043,-0.1638641655445099,0.4687952995300293,1.1528376340866089,0.13730689883232117,-0.5215132236480713,-0.48928651213645935,-0.4428820013999939,0.23313426971435547,-0.6957926750183105,0.3050565719604492,0.07143615931272507,-0.4351571500301361,0.8042777180671692,0.26291611790657043
2.7354767322540283,0.17041800916194916,0.6278448104858398,-0.11649078130722046,-0.038135942071676254,-0.017963964492082596,-0.9922966957092285,-0.09358081221580505,0.14741869270801544,-0.08282941579818726,0.29000000000000004,-0.24,-0.08635346591472626,-0.7920940518379211,-0.16265103220939636,0.4850291907787323,1.154390573501587,0.1401471644639969,-0.5226250290870667,-0.4652656018733978,-0.45467182993888855,0.23511704802513123,-0.7622053623199463,0.23829486966133118,0.06118209287524223,-0.47247448563575745,0.838987410068512,0.20448412001132965
2.737088918685913,0.1702449917793274,0.6279624104499817,-0.11944068968296051,-0.04018304497003555,-0.0137161361053586,-0.9919329881668091,-0.08533883094787598,0.14071357250213623,-0.06819787621498108,0.29000000000000004,-0.24,-0.08514337241649628,-0.7993520498275757,-0.1613294631242752,0.49682530760765076,1.1574945449829102,0.1365632712841034,-0.5243498682975769,-0.4434879720211029,-0.4606020450592041,0.23902446031570435,-0.8192993998527527,0.19172896444797516,0.05093078687787056,-0.508994460105896,0.8701257705688477,0.14895561337471008
2.7388486862182617,0.16940732300281525,0.6279272437095642,-0.12227994948625565,-0.04124169051647186,-0.010412316769361496,-0.9915837049484253,-0.07756821066141129,0.1349886804819107,-0.0565485842525959,0.29000000000000004,-0.24,-0.08590930700302124,-0.8044748306274414,-0.1609317660331726,0.5043051838874817,1.163057565689087,0.12980380654335022,-0.5293780565261841,-0.4268108010292053,-0.459433913230896,0.24713779985904694,-0.8653286099433899,0.1644313633441925,0.04135255888104439,-0.5420043468475342,0.8992668390274048,0.10754996538162231
2.7406697273254395,0.1679133176803589,0.6276792287826538,-0.12498855590820312,-0.041501399129629135,-0.008364304900169373,-0.9912545680999756,-0.07252922654151917,0.13034510612487793,-0.04944988340139389,0.29000000000000004,-0.24,-0.08964479714632034,-0.8069139122962952,-0.1611342877149582,0.5088605880737305,1.1696348190307617,0.12468423694372177,-0.5350726246833801,-0.41580355167388916,-0.45135220885276794,0.26180335879325867,-0.9004315137863159,0.15071694552898407,0.03355548530817032,-0.5696174502372742,0.9243262410163879,0.08352702111005783
2.7424089908599854,0.16579386591911316,0.6271842122077942,-0.12737514078617096,-0.04145868867635727,-0.007160411216318607,-0.9909618496894836,-0.07140408456325531,0.1273636370897293,-0.04622528702020645,0.29000000000000004,-0.24,-0.09635911881923676,-0.807777464389801,-0.16034844517707825,0.512080729007721,1.17694890499115,0.12317393720149994,-0.5414637327194214,-0.4083636403083801,-0.4380534291267395,0.2823745906352997,-0.9267070889472961,0.14970867335796356,0.027602478861808777,-0.5919238328933716,0.9425437450408936,0.0734398365020752
2.744042158126831,0.1630854606628418,0.6264909505844116,-0.12917329370975494,-0.041154079139232635,-0.006369497627019882,-0.9907470941543579,-0.0730283334851265,0.1267230361700058,-0.04535481706261635,0.29000000000000004,-0.24,-0.1053425669670105,-0.8067129850387573,-0.1576032042503357,0.5141938328742981,1.1842044591903687,0.1255265325307846,-0.5479006767272949,-0.4020959138870239,-0.4207497537136078,0.3051017224788666,-0.9470473527908325,0.1655736118555069,0.023222530260682106,-0.608176589012146,0.9534834623336792,0.074468694627285
2.7456276416778564,0.1598670482635498,0.625704288482666,-0.13016068935394287,-0.040328189730644226,-0.005720233079046011,-0.9906558394432068,-0.07608895003795624,0.12875135242938995,-0.045725371688604355,0.29000000000000004,-0.24,-0.11649816483259201,-0.8024964332580566,-0.15270012617111206,0.5147325992584229,1.1905148029327393,0.13136382400989532,-0.5540698766708374,-0.3951651453971863,-0.3992561101913452,0.3250669240951538,-0.963677167892456,0.20268847048282623,0.019900254905223846,-0.615852415561676,0.958296537399292,0.08713682740926743
2.747206687927246,0.15654709935188293,0.6249808073043823,-0.13037090003490448,-0.03890463709831238,-0.00515500083565712,-0.9906882047653198,-0.08115498721599579,0.13253255188465118,-0.047203052788972855,0.29000000000000004,-0.22122251987457275,-0.1306026130914688,-0.7984866499900818,-0.1493639051914215,0.5072689652442932,1.1980347633361816,0.1230577901005745,-0.5606554746627808,-0.38662710785865784,-0.37285158038139343,0.33887311816215515,-0.9766200184822083,0.2600926458835602,0.01602495275437832,-0.6145004034042358,0.9588238596916199,0.11055067181587219
2.7486588954925537,0.1531655341386795,0.6244688630104065,-0.12968723475933075,-0.03733033686876297,-0.004102859180420637,-0.9908434152603149,-0.0905756801366806,0.1384623944759369,-0.049942538142204285,0.29000000000000004,-0.20252393186092377,-0.14586733281612396,-0.7925687432289124,-0.14426299929618835,0.4983175992965698,1.203067660331726,0.1147911474108696,-0.565780520439148,-0.3753049075603485,-0.34198862314224243,0.3470652401447296,-0.983988344669342,0.33264946937561035,0.009369945153594017,-0.6041595339775085,0.9576720595359802,0.14326496422290802
2.750018358230591,0.14993800222873688,0.6243849992752075,-0.12839347124099731,-0.035563305020332336,-0.0031214989721775055,-0.9910805225372314,-0.10507480055093765,0.1453656107187271,-0.05636227875947952,0.29000000000000004,-0.18418282270431519,-0.15965354442596436,-0.7845595479011536,-0.1397233009338379,0.4865979552268982,1.2045739889144897,0.10505354404449463,-0.5688174962997437,-0.36310628056526184,-0.3068011999130249,0.350222647190094,-0.981770396232605,0.41545984148979187,-0.0009218832710757852,-0.5901092886924744,0.9573732018470764,0.17619182169437408
2.751283645629883,0.14706194400787354,0.6248980760574341,-0.126703679561615,-0.03367960453033447,-0.0025358658749610186,-0.9913653135299683,-0.1259520798921585,0.15190264582633972,-0.06751792877912521,0.29000000000000004,-0.16504108905792236,-0.16992191970348358,-0.7739683985710144,-0.1363174170255661,0.4735199809074402,1.201611042022705,0.09633906930685043,-0.5699006915092468,-0.3513689935207367,-0.26864510774612427,0.34939226508140564,-0.9667062759399414,0.5052273273468018,-0.015667857602238655,-0.5731510519981384,0.9586547017097473,0.20966368913650513
2.7524635791778564,0.14476193487644196,0.6261359453201294,-0.12482310831546783,-0.031773243099451065,-0.0025457977317273617,-0.9916667938232422,-0.15364807844161987,0.15653762221336365,-0.08114219456911087,0.30601146817207336,-0.14772310853004456,-0.17297784984111786,-0.7609840035438538,-0.1351528912782669,0.45909738540649414,1.1935350894927979,0.08834800869226456,-0.5685769319534302,-0.3407631516456604,-0.22835035622119904,0.3459969162940979,-0.9360532760620117,0.5979678630828857,-0.03574298322200775,-0.5512157678604126,0.9609235525131226,0.25094056129455566
2.7536356449127197,0.14321273565292358,0.6281229853630066,-0.12283129245042801,-0.029804307967424393,-0.003018628805875778,-0.9919752478599548,-0.1888120323419571,0.1554538756608963,-0.0938989594578743,0.3726220726966858,-0.131992906332016,-0.1722707897424698,-0.7452777624130249,-0.13623157143592834,0.4442567229270935,1.1801632642745972,0.08195482194423676,-0.5649625658988953,-0.33088934421539307,-0.18568508327007294,0.3407568633556366,-0.8898088335990906,0.6900063753128052,-0.060869231820106506,-0.5237650275230408,0.9628487825393677,0.3032042384147644
2.7549002170562744,0.14251109957695007,0.6308361291885376,-0.12078240513801575,-0.02759927324950695,-0.003788226982578635,-0.9922879338264465,-0.23016545176506042,0.14766870439052582,-0.1030169278383255,0.44600167870521545,-0.12041286379098892,-0.18789255619049072,-0.7263044118881226,-0.1395716667175293,0.4293493628501892,1.1616134643554688,0.07736726105213165,-0.5594284534454346,-0.3210863471031189,-0.14032480120658875,0.33324676752090454,-0.8301970362663269,0.7772286534309387,-0.08880218863487244,-0.4934867322444916,0.9628079533576965,0.3603997230529785
2.756263494491577,0.14270415902137756,0.6341779232025146,-0.11880987882614136,-0.02516607753932476,-0.004753791727125645,-0.992586612701416,-0.27420106530189514,0.1344214677810669,-0.10658681392669678,0.5214665532112122,-0.11570601910352707,-0.2138942927122116,-0.7044114470481873,-0.14508098363876343,0.41499727964401245,1.1384167671203613,0.07485589385032654,-0.5520516633987427,-0.3105185329914093,-0.09339000284671783,0.3228619694709778,-0.7623630166053772,0.8550249934196472,-0.1176481768488884,-0.46555304527282715,0.9599820375442505,0.41061922907829285
2.7576260566711426,0.14373187720775604,0.6378829479217529,-0.11692574620246887,-0.022775951772928238,-0.005675564985722303,-0.992863118648529,-0.31707674264907837,0.11720998585224152,-0.10440707206726074,0.5929433107376099,-0.11895938962697983,-0.23386336863040924,-0.6812266707420349,-0.15182030200958252,0.40207135677337646,1.11199951171875,0.07447510957717896,-0.543094277381897,-0.2976934611797333,-0.04807988926768303,0.30950674414634705,-0.6936108469963074,0.9221974611282349,-0.14656640589237213,-0.4430745542049408,0.9533986449241638,0.44667720794677734
2.758976697921753,0.145349383354187,0.641575038433075,-0.11470048129558563,-0.020272601395845413,-0.006045500747859478,-0.9931747913360596,-0.3525686264038086,0.09848573058843613,-0.0975511223077774,0.6526536345481873,-0.12900052964687347,-0.24496003985404968,-0.6570878624916077,-0.15773028135299683,0.39065971970558167,1.0841764211654663,0.07598742097616196,-0.5332099199295044,-0.28058961033821106,-0.007459614425897598,0.2951187789440155,-0.631372332572937,0.9809626340866089,-0.1744474470615387,-0.42613494396209717,0.9419998526573181,0.4680629074573517
2.760448932647705,0.1471761167049408,0.6448808312416077,-0.11121819168329239,-0.016894059255719185,-0.0053342594765126705,-0.9936380386352539,-0.37341490387916565,0.08154138177633286,-0.08908896148204803,0.6919301748275757,-0.14326927065849304,-0.2533095180988312,-0.6302199959754944,-0.16035400331020355,0.3787214457988739,1.0565134286880493,0.0775880366563797,-0.5234010815620422,-0.2575400173664093,0.02785840630531311,0.28438445925712585,-0.5827617645263672,1.0326529741287231,-0.1996016502380371,-0.4137813448905945,0.9250883460044861,0.47641006112098694
2.7620973587036133,0.14883971214294434,0.6473848223686218,-0.10559902340173721,-0.012314802967011929,-0.003133891150355339,-0.9943276047706604,-0.3764118254184723,0.06928759813308716,-0.08202267438173294,0.7050095796585083,-0.15823377668857574,-0.2569678723812103,-0.600498616695404,-0.15697865188121796,0.36492565274238586,1.0311506986618042,0.0773620679974556,-0.5148255228996277,-0.22771470248699188,0.05922480672597885,0.28252193331718445,-0.5512030720710754,1.0749726295471191,-0.22142744064331055,-0.40467026829719543,0.9021648168563843,0.4741770625114441
2.7638323307037354,0.15016885101795197,0.6485359072685242,-0.09756205230951309,-0.00701518077403307,0.0007893724250607193,-0.9952042698860168,-0.36531952023506165,0.06264542043209076,-0.07743064314126968,0.6971292495727539,-0.16676409542560577,-0.25775131583213806,-0.5712993144989014,-0.14552196860313416,0.3510756492614746,1.0116896629333496,0.07543428242206573,-0.5087385773658752,-0.1906527578830719,0.0886540561914444,0.29282042384147644,-0.5377516150474548,1.10396409034729,-0.24149084091186523,-0.39904695749282837,0.8737013339996338,0.4628296196460724
2.7654919624328613,0.15126901865005493,0.6478697657585144,-0.0876384824514389,-0.0018638484179973602,0.006402652710676193,-0.9961299300193787,-0.34632202982902527,0.06010885536670685,-0.07389269024133682,0.6768648028373718,-0.16494120657444,-0.25234127044677734,-0.5478499531745911,-0.12613722681999207,0.3403858542442322,1.0023524761199951,0.07233082503080368,-0.5065582990646362,-0.14625787734985352,0.11788655817508698,0.315142959356308,-0.5419520139694214,1.1158498525619507,-0.2626116871833801,-0.39812156558036804,0.841538667678833,0.442821741104126
2.766835927963257,0.1524703949689865,0.6455544233322144,-0.07729226350784302,0.0022778604179620743,0.013319145888090134,-0.9969168305397034,-0.323589563369751,0.06551744788885117,-0.07268250733613968,0.6548516750335693,-0.16406859457492828,-0.2754291594028473,-0.5338248610496521,-0.10209984332323074,0.33613646030426025,1.0039666891098022,0.06987160444259644,-0.5083550810813904,-0.09479565918445587,0.1441149264574051,0.34482359886169434,-0.5609639286994934,1.1113299131393433,-0.28572162985801697,-0.40156060457229614,0.8063209056854248,0.4175867736339569
2.7674624919891357,0.15416467189788818,0.6426960229873657,-0.06877081096172333,0.004546992015093565,0.02019825577735901,-0.9974175095558167,-0.30084267258644104,0.08112462610006332,-0.07096802443265915,0.6381157636642456,-0.18169377744197845,-0.3255724012851715,-0.5300467014312744,-0.08005831390619278,0.3394421637058258,1.011634111404419,0.07022248953580856,-0.5112411379814148,-0.038602132350206375,0.16174064576625824,0.37574830651283264,-0.5915670990943909,1.0910099744796753,-0.3102771043777466,-0.4058140814304352,0.7655928134918213,0.3979575037956238
2.7677409648895264,0.1564801186323166,0.6413165330886841,-0.0644473135471344,0.005713101010769606,0.027667608112096786,-0.9975211024284363,-0.2900097370147705,0.0896529108285904,-0.0719420313835144,0.6358827352523804,-0.2305489033460617,-0.3401561677455902,-0.529556393623352,-0.0666387677192688,0.3513815104961395,1.0143163204193115,0.07372575253248215,-0.5103473663330078,0.021494142711162567,0.17044979333877563,0.3995770215988159,-0.6233428120613098,1.0595444440841675,-0.3324598968029022,-0.41109520196914673,0.7201992869377136,0.38641834259033203
2.767878770828247,0.15915122628211975,0.6412139534950256,-0.06396814435720444,0.006189194042235613,0.03579093888401985,-0.9972906708717346,-0.2846040427684784,0.09071971476078033,-0.05568869411945343,0.6408476829528809,-0.2326069325208664,-0.34716519713401794,-0.5311294198036194,-0.06081930920481682,0.3707401752471924,1.0130428075790405,0.0796489343047142,-0.5069032907485962,0.08168847858905792,0.17053422331809998,0.41303199529647827,-0.6453787684440613,1.0264161825180054,-0.3507482409477234,-0.41935768723487854,0.6727263331413269,0.3699639141559601
2.767796754837036,0.16191235184669495,0.6416342258453369,-0.06607755273580551,0.0059387218207120895,0.043269552290439606,-0.9968581795692444,-0.2764504849910736,0.08598797023296356,-0.034941013902425766,0.6357889175415039,-0.22869360446929932,-0.3480224311351776,-0.5358378887176514,-0.06043453514575958,0.39342501759529114,1.0115923881530762,0.08656901866197586,-0.5031277537345886,0.13718576729297638,0.1600429117679596,0.4151006042957306,-0.6619886755943298,0.9948994517326355,-0.36357924342155457,-0.42867937684059143,0.624849796295166,0.34168708324432373
2.7675764560699463,0.16447342932224274,0.6423379182815552,-0.06987059116363525,0.005312158726155758,0.050856608897447586,-0.9962445497512817,-0.26569536328315735,0.0780666247010231,-0.009959847666323185,0.6234542727470398,-0.22177857160568237,-0.34448686242103577,-0.5428548455238342,-0.06269531697034836,0.418466717004776,1.0105146169662476,0.0928620770573616,-0.4991920292377472,0.18826375901699066,0.14137442409992218,0.40780362486839294,-0.673395574092865,0.9513181447982788,-0.36694326996803284,-0.4317467510700226,0.5764888525009155,0.3055725395679474
2.767256021499634,0.16666719317436218,0.643061637878418,-0.07459897547960281,0.004549812991172075,0.058153849095106125,-0.9955059885978699,-0.2537294626235962,0.06821607053279877,0.015203829854726791,0.6069137454032898,-0.21571184694766998,-0.33839237689971924,-0.5516895055770874,-0.06635143607854843,0.44326671957969666,1.0110231637954712,0.09658396244049072,-0.49593713879585266,0.23394659161567688,0.11681816726922989,0.3954702317714691,-0.6742585301399231,0.8822723627090454,-0.3584011495113373,-0.42410218715667725,0.526132345199585,0.2669469714164734
2.766996145248413,0.16854161024093628,0.643714427947998,-0.08018109947443008,0.004275952000170946,0.06497406214475632,-0.9946511387825012,-0.23950889706611633,0.05631646513938904,0.04026453569531441,0.5872228741645813,-0.20990443229675293,-0.3306904435157776,-0.5603514313697815,-0.07153092324733734,0.46798059344291687,1.0132564306259155,0.09993696212768555,-0.49410322308540344,0.27427345514297485,0.08694036304950714,0.37989452481269836,-0.663992702960968,0.7882581949234009,-0.33862394094467163,-0.4065229296684265,0.47311630845069885,0.2298593521118164
2.766880512237549,0.1702083796262741,0.6442800164222717,-0.0865292027592659,0.004843329545110464,0.07071048766374588,-0.9937248826026917,-0.2227121740579605,0.041973717510700226,0.0639905110001564,0.5646448731422424,-0.2042112648487091,-0.321520060300827,-0.567249596118927,-0.07894691079854965,0.4921625554561615,1.0167596340179443,0.10526431351900101,-0.4940868318080902,0.30781233310699463,0.050516583025455475,0.35883212089538574,-0.6415393352508545,0.6822627782821655,-0.3078671991825104,-0.3819172978401184,0.41563892364501953,0.1928245574235916
2.7667248249053955,0.1717063933610916,0.644723653793335,-0.09309741854667664,0.005664000287652016,0.07445677369832993,-0.9928528666496277,-0.2069762945175171,0.026091793552041054,0.08323634415864944,0.5415468215942383,-0.19865140318870544,-0.31117433309555054,-0.5733790397644043,-0.0883697122335434,0.513613224029541,1.0210278034210205,0.11203937977552414,-0.49541303515434265,0.3317483365535736,0.007556595839560032,0.3310544192790985,-0.6033273339271545,0.5719119906425476,-0.26914700865745544,-0.3530968129634857,0.3531433939933777,0.15706604719161987
2.7663638591766357,0.1730281263589859,0.6450011134147644,-0.09920470416545868,0.006273557431995869,0.0758967250585556,-0.9921485185623169,-0.1954289972782135,0.01045310404151678,0.09598755091428757,0.5212103128433228,-0.1934739053249359,-0.30072230100631714,-0.5793055891990662,-0.09861862659454346,0.5309852361679077,1.0253815650939941,0.1201673224568367,-0.4973025918006897,0.3446696102619171,-0.04082927480340004,0.2982756197452545,-0.5488284230232239,0.4598284959793091,-0.2259269803762436,-0.32313835620880127,0.28752636909484863,0.12662552297115326
2.765746593475342,0.17412923276424408,0.6451023817062378,-0.10429716110229492,0.0066109150648117065,0.07503858953714371,-0.9916892647743225,-0.18919554352760315,-0.003295116825029254,0.10155646502971649,0.5059412121772766,-0.1891861855983734,-0.2912803590297699,-0.5844075083732605,-0.10862454771995544,0.5434888601303101,1.0290800333023071,0.1301262378692627,-0.49920761585235596,0.34632739424705505,-0.09424902498722076,0.26401981711387634,-0.48086878657341003,0.3476349115371704,-0.18015320599079132,-0.29425764083862305,0.2219778299331665,0.10604073852300644
2.7649028301239014,0.17493386566638947,0.6450687050819397,-0.10797854512929916,0.00681533245369792,0.07190465927124023,-0.9915259480476379,-0.18809187412261963,-0.013998032547533512,0.0998801663517952,0.49664562940597534,-0.1860319972038269,-0.2835073471069336,-0.5875211358070374,-0.11782006919384003,0.5501512289047241,1.0314103364944458,0.14200717210769653,-0.5008522272109985,0.3365643620491028,-0.15268121659755707,0.2322520613670349,-0.402761846780777,0.23662500083446503,-0.1325322538614273,-0.2676072418689728,0.16038571298122406,0.0991794690489769
2.7639431953430176,0.175442174077034,0.6450247168540955,-0.10979650914669037,0.0071264710277318954,0.06682692468166351,-0.991679310798645,-0.19106550514698029,-0.02060054987668991,0.09171563386917114,0.4934343993663788,-0.184089794754982,-0.27781403064727783,-0.5889842510223389,-0.12646467983722687,0.5464961528778076,1.0333104133605957,0.1455763727426529,-0.5025219321250916,0.31598618626594543,-0.21482637524604797,0.2068822681903839,-0.318505197763443,0.12741312384605408,-0.08265528827905655,-0.24379608035087585,0.10618086159229279,0.10658847540616989
2.7629921436309814,0.17557011544704437,0.6451074481010437,-0.10886267572641373,0.007808338850736618,0.06079766899347305,-0.9921649694442749,-0.196943461894989,-0.020852241665124893,0.0780383050441742,0.4970714747905731,-0.18384140729904175,-0.2754518389701843,-0.5856520533561707,-0.13188762962818146,0.5338350534439087,1.0317792892456055,0.14546234905719757,-0.5028590559959412,0.28683537244796753,-0.27878472208976746,0.19187748432159424,-0.2340385913848877,0.022173920646309853,-0.03049936145544052,-0.2226504385471344,0.06285548955202103,0.12619087100028992
2.7621662616729736,0.1752912700176239,0.6455097198486328,-0.10445185005664825,0.009012369439005852,0.05434572324156761,-0.9930031299591064,-0.20525245368480682,-0.013865175656974316,0.058207735419273376,0.507619321346283,-0.18495410680770874,-0.2770038843154907,-0.5754850506782532,-0.13280436396598816,0.5108234286308289,1.0241942405700684,0.14124253392219543,-0.5001479387283325,0.25150495767593384,-0.3434757590293884,0.18983224034309387,-0.1550021469593048,-0.0769634023308754,0.02338998392224312,-0.20397554337978363,0.03269750252366066,0.15377826988697052
2.7615442276000977,0.1746515929698944,0.6462903022766113,-0.09654609113931656,0.010613943450152874,0.047859109938144684,-0.9941204786300659,-0.21590767800807953,-0.0004930226132273674,0.0309591107070446,0.5241747498512268,-0.1872764527797699,-0.28244903683662415,-0.5582993030548096,-0.12840016186237335,0.4789367616176605,1.0095746517181396,0.13409143686294556,-0.4941570460796356,0.21238009631633759,-0.40885838866233826,0.2018321007490158,-0.08044438064098358,-0.14999999999999997,0.07879414409399033,-0.18778270483016968,0.015884317457675934,0.18335826694965363
2.7611162662506104,0.1736912876367569,0.6473167538642883,-0.0857987031340599,0.012125859968364239,0.04121340438723564,-0.9953858256340027,-0.22920913994312286,0.018312998116016388,-0.0019157143542543054,0.5450264811515808,-0.19122031331062317,-0.29070553183555603,-0.5364800691604614,-0.11908799409866333,0.440180242061615,0.9890156388282776,0.12429661303758621,-0.4852459132671356,0.17053617537021637,-0.476412296295166,0.22789260745048523,-0.0047720312140882015,-0.14999999999999997,0.13574981689453125,-0.1744856983423233,0.011078647337853909,0.20715127885341644
2.7608089447021484,0.17237664759159088,0.6484426259994507,-0.07325978577136993,0.013405215926468372,0.03341773524880409,-0.9966626763343811,-0.2447807937860489,0.04125414416193962,-0.03786585107445717,0.567308247089386,-0.19713057577610016,-0.2991841733455658,-0.5117932558059692,-0.10687336325645447,0.39560797810554504,0.9644120931625366,0.1126338392496109,-0.4749389886856079,0.12540127336978912,-0.5500995516777039,0.26549723744392395,0.07373297214508057,-0.14999999999999997,0.19286082684993744,-0.16458013653755188,0.015479085966944695,0.2233237326145172
2.7604081630706787,0.17063581943511963,0.6494343280792236,-0.06011251360177994,0.014840301126241684,0.024200960993766785,-0.9977877736091614,-0.26165086030960083,0.06640592962503433,-0.0750560611486435,0.5893688797950745,-0.2048642933368683,-0.30654266476631165,-0.485720694065094,-0.09319938719272614,0.3478192687034607,0.938637375831604,0.10055733472108841,-0.4645618200302124,0.07831364125013351,-0.6343973875045776,0.31264278292655945,0.15259821712970734,-0.14999999999999997,0.24720564484596252,-0.1580774337053299,0.02482851967215538,0.23519077897071838
2.759822130203247,0.1686142235994339,0.6499804258346558,-0.046923644840717316,0.014400741085410118,0.01417468674480915,-0.9986939430236816,-0.2864361107349396,0.09103275835514069,-0.11577430367469788,0.6140896081924438,-0.21383370459079742,-0.3137781023979187,-0.46584901213645935,-0.07746659964323044,0.3007736802101135,0.9149244427680969,0.08735068142414093,-0.454719215631485,0.031053366139531136,-0.7086387276649475,0.3678198754787445,0.2356070727109909,-0.14999999999999997,0.29072028398513794,-0.15444914996623993,0.033333007246255875,0.24351947009563446
2.7589974403381348,0.16659541428089142,0.6498360633850098,-0.034286703914403915,0.01208860706537962,0.004018751438707113,-0.9993307590484619,-0.31945356726646423,0.1125003769993782,-0.1604524850845337,0.6426688432693481,-0.22328698635101318,-0.32201051712036133,-0.45484623312950134,-0.06074954941868782,0.25687718391418457,0.8970382213592529,0.07187555730342865,-0.4469253122806549,-0.013040948659181595,-0.7674823999404907,0.42905092239379883,0.3159591257572174,-0.14999999999999997,0.32030895352363586,-0.15541885793209076,0.03533097356557846,0.24594904482364655
2.75801682472229,0.1648881882429123,0.648922324180603,-0.0226287879049778,0.008693358860909939,-0.006704793777316809,-0.9996834993362427,-0.3586435317993164,0.12856636941432953,-0.20897184312343597,0.67502361536026,-0.2326280176639557,-0.3313615024089813,-0.4516741931438446,-0.045672234147787094,0.2148149311542511,0.8873000144958496,0.05265161395072937,-0.4432203769683838,-0.05436165630817413,-0.8082485795021057,0.49436473846435547,0.38742372393608093,-0.14999999999999997,0.3365568518638611,-0.16332891583442688,0.03478051722049713,0.24060024321079254
2.756941556930542,0.16361187398433685,0.6472783088684082,-0.012113778851926327,0.004826306365430355,-0.018022822216153145,-0.999752402305603,-0.40149959921836853,0.13842923939228058,-0.2598933279514313,0.7102342247962952,-0.24,-0.34142544865608215,-0.45473822951316833,-0.033549562096595764,0.1740230917930603,0.8860812783241272,0.02997538074851036,-0.4442068934440613,-0.09332210570573807,-0.8306370973587036,0.5623634457588196,0.4475307762622833,-0.14999999999999997,0.3387373685836792,-0.1774112582206726,0.03849159926176071,0.2264971286058426
2.7556796073913574,0.1628069281578064,0.6450700163841248,-0.0028347449842840433,0.00028437268338166177,-0.029078220948576927,-0.9995729923248291,-0.4462777078151703,0.1424185037612915,-0.3103214204311371,0.7460187077522278,-0.24,-0.35140126943588257,-0.4649761915206909,-0.02422570437192917,0.13664397597312927,0.8932598829269409,0.006109410431236029,-0.4475976824760437,-0.12703800201416016,-0.8402700424194336,0.6284014582633972,0.49613744020462036,-0.14999999999999997,0.32433846592903137,-0.19413062930107117,0.047025617212057114,0.20230524241924286
2.754244804382324,0.1626080870628357,0.6426193714141846,0.004633872304111719,-0.004797532223165035,-0.03867180645465851,-0.9992296695709229,-0.48931998014450073,0.14097213745117188,-0.35493597388267517,0.7792481780052185,-0.24,-0.35999220609664917,-0.4803411066532135,-0.018651310354471207,0.10518081486225128,0.9049752354621887,-0.018383000046014786,-0.453509122133255,-0.15106214582920074,-0.8428177833557129,0.6860441565513611,0.537940502166748,-0.14999999999999997,0.2924603223800659,-0.21032240986824036,0.05522003769874573,0.16472147405147552
2.752952814102173,0.1631578952074051,0.6405123472213745,0.009655221365392208,-0.008996509946882725,-0.04577626660466194,-0.998864471912384,-0.5226321816444397,0.1359911412000656,-0.3872267007827759,0.805185854434967,-0.24,-0.366374135017395,-0.4955925941467285,-0.017619788646697998,0.08166687935590744,0.9179025292396545,-0.04086894914507866,-0.4598096013069153,-0.16176412999629974,-0.8385511636734009,0.7306880354881287,0.5776332020759583,-0.14999999999999997,0.24347172677516937,-0.2248903065919876,0.05809870362281799,0.11250726133584976
2.752013683319092,0.16454832255840302,0.63901686668396,0.011719649657607079,-0.01133482251316309,-0.050343941897153854,-0.9985988140106201,-0.5424270033836365,0.12837933003902435,-0.40461498498916626,0.8226840496063232,-0.24,-0.3705686032772064,-0.5073598623275757,-0.022120576351881027,0.06644100695848465,0.9307270050048828,-0.06033613532781601,-0.46637997031211853,-0.15902777016162872,-0.823759138584137,0.7601141929626465,0.6189745664596558,-0.14999999999999997,0.1757342666387558,-0.2391940802335739,0.05631403252482414,0.04804367199540138
2.7514328956604004,0.16668841242790222,0.6380219459533691,0.010961943306028843,-0.011862661689519882,-0.05350222438573837,-0.9984369874000549,-0.5505502820014954,0.11785005033016205,-0.4101272523403168,0.8332982063293457,-0.24,-0.37293708324432373,-0.5155114531517029,-0.032437536865472794,0.05779724568128586,0.9440279006958008,-0.07655279338359833,-0.4739404618740082,-0.14670220017433167,-0.7963606715202332,0.7753806710243225,0.6627868413925171,-0.14999999999999997,0.0881575271487236,-0.25384196639060974,0.05498482286930084,-0.023557156324386597
2.7511706352233887,0.16933906078338623,0.6373926401138306,0.007923142984509468,-0.01089488621801138,-0.056345902383327484,-0.9983203411102295,-0.5498495697975159,0.10448617488145828,-0.4078388810157776,0.8384722471237183,-0.24,-0.37364470958709717,-0.520072340965271,-0.047781653702259064,0.053738564252853394,0.9574102759361267,-0.0880369246006012,-0.4824836552143097,-0.12903021275997162,-0.7570209503173828,0.778865396976471,0.7067731022834778,-0.14999999999999997,-0.01661178283393383,-0.2669844329357147,0.05932497978210449,-0.09603724628686905
2.7512311935424805,0.17230263352394104,0.637166440486908,0.0030504800379276276,-0.008539638482034206,-0.05880505219101906,-0.9982282519340515,-0.5410615801811218,0.08949869871139526,-0.39894071221351624,0.8381447792053223,-0.24,-0.3727024793624878,-0.5204306840896606,-0.06647675484418869,0.05439428985118866,0.969264566898346,-0.09310361742973328,-0.4910098612308502,-0.10723593831062317,-0.7065384387969971,0.7712334990501404,0.7484728097915649,-0.14999999999999997,-0.1322290003299713,-0.27438727021217346,0.07090543210506439,-0.14999999999999997
2.7514936923980713,0.17554505169391632,0.6373184323310852,-0.0037165111862123013,-0.005251158960163593,-0.059443458914756775,-0.9982109069824219,-0.5248619318008423,0.07391469180583954,-0.381379634141922,0.8322439789772034,-0.23293523490428925,-0.37031352519989014,-0.5158528685569763,-0.08712917566299438,0.06199096888303757,0.9748294353485107,-0.0916798859834671,-0.5020416378974915,-0.07948248088359833,-0.6456940770149231,0.7506699562072754,0.7859410643577576,-0.14999999999999997,-0.2543994188308716,-0.2719566226005554,0.087917760014534,-0.14999999999999997
2.751965045928955,0.17903254926204681,0.6380950808525085,-0.01200039591640234,-0.0015059900470077991,-0.05795668810606003,-0.9982458353042603,-0.5015672445297241,0.05869721248745918,-0.3551551401615143,0.8185158371925354,-0.2209690660238266,-0.36557260155677795,-0.5128037929534912,-0.10770832747220993,0.07958380877971649,0.9817578196525574,-0.08416422456502914,-0.5065994262695312,-0.046633731573820114,-0.5740030407905579,0.7174035906791687,0.8182838559150696,-0.14999999999999997,-0.3805093765258789,-0.2575802505016327,0.10747411102056503,-0.14999999999999997
2.7525365352630615,0.1827903836965561,0.6393176913261414,-0.021793706342577934,0.001842048019170761,-0.05456649139523506,-0.998270571231842,-0.4741068482398987,0.04246031492948532,-0.3219771385192871,0.7976396083831787,-0.20748063921928406,-0.35805410146713257,-0.5110723376274109,-0.1293111890554428,0.1045236587524414,0.9861814975738525,-0.07262313365936279,-0.5095744132995605,-0.01025339774787426,-0.49294567108154297,0.6733832359313965,0.8446065783500671,-0.14999999999999997,-0.5098856687545776,-0.2331027239561081,0.12922850251197815,-0.14999999999999997
2.753021240234375,0.18674688041210175,0.640937328338623,-0.03284742310643196,0.0048319995403289795,-0.0497194342315197,-0.998211145401001,-0.4431345462799072,0.02474736049771309,-0.2837490141391754,0.7692283391952515,-0.19304601848125458,-0.347114622592926,-0.5112913846969604,-0.15202680230140686,0.13510209321975708,0.9887526631355286,-0.05955645069479942,-0.5107021331787109,0.027590354904532433,-0.40542659163475037,0.6213840246200562,0.8621593713760376,-0.14999999999999997,-0.6491778492927551,-0.19828760623931885,0.15534839034080505,-0.14999999999999997
2.7534821033477783,0.1909230649471283,0.6429350972175598,-0.04518807306885719,0.006285553332418203,-0.043876852840185165,-0.997994601726532,-0.41112828254699707,0.004268542397767305,-0.24212850630283356,0.7320274114608765,-0.17763958871364594,-0.3316241204738617,-0.516382098197937,-0.17617258429527283,0.1713460236787796,0.9895574450492859,-0.04528346285223961,-0.5100070238113403,0.06669408828020096,-0.3159964382648468,0.5639455914497375,0.8699148893356323,-0.14999999999999997,-0.7867726683616638,-0.1600683033466339,0.18250904977321625,-0.14999999999999997
2.7538321018218994,0.19528499245643616,0.6452218890190125,-0.05854552239179611,0.0055542681366205215,-0.03718234598636627,-0.9975765943527222,-0.37998688220977783,-0.019199224188923836,-0.19877184927463531,0.685767650604248,-0.16174596548080444,-0.3111409544944763,-0.5283043384552002,-0.20086713135242462,0.2136768400669098,0.9884961843490601,-0.029327336698770523,-0.507080614566803,0.10605267435312271,-0.22783489525318146,0.5031721591949463,0.8685091137886047,-0.14999999999999997,-0.922330379486084,-0.12056510150432587,0.211152121424675,-0.14999999999999997
2.7540435791015625,0.19970984756946564,0.6476406455039978,-0.07221075892448425,0.002678873483091593,-0.029828976839780807,-0.996939480304718,-0.3508146107196808,-0.04467155039310455,-0.15585482120513916,0.6318588852882385,-0.14608043432235718,-0.2863282561302185,-0.5467819571495056,-0.22448964416980743,0.2607627213001251,0.9853755235671997,-0.011904483661055565,-0.5018620491027832,0.14483940601348877,-0.14474564790725708,0.4410422146320343,0.8561581969261169,-0.14999999999999997,-1.0541796684265137,-0.07992948591709137,0.23890946805477142,-0.14999999999999997
2.754136323928833,0.2040574699640274,0.650000810623169,-0.08541514724493027,-0.0018899055430665612,-0.022270657122135162,-0.9960945844650269,-0.32422468066215515,-0.06,-0.1157580092549324,0.5728370547294617,-0.13140714168548584,-0.2585044801235199,-0.5700570344924927,-0.24572999775409698,0.3100861608982086,0.9803212881088257,0.006687574088573456,-0.4947972893714905,0.1816178411245346,-0.06942620128393173,0.37984129786491394,0.8328580856323242,-0.14999999999999997,-1.1812556982040405,-0.03721173107624054,0.2633854150772095,-0.14999999999999997
2.7541511058807373,0.20818257331848145,0.6520811915397644,-0.09754016995429993,-0.007594062015414238,-0.014833897352218628,-0.9950920343399048,-0.3008677661418915,-0.06,-0.08006227761507034,0.5123844742774963,-0.11828795075416565,-0.22964933514595032,-0.5963439345359802,-0.26358264684677124,0.35926246643066406,0.9742624759674072,0.02578226663172245,-0.4867805540561676,0.21535903215408325,-0.004017721861600876,0.3215416669845581,0.8011468648910522,-0.14999999999999997,-1.3027554750442505,-0.03,0.2832006514072418,-0.14999999999999997
2.754164457321167,0.2119866907596588,0.6537137031555176,-0.1082182452082634,-0.013631092384457588,-0.007888894528150558,-0.9940022826194763,-0.28079140186309814,-0.06,-0.04966167360544205,0.4544721841812134,-0.10689044743776321,-0.20191895961761475,-0.6232454776763916,-0.2779257595539093,0.40577858686447144,0.9684457778930664,0.04434017837047577,-0.4790438115596771,0.2450224608182907,0.050403956323862076,0.2674226760864258,0.7645747661590576,-0.14999999999999997,-1.4161490201950073,-0.03,0.29680559039115906,-0.14999999999999997
2.7541897296905518,0.21541143953800201,0.6548070311546326,-0.11732964217662811,-0.019319774582982063,-0.001807530177757144,-0.9929033517837524,-0.2642865478992462,-0.06,-0.02500392310321331,0.4029768109321594,-0.09736447036266327,-0.177292600274086,-0.6489883065223694,-0.2892599105834961,0.4475374221801758,0.9642240405082703,0.060789357870817184,-0.47271081805229187,0.26946380734443665,0.093218594789505,0.21774965524673462,0.7270033359527588,-0.14999999999999997,-1.5179104804992676,-0.03,0.3042149245738983,-0.14999999999999997
2.754176616668701,0.21839965879917145,0.6552957892417908,-0.12498640269041061,-0.024262510240077972,0.003250830341130495,-0.9918562769889832,-0.2522728145122528,-0.06,-0.005869752261787653,0.3617345988750458,-0.08958165347576141,-0.15759241580963135,-0.6730917096138,-0.298045814037323,0.4838416874408722,0.9630644917488098,0.07389494776725769,-0.46859702467918396,0.287489652633667,0.12389268726110458,0.17226891219615936,0.6917608380317688,-0.14999999999999997,-1.6042734384536743,-0.03,0.308381587266922,-0.14999999999999997
2.753931999206543,0.2211006134748459,0.6551873087882996,-0.13117976486682892,-0.027890494093298912,0.0074375709518790245,-0.9909381866455078,-0.24574150145053864,-0.06,0.008661136031150818,0.3351864814758301,-0.0830489844083786,-0.14490430057048798,-0.6946567893028259,-0.30460312962532043,0.5144822597503662,0.9654262661933899,0.08263193815946579,-0.46669355034828186,0.3025902509689331,0.14146184921264648,0.13073739409446716,0.6562073230743408,-0.14999999999999997,-1.672057867050171,-0.03,0.3148699402809143,-0.14999999999999997
2.753364086151123,0.2233773171901703,0.6543991565704346,-0.13649366796016693,-0.030372487381100655,0.010827790945768356,-0.9901160001754761,-0.2460235357284546,-0.06,0.019433045759797096,0.3253515064716339,-0.07778691500425339,-0.14003965258598328,-0.7153940200805664,-0.30920615792274475,0.5414243936538696,0.9728658199310303,0.08750848472118378,-0.46747449040412903,0.3112139105796814,0.1462680697441101,0.09259407222270966,0.6252893805503845,-0.14999999999999997,-1.718722939491272,-0.03,0.32949456572532654,-0.14999999999999997
2.752596855163574,0.22500503063201904,0.6530787348747253,-0.14120982587337494,-0.0315559096634388,0.014021306298673153,-0.9893771409988403,-0.25064942240715027,-0.06,0.02834848128259182,0.3290313184261322,-0.07401102036237717,-0.14189724624156952,-0.73421710729599,-0.3115001916885376,0.5661481618881226,0.9843536019325256,0.09123968333005905,-0.4703633487224579,0.31139782071113586,0.13781008124351501,0.061377160251140594,0.5986776947975159,-0.14999999999999997,-1.7428114414215088,-0.03,0.34823763370513916,-0.14999999999999997
2.7517921924591064,0.22572733461856842,0.6514106392860413,-0.14500592648983002,-0.030766846612095833,0.017337627708911896,-0.9888002872467041,-0.2565830945968628,-0.06,0.036241479218006134,0.3440476655960083,-0.07234134525060654,-0.1499231606721878,-0.7474610805511475,-0.3109740912914276,0.5874522924423218,0.9983243346214294,0.09538092464208603,-0.47498607635498047,0.3040251135826111,0.11320973932743073,0.04689791053533554,0.5758783221244812,-0.14999999999999997,-1.743229866027832,-0.03,0.3671359121799469,-0.14999999999999997
2.7510812282562256,0.22545723617076874,0.6494995355606079,-0.14684505760669708,-0.027960456907749176,0.021128082647919655,-0.9885384440422058,-0.26430055499076843,-0.06,0.04314573109149933,0.3724285662174225,-0.07295934110879898,-0.16552992165088654,-0.7526649236679077,-0.3058621287345886,0.6028845906257629,1.0131573677062988,0.09989452362060547,-0.4806138575077057,0.28951406478881836,0.07672719657421112,0.046026453375816345,0.5602066516876221,-0.14999999999999997,-1.721082091331482,-0.03,0.38077670335769653,-0.14999999999999997
2.7503981590270996,0.22421780228614807,0.6474288702011108,-0.1459411084651947,-0.0238624457269907,0.02512124367058277,-0.9886863231658936,-0.2751386761665344,-0.06,0.047660134732723236,0.41335293650627136,-0.07595685869455338,-0.187861829996109,-0.750045120716095,-0.2950991690158844,0.6104836463928223,1.0273501873016357,0.1048157587647438,-0.4861451983451843,0.26771020889282227,0.029809975996613503,0.05663677304983139,0.5519322752952576,-0.14999999999999997,-1.6815639734268188,-0.03,0.3847663700580597,-0.14999999999999997
2.749631881713867,0.2222663015127182,0.6453276872634888,-0.14240162074565887,-0.019309191033244133,0.028908202424645424,-0.9891982674598694,-0.2884257137775421,-0.06,0.0487469844520092,0.4611341059207916,-0.08116064965724945,-0.21353329718112946,-0.7414692640304565,-0.27940329909324646,0.6109399199485779,1.039380431175232,0.11117731034755707,-0.49046409130096436,0.23830395936965942,-0.0244891494512558,0.07510332763195038,0.550932765007019,-0.14999999999999997,-1.6299608945846558,-0.03,0.3781823217868805,-0.14999999999999997
2.7487740516662598,0.2199012190103531,0.6434627175331116,-0.1368994265794754,-0.014656692743301392,0.0320289321243763,-0.9899584650993347,-0.3011232912540436,-0.06,0.046223029494285583,0.5075638890266418,-0.08771345764398575,-0.23808428645133972,-0.7294480800628662,-0.2598446309566498,0.6073606014251709,1.0502642393112183,0.12160269170999527,-0.4900769591331482,0.20085185766220093,-0.08196278661489487,0.09898853302001953,0.5575650930404663,-0.14999999999999997,-1.5686477422714233,-0.03,0.3623007535934448,-0.14999999999999997
2.7478766441345215,0.21730904281139374,0.6419066786766052,-0.1304873824119568,-0.009959881193935871,0.034666743129491806,-0.9907935261726379,-0.3112355172634125,-0.06,0.04146329686045647,0.5485295653343201,-0.09506064653396606,-0.25953319668769836,-0.7113547325134277,-0.24187955260276794,0.5973993539810181,1.0517206192016602,0.13046419620513916,-0.49345675110816956,0.15667009353637695,-0.13805873692035675,0.12897810339927673,0.5724086165428162,-0.14999999999999997,-1.4995193481445312,-0.03,0.33903831243515015,-0.14999999999999997
2.7471399307250977,0.2144739031791687,0.641125500202179,-0.12292703241109848,-0.004842133726924658,0.03695930540561676,-0.9917153716087341,-0.3154667317867279,-0.06,0.035237766802310944,0.5799256563186646,-0.10316949337720871,-0.2765312194824219,-0.6908320784568787,-0.22187753021717072,0.5849496126174927,1.052120566368103,0.14060001075267792,-0.48895952105522156,0.10784260928630829,-0.18731088936328888,0.16895493865013123,0.5941853523254395,-0.14999999999999997,-1.4228092432022095,-0.03,0.3073456585407257,-0.14999999999999997
2.7465527057647705,0.2113153338432312,0.6409426927566528,-0.11439534276723862,0.00034728573518805206,0.03966079652309418,-0.9926431775093079,-0.31587544083595276,-0.06,0.02877618931233883,0.6048879623413086,-0.11238620430231094,-0.29057133197784424,-0.6641311049461365,-0.20262983441352844,0.5669053196907043,1.0417736768722534,0.14869210124015808,-0.48660808801651,0.05914953351020813,-0.22685664892196655,0.22104594111442566,0.6199036836624146,-0.14999999999999997,-1.3400224447250366,-0.03,0.26760369539260864,-0.14999999999999997
2.7460803985595703,0.20781655609607697,0.6414357423782349,-0.10478755831718445,0.0050126430578529835,0.04239843040704727,-0.9935776591300964,-0.313796728849411,-0.06,0.021491503342986107,0.6229740381240845,-0.1222638487815857,-0.3014495074748993,-0.6376619935035706,-0.18127445876598358,0.5456456542015076,1.0287033319473267,0.1525745540857315,-0.478423535823822,0.013419818133115768,-0.2582933008670807,0.28318578004837036,0.6469948887825012,-0.14999999999999997,-1.2508565187454224,-0.03,0.2212429791688919,-0.14999999999999997
2.7456343173980713,0.2040824592113495,0.6424043774604797,-0.094659723341465,0.008520522154867649,0.04496760293841362,-0.9944570064544678,-0.31167861819267273,-0.04885582998394966,0.0133458711206913,0.6355705261230469,-0.13262182474136353,-0.3092798888683319,-0.6131935715675354,-0.15897735953330994,0.5224791169166565,1.012516975402832,0.15220177173614502,-0.46698805689811707,-0.026926634833216667,-0.28744515776634216,0.34992560744285583,0.6745043396949768,-0.14999999999999997,-1.1537022590637207,-0.03,0.17284798622131348,-0.14999999999999997
2.7451741695404053,0.20019075274467468,0.6436911821365356,-0.0843992754817009,0.0104302316904068,0.04756389930844307,-0.9952414631843567,-0.3111209571361542,-0.01937583088874817,0.0048287720419466496,0.643772542476654,-0.1433788239955902,-0.31443968415260315,-0.5912323594093323,-0.13645461201667786,0.49869102239608765,0.9917427897453308,0.14886511862277985,-0.4542556703090668,-0.05934518203139305,-0.32283440232276917,0.4160536229610443,0.7002218961715698,-0.14999999999999997,-1.04642915725708,-0.03,0.12521475553512573,-0.14999999999999997
2.744786500930786,0.19608740508556366,0.6453418135643005,-0.07383045554161072,0.010852060280740261,0.05026989430189133,-0.9959438443183899,-0.3117460608482361,0.011191481724381447,-0.00386036210693419,0.6476486325263977,-0.15449285507202148,-0.3171572685241699,-0.5712689161300659,-0.1129264086484909,0.47483307123184204,0.9667857885360718,0.1438542902469635,-0.43884748220443726,-0.08265967667102814,-0.3715018033981323,0.47969093918800354,0.7201725244522095,-0.14999999999999997,-0.9270765781402588,-0.03,0.07539457827806473,-0.14999999999999997
2.7445919513702393,0.19166749715805054,0.6473299264907837,-0.06265384703874588,0.010150032117962837,0.05281412973999977,-0.9965851306915283,-0.3131183683872223,0.04351167380809784,-0.013555806130170822,0.6479811668395996,-0.16639606654644012,-0.31801941990852356,-0.5514172315597534,-0.08831954002380371,0.4495302736759186,0.937062680721283,0.1374296396970749,-0.421004980802536,-0.09710419923067093,-0.43802955746650696,0.5410469174385071,0.7288299798965454,-0.14999999999999997,-0.7936857342720032,-0.03,0.01764167658984661,-0.14999999999999997
2.744706153869629,0.18691730499267578,0.6495312452316284,-0.051026057451963425,0.008677780628204346,0.054635465145111084,-0.9971639513969421,-0.31489330530166626,0.0769578143954277,-0.025128517299890518,0.6452814936637878,-0.17914950847625732,-0.317452073097229,-0.5309507846832275,-0.06335781514644623,0.42224642634391785,0.9036610126495361,0.1288900077342987,-0.4019172787666321,-0.10375873744487762,-0.5239489674568176,0.599503755569458,0.7211843729019165,-0.14999999999999997,-0.6453328132629395,-0.06798960268497467,-0.05139245092868805,-0.14999999999999997
2.7452311515808105,0.18198969960212708,0.6517879366874695,-0.03978331387042999,0.006805990822613239,0.05517341196537018,-0.9976605772972107,-0.3162943124771118,0.10921016335487366,-0.03837687894701958,0.6393025517463684,-0.1920469105243683,-0.3153051435947418,-0.5105298757553101,-0.04008166119456291,0.39321887493133545,0.8695240616798401,0.11688081175088882,-0.38362398743629456,-0.10397914052009583,-0.6268332004547119,0.6524790525436401,0.6966123580932617,-0.14999999999999997,-0.48533135652542114,-0.09541814774274826,-0.13023877143859863,-0.13005559146404266
2.746201276779175,0.17716984450817108,0.6538964509963989,-0.02995019033551216,0.00481040682643652,0.053989168256521225,-0.9980806112289429,-0.3171066641807556,0.1373877078294754,-0.05272951349616051,0.6304783225059509,-0.20390821993350983,-0.3116395175457001,-0.4917967617511749,-0.020829685032367706,0.36270871758461,0.8386170864105225,0.10054629296064377,-0.36852872371673584,-0.0997222512960434,-0.7401208877563477,0.6976884603500366,0.6609498262405396,-0.14999999999999997,-0.3212725818157196,-0.11146008968353271,-0.21225681900978088,-0.09815969318151474
2.747547149658203,0.17262248694896698,0.6556471586227417,-0.022078918293118477,0.0027720467187464237,0.05090368911623955,-0.9984555840492249,-0.31822019815444946,0.1598903387784958,-0.06832513213157654,0.6204261779785156,-0.21415014564990997,-0.30709603428840637,-0.4753186106681824,-0.00606118980795145,0.3344990015029907,0.8126132488250732,0.08663494139909744,-0.3577044606208801,-0.09288113564252853,-0.8560200929641724,0.7353937029838562,0.621812105178833,-0.14999999999999997,-0.1625249832868576,-0.11649645119905472,-0.28904709219932556,-0.0599789172410965
2.7491700649261475,0.1685408651828766,0.6569611430168152,-0.016224617138504982,0.0007246564491651952,0.04641425609588623,-0.9987901449203491,-0.32028111815452576,0.17651809751987457,-0.08437217026948929,0.6109804511070251,-0.22180625796318054,-0.3026868999004364,-0.4621485471725464,0.004259848035871983,0.30890679359436035,0.7929599285125732,0.07487963140010834,-0.3514491617679596,-0.08311930298805237,-0.968716561794281,0.765866219997406,0.5838425755500793,-0.14999999999999997,-0.0178508423268795,-0.1112939789891243,-0.3545183539390564,-0.021307136863470078
2.751020669937134,0.16503310203552246,0.6579020619392395,-0.01207958348095417,-0.0010633202036842704,0.041008543223142624,-0.9990852475166321,-0.32348406314849854,0.1879807561635971,-0.0996907576918602,0.6043245792388916,-0.2236911654472351,-0.2992894649505615,-0.45145246386528015,0.010654594749212265,0.28588324785232544,0.7791098356246948,0.0652754083275795,-0.34922274947166443,-0.06944601982831955,-1.0738946199417114,0.78819340467453,0.5492129325866699,-0.14999999999999997,0.10666289925575256,-0.09544844925403595,-0.4043579399585724,0.009790033102035522
2.753031015396118,0.1622091382741928,0.6585771441459656,-0.009296064265072346,-0.002208772813901305,0.03458482027053833,-0.9993560314178467,-0.32676494121551514,0.19435206055641174,-0.11573261022567749,0.5999051332473755,-0.22163251042366028,-0.2969413101673126,-0.44161421060562134,0.013117804192006588,0.26420095562934875,0.7698408365249634,0.0577552504837513,-0.35043707489967346,-0.05190008133649826,-1.1661710739135742,0.7994946837425232,0.5174463987350464,-0.14999999999999997,0.20923590660095215,-0.06949703395366669,-0.4357113540172577,0.026560012251138687
2.755011796951294,0.16024541854858398,0.6589786410331726,-0.007958262227475643,-0.00274921883828938,0.02714991383254528,-0.9995958209037781,-0.3297877311706543,0.19430921971797943,-0.1347261369228363,0.5961709022521973,-0.22267216444015503,-0.2958539128303528,-0.4332217872142792,0.011234627105295658,0.24410457909107208,0.765522837638855,0.05266714096069336,-0.35490182042121887,-0.030476940795779228,-1.239101767539978,0.7971202731132507,0.48968759179115295,-0.14999999999999997,0.29068413376808167,-0.036856137216091156,-0.44910165667533875,0.02703751251101494
2.7567808628082275,0.15936407446861267,0.6590304374694824,-0.008461935445666313,-0.002890014788135886,0.019386103376746178,-0.9997719526290894,-0.33201417326927185,0.18553881347179413,-0.15601582825183868,0.5916591882705688,-0.2302718311548233,-0.2934439480304718,-0.42818084359169006,0.004600655287504196,0.227919340133667,0.7677125334739685,0.05061502382159233,-0.36271747946739197,-0.004024622030556202,-1.2873220443725586,0.7801516056060791,0.47104308009147644,-0.14999999999999997,0.3525952100753784,-0.03,-0.45042023062705994,0.014863493852317333
2.758284330368042,0.15963886678218842,0.6588499546051025,-0.01081395335495472,-0.002635034266859293,0.012677592225372791,-0.9998576045036316,-0.33278295397758484,0.1701032668352127,-0.1775052845478058,0.5898541808128357,-0.23507185280323029,-0.29378899931907654,-0.42641910910606384,-0.006043958943337202,0.218240886926651,0.7751567959785461,0.0517975278198719,-0.37254399061203003,0.03083983063697815,-1.3122962713241577,0.7477646470069885,0.4608505964279175,-0.14999999999999997,0.3983720541000366,-0.03,-0.44934824109077454,-0.005536266136914492
2.7595841884613037,0.16094157099723816,0.6584920883178711,-0.014651473611593246,-0.0018469566712155938,0.008288269862532616,-0.9998565316200256,-0.3311232924461365,0.15016023814678192,-0.19585177302360535,0.5912161469459534,-0.22919577360153198,-0.2973479628562927,-0.4271644949913025,-0.01897810585796833,0.21676521003246307,0.7864487767219543,0.05586933717131615,-0.38325875997543335,0.0777134969830513,-1.3199737071990967,0.6993186473846436,0.452224463224411,-0.14999999999999997,0.4338788688182831,-0.03,-0.45214343070983887,-0.03171992674469948
2.7607131004333496,0.1631569117307663,0.6578700542449951,-0.019704598933458328,-0.0006313003250397742,0.006733578629791737,-0.9997828602790833,-0.32721009850502014,0.1262504905462265,-0.20989900827407837,0.5952745079994202,-0.2203783392906189,-0.3035278916358948,-0.4308628439903259,-0.0329686664044857,0.22430865466594696,0.8016159534454346,0.06252969801425934,-0.3946382701396942,0.13709186017513275,-1.314437985420227,0.6365147829055786,0.4413096606731415,-0.14999999999999997,0.46537861227989197,-0.03,-0.4573555290699005,-0.06121831759810448
2.761669874191284,0.16614961624145508,0.6569710969924927,-0.02595498599112034,0.0008671943214721978,0.007892826572060585,-0.9996314644813538,-0.32166045904159546,0.09956169873476028,-0.21847744286060333,0.6016085743904114,-0.21160247921943665,-0.31169000267982483,-0.4378332197666168,-0.04769493639469147,0.24080036580562592,0.8204164505004883,0.07158567756414413,-0.4066174626350403,0.2062356323003769,-1.2957854270935059,0.5636932849884033,0.42939314246177673,-0.14999999999999997,0.49718227982521057,-0.03,-0.4600888192653656,-0.09191759675741196
2.762465238571167,0.1696881800889969,0.6558371782302856,-0.03319031745195389,0.0026311506517231464,0.01134768221527338,-0.9993810653686523,-0.31469523906707764,0.07202780246734619,-0.22009308636188507,0.6089194416999817,-0.20451951026916504,-0.3205900490283966,-0.4474550485610962,-0.06261079758405685,0.26495787501335144,0.8417876958847046,0.08254317939281464,-0.41884851455688477,0.28144314885139465,-1.2625561952590942,0.4848022162914276,0.4185395836830139,-0.14999999999999997,0.5304623246192932,-0.03,-0.45884355902671814,-0.12472652643918991
2.7631092071533203,0.17352163791656494,0.6545808911323547,-0.04114565998315811,0.004593375138938427,0.016170574352145195,-0.9990116953849792,-0.30629652738571167,0.045446448028087616,-0.21364031732082367,0.6146302223205566,-0.19788473844528198,-0.3281598687171936,-0.4586327373981476,-0.07758008688688278,0.2942125201225281,0.8641167879104614,0.09483802318572998,-0.43090710043907166,0.35833609104156494,-1.2144865989685059,0.40307867527008057,0.41087135672569275,-0.14999999999999997,0.5633540153503418,-0.03,-0.45745810866355896,-0.14999999999999997
2.7635955810546875,0.17746736109256744,0.6533229947090149,-0.04976640269160271,0.006582044064998627,0.021009406074881554,-0.9985181093215942,-0.2966499924659729,0.020650308579206467,-0.1990734040737152,0.6160553693771362,-0.1901812106370926,-0.3321796655654907,-0.47060060501098633,-0.09344232827425003,0.3255591094493866,0.8862588405609131,0.10797908902168274,-0.44284629821777344,0.4318580627441406,-1.1529873609542847,0.3219424784183502,0.4086798429489136,-0.14999999999999997,0.5937087535858154,-0.03,-0.4610072076320648,-0.14999999999999997
2.763885974884033,0.18141056597232819,0.6520543098449707,-0.05906505510210991,0.008362771943211555,0.02490948885679245,-0.9979081153869629,-0.286651074886322,-0.0029639769345521927,-0.17799927294254303,0.6126013994216919,-0.17886625230312347,-0.33180227875709534,-0.4840332865715027,-0.11091441661119461,0.35669124126434326,0.9088808298110962,0.11991695314645767,-0.45485860109329224,0.49807366728782654,-1.081797480583191,0.24465446174144745,0.41199666261672974,-0.14999999999999997,0.620576798915863,-0.03,-0.4720100462436676,-0.14999999999999997
2.763948440551758,0.18522261083126068,0.6506323218345642,-0.06869187951087952,0.009817464277148247,0.027975155040621758,-0.9971972703933716,-0.2772304117679596,-0.026987211778759956,-0.15489181876182556,0.6057663559913635,-0.15875694155693054,-0.32835742831230164,-0.49996471405029297,-0.12911371886730194,0.38636544346809387,0.9332161545753479,0.12731008231639862,-0.4675677418708801,0.5555596947669983,-1.006131649017334,0.17339611053466797,0.41766560077667236,-0.14999999999999997,0.6441851854324341,-0.03,-0.4879145324230194,-0.14999999999999997
2.763838768005371,0.18871136009693146,0.649095892906189,-0.0782335102558136,0.0112021928653121,0.03080052137374878,-0.9963961243629456,-0.26932084560394287,-0.05075947195291519,-0.13462664186954498,0.5998786091804504,-0.14281688630580902,-0.3252568244934082,-0.5173444747924805,-0.1466791033744812,0.4144758880138397,0.9583703875541687,0.12993715703487396,-0.4802071452140808,0.6044467687606812,-0.9307771325111389,0.10882056504487991,0.42104119062423706,-0.14999999999999997,0.6672338843345642,-0.03,-0.5021551251411438,-0.14999999999999997
2.763622522354126,0.1916920393705368,0.6475546956062317,-0.08732796460390091,0.012682524509727955,0.03428603708744049,-0.99550861120224,-0.2622653543949127,-0.06,-0.11673502624034882,0.5957342982292175,-0.13465309143066406,-0.3238280415534973,-0.5348869562149048,-0.16192999482154846,0.4420686662197113,0.9826591610908508,0.12937480211257935,-0.49172443151474,0.6460809111595154,-0.8607290983200073,0.05155476555228233,0.4192975163459778,-0.14999999999999997,0.6926479935646057,-0.03,-0.5095503330230713,-0.14999999999999997
2.763293743133545,0.1939285397529602,0.6459743976593018,-0.09532881528139114,0.014113516546785831,0.0385240875184536,-0.9945999383926392,-0.25639358162879944,-0.06,-0.09965874999761581,0.5933666229248047,-0.1282830387353897,-0.3236111104488373,-0.551077663898468,-0.17326945066452026,0.4682551920413971,1.0039485692977905,0.1280442625284195,-0.5023694634437561,0.680825412273407,-0.8009512424468994,0.03,0.4128187894821167,-0.14999999999999997,0.7213571071624756,-0.03,-0.5087999105453491,-0.14999999999999997
2.762908935546875,0.19524900615215302,0.6445347666740417,-0.10166372358798981,0.015480183996260166,0.04331450164318085,-0.9937547445297241,-0.2514486014842987,-0.06,-0.08405803889036179,0.5924931764602661,-0.12422453612089157,-0.3246164619922638,-0.5647332668304443,-0.17896564304828644,0.492989718914032,1.0220457315444946,0.12889057397842407,-0.5098316073417664,0.7091181874275208,-0.754291832447052,0.03,0.40369755029678345,-0.14999999999999997,0.752333402633667,-0.03,-0.5013895034790039,-0.14999999999999997
2.7624919414520264,0.19563254714012146,0.6433594822883606,-0.10618993639945984,0.016704730689525604,0.04857894033193588,-0.993017852306366,-0.2470923364162445,-0.06,-0.07004029303789139,0.5923892259597778,-0.12249068170785904,-0.32642412185668945,-0.5744059085845947,-0.179200679063797,0.5153844356536865,1.0350359678268433,0.13363608717918396,-0.51423180103302,0.732779324054718,-0.7214815020561218,0.03,0.3914940059185028,-0.14999999999999997,0.7834718227386475,-0.03785521909594536,-0.4899500012397766,-0.14999999999999997
2.762014865875244,0.19515781104564667,0.6425455212593079,-0.1089266687631607,0.01763702742755413,0.05410098284482956,-0.9924197793006897,-0.24324797093868256,-0.06,-0.05774977430701256,0.5921896696090698,-0.12286226451396942,-0.328366756439209,-0.5801151394844055,-0.1745454967021942,0.5348973870277405,1.0426194667816162,0.14197611808776855,-0.5154112577438354,0.7532188892364502,-0.7025869488716125,0.03,0.3742721378803253,-0.14875732362270355,0.8123740553855896,-0.049870364367961884,-0.4771178960800171,-0.14999999999999997
2.7614593505859375,0.19394733011722565,0.6421457529067993,-0.10999905318021774,0.018267478793859482,0.059664033353328705,-0.9919710755348206,-0.23956044018268585,-0.06,-0.047177091240882874,0.5910650491714478,-0.12490127980709076,-0.3298255205154419,-0.5818504691123962,-0.1659310758113861,0.5512486100196838,1.0446406602859497,0.15388129651546478,-0.5133975148200989,0.7706764340400696,-0.6986881494522095,0.03,0.35250961780548096,-0.1453700214624405,0.83811354637146,-0.05405464395880699,-0.46462056040763855,-0.14999999999999997
2.7608346939086914,0.19212907552719116,0.6421804428100586,-0.10954724997282028,0.01865004189312458,0.06522687524557114,-0.9916637539863586,-0.23562516272068024,-0.06,-0.03811279684305191,0.5885950922966003,-0.12856470048427582,-0.3306245803833008,-0.5795222520828247,-0.15411189198493958,0.5648237466812134,1.0408724546432495,0.17000332474708557,-0.5082247853279114,0.7846794724464417,-0.7108287215232849,0.03,0.32873284816741943,-0.1464414894580841,0.8607165217399597,-0.05322814732789993,-0.4519065320491791,-0.14999999999999997
2.760206460952759,0.1898835301399231,0.6427100300788879,-0.10761105269193649,0.01886378973722458,0.07076629251241684,-0.9914918541908264,-0.230757936835289,-0.06,-0.030118582770228386,0.5840420126914978,-0.13328246772289276,-0.3303857445716858,-0.575089693069458,-0.139824777841568,0.5741053223609924,1.0343236923217773,0.18400631844997406,-0.5012640357017517,0.7947466373443604,-0.7391693592071533,0.03,0.3049366772174835,-0.14999999999999997,0.8808576464653015,-0.049089983105659485,-0.43740856647491455,-0.14999999999999997
2.759744644165039,0.1877010613679886,0.6437402963638306,-0.10439643263816833,0.019173860549926758,0.07696811854839325,-0.9913673996925354,-0.2235395461320877,-0.06,-0.020952537655830383,0.5770140886306763,-0.13820482790470123,-0.32952794432640076,-0.5706527829170227,-0.1273927241563797,0.5706444382667542,1.0243710279464722,0.17217817902565002,-0.4916980266571045,0.802445113658905,-0.782804012298584,0.03,0.2809683084487915,-0.14999999999999997,0.9006123542785645,-0.04212747514247894,-0.4209105670452118,-0.14999999999999997
2.7594635486602783,0.18547238409519196,0.6453001499176025,-0.09946117550134659,0.019498230889439583,0.0841677188873291,-0.9912834763526917,-0.21408194303512573,-0.06,-0.01028809230774641,0.5680909156799316,-0.14364656805992126,-0.3285253643989563,-0.5619354844093323,-0.1115759015083313,0.5665063858032227,1.0087393522262573,0.1634434014558792,-0.4790458083152771,0.8081796169281006,-0.8423179388046265,0.03,0.25499260425567627,-0.14999999999999997,0.9199159145355225,-0.0315127819776535,-0.4026185870170593,-0.14030203223228455
2.759413480758667,0.18324321508407593,0.6473497748374939,-0.09291217476129532,0.019865887239575386,0.09117091447114944,-0.9912922978401184,-0.20286209881305695,-0.04194473475217819,-7.519591599702835e-05,0.5574511885643005,-0.14933937788009644,-0.3269829750061035,-0.5488638877868652,-0.09485714882612228,0.5577312707901001,0.9871368408203125,0.15333546698093414,-0.46390289068222046,0.8096390962600708,-0.9168687462806702,0.03,0.22646796703338623,-0.14999999999999997,0.9399153590202332,-0.03,-0.38459157943725586,-0.12760715186595917
2.7595653533935547,0.18096180260181427,0.6498249173164368,-0.08502916246652603,0.020061427727341652,0.09737864881753922,-0.9914054274559021,-0.1906600147485733,-0.018676482141017914,0.008701281622052193,0.544895589351654,-0.15528346598148346,-0.32438793778419495,-0.5320302248001099,-0.07782958447933197,0.5447662472724915,0.9598278403282166,0.14260880649089813,-0.4465232193470001,0.805981457233429,-1.0043261051177979,0.03,0.19604961574077606,-0.14999999999999997,0.9609360098838806,-0.03,-0.36872532963752747,-0.1133999153971672
2.7598583698272705,0.1786271333694458,0.6527246832847595,-0.07626207172870636,0.01976059190928936,0.10272793471813202,-0.9915847778320312,-0.17765377461910248,0.006187808234244585,0.016449373215436935,0.5288377404212952,-0.16140882670879364,-0.31968775391578674,-0.5126554369926453,-0.061014700680971146,0.5287243723869324,0.9267514944076538,0.13146047294139862,-0.4267176687717438,0.7982545495033264,-1.102567434310913,0.03,0.1648378223180771,-0.14999999999999997,0.9827282428741455,-0.03,-0.3580728769302368,-0.09876052290201187
2.76021409034729,0.1762789785861969,0.6560021042823792,-0.06696706265211105,0.01852407678961754,0.10768983513116837,-0.9917535185813904,-0.16443447768688202,0.032119691371917725,0.02446303702890873,0.5085732340812683,-0.1675778031349182,-0.31243079900741577,-0.49233415722846985,-0.04414669796824455,0.5117427110671997,0.8878791928291321,0.12025845795869827,-0.4040135443210602,0.789747953414917,-1.2106895446777344,0.03,0.13505065441131592,-0.14999999999999997,1.0043705701828003,-0.03,-0.3552464246749878,-0.08509472757577896
2.760601758956909,0.17394599318504333,0.6594005227088928,-0.05736927688121796,0.01634793169796467,0.11216085404157639,-0.9918978214263916,-0.15247976779937744,0.05860491096973419,0.032169159501791,0.4866465628147125,-0.17375391721725464,-0.3038116991519928,-0.4719735085964203,-0.027225788682699203,0.4946719706058502,0.8448980450630188,0.10939942300319672,-0.3792954087257385,0.7818983197212219,-1.329787254333496,0.03,0.11032053828239441,-0.14999999999999997,1.0253865718841553,-0.03,-0.35967254638671875,-0.07377543300390244
2.761115074157715,0.1716991513967514,0.6626662611961365,-0.04771875962615013,0.013749983161687851,0.11596937477588654,-0.9920105338096619,-0.1420181542634964,0.08487717062234879,0.03906521573662758,0.4658167362213135,-0.17944106459617615,-0.29548346996307373,-0.4513075053691864,-0.010761830024421215,0.4778628945350647,0.8000364303588867,0.0992286279797554,-0.3541315495967865,0.7742395401000977,-1.4553436040878296,0.03,0.09238236397504807,-0.14999999999999997,1.0454565286636353,-0.03,-0.3676348626613617,-0.06388351321220398
2.761888265609741,0.16963230073451996,0.6656419038772583,-0.0383317694067955,0.01116569247096777,0.11930768936872482,-0.9920541644096375,-0.13232146203517914,0.1100594699382782,0.045521482825279236,0.44719237089157104,-0.1847018599510193,-0.2884919345378876,-0.4302671253681183,0.004792983178049326,0.46224719285964966,0.7552471160888672,0.09002681076526642,-0.32985830307006836,0.7662941217422485,-1.578532099723816,0.03,0.0811329111456871,-0.14999999999999997,1.0639668703079224,-0.03,-0.3742751479148865,-0.05424792692065239
2.762918472290039,0.16782362759113312,0.6680542826652527,-0.02963521145284176,0.008999289944767952,0.12229051440954208,-0.9920108914375305,-0.12416905909776688,0.13310392200946808,0.05103070288896561,0.4339959919452667,-0.1895368993282318,-0.2846328318119049,-0.41003283858299255,0.01915695331990719,0.448927104473114,0.7143879532814026,0.0821310430765152,-0.3084765374660492,0.7585320472717285,-1.6928942203521729,0.03,0.07637812197208405,-0.14999999999999997,1.0797001123428345,-0.03,-0.37532150745391846,-0.045949455350637436
2.7639846801757812,0.1666659563779831,0.6696673035621643,-0.02214459888637066,0.007501601707190275,0.12448501586914062,-0.9919459223747253,-0.1201489195227623,0.15223044157028198,0.05348330736160278,0.43017011880874634,-0.19342032074928284,-0.2854279577732086,-0.3927803039550781,0.031151967123150826,0.43837425112724304,0.6817545890808105,0.07636632025241852,-0.29204314947128296,0.7473495006561279,-1.7903777360916138,0.03,0.07710358500480652,-0.14999999999999997,1.0914119482040405,-0.03,-0.36332398653030396,-0.035673923790454865
2.7650489807128906,0.1661432683467865,0.6703827977180481,-0.01647385209798813,0.006961589679121971,0.12511537969112396,-0.9919809103012085,-0.12022186070680618,0.16585004329681396,0.05097464844584465,0.43507805466651917,-0.19728893041610718,-0.2903675436973572,-0.3799152970314026,0.03953404352068901,0.4296018183231354,0.6615660786628723,0.07275035232305527,-0.2830282151699066,0.7356234788894653,-1.8629347085952759,0.03,0.08311726152896881,-0.14999999999999997,1.1017872095108032,-0.03,-0.3441459834575653,-0.0337415486574173
2.765957832336426,0.16614411771297455,0.6703315377235413,-0.012643241323530674,0.007163368631154299,0.12293644994497299,-0.9923080205917358,-0.12611618638038635,0.17377999424934387,0.040789831429719925,0.448108047246933,-0.199662983417511,-0.29807907342910767,-0.3717934191226959,0.04357398673892021,0.4196482002735138,0.6539100408554077,0.07077375054359436,-0.2816930115222931,0.722136378288269,-1.9082375764846802,0.03,0.09193548560142517,-0.14999999999999997,1.1097548007965088,-0.03,-0.32272714376449585,-0.03983018174767494
2.7666015625,0.16647614538669586,0.6695786714553833,-0.010479070246219635,0.007753659505397081,0.11693532019853592,-0.9930539727210999,-0.1395432949066162,0.17630717158317566,0.020598629489541054,0.4688332974910736,-0.20014609396457672,-0.3076075613498688,-0.369067907333374,0.043302081525325775,0.4053870737552643,0.6590493321418762,0.06777271628379822,-0.28794363141059875,0.7033913135528564,-1.9279508590698242,0.03,0.09786097705364227,-0.14999999999999997,1.1112573146820068,-0.03,-0.30231598019599915,-0.05177265778183937
2.766961097717285,0.1668940633535385,0.6682154536247253,-0.009602690115571022,0.008430813439190388,0.10712593048810959,-0.9941633343696594,-0.1597495675086975,0.17421527206897736,-0.00946415588259697,0.49494099617004395,-0.20027822256088257,-0.31781524419784546,-0.3716876208782196,0.039495211094617844,0.38503167033195496,0.6760145425796509,0.05962769314646721,-0.3014146089553833,0.6778073310852051,-1.926459789276123,0.03,0.0983189195394516,-0.14999999999999997,1.1023733615875244,-0.03,-0.283358097076416,-0.06769600510597229
2.767003297805786,0.1671936959028244,0.6663160920143127,-0.009552252478897572,0.008829943835735321,0.09423436969518661,-0.9954649806022644,-0.18615910410881042,0.1684952676296234,-0.047788575291633606,0.5253969430923462,-0.20066410303115845,-0.32821276783943176,-0.3788125514984131,0.03303644061088562,0.3593601882457733,0.7012714147567749,0.04781012609601021,-0.3197539746761322,0.6461731195449829,-1.908710241317749,0.03,0.09420660883188248,-0.14999999999999997,1.0814427137374878,-0.03,-0.26613447070121765,-0.08727269619703293
2.766747236251831,0.16729092597961426,0.6639106273651123,-0.009811792522668839,0.008992524817585945,0.078752301633358,-0.9968053102493286,-0.21760952472686768,0.15986360609531403,-0.09306351840496063,0.5597697496414185,-0.2016139179468155,-0.33887404203414917,-0.3882989287376404,0.024457944557070732,0.3294878900051117,0.7309712171554565,0.036396708339452744,-0.3409305512905121,0.6090846061706543,-1.8786873817443848,0.03,0.08534306287765503,-0.14999999999999997,1.0498967170715332,-0.03,-0.2499672919511795,-0.11247508227825165
2.7663097381591797,0.16724318265914917,0.6609957814216614,-0.010174919851124287,0.009425322525203228,0.06095711514353752,-0.9980438947677612,-0.2517968714237213,0.14803703129291534,-0.1438557207584381,0.5975855588912964,-0.20315097272396088,-0.34991705417633057,-0.3972029685974121,0.013357182964682579,0.2957468628883362,0.762344241142273,0.02690347097814083,-0.3652511537075043,0.5672329068183899,-1.8374024629592896,0.03,0.07219523936510086,-0.14999999999999997,1.0105265378952026,-0.03,-0.23448458313941956,-0.147183358669281
2.7657930850982666,0.1671297252178192,0.6576806306838989,-0.010306725278496742,0.010491671971976757,0.041301026940345764,-0.9990383386611938,-0.28627580404281616,0.13349123299121857,-0.19752420485019684,0.6376538276672363,-0.2048013061285019,-0.3612683117389679,-0.40447455644607544,0.0006109371897764504,0.2594853341579437,0.7953070998191833,0.021670376881957054,-0.39018580317497253,0.5222333669662476,-1.7837705612182617,0.03,0.05724676698446274,-0.14999999999999997,0.9645196795463562,-0.03,-0.22009746730327606,-0.14999999999999997
2.7652454376220703,0.16696509718894958,0.6540571451187134,-0.009928244166076183,0.012197001837193966,0.020667683333158493,-0.9996626973152161,-0.3207709491252899,0.11737046390771866,-0.24866093695163727,0.6802979707717896,-0.20614823698997498,-0.3725576102733612,-0.40856215357780457,-0.012646188959479332,0.22227446734905243,0.8270140290260315,0.02121640183031559,-0.4151228368282318,0.47681063413619995,-1.7170442342758179,0.03,0.04333845153450966,-0.14999999999999997,0.9120877981185913,-0.03,-0.20760902762413025,-0.14999999999999997
2.7647194862365723,0.16673454642295837,0.650212824344635,-0.008684947155416012,0.014439437538385391,-0.0006900618318468332,-0.9998577237129211,-0.35577473044395447,0.10112719237804413,-0.29368355870246887,0.7253384590148926,-0.20646142959594727,-0.38262301683425903,-0.40875375270843506,-0.02520008385181427,0.1841544806957245,0.8559866547584534,0.025569787248969078,-0.4392354488372803,0.43168720602989197,-1.6378000974655151,0.03,0.03044779598712921,-0.14999999999999997,0.8534173965454102,-0.03,-0.1970578134059906,-0.14999999999999997
2.7642860412597656,0.16644704341888428,0.6463075876235962,-0.006344506051391363,0.017346488311886787,-0.02279842458665371,-0.9995694160461426,-0.39032527804374695,0.08537781983613968,-0.3342111110687256,0.7718124985694885,-0.2034229040145874,-0.3917977809906006,-0.4038584232330322,-0.036416202783584595,0.1440279185771942,0.880932092666626,0.03340950235724449,-0.4620231091976166,0.3861674964427948,-1.5473370552062988,0.03,0.016592709347605705,-0.14999999999999997,0.78575199842453,-0.03,-0.1874551624059677,-0.14999999999999997
2.7640252113342285,0.166155144572258,0.6424843668937683,-0.0030815787613391876,0.02105589397251606,-0.0452568382024765,-0.9987486600875854,-0.42240533232688904,0.07000070810317993,-0.37140992283821106,0.8180028796195984,-0.19602330029010773,-0.4004371166229248,-0.3933696150779724,-0.04613896831870079,0.1019124761223793,0.90131676197052,0.04309967905282974,-0.48349592089653015,0.34056946635246277,-1.4484689235687256,0.03,0.0005619227886199951,-0.14999999999999997,0.710060715675354,-0.03,-0.17558729648590088,-0.14999999999999997
2.763995409011841,0.16597864031791687,0.6390149593353271,0.0003047457430511713,0.025343958288431168,-0.06769546866416931,-0.9973839521408081,-0.4491932690143585,0.05365382879972458,-0.4060187339782715,0.8601155281066895,-0.18457654118537903,-0.4080411493778229,-0.3781561851501465,-0.05569268763065338,0.05839318782091141,0.9172301888465881,0.05242094025015831,-0.5035037398338318,0.29506582021713257,-1.3414092063903809,0.03,-0.014583551324903965,-0.14999999999999997,0.6330738663673401,-0.03,-0.15831002593040466,-0.14999999999999997
2.7640511989593506,0.16608110070228577,0.6360921859741211,0.0030261920765042305,0.029655741527676582,-0.08938208222389221,-0.9955512285232544,-0.46988964080810547,0.03622942045331001,-0.43739038705825806,0.8940339088439941,-0.1737021803855896,-0.4124530553817749,-0.36075660586357117,-0.06622639298439026,0.015541069209575653,0.9295224547386169,0.05995810031890869,-0.5214927792549133,0.2506064772605896,-1.226381540298462,0.03489726781845093,-0.025072304531931877,-0.14999999999999997,0.5504015684127808,-0.049783945083618164,-0.13380150496959686,-0.14999999999999997
2.7640256881713867,0.16658572852611542,0.6335914731025696,0.004471012856811285,0.033430274575948715,-0.10968441516160965,-0.9933940172195435,-0.4851815402507782,0.016802998259663582,-0.4649606943130493,0.919506847858429,-0.16793543100357056,-0.41337907314300537,-0.3445661962032318,-0.07907264679670334,-0.02497689798474312,0.941045880317688,0.06369304656982422,-0.5384673476219177,0.20852838456630707,-1.105156421661377,0.055183544754981995,-0.027498768642544746,-0.14999999999999997,0.458432674407959,-0.08349911868572235,-0.10283810645341873,-0.14999999999999997
2.763906717300415,0.16761133074760437,0.6314899921417236,0.004133665002882481,0.03664605692028999,-0.12727676331996918,-0.9911813735961914,-0.49390679597854614,-0.004069286864250898,-0.4868539273738861,0.9362093210220337,-0.16880983114242554,-0.4115698039531708,-0.3311999440193176,-0.09465571492910385,-0.05924067273736,0.9534464478492737,0.06472241878509521,-0.5542446374893188,0.17234006524085999,-0.9791164398193359,0.07536856085062027,-0.02003592438995838,-0.14999999999999997,0.3559674620628357,-0.11402548104524612,-0.0687263011932373,-0.14999999999999997
2.7636985778808594,0.16924208402633667,0.6298723220825195,0.0016474976437166333,0.0392780639231205,-0.14073166251182556,-0.9892669320106506,-0.49534082412719727,-0.02518240176141262,-0.5008363127708435,0.9441189169883728,-0.1741645187139511,-0.40801021456718445,-0.32161977887153625,-0.11279159039258957,-0.08279123157262802,0.9665901064872742,0.06545747816562653,-0.5681353211402893,0.14504164457321167,-0.848640501499176,0.09289614856243134,-0.0033773425966501236,-0.14999999999999997,0.2415710985660553,-0.1397664099931717,-0.033804528415203094,-0.14999999999999997
2.7634174823760986,0.1715489774942398,0.6288921236991882,-0.003333610948175192,0.04120955243706703,-0.1497231274843216,-0.9878630638122559,-0.4894401431083679,-0.046394094824790955,-0.5062710046768188,0.9425675272941589,-0.18072906136512756,-0.4026295840740204,-0.3162815272808075,-0.1341940015554428,-0.0940326452255249,0.9799363017082214,0.06678697466850281,-0.5797152519226074,0.12588566541671753,-0.7116801142692566,0.10697484016418457,0.023080389946699142,-0.14999999999999997,0.11219876259565353,-0.15906231105327606,0.0022684696596115828,-0.14999999999999997
2.7630958557128906,0.17447595298290253,0.6287868022918701,-0.010708227753639221,0.04215835779905319,-0.1548812985420227,-0.9869749546051025,-0.47695496678352356,-0.06,-0.5030087828636169,0.9293931126594543,-0.18930870294570923,-0.39349356293678284,-0.3149257302284241,-0.15928001701831818,-0.09485676884651184,0.9917641282081604,0.06764252483844757,-0.5882818102836609,0.11169354617595673,-0.5675162672996521,0.11698509752750397,0.05958900228142738,-0.14999999999999997,-0.03611990064382553,-0.16965313255786896,0.0407777801156044,-0.14999999999999997
2.7628157138824463,0.17765261232852936,0.6298981308937073,-0.019845591858029366,0.04166482388973236,-0.15720900893211365,-0.9864863157272339,-0.4636642038822174,-0.06,-0.4845290184020996,0.9088279604911804,-0.17674021422863007,-0.38039901852607727,-0.316045880317688,-0.18698975443840027,-0.0895756408572197,0.9976797103881836,0.06629734486341476,-0.5900000000000001,0.0996539369225502,-0.41794148087501526,0.12288113683462143,0.10250914096832275,-0.14999999999999997,-0.2044532299041748,-0.1681726574897766,0.08072306215763092,-0.14999999999999997
2.7625315189361572,0.1808834820985794,0.6321406364440918,-0.029680078849196434,0.03906494751572609,-0.1578754335641861,-0.9862393736839294,-0.44881612062454224,-0.06,-0.4621148407459259,0.8761568069458008,-0.1645565629005432,-0.3614737391471863,-0.321673184633255,-0.21567575633525848,-0.08057569712400436,0.9985340237617493,0.06264539808034897,-0.5900000000000001,0.08912891149520874,-0.2669324278831482,0.1243441104888916,0.1427052766084671,-0.14999999999999997,-0.3889341354370117,-0.15304231643676758,0.11677088588476181,-0.14999999999999997
2.762247085571289,0.1839032769203186,0.6353644132614136,-0.03926021233201027,0.0338934101164341,-0.15685012936592102,-0.9862595200538635,-0.43470051884651184,-0.06,-0.4371393918991089,0.8327168822288513,-0.1519654542207718,-0.33735090494155884,-0.3342282176017761,-0.24242213368415833,-0.06689030677080154,0.9951358437538147,0.0574471615254879,-0.5863812565803528,0.08216951787471771,-0.1207273006439209,0.12389519065618515,0.1720076948404312,-0.14999999999999997,-0.5847169756889343,-0.12489815801382065,0.14449866116046906,-0.14999999999999997
2.76200008392334,0.18662144243717194,0.6392426490783691,-0.04822433739900589,0.026401787996292114,-0.1542128026485443,-0.9865067601203918,-0.42162656784057617,-0.06,-0.4110713601112366,0.7805321216583252,-0.14000144600868225,-0.3091910183429718,-0.3502902388572693,-0.26644521951675415,-0.052040889859199524,0.9834129810333252,0.04931876063346863,-0.5784376859664917,0.07910875231027603,0.01421582791954279,0.12591207027435303,0.1895495057106018,-0.14999999999999997,-0.7857844829559326,-0.08623668551445007,0.1628093421459198,-0.14999999999999997
2.7620277404785156,0.18906724452972412,0.643688440322876,-0.05602642893791199,0.01789276674389839,-0.1510995328426361,-0.9867672324180603,-0.40708571672439575,-0.06,-0.38647112250328064,0.7206174731254578,-0.12925271689891815,-0.27789852023124695,-0.369965523481369,-0.28677597641944885,-0.035966914147138596,0.9709545969963074,0.03944581747055054,-0.5638133883476257,0.07753518223762512,0.13453857600688934,0.13293109834194183,0.19873622059822083,-0.14995038509368896,-0.9828067421913147,-0.04085412248969078,0.17076940834522247,-0.14999999999999997
2.762178659439087,0.19134461879730225,0.6480679512023926,-0.06286942958831787,0.008839304558932781,-0.1475604623556137,-0.9870132207870483,-0.3923826217651367,-0.06,-0.3635809123516083,0.6578336954116821,-0.11962936818599701,-0.24550914764404297,-0.3886498212814331,-0.30418163537979126,-0.021471858024597168,0.9534706473350525,0.030218472704291344,-0.5503630638122559,0.07734273374080658,0.2394063025712967,0.143876314163208,0.2029876708984375,-0.14999999999999997,-1.1692695617675781,-0.03,0.17085176706314087,-0.14999999999999997
2.762369394302368,0.19350343942642212,0.6520493626594543,-0.06869994848966599,-0.00021863626898266375,-0.14398451149463654,-0.9871922731399536,-0.3782067894935608,-0.06,-0.34317746758461,0.5956436395645142,-0.11121699213981628,-0.21370123326778412,-0.40579402446746826,-0.31880372762680054,-0.008841017261147499,0.9332412481307983,0.02057572267949581,-0.5393574833869934,0.07733973115682602,0.3306942284107208,0.15601707994937897,0.2054441124200821,-0.14999999999999997,-1.3406214714050293,-0.03,0.16692644357681274,-0.14999999999999997
2.762690305709839,0.19554980099201202,0.6557541489601135,-0.07312025874853134,-0.008474699221551418,-0.1411563754081726,-0.9872468113899231,-0.3632033169269562,-0.06,-0.3263276219367981,0.534490168094635,-0.10390599071979523,-0.18268972635269165,-0.4242728650569916,-0.3295687437057495,0.005256652366369963,0.919197142124176,0.013776400126516819,-0.5232557058334351,0.07561065256595612,0.4097108244895935,0.16646318137645721,0.2086639404296875,-0.14999999999999997,-1.4939827919006348,-0.03,0.16206175088882446,-0.14999999999999997
2.7628962993621826,0.1974959820508957,0.6588122844696045,-0.07657281309366226,-0.016295595094561577,-0.13817694783210754,-0.9873084425926208,-0.35013845562934875,-0.06,-0.31167495250701904,0.47830623388290405,-0.09786837548017502,-0.154118612408638,-0.43981942534446716,-0.33788034319877625,0.017079632729291916,0.902452290058136,0.009179164655506611,-0.5114683508872986,0.07444266229867935,0.4746733605861664,0.17384177446365356,0.212556853890419,-0.14999999999999997,-1.6304528713226318,-0.03,0.15961229801177979,-0.14999999999999997
2.7629802227020264,0.1992974877357483,0.6613640189170837,-0.07897821813821793,-0.02348984032869339,-0.13490329682826996,-0.9874267578125,-0.3388548195362091,-0.06,-0.298444926738739,0.4275829493999481,-0.09263985604047775,-0.1283976435661316,-0.4555037319660187,-0.3431943356990814,0.029109161347150803,0.8880206346511841,0.004722104873508215,-0.5000095963478088,0.07437378913164139,0.5248269438743591,0.17921142280101776,0.21620437502861023,-0.14999999999999997,-1.7492784261703491,-0.03,0.1590261608362198,-0.14999999999999997
2.7627570629119873,0.20112037658691406,0.6633316278457642,-0.08078424632549286,-0.029699204489588737,-0.1306956708431244,-0.9876793622970581,-0.3294529616832733,-0.06,-0.28487706184387207,0.38444793224334717,-0.08786377310752869,-0.10665853321552277,-0.4688864052295685,-0.34666040539741516,0.040445927530527115,0.8724777698516846,-0.0016160666709765792,-0.4924865961074829,0.07937290519475937,0.5593596696853638,0.18439504504203796,0.21625109016895294,-0.14999999999999997,-1.8478537797927856,-0.03,0.16314193606376648,-0.14999999999999997
2.7623093128204346,0.20286045968532562,0.6648029088973999,-0.0824522078037262,-0.03454432263970375,-0.12607860565185547,-0.9879838824272156,-0.32058122754096985,-0.06,-0.271283894777298,0.3480425775051117,-0.08347082883119583,-0.08833608031272888,-0.4840552508831024,-0.348918080329895,0.05513068661093712,0.8641496300697327,-0.0071142991073429585,-0.4842367172241211,0.08445090055465698,0.5790966749191284,0.18830855190753937,0.2161594033241272,-0.14999999999999997,-1.9224470853805542,-0.03,0.17223915457725525,-0.14999999999999997
2.761763095855713,0.20440295338630676,0.6658071279525757,-0.08398731797933578,-0.037659961730241776,-0.12134002149105072,-0.9883341789245605,-0.3122042715549469,-0.06,-0.25758281350135803,0.32030588388442993,-0.07933452725410461,-0.07479757815599442,-0.5007308721542358,-0.3495962619781494,0.07375513762235641,0.864837110042572,-0.00997781939804554,-0.4742254912853241,0.08607044816017151,0.5848543047904968,0.1908619999885559,0.21762914955615997,-0.14999999999999997,-1.9721214771270752,-0.03,0.18273760378360748,-0.14999999999999997
2.7610669136047363,0.20572304725646973,0.6661610007286072,-0.08590228110551834,-0.03911605849862099,-0.1163390651345253,-0.9887142181396484,-0.30602312088012695,-0.06,-0.2448463886976242,0.3042813837528229,-0.07575623691082001,-0.06749463081359863,-0.5123597979545593,-0.3511698544025421,0.08978868275880814,0.8646200299263,-0.012367725372314453,-0.47063133120536804,0.08353114128112793,0.5747750997543335,0.1933160424232483,0.22118578851222992,-0.14999999999999997,-1.999327301979065,-0.03,0.19480575621128082,-0.14999999999999997
2.7604730129241943,0.20680098235607147,0.6660775542259216,-0.08793725073337555,-0.038319122046232224,-0.11151958256959915,-0.9891217947006226,-0.3003484010696411,-0.06,-0.232830211520195,0.2996858060359955,-0.07288730144500732,-0.06651442497968674,-0.5194568634033203,-0.35272344946861267,0.10501840710639954,0.8679539561271667,-0.012991727329790592,-0.4694065749645233,0.07543161511421204,0.5505955815315247,0.1955650895833969,0.2298423796892166,-0.14999999999999997,-2.0060386657714844,-0.03,0.2099350243806839,-0.14999999999999997
2.7599570751190186,0.20766577124595642,0.6655048727989197,-0.08993582427501678,-0.03583482652902603,-0.1069624125957489,-0.9895384311676025,-0.29719895124435425,-0.06,-0.22214379906654358,0.3078353703022003,-0.07046636939048767,-0.07243794202804565,-0.5231850147247314,-0.3539557456970215,0.11980760097503662,0.8744264245033264,-0.011013735085725784,-0.4707038700580597,0.062427788972854614,0.5171177387237549,0.19546611607074738,0.24463872611522675,-0.14999999999999997,-1.9970109462738037,-0.03,0.23167333006858826,-0.14999999999999997
2.759490489959717,0.20826132595539093,0.6645052433013916,-0.09175301343202591,-0.03205747902393341,-0.10261703282594681,-0.9899612665176392,-0.29661354422569275,-0.06,-0.2126452475786209,0.32671859860420227,-0.06873218715190887,-0.08408363908529282,-0.5243567824363708,-0.35442298650741577,0.13410012423992157,0.8835355043411255,-0.007017567288130522,-0.4740343391895294,0.045124247670173645,0.4752742350101471,0.19287367165088654,0.2655537724494934,-0.14999999999999997,-1.9752371311187744,-0.03,0.2596241235733032,-0.14999999999999997
2.7590596675872803,0.20854361355304718,0.6631882190704346,-0.09326189756393433,-0.027186447754502296,-0.09833479672670364,-0.9904006123542786,-0.29733705520629883,-0.06,-0.2038755565881729,0.3527967631816864,-0.067730613052845,-0.09965097159147263,-0.5230244994163513,-0.3536725342273712,0.1477077454328537,0.894331693649292,-0.001466361922211945,-0.4787527322769165,0.02413064055144787,0.42596766352653503,0.18772698938846588,0.2922399342060089,-0.14999999999999997,-1.9415117502212524,-0.03,0.29084789752960205,-0.14999999999999997
2.7586631774902344,0.20852336287498474,0.6616743206977844,-0.09449344873428345,-0.021290965378284454,-0.09394904226064682,-0.9908537864685059,-0.29752737283706665,-0.06,-0.19522275030612946,0.3821490705013275,-0.06738263368606567,-0.11722429096698761,-0.5190639495849609,-0.3517181873321533,0.16054365038871765,0.9060050845146179,0.0050196098163723946,-0.4843469560146332,0.00024697629851289093,0.36933276057243347,0.18040359020233154,0.32327622175216675,-0.14999999999999997,-1.8954187631607056,-0.03,0.322531521320343,-0.14999999999999997
2.758253574371338,0.2082168459892273,0.6600608229637146,-0.09538380801677704,-0.014676704071462154,-0.08905361592769623,-0.9913404583930969,-0.2966838479042053,-0.06,-0.18589302897453308,0.4124763607978821,-0.06762922555208206,-0.13567449152469635,-0.5133157968521118,-0.34802600741386414,0.17343293130397797,0.9177778363227844,0.012182818725705147,-0.49004560708999634,-0.02497640997171402,0.3045739233493805,0.17141102254390717,0.35672831535339355,-0.14999999999999997,-1.8371387720108032,-0.03,0.3515941798686981,-0.14999999999999997
2.757814645767212,0.20764729380607605,0.6584380865097046,-0.09578073024749756,-0.0076060169376432896,-0.08317144960165024,-0.991892397403717,-0.2947015166282654,-0.06,-0.17510202527046204,0.442621111869812,-0.06846305727958679,-0.15454982221126556,-0.506424069404602,-0.3418278694152832,0.1871740221977234,0.9288343787193298,0.019810669124126434,-0.4950796961784363,-0.04976982995867729,0.23197561502456665,0.1614151895046234,0.3911706209182739,-0.14999999999999997,-1.7671436071395874,-0.03,0.37565144896507263,-0.14999999999999997
2.757401704788208,0.20684468746185303,0.6569200754165649,-0.09549442678689957,-0.00010057244799099863,-0.07584819942712784,-0.9925360083580017,-0.29088160395622253,-0.06,-0.16207574307918549,0.47164690494537354,-0.069874607026577,-0.17371238768100739,-0.4979943633079529,-0.3324519395828247,0.20196878910064697,0.9381269216537476,0.027605364099144936,-0.49881115555763245,-0.07234350591897964,0.15355852246284485,0.15120919048786163,0.4249396324157715,-0.14999999999999997,-1.6855783462524414,-0.03,0.39397764205932617,-0.14999999999999997
2.7571046352386475,0.20584510266780853,0.6556206941604614,-0.09435142576694489,0.00793762132525444,-0.06674011796712875,-0.9932674765586853,-0.28421103954315186,-0.06,-0.1461876928806305,0.49869275093078613,-0.07188063114881516,-0.19309629499912262,-0.487037718296051,-0.31940552592277527,0.21787871420383453,0.9444905519485474,0.035872966051101685,-0.5006824135780334,-0.09086520969867706,0.07166881859302521,0.14154671132564545,0.4551449120044708,-0.14999999999999997,-1.5922006368637085,-0.03,0.4072776734828949,-0.14999999999999997
2.756972312927246,0.20471127331256866,0.6545417308807373,-0.09237980842590332,0.01649925298988819,-0.05567155033349991,-0.9940292835235596,-0.2742674946784973,-0.06,-0.12701411545276642,0.5235968828201294,-0.0745377168059349,-0.2128245234489441,-0.472009539604187,-0.30322909355163574,0.23415865004062653,0.945510983467102,0.044400185346603394,-0.5023021697998047,-0.10364929586648941,-0.012301245704293251,0.13306169211864471,0.47912225127220154,-0.14999999999999997,-1.4869403839111328,-0.03,0.41740158200263977,-0.14999999999999997
2.7570204734802246,0.20349882543087006,0.6537078619003296,-0.08966603130102158,0.025476355105638504,-0.042787227779626846,-0.9947261214256287,-0.2607158124446869,-0.06,-0.10458928346633911,0.5456468462944031,-0.07750063389539719,-0.2323387712240219,-0.45541876554489136,-0.28400304913520813,0.2527029514312744,0.9446333646774292,0.055630266666412354,-0.500738263130188,-0.10968395322561264,-0.09812822937965393,0.12650589644908905,0.49492865800857544,-0.14999999999999997,-1.368298888206482,-0.03,0.426016241312027,-0.14999999999999997
2.757319211959839,0.2022104412317276,0.653178334236145,-0.08628882467746735,0.034897658973932266,-0.028455689549446106,-0.9952520132064819,-0.24252822995185852,-0.06,-0.0793437510728836,0.5634834170341492,-0.0813475251197815,-0.251319944858551,-0.43795841932296753,-0.26160573959350586,0.27497777342796326,0.9439283013343811,0.07035757601261139,-0.49446386098861694,-0.1085502952337265,-0.1854839324951172,0.12383996695280075,0.5024725198745728,-0.14999999999999997,-1.234246015548706,-0.03,0.43373170495033264,-0.14999999999999997
2.7578282356262207,0.20080207288265228,0.6527554392814636,-0.08272401243448257,0.04417305812239647,-0.012704906985163689,-0.9955118298530579,-0.22136439383029938,-0.06,-0.050988055765628815,0.578031063079834,-0.08566606789827347,-0.26952889561653137,-0.41679105162620544,-0.23885302245616913,0.29744529724121094,0.936373233795166,0.08568112552165985,-0.49099671840667725,-0.0994076132774353,-0.2752765417098999,0.12661506235599518,0.5025971531867981,-0.14999999999999997,-1.0862147808074951,-0.03,0.43976813554763794,-0.14999999999999997
2.758636236190796,0.1991400420665741,0.6527212262153625,-0.07850460708141327,0.05281868577003479,0.0036672705318778753,-0.9955067038536072,-0.19729827344417572,-0.06,-0.02126912772655487,0.5871629118919373,-0.09116899967193604,-0.285746306180954,-0.39692196249961853,-0.2136847972869873,0.3222573399543762,0.9292943477630615,0.10298842191696167,-0.48253220319747925,-0.08347893506288528,-0.36816349625587463,0.13512836396694183,0.49556583166122437,-0.14999999999999997,-0.9270090460777283,-0.03,0.44016212224960327,-0.14999999999999997
2.7595772743225098,0.1971127986907959,0.6529611349105835,-0.07377569377422333,0.05956993252038956,0.02093961462378502,-0.9952738881111145,-0.17380276322364807,-0.04760533943772316,0.009981737472116947,0.5919500589370728,-0.09732886403799057,-0.29992547631263733,-0.37817394733428955,-0.18737143278121948,0.34732338786125183,0.9162131547927856,0.11963743716478348,-0.4740394651889801,-0.060051582753658295,-0.4655993580818176,0.1477711945772171,0.48268935084342957,-0.14999999999999997,-0.7632476687431335,-0.03,0.4325465261936188,-0.14999999999999997
2.7605137825012207,0.1946478635072708,0.6536895036697388,-0.06800949573516846,0.06358662992715836,0.03879138454794884,-0.9949002265930176,-0.15302062034606934,-0.023145146667957306,0.04149184003472328,0.5922285914421082,-0.10500930994749069,-0.311251163482666,-0.36455026268959045,-0.15790870785713196,0.37361207604408264,0.9004470705986023,0.13503079116344452,-0.46027860045433044,-0.029244815930724144,-0.5686547756195068,0.16120260953903198,0.4629548490047455,-0.14999999999999997,-0.5993049740791321,-0.03,0.41164544224739075,-0.14999999999999997
2.7613365650177,0.1917719542980194,0.6548857688903809,-0.061227016150951385,0.06458175927400589,0.05734388530254364,-0.9943802356719971,-0.13588111102581024,0.0037720019463449717,0.07352933287620544,0.5886134505271912,-0.11375266313552856,-0.319812148809433,-0.3555415868759155,-0.12615442276000977,0.39919906854629517,0.8796343803405762,0.145473450422287,-0.4435108006000519,0.01052802987396717,-0.679325520992279,0.17076139152050018,0.4353840947151184,-0.14999999999999997,-0.43697163462638855,-0.0648730993270874,0.37075141072273254,-0.14999999999999997
2.7621021270751953,0.18880461156368256,0.6565797328948975,-0.053791191428899765,0.06308192014694214,0.07612522691488266,-0.9936458468437195,-0.12085942924022675,0.03171294927597046,0.1062999740242958,0.5803372263908386,-0.12295500934123993,-0.3250834345817566,-0.3531920909881592,-0.09499538689851761,0.4158336818218231,0.8587234020233154,0.13173803687095642,-0.4236687421798706,0.05864536762237549,-0.798799455165863,0.17305389046669006,0.402657687664032,-0.14999999999999997,-0.27665790915489197,-0.1021595299243927,0.3061722218990326,-0.12573108077049255
2.762799024581909,0.1856948584318161,0.6585032343864441,-0.04640209302306175,0.05962952598929405,0.0947033166885376,-0.9926340579986572,-0.10764551162719727,0.05912693962454796,0.1392613649368286,0.5686790347099304,-0.1326531022787094,-0.3277471661567688,-0.3519347012042999,-0.06357249617576599,0.43551647663116455,0.8331518173217773,0.12404433637857437,-0.40136417746543884,0.11324811726808548,-0.9260166883468628,0.16823725402355194,0.36938905715942383,-0.14999999999999997,-0.11771199107170105,-0.12941215932369232,0.22109121084213257,-0.09362058341503143
2.763472557067871,0.1826111525297165,0.6605299711227417,-0.03972865641117096,0.05466845631599426,0.11217152327299118,-0.9913880825042725,-0.09604983031749725,0.08398038893938065,0.17136499285697937,0.553739607334137,-0.14200067520141602,-0.32763969898223877,-0.35264676809310913,-0.03465663641691208,0.45429325103759766,0.8062217831611633,0.11523807048797607,-0.37850815057754517,0.17128925025463104,-1.058158278465271,0.157230406999588,0.337765634059906,-0.14999999999999997,0.03990631923079491,-0.14506426453590393,0.12342103570699692,-0.054258860647678375
2.7641098499298096,0.17960183322429657,0.6624707579612732,-0.03392602503299713,0.04840213805437088,0.12833747267723083,-0.989967405796051,-0.08720476180315018,0.10606076568365097,0.20176823437213898,0.5377306938171387,-0.15078461170196533,-0.3258175551891327,-0.355388879776001,-0.008293850347399712,0.47319668531417847,0.779008150100708,0.10800402611494064,-0.35582131147384644,0.23114252090454102,-1.1926594972610474,0.14209392666816711,0.3061392605304718,-0.14999999999999997,0.19315652549266815,-0.14776211977005005,0.022416098043322563,-0.006922093685716391
2.764784097671509,0.17666999995708466,0.6641751527786255,-0.028829453513026237,0.04133768379688263,0.1424671709537506,-0.9885156154632568,-0.0819607526063919,0.12583990395069122,0.228169247508049,0.523327648639679,-0.1590610295534134,-0.32365429401397705,-0.3594362735748291,0.015335721895098686,0.4900834560394287,0.7531015276908875,0.10139607638120651,-0.3346479535102844,0.28977999091148376,-1.3261473178863525,0.1260961890220642,0.2725507915019989,-0.14999999999999997,0.33807966113090515,-0.13601399958133698,-0.07444732636213303,0.045175597071647644
2.765536069869995,0.1738494485616684,0.6655315160751343,-0.024558071047067642,0.03389410302042961,0.15387862920761108,-0.9872027635574341,-0.08096462488174438,0.14312930405139923,0.24863621592521667,0.5120848417282104,-0.1666708141565323,-0.32189637422561646,-0.3646833896636963,0.0356694832444191,0.5037316679954529,0.7303676605224609,0.09542781114578247,-0.31655043363571167,0.3440698981285095,-1.4545835256576538,0.11295595020055771,0.2397637516260147,-0.14999999999999997,0.4715111553668976,-0.11033029854297638,-0.16143804788589478,0.09530740976333618
2.766371726989746,0.17120306193828583,0.666461169719696,-0.021348385140299797,0.026538388803601265,0.16227610409259796,-0.986157238483429,-0.08408751338720322,0.15738672018051147,0.2623533010482788,0.5046205520629883,-0.17333866655826569,-0.32094764709472656,-0.3713194727897644,0.05223667621612549,0.5138353705406189,0.7128922343254089,0.09017451852560043,-0.30279919505119324,0.391926109790802,-1.5731922388076782,0.104352667927742,0.21344418823719025,-0.14999999999999997,0.5913165211677551,-0.07316483557224274,-0.23472313582897186,0.13703426718711853
2.7673118114471436,0.16876955330371857,0.666898250579834,-0.019190553575754166,0.02003982849419117,0.16767442226409912,-0.985451877117157,-0.09001538157463074,0.16850905120372772,0.26934847235679626,0.501545786857605,-0.17903243005275726,-0.3214457929134369,-0.3785844147205353,0.06,0.520147979259491,0.7024447321891785,0.08555302023887634,-0.29448190331459045,0.432375967502594,-1.6768171787261963,0.09939135611057281,0.19711574912071228,-0.14999999999999997,0.6945095062255859,-0.03,-0.29084309935569763,0.16699109971523285
2.7683472633361816,0.16655302047729492,0.666778028011322,-0.017663104459643364,0.015086022205650806,0.16987395286560059,-0.9851919412612915,-0.09826552122831345,0.177413210272789,0.26868197321891785,0.5046818256378174,-0.18393176794052124,-0.3244873285293579,-0.38520219922065735,0.06,0.5214129090309143,0.6998217701911926,0.08119063824415207,-0.29218345880508423,0.46418532729148865,-1.7603908777236938,0.09642644226551056,0.18871639668941498,-0.14999999999999997,0.7765910625457764,-0.03,-0.32571330666542053,0.1857152283191681
2.7694194316864014,0.16462832689285278,0.6661321520805359,-0.01626475714147091,0.01194790005683899,0.16835130751132965,-0.9855203628540039,-0.10951602458953857,0.18493448197841644,0.25845345854759216,0.5153244137763977,-0.188019797205925,-0.33050423860549927,-0.3900664150714874,0.06,0.5158104300498962,0.7040873765945435,0.07686086744070053,-0.29557931423187256,0.4864441156387329,-1.8215539455413818,0.0927584320306778,0.18178942799568176,-0.14999999999999997,0.8370342254638672,-0.03,-0.34183254837989807,0.19572094082832336
2.770371437072754,0.1631600707769394,0.6650354266166687,-0.015054473653435707,0.010316985659301281,0.1623559594154358,-0.9865634441375732,-0.12556087970733643,0.1904328465461731,0.23699714243412018,0.533042848110199,-0.1908181756734848,-0.3385307788848877,-0.3938400447368622,0.06,0.5022211670875549,0.7143383026123047,0.07281863689422607,-0.3041888177394867,0.49761131405830383,-1.8581254482269287,0.08723459392786026,0.17159178853034973,-0.14999999999999997,0.8779860734939575,-0.03,-0.3469177782535553,0.19544687867164612
2.7709927558898926,0.16226208209991455,0.6635361313819885,-0.01429029181599617,0.009562316350638866,0.15157434344291687,-0.9882962107658386,-0.14823217689990997,0.19269117712974548,0.20351356267929077,0.5566117167472839,-0.19242966175079346,-0.34723198413848877,-0.3981678783893585,0.06,0.480784147977829,0.7298800349235535,0.06942402571439743,-0.31726980209350586,0.496507853269577,-1.8689327239990234,0.08059807121753693,0.15690788626670837,-0.14999999999999997,0.9012246131896973,-0.03,-0.34678858518600464,0.18042035400867462
2.7712008953094482,0.16211237013339996,0.6617907285690308,-0.01355808973312378,0.009579986333847046,0.1366257220506668,-0.9904835224151611,-0.17658965289592743,0.19171884655952454,0.16022075712680817,0.5848450064659119,-0.19230230152606964,-0.3559289574623108,-0.4019295573234558,0.06,0.45230069756507874,0.7475982308387756,0.06698921322822571,-0.3328452706336975,0.47961458563804626,-1.8554657697677612,0.0758640319108963,0.13483268022537231,-0.14999999999999997,0.9071378707885742,-0.03,-0.33693671226501465,0.15353776514530182
2.771181344985962,0.1619005799293518,0.65992671251297,-0.012194612994790077,0.010809914208948612,0.11791223287582397,-0.9928901791572571,-0.20662230253219604,0.18916432559490204,0.10845304280519485,0.6147299408912659,-0.1925714910030365,-0.36368104815483093,-0.4017884135246277,0.06,0.415132075548172,0.7650817632675171,0.06373541802167892,-0.349909245967865,0.45511260628700256,-1.8180370330810547,0.06734482944011688,0.10977005958557129,-0.14999999999999997,0.8993690609931946,-0.03,-0.3269912898540497,0.10140612721443176
2.770996332168579,0.16147258877754211,0.6580770015716553,-0.010261571034789085,0.01295324694365263,0.0960235521197319,-0.9952418804168701,-0.23707327246665955,0.18469558656215668,0.05013004317879677,0.644038736820221,-0.1932867020368576,-0.36956775188446045,-0.39747360348701477,0.05265289172530174,0.3702017366886139,0.7807905077934265,0.059665121138095856,-0.3675423562526703,0.42401832342147827,-1.758867859840393,0.057757314294576645,0.08446867763996124,-0.14999999999999997,0.879743754863739,-0.03,-0.31466296315193176,0.030093245208263397
2.7706339359283447,0.16081978380680084,0.6562227606773376,-0.00788489542901516,0.015255250036716461,0.07223127782344818,-0.9972399473190308,-0.26835358142852783,0.1783105880022049,-0.012287911958992481,0.672410786151886,-0.19482417404651642,-0.3737561106681824,-0.39090386033058167,0.04020882397890091,0.32046636939048767,0.7946022152900696,0.055181533098220825,-0.38494572043418884,0.38879603147506714,-1.6844080686569214,0.049640800803899765,0.060250651091337204,-0.14999999999999997,0.8509321808815002,-0.03,-0.30255040526390076,-0.05340266227722168
2.770116090774536,0.15998980402946472,0.6541785597801208,-0.005033004097640514,0.017080295830965042,0.04763616621494293,-0.9987059235572815,-0.3020472228527069,0.17022942006587982,-0.07742027938365936,0.7019510865211487,-0.19708353281021118,-0.3775465786457062,-0.3845047950744629,0.028568224981427193,0.26873284578323364,0.8079819679260254,0.05063541233539581,-0.4022243916988373,0.35164737701416016,-1.602939248085022,0.04543377086520195,0.03741323947906494,-0.14999999999999997,0.814707338809967,-0.03,-0.293479859828949,-0.14078480005264282
2.769618034362793,0.15913458168506622,0.6518745422363281,-0.0016785879852250218,0.0188132394105196,0.022590024396777153,-0.999566376209259,-0.3365764319896698,0.16011378169059753,-0.14401595294475555,0.7330899238586426,-0.19965694844722748,-0.38192495703697205,-0.37744632363319397,0.01773742213845253,0.21577036380767822,0.8214027285575867,0.04654185473918915,-0.41984373331069946,0.3135351836681366,-1.518903374671936,0.04379623383283615,0.013137501664459705,-0.14999999999999997,0.7740067839622498,-0.03,-0.28685081005096436,-0.14999999999999997
2.76924467086792,0.15843090415000916,0.6494138240814209,0.002038261853158474,0.020811449736356735,-0.00267402408644557,-0.9997776746749878,-0.3701562285423279,0.14761418104171753,-0.209919735789299,0.7653769254684448,-0.20011375844478607,-0.3869208097457886,-0.368500679731369,0.00723666325211525,0.16204577684402466,0.8342207670211792,0.0431952141225338,-0.4377579391002655,0.275460809469223,-1.4331576824188232,0.04249667376279831,-0.014083882793784142,-0.14999999999999997,0.7297811508178711,-0.03,-0.28113070130348206,-0.14999999999999997
2.7688775062561035,0.1579962968826294,0.6469730138778687,0.006135370582342148,0.022952640429139137,-0.02758522517979145,-0.9993370175361633,-0.4021327495574951,0.13330908119678497,-0.27298399806022644,0.7976455688476562,-0.19728322327136993,-0.3917545676231384,-0.3576177656650543,-0.002487863413989544,0.10875139385461807,0.8448343276977539,0.04094171151518822,-0.454611599445343,0.23838432133197784,-1.3467539548873901,0.04154831916093826,-0.04420800879597664,-0.14999999999999997,0.6723623871803284,-0.03,-0.27384915947914124,-0.14999999999999997
2.7684314250946045,0.15791910886764526,0.6445357799530029,0.00996621698141098,0.024751296266913414,-0.051641445606946945,-0.9983090758323669,-0.4319014549255371,0.11624646186828613,-0.33242347836494446,0.8277654647827148,-0.194277822971344,-0.39553937315940857,-0.34727710485458374,-0.012200143188238144,0.05835821107029915,0.8549084663391113,0.04039548709988594,-0.4706844985485077,0.20343029499053955,-1.2609479427337646,0.04311080276966095,-0.07444681227207184,-0.14999999999999997,0.6073383092880249,-0.03,-0.26112067699432373,-0.14999999999999997
2.7679693698883057,0.15825866162776947,0.6423184275627136,0.012940582819283009,0.02628314308822155,-0.07429775595664978,-0.9968055486679077,-0.45631861686706543,0.0965382382273674,-0.38651391863822937,0.8519418239593506,-0.19468525052070618,-0.3970148265361786,-0.3372780680656433,-0.02293386310338974,0.012269732542335987,0.8641006350517273,0.04148273915052414,-0.48567816615104675,0.17067329585552216,-1.1729042530059814,0.04855838418006897,-0.10041794180870056,-0.14999999999999997,0.5364187359809875,-0.030532605946063995,-0.23979222774505615,-0.14999999999999997
2.7674968242645264,0.1590508222579956,0.6404646635055542,0.014671687968075275,0.02785349451005459,-0.09487151354551315,-0.9949915409088135,-0.4733946919441223,0.07520870119333267,-0.4332670271396637,0.8688591718673706,-0.199085533618927,-0.39601221680641174,-0.32704833149909973,-0.03508380427956581,-0.028009751811623573,0.8721613883972168,0.04433174058794975,-0.4992257356643677,0.1399754136800766,-1.0793477296829224,0.057507745921611786,-0.11961664259433746,-0.14999999999999997,0.45594894886016846,-0.06997023522853851,-0.2061612904071808,-0.14999999999999997
2.7670066356658936,0.16032204031944275,0.6389106512069702,0.014791470021009445,0.029552090913057327,-0.11297313868999481,-0.9930481910705566,-0.48325255513191223,0.05273682624101639,-0.4714803099632263,0.8794302940368652,-0.2064214050769806,-0.3931499421596527,-0.3172817826271057,-0.04926920309662819,-0.06128654628992081,0.8805385828018188,0.04885518550872803,-0.5118895173072815,0.11076056212186813,-0.978297233581543,0.06923943758010864,-0.12868736684322357,-0.14999999999999997,0.36399757862091064,-0.10445960611104965,-0.15900811553001404,-0.14999999999999997
2.766496181488037,0.16209562122821808,0.6375954151153564,0.01296342071145773,0.031135380268096924,-0.1280239075422287,-0.9911974668502808,-0.48696720600128174,0.029721371829509735,-0.49899759888648987,0.8844785690307617,-0.21508914232254028,-0.38877400755882263,-0.3096088171005249,-0.0660296380519867,-0.08568297326564789,0.8906391859054565,0.05505335330963135,-0.5240469574928284,0.08356913924217224,-0.869218111038208,0.0833125114440918,-0.12296944856643677,-0.14999999999999997,0.25975894927978516,-0.13176728785037994,-0.10112670809030533,-0.14999999999999997
2.765899658203125,0.16430893540382385,0.6367277503013611,0.008895833976566792,0.032047905027866364,-0.13893064856529236,-0.9897432923316956,-0.48716479539871216,0.007231913506984711,-0.5108094811439514,0.8857631683349609,-0.21260902285575867,-0.38326504826545715,-0.3060915172100067,-0.08542759716510773,-0.09846537560224533,0.9019308090209961,0.06251662969589233,-0.534573495388031,0.06121759116649628,-0.7522991895675659,0.09786119312047958,-0.10132964700460434,-0.14999999999999997,0.14062833786010742,-0.14920906722545624,-0.038990236818790436,-0.14999999999999997
2.7651515007019043,0.16694197058677673,0.6365931034088135,0.002364988438785076,0.03187717869877815,-0.14566995203495026,-0.9888166189193726,-0.4828219413757324,-0.014536854811012745,-0.5082142353057861,0.8785082101821899,-0.20484620332717896,-0.3742232322692871,-0.3076160252094269,-0.10833375155925751,-0.09997107088565826,0.9132194519042969,0.06936759501695633,-0.5425706505775452,0.043747708201408386,-0.6257275938987732,0.11024289578199387,-0.06482012569904327,-0.14999999999999997,0.002915641525760293,-0.15564726293087006,0.02093534916639328,-0.14999999999999997
2.764204263687134,0.1700073927640915,0.6373260617256165,-0.0067727831192314625,0.030149850994348526,-0.14819106459617615,-0.9884757995605469,-0.474079430103302,-0.03557978942990303,-0.49123290181159973,0.8598682284355164,-0.19336256384849548,-0.36030274629592896,-0.31555041670799255,-0.1348772495985031,-0.08875416219234467,0.9234927892684937,0.0769801065325737,-0.5472058653831482,0.030074330046772957,-0.48757264018058777,0.11834915727376938,-0.016184747219085693,-0.14999999999999997,-0.15581582486629486,-0.15119975805282593,0.07551781088113785,-0.14999999999999997
2.763026714324951,0.1733444482088089,0.6388482451438904,-0.017911851406097412,0.026197757571935654,-0.14667178690433502,-0.9886758327484131,-0.46316346526145935,-0.055709630250930786,-0.46280643343925476,0.8298713564872742,-0.17973977327346802,-0.34145447611808777,-0.3321773111820221,-0.16352882981300354,-0.06487976014614105,0.9323146939277649,0.0849807858467102,-0.5480132102966309,0.020193394273519516,-0.34099826216697693,0.12064389884471893,0.037395693361759186,-0.14999999999999997,-0.3328759968280792,-0.1349073201417923,0.12101692706346512,-0.14999999999999997
2.7616899013519287,0.17663829028606415,0.6410043239593506,-0.029771961271762848,0.019757075235247612,-0.141651451587677,-0.9892714619636536,-0.4523749053478241,-0.06,-0.42720702290534973,0.7901304364204407,-0.16546718776226044,-0.3183475434780121,-0.3584092855453491,-0.19168910384178162,-0.03234346583485603,0.9393243193626404,0.08857493847608566,-0.5449680685997009,0.015424267388880253,-0.19394278526306152,0.11846137046813965,0.08656731992959976,-0.14999999999999997,-0.5206156373023987,-0.10725165158510208,0.15363356471061707,-0.14999999999999997
2.760385751724243,0.17969995737075806,0.6437182426452637,-0.04138192906975746,0.011500743217766285,-0.13432760536670685,-0.9900056719779968,-0.4412311017513275,-0.06,-0.38858938217163086,0.7418407201766968,-0.1517181098461151,-0.29185751080513,-0.39163005352020264,-0.2174510508775711,0.004026993177831173,0.9439795017242432,0.08560473471879959,-0.537697970867157,0.01502399891614914,-0.05383829399943352,0.11542512476444244,0.1266605257987976,-0.14999999999999997,-0.7104305028915405,-0.07213616371154785,0.17283910512924194,-0.14999999999999997
2.7592411041259766,0.18250355124473572,0.6468236446380615,-0.052440471947193146,0.0023108860477805138,-0.126134991645813,-0.9906232357025146,-0.42850929498672485,-0.06,-0.350104957818985,0.6861110329627991,-0.13888530433177948,-0.2623373866081238,-0.42668765783309937,-0.24031589925289154,0.04070289060473442,0.9437928199768066,0.0792846605181694,-0.5282007455825806,0.015318669378757477,0.07525942474603653,0.11414629966020584,0.16034896671772003,-0.14999999999999997,-0.896952211856842,-0.03241957724094391,0.18250973522663116,-0.14999999999999997
2.758307456970215,0.18509435653686523,0.6499727964401245,-0.06279535591602325,-0.007186557166278362,-0.11797701567411423,-0.9910026788711548,-0.4142936170101166,-0.06,-0.31389713287353516,0.6257379651069641,-0.12726540863513947,-0.2310551404953003,-0.4609764516353607,-0.26029449701309204,0.0763678178191185,0.9392489790916443,0.07252689450979233,-0.5184671878814697,0.013323010876774788,0.19238078594207764,0.11484371870756149,0.1922369748353958,-0.14999999999999997,-1.0777101516723633,-0.03,0.18665802478790283,-0.14999999999999997
2.75762939453125,0.18752948939800262,0.6529213786125183,-0.07225321233272552,-0.016453882679343224,-0.11004454642534256,-0.9911603331565857,-0.39876997470855713,-0.06,-0.28068533539772034,0.5635716915130615,-0.11697735637426376,-0.19952864944934845,-0.4946056306362152,-0.2768302857875824,0.11223914474248886,0.9339054822921753,0.06865596771240234,-0.5075664520263672,0.008794130757451057,0.29665663838386536,0.1162714809179306,0.22468829154968262,-0.14999999999999997,-1.2496397495269775,-0.03,0.1869567185640335,-0.14999999999999997
2.757171154022217,0.18986950814723969,0.6555137634277344,-0.08083102107048035,-0.02514192834496498,-0.10195102542638779,-0.9911811351776123,-0.3820835053920746,-0.06,-0.24962669610977173,0.5017055869102478,-0.10795845836400986,-0.1689993292093277,-0.5278035402297974,-0.2893546223640442,0.15051798522472382,0.9297260046005249,0.06959297508001328,-0.4953138530254364,0.0033815200440585613,0.38644006848335266,0.11699708551168442,0.2575948238372803,-0.14999999999999997,-1.4092401266098022,-0.03,0.18373848497867584,-0.14999999999999997
2.756830930709839,0.1921607404947281,0.6575894355773926,-0.08879401534795761,-0.0330742672085762,-0.09299648553133011,-0.9911474585533142,-0.36487945914268494,-0.06,-0.2190084159374237,0.4425258934497833,-0.09959681332111359,-0.14066745340824127,-0.5590318441390991,-0.2985799014568329,0.19039221107959747,0.9244924187660217,0.07363271713256836,-0.4851105213165283,-0.0009247134439647198,0.45970869064331055,0.11595776677131653,0.2901538908481598,-0.14999999999999997,-1.5536326169967651,-0.03,0.17714303731918335,-0.14999999999999997
2.7565858364105225,0.1943950057029724,0.6591760516166687,-0.09605935961008072,-0.03992810100317001,-0.08296171575784683,-0.991108238697052,-0.34718236327171326,-0.06,-0.18834435939788818,0.38750284910202026,-0.0919024795293808,-0.11545399576425552,-0.5886420607566833,-0.30410343408584595,0.23234905302524567,0.9201850891113281,0.08024387061595917,-0.47560665011405945,-0.003950741607695818,0.5150389671325684,0.11193931847810745,0.3224485218524933,-0.14999999999999997,-1.6795666217803955,-0.03,0.1663261204957962,-0.14999999999999997
2.756269693374634,0.19675695896148682,0.6603329181671143,-0.10226313769817352,-0.04535430297255516,-0.07209905236959457,-0.9911038875579834,-0.330266535282135,-0.06,-0.15822066366672516,0.33988121151924133,-0.0849066749215126,-0.09463003277778625,-0.615211009979248,-0.3062467873096466,0.2739628851413727,0.9164204597473145,0.08734003454446793,-0.46651947498321533,-0.0018967872019857168,0.5508691072463989,0.10579182952642441,0.35097500681877136,-0.14999999999999997,-1.784067153930664,-0.03,0.15575921535491943,-0.14999999999999997
2.7558984756469727,0.19890689849853516,0.6609543561935425,-0.10777942836284637,-0.04929950088262558,-0.061452899128198624,-0.9910481572151184,-0.31541013717651367,-0.06,-0.1304107904434204,0.301810622215271,-0.07873911410570145,-0.07882750034332275,-0.639090359210968,-0.3065299987792969,0.3129960000514984,0.9156411290168762,0.092967689037323,-0.45949745178222656,-0.0035601560957729816,0.5670878291130066,0.09488039463758469,0.38053882122039795,-0.14999999999999997,-1.8625656366348267,-0.03,0.14747431874275208,-0.14999999999999997
2.755401134490967,0.20067258179187775,0.6611074805259705,-0.11226751655340195,-0.05145208537578583,-0.05201667919754982,-0.9909808039665222,-0.3043001592159271,-0.06,-0.10698478668928146,0.29000000000000004,-0.07386474311351776,-0.06938217580318451,-0.6582555174827576,-0.30551502108573914,0.3459773063659668,0.9175961017608643,0.09628984332084656,-0.45476701855659485,-0.012670627795159817,0.5631168484687805,0.0801238939166069,0.4119027853012085,-0.14999999999999997,-1.9107530117034912,-0.03,0.14149080216884613,-0.14999999999999997
2.754749059677124,0.20189888775348663,0.660921037197113,-0.11564406007528305,-0.051533278077840805,-0.044065166264772415,-0.9909737706184387,-0.2967120409011841,-0.06,-0.08812231570482254,0.29000000000000004,-0.07041763514280319,-0.06648353487253189,-0.6707456111907959,-0.30341804027557373,0.37222492694854736,0.9210435748100281,0.09948399662971497,-0.451928973197937,-0.030667882412672043,0.5352004170417786,0.06871231645345688,0.44640350341796875,-0.14999999999999997,-1.9283833503723145,-0.03,0.1385175883769989,-0.14999999999999997
2.754039764404297,0.2026202529668808,0.6605822443962097,-0.1176246926188469,-0.04948553070425987,-0.03741200640797615,-0.9911184310913086,-0.2918965518474579,-0.06,-0.07341397553682327,0.29000000000000004,-0.06854889541864395,-0.07008690387010574,-0.6746904850006104,-0.3000034987926483,0.39154356718063354,0.923793613910675,0.10460498183965683,-0.450102299451828,-0.057124439626932144,0.49236050248146057,0.06026125326752663,0.4857867956161499,-0.14999999999999997,-1.9195778369903564,-0.03,0.13853617012500763,-0.14999999999999997
2.7532577514648438,0.20277275145053864,0.660194456577301,-0.11774221062660217,-0.045959651470184326,-0.03158712387084961,-0.9914770722389221,-0.29097142815589905,-0.06,-0.06219850480556488,0.29000000000000004,-0.068173848092556,-0.07998425513505936,-0.6707366108894348,-0.29373136162757874,0.40458187460899353,0.9241228103637695,0.11287820339202881,-0.4479878842830658,-0.08975040167570114,0.43987008929252625,0.05818958580493927,0.5279155373573303,-0.14999999999999997,-1.8915671110153198,-0.03,0.14013755321502686,-0.14999999999999997
2.7523810863494873,0.20227563381195068,0.6598286032676697,-0.11562903970479965,-0.041476089507341385,-0.0262923464179039,-0.9920778274536133,-0.2941564917564392,-0.06,-0.05426282063126564,0.31019270420074463,-0.06958968192338943,-0.09527213871479034,-0.659866452217102,-0.2835036814212799,0.411143958568573,0.9211973547935486,0.12335208803415298,-0.4447457194328308,-0.12711599469184875,0.3826013505458832,0.06457960605621338,0.5703076720237732,-0.14999999999999997,-1.8490304946899414,-0.03,0.14126887917518616,-0.14999999999999997
2.751518964767456,0.2011125087738037,0.6595649123191833,-0.11128443479537964,-0.0358923077583313,-0.021449893712997437,-0.9929085969924927,-0.29878535866737366,-0.06,-0.0494266115128994,0.34358876943588257,-0.07282761484384537,-0.11411265283823013,-0.6416593790054321,-0.26959487795829773,0.4106207489967346,0.914655864238739,0.13455401360988617,-0.4403436779975891,-0.16875340044498444,0.32452842593193054,0.07919108122587204,0.6122726202011108,-0.14999999999999997,-1.7924320697784424,-0.03,0.14113952219486237,-0.14999999999999997
2.750819206237793,0.19937172532081604,0.6593907475471497,-0.10513816773891449,-0.029028132557868958,-0.01708187907934189,-0.9938870072364807,-0.30218780040740967,-0.06,-0.04738697037100792,0.3801650106906891,-0.07760127633810043,-0.13485577702522278,-0.6161123514175415,-0.2533695697784424,0.40293726325035095,0.9045237898826599,0.1442360132932663,-0.43617889285087585,-0.21407784521579742,0.26778295636177063,0.10091551393270493,0.653603196144104,-0.14999999999999997,-1.7233327627182007,-0.03,0.14103002846240997,-0.14999999999999997
2.7503557205200195,0.19716057181358337,0.6593117117881775,-0.09754902124404907,-0.021090222522616386,-0.013248423114418983,-0.9949190020561218,-0.3032388389110565,-0.06,-0.04807291179895401,0.41711655259132385,-0.08399678021669388,-0.15631794929504395,-0.5863928198814392,-0.2348770946264267,0.3900674283504486,0.8941323161125183,0.15205934643745422,-0.43032947182655334,-0.261594295501709,0.2125912308692932,0.1290472447872162,0.6925715208053589,-0.14999999999999997,-1.6444519758224487,-0.03,0.1420900821685791,-0.14999999999999997
2.750070333480835,0.19452685117721558,0.6592139005661011,-0.0889391377568245,-0.012715335004031658,-0.009671934880316257,-0.9959088563919067,-0.30306413769721985,-0.06,-0.0509009025990963,0.4539127051830292,-0.09163530170917511,-0.17804940044879913,-0.5540658235549927,-0.21474216878414154,0.3729367256164551,0.8820484280586243,0.15556681156158447,-0.425264447927475,-0.3079926669597626,0.1598375290632248,0.16409577429294586,0.726052463054657,-0.14999999999999997,-1.559414267539978,-0.03,0.14478911459445953,-0.14999999999999997
2.749899387359619,0.19150198996067047,0.6590203046798706,-0.0794794112443924,-0.004601890221238136,-0.00623049633577466,-0.9968063831329346,-0.30331939458847046,-0.06,-0.05588783696293831,0.4905422627925873,-0.10048728436231613,-0.1998792290687561,-0.5232217311859131,-0.1924818456172943,0.3527638912200928,0.871181070804596,0.1514635980129242,-0.420318603515625,-0.34988993406295776,0.11282388865947723,0.20765987038612366,0.751462459564209,-0.14999999999999997,-1.472662091255188,-0.03,0.14999817311763763,-0.14999999999999997
2.7497453689575195,0.1882050782442093,0.6585046648979187,-0.06953006982803345,0.0025959427002817392,-0.002665917854756117,-0.9975728392601013,-0.3064243793487549,-0.0401613675057888,-0.06289442628622055,0.528709352016449,-0.11037489771842957,-0.22243520617485046,-0.497578889131546,-0.16832169890403748,0.330990731716156,0.8641557693481445,0.13791295886039734,-0.4164086878299713,-0.38487085700035095,0.07365269958972931,0.25919824838638306,0.7678337097167969,-0.14999999999999997,-1.3881174325942993,-0.03,0.1612226516008377,-0.14999999999999997
2.749544143676758,0.1846938580274582,0.6574468612670898,-0.05954127758741379,0.008649728260934353,0.0007885044906288385,-0.9981880187988281,-0.3136731684207916,-0.011648498475551605,-0.07258941233158112,0.5694169998168945,-0.12113440781831741,-0.2459343522787094,-0.4769766628742218,-0.14244671165943146,0.31238511204719543,0.8602691292762756,0.12634289264678955,-0.4136260449886322,-0.41292604804039,0.040997620671987534,0.3153156638145447,0.7744738459587097,-0.14999999999999997,-1.307403802871704,-0.03,0.18315772712230682,-0.14999999999999997
2.7493338584899902,0.1810663640499115,0.6559005975723267,-0.049821872264146805,0.01376169454306364,0.0032487756107002497,-0.9986578822135925,-0.3241463005542755,0.015399789437651634,-0.08624134957790375,0.6108444333076477,-0.13250476121902466,-0.2691630423069,-0.46090102195739746,-0.11690017580986023,0.2942669093608856,0.8603231310844421,0.1142851784825325,-0.4129072427749634,-0.43616530299186707,0.012846777215600014,0.37223300337791443,0.772207498550415,-0.14999999999999997,-1.2310618162155151,-0.03,0.21716049313545227,-0.1485069990158081
2.749176263809204,0.1774236112833023,0.6540219783782959,-0.04072824865579605,0.018009556457400322,0.004306912887841463,-0.9989986419677734,-0.3366614580154419,0.03975389152765274,-0.10367468744516373,0.6506615877151489,-0.14381973445415497,-0.29085657000541687,-0.44846537709236145,-0.09316186606884003,0.2760179042816162,0.8634814620018005,0.10254750400781631,-0.4141988158226013,-0.4561862051486969,-0.011300105601549149,0.42654091119766235,0.7657221555709839,-0.14999999999999997,-1.1607979536056519,-0.03,0.2611299455165863,-0.11393827199935913
2.7491531372070312,0.17393578588962555,0.6519472599029541,-0.032747041434049606,0.021441517397761345,0.00423204991966486,-0.9992246627807617,-0.3496851921081543,0.060312118381261826,-0.12311756610870361,0.6868380904197693,-0.15488894283771515,-0.31032824516296387,-0.4394722878932953,-0.07236076891422272,0.25866904854774475,0.8694052696228027,0.09171712398529053,-0.4174715578556061,-0.4733686149120331,-0.03022247925400734,0.4749218225479126,0.7605672478675842,-0.14999999999999997,-1.0994290113449097,-0.03,0.31051912903785706,-0.08641622215509415
2.7493844032287598,0.17080187797546387,0.6497983336448669,-0.026428233832120895,0.024319877848029137,0.0037941536866128445,-0.9993475079536438,-0.3609519898891449,0.07633781433105469,-0.1414056420326233,0.7180337309837341,-0.16527369618415833,-0.327528178691864,-0.4334743320941925,-0.05534668639302254,0.24434150755405426,0.8780645728111267,0.08257613331079483,-0.42273086309432983,-0.48717522621154785,-0.04242659732699394,0.5141589045524597,0.7605307102203369,-0.14999999999999997,-1.0498133897781372,-0.03,0.36046960949897766,-0.07089312374591827
2.7499148845672607,0.1681571900844574,0.6477206945419312,-0.022157836705446243,0.026778927072882652,0.0036475902888923883,-0.9993889927864075,-0.368826299905777,0.08760681748390198,-0.15566550195217133,0.7432485222816467,-0.1741553544998169,-0.3423183560371399,-0.4301012456417084,-0.042633458971977234,0.2346467524766922,0.8890281319618225,0.07562895119190216,-0.4296264350414276,-0.4974198639392853,-0.04718158394098282,0.5420101881027222,0.7685742974281311,-0.14999999999999997,-1.0150326490402222,-0.03,0.40646892786026,-0.06890975683927536
2.750666856765747,0.1660211980342865,0.6459452509880066,-0.019970381632447243,0.028601670637726784,0.003966503776609898,-0.9993833899497986,-0.37308016419410706,0.09445970505475998,-0.16460244357585907,0.761253833770752,-0.18081727623939514,-0.35387149453163147,-0.4291602671146393,-0.03428913280367851,0.22967040538787842,0.9006912708282471,0.0706799328327179,-0.4370633363723755,-0.5048636794090271,-0.04266315698623657,0.5588692426681519,0.7876108288764954,-0.14999999999999997,-0.9989055395126343,-0.03,0.4452810287475586,-0.07838016003370285
2.7515177726745605,0.16441428661346436,0.6447134017944336,-0.019848646596074104,0.029516125097870827,0.005148612894117832,-0.9993538856506348,-0.3734799027442932,0.09747112542390823,-0.16679276525974274,0.770490288734436,-0.1850501149892807,-0.36123403906822205,-0.4307699501514435,-0.030056621879339218,0.22989100217819214,0.9113104939460754,0.06728965789079666,-0.4436335563659668,-0.5078926086425781,-0.029081013053655624,0.5652855038642883,0.8132598400115967,-0.14999999999999997,-1.0038872957229614,-0.03578561916947365,0.4755789041519165,-0.09473355114459991
2.752450704574585,0.16333715617656708,0.6441709995269775,-0.021701594814658165,0.029686685651540756,0.007673375774174929,-0.9992941617965698,-0.3690035939216614,0.09738726168870926,-0.16085882484912872,0.7702675461769104,-0.18676944077014923,-0.36415746808052063,-0.4340760409832001,-0.029384534806013107,0.2360357642173767,0.9196370840072632,0.06574835628271103,-0.4484783113002777,-0.503836989402771,-0.0082319974899292,0.5607154965400696,0.8371583819389343,-0.14999999999999997,-1.0294004678726196,-0.043898794800043106,0.4970623850822449,-0.11442800611257553
2.753560781478882,0.1627744883298874,0.6443525552749634,-0.02541651576757431,0.02952585183084011,0.011788984760642052,-0.9991711378097534,-0.3581584095954895,0.09461988508701324,-0.1462392657995224,0.7602173089981079,-0.18632258474826813,-0.3629959225654602,-0.4377652108669281,-0.03194466605782509,0.24811352789402008,0.9252394437789917,0.06601332128047943,-0.45161721110343933,-0.49167242646217346,0.01851358823478222,0.5444508194923401,0.8531685471534729,-0.14999999999999997,-1.075247049331665,-0.04817342385649681,0.5087491273880005,-0.13745787739753723
2.754962682723999,0.1627333015203476,0.6452515721321106,-0.030914926901459694,0.02915794588625431,0.017473552376031876,-0.9989438652992249,-0.34050822257995605,0.08896995335817337,-0.12309861928224564,0.7401987910270691,-0.18365050852298737,-0.35781311988830566,-0.4412747323513031,-0.03765710070729256,0.26603665947914124,0.9279640913009644,0.06834352016448975,-0.45325320959091187,-0.47288382053375244,0.051879432052373886,0.5169666409492493,0.8616980910301208,-0.14999999999999997,-1.1430003643035889,-0.0449620857834816,0.5083616971969604,-0.14999999999999997
2.7567546367645264,0.1632610708475113,0.6467636227607727,-0.038076288998126984,0.02835216000676155,0.02429019846022129,-0.9985769987106323,-0.3171462118625641,0.07966706901788712,-0.09297129511833191,0.7105576992034912,-0.17870599031448364,-0.3487836420536041,-0.4451826512813568,-0.04671827703714371,0.2890312671661377,0.9283477663993835,0.07256043702363968,-0.45400986075401306,-0.45016205310821533,0.09362286329269409,0.4801318943500519,0.8660234808921814,-0.14999999999999997,-1.2341554164886475,-0.03261595964431763,0.49370428919792175,-0.14999999999999997
2.7589409351348877,0.16434764862060547,0.6485389471054077,-0.04665355756878853,0.026654737070202827,0.03170638903975487,-0.9980518221855164,-0.29136374592781067,0.06606709212064743,-0.05896041914820671,0.6741123199462891,-0.17216868698596954,-0.33697509765625,-0.45149359107017517,-0.05862647294998169,0.31669387221336365,0.9284511804580688,0.07890509814023972,-0.45502838492393494,-0.4254315495491028,0.14344125986099243,0.43700265884399414,0.866710364818573,-0.14999999999999997,-1.3486909866333008,-0.03,0.4641949236392975,-0.14999999999999997
2.7614786624908447,0.16581439971923828,0.6502667665481567,-0.05609767511487007,0.023987215012311935,0.039340030401945114,-0.9973614811897278,-0.26570695638656616,0.04889432713389397,-0.02403600886464119,0.6339821815490723,-0.16474579274654388,-0.323688268661499,-0.4609299898147583,-0.07205851376056671,0.3477593958377838,0.9296056032180786,0.08686478435993195,-0.4569680690765381,-0.39970025420188904,0.19824519753456116,0.39056751132011414,0.8612512946128845,-0.14999999999999997,-1.4825847148895264,-0.03,0.42222604155540466,-0.14999999999999997
2.7642507553100586,0.16737470030784607,0.6518223285675049,-0.06560558080673218,0.02078554965555668,0.04680626839399338,-0.9965304732322693,-0.24105185270309448,0.029990607872605324,0.009302987717092037,0.592479407787323,-0.15748199820518494,-0.3099057376384735,-0.47205308079719543,-0.08548086881637573,0.3796299695968628,0.9315378069877625,0.09532592445611954,-0.4597400426864624,-0.37447312474250793,0.2542095482349396,0.34407147765159607,0.8486905097961426,-0.14999999999999997,-1.6316533088684082,-0.03,0.3718835711479187,-0.14999999999999997
2.7671959400177,0.16880427300930023,0.6533395051956177,-0.07427573949098587,0.017582381144165993,0.05350867658853531,-0.9956458806991577,-0.21678699553012848,0.011451954022049904,0.039179395884275436,0.5498322248458862,-0.15093012154102325,-0.29548946022987366,-0.48182761669158936,-0.0980590358376503,0.40846195816993713,0.9319771528244019,0.1030055433511734,-0.4624324142932892,-0.35161736607551575,0.3080489933490753,0.3007063567638397,0.8314864635467529,-0.14999999999999997,-1.7867164611816406,-0.03,0.315380722284317,-0.14999999999999997
2.7701385021209717,0.1700582057237625,0.6549569368362427,-0.08156349509954453,0.013992562890052795,0.05848913639783859,-0.9948519468307495,-0.19469332695007324,-0.005617577116936445,0.06324350088834763,0.5062454342842102,-0.14522546529769897,-0.2796980142593384,-0.4899187684059143,-0.10977832973003387,0.4313022792339325,0.9291718602180481,0.10937593132257462,-0.4639781415462494,-0.33397936820983887,0.3559626042842865,0.2610483467578888,0.8148936629295349,-0.14999999999999997,-1.937027096748352,-0.03,0.2541505992412567,-0.14999999999999997
2.7727696895599365,0.171161949634552,0.6565721035003662,-0.08704528957605362,0.009788848459720612,0.060415755957365036,-0.9943224191665649,-0.178226038813591,-0.020224807783961296,0.07809571176767349,0.4653756618499756,-0.140472412109375,-0.2632100284099579,-0.4967667758464813,-0.12090007960796356,0.4451009929180145,0.9235305190086365,0.11390629410743713,-0.46446692943573,-0.32344722747802734,0.39409536123275757,0.22649358212947845,0.7989245653152466,-0.14999999999999997,-2.078221082687378,-0.03,0.1918230950832367,-0.14999999999999997
2.775012493133545,0.17223337292671204,0.6582478880882263,-0.09023964405059814,0.005451544187963009,0.05878536030650139,-0.9941686391830444,-0.16847103834152222,-0.030987119302153587,0.08256356418132782,0.4313410818576813,-0.13587629795074463,-0.2470306009054184,-0.5000635981559753,-0.13156375288963318,0.4477560222148895,0.9138230681419373,0.11692125350236893,-0.46342307329177856,-0.31619125604629517,0.42072051763534546,0.19920633733272552,0.7779088616371155,-0.14999999999999997,-2.20283579826355,-0.03,0.1429920345544815,-0.14999999999999997
2.776860475540161,0.1730748564004898,0.6599643230438232,-0.09199726581573486,0.0020955384243279696,0.05448988825082779,-0.9942649602890015,-0.16104601323604584,-0.03888888657093048,0.07994180917739868,0.4020068347454071,-0.13193759322166443,-0.2304229438304901,-0.49852868914604187,-0.14249587059020996,0.44126781821250916,0.9019373059272766,0.11819527298212051,-0.4617813229560852,-0.3133728504180908,0.43602266907691956,0.17797933518886566,0.7521629929542542,-0.14999999999999997,-2.304198980331421,-0.03,0.10836929082870483,-0.14999999999999997
2.7782628536224365,0.17367102205753326,0.661597728729248,-0.09226580709218979,-0.0005152154481038451,0.049529798328876495,-0.9945015907287598,-0.15504689514636993,-0.04301172122359276,0.07439447194337845,0.37699437141418457,-0.12898501753807068,-0.21572722494602203,-0.4938885271549225,-0.1510959267616272,0.4300478398799896,0.8885774612426758,0.118268683552742,-0.4589178264141083,-0.30947309732437134,0.4405175745487213,0.16323132812976837,0.7213732600212097,-0.14999999999999997,-2.3825676441192627,-0.03,0.08313141018152237,-0.14999999999999997
2.7791805267333984,0.17405325174331665,0.662987470626831,-0.09128087759017944,-0.0026862425729632378,0.04519294947385788,-0.9947955012321472,-0.14973045885562897,-0.04354228079319,0.06878753751516342,0.35488903522491455,-0.12776997685432434,-0.20439425110816956,-0.4884987473487854,-0.15602423250675201,0.4178759753704071,0.8752818703651428,0.11759370565414429,-0.45489758253097534,-0.3017582297325134,0.4347345232963562,0.1569230705499649,0.6867183446884155,-0.14999999999999997,-2.441425323486328,-0.03,0.0641857236623764,-0.14999999999999997
2.77974009513855,0.1742892861366272,0.6640129089355469,-0.08942650258541107,-0.004241144750267267,0.0412897989153862,-0.9951280951499939,-0.1449771225452423,-0.04146359860897064,0.06278423964977264,0.3363841772079468,-0.12940961122512817,-0.19682204723358154,-0.48274901509284973,-0.1581772416830063,0.405242383480072,0.8638084530830383,0.11619576811790466,-0.4510157108306885,-0.2908068597316742,0.42137280106544495,0.15717893838882446,0.6472771167755127,-0.14999999999999997,-2.484254837036133,-0.03,0.05385756120085716,-0.14999999999999997
2.7800817489624023,0.1744370460510254,0.6651154160499573,-0.08794008195400238,-0.005178268067538738,0.037563420832157135,-0.9954037070274353,-0.14170460402965546,-0.03986254334449768,0.05699823051691055,0.32260939478874207,-0.12838073074817657,-0.18828964233398438,-0.47623980045318604,-0.16095541417598724,0.39252060651779175,0.8525335192680359,0.11344695091247559,-0.44701552391052246,-0.27674537897109985,0.4024779796600342,0.160684272646904,0.6018216013908386,-0.14999999999999997,-2.514249086380005,-0.03,0.05732310190796852,-0.14999999999999997
2.780177116394043,0.1744004786014557,0.6659584641456604,-0.08692262321710587,-0.005569920409470797,0.03360004723072052,-0.9956326484680176,-0.13802945613861084,-0.03889100253582001,0.05069151893258095,0.30944696068763733,-0.12886205315589905,-0.1798689365386963,-0.47075754404067993,-0.1641952246427536,0.3795083165168762,0.8449333310127258,0.10848112404346466,-0.44469767808914185,-0.26083821058273315,0.37956494092941284,0.16808205842971802,0.5519899129867554,-0.14999999999999997,-2.5322329998016357,-0.03,0.07484171539545059,-0.14999999999999997
2.7800076007843018,0.17400020360946655,0.6664705276489258,-0.0863962173461914,-0.0053528714925050735,0.029393622651696205,-0.9958126544952393,-0.1354530155658722,-0.03829963877797127,0.043460533022880554,0.3000834286212921,-0.12943460047245026,-0.17290373146533966,-0.46614256501197815,-0.1675100028514862,0.36682888865470886,0.8412465453147888,0.10313680022954941,-0.44420960545539856,-0.24394963681697845,0.3539268672466278,0.17949426174163818,0.49888876080513,-0.14999999999999997,-2.537579298019409,-0.03,0.10404311120510101,-0.14956051111221313
2.7796027660369873,0.1730419099330902,0.6665900349617004,-0.08608338236808777,-0.004259911365807056,0.024984639137983322,-0.9959653615951538,-0.13438670337200165,-0.03710491955280304,0.034823428839445114,0.2967323958873749,-0.131037175655365,-0.16873885691165924,-0.4617181420326233,-0.16977763175964355,0.35504651069641113,0.8420203924179077,0.10003338009119034,-0.4447958469390869,-0.2265665978193283,0.3265157639980316,0.1954130232334137,0.44236135482788086,-0.14999999999999997,-2.5300238132476807,-0.03,0.1406679004430771,-0.11700428277254105
2.779024600982666,0.17138074338436127,0.6663489937782288,-0.08554287999868393,-0.002049292903393507,0.02036873809993267,-0.9961240887641907,-0.13495193421840668,-0.03412657976150513,0.02434178628027439,0.3008900582790375,-0.13406841456890106,-0.16829420626163483,-0.4572158753871918,-0.16947714984416962,0.3447176218032837,0.8483932018280029,0.10176992416381836,-0.4441848397254944,-0.2085120975971222,0.29773804545402527,0.21684841811656952,0.38149112462997437,-0.14999999999999997,-2.5097992420196533,-0.03,0.18048468232154846,-0.09340747445821762
2.778287172317505,0.16899168491363525,0.6657282114028931,-0.08462203294038773,0.0012307912111282349,0.015545585192739964,-0.9962909817695618,-0.13766200840473175,-0.029077516868710518,0.01167603861540556,0.31328046321868896,-0.13863889873027802,-0.17199209332466125,-0.45219364762306213,-0.1664733737707138,0.3347678780555725,0.8600066304206848,0.10583575814962387,-0.4464641809463501,-0.18923185765743256,0.26725882291793823,0.24510934948921204,0.31537172198295593,-0.14999999999999997,-2.4784047603607178,-0.03,0.22011464834213257,-0.0782817006111145
2.777336835861206,0.1660138964653015,0.6646367907524109,-0.08354198932647705,0.0051444219425320625,0.010525520890951157,-0.9964353442192078,-0.14370127022266388,-0.022830892354249954,-0.0034068343229591846,0.3339325189590454,-0.14471235871315002,-0.17961758375167847,-0.4467751383781433,-0.16231198608875275,0.3223486542701721,0.8740102648735046,0.0980597659945488,-0.4509443938732147,-0.16937202215194702,0.2356712371110916,0.2796563506126404,0.24580031633377075,-0.14999999999999997,-2.4386374950408936,-0.03,0.255645215511322,-0.06865870952606201
2.776124954223633,0.16242672502994537,0.6630752086639404,-0.08226706832647324,0.009203152731060982,0.004995417781174183,-0.9965552687644958,-0.15385015308856964,-0.015592250041663647,-0.021703533828258514,0.3614300489425659,-0.15221232175827026,-0.19009512662887573,-0.4419299364089966,-0.15619005262851715,0.31256523728370667,0.8904685378074646,0.09045776724815369,-0.45718348026275635,-0.1518733650445938,0.20490780472755432,0.31862586736679077,0.17707596719264984,-0.14999999999999997,-2.393078327178955,-0.03,0.28182199597358704,-0.06108887493610382
2.774693489074707,0.15815161168575287,0.6612091660499573,-0.08060875535011292,0.013155668042600155,-0.0014877503272145987,-0.9966577887535095,-0.1669439822435379,-0.00717569375410676,-0.043761465698480606,0.39171069860458374,-0.16125302016735077,-0.20118749141693115,-0.4379894435405731,-0.1465681940317154,0.3076050281524658,0.9096316695213318,0.09435398876667023,-0.4656962454319,-0.1400463730096817,0.17778600752353668,0.3597477376461029,0.11328134685754776,-0.14999999999999997,-2.343909978866577,-0.03,0.29240137338638306,-0.05519383028149605
2.773127317428589,0.15316259860992432,0.6592682003974915,-0.07860486209392548,0.017066914588212967,-0.00923108495771885,-0.9967169165611267,-0.1804722100496292,0.002183350268751383,-0.06933560967445374,0.4197900593280792,-0.171939417719841,-0.2103036493062973,-0.43401771783828735,-0.13477075099945068,0.3057404160499573,0.9304171204566956,0.08902985602617264,-0.47163525223731995,-0.13609887659549713,0.15703044831752777,0.4009585678577423,0.05686388164758682,-0.14999999999999997,-2.2911765575408936,-0.03,0.2873227298259735,-0.05327221378684044
2.771491527557373,0.14751695096492767,0.6574097275733948,-0.07639375329017639,0.020874451845884323,-0.018280688673257828,-0.9966915249824524,-0.1931440830230713,0.012077265419065952,-0.09782665222883224,0.44278281927108765,-0.18380282819271088,-0.21609286963939667,-0.42844173312187195,-0.12201070040464401,0.30617600679397583,0.9490483403205872,0.07556280493736267,-0.47585761547088623,-0.14029495418071747,0.14251679182052612,0.44047510623931885,0.006726045161485672,-0.14999999999999997,-2.236525535583496,-0.03,0.2680858075618744,-0.053753796964883804
2.7698140144348145,0.1412920504808426,0.655619740486145,-0.0742475837469101,0.024289503693580627,-0.028071561828255653,-0.9965487122535706,-0.20514580607414246,0.02204657532274723,-0.12778139114379883,0.46042197942733765,-0.19664861261844635,-0.21863539516925812,-0.42052388191223145,-0.10894612967967987,0.3090742528438568,0.9601777791976929,0.061363548040390015,-0.48261603713035583,-0.15081799030303955,0.1322459727525711,0.47645652294158936,-0.03898295760154724,-0.14999999999999997,-2.1829066276550293,-0.03,0.2381378561258316,-0.050343651324510574
2.7680888175964355,0.13456609845161438,0.653727650642395,-0.07261297851800919,0.026921071112155914,-0.03775062412023544,-0.9962817430496216,-0.21747536957263947,0.03134077414870262,-0.1575303077697754,0.4740026891231537,-0.21031878888607025,-0.21885786950588226,-0.4103264808654785,-0.09658528119325638,0.31424328684806824,0.9611469507217407,0.0505162738263607,-0.49488288164138794,-0.16500818729400635,0.12502530217170715,0.5072341561317444,-0.08083674311637878,-0.14999999999999997,-2.1324164867401123,-0.03,0.20355981588363647,-0.03948717564344406
2.7662277221679688,0.1275511234998703,0.6514820456504822,-0.07208609580993652,0.028450854122638702,-0.0468921884894371,-0.9958891272544861,-0.23194238543510437,0.03829150274395943,-0.1862442046403885,0.48626580834388733,-0.22384700179100037,-0.217941552400589,-0.39807865023612976,-0.0878126248717308,0.31658226251602173,0.9515020847320557,0.03785189241170883,-0.5175650715827942,-0.18084482848644257,0.12044055759906769,0.5308948755264282,-0.1193099096417427,-0.14999999999999997,-2.084522008895874,-0.03,0.1736575812101364,-0.02324419468641281
2.7646491527557373,0.12070107460021973,0.6500014066696167,-0.07153276354074478,0.030262235552072525,-0.05654877424240112,-0.9953739643096924,-0.24346032738685608,0.04459930956363678,-0.2118178904056549,0.49363377690315247,-0.22475025057792664,-0.2144158035516739,-0.39678755402565,-0.08027402311563492,0.2994178831577301,0.9616256356239319,0.04876454919576645,-0.520761251449585,-0.1998782902956009,0.12192767858505249,0.5460124015808105,-0.15432573854923248,-0.14999999999999997,-2.032226085662842,-0.03,0.15388962626457214,-0.008991476148366928
2.7631425857543945,0.11434438079595566,0.6491712331771851,-0.07131551951169968,0.03164621815085411,-0.06493616104125977,-0.9948344826698303,-0.2566680312156677,0.049070991575717926,-0.23257142305374146,0.5053244829177856,-0.21396194398403168,-0.22109471261501312,-0.39710476994514465,-0.08010366559028625,0.26654013991355896,0.9673712253570557,0.02253153547644615,-0.5216432213783264,-0.21808817982673645,0.12875495851039886,0.5525972843170166,-0.18255998194217682,-0.14999999999999997,-1.9780352115631104,-0.03,0.14815935492515564,0.005343847442418337
2.7615268230438232,0.1081455647945404,0.6488251090049744,-0.07057902216911316,0.03159492462873459,-0.07308310270309448,-0.9943234324455261,-0.27614814043045044,0.05610954016447067,-0.2507491707801819,0.5225010514259338,-0.20132364332675934,-0.24318113923072815,-0.39847415685653687,-0.07662390917539597,0.24210712313652039,0.9687114953994751,0.012247259728610516,-0.5198078751564026,-0.23709581792354584,0.13875408470630646,0.5528921484947205,-0.20132289826869965,-0.14999999999999997,-1.92704176902771,-0.03,0.15398254990577698,0.02255953848361969
2.759834051132202,0.10227812081575394,0.6488223671913147,-0.0693683847784996,0.030413219705224037,-0.08182241767644882,-0.9937645792961121,-0.2996166944503784,0.06636719405651093,-0.266384094953537,0.5369548797607422,-0.19710908830165863,-0.254214346408844,-0.4012381434440613,-0.07393801212310791,0.2155493050813675,0.9668667316436768,-0.0003211221774108708,-0.5161107182502747,-0.25789913535118103,0.15151406824588776,0.5485260486602783,-0.21008063852787018,-0.14999999999999997,-1.8807346820831299,-0.03,0.16702605783939362,0.04098575934767723
2.7583253383636475,0.09679216891527176,0.648915708065033,-0.06782347708940506,0.02940462715923786,-0.09078820794820786,-0.9931226968765259,-0.32133299112319946,0.0783781111240387,-0.279866099357605,0.5466351509094238,-0.2004891037940979,-0.252919465303421,-0.40220290422439575,-0.07137972861528397,0.1887906789779663,0.9632356762886047,-0.01153243612498045,-0.512580394744873,-0.279208242893219,0.1667148321866989,0.5428765416145325,-0.21143455803394318,-0.14999999999999997,-1.8373910188674927,-0.03,0.1821012794971466,0.061207354068756104
2.7570953369140625,0.09171146899461746,0.6487909555435181,-0.06593234837055206,0.02935764566063881,-0.10019323229789734,-0.9923467636108398,-0.3381388187408447,0.09029746800661087,-0.29256710410118103,0.5524426698684692,-0.20429061353206635,-0.24692098796367645,-0.4002838134765625,-0.06929513067007065,0.16001902520656586,0.9599810242652893,-0.023044245317578316,-0.5103627443313599,-0.30030402541160583,0.1795710325241089,0.5388572216033936,-0.21401630342006683,-0.14999999999999997,-1.7960864305496216,-0.03,0.19535395503044128,0.08815033733844757
2.7560348510742188,0.08696553111076355,0.6482378244400024,-0.06345120072364807,0.030046112835407257,-0.10956760495901108,-0.9914968609809875,-0.3504902124404907,0.10168305784463882,-0.3042182922363281,0.5565579533576965,-0.20322726666927338,-0.23946325480937958,-0.3970631957054138,-0.06622272729873657,0.1309991180896759,0.9583690762519836,-0.03362438082695007,-0.5099157094955444,-0.3193216025829315,0.18691162765026093,0.5379107594490051,-0.22274580597877502,-0.14999999999999997,-1.7562694549560547,-0.03,0.2047487497329712,0.1237735003232956
2.754955530166626,0.08254621922969818,0.6471564173698425,-0.06035253778100014,0.03077566996216774,-0.11876599490642548,-0.9906084537506104,-0.3615679144859314,0.11171507835388184,-0.3155061602592468,0.5620676279067993,-0.19615164399147034,-0.23048774898052216,-0.3953249752521515,-0.06203174218535423,0.10247618705034256,0.9594429135322571,-0.044010065495967865,-0.5108432769775391,-0.3357711136341095,0.1886596828699112,0.5399755835533142,-0.23598316311836243,-0.14999999999999997,-1.7178685665130615,-0.03,0.21074944734573364,0.16642709076404572
2.753802537918091,0.07852564752101898,0.6454782485961914,-0.05698246508836746,0.03133884817361832,-0.12770907580852509,-0.9896772503852844,-0.37218737602233887,0.11902829259634018,-0.32599952816963196,0.5705001950263977,-0.18485362827777863,-0.2197980135679245,-0.39633870124816895,-0.05751775577664375,0.07556892931461334,0.9644381403923035,-0.05371200293302536,-0.5136682987213135,-0.34902334213256836,0.18615573644638062,0.5442759990692139,-0.25183969736099243,-0.14999999999999997,-1.6804577112197876,-0.03,0.21652023494243622,0.21221210062503815
2.7526590824127197,0.07499398291110992,0.6431571245193481,-0.05372699722647667,0.03211164101958275,-0.13644814491271973,-0.9886678457260132,-0.38050538301467896,0.12263898551464081,-0.335130900144577,0.5814581513404846,-0.171709805727005,-0.209507018327713,-0.3993537724018097,-0.053773317486047745,0.05043410509824753,0.9742646813392639,-0.062355488538742065,-0.5192795395851135,-0.3587650954723358,0.18049979209899902,0.5500751733779907,-0.2703559696674347,-0.14999999999999997,-1.6435514688491821,-0.03,0.2253473699092865,0.2599577009677887
2.751574754714966,0.07196038961410522,0.6401738524436951,-0.05063125863671303,0.033332496881484985,-0.14523541927337646,-0.9875383973121643,-0.38587525486946106,0.12266503274440765,-0.3439982831478119,0.5941435098648071,-0.15905754268169403,-0.20073916018009186,-0.4035142958164215,-0.05128445476293564,0.026249270886182785,0.9889495968818665,-0.07002712786197662,-0.5279728174209595,-0.36534544825553894,0.1712961345911026,0.5570054054260254,-0.293560266494751,-0.14999999999999997,-1.6070314645767212,-0.03,0.2381223887205124,0.31080421805381775
2.7506115436553955,0.06935786455869675,0.6374881267547607,-0.04876382648944855,0.034943170845508575,-0.15305836498737335,-0.986394464969635,-0.39842715859413147,0.12077680230140686,-0.3653113842010498,0.6092860698699951,-0.1652221828699112,-0.20120559632778168,-0.40651118755340576,-0.05139588192105293,0.005329858046025038,1.0032970905303955,-0.07656324654817581,-0.5365676283836365,-0.3666844666004181,0.15716201066970825,0.5618622899055481,-0.32452118396759033,-0.14999999999999997,-1.5709599256515503,-0.03,0.25564664602279663,0.36557066440582275
2.7497432231903076,0.06699057668447495,0.6349948048591614,-0.04775111749768257,0.03687458485364914,-0.15976019203662872,-0.985310435295105,-0.41277962923049927,0.11738606542348862,-0.3894267976284027,0.627299964427948,-0.17340826988220215,-0.20561163127422333,-0.4086969494819641,-0.052753690630197525,-0.012413018383085728,1.017379641532898,-0.08220116049051285,-0.5450729131698608,-0.36280226707458496,0.13746550679206848,0.5658341646194458,-0.36491841077804565,-0.14999999999999997,-1.535328984260559,-0.03,0.27312129735946655,0.4235074818134308
2.7488934993743896,0.06463579088449478,0.6324080228805542,-0.04660332575440407,0.038672126829624176,-0.16639646887779236,-0.9841974973678589,-0.4279569387435913,0.11354672908782959,-0.4136013090610504,0.6464182138442993,-0.18019036948680878,-0.21049828827381134,-0.4113091230392456,-0.05400336533784866,-0.030059482902288437,1.0316612720489502,-0.08778931200504303,-0.5536923408508301,-0.3563896715641022,0.11144619435071945,0.5704813599586487,-0.4141373634338379,-0.14999999999999997,-1.5001505613327026,-0.03,0.2858613431453705,0.48114022612571716
2.748044490814209,0.06218862161040306,0.6298244595527649,-0.04500133544206619,0.040212925523519516,-0.17344160377979279,-0.9829931855201721,-0.44428160786628723,0.10968994349241257,-0.4391474723815918,0.6653096079826355,-0.18642012774944305,-0.21491961181163788,-0.41393032670021057,-0.05484575778245926,-0.04921725392341614,1.044892430305481,-0.09382089227437973,-0.5618347525596619,-0.3486683964729309,0.07778257876634598,0.575419008731842,-0.47142481803894043,-0.14999999999999997,-1.4650506973266602,-0.03,0.2918720245361328,0.5370901226997375
2.7471840381622314,0.059641990810632706,0.6273478269577026,-0.04292486608028412,0.04149897024035454,-0.18094617128372192,-0.9816789627075195,-0.46130064129829407,0.10594745725393295,-0.4658527970314026,0.6829123497009277,-0.19189348816871643,-0.21828696131706238,-0.41620856523513794,-0.05524609610438347,-0.07004593312740326,1.0563572645187378,-0.10024207085371017,-0.569145143032074,-0.3393644094467163,0.03460456058382988,0.5790467858314514,-0.5368431210517883,-0.14999999999999997,-1.4294650554656982,-0.03,0.29152533411979675,0.5916996598243713
2.746293067932129,0.05703428015112877,0.6249388456344604,-0.04047573357820511,0.04246790334582329,-0.18878337740898132,-0.9802647829055786,-0.479289710521698,0.10198754072189331,-0.4932987093925476,0.6997895240783691,-0.1959483027458191,-0.22082288563251495,-0.418653666973114,-0.05535672977566719,-0.09195386618375778,1.066605806350708,-0.1069016307592392,-0.5757986307144165,-0.32806387543678284,-0.017620470374822617,0.5797842741012573,-0.6069426536560059,-0.14999999999999997,-1.3930188417434692,-0.03,0.2873293161392212,0.6449171304702759
2.7454121112823486,0.054392579942941666,0.6225754022598267,-0.03774860128760338,0.04323308542370796,-0.19651365280151367,-0.978819727897644,-0.4977315664291382,0.09807091951370239,-0.5203686356544495,0.7163510918617249,-0.19817198812961578,-0.2230718731880188,-0.42125919461250305,-0.05495360866189003,-0.11398160457611084,1.075968861579895,-0.11367854475975037,-0.5819199681282043,-0.31392160058021545,-0.0765051394701004,0.5768405795097351,-0.6773648262023926,-0.14999999999999997,-1.3551748991012573,-0.037421125918626785,0.2810248136520386,0.6964149475097656
2.7445852756500244,0.05175606161355972,0.6202614307403564,-0.03488766774535179,0.043911464512348175,-0.2037900984287262,-0.9774067401885986,-0.5159035325050354,0.0944446548819542,-0.5460390448570251,0.732547402381897,-0.1988907754421234,-0.22523324191570282,-0.42389410734176636,-0.05402163416147232,-0.13537032902240753,1.084668517112732,-0.12050943821668625,-0.5875979065895081,-0.296339750289917,-0.13980765640735626,0.5696501731872559,-0.74524986743927,-0.14999999999999997,-1.3160004615783691,-0.04772762954235077,0.27368438243865967,0.7463890314102173
2.743813991546631,0.049179740250110626,0.6179854273796082,-0.032072875648736954,0.044539034366607666,-0.21058931946754456,-0.9760326147079468,-0.5333232283592224,0.09077703952789307,-0.5703390836715698,0.7481753826141357,-0.19871510565280914,-0.2274159938097,-0.4266120195388794,-0.05298054218292236,-0.15580682456493378,1.093111276626587,-0.1272849291563034,-0.5900000000000001,-0.27537012100219727,-0.2062877118587494,0.5569485425949097,-0.8095479607582092,-0.14999999999999997,-1.2759860754013062,-0.05764706805348396,0.2663134038448334,0.7951229810714722
2.7431042194366455,0.04668775945901871,0.6157187223434448,-0.029418177902698517,0.045087751001119614,-0.21697917580604553,-0.9746904373168945,-0.5498119592666626,0.08683724701404572,-0.5935338735580444,0.7629916667938232,-0.19890448451042175,-0.22951188683509827,-0.4295963943004608,-0.05216645821928978,-0.1751842200756073,1.10169517993927,-0.13390439748764038,-0.5900000000000001,-0.2511656582355499,-0.274951308965683,0.5385804772377014,-0.8703855276107788,-0.14999999999999997,-1.2354731559753418,-0.06727573275566101,0.2598671019077301,0.8421836495399475
2.7424802780151367,0.044270552694797516,0.613438606262207,-0.026935892179608345,0.04550999030470848,-0.22303582727909088,-0.973374605178833,-0.5654408931732178,0.08265814185142517,-0.6158463358879089,0.7768520712852478,-0.20028573274612427,-0.23146827518939972,-0.43296289443969727,-0.051678795367479324,-0.19363759458065033,1.1106270551681519,-0.14041733741760254,-0.5900000000000001,-0.22376438975334167,-0.345264196395874,0.5155092477798462,-0.9290438890457153,-0.14999999999999997,-1.194610834121704,-0.07688608765602112,0.2551101744174957,0.8872509002685547
2.741952419281006,0.041910696774721146,0.6111579537391663,-0.024588588625192642,0.04577821493148804,-0.22881779074668884,-0.9720813632011414,-0.5802745819091797,0.07833019644021988,-0.6375258564949036,0.7896448969841003,-0.20308734476566315,-0.2332473248243332,-0.4366402328014374,-0.05147113278508186,-0.2113954871892929,1.1197372674942017,-0.14696510136127472,-0.5900000000000001,-0.1931188404560089,-0.41758087277412415,0.48732998967170715,-0.9870325326919556,-0.14999999999999997,-1.1533949375152588,-0.08679991960525513,0.2528226673603058,0.9302356839179993
2.7415263652801514,0.03959939628839493,0.6088936924934387,-0.02234545536339283,0.04585525393486023,-0.2343311607837677,-0.9708175659179688,-0.594451904296875,0.07394620031118393,-0.6585818529129028,0.8013955950737,-0.20705896615982056,-0.23485048115253448,-0.4406701624393463,-0.051435984671115875,-0.2284349501132965,1.128889799118042,-0.1534123569726944,-0.5900000000000001,-0.15907549858093262,-0.49217450618743896,0.45336541533470154,-1.0451290607452393,-0.14999999999999997,-1.1116280555725098,-0.0973748117685318,0.25401344895362854,0.9704770445823669
2.7412161827087402,0.0373331718146801,0.6066407561302185,-0.02016625739634037,0.045724764466285706,-0.23956871032714844,-0.9695923328399658,-0.6081907153129578,0.0695648342370987,-0.6790299415588379,0.8124292492866516,-0.21178685128688812,-0.2364441305398941,-0.4450378715991974,-0.051438383758068085,-0.24475771188735962,1.1380153894424438,-0.15969552099704742,-0.5900000000000001,-0.12168663740158081,-0.5688178539276123,0.4136388599872589,-1.1029821634292603,-0.14999999999999997,-1.0691297054290771,-0.10871242731809616,0.259617418050766,1.0071861743927002
2.741053819656372,0.03511685132980347,0.6043813824653625,-0.01798410899937153,0.04539956524968147,-0.2445138543844223,-0.968415379524231,-0.6216962337493896,0.06526549160480499,-0.6989833116531372,0.8232083320617676,-0.21696366369724274,-0.23831404745578766,-0.4496646523475647,-0.05135736241936684,-0.2605675458908081,1.1471296548843384,-0.1660563051700592,-0.5900000000000001,-0.0813373401761055,-0.6467499732971191,0.3696025311946869,-1.1594434976577759,-0.14999999999999997,-1.0258468389511108,-0.12050916999578476,0.27005916833877563,1.0399736166000366
2.7410659790039062,0.032969504594802856,0.6020909547805786,-0.015760701149702072,0.04491491988301277,-0.249249666929245,-0.967268705368042,-0.6351033449172974,0.06098054721951485,-0.7186177372932434,0.8341188430786133,-0.222599059343338,-0.24063217639923096,-0.4543973505496979,-0.05119016766548157,-0.2760753631591797,1.1563339233398438,-0.17244675755500793,-0.5900000000000001,-0.03888129070401192,-0.7251154184341431,0.3233071565628052,-1.2130327224731445,-0.14999999999999997,-0.981659471988678,-0.1324295997619629,0.28559303283691406,1.068022608757019
2.7412664890289307,0.030934026464819908,0.5997700095176697,-0.013529447838664055,0.04432044178247452,-0.25391414761543274,-0.9661160707473755,-0.6482871770858765,0.05640752613544464,-0.738182008266449,0.8453009128570557,-0.22845514118671417,-0.2435009777545929,-0.45898255705833435,-0.05117511749267578,-0.291515588760376,1.165675163269043,-0.1788003146648407,-0.5900000000000001,0.004575037397444248,-0.8029738068580627,0.2766355574131012,-1.2624074220657349,-0.14999999999999997,-0.9364143013954163,-0.14435039460659027,0.3068174719810486,1.089725375175476
2.741659164428711,0.029053829610347748,0.5974727272987366,-0.011368105188012123,0.04370040073990822,-0.2586533725261688,-0.9649142026901245,-0.6608327627182007,0.05134797468781471,-0.7576153874397278,0.8564441204071045,-0.23417849838733673,-0.2467750459909439,-0.46295514702796936,-0.051556818187236786,-0.3070284426212311,1.1748988628387451,-0.1848788857460022,-0.5900000000000001,0.04778137058019638,-0.87908935546875,0.23123480379581451,-1.306756854057312,-0.14999999999999997,-0.8905121684074402,-0.1560906320810318,0.334686279296875,1.1037437915802002
2.7422592639923096,0.02735041454434395,0.5953178405761719,-0.009331737644970417,0.04320765286684036,-0.2635968327522278,-0.9636194705963135,-0.6720956563949585,0.04600212350487709,-0.7764609456062317,0.8668006658554077,-0.23955368995666504,-0.24999475479125977,-0.46547314524650574,-0.052380677312612534,-0.3228670060634613,1.1832871437072754,-0.19049251079559326,-0.5900000000000001,0.08941161632537842,-0.9519913792610168,0.1884414404630661,-1.346193790435791,-0.14999999999999997,-0.8450998067855835,-0.16724835336208344,0.36999836564064026,1.1095677614212036
2.7430598735809326,0.025833923369646072,0.5934436917304993,-0.0074692112393677235,0.04294200241565704,-0.26883330941200256,-0.9621999263763428,-0.6815561652183533,0.04059159755706787,-0.7942684292793274,0.8755739331245422,-0.24,-0.25269436836242676,-0.46585986018180847,-0.053616713732481,-0.33918696641921997,1.1900279521942139,-0.19545918703079224,-0.5900000000000001,0.12837469577789307,-1.020607352256775,0.14914022386074066,-1.3814860582351685,-0.14999999999999997,-0.8015576004981995,-0.17760518193244934,0.41295984387397766,1.1072992086410522
2.744014024734497,0.02452750876545906,0.5919100046157837,-0.005834170151501894,0.04285420477390289,-0.2743602395057678,-0.9606538414955139,-0.6893435120582581,0.03517148643732071,-0.8105488419532776,0.8825786113739014,-0.24,-0.2545359432697296,-0.46426188945770264,-0.055251605808734894,-0.3555849492549896,1.19493567943573,-0.19943936169147491,-0.5900000000000001,0.1642158329486847,-1.08473801612854,0.11361104995012283,-1.4134045839309692,-0.14999999999999997,-0.7606233358383179,-0.18751703202724457,0.4636332094669342,1.0973924398422241
2.7450618743896484,0.0234926026314497,0.590691328048706,-0.004481130745261908,0.04288015142083168,-0.2801685929298401,-0.9589820504188538,-0.6959064602851868,0.029807675629854202,-0.8245974183082581,0.8880289793014526,-0.24,-0.25530558824539185,-0.4610634446144104,-0.057572174817323685,-0.37187451124191284,1.1983942985534668,-0.20250411331653595,-0.5900000000000001,0.19674186408519745,-1.144288420677185,0.08153530210256577,-1.4423987865447998,-0.14999999999999997,-0.7223339080810547,-0.1975352168083191,0.5222168564796448,1.080195665359497
2.746166229248047,0.0227825865149498,0.589729905128479,-0.003445648355409503,0.04299641773104668,-0.28631848096847534,-0.9571630954742432,-0.7017442584037781,0.024400057271122932,-0.8356626629829407,0.8922260999679565,-0.24,-0.2546856105327606,-0.4565722644329071,-0.06076430529356003,-0.38779184222221375,1.200911521911621,-0.204323872923851,-0.5900000000000001,0.2256304770708084,-1.1986417770385742,0.052430108189582825,-1.4683669805526733,-0.14999999999999997,-0.686881959438324,-0.20780672132968903,0.588297963142395,1.0559666156768799
2.7472991943359375,0.022418620064854622,0.5889906287193298,-0.0027376008220016956,0.04317648336291313,-0.2928231358528137,-0.9551873207092285,-0.7072861194610596,0.018333619460463524,-0.8430070281028748,0.896126389503479,-0.2395162731409073,-0.2524819076061249,-0.45098233222961426,-0.06492723524570465,-0.4032919704914093,1.2027618885040283,-0.20486873388290405,-0.5900000000000001,0.2506117522716522,-1.2467354536056519,0.03,-1.4910537004470825,-0.14999999999999997,-0.6549261808395386,-0.21820172667503357,0.6607681512832642,1.0245908498764038
2.7484285831451416,0.02240058220922947,0.5884174704551697,-0.002314054872840643,0.04334013909101486,-0.2996242642402649,-0.9530694484710693,-0.7128186225891113,0.011348380707204342,-0.8462293744087219,0.9007975459098816,-0.23597368597984314,-0.2492344230413437,-0.4447314143180847,-0.07002131640911102,-0.41824546456336975,1.2042771577835083,-0.20421849191188812,-0.5900000000000001,0.2714611291885376,-1.2874130010604858,0.03,-1.5102633237838745,-0.14021243155002594,-0.6277015209197998,-0.22850537300109863,0.737913966178894,0.9856430292129517
2.749523639678955,0.022711852565407753,0.5879570245742798,-0.0021063059102743864,0.043361399322748184,-0.3066624104976654,-0.9508277177810669,-0.7185372114181519,0.0038497766945511103,-0.8454211950302124,0.9067482948303223,-0.23320737481117249,-0.24565939605236053,-0.4383719265460968,-0.07593819499015808,-0.4324834942817688,1.2057565450668335,-0.20239661633968353,-0.5900000000000001,0.28779247403144836,-1.3193659782409668,0.03,-1.5255162715911865,-0.09201721847057343,-0.6071113348007202,-0.2382383942604065,0.8175815939903259,0.9391815662384033
2.7506000995635986,0.023321112617850304,0.5876474380493164,-0.002054391661658883,0.04324871674180031,-0.3139999806880951,-0.9484351277351379,-0.7240707278251648,-0.003600826021283865,-0.8418146371841431,0.9131539463996887,-0.2320569008588791,-0.24269390106201172,-0.4316440224647522,-0.08250733464956284,-0.44637393951416016,1.2068071365356445,-0.19955065846443176,-0.5900000000000001,0.2988836169242859,-1.3415707349777222,0.03,-1.5361710786819458,-0.037609171122312546,-0.5948998928070068,-0.24647536873817444,0.8972961902618408,0.885570228099823
2.7516887187957764,0.02417919971048832,0.5875521898269653,-0.002039157785475254,0.04298774525523186,-0.32182833552360535,-0.9458193182945251,-0.7289199829101562,-0.011018875055015087,-0.8365607857704163,0.9188715219497681,-0.23243433237075806,-0.23899443447589874,-0.4241839647293091,-0.08941712975502014,-0.4605230987071991,1.2067681550979614,-0.19567371904850006,-0.5900000000000001,0.3040235936641693,-1.3547420501708984,0.03,-1.5414884090423584,0.01932453364133835,-0.5914875268936157,-0.2522875666618347,0.9735053181648254,0.8245056867599487
2.7528116703033447,0.025268664583563805,0.5876931548118591,-0.0019740071147680283,0.04252583160996437,-0.3303174376487732,-0.942909300327301,-0.7332093715667725,-0.01854058913886547,-0.8304279446601868,0.9228682518005371,-0.23345446586608887,-0.23316410183906555,-0.4158441126346588,-0.09655970335006714,-0.47547879815101624,1.2053302526474,-0.1908646672964096,-0.5900000000000001,0.30281877517700195,-1.3605133295059204,0.03,-1.5405691862106323,0.07439664006233215,-0.5957912802696228,-0.25511401891708374,1.0429039001464844,0.7554764747619629
2.753973960876465,0.02659650705754757,0.5880791544914246,-0.001907381578348577,0.041831597685813904,-0.33940601348876953,-0.9397073984146118,-0.7376970648765564,-0.026112865656614304,-0.8240439295768738,0.9242025017738342,-0.23394107818603516,-0.22613579034805298,-0.4067062735557556,-0.10392553359270096,-0.49103423953056335,1.202518105506897,-0.1850268542766571,-0.5900000000000001,0.2954961657524109,-1.3601510524749756,0.03,-1.532668113708496,0.12465965747833252,-0.6062589883804321,-0.2545694410800934,1.1038163900375366,0.6790114641189575
2.7551493644714355,0.028158245608210564,0.5886690020561218,-0.0018703683745115995,0.040868792682886124,-0.3489454686641693,-0.9362494349479675,-0.7425544261932373,-0.03367723524570465,-0.8164114952087402,0.9235016703605652,-0.23225320875644684,-0.21725472807884216,-0.3971080482006073,-0.11153130978345871,-0.5068827867507935,1.19864821434021,-0.17826855182647705,-0.5900000000000001,0.2826246917247772,-1.354400396347046,0.03,-1.5179345607757568,0.1700611114501953,-0.6219087243080139,-0.25040966272354126,1.1560922861099243,0.5968504548072815
2.7563047409057617,0.02994145080447197,0.5894056558609009,-0.001863960293121636,0.039603181183338165,-0.35879769921302795,-0.9325729012489319,-0.7480138540267944,-0.04122142121195793,-0.8067494034767151,0.9219143390655518,-0.22813548147678375,-0.20722441375255585,-0.38741934299468994,-0.11938416212797165,-0.5227895379066467,1.1940912008285522,-0.17072603106498718,-0.5900000000000001,0.26491332054138184,-1.3434858322143555,0.03,-1.4972798824310303,0.21180640161037445,-0.6422236561775208,-0.242586150765419,1.200194001197815,0.5112185478210449
2.7574126720428467,0.031926143914461136,0.5902183055877686,-0.001865728641860187,0.03799441084265709,-0.36881983280181885,-0.928722083568573,-0.7542958855628967,-0.04859529063105583,-0.7947004437446594,0.9198623299598694,-0.22254885733127594,-0.19624842703342438,-0.37810084223747253,-0.1274411827325821,-0.538418173789978,1.189299464225769,-0.16242514550685883,-0.5900000000000001,0.24327464401721954,-1.3274563550949097,0.03,-1.4719501733779907,0.2510465681552887,-0.6671148538589478,-0.23159298300743103,1.2367151975631714,0.4240194857120514
2.7584452629089355,0.034093838185071945,0.5910302996635437,-0.0018728949362412095,0.035999707877635956,-0.3788717985153198,-0.9247468113899231,-0.7615018486976624,-0.0557539165019989,-0.7803976535797119,0.9172771573066711,-0.2167467176914215,-0.18429796397686005,-0.3695923686027527,-0.13580773770809174,-0.553541362285614,1.1847856044769287,-0.1536007523536682,-0.5900000000000001,0.21875138580799103,-1.3065288066864014,0.03,-1.442937970161438,0.2883411943912506,-0.6967653632164001,-0.2185712307691574,1.2665531635284424,0.3366736173629761
2.7593977451324463,0.036432258784770966,0.5917856693267822,-0.0019468094687908888,0.03366464376449585,-0.3889012038707733,-0.9206621050834656,-0.769329845905304,-0.06,-0.7642846703529358,0.914047122001648,-0.21158663928508759,-0.17147621512413025,-0.3619314134120941,-0.14468151330947876,-0.568083643913269,1.1809628009796143,-0.14434915781021118,-0.5900000000000001,0.19202500581741333,-1.2807762622833252,0.03,-1.410503625869751,0.3239169716835022,-0.7313156723976135,-0.20444825291633606,1.2910913228988647,0.2507915794849396
2.7603039741516113,0.03893006592988968,0.5924580693244934,-0.002149631269276142,0.031160613521933556,-0.39892664551734924,-0.9164506793022156,-0.7771849036216736,-0.06,-0.7467852234840393,0.9103943705558777,-0.20748759806156158,-0.15821394324302673,-0.354592889547348,-0.15408073365688324,-0.5822329521179199,1.1779155731201172,-0.13465026021003723,-0.5900000000000001,0.16329613327980042,-1.249934434890747,0.03,-1.3745983839035034,0.3583528995513916,-0.770662784576416,-0.18980880081653595,1.311613917350769,0.16729827225208282
2.761213779449463,0.04156763479113579,0.5930447578430176,-0.0024979310110211372,0.028701147064566612,-0.4089314043521881,-0.9121101498603821,-0.7845019698143005,-0.06,-0.7282595634460449,0.9063646197319031,-0.20484930276870728,-0.14478984475135803,-0.34687116742134094,-0.1637500673532486,-0.5962467789649963,1.1754469871520996,-0.12451979517936707,-0.5900000000000001,0.13271550834178925,-1.2136929035186768,0.03,-1.3356705904006958,0.3926694095134735,-0.8145506381988525,-0.1749141812324524,1.3287051916122437,0.08662749826908112
2.7621593475341797,0.0443105474114418,0.5935741066932678,-0.002993473084643483,0.026429811492562294,-0.4188177287578583,-0.9076806306838989,-0.7907997369766235,-0.06,-0.708931028842926,0.9015969634056091,-0.20420607924461365,-0.13119782507419586,-0.3382987976074219,-0.17334936559200287,-0.6102272272109985,1.1731678247451782,-0.11409872770309448,-0.5900000000000001,0.10077064484357834,-1.1721947193145752,0.03,-1.294994592666626,0.42817071080207825,-0.8625840544700623,-0.15959183871746063,1.3422842025756836,0.009385486133396626
2.763144016265869,0.047105055302381516,0.5941364765167236,-0.0036580380983650684,0.024388859048485756,-0.42839646339416504,-0.9032542109489441,-0.7954882979393005,-0.06,-0.6887761354446411,0.8952901363372803,-0.2060888111591339,-0.11724556982517242,-0.3287477195262909,-0.1825258880853653,-0.6239497065544128,1.1704864501953125,-0.1035115122795105,-0.5900000000000001,0.06846632063388824,-1.1261581182479858,0.03,-1.2548195123672485,0.4662525951862335,-0.9140869379043579,-0.1431148201227188,1.351914405822754,-0.0627007931470871
2.764160394668579,0.04987724870443344,0.594822883605957,-0.004457505885511637,0.02249610610306263,-0.4374140799045563,-0.8989676237106323,-0.7983188033103943,-0.06,-0.6673789620399475,0.8869229555130005,-0.21079376339912415,-0.10286007821559906,-0.3185933530330658,-0.19091784954071045,-0.6369994878768921,1.1668710708618164,-0.09302987903356552,-0.5900000000000001,0.037097588181495667,-1.0766054391860962,0.03,-1.2177268266677856,0.5066155195236206,-0.9681012034416199,-0.12490282952785492,1.3575302362442017,-0.1271052062511444
2.7652063369750977,0.05254799500107765,0.5956745147705078,-0.005307408981025219,0.020633703097701073,-0.4456310570240021,-0.8949630260467529,-0.7993060946464539,-0.06,-0.6446173787117004,0.8759024739265442,-0.2187841385602951,-0.08779923617839813,-0.3084409236907959,-0.19820979237556458,-0.6490023732185364,1.1620780229568481,-0.0830240473151207,-0.5900000000000001,0.007914016954600811,-1.02460515499115,0.039727985858917236,-1.1854828596115112,0.5470753908157349,-1.0234242677688599,-0.10491585731506348,1.3599772453308105,-0.14999999999999997
2.7662768363952637,0.05508159101009369,0.5966788530349731,-0.006196246016770601,0.01877337507903576,-0.4528242349624634,-0.8913805484771729,-0.7983545064926147,-0.06,-0.6208944916725159,0.8620696663856506,-0.23004719614982605,-0.0724378451704979,-0.29875442385673523,-0.20435817539691925,-0.6594992280006409,1.1562806367874146,-0.07375957816839218,-0.5900000000000001,-0.017771419137716293,-0.9714773297309875,0.05292364954948425,-1.1586724519729614,0.5854424834251404,-1.078537106513977,-0.08424804359674454,1.3605278730392456,-0.14999999999999997
2.76735520362854,0.05749567598104477,0.5977526307106018,-0.007220176048576832,0.016978992149233818,-0.4588562846183777,-0.8883188962936401,-0.7955150008201599,-0.06,-0.5969278216362,0.8465168476104736,-0.24,-0.05795725807547569,-0.2897971272468567,-0.2096569836139679,-0.667896032333374,1.1501483917236328,-0.06511279940605164,-0.5900000000000001,-0.038968246430158615,-0.9187577962875366,0.0679173469543457,-1.1372909545898438,0.6187253594398499,-1.131469488143921,-0.06403083354234695,1.3602187633514404,-0.14999999999999997
2.768420696258545,0.05982297658920288,0.5988085269927979,-0.008454778231680393,0.015374141745269299,-0.4636417031288147,-0.8858489394187927,-0.7912599444389343,-0.06,-0.5733783841133118,0.8312276601791382,-0.24,-0.045035284012556076,-0.2815956175327301,-0.21438226103782654,-0.6738221049308777,1.144350290298462,-0.05699346959590912,-0.5900000000000001,-0.05494639277458191,-0.8679988980293274,0.0841185674071312,-1.1217710971832275,0.6435284614562988,-1.179638385772705,-0.045026667416095734,1.3595291376113892,-0.14999999999999997
2.7693467140197754,0.06187933683395386,0.6001906991004944,-0.00999550148844719,0.013711445964872837,-0.4672193229198456,-0.8839784860610962,-0.7877981662750244,-0.06,-0.5546972155570984,0.8228529095649719,-0.24,-0.03872250020503998,-0.27445343136787415,-0.21865946054458618,-0.6774282455444336,1.1371550559997559,-0.04977042227983475,-0.5900000000000001,-0.06523215770721436,-0.8212963342666626,0.09967882186174393,-1.1127430200576782,0.6590297222137451,-1.2206134796142578,-0.03,1.3592355251312256,-0.14999999999999997
2.770193338394165,0.06367767602205276,0.6015723347663879,-0.011499352753162384,0.012279022485017776,-0.4694114625453949,-0.8828191757202148,-0.783111035823822,-0.06,-0.5386282801628113,0.8163567781448364,-0.2328922152519226,-0.03546861186623573,-0.2684984803199768,-0.221927210688591,-0.6789134740829468,1.1300464868545532,-0.044033389538526535,-0.5900000000000001,-0.0695529580116272,-0.7801190614700317,0.11288309842348099,-1.1103042364120483,0.6666043996810913,-1.252601146697998,-0.03,1.3585567474365234,-0.14999999999999997
2.770890474319458,0.06525586545467377,0.6027661561965942,-0.012995235621929169,0.010957766324281693,-0.47048795223236084,-0.8822426795959473,-0.7783336639404297,-0.06,-0.5255795121192932,0.8096955418586731,-0.22500492632389069,-0.032791029661893845,-0.2644064724445343,-0.224971741437912,-0.6781092882156372,1.1244310140609741,-0.03931345045566559,-0.5900000000000001,-0.06913671642541885,-0.7446532845497131,0.1232454776763916,-1.1140621900558472,0.667236864566803,-1.2750312089920044,-0.03,1.3584898710250854,-0.14999999999999997
2.7714014053344727,0.0666613057255745,0.6036784052848816,-0.014613404870033264,0.009735586121678352,-0.47092509269714355,-0.8819984197616577,-0.7737478017807007,-0.06,-0.5152720212936401,0.80404132604599,-0.21916897594928741,-0.031073961406946182,-0.26189401745796204,-0.22868573665618896,-0.6758520007133484,1.1210789680480957,-0.03539564833045006,-0.5900000000000001,-0.06588330119848251,-0.7141810655593872,0.13145269453525543,-1.1241053342819214,0.6615845561027527,-1.2883859872817993,-0.03,1.3596035242080688,-0.14999999999999997
2.771742105484009,0.06788095086812973,0.6043697595596313,-0.016330912709236145,0.008686329238116741,-0.47105833888053894,-0.881908118724823,-0.7690911889076233,-0.06,-0.5078212022781372,0.7993459701538086,-0.21523772180080414,-0.030275601893663406,-0.26029255986213684,-0.23288683593273163,-0.6728942394256592,1.1194162368774414,-0.031962327659130096,-0.5900000000000001,-0.06088575720787048,-0.6887449026107788,0.13822738826274872,-1.1414917707443237,0.6507306694984436,-1.2931338548660278,-0.03,1.3597958087921143,-0.1236887127161026
2.7719759941101074,0.06889878958463669,0.6049044132232666,-0.017970990389585495,0.00792083889245987,-0.47090327739715576,-0.8819661736488342,-0.7645527720451355,-0.06,-0.5024641752243042,0.795666515827179,-0.2127605825662613,-0.030296536162495613,-0.25907692313194275,-0.23680046200752258,-0.6696903705596924,1.1185986995697021,-0.029127087444067,-0.5900000000000001,-0.053832996636629105,-0.669223427772522,0.14474505186080933,-1.1670926809310913,0.6329400539398193,-1.2893977165222168,-0.03,1.3562926054000854,-0.04718850925564766
2.7721669673919678,0.06970837712287903,0.6053676605224609,-0.019384853541851044,0.007516833953559399,-0.4703812599182129,-0.8822183609008789,-0.7603405117988586,-0.06,-0.49774807691574097,0.7928842902183533,-0.21086962521076202,-0.03072923980653286,-0.2578350007534027,-0.2396739274263382,-0.6664391160011292,1.117733120918274,-0.027003655210137367,-0.5900000000000001,-0.043789092451334,-0.6571617722511292,0.15199196338653564,-1.2000960111618042,0.6050018668174744,-1.27708899974823,-0.03,1.3475470542907715,0.04127074405550957
2.7723121643066406,0.07032821327447891,0.6058266758918762,-0.020583003759384155,0.007354668341577053,-0.46944814920425415,-0.8826894760131836,-0.7563867568969727,-0.06,-0.493063747882843,0.7904143929481506,-0.20928344130516052,-0.03126160800457001,-0.25679847598075867,-0.24155712127685547,-0.6628886461257935,1.1165498495101929,-0.02552359737455845,-0.5900000000000001,-0.03003505803644657,-0.6539304256439209,0.16027426719665527,-1.237526774406433,0.5639961957931519,-1.2566049098968506,-0.03,1.33388352394104,0.13806648552417755
2.772367477416992,0.07081419974565506,0.6063078045845032,-0.02168697863817215,0.007198232226073742,-0.46806415915489197,-0.8833988904953003,-0.7526481747627258,-0.06,-0.48780256509780884,0.7877024412155151,-0.2077312171459198,-0.03160914406180382,-0.2566177546977997,-0.2430611252784729,-0.6584375500679016,1.1153467893600464,-0.024494031444191933,-0.5900000000000001,-0.01223954651504755,-0.6600876450538635,0.16904251277446747,-1.2756109237670898,0.5089393258094788,-1.2290880680084229,-0.03,1.3164515495300293,0.2398114800453186
2.77232027053833,0.07124744355678558,0.606829822063446,-0.022748010233044624,0.006913970224559307,-0.46616771817207336,-0.8843767046928406,-0.7491194009780884,-0.06,-0.48159199953079224,0.7846624851226807,-0.20604297518730164,-0.03182016685605049,-0.2575991451740265,-0.2444695085287094,-0.6526539921760559,1.1142171621322632,-0.023763228207826614,-0.5900000000000001,0.009677937254309654,-0.6754235625267029,0.1772095412015915,-1.3112238645553589,0.44122275710105896,-1.1960008144378662,-0.03,1.2964118719100952,0.34281450510025024
2.7722201347351074,0.07171037793159485,0.6073929071426392,-0.02367609366774559,0.006510660517960787,-0.46365997195243835,-0.8856728672981262,-0.7459582686424255,-0.06,-0.47447460889816284,0.781857430934906,-0.20424529910087585,-0.03237856552004814,-0.2596615254878998,-0.24546924233436584,-0.6453301906585693,1.1129765510559082,-0.023220648989081383,-0.5900000000000001,0.035610735416412354,-0.6991464495658875,0.18383954465389252,-1.341945767402649,0.36346885561943054,-1.1587508916854858,-0.03,1.2749948501586914,0.44291365146636963
2.772141456604004,0.07227395474910736,0.6079649925231934,-0.024338921532034874,0.006091784220188856,-0.4604998230934143,-0.8873051404953003,-0.743410587310791,-0.06,-0.4668327867984772,0.7802895903587341,-0.2024703323841095,-0.03399244695901871,-0.26238998770713806,-0.24557814002037048,-0.6366550326347351,1.1114436388015747,-0.02289743907749653,-0.5900000000000001,0.06507626920938492,-0.7300476431846619,0.18858961760997772,-1.3660696744918823,0.27826792001724243,-1.11858332157135,-0.03,1.2533749341964722,0.5364971160888672
2.7721457481384277,0.0729823186993599,0.6085089445114136,-0.024636831134557724,0.005761153530329466,-0.4567596912384033,-0.8892301321029663,-0.7416581511497498,-0.06,-0.4591452181339264,0.7807223796844482,-0.20082734525203705,-0.03713634982705116,-0.26532647013664246,-0.24443116784095764,-0.6269481778144836,1.1095045804977417,-0.02265736646950245,-0.5900000000000001,0.09723415225744247,-0.7668237686157227,0.19167309999465942,-1.3826029300689697,0.18775418400764465,-1.0766748189926147,-0.03,1.2323272228240967,0.6210254430770874
2.7722489833831787,0.07385654002428055,0.6090144515037537,-0.02455204352736473,0.005563630722463131,-0.45264261960983276,-0.8913365602493286,-0.7406641840934753,-0.06,-0.45180025696754456,0.7832188010215759,-0.19932721555233002,-0.04178440570831299,-0.268049031496048,-0.2420554757118225,-0.6167759299278259,1.1070882081985474,-0.022416405379772186,-0.5900000000000001,0.13093219697475433,-0.8081964254379272,0.19310085475444794,-1.3910539150238037,0.09512103348970413,-1.0339703559875488,-0.03,1.2122657299041748,0.6944313049316406
2.7724175453186035,0.07490858435630798,0.6094989776611328,-0.024142321199178696,0.005542117636650801,-0.448448121547699,-0.8934653997421265,-0.7401114106178284,-0.06,-0.44507715106010437,0.7872868776321411,-0.197880357503891,-0.04753629490733147,-0.27006691694259644,-0.23871199786663055,-0.6067734956741333,1.1040730476379395,-0.021952034905552864,-0.5900000000000001,0.16459831595420837,-0.8524900674819946,0.1921759396791458,-1.3909438848495483,0.0063407220877707005,-0.9910239577293396,-0.03,1.1934919357299805,0.7533839344978333
2.7726330757141113,0.07612651586532593,0.6099963188171387,-0.02349800243973732,0.005751257296651602,-0.44446808099746704,-0.8954678773880005,-0.7395315766334534,-0.06,-0.4391896426677704,0.7921993732452393,-0.19646959006786346,-0.05389195308089256,-0.27084946632385254,-0.23466017842292786,-0.5975531935691833,1.1002631187438965,-0.021046441048383713,-0.5900000000000001,0.1963011473417282,-0.8976633548736572,0.18912148475646973,-1.3818384408950806,-0.07382902503013611,-0.9487008452415466,-0.053078580647706985,1.1767807006835938,0.7966905832290649
2.7729063034057617,0.07749205082654953,0.6105174422264099,-0.022757049649953842,0.006256756838411093,-0.4409143328666687,-0.8972386717796326,-0.7384597659111023,-0.06,-0.4342319965362549,0.7974786162376404,-0.19507718086242676,-0.060553502291440964,-0.2698945701122284,-0.23024405539035797,-0.5896556973457336,1.0956454277038574,-0.01966867968440056,-0.5900000000000001,0.22414420545101166,-0.9415481686592102,0.18476399779319763,-1.363491177558899,-0.14267298579216003,-0.9083929657936096,-0.07574542611837387,1.1635404825210571,0.8258432745933533
2.773236036300659,0.07897016406059265,0.6110570430755615,-0.022038275375962257,0.007065468933433294,-0.43790867924690247,-0.89872145652771,-0.736664354801178,-0.06,-0.4301704168319702,0.802793562412262,-0.19366370141506195,-0.06726143509149551,-0.2670896351337433,-0.2257932722568512,-0.5832945704460144,1.09038507938385,-0.017814388498663902,-0.5900000000000001,0.24669969081878662,-0.9825478196144104,0.1794751137495041,-1.3366843461990356,-0.14999999999999997,-0.8716179728507996,-0.09536392241716385,1.1556552648544312,0.8420211672782898
2.773622751235962,0.0805189460515976,0.6115856766700745,-0.021313801407814026,0.008183427155017853,-0.4355123043060303,-0.8998931646347046,-0.7343255281448364,-0.06,-0.42722296714782715,0.8082576394081116,-0.1922818124294281,-0.07398047298192978,-0.26249727606773376,-0.2212904542684555,-0.5786582827568054,1.0846049785614014,-0.015592663548886776,-0.5900000000000001,0.26302531361579895,-1.0199910402297974,0.1730084866285324,-1.3046295642852783,-0.14999999999999997,-0.8396694660186768,-0.11092211306095123,1.1560204029083252,0.8451390862464905
2.774059295654297,0.08212006092071533,0.6119986176490784,-0.020469844341278076,0.00955989956855774,-0.43362006545066833,-0.9008124470710754,-0.7322167158126831,-0.06,-0.425620973110199,0.8148621916770935,-0.19106236100196838,-0.08114735037088394,-0.256738543510437,-0.21661412715911865,-0.5754019021987915,1.0789159536361694,-0.013087832368910313,-0.5900000000000001,0.27318379282951355,-1.0535117387771606,0.16557493805885315,-1.271547794342041,-0.14999999999999997,-0.8130042552947998,-0.12259608507156372,1.167345643043518,0.8349260687828064
2.774479866027832,0.08380521833896637,0.61208575963974,-0.01953037828207016,0.010990019887685776,-0.4321390986442566,-0.9015283584594727,-0.7314910292625427,-0.06,-0.42532968521118164,0.8241034150123596,-0.18999558687210083,-0.08936428278684616,-0.2511703372001648,-0.21247467398643494,-0.5727540850639343,1.0750523805618286,-0.010368951596319675,-0.5900000000000001,0.2777857780456543,-1.081796407699585,0.15819060802459717,-1.2400758266448975,-0.14999999999999997,-0.7916516661643982,-0.13223780691623688,1.1915030479431152,0.8099012970924377
2.774820327758789,0.08562276512384415,0.6116437315940857,-0.01863149367272854,0.012296709232032299,-0.4311278760433197,-0.9020146727561951,-0.7329871654510498,-0.06,-0.42612704634666443,0.837158203125,-0.18894647061824799,-0.0989929586648941,-0.2468530237674713,-0.209869384765625,-0.5701765418052673,1.0748660564422607,-0.007331319153308868,-0.5900000000000001,0.27718672156333923,-1.1025043725967407,0.15239375829696655,-1.2109230756759644,-0.14999999999999997,-0.7761852741241455,-0.14200463891029358,1.2292498350143433,0.7677426338195801
2.775120973587036,0.0875597894191742,0.6106816530227661,-0.017781350761651993,0.013533882796764374,-0.43063026666641235,-0.9022516012191772,-0.7364598512649536,-0.06,-0.4282352924346924,0.8538523316383362,-0.18801426887512207,-0.11001915484666824,-0.24350064992904663,-0.20863130688667297,-0.5678173899650574,1.0781415700912476,-0.003856344148516655,-0.5900000000000001,0.27184221148490906,-1.1141324043273926,0.14908213913440704,-1.183657169342041,-0.14999999999999997,-0.7677016258239746,-0.15203389525413513,1.278153419494629,0.7086166143417358
2.7754437923431396,0.08954846113920212,0.6093761920928955,-0.016929108649492264,0.014772465452551842,-0.4305945336818695,-0.9022656679153442,-0.7410771250724792,-0.06,-0.4315997064113617,0.8727266192436218,-0.18726381659507751,-0.12185310572385788,-0.2404485046863556,-0.20801793038845062,-0.5658924579620361,1.0834217071533203,9.453127859160304e-05,-0.5900000000000001,0.2624967694282532,-1.1160966157913208,0.1480368822813034,-1.1571210622787476,-0.14999999999999997,-0.7673155665397644,-0.16093462705612183,1.3335617780685425,0.6346471309661865
2.775780200958252,0.09151425212621689,0.6079349517822266,-0.01608951762318611,0.015863733366131783,-0.4309408962726593,-0.9020971059799194,-0.7461379170417786,-0.06,-0.4356664717197418,0.891714870929718,-0.18671444058418274,-0.13348020613193512,-0.23772983253002167,-0.20783917605876923,-0.5644489526748657,1.0895283222198486,0.004255531821399927,-0.5900000000000001,0.2498815804719925,-1.1081899404525757,0.14867116510868073,-1.1294997930526733,-0.14999999999999997,-0.7761312127113342,-0.167006716132164,1.3899449110031128,0.5490312576293945
2.776099443435669,0.09341125935316086,0.6065483689308167,-0.015338456258177757,0.016656484454870224,-0.43172648549079895,-0.9017202854156494,-0.7510298490524292,-0.06,-0.43985867500305176,0.908973753452301,-0.18604053556919098,-0.1438690721988678,-0.23529745638370514,-0.2081812620162964,-0.5636518597602844,1.0954694747924805,0.008569758385419846,-0.5900000000000001,0.23413991928100586,-1.0900797843933105,0.15053266286849976,-1.099118709564209,-0.09231938421726227,-0.7948423027992249,-0.16889861226081848,1.4415990114212036,0.45522791147232056
2.7764008045196533,0.09525663405656815,0.6053388714790344,-0.014786229468882084,0.017196405678987503,-0.43308064341545105,-0.9010697603225708,-0.7550334334373474,-0.06,-0.44396886229515076,0.9235579371452332,-0.18508046865463257,-0.15258179605007172,-0.23251524567604065,-0.20912551879882812,-0.5638542771339417,1.100509524345398,0.01320579182356596,-0.5900000000000001,0.2149447649717331,-1.0614689588546753,0.15356747806072235,-1.0652849674224854,-0.022012831643223763,-0.822965145111084,-0.1658434122800827,1.4835264682769775,0.3560269773006439
2.7766895294189453,0.09709414094686508,0.604371190071106,-0.0145178884267807,0.017601298168301582,-0.4350203275680542,-0.9001314043998718,-0.7575920820236206,-0.06,-0.4478236436843872,0.9352318644523621,-0.18375664949417114,-0.15963628888130188,-0.22875720262527466,-0.21064355969429016,-0.5651640892028809,1.104194164276123,0.018347259610891342,-0.5900000000000001,0.19215187430381775,-1.0230237245559692,0.157667875289917,-1.028950810432434,0.058280039578676224,-0.8590127825737,-0.1571425348520279,1.5126739740371704,0.2545170187950134
2.776945114135742,0.09895037114620209,0.6037107110023499,-0.014612069353461266,0.017874015495181084,-0.43745917081832886,-0.8989417552947998,-0.7583581805229187,-0.06,-0.45103055238723755,0.9436119198799133,-0.18195466697216034,-0.1649252474308014,-0.22391200065612793,-0.2128528207540512,-0.5674259662628174,1.1062623262405396,0.023969806730747223,-0.5900000000000001,0.1658763289451599,-0.9761900305747986,0.16251440346240997,-0.9918081164360046,0.1468622386455536,-0.9012656211853027,-0.1415645331144333,1.5288141965866089,0.15520280599594116
2.7771008014678955,0.10081503540277481,0.6034752130508423,-0.015072651207447052,0.017914997413754463,-0.44030988216400146,-0.8975405097007751,-0.7571255564689636,-0.06,-0.4531975984573364,0.9477774500846863,-0.17949892580509186,-0.16794492304325104,-0.21824069321155548,-0.2156248390674591,-0.5701309442520142,1.1060516834259033,0.030582785606384277,-0.5900000000000001,0.13625727593898773,-0.9222816824913025,0.1675790548324585,-0.9551507830619812,0.24178950488567352,-0.9479596018791199,-0.11799408495426178,1.5336873531341553,0.06281311810016632
2.7769548892974854,0.1026645302772522,0.6039347052574158,-0.015633439645171165,0.01759296841919422,-0.4432472884654999,-0.8960902094841003,-0.753760039806366,-0.06,-0.45371732115745544,0.9459233283996582,-0.17610900104045868,-0.1676967442035675,-0.212266206741333,-0.21863660216331482,-0.5733981132507324,1.1022878885269165,0.03676767647266388,-0.5900000000000001,0.10422684997320175,-0.8624967932701111,0.172129824757576,-0.9203203916549683,0.34009483456611633,-0.9971930980682373,-0.08659722656011581,1.5291086435317993,-0.01867646351456642
2.776458501815796,0.10452266037464142,0.6046707630157471,-0.016581900417804718,0.01661074534058571,-0.44606900215148926,-0.8946906924247742,-0.7497559189796448,-0.06,-0.4520731270313263,0.9404895901679993,-0.17173433303833008,-0.1652052402496338,-0.20795901119709015,-0.22378568351268768,-0.5762907862663269,1.0984807014465332,0.0418984554708004,-0.5900000000000001,0.07093506306409836,-0.7980024814605713,0.17676009237766266,-0.8872015476226807,0.43426018953323364,-1.0475999116897583,-0.04808893799781799,1.5168815851211548,-0.08426187187433243
2.775725841522217,0.10634709149599075,0.6052552461624146,-0.0182332806289196,0.014987499453127384,-0.44851985573768616,-0.8934611082077026,-0.7460601329803467,-0.06,-0.4481111764907837,0.9343312978744507,-0.1666998267173767,-0.1619945466518402,-0.2067674696445465,-0.23134997487068176,-0.575637698173523,1.0974794626235962,0.04859926179051399,-0.5900000000000001,0.038188010454177856,-0.7301092147827148,0.1822810173034668,-0.8561463356018066,0.516206681728363,-1.097501277923584,-0.03,1.497936487197876,-0.1319255530834198
2.7748496532440186,0.10814763605594635,0.605588436126709,-0.020608367398381233,0.013264864683151245,-0.4501630365848541,-0.8926099538803101,-0.7422157526016235,-0.06,-0.4416854679584503,0.9290885925292969,-0.16127119958400726,-0.15940116345882416,-0.20751088857650757,-0.24112950265407562,-0.5721689462661743,1.0997047424316406,0.05497823283076286,-0.5900000000000001,0.008501330390572548,-0.6604582667350769,0.18912425637245178,-0.8307539820671082,0.5795266032218933,-1.1446011066436768,-0.03,1.4723231792449951,-0.14999999999999997
2.7739663124084473,0.10989166051149368,0.6056585907936096,-0.023468414321541786,0.012117068283259869,-0.45053476095199585,-0.8923680186271667,-0.7378203272819519,-0.06,-0.4331105947494507,0.9263412356376648,-0.1558290272951126,-0.15872584283351898,-0.20877695083618164,-0.2513083815574646,-0.5656615495681763,1.1041735410690308,0.06095084920525551,-0.5900000000000001,-0.01555970311164856,-0.5923149585723877,0.1968216747045517,-0.8162848949432373,0.6232975721359253,-1.1863682270050049,-0.03,1.4413806200027466,-0.14999999999999997
2.773092269897461,0.11148510128259659,0.6057026982307434,-0.02620495855808258,0.011944111436605453,-0.44933879375457764,-0.8928970694541931,-0.7326643466949463,-0.06,-0.4230758249759674,0.9256448149681091,-0.15072737634181976,-0.15993079543113708,-0.20956037938594818,-0.2593904733657837,-0.5565497875213623,1.1082217693328857,0.06627342104911804,-0.5900000000000001,-0.0323663167655468,-0.5298677086830139,0.20381926000118256,-0.8158336281776428,0.6524227857589722,-1.2205530405044556,-0.03,1.4078940153121948,-0.14999999999999997
2.7721827030181885,0.112843357026577,0.6057779788970947,-0.02838532254099846,0.01269455160945654,-0.44667136669158936,-0.8941575884819031,-0.727436900138855,-0.06,-0.41240936517715454,0.9267600774765015,-0.14623257517814636,-0.16265006363391876,-0.20995262265205383,-0.2649533152580261,-0.5466671586036682,1.111383080482483,0.0688672885298729,-0.5900000000000001,-0.04124060273170471,-0.47757694125175476,0.20830856263637543,-0.830733060836792,0.6725554466247559,-1.2451179027557373,-0.03,1.3763360977172852,-0.14828944206237793
2.771237850189209,0.1139269471168518,0.6057024598121643,-0.03004361130297184,0.014145118184387684,-0.4429982900619507,-0.8959071636199951,-0.723016083240509,-0.06,-0.40188419818878174,0.930349588394165,-0.14246702194213867,-0.1667945683002472,-0.21044793725013733,-0.26912829279899597,-0.5374980568885803,1.115256428718567,0.06762522459030151,-0.5900000000000001,-0.042296942323446274,-0.43847352266311646,0.20932959020137787,-0.8616175651550293,0.6866278052330017,-1.258069634437561,-0.03,1.3506135940551758,-0.11208009719848633
2.7702059745788574,0.11470270156860352,0.6054208874702454,-0.03129657357931137,0.015950093045830727,-0.43907099962234497,-0.8977653980255127,-0.7198169231414795,-0.06,-0.39230427145957947,0.9356440305709839,-0.13935384154319763,-0.17135538160800934,-0.21148893237113953,-0.2726524770259857,-0.5294740796089172,1.1202913522720337,0.06389201432466507,-0.5900000000000001,-0.03689785301685333,-0.413435161113739,0.20729905366897583,-0.9074081182479858,0.6943902969360352,-1.2589877843856812,-0.03,1.330074429512024,-0.059368591755628586
2.7689926624298096,0.11514711380004883,0.6050601601600647,-0.03221263363957405,0.017756441608071327,-0.4354250431060791,-0.8994731307029724,-0.7177462577819824,-0.06,-0.383969247341156,0.9407669305801392,-0.13666276633739471,-0.1749391108751297,-0.21354259550571442,-0.27537059783935547,-0.5216342210769653,1.1254855394363403,0.06057674065232277,-0.5900000000000001,-0.026013124734163284,-0.40316492319107056,0.20341914892196655,-0.9649485349655151,0.6927087306976318,-1.248496174812317,-0.03,1.3103232383728027,0.005597211886197329
2.7676098346710205,0.1153172105550766,0.6047089695930481,-0.033072296530008316,0.019490089267492294,-0.4322914183139801,-0.9009163975715637,-0.7159945964813232,-0.06,-0.37655502557754517,0.9446111917495728,-0.13416162133216858,-0.1770058423280716,-0.21625949442386627,-0.2775190770626068,-0.5132622122764587,1.1303424835205078,0.05947333574295044,-0.5900000000000001,-0.009938143193721771,-0.4079231023788452,0.19883579015731812,-1.0297185182571411,0.677459716796875,-1.2266095876693726,-0.03,1.2877476215362549,0.07641784101724625
2.7662062644958496,0.11527134478092194,0.6043506860733032,-0.034099280834198,0.021203521639108658,-0.42973268032073975,-0.9020628333091736,-0.7140088081359863,-0.06,-0.3699682652950287,0.9473279118537903,-0.13194485008716583,-0.17794394493103027,-0.21892020106315613,-0.2793048620223999,-0.5044269561767578,1.1348599195480347,0.06099990755319595,-0.5900000000000001,0.011054630391299725,-0.4270777404308319,0.19462865591049194,-1.0968773365020752,0.6452147364616394,-1.1931793689727783,-0.03,1.2612298727035522,0.14859923720359802
2.764922618865967,0.11499177664518356,0.6040303111076355,-0.03507039695978165,0.02280636690557003,-0.4276450276374817,-0.9029781222343445,-0.7121208906173706,-0.06,-0.3645702004432678,0.9490336179733276,-0.13030213117599487,-0.1780187040567398,-0.2215474247932434,-0.2798970639705658,-0.49511829018592834,1.1383918523788452,0.0651795044541359,-0.5900000000000001,0.03658456355333328,-0.4591650068759918,0.1909247189760208,-1.161176323890686,0.5960314869880676,-1.1498832702636719,-0.03,1.2306643724441528,0.2200952172279358
2.7638373374938965,0.11444475501775742,0.6037576794624329,-0.03559396043419838,0.024043938145041466,-0.4259612262248993,-0.9037211537361145,-0.7114065289497375,-0.06,-0.3609798550605774,0.9500452280044556,-0.1294873058795929,-0.17736808955669403,-0.22484223544597626,-0.2785927951335907,-0.4856441617012024,1.1406315565109253,0.07139763981103897,-0.5900000000000001,0.06586254388093948,-0.5022175908088684,0.18638309836387634,-1.218004584312439,0.53481125831604,-1.1004911661148071,-0.03,1.1964237689971924,0.28945448994636536
2.7629995346069336,0.11371298134326935,0.603535532951355,-0.03550921753048897,0.02485794574022293,-0.4247121810913086,-0.9042901396751404,-0.7121819257736206,-0.06,-0.3595055341720581,0.9507526159286499,-0.12952592968940735,-0.17632800340652466,-0.22845058143138885,-0.27656564116477966,-0.4791080951690674,1.1424691677093506,0.07514595240354538,-0.5900000000000001,0.09766386449337006,-0.5533508062362671,0.17924955487251282,-1.2648508548736572,0.4679636061191559,-1.048529028892517,-0.03,1.1596311330795288,0.35570624470710754
2.762387990951538,0.11298185586929321,0.6033657789230347,-0.03483450412750244,0.02521013654768467,-0.42353418469429016,-0.9048588871955872,-0.7144186496734619,-0.06,-0.3592875301837921,0.9516695737838745,-0.13007214665412903,-0.17548570036888123,-0.23174381256103516,-0.27564737200737,-0.4787736237049103,1.1440900564193726,0.07078497856855392,-0.5900000000000001,0.13160134851932526,-0.609738826751709,0.16876842081546783,-1.3018507957458496,0.3992260694503784,-0.9961429238319397,-0.03,1.1211950778961182,0.4184121787548065
2.7620577812194824,0.11221300810575485,0.603305995464325,-0.03354514017701149,0.02526422031223774,-0.4225347340106964,-0.905373215675354,-0.7176735997200012,-0.06,-0.3606969714164734,0.9525126814842224,-0.1313009113073349,-0.174782857298851,-0.23529694974422455,-0.2722108066082001,-0.47757238149642944,1.1439265012741089,0.06896679848432541,-0.5900000000000001,0.16639195382595062,-0.6694604754447937,0.1556098461151123,-1.3308379650115967,0.3301626145839691,-0.943381667137146,-0.03,1.0812413692474365,0.47626152634620667
2.761969804763794,0.11157393455505371,0.6033852100372314,-0.03202831372618675,0.025261733680963516,-0.42197343707084656,-0.9056899547576904,-0.7206631898880005,-0.06,-0.3632282316684723,0.9529157876968384,-0.13273784518241882,-0.17417410016059875,-0.23718000948429108,-0.2683448791503906,-0.4787690341472626,1.142215371131897,0.06639443337917328,-0.5900000000000001,0.20071832835674286,-0.7308482527732849,0.1404266357421875,-1.35329270362854,0.2616863548755646,-0.889025866985321,-0.03,1.040568470954895,0.5271530747413635
2.762075901031494,0.11112722754478455,0.6036446690559387,-0.030455539003014565,0.025300700217485428,-0.4217359721660614,-0.9058536887168884,-0.7227634787559509,-0.06,-0.36623623967170715,0.9525875449180603,-0.13414819538593292,-0.173639714717865,-0.23725773394107819,-0.2640398144721985,-0.48122668266296387,1.1387591361999512,0.06420106440782547,-0.5900000000000001,0.23417218029499054,-0.7930202484130859,0.12379314750432968,-1.370144009590149,0.1961633712053299,-0.8324154615402222,-0.03,0.9991979002952576,0.5699382424354553
2.762359619140625,0.11089292913675308,0.604132890701294,-0.02893989346921444,0.02552473172545433,-0.42175695300102234,-0.9058873653411865,-0.7233635783195496,-0.06,-0.369350790977478,0.9512248635292053,-0.13540728390216827,-0.17315106093883514,-0.23512031137943268,-0.2592293918132782,-0.4845646321773529,1.133230447769165,0.06286652386188507,-0.5900000000000001,0.2662774920463562,-0.8554527163505554,0.1066247820854187,-1.3821343183517456,0.1355023831129074,-0.7736625671386719,-0.03,0.9568161368370056,0.6063569188117981
2.7627780437469482,0.11086347699165344,0.6048740148544312,-0.02749066799879074,0.025878267362713814,-0.4219379723072052,-0.9058381915092468,-0.722468376159668,-0.06,-0.37228500843048096,0.9485706090927124,-0.1364286094903946,-0.17255672812461853,-0.23102840781211853,-0.2541640102863312,-0.4889082908630371,1.1256932020187378,0.06169981509447098,-0.5900000000000001,0.2966805696487427,-0.9182955622673035,0.09001980721950531,-1.3891774415969849,0.08019272238016129,-0.7135115265846252,-0.04984204098582268,0.9133349657058716,0.6389852166175842
2.763251781463623,0.11100968718528748,0.605863630771637,-0.026074152439832687,0.026150958612561226,-0.4222785532474518,-0.9057135581970215,-0.7205363512039185,-0.06,-0.37492287158966064,0.9443222284317017,-0.13711611926555634,-0.17148281633853912,-0.2259107530117035,-0.24894551932811737,-0.49361926317214966,1.116344928741455,0.0610702745616436,-0.5900000000000001,0.32498952746391296,-0.9820061326026917,0.07435629516839981,-1.3906219005584717,0.03131747618317604,-0.6526696085929871,-0.07299651950597763,0.8684042692184448,0.6689186096191406
2.763702154159546,0.11134406179189682,0.6071010828018188,-0.024701764807105064,0.02620053105056286,-0.4228086769580841,-0.9055032134056091,-0.7177939414978027,-0.06,-0.37709349393844604,0.9382211565971375,-0.1372992843389511,-0.1696385145187378,-0.22030004858970642,-0.24392938613891602,-0.49856841564178467,1.1054480075836182,0.06088325381278992,-0.5900000000000001,0.351050466299057,-1.0468393564224243,0.05935808643698692,-1.3861362934112549,-0.00897871982306242,-0.5911434888839722,-0.0958569347858429,0.8210487961769104,0.6958512663841248
2.764071226119995,0.11190225183963776,0.6085924506187439,-0.023406963795423508,0.025973767042160034,-0.4235564172267914,-0.9051945805549622,-0.714236855506897,-0.06,-0.37863317131996155,0.9300896525382996,-0.13680791854858398,-0.16685545444488525,-0.21434101462364197,-0.23932760953903198,-0.5036116242408752,1.09299898147583,0.061281464993953705,-0.5900000000000001,0.3748359680175781,-1.1126587390899658,0.044624801725149155,-1.3755725622177124,-0.038104742765426636,-0.5285682082176208,-0.11906293034553528,0.7706177830696106,0.7189242839813232
2.7643375396728516,0.11270667612552643,0.6103495955467224,-0.02221355214715004,0.02543831802904606,-0.42459824681282043,-0.904751718044281,-0.709781289100647,-0.06,-0.379526287317276,0.9196794629096985,-0.13558579981327057,-0.16296908259391785,-0.2079932540655136,-0.23526319861412048,-0.508838951587677,1.0789235830307007,0.06239430606365204,-0.5900000000000001,0.39620357751846313,-1.1792594194412231,0.030528392642736435,-1.3583340644836426,-0.055302079766988754,-0.4643760025501251,-0.14257434010505676,0.7167485356330872,0.7374410033226013
2.7644951343536377,0.11375148594379425,0.6123991012573242,-0.021127909421920776,0.02452285774052143,-0.42599743604660034,-0.9041451215744019,-0.7043657898902893,-0.06,-0.3798256814479828,0.9065632224082947,-0.1336088925600052,-0.15773524343967438,-0.20127984881401062,-0.23181147873401642,-0.5144440531730652,1.0630483627319336,0.06417328119277954,-0.5900000000000001,0.41515523195266724,-1.2467929124832153,0.03,-1.3333441019058228,-0.061762478202581406,-0.3976236581802368,-0.16576188802719116,0.6588568091392517,0.7508684992790222
2.7645530700683594,0.11500688642263412,0.614794909954071,-0.02015758492052555,0.02315235137939453,-0.4276704490184784,-0.9034132957458496,-0.6978201866149902,-0.06,-0.3793443441390991,0.8900961875915527,-0.13090923428535461,-0.15082424879074097,-0.19432507455348969,-0.22891893982887268,-0.520377516746521,1.045049786567688,0.06645988672971725,-0.5900000000000001,0.43233776092529297,-1.3155972957611084,0.03,-1.2995144128799438,-0.05908973142504692,-0.32740843296051025,-0.1875721514225006,0.596368134021759,0.760128915309906
2.7645328044891357,0.11642800271511078,0.6176128387451172,-0.019347460940480232,0.02125941589474678,-0.42947858572006226,-0.9026193022727966,-0.6897547245025635,-0.06,-0.3777507543563843,0.8693459630012512,-0.12753140926361084,-0.14184781908988953,-0.1872010976076126,-0.22651821374893188,-0.5265057682991028,1.0244777202606201,0.06906882673501968,-0.5900000000000001,0.4487527310848236,-1.3855873346328735,0.03,-1.2553476095199585,-0.04946703091263771,-0.2528827488422394,-0.20675723254680634,0.5285205245018005,0.7665749192237854
2.7644495964050293,0.11795257031917572,0.6208851933479309,-0.018700415268540382,0.018720535561442375,-0.4313524067401886,-0.9017953872680664,-0.6800541281700134,-0.06,-0.3749454915523529,0.843476414680481,-0.12358507513999939,-0.1303568184375763,-0.18022072315216064,-0.22457924485206604,-0.5327598452568054,1.0011367797851562,0.07182160019874573,-0.5900000000000001,0.46519047021865845,-1.4564036130905151,0.03,-1.1993765830993652,-0.03573722764849663,-0.17368188500404358,-0.22215235233306885,0.45515987277030945,0.771212637424469
2.764326572418213,0.119534432888031,0.6245733499526978,-0.018175940960645676,0.015437866561114788,-0.4333163797855377,-0.9009262919425964,-0.6688620448112488,-0.06,-0.3711633086204529,0.8121535181999207,-0.11923957616090775,-0.11610326915979385,-0.17367589473724365,-0.22306053340435028,-0.5392213463783264,0.9751470685005188,0.07461674511432648,-0.5900000000000001,0.4820086658000946,-1.5275959968566895,0.03,-1.130847454071045,-0.02125980705022812,-0.08999499678611755,-0.2328607589006424,0.3771528899669647,0.7750362157821655
2.7642059326171875,0.12118671089410782,0.6285790205001831,-0.017781224101781845,0.011477652937173843,-0.4354220926761627,-0.8999776244163513,-0.6561661958694458,-0.06,-0.36670830845832825,0.7756914496421814,-0.11463602632284164,-0.09926337748765945,-0.1673957258462906,-0.2219499796628952,-0.546040952205658,0.9468743801116943,0.07750868052244186,-0.5900000000000001,0.4993675947189331,-1.598436951637268,0.03,-1.0500010251998901,-0.009693068452179432,-0.002382798818871379,-0.23847082257270813,0.29609766602516174,0.7793827056884766
2.764152765274048,0.12295685708522797,0.6327505111694336,-0.017502544447779655,0.007060568314045668,-0.43762943148612976,-0.8989571928977966,-0.6420397162437439,-0.06,-0.3618914783000946,0.7353032231330872,-0.10992959141731262,-0.08059927821159363,-0.16096627712249756,-0.22107411921024323,-0.553259015083313,0.9169159531593323,0.080536387860775,-0.5900000000000001,0.517595112323761,-1.6680164337158203,0.03,-0.958072304725647,-0.003784434637054801,0.08804576843976974,-0.23898249864578247,0.21395155787467957,0.7854887843132019
2.764234781265259,0.12486891448497772,0.6369072198867798,-0.017199499532580376,0.0024234161246567965,-0.43991443514823914,-0.8978716731071472,-0.6270614862442017,-0.06,-0.3573078215122223,0.6928616166114807,-0.10534296184778214,-0.06113262474536896,-0.15410742163658142,-0.21998274326324463,-0.5609893798828125,0.8859267234802246,0.08366643637418747,-0.5900000000000001,0.5367814898490906,-1.7353134155273438,0.03,-0.8575935363769531,-0.005352364387363195,0.1794074922800064,-0.2345372587442398,0.13308434188365936,0.7938101887702942
2.764491081237793,0.12691791355609894,0.6408759355545044,-0.01669083908200264,-0.002264972310513258,-0.4423147737979889,-0.8967015743255615,-0.6121679544448853,-0.06,-0.353665292263031,0.6504146456718445,-0.10107988119125366,-0.04185786843299866,-0.14682771265506744,-0.21824359893798828,-0.5693421363830566,0.8546613454818726,0.08687790483236313,-0.5900000000000001,0.5566452741622925,-1.7990386486053467,0.03,-0.751843273639679,-0.015552511438727379,0.26949626207351685,-0.22543196380138397,0.055683571845293045,0.8036796450614929
2.7649245262145996,0.1291009783744812,0.6445147395133972,-0.01591568812727928,-0.0068396697752177715,-0.4448343813419342,-0.8954452872276306,-0.5981267094612122,-0.06,-0.3513191342353821,0.6099269390106201,-0.09722713381052017,-0.02373991720378399,-0.13919153809547424,-0.21575090289115906,-0.5782097578048706,0.8239859938621521,0.09020769596099854,-0.5900000000000001,0.5767970085144043,-1.8575072288513184,0.03,-0.6441524028778076,-0.03472962602972984,0.3559880554676056,-0.21224938333034515,-0.01606028527021408,0.814473032951355
2.765509843826294,0.1314198076725006,0.6477291584014893,-0.014941280707716942,-0.011077619157731533,-0.44731876254081726,-0.8941811323165894,-0.5853567719459534,-0.06,-0.35007429122924805,0.573298454284668,-0.09374919533729553,-0.007801682222634554,-0.13119380176067352,-0.21260498464107513,-0.5870516896247864,0.7947449088096619,0.09379162639379501,-0.5900000000000001,0.5970517992973328,-1.9092952013015747,0.04601147770881653,-0.53834468126297,-0.06090240553021431,0.4362439811229706,-0.1959117352962494,-0.07959385216236115,0.8260586261749268
2.7661936283111572,0.13385815918445587,0.6504481434822083,-0.013867301866412163,-0.014821418561041355,-0.44945237040519714,-0.8930736184120178,-0.5743448138237,-0.06,-0.34933552145957947,0.5423924326896667,-0.09054600447416306,0.0049799783155322075,-0.12324891984462738,-0.2091466188430786,-0.5949642658233643,0.7680124044418335,0.09743315726518631,-0.5845804214477539,0.6175283789634705,-1.9538171291351318,0.06204904615879059,-0.43877071142196655,-0.09102843701839447,0.5078179836273193,-0.17747046053409576,-0.13255585730075836,0.8373593091964722
2.7668912410736084,0.13638029992580414,0.6526008248329163,-0.0128391794860363,-0.018028181046247482,-0.45096173882484436,-0.8922687768936157,-0.565719723701477,-0.06,-0.34847521781921387,0.5189235806465149,-0.08748023957014084,0.013721609488129616,-0.1161617711186409,-0.2060517817735672,-0.6008179783821106,0.7452162504196167,0.10122174769639969,-0.5742825269699097,0.6382470726966858,-1.9906346797943115,0.07705841958522797,-0.34941330552101135,-0.12288440763950348,0.568989634513855,-0.1578647792339325,-0.17327839136123657,0.8460767865180969
2.7675321102142334,0.13896238803863525,0.6541370749473572,-0.012085658498108387,-0.02061830647289753,-0.4517313241958618,-0.8918337821960449,-0.5596868991851807,-0.06,-0.347005695104599,0.5040903091430664,-0.08440089970827103,0.017849542200565338,-0.1102939322590828,-0.20418024063110352,-0.6040235161781311,0.7276889085769653,0.10515318810939789,-0.5667136907577515,0.6587370038032532,-2.0187158584594727,0.09038093686103821,-0.2738140821456909,-0.14999999999999997,0.6183484792709351,-0.13814771175384521,-0.19990967214107513,0.8504871129989624
2.7680811882019043,0.14160169661045074,0.6551126837730408,-0.011760287918150425,-0.022471711039543152,-0.4518013894557953,-0.8917579054832458,-0.5557026267051697,-0.06,-0.3446817696094513,0.4976283609867096,-0.0811653658747673,0.017474597319960594,-0.10520321130752563,-0.20383311808109283,-0.6046764254570007,0.7154241800308228,0.10937182605266571,-0.5618563890457153,0.6782229542732239,-2.037522792816162,0.10165174305438995,-0.2153247892856598,-0.14999999999999997,0.6554231643676758,-0.11947522312402725,-0.21142183244228363,0.8487675189971924
2.768514394760132,0.14432354271411896,0.6557419896125793,-0.011824090033769608,-0.023577570915222168,-0.4512132406234741,-0.8920262455940247,-0.5525263547897339,-0.06,-0.34122759103775024,0.49703383445739746,-0.07765688002109528,0.013833276927471161,-0.10001961141824722,-0.20451274514198303,-0.6033290028572083,0.7064462304115295,0.11389573663473129,-0.5586066842079163,0.6964511275291443,-2.0487163066864014,0.11049208790063858,-0.17590303719043732,-0.14999999999999997,0.6811466813087463,-0.10280053317546844,-0.20992855727672577,0.8397176265716553
2.7687675952911377,0.14717234671115875,0.6562090516090393,-0.012166124768555164,-0.024251284077763557,-0.4499419331550598,-0.892645537853241,-0.5494675636291504,-0.06,-0.33624836802482605,0.49942469596862793,-0.07368040084838867,0.008335327729582787,-0.09502370655536652,-0.2061087191104889,-0.6000561118125916,0.699292778968811,0.11863917112350464,-0.5559526681900024,0.7140761017799377,-2.0550198554992676,0.11664804816246033,-0.15275916457176208,-0.14999999999999997,0.6972897052764893,-0.08879343420267105,-0.2008848339319229,0.8259770274162292
2.768805742263794,0.15023298561573029,0.6565770506858826,-0.012673179619014263,-0.024767018854618073,-0.44805896282196045,-0.8935709595680237,-0.5465729236602783,-0.06,-0.32974570989608765,0.5036625266075134,-0.06907528638839722,0.001642758958041668,-0.09059052914381027,-0.2086782604455948,-0.5949296951293945,0.6933897137641907,0.12368796765804291,-0.5535075068473816,0.7316433191299438,-2.0585458278656006,0.11982424557209015,-0.1410641074180603,-0.14999999999999997,0.7064509987831116,-0.077942855656147,-0.18874667584896088,0.8118158578872681
2.768662929534912,0.15361987054347992,0.6568664908409119,-0.013277276419103146,-0.02513153664767742,-0.4457356035709381,-0.8947132229804993,-0.5437642931938171,-0.06,-0.3220410645008087,0.5097105503082275,-0.06373932957649231,-0.006355211138725281,-0.0861562117934227,-0.21199779212474823,-0.588435709476471,0.6880607008934021,0.12933658063411713,-0.551117479801178,0.7490963935852051,-2.0601325035095215,0.11983291804790497,-0.13750970363616943,-0.14999999999999997,0.7114822864532471,-0.07048536092042923,-0.17532429099082947,0.7997340559959412
2.768388509750366,0.15739944577217102,0.6571123003959656,-0.013895339332520962,-0.0252993181347847,-0.44321388006210327,-0.8959510326385498,-0.5408390164375305,-0.06,-0.3136340379714966,0.5172848701477051,-0.05770236626267433,-0.015515896491706371,-0.08093627542257309,-0.215656116604805,-0.5813618898391724,0.682418942451477,0.1358308494091034,-0.5485015511512756,0.7658621668815613,-2.0601184368133545,0.11684208363294601,-0.14079049229621887,-0.14999999999999997,0.7143551111221313,-0.06658118218183517,-0.16098926961421967,0.7900148034095764
2.7680089473724365,0.1615670919418335,0.6573559045791626,-0.014406969770789146,-0.025293594226241112,-0.4407963156700134,-0.8971349596977234,-0.5376843810081482,-0.06,-0.305195689201355,0.5256432294845581,-0.05103971064090729,-0.025356555357575417,-0.07433837652206421,-0.2192017287015915,-0.574803352355957,0.6754806041717529,0.1430659145116806,-0.5452998876571655,0.781143844127655,-2.0590097904205322,0.11107706278562546,-0.15063825249671936,-0.14999999999999997,0.7159501314163208,-0.06637084484100342,-0.1458497792482376,0.781861424446106
2.767516613006592,0.16607636213302612,0.657629132270813,-0.014746200293302536,-0.02520187944173813,-0.4387301206588745,-0.8981443047523499,-0.5342294573783875,-0.06,-0.297202467918396,0.5338574647903442,-0.0438200943171978,-0.03522608056664467,-0.066204734146595,-0.22245347499847412,-0.5695288777351379,0.6667073965072632,0.1509316861629486,-0.5412871837615967,0.7944616675376892,-2.0574235916137695,0.10240058600902557,-0.16637644171714783,-0.14999999999999997,0.7167330980300903,-0.06975730508565903,-0.13018019497394562,0.7738259434700012
2.7668802738189697,0.17086432874202728,0.6579433679580688,-0.01494093518704176,-0.025129996240139008,-0.4371517300605774,-0.8989124894142151,-0.5303946733474731,-0.06,-0.2898440659046173,0.5410993695259094,-0.03607805073261261,-0.04450925812125206,-0.05674261972308159,-0.2255799025297165,-0.565870463848114,0.6561379432678223,0.1593276709318161,-0.5363841652870178,0.8056938052177429,-2.055840015411377,0.0906205028295517,-0.1870083212852478,-0.14999999999999997,0.7172591090202332,-0.0763871893286705,-0.1142917349934578,0.7639009356498718
2.766065835952759,0.17583933472633362,0.6582844853401184,-0.015027199871838093,-0.02519872598350048,-0.4361117482185364,-0.8994140625,-0.5263241529464722,-0.06,-0.28322145342826843,0.5468964576721191,-0.02788979932665825,-0.052762072533369064,-0.04648687317967415,-0.22880318760871887,-0.5637319087982178,0.6441900730133057,0.16829432547092438,-0.5307796001434326,0.8149169087409973,-2.0546228885650635,0.07583967596292496,-0.2116789072751999,-0.14999999999999997,0.7181154489517212,-0.08577097952365875,-0.09855599701404572,0.7500911355018616
2.765045404434204,0.1808827817440033,0.6586129069328308,-0.015006594359874725,-0.025523673743009567,-0.43565043807029724,-0.899628758430481,-0.5224406719207764,-0.06,-0.27752140164375305,0.5512220859527588,-0.01939728856086731,-0.05973276123404503,-0.03623424842953682,-0.23239997029304504,-0.5632233619689941,0.6318222284317017,0.1771809458732605,-0.5249487161636353,0.8222877979278564,-2.053950071334839,0.05843665823340416,-0.2397729754447937,-0.14999999999999997,0.7198324203491211,-0.09734320640563965,-0.08364090323448181,0.7310827970504761
2.7638111114501953,0.18587228655815125,0.6588456034660339,-0.014892376959323883,-0.026164306327700615,-0.43576765060424805,-0.8995554447174072,-0.5193626284599304,-0.06,-0.2729089558124542,0.5547388195991516,-0.01076288241893053,-0.06556137651205063,-0.027027830481529236,-0.2367970496416092,-0.5642752051353455,0.6207195520401001,0.18485228717327118,-0.5192895531654358,0.8281009197235107,-2.0535850524902344,0.039119902998209,-0.2711295783519745,-0.14999999999999997,0.722955048084259,-0.11037710309028625,-0.07068639248609543,0.7062856554985046
2.76239275932312,0.19074170291423798,0.6589640378952026,-0.014707153663039207,-0.02701687440276146,-0.4363543391227722,-0.8992488980293274,-0.5171024203300476,-0.06,-0.26926568150520325,0.5578941106796265,-0.0020972201600670815,-0.07051326334476471,-0.019804786890745163,-0.24273836612701416,-0.5680540800094604,0.61360764503479,0.18698666989803314,-0.5148422122001648,0.8328661918640137,-2.0528676509857178,0.03,-0.306060791015625,-0.14212067425251007,0.7277814745903015,-0.12389730662107468,-0.060936249792575836,0.6759792566299438
2.76094388961792,0.195473313331604,0.6592251062393188,-0.014295483939349651,-0.027621692046523094,-0.43731269240379333,-0.8987714648246765,-0.5139581561088562,-0.06,-0.2666282653808594,0.5591554045677185,0.006340499501675367,-0.0742146298289299,-0.015870895236730576,-0.25032106041908264,-0.5722875595092773,0.6144572496414185,0.18512482941150665,-0.5079862475395203,0.8368566632270813,-2.050818681716919,0.03,-0.34525853395462036,-0.1224222332239151,0.7337515950202942,-0.1369004249572754,-0.05477162078022957,0.6408981680870056
2.7597053050994873,0.20010161399841309,0.6600186824798584,-0.013434483669698238,-0.027350980788469315,-0.4384709596633911,-0.8982285261154175,-0.5073707103729248,-0.06,-0.2650078535079956,0.556171715259552,0.01414483692497015,-0.07617826759815216,-0.016102384775877,-0.25915828347206116,-0.5738915205001831,0.6266568303108215,0.18200747668743134,-0.49335363507270813,0.8404271602630615,-2.046212911605835,0.03,-0.3884871304035187,-0.10279381275177002,0.7401936650276184,-0.14865125715732574,-0.051946304738521576,0.6012418866157532
2.758866548538208,0.20468200743198395,0.6615480184555054,-0.012085376307368279,-0.025812504813075066,-0.43925416469573975,-0.8979105949401855,-0.49582335352897644,-0.06,-0.2633644640445709,0.5481481552124023,0.021113334223628044,-0.07674984633922577,-0.02006765641272068,-0.2687162756919861,-0.5721462368965149,0.6502172946929932,0.17579928040504456,-0.47171685099601746,0.8447527289390564,-2.037989854812622,0.03,-0.434160053730011,-0.08308131247758865,0.7468266487121582,-0.15884819626808167,-0.05232176557183266,0.558286190032959
2.7584433555603027,0.2092299610376358,0.6636738181114197,-0.010348418727517128,-0.023141061887145042,-0.43903425335884094,-0.8981125950813293,-0.48012733459472656,-0.06,-0.26028546690940857,0.5365865230560303,0.027367282658815384,-0.07695041596889496,-0.026923997327685356,-0.27868589758872986,-0.5688309073448181,0.6813389658927917,0.1597837209701538,-0.44349679350852966,0.8505144119262695,-2.025813102722168,0.03,-0.4805937707424164,-0.06261136382818222,0.7528359293937683,-0.16791236400604248,-0.05571487918496132,0.5160726308822632
2.7583770751953125,0.21367183327674866,0.6661107540130615,-0.008107230998575687,-0.01973680406808853,-0.43807294964790344,-0.8986861109733582,-0.46273767948150635,-0.06,-0.2564466595649719,0.5240907073020935,0.03282783180475235,-0.077580027282238,-0.0372035875916481,-0.28854018449783325,-0.563412606716156,0.7184805274009705,0.14289110898971558,-0.40858808159828186,0.8557716012001038,-2.0108397006988525,0.03,-0.5270369052886963,-0.03962992504239082,0.7562310695648193,-0.17686231434345245,-0.06074625253677368,0.48052647709846497
2.758502244949341,0.21791665256023407,0.6685535311698914,-0.0057545676827430725,-0.01629762537777424,-0.4366788864135742,-0.8994513750076294,-0.4453512132167816,-0.06,-0.2519676089286804,0.5114161968231201,0.03773622214794159,-0.07832863926887512,-0.05291377380490303,-0.2999936044216156,-0.5544044971466064,0.7624472975730896,0.13156305253505707,-0.36779266595840454,0.858487606048584,-1.9941328763961792,0.03,-0.5731573104858398,-0.014283432625234127,0.7568409442901611,-0.18685008585453033,-0.06691043078899384,0.45437848567962646
2.758690118789673,0.2220376431941986,0.6708390116691589,-0.0045179822482168674,-0.01330055482685566,-0.4351392984390259,-0.900253415107727,-0.4262411594390869,-0.06,-0.24588914215564728,0.4957733154296875,0.04271314665675163,-0.07755213230848312,-0.07746543735265732,-0.31367892026901245,-0.5377401113510132,0.8158958554267883,0.12095293402671814,-0.3297874927520752,0.85707026720047,-1.9754993915557861,0.03,-0.617560863494873,0.00942554697394371,0.7562857270240784,-0.19803905487060547,-0.07464810460805893,0.4380033612251282
2.758943796157837,0.2260473370552063,0.67284095287323,-0.004493375774472952,-0.01104101911187172,-0.4335063099861145,-0.9010716080665588,-0.4062541425228119,-0.06,-0.2383737564086914,0.47787541151046753,0.047784700989723206,-0.0755101665854454,-0.11254940181970596,-0.32976219058036804,-0.5111309289932251,0.8821125030517578,0.11564479023218155,-0.3301435112953186,0.8519785404205322,-1.957459807395935,0.03,-0.6571465134620667,0.025708382949233055,0.7547150254249573,-0.20922787487506866,-0.08387590944766998,0.4317489266395569
2.7593586444854736,0.22995810210704803,0.6743998527526855,-0.0050748540088534355,-0.009188682772219181,-0.4319406747817993,-0.9018409252166748,-0.3878120481967926,-0.06,-0.23069390654563904,0.4627188742160797,0.05270325765013695,-0.07478119432926178,-0.1501837819814682,-0.3436369299888611,-0.4808599054813385,0.9373294711112976,0.11077561974525452,-0.3348909914493561,0.8443406224250793,-1.942713975906372,0.03,-0.6905243992805481,0.034076280891895294,0.751308798789978,-0.2194354385137558,-0.09075302630662918,0.43485718965530396
2.7599289417266846,0.2339341938495636,0.67521071434021,-0.006413477007299662,-0.007225481793284416,-0.43065187335014343,-0.9024664163589478,-0.3723022937774658,-0.06,-0.22302597761154175,0.45587313175201416,0.05784331262111664,-0.07836584001779556,-0.18214094638824463,-0.35427799820899963,-0.4537676274776459,0.9665889739990234,0.1024334505200386,-0.3336515426635742,0.8350293040275574,-1.9314159154891968,0.03,-0.7179479598999023,0.04065672308206558,0.7462570667266846,-0.22913223505020142,-0.08912505954504013,0.444751501083374
2.760596513748169,0.23811817169189453,0.6749434471130371,-0.00891103595495224,-0.004929115530103445,-0.4292971193790436,-0.9031059145927429,-0.36096611618995667,-0.06,-0.21414630115032196,0.4619486331939697,0.06366413086652756,-0.08889656513929367,-0.20572325587272644,-0.3635921776294708,-0.43238359689712524,0.9695397019386292,0.09112958610057831,-0.34057995676994324,0.8261253833770752,-1.9207274913787842,0.03,-0.7393327355384827,0.049895331263542175,0.7392370700836182,-0.23911140859127045,-0.07557664066553116,0.4597741961479187
2.7612838745117188,0.24238285422325134,0.6734957098960876,-0.012473233975470066,-0.002599605591967702,-0.4277905225753784,-0.9037880897521973,-0.3549848198890686,-0.06,-0.20397937297821045,0.48128730058670044,0.07011859863996506,-0.10626871883869171,-0.2223019301891327,-0.37247994542121887,-0.4171236455440521,0.9508597254753113,0.07807895541191101,-0.35773104429244995,0.8187275528907776,-1.9069956541061401,0.03,-0.7556201219558716,0.060704488307237625,0.7292600870132446,-0.2491753101348877,-0.05241629481315613,0.4785647988319397
2.761845588684082,0.24644634127616882,0.6709983348846436,-0.0166989304125309,-0.0007742432644590735,-0.42632049322128296,-0.9044176340103149,-0.35472339391708374,-0.06,-0.1932429075241089,0.5102879405021667,0.07697729766368866,-0.12790745496749878,-0.23460601270198822,-0.38054394721984863,-0.40705326199531555,0.917935311794281,0.06694382429122925,-0.38005268573760986,0.8126775622367859,-1.889411449432373,0.03,-0.7703657746315002,0.07373955845832825,0.7170364260673523,-0.26000717282295227,-0.024027064442634583,0.49603110551834106
2.762122392654419,0.25015515089035034,0.6675834655761719,-0.021457768976688385,5.632636384689249e-05,-0.42506492137908936,-0.9049083590507507,-0.35979682207107544,-0.06,-0.1823137253522873,0.5449836850166321,0.08416492491960526,-0.151190385222435,-0.24502530694007874,-0.3879089057445526,-0.4011549949645996,0.878191351890564,0.05959755927324295,-0.4062804877758026,0.8074210286140442,-1.8693066835403442,0.03,-0.7874701023101807,0.08974890410900116,0.7044922709465027,-0.27227506041526794,0.005627625156193972,0.5063425302505493
2.761993885040283,0.25352492928504944,0.663281261920929,-0.026917066425085068,-0.0004934733151458204,-0.42387598752975464,-0.9053199887275696,-0.36971795558929443,-0.06,-0.17042039334774017,0.5829004049301147,0.09196935594081879,-0.17475281655788422,-0.2554754912853241,-0.39515045285224915,-0.39831966161727905,0.8353037238121033,0.05453477054834366,-0.4345778524875641,0.8030392527580261,-1.8481969833374023,0.03,-0.8078793883323669,0.10703807324171066,0.6920998096466064,-0.2858816683292389,0.03381241858005524,0.5099690556526184
2.761415958404541,0.2565246522426605,0.6582911014556885,-0.03267788141965866,-0.0026051877066493034,-0.4222623109817505,-0.9058806896209717,-0.3844383656978607,-0.06,-0.15662311017513275,0.6221726536750793,0.10045473277568817,-0.19768160581588745,-0.2661292254924774,-0.4040466845035553,-0.3945382833480835,0.8008819222450256,0.05550429970026016,-0.43891873955726624,0.8006962537765503,-1.827507495880127,0.03,-0.8289008736610413,0.12201236188411713,0.6778984069824219,-0.2993220388889313,0.05822690576314926,0.5124590396881104
2.761260509490967,0.259111613035202,0.6546892523765564,-0.03492160513997078,-0.0040086726658046246,-0.4220038652420044,-0.9059122204780579,-0.39779648184776306,-0.06,-0.14903293550014496,0.6541088223457336,0.10671813786029816,-0.2164270281791687,-0.2801600992679596,-0.4151945412158966,-0.3719392716884613,0.8200773000717163,0.07467783987522125,-0.4201786518096924,0.7972886562347412,-1.813420057296753,0.03,-0.8529138565063477,0.13589578866958618,0.6566247344017029,-0.3071323335170746,0.08322855085134506,0.5193466544151306
2.761488676071167,0.2618808150291443,0.6520676612854004,-0.035172149538993835,-0.004643155261874199,-0.4220168888568878,-0.9058933854103088,-0.40813419222831726,-0.06,-0.139921173453331,0.6799825429916382,0.11293674260377884,-0.23302623629570007,-0.2857390344142914,-0.41909295320510864,-0.3541872799396515,0.8326451182365417,0.10226880013942719,-0.4294061064720154,0.7965432405471802,-1.8012630939483643,0.03,-0.8735913038253784,0.14594244956970215,0.6354838609695435,-0.31004610657691956,0.1048949807882309,0.5241550207138062
2.761645793914795,0.26479989290237427,0.6500309109687805,-0.03356727212667465,-0.005879730451852083,-0.4221130311489105,-0.9059024453163147,-0.4194473326206207,-0.06,-0.1268545687198639,0.7015204429626465,0.12093208730220795,-0.2476700097322464,-0.28963103890419006,-0.4184095561504364,-0.3403678238391876,0.8377137780189514,0.12802842259407043,-0.43483442068099976,0.7988386154174805,-1.791754126548767,0.03,-0.8870440721511841,0.15683422982692719,0.6146942377090454,-0.3109898567199707,0.1177351325750351,0.5239894390106201
2.761545181274414,0.26807963848114014,0.6481298208236694,-0.03106861561536789,-0.007504105102270842,-0.4218340516090393,-0.9061093330383301,-0.4316956102848053,-0.06,-0.11265374720096588,0.722044050693512,0.13004916906356812,-0.2621265947818756,-0.2947412133216858,-0.41682639718055725,-0.32797032594680786,0.8413962125778198,0.1489873081445694,-0.4389103949069977,0.8042269945144653,-1.7848594188690186,0.03,-0.9001794457435608,0.17434509098529816,0.5944302678108215,-0.3146205544471741,0.1251385658979416,0.5228603482246399
2.7612996101379395,0.27212899923324585,0.6460089683532715,-0.029281355440616608,-0.008520495146512985,-0.4211808145046234,-0.9064638614654541,-0.4413628876209259,-0.06,-0.10282373428344727,0.7439926266670227,0.13833515346050262,-0.2782456576824188,-0.29898303747177124,-0.4180641770362854,-0.3156554698944092,0.8480263948440552,0.16498564183712006,-0.4445708394050598,0.8112022280693054,-1.7802720069885254,0.03,-0.9183984398841858,0.1947077065706253,0.5786881446838379,-0.3207179307937622,0.1278577446937561,0.5176670551300049
2.7608182430267334,0.27646949887275696,0.6435160636901855,-0.028414735570549965,-0.009968508034944534,-0.42090103030204773,-0.9066065549850464,-0.4506565034389496,-0.06,-0.09638027101755142,0.7659872770309448,0.14614921808242798,-0.29398220777511597,-0.3074619770050049,-0.4241979122161865,-0.30236634612083435,0.8619198203086853,0.1746443212032318,-0.45221367478370667,0.8165217638015747,-1.7783452272415161,0.03,-0.9401532411575317,0.21050898730754852,0.5675317049026489,-0.33144184947013855,0.1240808516740799,0.5087417960166931
2.7602407932281494,0.28063684701919556,0.6410272121429443,-0.028181178495287895,-0.012027855962514877,-0.4219934642314911,-0.9060807824134827,-0.4592539072036743,-0.06,-0.09177455306053162,0.7845194339752197,0.1541992574930191,-0.3068905174732208,-0.3249773681163788,-0.43493977189064026,-0.28365951776504517,0.8891471028327942,0.18450254201889038,-0.45344430208206177,0.8179547190666199,-1.777112603187561,0.03,-0.9646885991096497,0.22086547315120697,0.5601572394371033,-0.3453947603702545,0.11280565708875656,0.4990426301956177
2.75992751121521,0.2846110463142395,0.638966977596283,-0.028581812977790833,-0.013633384369313717,-0.4242173731327057,-0.905006468296051,-0.46362048387527466,-0.06,-0.0892276018857956,0.7978531122207642,0.1618005782365799,-0.31697791814804077,-0.35015058517456055,-0.4472315013408661,-0.2558838129043579,0.9311271905899048,0.19508770108222961,-0.4434484839439392,0.8165969252586365,-1.7738760709762573,0.03,-0.9930604696273804,0.22948813438415527,0.5567311644554138,-0.3584984540939331,0.09533356130123138,0.4898027181625366
2.760542154312134,0.28818580508232117,0.6376761794090271,-0.02850031666457653,-0.01342314388602972,-0.4254251718521118,-0.9044451117515564,-0.4627436399459839,-0.06,-0.08639230579137802,0.8084798455238342,0.16760505735874176,-0.32753443717956543,-0.3801279067993164,-0.4513879418373108,-0.21659891307353973,0.9833194017410278,0.19668155908584595,-0.4272153973579407,0.8162949085235596,-1.768919825553894,0.03,-1.0280216932296753,0.23939481377601624,0.5537508130073547,-0.3676290512084961,0.07712852954864502,0.48209598660469055
2.7620413303375244,0.29141706228256226,0.6371908187866211,-0.028446558862924576,-0.011674007400870323,-0.42662596702575684,-0.9039052128791809,-0.45614713430404663,-0.06,-0.08519335836172104,0.8153097033500671,0.17068810760974884,-0.33758360147476196,-0.4137991666793823,-0.4470188021659851,-0.17043562233448029,1.040725827217102,0.18672196567058563,-0.4082866907119751,0.8122168183326721,-1.760893702507019,0.03,-1.065659761428833,0.24956977367401123,0.5499170422554016,-0.37474268674850464,0.0623217336833477,0.47425127029418945
2.7639729976654053,0.29421326518058777,0.6371375918388367,-0.028309326618909836,-0.009834854863584042,-0.42900389432907104,-0.9028053283691406,-0.44796934723854065,-0.06,-0.08797077089548111,0.818987250328064,0.17222191393375397,-0.34508875012397766,-0.45061755180358887,-0.4354132413864136,-0.12172282487154007,1.0966477394104004,0.17244373261928558,-0.4015955626964569,0.8016563653945923,-1.7516762018203735,0.03,-1.097341537475586,0.26071760058403015,0.5419512987136841,-0.37988004088401794,0.052005212754011154,0.4685899019241333
2.7661309242248535,0.29658323526382446,0.6374080777168274,-0.02792353183031082,-0.00835200771689415,-0.4322829246520996,-0.901266872882843,-0.4399808943271637,-0.06,-0.09368263930082321,0.8204430341720581,0.1727760136127472,-0.35080328583717346,-0.48792293667793274,-0.4181719124317169,-0.07450613379478455,1.1416195631027222,0.15759210288524628,-0.3990944027900696,0.7864879369735718,-1.7409559488296509,0.03,-1.1184524297714233,0.27426213026046753,0.529029369354248,-0.38096243143081665,0.04640214890241623,0.46341419219970703
2.7684571743011475,0.29863211512565613,0.6378403902053833,-0.027447514235973358,-0.007332097738981247,-0.43579572439193726,-0.8995969891548157,-0.4326149523258209,-0.06,-0.1007642075419426,0.8205329775810242,0.1724201738834381,-0.3552843928337097,-0.5280355215072632,-0.3976500928401947,-0.028458669781684875,1.1788244247436523,0.14054042100906372,-0.3931986391544342,0.7694160342216492,-1.7273272275924683,0.03,-1.1284539699554443,0.28708645701408386,0.5124464631080627,-0.37736913561820984,0.0454731248319149,0.4546199142932892
2.7709736824035645,0.30043256282806396,0.638139009475708,-0.026969531551003456,-0.006712064146995544,-0.43927279114723206,-0.8979236483573914,-0.42667803168296814,-0.06,-0.10844440758228302,0.8215774297714233,0.17098338901996613,-0.3600598871707916,-0.5731201767921448,-0.37551149725914,0.016348978504538536,1.215564489364624,0.12053973972797394,-0.3814747929573059,0.7518643140792847,-1.7105941772460938,0.03,-1.1302598714828491,0.29699239134788513,0.49307793378829956,-0.3694814443588257,0.04846162348985672,0.44232693314552307
2.7736620903015137,0.3020598590373993,0.6380307674407959,-0.0265768114477396,-0.006300230510532856,-0.44262775778770447,-0.8962893486022949,-0.4228540062904358,-0.06,-0.11573617905378342,0.8260414600372314,0.1695007085800171,-0.3665531277656555,-0.6213151812553406,-0.35290777683258057,0.05901791527867317,1.2531874179840088,0.10102768242359161,-0.36858171224594116,0.7344827651977539,-1.6927295923233032,0.03,-1.1287089586257935,0.3069605529308319,0.4712362587451935,-0.35837996006011963,0.055535122752189636,0.433122843503952
2.7764439582824707,0.3035762906074524,0.6373350024223328,-0.026294754818081856,-0.005932759027928114,-0.4457365870475769,-0.8947581648826599,-0.4215049743652344,-0.06,-0.12205497175455093,0.8353859186172485,0.16822268068790436,-0.37561672925949097,-0.6699256300926208,-0.33059895038604736,0.09947219491004944,1.2906216382980347,0.08837191015481949,-0.36100277304649353,0.7179601788520813,-1.6772263050079346,0.03,-1.1294236183166504,0.32092568278312683,0.44942864775657654,-0.3466205596923828,0.06801482290029526,0.43158334493637085
2.7792651653289795,0.3049978017807007,0.6359925270080566,-0.02610081247985363,-0.005533076357096434,-0.4485523998737335,-0.8933581113815308,-0.4226960241794586,-0.06,-0.12733280658721924,0.8499680757522583,0.16707709431648254,-0.38743406534194946,-0.7164496779441833,-0.30919352173805237,0.13795402646064758,1.324616551399231,0.08625936508178711,-0.3588893711566925,0.7026753425598145,-1.6660127639770508,0.03,-1.136749029159546,0.3392980992794037,0.43105804920196533,-0.3365543782711029,0.08639252930879593,0.43655627965927124
2.7821736335754395,0.30629974603652954,0.6340714693069458,-0.026014503091573715,-0.005094315391033888,-0.45114126801490784,-0.892058789730072,-0.4259580969810486,-0.06,-0.1318676471710205,0.8689807057380676,0.16584530472755432,-0.40161752700805664,-0.7593096494674683,-0.2894745469093323,0.17497879266738892,1.351348638534546,0.09247969090938568,-0.35881873965263367,0.6881855130195618,-1.6579574346542358,0.03,-1.1516817808151245,0.3580300807952881,0.4175480902194977,-0.3291158080101013,0.10942209511995316,0.44377607107162476
