1.5860892534255981,0.012228923849761486,0.6287547945976257,-0.04383676499128342,-0.002057516248896718,-0.008566813543438911,-0.998999834060669,-0.43685463070869446,-0.06,-0.1615673005580902,0.9193191528320312,-0.05650761350989342,-0.4944758713245392,-0.634179413318634,-0.23029038310050964,0.10999811440706253,1.0470614433288574,0.13101671636104584,-0.46335941553115845,-0.4952111542224884,0.4692327082157135,0.5617862939834595,1.6161420345306396,0.5975643992424011,-0.3564251959323883,-0.08485045284032822,-0.4952934980392456,-0.1022467315196991
1.587303876876831,0.011309020221233368,0.6304704546928406,-0.0464911013841629,-0.0011186548508703709,-0.011493130587041378,-0.9988518357276917,-0.42356282472610474,-0.06,-0.1626962125301361,0.8998987078666687,-0.05724300816655159,-0.4858049154281616,-0.6242809891700745,-0.23873820900917053,0.10354651510715485,1.0401536226272583,0.1308623105287552,-0.4642244875431061,-0.484835684299469,0.4675382077693939,0.523186206817627,1.6094729900360107,0.5202926993370056,-0.3714698851108551,-0.119202621281147,-0.5370723009109497,-0.05770597979426384
1.5887545347213745,0.010823844000697136,0.633268415927887,-0.050351496785879135,0.0002590508374851197,-0.014294641092419624,-0.998629093170166,-0.40286144614219666,-0.06,-0.16006579995155334,0.8687580823898315,-0.056337226182222366,-0.47161057591438293,-0.6101042032241821,-0.25040099024772644,0.09736578166484833,1.0267754793167114,0.13197225332260132,-0.4621793329715729,-0.47030240297317505,0.46102485060691833,0.4720914661884308,1.5990478992462158,0.4306759834289551,-0.3869636654853821,-0.15036708116531372,-0.5834570527076721,-0.016315219923853874
1.5902600288391113,0.010667121037840843,0.6371005177497864,-0.05500410869717598,0.0014625906478613615,-0.01695859245955944,-0.9983409643173218,-0.3766258955001831,-0.06,-0.15489596128463745,0.8258423209190369,-0.05410981923341751,-0.4513182044029236,-0.5929818153381348,-0.26415160298347473,0.09053981304168701,1.0064607858657837,0.13356247544288635,-0.4564198851585388,-0.45221778750419617,0.4482446610927582,0.41298726201057434,1.5840263366699219,0.33735358715057373,-0.403125137090683,-0.1754835993051529,-0.632984459400177,0.017387494444847107
1.5916930437088013,0.010746166110038757,0.6417249441146851,-0.059939563274383545,0.0022256379015743732,-0.019576821476221085,-0.9980075359344482,-0.3465936481952667,-0.06,-0.148723304271698,0.7727341651916504,-0.05116988345980644,-0.4254685938358307,-0.573752224445343,-0.2788245975971222,0.0821492075920105,0.9799196124076843,0.1351841241121292,-0.4470359981060028,-0.4318770468235016,0.4294668138027191,0.35172224044799805,1.5645273923873901,0.25299370288848877,-0.422279417514801,-0.19474032521247864,-0.6819633841514587,0.04275272414088249
1.5929787158966064,0.011012371629476547,0.6466683149337769,-0.0647609531879425,0.0024919745046645403,-0.02250996045768261,-0.9976436495780945,-0.31494656205177307,-0.06,-0.14340780675411224,0.7130522727966309,-0.04799291864037514,-0.3956466615200043,-0.5535600781440735,-0.29374146461486816,0.07170495390892029,0.9497389197349548,0.1368253082036972,-0.4353547990322113,-0.41173055768013,0.4075944721698761,0.29319578409194946,1.5431245565414429,0.18858616054058075,-0.4470612406730652,-0.208898663520813,-0.7263894081115723,0.05924559384584427
1.5941038131713867,0.011384767480194569,0.6514211893081665,-0.06911414861679077,0.002364541171118617,-0.026130208745598793,-0.9972635507583618,-0.28394824266433716,-0.06,-0.14058634638786316,0.6516187787055969,-0.04501083120703697,-0.3642119765281677,-0.5333854556083679,-0.3082868158817291,0.05886482447385788,0.9191731214523315,0.13841797411441803,-0.4232241213321686,-0.39448562264442444,0.3873834013938904,0.2404709905385971,1.5251935720443726,0.1483413428068161,-0.4777008891105652,-0.21784792840480804,-0.7633522748947144,0.06677336990833282
1.595104694366455,0.011768563650548458,0.6557157635688782,-0.07273324579000473,0.002043686108663678,-0.030452629551291466,-0.9968842267990112,-0.25474676489830017,-0.06,-0.14079508185386658,0.5918765068054199,-0.042525071650743484,-0.33309507369995117,-0.513404369354248,-0.32170313596725464,0.04360366612672806,0.8900759816169739,0.13985201716423035,-0.4117966294288635,-0.38083040714263916,0.371204674243927,0.1948629468679428,1.51352858543396,0.127449169754982,-0.5115460157394409,-0.2222641110420227,-0.7939077615737915,0.0673656314611435
1.5960030555725098,0.012064307928085327,0.6594725847244263,-0.0754198506474495,0.001634458894841373,-0.035025596618652344,-0.996535062789917,-0.22798554599285126,-0.06,-0.14311517775058746,0.5359690189361572,-0.04070422053337097,-0.3037009537220001,-0.49390384554862976,-0.3329147696495056,0.026680516079068184,0.8630862236022949,0.14088381826877594,-0.40134990215301514,-0.36969849467277527,0.3590138554573059,0.1573966145515442,1.5082844495773315,0.11820916086435318,-0.545394778251648,-0.2231377512216568,-0.8203514218330383,0.06353884190320969
1.596833348274231,0.012170754373073578,0.6627346277236938,-0.07699981331825256,0.0012899492867290974,-0.03936867043375969,-0.9962525963783264,-0.20373421907424927,-0.06,-0.14657194912433624,0.48513317108154297,-0.0396263487637043,-0.2770145833492279,-0.4745875597000122,-0.3409672677516937,0.008583193644881248,0.8379014134407043,0.14117354154586792,-0.39172741770744324,-0.360018789768219,0.35003533959388733,0.12889324128627777,1.508136510848999,0.11412341892719269,-0.576482355594635,-0.22057659924030304,-0.8430656790733337,0.05637270584702492
1.5976536273956299,0.011979346163570881,0.6655552983283997,-0.07736331969499588,0.0011888357112184167,-0.04308496415615082,-0.9960708022117615,-0.18193720281124115,-0.06,-0.15027278661727905,0.44043755531311035,-0.0395759679377079,-0.25389960408210754,-0.4550533592700958,-0.34514090418815613,-0.01026196125894785,0.8141826391220093,0.14042100310325623,-0.3828398585319519,-0.350826621055603,0.3439551889896393,0.11099305003881454,1.5106269121170044,0.11346344649791718,-0.6018769145011902,-0.2140795886516571,-0.8612855672836304,0.0453684963285923
1.598497748374939,0.011476628482341766,0.668007493019104,-0.07670308649539948,0.0014275009743869305,-0.04604087769985199,-0.9959893226623535,-0.1622229665517807,-0.06,-0.15351442992687225,0.4017854630947113,-0.040381986647844315,-0.23441311717033386,-0.4352775514125824,-0.34571972489356995,-0.02921312488615513,0.791728138923645,0.13866665959358215,-0.3745880126953125,-0.34157299995422363,0.3406151533126831,0.10536015778779984,1.5136405229568481,0.11914072185754776,-0.6193557381629944,-0.2041303664445877,-0.8736791610717773,0.029998041689395905
1.599361538887024,0.010763329453766346,0.6701720356941223,-0.07555229961872101,0.001947419485077262,-0.048288993537425995,-0.995969831943512,-0.14347781240940094,-0.06,-0.15572881698608398,0.36674588918685913,-0.04166751727461815,-0.21730704605579376,-0.4159511923789978,-0.3440467119216919,-0.0471593514084816,0.7706663608551025,0.13635535538196564,-0.3669724464416504,-0.3324573338031769,0.3393631875514984,0.11159442365169525,1.517431616783142,0.13375557959079742,-0.6282996535301208,-0.19172880053520203,-0.8780671954154968,0.009966511279344559
1.600180983543396,0.009913177229464054,0.6720694303512573,-0.07440060377120972,0.0024960916489362717,-0.05001688376069069,-0.9959701895713806,-0.12548236548900604,-0.06,-0.15694893896579742,0.3335024118423462,-0.04334266856312752,-0.20126403868198395,-0.39850685000419617,-0.3414638638496399,-0.06306817382574081,0.7517011761665344,0.1338537633419037,-0.36015796661376953,-0.3247653543949127,0.33927053213119507,0.12871922552585602,1.524492621421814,0.15916410088539124,-0.6290552616119385,-0.17739513516426086,-0.871397852897644,-0.013557498343288898
1.6008796691894531,0.008904321119189262,0.6736572980880737,-0.07345545291900635,0.002817521570250392,-0.05140434950590134,-0.9959688186645508,-0.10919499397277832,-0.06,-0.1575920432806015,0.3024792969226837,-0.04522671550512314,-0.1862148642539978,-0.3843384087085724,-0.33861109614372253,-0.07638579607009888,0.735834538936615,0.13120996952056885,-0.35448941588401794,-0.3201475739479065,0.3397420048713684,0.1561214178800583,1.536973476409912,0.19553014636039734,-0.6217824816703796,-0.16105316579341888,-0.8515396118164062,-0.038081780076026917
1.601419448852539,0.007656482048332691,0.6748786568641663,-0.07276517897844315,0.0028183222748339176,-0.05234484374523163,-0.9959704279899597,-0.09564407914876938,-0.06,-0.15772071480751038,0.29000000000000004,-0.047531966120004654,-0.17298464477062225,-0.3744637668132782,-0.3354279696941376,-0.08604341000318527,0.724026620388031,0.1283903568983078,-0.35039395093917847,-0.31951218843460083,0.3410661816596985,0.1929687261581421,1.5548707246780396,0.2408248335123062,-0.6057605147361755,-0.14223703742027283,-0.8184124827384949,-0.06215052306652069
1.6018402576446533,0.006063026376068592,0.6757112741470337,-0.07228677719831467,0.002672970062121749,-0.052755437791347504,-0.9959840178489685,-0.08535316586494446,-0.06,-0.1573847085237503,0.29000000000000004,-0.050430234521627426,-0.16273993253707886,-0.36859095096588135,-0.33152610063552856,-0.0899062529206276,0.7163947224617004,0.12578536570072174,-0.3481431007385254,-0.3234408497810364,0.34465405344963074,0.237540140748024,1.5770492553710938,0.29270172119140625,-0.5802827477455139,-0.12110142409801483,-0.7741126418113708,-0.08511064946651459
1.602246880531311,0.004018177278339863,0.6761869192123413,-0.0718611404299736,0.002823964226990938,-0.052918631583452225,-0.9960057139396667,-0.07800012826919556,-0.06,-0.15721866488456726,0.29000000000000004,-0.05410151556134224,-0.1564919799566269,-0.36402633786201477,-0.3261096477508545,-0.08587665110826492,0.7119055986404419,0.12414831668138504,-0.3484598398208618,-0.3330201804637909,0.3531223237514496,0.2864603102207184,1.6024397611618042,0.34957051277160645,-0.5455467104911804,-0.09883058071136475,-0.7216476798057556,-0.1066177636384964
1.6027024984359741,0.0015074610710144043,0.6763588786125183,-0.07141393423080444,0.003524360479786992,-0.05317723751068115,-0.9960219264030457,-0.0732128694653511,-0.06,-0.15795278549194336,0.29000000000000004,-0.058615151792764664,-0.1543944776058197,-0.35816606879234314,-0.31913915276527405,-0.07655143737792969,0.7100085616111755,0.12288626283407211,-0.3520262837409973,-0.3491044342517853,0.3689021170139313,0.3350735306739807,1.6300000000000001,0.4097203314304352,-0.5032836198806763,-0.07696032524108887,-0.663917064666748,-0.12793363630771637
1.6031914949417114,-0.0014652316458523273,0.6762871742248535,-0.07067298144102097,0.004652048461139202,-0.05386079475283623,-0.9960334300994873,-0.0718325823545456,-0.06,-0.16057167947292328,0.29000000000000004,-0.06408414989709854,-0.15661004185676575,-0.35095012187957764,-0.3104175329208374,-0.06526551395654678,0.7100304365158081,0.12156015634536743,-0.35804030299186707,-0.3717290163040161,0.3923715054988861,0.37967103719711304,1.6300000000000001,0.4702790081501007,-0.4558652341365814,-0.056237176060676575,-0.6042911410331726,-0.14999999999999997
1.6036512851715088,-0.004845942370593548,0.6760174632072449,-0.06944181770086288,0.005930996499955654,-0.05501529201865196,-0.9960501790046692,-0.07452442497015,-0.06,-0.1654566079378128,0.29000000000000004,-0.07050198316574097,-0.16282989084720612,-0.3433907926082611,-0.30026769638061523,-0.05511533096432686,0.7112692594528198,0.11935536563396454,-0.36503368616104126,-0.3997003734111786,0.42203450202941895,0.4184077978134155,1.6300000000000001,0.5288970470428467,-0.405727744102478,-0.03708566352725029,-0.5456173419952393,-0.14999999999999997
1.6039899587631226,-0.008503803983330727,0.6755887866020203,-0.06775042414665222,0.00701950816437602,-0.05617949366569519,-0.9960944652557373,-0.08092694729566574,-0.06,-0.17166990041732788,0.29000000000000004,-0.07763419300317764,-0.1718270182609558,-0.33732694387435913,-0.2889629602432251,-0.04691588506102562,0.713654100894928,0.11591693758964539,-0.3719187378883362,-0.43062570691108704,0.45508211851119995,0.4507319927215576,1.6300000000000001,0.5844503045082092,-0.3559821844100952,-0.03,-0.4898783564567566,-0.14999999999999997
1.6041237115859985,-0.01227874867618084,0.6750257611274719,-0.06564729660749435,0.007597293239086866,-0.056652624160051346,-0.9962043166160583,-0.09065510332584381,-0.06,-0.1777566373348236,0.29000000000000004,-0.08515995740890503,-0.18269912898540497,-0.334690660238266,-0.2766728103160858,-0.040511369705200195,0.7172178626060486,0.11103977262973785,-0.37774550914764404,-0.46180930733680725,0.48872166872024536,0.4766007363796234,1.6300000000000001,0.6359052658081055,-0.3097737729549408,-0.03,-0.438931405544281,-0.14999999999999997
1.604034662246704,-0.016034021973609924,0.6743465662002563,-0.06309419125318527,0.007579190656542778,-0.055949632078409195,-0.9964091181755066,-0.1032380610704422,-0.054053857922554016,-0.18271754682064056,0.3059792220592499,-0.09284859150648117,-0.1951427012681961,-0.3361145555973053,-0.26342618465423584,-0.03623967245221138,0.7217490077018738,0.10463947802782059,-0.38191282749176025,-0.49136900901794434,0.5214533805847168,0.49602431058883667,1.6300000000000001,0.6815825700759888,-0.26913535594940186,-0.03,-0.3948690593242645,-0.14999999999999997
1.603761076927185,-0.01967250183224678,0.6735948920249939,-0.06001709774136543,0.00707595469430089,-0.053964763879776,-0.9967123866081238,-0.11771082878112793,-0.04291953146457672,-0.18618904054164886,0.3311636745929718,-0.10053292661905289,-0.20875927805900574,-0.3407287299633026,-0.24917377531528473,-0.03488792106509209,0.7263850569725037,0.09654362499713898,-0.38405999541282654,-0.5184910297393799,0.5527567863464355,0.5088421106338501,1.6300000000000001,0.7182462215423584,-0.23534339666366577,-0.03,-0.36000221967697144,-0.14999999999999997
1.6033413410186768,-0.02315758913755417,0.6728284955024719,-0.056357383728027344,0.006250014994293451,-0.05097808688879013,-0.9970886707305908,-0.1332082748413086,-0.030651630833745003,-0.18859583139419556,0.3572307527065277,-0.108193039894104,-0.22294627130031586,-0.34666186571121216,-0.23370930552482605,-0.0349758043885231,0.7299142479896545,0.08718819916248322,-0.3843427896499634,-0.5430521965026855,0.5822779536247253,0.5151851177215576,1.6300000000000001,0.7416023015975952,-0.20961692929267883,-0.03,-0.33685797452926636,-0.14999999999999997
1.602866530418396,-0.02647179551422596,0.6721037030220032,-0.05204677954316139,0.005430146120488644,-0.04789077863097191,-0.9974807500839233,-0.1488683670759201,-0.017199181020259857,-0.19158078730106354,0.383408784866333,-0.11583402752876282,-0.2371819168329239,-0.35125017166137695,-0.2170003354549408,-0.03610562905669212,0.7312377095222473,0.07824031263589859,-0.38333097100257874,-0.5657878518104553,0.609653115272522,0.5150238275527954,1.6300000000000001,0.7460900545120239,-0.19308391213417053,-0.03,-0.3281840682029724,-0.14999999999999997
1.6024117469787598,-0.029576700180768967,0.6714426875114441,-0.04703153297305107,0.00482145743444562,-0.0455123633146286,-0.9978442788124084,-0.1645614355802536,-0.002750554820522666,-0.1967722326517105,0.40975654125213623,-0.12342439591884613,-0.25127360224723816,-0.35292163491249084,-0.199579656124115,-0.04024292156100273,0.7298382520675659,0.06954539567232132,-0.38138067722320557,-0.5866974592208862,0.6338400840759277,0.5094884634017944,1.6300000000000001,0.7296881675720215,-0.18671123683452606,-0.03,-0.33535057306289673,-0.14999999999999997
1.6019073724746704,-0.032403364777565,0.6707668304443359,-0.0415206141769886,0.004109733272343874,-0.04407263547182083,-0.9981566071510315,-0.18148267269134521,0.011836870573461056,-0.2048393189907074,0.43667978048324585,-0.13085269927978516,-0.26521119475364685,-0.35330674052238464,-0.1821361929178238,-0.04674357920885086,0.7268970608711243,0.06133737415075302,-0.3789031207561493,-0.6043384671211243,0.6529877185821533,0.5011758208274841,1.6300000000000001,0.6960703730583191,-0.19133701920509338,-0.03,-0.35694289207458496,-0.14999999999999997
1.601263165473938,-0.034886714071035385,0.6699219346046448,-0.0358743891119957,0.0029961636755615473,-0.043677255511283875,-0.9983967542648315,-0.20104320347309113,0.025267181918025017,-0.21671798825263977,0.46518421173095703,-0.13826720416545868,-0.2792295813560486,-0.35473892092704773,-0.16562491655349731,-0.05438599735498428,0.7247515916824341,0.05391530320048332,-0.3768497109413147,-0.617379903793335,0.6656464338302612,0.4922316372394562,1.6300000000000001,0.6510878205299377,-0.20613503456115723,-0.03,-0.3887109160423279,-0.14999999999999997
1.6004787683486938,-0.03697275370359421,0.6687543988227844,-0.03033067099750042,0.0015606667147949338,-0.044758766889572144,-0.9985359907150269,-0.2244146168231964,0.0357942096889019,-0.2357179969549179,0.49687591195106506,-0.14511243999004364,-0.2938171327114105,-0.35792380571365356,-0.1510397046804428,-0.0633440762758255,0.7254618406295776,0.047540996223688126,-0.3764640986919403,-0.6259923577308655,0.6701721549034119,0.48208343982696533,1.6300000000000001,0.5968533158302307,-0.22857314348220825,-0.03,-0.4252356290817261,-0.14999999999999997
1.599597454071045,-0.03859342634677887,0.6671519875526428,-0.025044886395335197,1.1224313311686274e-05,-0.047407183796167374,-0.9985615611076355,-0.25206732749938965,0.041665129363536835,-0.26545313000679016,0.5333214402198792,-0.15136724710464478,-0.30917683243751526,-0.36304399371147156,-0.13902096450328827,-0.07347460836172104,0.7305141687393188,0.042422764003276825,-0.3786713182926178,-0.6298426389694214,0.6632406711578369,0.4683505892753601,1.6300000000000001,0.5316329598426819,-0.25544071197509766,-0.03,-0.46275338530540466,-0.14999999999999997
1.598668098449707,-0.039746858179569244,0.6649859547615051,-0.01978924497961998,-0.0014553084038197994,-0.050709377974271774,-0.9985161423683167,-0.28367796540260315,0.043297648429870605,-0.30635517835617065,0.5748785138130188,-0.15776270627975464,-0.32614946365356445,-0.37046730518341064,-0.12855325639247894,-0.08316431939601898,0.7406949400901794,0.03849140554666519,-0.38367199897766113,-0.6268999576568604,0.6433032751083374,0.4496200382709503,1.6300000000000001,0.45614194869995117,-0.28417253494262695,-0.043948642909526825,-0.4988790452480316,-0.14999999999999997
1.5976967811584473,-0.040441978722810745,0.6621736288070679,-0.014268636703491211,-0.0027865723241120577,-0.053052645176649094,-0.9984859228134155,-0.31816956400871277,0.041969556361436844,-0.3546827733516693,0.6220576763153076,-0.15998218953609467,-0.34600019454956055,-0.38103732466697693,-0.1178981140255928,-0.08963402360677719,0.7560710906982422,0.035278674215078354,-0.390765517950058,-0.6148276329040527,0.6116053462028503,0.42435193061828613,1.6300000000000001,0.3728470802307129,-0.31437769532203674,-0.07292606681585312,-0.5309474468231201,-0.1430329829454422
1.5966567993164062,-0.04069383814930916,0.6587936282157898,-0.008592774160206318,-0.0039203292690217495,-0.05328171327710152,-0.9985347986221313,-0.35159623622894287,0.03799518197774887,-0.40115058422088623,0.6754070520401001,-0.16251812875270844,-0.3695579171180725,-0.39492112398147583,-0.10635112226009369,-0.09078671038150787,0.7758653163909912,0.032752908766269684,-0.3990289270877838,-0.5934679508209229,0.571489691734314,0.3909046947956085,1.6300000000000001,0.28532564640045166,-0.3470035493373871,-0.10395216196775436,-0.5559625625610352,-0.12465608865022659
1.5955841541290283,-0.04044845327734947,0.6549106240272522,-0.0030618757009506226,-0.004625861998647451,-0.05114765465259552,-0.9986756443977356,-0.37977898120880127,0.03428597375750542,-0.4393323063850403,0.7254127860069275,-0.16319312155246735,-0.39708569645881653,-0.41143739223480225,-0.09430598467588425,-0.08616301417350769,0.7997516393661499,0.03109791688621044,-0.40826404094696045,-0.5651208162307739,0.5279371738433838,0.34973379969596863,1.6300000000000001,0.20033569633960724,-0.38327929377555847,-0.13427317142486572,-0.5716041922569275,-0.11014259606599808
1.5944080352783203,-0.039603982120752335,0.6507642865180969,0.0017553253564983606,-0.005022340454161167,-0.04713607579469681,-0.998874306678772,-0.40094369649887085,0.030582908540964127,-0.46506989002227783,0.7700092792510986,-0.16615286469459534,-0.42693808674812317,-0.43013063073158264,-0.08318988233804703,-0.07622413337230682,0.8264544606208801,0.03068525902926922,-0.4177645146846771,-0.5326613783836365,0.48518285155296326,0.30458903312683105,1.6300000000000001,0.12800844013690948,-0.4243754744529724,-0.16223016381263733,-0.5802806615829468,-0.09763357043266296
1.593196988105774,-0.03806870058178902,0.6467766165733337,0.00508290808647871,-0.005163288675248623,-0.041801974177360535,-0.9990995526313782,-0.41812098026275635,0.026848668232560158,-0.47712621092796326,0.8100744485855103,-0.18045978248119354,-0.4493807554244995,-0.44961801171302795,-0.07482592016458511,-0.06138978153467178,0.853596568107605,0.03213176876306534,-0.42663535475730896,-0.4982066750526428,0.4469273090362549,0.2592235207557678,1.617963433265686,0.07665301114320755,-0.47010964155197144,-0.18743011355400085,-0.5876519083976746,-0.08523254096508026
1.5920906066894531,-0.03576819971203804,0.6429368853569031,0.006458486430346966,-0.004860544577240944,-0.03585830703377724,-0.9993240833282471,-0.43159693479537964,0.02141357958316803,-0.4781954884529114,0.8457523584365845,-0.19037747383117676,-0.4687550663948059,-0.4695078730583191,-0.07065140455961227,-0.0420072115957737,0.8821811676025391,0.03600645065307617,-0.43593984842300415,-0.4638218581676483,0.41605547070503235,0.21542437374591827,1.5962787866592407,0.04933275654911995,-0.5180431008338928,-0.20967550575733185,-0.5971152782440186,-0.0719771608710289
1.5912394523620605,-0.0328868068754673,0.6391772031784058,0.005708763375878334,-0.003898985218256712,-0.02921810932457447,-0.9995490908622742,-0.4421575367450714,0.013681183569133282,-0.46764183044433594,0.880028486251831,-0.1855102926492691,-0.4872177541255951,-0.4895555377006531,-0.07045462727546692,-0.017629653215408325,0.9128968119621277,0.04218429699540138,-0.4464280307292938,-0.4297049343585968,0.39234301447868347,0.17261944711208344,1.5738120079040527,0.04234585911035538,-0.5637704730033875,-0.22846142947673798,-0.6082000732421875,-0.0571606308221817
1.5906835794448853,-0.02961399406194687,0.6353535652160645,0.0030871171038597822,-0.0024918061681091785,-0.021699409931898117,-0.9997566342353821,-0.44875362515449524,0.0037362470757216215,-0.45114660263061523,0.9107962846755981,-0.17996066808700562,-0.5046415328979492,-0.5106309652328491,-0.07293647527694702,0.012058786116540432,0.9462249875068665,0.05025291070342064,-0.4583173096179962,-0.3959592878818512,0.3728124797344208,0.1303534060716629,1.5516196489334106,0.04918939620256424,-0.6037647724151611,-0.24382582306861877,-0.6195881366729736,-0.03973933309316635
1.5904207229614258,-0.02629879303276539,0.6316012740135193,-0.0009748311713337898,-0.0009584248764440417,-0.013422725722193718,-0.9999089241027832,-0.4523950219154358,-0.007043502293527126,-0.42978063225746155,0.9376164078712463,-0.17303211987018585,-0.5206970572471619,-0.5323037505149841,-0.07651722431182861,0.045748718082904816,0.9801514744758606,0.05936894565820694,-0.47064971923828125,-0.3629581034183502,0.354164183139801,0.09173233807086945,1.531738519668579,0.06916473805904388,-0.6346837878227234,-0.25567784905433655,-0.6316024661064148,-0.023570211604237556
1.5904663801193237,-0.02324678935110569,0.6282288432121277,-0.006040888838469982,0.000614394317381084,-0.0048005664721131325,-0.9999698996543884,-0.4527435600757599,-0.017379948869347572,-0.40504539012908936,0.9584517478942871,-0.16532282531261444,-0.5343965888023376,-0.552781343460083,-0.08028655499219894,0.08108282834291458,1.0117677450180054,0.06874118000268936,-0.4822719693183899,-0.331045001745224,0.3345470428466797,0.06030496209859848,1.5150868892669678,0.10084601491689682,-0.6534203290939331,-0.2643207311630249,-0.6456502676010132,-0.015897443518042564
1.5907914638519287,-0.020645124837756157,0.6255180239677429,-0.011702481657266617,0.0021913773380219936,0.003483955515548587,-0.9999229311943054,-0.4496917724609375,-0.0268255602568388,-0.37914589047431946,0.972010612487793,-0.15761038661003113,-0.5448736548423767,-0.570344090461731,-0.08417385071516037,0.11535383015871048,1.0387423038482666,0.07778706401586533,-0.492380291223526,-0.30124184489250183,0.3130446970462799,0.0379842147231102,1.501860499382019,0.13973471522331238,-0.659378170967102,-0.27029988169670105,-0.6615365147590637,-0.020261717960238457
1.5912922620773315,-0.018625905737280846,0.6235755085945129,-0.017281435430049896,0.0036266506649553776,0.010771107859909534,-0.9997859597206116,-0.44433873891830444,-0.03484022617340088,-0.3547750413417816,0.97881680727005,-0.15051238238811493,-0.5519294142723083,-0.5841141939163208,-0.08786322921514511,0.14566360414028168,1.059768795967102,0.08566373586654663,-0.500393807888031,-0.2752912640571594,0.29020142555236816,0.03,1.4932971000671387,0.17953084409236908,-0.6530863046646118,-0.27262571454048157,-0.6778363585472107,-0.03638608753681183
1.591795802116394,-0.017285989597439766,0.6223016977310181,-0.02198932133615017,0.004643905442208052,0.016793537884950638,-0.9996063113212585,-0.43881359696388245,-0.04064813256263733,-0.33441826701164246,0.9811528325080872,-0.14486780762672424,-0.5563040375709534,-0.594468355178833,-0.09040504693984985,0.16994474828243256,1.0747580528259277,0.09154064953327179,-0.5060379505157471,-0.2544732689857483,0.26770615577697754,0.03,1.490706443786621,0.2167731374502182,-0.6354501247406006,-0.26911038160324097,-0.6933716535568237,-0.06161275878548622
1.59214186668396,-0.016611050814390182,0.6215351819992065,-0.025436071678996086,0.0050089433789253235,0.021903689950704575,-0.9994238615036011,-0.43470683693885803,-0.04371531680226326,-0.3186510503292084,0.981134831905365,-0.14127330482006073,-0.5588589906692505,-0.6026712656021118,-0.09082821756601334,0.18835502862930298,1.0845119953155518,0.09508321434259415,-0.5090978145599365,-0.238521546125412,0.24706029891967773,0.03888470306992531,1.4947737455368042,0.2510703206062317,-0.6093026995658875,-0.2594251036643982,-0.7065658569335938,-0.08907502144575119
1.592284917831421,-0.01649390161037445,0.6210556030273438,-0.027620604261755943,0.0047689275816082954,0.026806993409991264,-0.9992474913597107,-0.4324629604816437,-0.04385823383927345,-0.3063008785247803,0.9806751608848572,-0.1396971344947815,-0.5609270334243774,-0.6098763942718506,-0.08845803886651993,0.20260953903198242,1.0906100273132324,0.09651058167219162,-0.5099141597747803,-0.2259775698184967,0.22935442626476288,0.06837332993745804,1.5051847696304321,0.2807562053203583,-0.5777000188827515,-0.2452402263879776,-0.7160230875015259,-0.11165987700223923
1.5922722816467285,-0.01681765355169773,0.6206681132316589,-0.028717515990138054,0.004213147331029177,0.03216027840971947,-0.999061107635498,-0.4315114915370941,-0.04107195511460304,-0.29561713337898254,0.9809905886650085,-0.13963693380355835,-0.5635571479797363,-0.6164999008178711,-0.08304090052843094,0.2144957035779953,1.0946074724197388,0.09617047756910324,-0.5091171860694885,-0.2144823968410492,0.21462731063365936,0.1119532659649849,1.5186474323272705,0.3048669397830963,-0.5420892834663391,-0.22950616478919983,-0.7224578261375427,-0.1256977617740631
1.59215247631073,-0.017510073259472847,0.6202612519264221,-0.02892790362238884,0.0035722425673156977,0.03797505050897598,-0.9988535046577454,-0.4313265085220337,-0.03587527573108673,-0.28621840476989746,0.9825273156166077,-0.1410185843706131,-0.5670929551124573,-0.6224985122680664,-0.07503677904605865,0.2246040403842926,1.0975475311279297,0.0944083109498024,-0.5073762536048889,-0.20271840691566467,0.20141887664794922,0.16683369874954224,1.5309298038482666,0.3240472078323364,-0.5026113986968994,-0.21393710374832153,-0.7273001074790955,-0.13233886659145355
1.5919467210769653,-0.018528886139392853,0.6197547316551208,-0.02837841771543026,0.00296557554975152,0.04359354078769684,-0.9986417889595032,-0.4320535957813263,-0.029159806668758392,-0.27911049127578735,0.985757052898407,-0.14364399015903473,-0.5714969635009766,-0.6276553273200989,-0.06548936665058136,0.23221784830093384,1.1001793146133423,0.09155784547328949,-0.5054728984832764,-0.19123126566410065,0.1878983974456787,0.22949481010437012,1.5392099618911743,0.33944061398506165,-0.45921218395233154,-0.19814935326576233,-0.7306418418884277,-0.13568757474422455
1.5917097330093384,-0.019812334328889847,0.6191010475158691,-0.027174746617674828,0.0026168329641222954,0.048252929002046585,-0.9984619617462158,-0.43347206711769104,-0.021888451650738716,-0.2755044102668762,0.9908822178840637,-0.14746981859207153,-0.5766723155975342,-0.6313266754150391,-0.055659934878349304,0.23636019229888916,1.1030386686325073,0.08794590830802917,-0.5042448043823242,-0.18125881254673004,0.1729118674993515,0.2963768541812897,1.5424885749816895,0.3524351418018341,-0.4120112359523773,-0.18136702477931976,-0.731498658657074,-0.13990575075149536
1.591479778289795,-0.021263079717755318,0.6182267069816589,-0.025509629398584366,0.002535938285291195,0.05166645720601082,-0.9983353018760681,-0.4358033835887909,-0.01485607773065567,-0.2755660116672516,0.9982807636260986,-0.15212802588939667,-0.5828256607055664,-0.6338772177696228,-0.046327732503414154,0.23721511662006378,1.1068717241287231,0.08387646079063416,-0.5042567253112793,-0.17329585552215576,0.1555984914302826,0.36406612396240234,1.5414701700210571,0.3642311990261078,-0.36187422275543213,-0.16327355802059174,-0.7292432188987732,-0.14899756014347076
1.5912750959396362,-0.022784540429711342,0.6170753836631775,-0.023538650944828987,0.0025717993266880512,0.05380304530262947,-0.9982707500457764,-0.43949344754219055,-0.008573333732783794,-0.2790948748588562,1.0080454349517822,-0.15725599229335785,-0.5896559953689575,-0.6360868811607361,-0.03783203288912773,0.23534703254699707,1.112199306488037,0.07957448810338974,-0.5057422518730164,-0.16752324998378754,0.13586091995239258,0.42922544479370117,1.5382070541381836,0.3754023611545563,-0.30947819352149963,-0.1438097059726715,-0.724195659160614,-0.14999999999999997
1.5911325216293335,-0.024303950369358063,0.6157026290893555,-0.021312575787305832,0.0026966691948473454,0.05448543652892113,-0.9982833862304688,-0.4444403350353241,-0.0033691013231873512,-0.2861630618572235,1.019742488861084,-0.16262568533420563,-0.5900000000000001,-0.6378145813941956,-0.030642522498965263,0.23060868680477142,1.1186964511871338,0.07517725229263306,-0.5086872577667236,-0.1646551638841629,0.11482442915439606,0.4881943166255951,1.5352013111114502,0.3850114047527313,-0.2543576955795288,-0.12279144674539566,-0.7173032760620117,-0.14999999999999997
1.5910210609436035,-0.02575809136033058,0.6142006516456604,-0.01883147470653057,0.0026965246070176363,0.0535234734416008,-0.9983853697776794,-0.45108214020729065,0.0004885338712483644,-0.29707327485084534,1.0327906608581543,-0.16811001300811768,-0.5900000000000001,-0.6392844319343567,-0.025052614510059357,0.22279371321201324,1.1256827116012573,0.07077913731336594,-0.5127009749412537,-0.16532671451568604,0.09374628216028214,0.5381945371627808,1.5343493223190308,0.39150381088256836,-0.19683265686035156,-0.10040254145860672,-0.7103359699249268,-0.14999999999999997
1.5908586978912354,-0.027067599818110466,0.612657904624939,-0.016126438975334167,0.0022297955583781004,0.05106641724705696,-0.9985625147819519,-0.46011069416999817,0.002906935987994075,-0.3114980161190033,1.0466349124908447,-0.17355945706367493,-0.5900000000000001,-0.6412795186042786,-0.020906934514641762,0.21247093379497528,1.1324925422668457,0.06653693318367004,-0.5170734524726868,-0.16915883123874664,0.07373211532831192,0.5778679847717285,1.5357983112335205,0.3936217129230499,-0.13911904394626617,-0.07786525785923004,-0.7057065367698669,-0.14999999999999997
1.5906000137329102,-0.0281289741396904,0.6111701130867004,-0.013302244246006012,0.0011555398814380169,0.047597259283065796,-0.9987772703170776,-0.47141167521476746,0.003979885019361973,-0.3281124532222748,1.0606003999710083,-0.1786338984966278,-0.5900000000000001,-0.6442357301712036,-0.01788189448416233,0.2009027898311615,1.1385524272918701,0.06274832040071487,-0.5211166739463806,-0.17487120628356934,0.0555206760764122,0.6071452498435974,1.5375614166259766,0.3913601040840149,-0.08478162437677383,-0.05743788182735443,-0.7057330012321472,-0.14999999999999997
1.5902812480926514,-0.028841089457273483,0.6098698377609253,-0.010521265678107738,-0.0003152838035020977,0.04363717511296272,-0.9989919066429138,-0.48359915614128113,0.003928962163627148,-0.345037043094635,1.0734977722167969,-0.18289190530776978,-0.5900000000000001,-0.6475610136985779,-0.01589871570467949,0.18931642174720764,1.1432262659072876,0.05977480858564377,-0.5243924260139465,-0.1811334788799286,0.0395679846405983,0.6264605522155762,1.536932110786438,0.3852519392967224,-0.03780984878540039,-0.04203587770462036,-0.712238609790802,-0.14999999999999997
1.5899759531021118,-0.029122505336999893,0.6089047789573669,-0.008009342476725578,-0.0018430837662890553,0.039569828659296036,-0.9991828799247742,-0.4948256313800812,0.002862620400264859,-0.3605644106864929,1.0839402675628662,-0.1861342191696167,-0.5900000000000001,-0.6502620577812195,-0.015189011581242085,0.1786789745092392,1.1459378004074097,0.05791947618126869,-0.5266813039779663,-0.18676380813121796,0.025318317115306854,0.6355311870574951,1.5309224128723145,0.3742764890193939,-0.001509042689576745,-0.03352096676826477,-0.7270809412002563,-0.14999999999999997
1.5897717475891113,-0.02894880808889866,0.6083952784538269,-0.006111945956945419,-0.0030838903039693832,0.03553994372487068,-0.9993447661399841,-0.5034000873565674,0.0006444256287068129,-0.3732207119464874,1.0906763076782227,-0.1879059225320816,-0.5900000000000001,-0.6514363884925842,-0.016385216265916824,0.16964741051197052,1.1464873552322388,0.05738278850913048,-0.5280975699424744,-0.19092389941215515,0.01173553615808487,0.6339614987373352,1.517447590827942,0.3578754961490631,0.023456672206521034,-0.03122190572321415,-0.7515990138053894,-0.14999999999999997
1.5896979570388794,-0.028339920565485954,0.6084657907485962,-0.005248161498457193,-0.003993035294115543,0.031465157866477966,-0.999483048915863,-0.508587121963501,-0.003121593501418829,-0.38199055194854736,1.0924152135849,-0.1875321865081787,-0.5900000000000001,-0.6509677767753601,-0.02028539404273033,0.16272404789924622,1.1447445154190063,0.058407701551914215,-0.5286858081817627,-0.1930149495601654,-0.00228964164853096,0.6214503049850464,1.4958076477050781,0.33632174134254456,0.03837841749191284,-0.03351696580648422,-0.7870132923126221,-0.14999999999999997
1.5897258520126343,-0.027309130877256393,0.6094076037406921,-0.005793999880552292,-0.0047303359024226665,0.027419770136475563,-0.9995959997177124,-0.5096989870071411,-0.00850676465779543,-0.38568374514579773,1.0867735147476196,-0.18450477719306946,-0.5900000000000001,-0.648776650428772,-0.027521416544914246,0.15829302370548248,1.139365553855896,0.06084706634283066,-0.527769148349762,-0.19148458540439606,-0.01845056563615799,0.5975058078765869,1.4645901918411255,0.3098300099372864,0.045128896832466125,-0.03993326425552368,-0.8343939781188965,-0.14999999999999997
1.5898406505584717,-0.02590632066130638,0.6116310358047485,-0.008006327785551548,-0.005352799780666828,0.023684395477175713,-0.9996730089187622,-0.5051677227020264,-0.015010559000074863,-0.38296765089035034,1.0703043937683105,-0.17871615290641785,-0.5900000000000001,-0.6440013647079468,-0.03834807872772217,0.15659035742282867,1.1279070377349854,0.06454575061798096,-0.5237025618553162,-0.18407103419303894,-0.0388607382774353,0.5641164183616638,1.4224653244018555,0.28328725695610046,0.04638516157865524,-0.05147682875394821,-0.8931027054786682,-0.14999999999999997
1.5900750160217285,-0.024203024804592133,0.6153718829154968,-0.011991474777460098,-0.005809054244309664,0.020309945568442345,-0.999704897403717,-0.49358201026916504,-0.022354358807206154,-0.37353283166885376,1.0405479669570923,-0.17028509080410004,-0.5869773030281067,-0.6359140276908875,-0.05325829237699509,0.15667155385017395,1.1091164350509644,0.06807325035333633,-0.515706479549408,-0.1692012995481491,-0.06441054493188858,0.5244817733764648,1.3699336051940918,0.2623889148235321,0.04583084583282471,-0.06988217681646347,-0.9606728553771973,-0.14999999999999997
1.5905416011810303,-0.022216934710741043,0.6205784678459167,-0.017782608047127724,-0.005830734968185425,0.01711089350283146,-0.999678373336792,-0.4735635221004486,-0.030829818919301033,-0.35787782073020935,0.996521532535553,-0.15932676196098328,-0.5613006949424744,-0.6238327026367188,-0.07405830919742584,0.15542364120483398,1.083206057548523,0.06945514678955078,-0.504602313041687,-0.14640821516513824,-0.09271766245365143,0.47874993085861206,1.3099472522735596,0.24616903066635132,0.048167239874601364,-0.09603648632764816,-1.0334376096725464,-0.14999999999999997
1.5912715196609497,-0.019967226311564445,0.6268830299377441,-0.025362348183989525,-0.005432247184216976,0.014371749013662338,-0.9995601177215576,-0.445145845413208,-0.040865737944841385,-0.3366938829421997,0.9389753937721252,-0.1464914232492447,-0.5293240547180176,-0.6087161898612976,-0.10272672772407532,0.1509922742843628,1.0517692565917969,0.07099968940019608,-0.4909808337688446,-0.11512468010187149,-0.12008413672447205,0.42648136615753174,1.246032476425171,0.23261140286922455,0.05809774622321129,-0.12894074618816376,-1.1075152158737183,-0.14999999999999997
1.5921493768692017,-0.0175761915743351,0.6337288618087769,-0.03442464768886566,-0.005030090920627117,0.012607347220182419,-0.9993150234222412,-0.4103332459926605,-0.0525023527443409,-0.31157949566841125,0.870221734046936,-0.13318279385566711,-0.49228283762931824,-0.5930016040802002,-0.1384052038192749,0.1419585943222046,1.017221450805664,0.07518891245126724,-0.47477012872695923,-0.07547959685325623,-0.14348578453063965,0.36963796615600586,1.1806029081344604,0.22212330996990204,0.07912077009677887,-0.1649538278579712,-1.179230809211731,-0.14999999999999997
1.5930824279785156,-0.015356604941189289,0.6406657099723816,-0.04410138353705406,-0.004941550549119711,0.01166022289544344,-0.9989466667175293,-0.37146860361099243,-0.06,-0.28576406836509705,0.7928863763809204,-0.12091190367937088,-0.45145344734191895,-0.5803988575935364,-0.1764823943376541,0.1304718554019928,0.9812017679214478,0.07665425539016724,-0.4551191031932831,-0.03028840571641922,-0.16017460823059082,0.31206780672073364,1.1163843870162964,0.21418647468090057,0.1130044162273407,-0.19881297647953033,-1.2457128763198853,-0.14999999999999997
1.593862771987915,-0.013569246046245098,0.647161066532135,-0.05361250042915344,-0.005566735286265612,0.011164326220750809,-0.9984838366508484,-0.33220356702804565,-0.06,-0.2622215151786804,0.7112925052642822,-0.11052832752466202,-0.4085727632045746,-0.569821834564209,-0.2113782912492752,0.11779475957155228,0.9466143846511841,0.07322316616773605,-0.43709731101989746,0.01645505055785179,-0.16843168437480927,0.2571617066860199,1.0553228855133057,0.20493964850902557,0.15790867805480957,-0.22622722387313843,-1.3045642375946045,-0.14999999999999997
1.594415307044983,-0.01247858814895153,0.652974545955658,-0.061967186629772186,-0.006840310990810394,0.009688576683402061,-0.9980076551437378,-0.2949342429637909,-0.06,-0.24520301818847656,0.6291113495826721,-0.10315275192260742,-0.36512500047683716,-0.5615650415420532,-0.23872530460357666,0.10863449424505234,0.9169518947601318,0.06792984157800674,-0.4200097620487213,0.058900386095047,-0.1684596836566925,0.20796015858650208,0.9973790049552917,0.19096781313419342,0.210593119263649,-0.24488921463489532,-1.3534131050109863,-0.14999999999999997
1.5948116779327393,-0.012167369946837425,0.657935380935669,-0.0686873123049736,-0.008045075461268425,0.0062590488232672215,-0.9975860118865967,-0.2600626051425934,-0.06,-0.23622041940689087,0.549976110458374,-0.09850752353668213,-0.3224979341030121,-0.5500591397285461,-0.2580591142177582,0.10164263099431992,0.8884068727493286,0.0674283355474472,-0.40679046511650085,0.09340739250183105,-0.16290158033370972,0.16701526939868927,0.9425081610679626,0.17398065328598022,0.2697696387767792,-0.2554261088371277,-1.390310287475586,-0.14999999999999997
1.5951991081237793,-0.012631721794605255,0.6620632410049438,-0.0735267847776413,-0.008456201292574406,0.001044765580445528,-0.9972567558288574,-0.2266087681055069,-0.06,-0.2342175990343094,0.4759843647480011,-0.09645427763462067,-0.28244516253471375,-0.5321663618087769,-0.27250945568084717,0.0929073616862297,0.8587972521781921,0.08170969784259796,-0.39498159289360046,0.12039932608604431,-0.15685053169727325,0.13620717823505402,0.8934814929962158,0.15804393589496613,0.33550888299942017,-0.25799083709716797,-1.4144927263259888,-0.14999999999999997
1.5955960750579834,-0.01392140332609415,0.6655452847480774,-0.07649532705545425,-0.008228862658143044,-0.004563009832054377,-0.9970255494117737,-0.1941201388835907,-0.06,-0.23553432524204254,0.4064875543117523,-0.09668055176734924,-0.245136097073555,-0.5088858604431152,-0.28172773122787476,0.08130847662687302,0.8272436261177063,0.10535494983196259,-0.38390907645225525,0.1442824900150299,-0.15590617060661316,0.11666825413703918,0.8522405028343201,0.1464810073375702,0.40620875358581543,-0.2501785159111023,-1.4288746118545532,-0.14999999999999997
1.595981478691101,-0.015989042818546295,0.6687885522842407,-0.07744580507278442,-0.007933206856250763,-0.009633171372115612,-0.9969183206558228,-0.1613067239522934,-0.06,-0.23717834055423737,0.33662471175193787,-0.09917925298213959,-0.20839670300483704,-0.4868829548358917,-0.2854950726032257,0.06461607664823532,0.8003405332565308,0.11670025438070297,-0.3741185963153839,0.16875161230564117,-0.16341203451156616,0.10749191045761108,0.8181083798408508,0.14033108949661255,0.4788539707660675,-0.23057681322097778,-1.4384410381317139,-0.14999999999999997
1.596212387084961,-0.01851731911301613,0.6716693043708801,-0.07678215205669403,-0.008416608907282352,-0.012843713164329529,-0.9969295859336853,-0.13028480112552643,-0.06,-0.2359001338481903,0.29000000000000004,-0.10290053486824036,-0.17262504994869232,-0.46826648712158203,-0.2845638394355774,0.04119659215211868,0.7743385434150696,0.10572324693202972,-0.36330023407936096,0.19637015461921692,-0.1815216988325119,0.10610335320234299,0.7917362451553345,0.1425575613975525,0.5503441691398621,-0.2034662961959839,-1.4469095468521118,-0.1441960483789444
1.5962156057357788,-0.021460125222802162,0.6741158962249756,-0.07426486164331436,-0.009658833965659142,-0.015032523311674595,-0.9970784187316895,-0.10370026528835297,-0.05869080498814583,-0.2334514707326889,0.29000000000000004,-0.10811911523342133,-0.13970018923282623,-0.4528215527534485,-0.2768293023109436,0.02147028036415577,0.750005304813385,0.0996776893734932,-0.35266682505607605,0.2228613793849945,-0.2103332132101059,0.11019568145275116,0.7748298048973083,0.15534883737564087,0.6158362030982971,-0.1749488115310669,-1.454308271408081,-0.1398158222436905
1.5960936546325684,-0.024563461542129517,0.6760696172714233,-0.07036261260509491,-0.01105374563485384,-0.01687484420835972,-0.997317373752594,-0.08264302462339401,-0.03892906755208969,-0.23125766217708588,0.29000000000000004,-0.11420387029647827,-0.11210975795984268,-0.43819648027420044,-0.26530367136001587,0.0005560711724683642,0.7264143228530884,0.09075331687927246,-0.34211915731430054,0.24435347318649292,-0.24694831669330597,0.11722934246063232,0.76861572265625,0.17915809154510498,0.6718246936798096,-0.15087299048900604,-1.4616135358810425,-0.14082659780979156
1.5958623886108398,-0.027673954144120216,0.6776050329208374,-0.06573273241519928,-0.012392315082252026,-0.01814214326441288,-0.9975953102111816,-0.06658892333507538,-0.01857816055417061,-0.2287786304950714,0.29000000000000004,-0.12068217247724533,-0.09013593941926956,-0.42510491609573364,-0.2513115406036377,-0.018496431410312653,0.704569935798645,0.08212604373693466,-0.33211958408355713,0.2604829967021942,-0.28767433762550354,0.12546762824058533,0.7719311714172363,0.21030835807323456,0.7166484594345093,-0.13405832648277283,-1.4677188396453857,-0.14709751307964325
1.5955045223236084,-0.030749095603823662,0.678772509098053,-0.060985252261161804,-0.013794563710689545,-0.018220940604805946,-0.9978769421577454,-0.055617984384298325,0.0008755600429140031,-0.22505420446395874,0.29000000000000004,-0.12715859711170197,-0.07407305389642715,-0.4150034785270691,-0.23586085438728333,-0.03361848369240761,0.6850189566612244,0.07328566163778305,-0.32255086302757263,0.2729145288467407,-0.3294368386268616,0.1354035586118698,0.7831395864486694,0.244388610124588,0.7493759393692017,-0.12367399036884308,-1.4689408540725708,-0.14999999999999997
1.5949827432632446,-0.03387278690934181,0.6795762181282043,-0.05657469853758812,-0.01565968059003353,-0.016963353380560875,-0.9981313347816467,-0.05190596356987953,0.01821616291999817,-0.22087697684764862,0.29000000000000004,-0.13370577991008759,-0.06515982002019882,-0.40986010432243347,-0.21974176168441772,-0.04344416782259941,0.6690003871917725,0.06445557624101639,-0.3137708306312561,0.28262728452682495,-0.3707975745201111,0.1495979279279709,0.802456259727478,0.27996423840522766,0.7678347229957581,-0.1157015934586525,-1.4609651565551758,-0.14999999999999997
1.5943886041641235,-0.03711402416229248,0.6800348162651062,-0.05282348021864891,-0.017815547063946724,-0.014787895604968071,-0.9983353614807129,-0.05534779652953148,0.032811809331178665,-0.21757031977176666,0.29000000000000004,-0.14032140374183655,-0.06363370269536972,-0.4090684652328491,-0.20407609641551971,-0.04888112097978592,0.6572989225387573,0.055555298924446106,-0.3065827190876007,0.28993770480155945,-0.41110464930534363,0.1702900528907776,0.8288313150405884,0.3182947337627411,0.7723495364189148,-0.10697631537914276,-1.441935420036316,-0.14999999999999997
1.5938878059387207,-0.04047304019331932,0.6801790595054626,-0.049841489642858505,-0.01967906579375267,-0.012104869820177555,-0.9984898567199707,-0.06307842582464218,0.04480019211769104,-0.21541674435138702,0.29000000000000004,-0.14690802991390228,-0.06825771927833557,-0.4105489253997803,-0.18988297879695892,-0.05207198113203049,0.6503225564956665,0.04693550616502762,-0.30184102058410645,0.2954012453556061,-0.44964417815208435,0.1979019194841385,0.8600108027458191,0.3592441976070404,0.7657565474510193,-0.09606479853391647,-1.4125447273254395,-0.14999999999999997
1.593559980392456,-0.04391364008188248,0.6800156235694885,-0.04766285791993141,-0.020981941372156143,-0.00883591640740633,-0.9986039996147156,-0.07236365973949432,0.05450645089149475,-0.21346087753772736,0.29000000000000004,-0.15335536003112793,-0.0773671492934227,-0.41328856348991394,-0.17818041145801544,-0.05409429222345352,0.6480927467346191,0.03918064013123512,-0.2998279333114624,0.3002653419971466,-0.485706090927124,0.23116154968738556,0.8942152261734009,0.39922380447387695,0.7502552270889282,-0.08275648951530457,-1.3746449947357178,-0.14999999999999997
1.5933935642242432,-0.04739696532487869,0.679565966129303,-0.04621022567152977,-0.021776515990495682,-0.004812384955585003,-0.9986826181411743,-0.08185907453298569,0.062359679490327835,-0.21084988117218018,0.29000000000000004,-0.1595030277967453,-0.08965793997049332,-0.41730815172195435,-0.16866284608840942,-0.05527490749955177,0.6502793431282043,0.031911078840494156,-0.3002793788909912,0.30552202463150024,-0.5188413858413696,0.26868996024131775,0.9293615818023682,0.4351527690887451,0.7266432642936707,-0.06736963242292404,-1.3300153017044067,-0.14999999999999997
1.593324065208435,-0.050931189209222794,0.6788947582244873,-0.0452953465282917,-0.02224428579211235,-0.0006809576298110187,-0.9987257122993469,-0.09177364408969879,0.06884423643350601,-0.2086969017982483,0.29000000000000004,-0.16474024951457977,-0.10385473817586899,-0.4228951632976532,-0.16070236265659332,-0.055613208562135696,0.6560670137405396,0.02546098083257675,-0.30218935012817383,0.30992069840431213,-0.5494436621665955,0.3103962540626526,0.9629607796669006,0.468736857175827,0.694904088973999,-0.05029549449682236,-1.2802135944366455,-0.14999999999999997
1.5933070182800293,-0.054517053067684174,0.6779558062553406,-0.04490431398153305,-0.022411879152059555,0.0026438382919877768,-0.9987363815307617,-0.10223506391048431,0.07405347377061844,-0.2087429314851761,0.29000000000000004,-0.17010194063186646,-0.11883295327425003,-0.4295286536216736,-0.1547718644142151,-0.05667983740568161,0.6657567620277405,0.019059743732213974,-0.30657488107681274,0.311149924993515,-0.5776228308677673,0.35604873299598694,0.9931698441505432,0.5029804110527039,0.6558536887168884,-0.032753653824329376,-1.2274072170257568,-0.14999999999999997
1.5933126211166382,-0.058195944875478745,0.6766760945320129,-0.044962260872125626,-0.022238967940211296,0.004925321321934462,-0.9987289309501648,-0.11314570158720016,0.07829166948795319,-0.21121196448802948,0.29000000000000004,-0.17762550711631775,-0.13412237167358398,-0.43652021884918213,-0.15022900700569153,-0.05791806802153587,0.6802995204925537,0.01288491953164339,-0.3149546980857849,0.30828890204429626,-0.6027083396911621,0.4040171205997467,1.0187339782714844,0.5376307964324951,0.6111400127410889,-0.03,-1.1741944551467896,-0.14999999999999997
1.5933219194412231,-0.06200040876865387,0.6751125454902649,-0.04527214169502258,-0.02170233242213726,0.006032594479620457,-0.9987205862998962,-0.12538829445838928,0.08168209344148636,-0.21579599380493164,0.29000000000000004,-0.18614567816257477,-0.15013869106769562,-0.4438445568084717,-0.1458776593208313,-0.05887670814990997,0.6979239583015442,0.006464739330112934,-0.32525190711021423,0.3011932671070099,-0.6238376498222351,0.4502207934856415,1.038718342781067,0.5671790838241577,0.5626949667930603,-0.03,-1.123009204864502,-0.14999999999999997
1.5932499170303345,-0.06588108837604523,0.673274040222168,-0.04556982219219208,-0.02095888741314411,0.0056853643618524075,-0.9987249374389648,-0.14178143441677094,0.08477729558944702,-0.22284339368343353,0.29000000000000004,-0.1923271119594574,-0.16867363452911377,-0.45123058557510376,-0.14182256162166595,-0.06120262295007706,0.7176699638366699,-0.0007191758486442268,-0.33715564012527466,0.2900771498680115,-0.6409916281700134,0.48896655440330505,1.0517709255218506,0.583798885345459,0.5123436450958252,-0.03,-1.0754728317260742,-0.14999999999999997
1.593010425567627,-0.0697418600320816,0.6710309982299805,-0.045374687761068344,-0.02014249376952648,0.0033197584562003613,-0.9987614154815674,-0.1655987948179245,0.08879069238901138,-0.22943827509880066,0.29000000000000004,-0.1940433382987976,-0.19110997021198273,-0.45854970812797546,-0.1385742425918579,-0.06762154400348663,0.7397175431251526,-0.008170968852937222,-0.35084620118141174,0.2743908166885376,-0.6531968116760254,0.5164569020271301,1.0563364028930664,0.5825852155685425,0.4617869257926941,-0.03,-1.032348871231079,-0.14999999999999997
1.5926182270050049,-0.07345648854970932,0.6682742834091187,-0.0441913977265358,-0.019136851653456688,-0.001706576207652688,-0.9988381862640381,-0.19946834444999695,0.09584493190050125,-0.23478421568870544,0.3359973728656769,-0.187007874250412,-0.21651609241962433,-0.46483924984931946,-0.13608135282993317,-0.08030091226100922,0.7638278603553772,-0.015751298516988754,-0.36658263206481934,0.25256896018981934,-0.6577141284942627,0.53336501121521,1.0539774894714355,0.5658190846443176,0.4129360318183899,-0.03,-0.9950368404388428,-0.14999999999999997
1.592185139656067,-0.07678739726543427,0.6649715900421143,-0.04195134714245796,-0.01768920011818409,-0.009842862375080585,-0.9989144206047058,-0.24584534764289856,0.10719847679138184,-0.24076151847839355,0.410150408744812,-0.17217180132865906,-0.24139584600925446,-0.4690316617488861,-0.13522987067699432,-0.10016706585884094,0.7899512648582458,-0.023111265152692795,-0.3847592771053314,0.22337205708026886,-0.6507441401481628,0.542350172996521,1.0489202737808228,0.5401139855384827,0.3680405616760254,-0.03,-0.9669198989868164,-0.14999999999999997
1.591750979423523,-0.07939962297677994,0.6612103581428528,-0.039291322231292725,-0.015983471646904945,-0.02051522582769394,-0.9988892078399658,-0.3064546287059784,0.12092819809913635,-0.24975530803203583,0.5001041293144226,-0.15486162900924683,-0.2762107253074646,-0.4724319279193878,-0.13739441335201263,-0.12425268441438675,0.8185217976570129,-0.02872287854552269,-0.40505072474479675,0.1885509192943573,-0.6308361887931824,0.5453104972839355,1.0457223653793335,0.515581488609314,0.3285328447818756,-0.03,-0.9522266983985901,-0.14999999999999997
1.591204047203064,-0.08112552016973495,0.6571458578109741,-0.03683983162045479,-0.014624091796576977,-0.032309405505657196,-0.9986915588378906,-0.3753129243850708,0.1335257738828659,-0.2608829140663147,0.5954720377922058,-0.13903839886188507,-0.30212217569351196,-0.4776010513305664,-0.14276888966560364,-0.14823365211486816,0.8491664528846741,-0.032245028764009476,-0.42622876167297363,0.15249350666999817,-0.6005715131759644,0.5423994064331055,1.0464588403701782,0.49967923760414124,0.29398947954177856,-0.03,-0.953791618347168,-0.14999999999999997
1.5905876159667969,-0.0819394662976265,0.6528464555740356,-0.034791551530361176,-0.013593064621090889,-0.04322614148259163,-0.99836665391922,-0.44193533062934875,0.1443495899438858,-0.27084556221961975,0.6823770403862,-0.12492171674966812,-0.3144472539424896,-0.4854031503200531,-0.15002809464931488,-0.16785000264644623,0.8814780116081238,-0.033798184245824814,-0.4471912682056427,0.12053673714399338,-0.5617475509643555,0.5326987504959106,1.0510387420654297,0.4902314841747284,0.2636241614818573,-0.03,-0.9694505333900452,-0.14999999999999997
1.5900583267211914,-0.08183012902736664,0.6483469009399414,-0.03324463963508606,-0.012368139810860157,-0.05229108780622482,-0.9980016350746155,-0.4977209270000458,0.15311816334724426,-0.27821898460388184,0.7523649334907532,-0.11174289882183075,-0.32446470856666565,-0.4947529733181,-0.15851810574531555,-0.18133755028247833,0.9152673482894897,-0.03326798602938652,-0.46783310174942017,0.09417540580034256,-0.5135451555252075,0.5167974829673767,1.060771107673645,0.4808598458766937,0.2358902543783188,-0.03,-0.9919940829277039,-0.14999999999999997
1.5896741151809692,-0.08085507899522781,0.6436923742294312,-0.0320742130279541,-0.010677160695195198,-0.059233345091342926,-0.9976716041564941,-0.5386412143707275,0.1593092679977417,-0.28354665637016296,0.8029931783676147,-0.1002068817615509,-0.3367752730846405,-0.5046265125274658,-0.16746169328689575,-0.18869726359844208,0.9498249292373657,-0.030929168686270714,-0.4879941940307617,0.07355564832687378,-0.45692282915115356,0.49657657742500305,1.0740323066711426,0.4707332253456116,0.2082345336675644,-0.05356040224432945,-1.01511812210083,-0.14999999999999997
1.5893288850784302,-0.07916703075170517,0.6389139890670776,-0.030920974910259247,-0.008888792246580124,-0.06408397853374481,-0.9974256157875061,-0.5650507211685181,0.1621376872062683,-0.2873663008213043,0.8350529670715332,-0.09032576531171799,-0.3468290865421295,-0.5155993700027466,-0.1755627691745758,-0.19047720730304718,0.9841992259025574,-0.027258289977908134,-0.506963312625885,0.0585177019238472,-0.3952064514160156,0.4728103578090668,1.0896821022033691,0.4596707820892334,0.17790664732456207,-0.11403672397136688,-1.0365046262741089,-0.14999999999999997
1.5889208316802979,-0.0769510418176651,0.6340577602386475,-0.029336970299482346,-0.00742659205570817,-0.06727961450815201,-0.9972750544548035,-0.579868733882904,0.16066138446331024,-0.28948596119880676,0.8529732823371887,-0.08035729080438614,-0.35446876287460327,-0.5280107259750366,-0.18174487352371216,-0.18830589950084686,1.0173580646514893,-0.022844115272164345,-0.5241608619689941,0.04745461046695709,-0.3319815993309021,0.4467025101184845,1.107715368270874,0.4485258460044861,0.14462564885616302,-0.1808568239212036,-1.0554410219192505,-0.14999999999999997
1.5884724855422974,-0.07436802983283997,0.6292017102241516,-0.026876604184508324,-0.006319858133792877,-0.06922116875648499,-0.9972190260887146,-0.5846882462501526,0.15552978217601776,-0.2883473038673401,0.8579794764518738,-0.07086248695850372,-0.36205926537513733,-0.5408235788345337,-0.18504422903060913,-0.18408910930156708,1.0481253862380981,-0.017934534698724747,-0.5392903685569763,0.03853476047515869,-0.2702404260635376,0.4193355143070221,1.1265630722045898,0.43677011132240295,0.11161983013153076,-0.2464391142129898,-1.0718272924423218,-0.14999999999999997
1.5881695747375488,-0.07138247042894363,0.6251199245452881,-0.024299757555127144,-0.00512255635112524,-0.06910122185945511,-0.997300386428833,-0.5862516164779663,0.15134093165397644,-0.29407206177711487,0.8626647591590881,-0.0751044973731041,-0.34053072333335876,-0.5513318777084351,-0.18589740991592407,-0.17668044567108154,1.0725888013839722,-0.012466905638575554,-0.5503918528556824,0.03254436329007149,-0.21131408214569092,0.38812169432640076,1.1439522504806519,0.4194299876689911,0.08474311977624893,-0.30477359890937805,-1.0866302251815796,-0.14999999999999997
1.5881166458129883,-0.06817905604839325,0.6235155463218689,-0.023533154278993607,-0.0034980804193764925,-0.06593448668718338,-0.9975402355194092,-0.5851514339447021,0.1484854519367218,-0.29852747917175293,0.8768261075019836,-0.10257900506258011,-0.35104191303253174,-0.5555031895637512,-0.185975581407547,-0.1637144237756729,1.0823051929473877,-0.005713651422411203,-0.5529112815856934,0.03033153899013996,-0.15726986527442932,0.35268622636795044,1.1586335897445679,0.39779648184776306,0.06732980161905289,-0.35352519154548645,-1.1003198623657227,-0.14999999999999997
1.5881447792053223,-0.06501050293445587,0.6239984035491943,-0.023549899458885193,-0.0021988237276673317,-0.06145481765270233,-0.9978294968605042,-0.5737469792366028,0.14789311587810516,-0.2927045524120331,0.8734609484672546,-0.12416207790374756,-0.3539092242717743,-0.5546602606773376,-0.18508750200271606,-0.15013782680034637,1.078938603401184,0.0008092742064036429,-0.5481436848640442,0.028260348364710808,-0.11281753331422806,0.31889185309410095,1.1705325841903687,0.37195825576782227,0.057101551443338394,-0.3913904130458832,-1.1145926713943481,-0.14999999999999997
1.5881927013397217,-0.06205274909734726,0.6263096928596497,-0.02370930090546608,-0.0016447718953713775,-0.056997813284397125,-0.9980913996696472,-0.5557535886764526,0.14892837405204773,-0.28187891840934753,0.8542131185531616,-0.14385348558425903,-0.34873542189598083,-0.5489673018455505,-0.1833285689353943,-0.13940678536891937,1.0631203651428223,0.006661617662757635,-0.536928117275238,0.024846427142620087,-0.08042103052139282,0.28908011317253113,1.1807984113693237,0.339110791683197,0.05170900374650955,-0.41971758008003235,-1.1321616172790527,-0.14999999999999997
1.58832848072052,-0.05934851989150047,0.6299306750297546,-0.023637501522898674,-0.0015184399671852589,-0.05284891650080681,-0.9983214735984802,-0.5323337912559509,0.15168054401874542,-0.2686912715435028,0.8220588564872742,-0.16517560184001923,-0.337031751871109,-0.538393497467041,-0.18057642877101898,-0.1323504000902176,1.0374072790145874,0.01184783410280943,-0.521028995513916,0.021565746515989304,-0.06067558750510216,0.26223376393318176,1.189121961593628,0.2954252064228058,0.050894368439912796,-0.440476655960083,-1.154097080230713,-0.14999999999999997
1.5886034965515137,-0.0568765327334404,0.634218692779541,-0.023365668952465057,-0.0015980758471414447,-0.04814627021551132,-0.9985656142234802,-0.5044216513633728,0.1565835326910019,-0.2523501515388489,0.781250536441803,-0.18888485431671143,-0.32148388028144836,-0.525078535079956,-0.17643757164478302,-0.12650910019874573,1.0058568716049194,0.01622648909687996,-0.5022913217544556,0.02121158130466938,-0.05309619754552841,0.23904713988304138,1.1975255012512207,0.24769407510757446,0.05461043864488602,-0.4553079307079315,-1.1788856983184814,-0.14999999999999997
1.5889939069747925,-0.054608434438705444,0.6386529207229614,-0.023286787793040276,-0.001883536810055375,-0.04219355806708336,-0.9988361597061157,-0.4726937413215637,0.1630314290523529,-0.23146753013134003,0.734581470489502,-0.21515622735023499,-0.3037514388561249,-0.5119633674621582,-0.1713394671678543,-0.11886211484670639,0.9725556373596191,0.01994025707244873,-0.4823802411556244,0.024313440546393394,-0.056384164839982986,0.22280564904212952,1.209952712059021,0.2091698795557022,0.0621669702231884,-0.4655281901359558,-1.2029401063919067,-0.14999999999999997
1.5895400047302246,-0.052539482712745667,0.6429261565208435,-0.02371106669306755,-0.0019751007203012705,-0.03519411385059357,-0.9990970492362976,-0.4365289807319641,0.16985715925693512,-0.20616665482521057,0.6831183433532715,-0.24,-0.28449228405952454,-0.49939700961112976,-0.16642624139785767,-0.10889685899019241,0.9402420520782471,0.02331271767616272,-0.46295100450515747,0.028473488986492157,-0.06782060116529465,0.21611422300338745,1.2299182415008545,0.18717531859874725,0.07321757823228836,-0.4717537760734558,-1.221400260925293,-0.14999999999999997
1.5903162956237793,-0.05074821412563324,0.6469219923019409,-0.02476842887699604,-0.001398777705617249,-0.027631601318717003,-0.9993102550506592,-0.39774540066719055,0.17596222460269928,-0.1766466647386551,0.6319186091423035,-0.24,-0.26566919684410095,-0.4864252209663391,-0.16255749762058258,-0.09751185774803162,0.9102327227592468,0.02637147717177868,-0.44519490003585815,0.031234752386808395,-0.08429961651563644,0.21957601606845856,1.25716233253479,0.1795521080493927,0.086638905107975,-0.4725906252861023,-1.2302032709121704,-0.14999999999999997
1.5913770198822021,-0.04959934949874878,0.6507816910743713,-0.02657325565814972,9.765944560058415e-05,-0.020452480763196945,-0.9994376301765442,-0.36073994636535645,0.1801033318042755,-0.13850989937782288,0.5884219408035278,-0.24,-0.24876126646995544,-0.4711991250514984,-0.16041064262390137,-0.08737627416849136,0.8818338513374329,0.02876289188861847,-0.42956969141960144,0.030207637697458267,-0.10235530138015747,0.23243902623653412,1.287192702293396,0.17929720878601074,0.1005338504910469,-0.4655645489692688,-1.2275807857513428,-0.14999999999999997
1.5924936532974243,-0.049049559980630875,0.653984785079956,-0.028688497841358185,0.0019769121427088976,-0.014575579203665257,-0.9994800686836243,-0.3247886598110199,0.18201500177383423,-0.10627762228250504,0.5468500852584839,-0.24,-0.23269346356391907,-0.4568859338760376,-0.15991926193237305,-0.079351045191288,0.8589323163032532,0.030398955568671227,-0.41772735118865967,0.023661229759454727,-0.1181175708770752,0.2531965374946594,1.3163857460021973,0.18038257956504822,0.11206367611885071,-0.44975578784942627,-1.2126855850219727,-0.14999999999999997
1.5935193300247192,-0.049077004194259644,0.6563646793365479,-0.030981047078967094,0.0037648137658834457,-0.009030580520629883,-0.99947190284729,-0.2923624813556671,0.18284274637699127,-0.0771079733967781,0.510222852230072,-0.24,-0.21870090067386627,-0.4464191198348999,-0.1597519963979721,-0.0709553062915802,0.8430265188217163,0.031001601368188858,-0.40956443548202515,0.013729941099882126,-0.12763619422912598,0.2807099223136902,1.3436758518218994,0.18309509754180908,0.1193549707531929,-0.4254296123981476,-1.184728741645813,-0.14999999999999997
1.5943514108657837,-0.049601346254348755,0.6579340696334839,-0.03334621340036392,0.005262463819235563,-0.0032768368255347013,-0.9994246363639832,-0.2645203173160553,0.18320395052433014,-0.05074535682797432,0.4800712466239929,-0.24,-0.2076687216758728,-0.4408726990222931,-0.15914981067180634,-0.06092402711510658,0.8341700434684753,0.030525531619787216,-0.40468767285346985,0.00165369117166847,-0.1292659342288971,0.31461960077285767,1.3690787553787231,0.1912052184343338,0.1218455359339714,-0.39519956707954407,-1.1445949077606201,-0.14999999999999997
1.594998836517334,-0.05051039904356003,0.6588037014007568,-0.03565950691699982,0.006700560916215181,0.0024321258533746004,-0.9993385076522827,-0.24146270751953125,0.18336011469364166,-0.02778303436934948,0.45740363001823425,-0.24,-0.19990894198417664,-0.438884973526001,-0.15813183784484863,-0.0500381737947464,0.831312894821167,0.02936391346156597,-0.4026339054107666,-0.013212017714977264,-0.12308158725500107,0.3543862998485565,1.3933720588684082,0.2074972242116928,0.12023910880088806,-0.36089444160461426,-1.093926191329956,-0.14999999999999997
1.5955065488815308,-0.05164453387260437,0.6591141223907471,-0.03784240037202835,0.008350406773388386,0.007698037661612034,-0.9992190599441528,-0.22249753773212433,0.18337206542491913,-0.008676356635987759,0.4417511820793152,-0.24,-0.1953774094581604,-0.43870294094085693,-0.15708422660827637,-0.039524417370557785,0.8331230282783508,0.027772627770900726,-0.40306371450424194,-0.0316329263150692,-0.10939281433820724,0.3980228900909424,1.4169973134994507,0.23137839138507843,0.11588303744792938,-0.32296085357666016,-1.0346561670303345,-0.14999999999999997
1.5959012508392334,-0.05285675823688507,0.6590909361839294,-0.040034208446741104,0.010305973701179028,0.012454940937459469,-0.999067485332489,-0.20715166628360748,0.18280282616615295,0.007597067859023809,0.43276506662368774,-0.24,-0.19385913014411926,-0.43916869163513184,-0.15650752186775208,-0.02959492616355419,0.8378495573997498,0.026120604947209358,-0.4051247537136078,-0.05336993560194969,-0.08801931142807007,0.442532479763031,1.4399590492248535,0.262089341878891,0.10945596545934677,-0.2823042571544647,-0.9688952565193176,-0.14999999999999997
1.596205711364746,-0.05401720851659775,0.6589183211326599,-0.042391449213027954,0.01262308843433857,0.01671670749783516,-0.9988813400268555,-0.19464947283267975,0.18121616542339325,0.022153427824378014,0.42941737174987793,-0.24,-0.19470137357711792,-0.4395056962966919,-0.15688146650791168,-0.02019249089062214,0.8441268801689148,0.024700187146663666,-0.4081140458583832,-0.07816874980926514,-0.05700964853167534,0.4855380654335022,1.4616098403930664,0.3019964396953583,0.09917616844177246,-0.24200265109539032,-0.8990859389305115,-0.14999999999999997
1.596469759941101,-0.055010635405778885,0.6586971282958984,-0.045008882880210876,0.015511292964220047,0.020721256732940674,-0.9986510872840881,-0.18291489779949188,0.17845039069652557,0.03647448867559433,0.42947205901145935,-0.22724057734012604,-0.19709815084934235,-0.43895748257637024,-0.1584259569644928,-0.010861560702323914,0.8512225151062012,0.023784203454852104,-0.411670446395874,-0.10547684878110886,-0.012271990068256855,0.5258244276046753,1.4791483879089355,0.35723787546157837,0.08096687495708466,-0.20671793818473816,-0.8292129635810852,-0.14999999999999997
1.5967103242874146,-0.055737484246492386,0.6584649682044983,-0.047997064888477325,0.018956772983074188,0.025101520121097565,-0.99835205078125,-0.1700911968946457,0.17440801858901978,0.05251790210604668,0.4306400716304779,-0.21084590256214142,-0.20030586421489716,-0.43796172738075256,-0.1609421968460083,-4.485941099119373e-05,0.8589763641357422,0.02354540303349495,-0.4154205024242401,-0.13326558470726013,0.04786475747823715,0.5611070394515991,1.4862762689590454,0.4295036494731903,0.05206526443362236,-0.1788879632949829,-0.7640014290809631,-0.14999999999999997
1.5968647003173828,-0.05609191581606865,0.6582213640213013,-0.05157060548663139,0.02242019772529602,0.030540961772203445,-0.9979503154754639,-0.1556049883365631,0.1686527281999588,0.07187948375940323,0.4303583800792694,-0.194124236702919,-0.20319142937660217,-0.4388223886489868,-0.16416029632091522,0.01462256908416748,0.8677298426628113,0.02420368604362011,-0.41886839270591736,-0.15922291576862335,0.12099342048168182,0.5877580046653748,1.4768365621566772,0.5134009718894958,0.012353952042758465,-0.1585903763771057,-0.7056146264076233,-0.14999999999999997
1.596864104270935,-0.05595271661877632,0.6579754948616028,-0.05609523877501488,0.02511463686823845,0.037345241755247116,-0.9974105954170227,-0.13976140320301056,0.16010934114456177,0.09524592757225037,0.42575475573539734,-0.17950932681560516,-0.20419909060001373,-0.4444316029548645,-0.16828173398971558,0.03523462265729904,0.8779414892196655,0.02609756588935852,-0.42162758111953735,-0.18285366892814636,0.20288263261318207,0.6022573709487915,1.4492394924163818,0.6025129556655884,-0.03695787489414215,-0.146030992269516,-0.6519379615783691,-0.14999999999999997
1.5967305898666382,-0.05524078384041786,0.6577569842338562,-0.06194591894745827,0.026530060917139053,0.045674800872802734,-0.9966806769371033,-0.12240637093782425,0.14752879738807678,0.12297232449054718,0.41418522596359253,-0.1681247055530548,-0.20206552743911743,-0.45663461089134216,-0.17356093227863312,0.06334464251995087,0.889835000038147,0.029584260657429695,-0.42353329062461853,-0.20507921278476715,0.2896582782268524,0.6023824214935303,1.4068360328674316,0.6937958598136902,-0.09418594092130661,-0.14146782457828522,-0.5978640913963318,-0.14999999999999997
1.596563458442688,-0.05393648147583008,0.6575696468353271,-0.06934043020009995,0.026502611115574837,0.05557466670870781,-0.9956911206245422,-0.10325577110052109,0.12998662889003754,0.15516212582588196,0.39409294724464417,-0.16008880734443665,-0.19611656665802002,-0.4760040044784546,-0.17993859946727753,0.09972120821475983,0.90339595079422,0.0349094532430172,-0.4246673882007599,-0.22705838084220886,0.37755200266838074,0.5876650214195251,1.3532788753509521,0.7869532108306885,-0.15730325877666473,-0.144451305270195,-0.5390767455101013,-0.14999999999999997
1.5964622497558594,-0.05207362771034241,0.6573663949966431,-0.07823064923286438,0.025081578642129898,0.0666828453540802,-0.9943863153457642,-0.08292894065380096,0.10715633630752563,0.19062203168869019,0.36568769812583923,-0.15441551804542542,-0.18646445870399475,-0.5021020174026489,-0.18710483610630035,0.14374327659606934,0.9184768795967102,0.04217014089226723,-0.42533794045448303,-0.24954712390899658,0.4609139859676361,0.5597840547561646,1.2870229482650757,0.8816848397254944,-0.22382605075836182,-0.1537441909313202,-0.47464853525161743,-0.14999999999999997
1.5965125560760498,-0.049790605902671814,0.6570520997047424,-0.08818521350622177,0.022590074688196182,0.07830285280942917,-0.9927645921707153,-0.06299591064453125,0.07996179163455963,0.2269343137741089,0.33182141184806824,-0.14943480491638184,-0.17439934611320496,-0.5331555604934692,-0.194368377327919,0.19312508404254913,0.9347360134124756,0.05117018148303032,-0.4260115921497345,-0.2725556194782257,0.5318538546562195,0.5215097069740295,1.2042450904846191,0.9736254215240479,-0.2902345657348633,-0.16704073548316956,-0.40648332238197327,-0.14999999999999997
1.5967882871627808,-0.04736967757344246,0.6565322279930115,-0.0983734205365181,0.019603384658694267,0.08991885930299759,-0.9908848404884338,-0.04496151953935623,0.05095459893345833,0.2618093192577362,0.2974056899547577,-0.14400988817214966,-0.16236579418182373,-0.5661345720291138,-0.20036722719669342,0.24452996253967285,0.9515365362167358,0.06109735742211342,-0.4271303117275238,-0.29470160603523254,0.5824804902076721,0.4756065607070923,1.1038200855255127,1.0541646480560303,-0.351950079202652,-0.1809086799621582,-0.3377279043197632,-0.14999999999999997
1.5973073244094849,-0.045152708888053894,0.6557618975639343,-0.10792455077171326,0.01662246137857437,0.10165287554264069,-0.9888086915016174,-0.028891680762171745,0.02313336543738842,0.2946518361568451,0.29000000000000004,-0.13957804441452026,-0.1522895246744156,-0.5982730388641357,-0.20324155688285828,0.2953934073448181,0.9681875109672546,0.07093833386898041,-0.42869433760643005,-0.314145028591156,0.6096465587615967,0.4247351586818695,0.9920344948768616,1.1159025430679321,-0.40621015429496765,-0.19177083671092987,-0.27080366015434265,-0.14999999999999997
1.598032832145691,-0.04340831935405731,0.6546555161476135,-0.11641139537096024,0.013938304968178272,0.11356052756309509,-0.9865890741348267,-0.014246082864701748,-0.0016717533580958843,0.3250982463359833,0.29000000000000004,-0.13992182910442352,-0.14476995170116425,-0.6282156109809875,-0.20213142037391663,0.3440273702144623,0.9851275682449341,0.07977204024791718,-0.4311954975128174,-0.3313405215740204,0.6169546246528625,0.3724375367164612,0.8796897530555725,1.1598515510559082,-0.45311883091926575,-0.19791339337825775,-0.20608285069465637,-0.14999999999999997
1.5988720655441284,-0.04226117953658104,0.6530972719192505,-0.12397021055221558,0.011547072790563107,0.12500549852848053,-0.9843127727508545,-0.0020571122877299786,-0.022980352863669395,0.35164764523506165,0.29000000000000004,-0.14712512493133545,-0.14021599292755127,-0.6562427878379822,-0.19785352051258087,0.3892841637134552,1.0036883354187012,0.0873570591211319,-0.4352761507034302,-0.3491823375225067,0.6096268892288208,0.32212698459625244,0.7744373083114624,1.1894197463989258,-0.4942336082458496,-0.19945712387561798,-0.14283695816993713,-0.14999999999999997
1.5996613502502441,-0.041710179299116135,0.6510539650917053,-0.13099631667137146,0.00915323942899704,0.13479776680469513,-0.9821332097053528,0.0042020841501653194,-0.04057830572128296,0.37173593044281006,0.29000000000000004,-0.15915562212467194,-0.13983389735221863,-0.6835228204727173,-0.19224192202091217,0.4300723969936371,1.0247524976730347,0.09391136467456818,-0.44141337275505066,-0.3717181384563446,0.5909507870674133,0.27568337321281433,0.6786255836486816,1.2017253637313843,-0.5304514169692993,-0.19637632369995117,-0.08115288615226746,-0.14999999999999997
1.6002910137176514,-0.041720736771821976,0.6486659049987793,-0.13758784532546997,0.006732178386300802,0.14225731790065765,-0.9801974296569824,0.002830080222338438,-0.05397346615791321,0.38433289527893066,0.29000000000000004,-0.17220012843608856,-0.14450770616531372,-0.709750771522522,-0.18667207658290863,0.46513986587524414,1.0475224256515503,0.09934725612401962,-0.4492184817790985,-0.40073487162590027,0.5621469020843506,0.23494282364845276,0.5867418646812439,1.1931363344192505,-0.56038498878479,-0.1885824352502823,-0.023588117212057114,-0.14999999999999997
1.6007509231567383,-0.04229314997792244,0.6462125778198242,-0.14320982992649078,0.004673908464610577,0.14738604426383972,-0.9786450862884521,-0.0052362908609211445,-0.06,0.3901910185813904,0.29000000000000004,-0.18237288296222687,-0.15455862879753113,-0.732380211353302,-0.1815081238746643,0.49240976572036743,1.0697823762893677,0.10300251841545105,-0.4579509496688843,-0.4358850121498108,0.5238953828811646,0.20162828266620636,0.4928964674472809,1.1645938158035278,-0.5803890824317932,-0.17605355381965637,0.026580724865198135,-0.14999999999999997
1.6010048389434814,-0.04345674067735672,0.6439386010169983,-0.14689745008945465,0.00310159451328218,0.15055321156978607,-0.9776222109794617,-0.019601158797740936,-0.06,0.3910982608795166,0.29000000000000004,-0.18753992021083832,-0.17035652697086334,-0.7491304278373718,-0.17589013278484344,0.5094558596611023,1.0890344381332397,0.10385577380657196,-0.46614372730255127,-0.4757938086986542,0.47669997811317444,0.17701293528079987,0.3981708586215973,1.121326208114624,-0.5871846675872803,-0.1588694453239441,0.06484455615282059,-0.14999999999999997
1.6009193658828735,-0.045126840472221375,0.641857922077179,-0.1481579840183258,0.001466398942284286,0.15202999114990234,-0.9772071838378906,-0.04101233929395676,-0.053865205496549606,0.3876400291919708,0.29000000000000004,-0.18767774105072021,-0.1913623958826065,-0.7610143423080444,-0.1687343418598175,0.5158290863037109,1.1045937538146973,0.10145863145589828,-0.4728321433067322,-0.5189238786697388,0.42079395055770874,0.16136713325977325,0.3074798882007599,1.0678929090499878,-0.5820790529251099,-0.13854317367076874,0.0865817740559578,-0.14999999999999997
1.6003389358520508,-0.04709228128194809,0.6396616697311401,-0.1471354216337204,-0.0011402147356420755,0.15187224745750427,-0.9773865938186646,-0.07245128601789474,-0.03618253022432327,0.3809126019477844,0.3438526391983032,-0.1834874004125595,-0.21736285090446472,-0.7718980312347412,-0.15912885963916779,0.5134077072143555,1.1182302236557007,0.09631931036710739,-0.47804924845695496,-0.5640776753425598,0.3563167452812195,0.15441729128360748,0.22608013451099396,1.007668375968933,-0.5704073905944824,-0.11823778599500656,0.09014151245355606,-0.14999999999999997
1.5992566347122192,-0.0492098443210125,0.6370669603347778,-0.14400294423103333,-0.005125370807945728,0.15049497783184052,-0.9780531525611877,-0.11708478629589081,-0.00861799344420433,0.37109482288360596,0.4181344509124756,-0.1787312626838684,-0.2451588213443756,-0.7841445803642273,-0.14616785943508148,0.5043569803237915,1.131617546081543,0.08912172168493271,-0.48219168186187744,-0.609420895576477,0.28474345803260803,0.1552249640226364,0.15824374556541443,0.9450909495353699,-0.5557072758674622,-0.1011890172958374,0.07872168719768524,-0.14999999999999997
1.5978745222091675,-0.0514492467045784,0.6338359117507935,-0.13847286999225616,-0.010018602944910526,0.1483123004436493,-0.9791467189788818,-0.17561593651771545,0.030162421986460686,0.3584637939929962,0.5109607577323914,-0.176346093416214,-0.2697466015815735,-0.7968484163284302,-0.12936122715473175,0.48886561393737793,1.1460047960281372,0.08002426475286484,-0.4863082766532898,-0.65353924036026,0.2095939964056015,0.16256725788116455,0.10566265881061554,0.8838169574737549,-0.536521852016449,-0.08970071375370026,0.057101305574178696,-0.14999999999999997
1.5964524745941162,-0.05380472540855408,0.6298506855964661,-0.13023974001407623,-0.015127429738640785,0.14547786116600037,-0.9806349873542786,-0.2479812055826187,0.08011498302221298,0.34004485607147217,0.6213902831077576,-0.17707504332065582,-0.3038463890552521,-0.8081400990486145,-0.10913888365030289,0.4660971760749817,1.1619058847427368,0.06871860474348068,-0.49161380529403687,-0.6954160928726196,0.13507117331027985,0.17491096258163452,0.069877989590168,0.8232401609420776,-0.5087519288063049,-0.08474382013082504,0.02781524322926998,-0.14999999999999997
1.5950732231140137,-0.05632515996694565,0.6248348951339722,-0.11924585700035095,-0.02045542001724243,0.1418798416852951,-0.9824622273445129,-0.33584529161453247,0.13920481503009796,0.3107345700263977,0.7462570071220398,-0.1840752512216568,-0.36362308263778687,-0.8190709352493286,-0.08575483411550522,0.43541425466537476,1.1809617280960083,0.05377167835831642,-0.49889394640922546,-0.7327927350997925,0.06309828907251358,0.1927734762430191,0.05168959125876427,0.763651967048645,-0.4665551781654358,-0.08779584616422653,-0.009651337750256062,-0.12429868429899216
1.593606948852539,-0.05901079252362251,0.6183230876922607,-0.10597625374794006,-0.026738300919532776,0.13732290267944336,-0.9844777584075928,-0.4406622648239136,0.20267216861248016,0.2666538953781128,0.8737120032310486,-0.19755198061466217,-0.4254229664802551,-0.835464596748352,-0.06100262701511383,0.39430907368659973,1.207416296005249,0.025230692699551582,-0.5101338624954224,-0.7625005841255188,-0.007180219516158104,0.22011694312095642,0.04894270747900009,0.7075815200805664,-0.4082891047000885,-0.09968514740467072,-0.05573536828160286,-0.06940848380327225
1.592027187347412,-0.061813291162252426,0.6098445653915405,-0.09111171215772629,-0.034153081476688385,0.13286827504634857,-0.9863457679748535,-0.5585541129112244,0.2660530209541321,0.21085001528263092,0.9903404712677002,-0.2105248123407364,-0.46882641315460205,-0.8610114455223083,-0.03727022185921669,0.3430904746055603,1.244307041168213,-0.01596015878021717,-0.5255610346794128,-0.781021237373352,-0.0756111741065979,0.2605818510055542,0.05483362078666687,0.653962254524231,-0.34001460671424866,-0.11683221161365509,-0.10183832049369812,0.007407595403492451
1.5904722213745117,-0.06448706239461899,0.5989184975624084,-0.07603567838668823,-0.04205833002924919,0.12979422509670258,-0.9877262115478516,-0.6800554990768433,0.32404524087905884,0.15030868351459503,1.0877456665039062,-0.2188076376914978,-0.4865490794181824,-0.8952639698982239,-0.02156679518520832,0.2844884991645813,1.2908856868743896,-0.04902273043990135,-0.5469310879707336,-0.7873255610466003,-0.1405113786458969,0.3107544481754303,0.06467877328395844,0.5993527770042419,-0.2708534002304077,-0.13399237394332886,-0.12987151741981506,0.10381957143545151
1.588993787765503,-0.06688109785318375,0.5853242874145508,-0.06170317158102989,-0.05002346262335777,0.1287383884191513,-0.9884921312332153,-0.7989072203636169,0.37350690364837646,0.08799294382333755,1.171136736869812,-0.2278919816017151,-0.48027774691581726,-0.9386101365089417,-0.015015549957752228,0.22203271090984344,1.346208095550537,-0.06508287042379379,-0.5719518661499023,-0.7830709218978882,-0.19697734713554382,0.363310843706131,0.07897377759218216,0.5344886183738708,-0.20687267184257507,-0.14263197779655457,-0.12869220972061157,0.20655332505702972
1.5875502824783325,-0.06904889643192291,0.5690985321998596,-0.04812001436948776,-0.058039478957653046,0.12981900572776794,-0.9886671304702759,-0.9150895476341248,0.4137924909591675,0.022106992080807686,1.2519023418426514,-0.24,-0.4677833020687103,-0.9897357225418091,-0.012177321128547192,0.15946251153945923,1.411835789680481,-0.07164866477251053,-0.5900000000000001,-0.7716228365898132,-0.2402850091457367,0.41065314412117004,0.10579290986061096,0.45523685216903687,-0.1506834477186203,-0.13454198837280273,-0.10061762481927872,0.3055861294269562
1.5860289335250854,-0.07110758870840073,0.5505173802375793,-0.035168323665857315,-0.06650132685899734,0.13262972235679626,-0.9883066415786743,-1.0290629863739014,0.44244033098220825,-0.0466638021171093,1.3298667669296265,-0.24,-0.4609760344028473,-1.0447930097579956,-0.005988531280308962,0.10163901001214981,1.4866344928741455,-0.08637290447950363,-0.5900000000000001,-0.7559860944747925,-0.2696901261806488,0.4482824504375458,0.15141130983829498,0.36552414298057556,-0.10153702646493912,-0.10833559930324554,-0.06186634674668312,0.3927302062511444
1.5845967531204224,-0.07300622761249542,0.5304363965988159,-0.023284124210476875,-0.07501465827226639,0.13471226394176483,-0.9877667427062988,-1.141435146331787,0.45538076758384705,-0.12175168097019196,1.4062176942825317,-0.24,-0.4428858757019043,-1.1017169952392578,0.005346670746803284,0.05478430539369583,1.5676600933074951,-0.11468559503555298,-0.5900000000000001,-0.7416417598724365,-0.2890266180038452,0.47503912448883057,0.21298235654830933,0.2777954041957855,-0.06004416197538376,-0.07176076620817184,-0.028687218204140663,0.4673207104206085
1.5836671590805054,-0.07394874095916748,0.5112353563308716,-0.01557548064738512,-0.08281464129686356,0.13555140793323517,-0.987180233001709,-1.257440447807312,0.45173972845077515,-0.2209203541278839,1.5030114650726318,-0.24,-0.4653571844100952,-1.1590852737426758,0.01588921621441841,0.03227648511528969,1.6468042135238647,-0.13362745940685272,-0.5900000000000001,-0.7283710241317749,-0.30411696434020996,0.4866044521331787,0.28451263904571533,0.20115208625793457,-0.02817564643919468,-0.03781478852033615,-0.009156674146652222,0.5268452763557434
1.5832489728927612,-0.07440606504678726,0.4933839738368988,-0.00963431317359209,-0.08941745012998581,0.13559973239898682,-0.9866732954978943,-1.358586072921753,0.4381624460220337,-0.30997347831726074,1.5918110609054565,-0.24,-0.4912789762020111,-1.2117506265640259,0.025446254760026932,0.019358333200216293,1.7201365232467651,-0.14085836708545685,-0.5900000000000001,-0.7124567031860352,-0.3169136941432953,0.4855126142501831,0.3518740236759186,0.13735580444335938,0.0017103628488257527,-0.03,-0.0022809584625065327,0.5636962056159973
1.5833170413970947,-0.0739971250295639,0.4771769344806671,-0.004033234436064959,-0.09574386477470398,0.1369057297706604,-0.9859379529953003,-1.4476780891418457,0.42390334606170654,-0.38568440079689026,1.670898675918579,-0.24,-0.5138431191444397,-1.2593994140625,0.028940312564373016,0.003069111378863454,1.7838377952575684,-0.15840041637420654,-0.5900000000000001,-0.687292218208313,-0.33196744322776794,0.4719545245170593,0.4041425287723541,0.08873598277568817,0.03046107478439808,-0.03,-0.006912557873874903,0.5792405605316162
1.583685040473938,-0.07290943711996078,0.4627402722835541,0.0016032615676522255,-0.10204555839300156,0.13959024846553802,-0.9849357604980469,-1.5271106958389282,0.4107171595096588,-0.450932115316391,1.7403258085250854,-0.24,-0.5328562259674072,-1.3021279573440552,0.031387809664011,-0.01324528455734253,1.8375498056411743,-0.17792920768260956,-0.5900000000000001,-0.6537580490112305,-0.3461935222148895,0.4478895664215088,0.44467422366142273,0.05910351872444153,0.053731855005025864,-0.03,-0.023304197937250137,0.5828200578689575
1.5840383768081665,-0.07168500125408173,0.45012229681015015,0.0071302372962236404,-0.10819043219089508,0.1414550542831421,-0.9839890599250793,-1.5969789028167725,0.39424461126327515,-0.5093843936920166,1.7994463443756104,-0.24,-0.5472504496574402,-1.3402559757232666,0.036736831068992615,-0.02502340078353882,1.8832334280014038,-0.18688780069351196,-0.5900000000000001,-0.6193020343780518,-0.3515709638595581,0.4196924865245819,0.48021987080574036,0.05310479924082756,0.06333445757627487,-0.03,-0.05264117568731308,0.5836005210876465
1.5835500955581665,-0.06999586522579193,0.4398009777069092,0.012712015770375729,-0.11521650105714798,0.14552703499794006,-0.9825401902198792,-1.6609916687011719,0.38082554936408997,-0.5599676370620728,1.847542405128479,-0.24,-0.5570403933525085,-1.3775798082351685,0.04893912374973297,-0.03419482707977295,1.9167985916137695,-0.19176842272281647,-0.5900000000000001,-0.5797597169876099,-0.34721124172210693,0.39208483695983887,0.5105772614479065,0.07396498322486877,0.05138646811246872,-0.03,-0.09409424662590027,0.5850352644920349
1.5819694995880127,-0.06757292151451111,0.43165695667266846,0.01810930296778679,-0.12245317548513412,0.15043766796588898,-0.9808393120765686,-1.7181360721588135,0.36774930357933044,-0.6019361019134521,1.8848776817321777,-0.24,-0.5616992115974426,-1.412632703781128,0.05991685390472412,-0.04506604000926018,1.9381030797958374,-0.20218370854854584,-0.5900000000000001,-0.5400364995002747,-0.333054780960083,0.3647528290748596,0.5366572141647339,0.11799771338701248,0.019451750442385674,-0.03,-0.1421913355588913,0.5822648406028748
1.5807044506072998,-0.06510377675294876,0.42444488406181335,0.023107977584004402,-0.12743644416332245,0.1522548496723175,-0.9798184633255005,-1.7649497985839844,0.35098037123680115,-0.6370468735694885,1.9175745248794556,-0.24,-0.5643818378448486,-1.4409419298171997,0.059544142335653305,-0.058685511350631714,1.959535002708435,-0.21718597412109375,-0.5900000000000001,-0.5077282786369324,-0.308139443397522,0.3349565863609314,0.5606715083122253,0.17750480771064758,-0.023274512961506844,-0.0530104860663414,-0.19312343001365662,0.5684769749641418
1.579759120941162,-0.06257814168930054,0.41766056418418884,0.02711310423910618,-0.13073918223381042,0.1525292694568634,-0.9792379140853882,-1.8041105270385742,0.3337547481060028,-0.6646085977554321,1.9481117725372314,-0.24,-0.5667706727981567,-1.4653979539871216,0.05347738787531853,-0.07011494785547256,1.9815294742584229,-0.2321021854877472,-0.5900000000000001,-0.480471670627594,-0.279093474149704,0.3047017753124237,0.5872088074684143,0.2477550059556961,-0.07194482535123825,-0.10273278504610062,-0.23968292772769928,0.5403890609741211
1.5788626670837402,-0.0596863217651844,0.41119998693466187,0.029252929612994194,-0.13326723873615265,0.15257035195827484,-0.9788290858268738,-1.8363614082336426,0.3175007104873657,-0.6822692155838013,1.9766212701797485,-0.24,-0.5697467923164368,-1.491312026977539,0.046462975442409515,-0.07441071420907974,2.0042200088500977,-0.24,-0.5900000000000001,-0.4571083188056946,-0.2536734342575073,0.2759965658187866,0.6185745596885681,0.32344260811805725,-0.12282651662826538,-0.1621110588312149,-0.2755848169326782,0.5000038743019104
1.5777655839920044,-0.05618077144026756,0.4050925672054291,0.029207581654191017,-0.13564269244670868,0.15326184034347534,-0.9783958792686462,-1.8623548746109009,0.3030323386192322,-0.6893685460090637,2.00284481048584,-0.24,-0.5738586187362671,-1.5214049816131592,0.04111854359507561,-0.06991613656282425,2.0263819694519043,-0.24,-0.5900000000000001,-0.435708224773407,-0.2366667240858078,0.2495393306016922,0.651229202747345,0.39533379673957825,-0.17059244215488434,-0.22587139904499054,-0.29985880851745605,0.4516955018043518
1.5769912004470825,-0.05238892138004303,0.3991256058216095,0.027988241985440254,-0.13687001168727875,0.15390342473983765,-0.9781599640846252,-1.8816194534301758,0.2900659143924713,-0.6905159950256348,2.0286378860473633,-0.24,-0.580276370048523,-1.5515708923339844,0.034097012132406235,-0.06080447882413864,2.0500967502593994,-0.24,-0.5900000000000001,-0.4158627688884735,-0.22765199840068817,0.22433774173259735,0.6813819408416748,0.4547334909439087,-0.20620708167552948,-0.2875051498413086,-0.3157481253147125,0.40387237071990967
1.5766323804855347,-0.04869413748383522,0.3931679129600525,0.027066513895988464,-0.13684557378292084,0.15497902035713196,-0.9780194163322449,-1.8980982303619385,0.27969062328338623,-0.6923949122428894,2.055257558822632,-0.24,-0.588422954082489,-1.5789870023727417,0.027223290875554085,-0.051272906363010406,2.074721336364746,-0.24,-0.5900000000000001,-0.39552953839302063,-0.22768589854240417,0.20103198289871216,0.7050414085388184,0.49781322479248047,-0.2258310616016388,-0.33985620737075806,-0.32339349389076233,0.36832746863365173
1.576448678970337,-0.04517422989010811,0.38715600967407227,0.027113113552331924,-0.13624465465545654,0.15602461993694305,-0.9779358506202698,-1.9154484272003174,0.2697068154811859,-0.6977308988571167,2.082516670227051,-0.24,-0.5900000000000001,-1.6027201414108276,0.021361246705055237,-0.04317580908536911,2.098069190979004,-0.24,-0.5900000000000001,-0.37607768177986145,-0.23840858042240143,0.18032972514629364,0.7170830965042114,0.5242984890937805,-0.2310749888420105,-0.3778793215751648,-0.3189176917076111,0.35514745116233826
1.5762730836868286,-0.04189320653676987,0.38110920786857605,0.02848188392817974,-0.13575634360313416,0.15602482855319977,-0.9779646992683411,-1.936081886291504,0.2571476101875305,-0.7071806192398071,2.109585762023926,-0.24,-0.5900000000000001,-1.6239359378814697,0.01616928167641163,-0.03738357126712799,2.1201488971710205,-0.24,-0.5900000000000001,-0.3600809872150421,-0.2601119875907898,0.16268132627010345,0.7133029103279114,0.5367191433906555,-0.22440552711486816,-0.3985360562801361,-0.30023089051246643,0.3669171631336212
1.5759854316711426,-0.03889413923025131,0.3750942647457123,0.031193464994430542,-0.13594534993171692,0.1544179767370224,-0.9781107902526855,-1.961151361465454,0.24018660187721252,-0.7200936079025269,2.1355161666870117,-0.24,-0.5900000000000001,-1.6434133052825928,0.011829596944153309,-0.033867888152599335,2.1405115127563477,-0.24,-0.5900000000000001,-0.3488977551460266,-0.2917725443840027,0.14790378510951996,0.6920891404151917,0.5361152291297913,-0.20845799148082733,-0.4011341631412506,-0.268125057220459,0.3983023762702942
1.5755975246429443,-0.03618558868765831,0.3692900240421295,0.034967996180057526,-0.13681623339653015,0.1512676179409027,-0.9783540368080139,-1.988665223121643,0.21875178813934326,-0.7348366379737854,2.159355401992798,-0.24,-0.5900000000000001,-1.6610256433486938,0.008855530060827732,-0.03162308782339096,2.1588010787963867,-0.24,-0.5900000000000001,-0.34229058027267456,-0.33012285828590393,0.13339422643184662,0.6537908911705017,0.5149603486061096,-0.18583641946315765,-0.3868424892425537,-0.2245579957962036,0.441739946603775
1.57502019405365,-0.03369761258363724,0.3639374077320099,0.03926479443907738,-0.1383780539035797,0.14736585319042206,-0.9785667657852173,-2.016298532485962,0.1944080889225006,-0.7495307922363281,2.1599999999999997,-0.24,-0.5900000000000001,-1.67753005027771,0.008512960746884346,-0.0294344425201416,2.1599999999999997,-0.24,-0.5900000000000001,-0.33825400471687317,-0.37410664558410645,0.11994392424821854,0.5993026494979858,0.47675299644470215,-0.15922102332115173,-0.35815632343292236,-0.1734894961118698,0.490337997674942
1.5743645429611206,-0.03142571076750755,0.35913926362991333,0.04358229041099548,-0.1403113603591919,0.14296606183052063,-0.9787614345550537,-2.041614294052124,0.16854135692119598,-0.7625967860221863,2.1599999999999997,-0.24,-0.5878214836120605,-1.6926988363265991,0.009404797106981277,-0.0268957931548357,2.1599999999999997,-0.24,-0.5900000000000001,-0.33583226799964905,-0.42228439450263977,0.10847127437591553,0.5329880118370056,0.42889437079429626,-0.12993715703487396,-0.31886589527130127,-0.12135244160890579,0.5389812588691711
1.5738389492034912,-0.029374130070209503,0.35491394996643066,0.04757203906774521,-0.1423063427209854,0.13847990334033966,-0.9789324998855591,-2.0633418560028076,0.14318060874938965,-0.7733826041221619,2.1599999999999997,-0.24,-0.5803800821304321,-1.7062251567840576,0.010278712026774883,-0.02395591512322426,2.1599999999999997,-0.23568332195281982,-0.5900000000000001,-0.333484411239624,-0.47375813126564026,0.09770943969488144,0.4601612687110901,0.37536948919296265,-0.0995226725935936,-0.27337121963500977,-0.07323406636714935,0.5852411389350891
1.5735435485839844,-0.027468647807836533,0.35121798515319824,0.051031455397605896,-0.14416076242923737,0.1346440315246582,-0.9790220856666565,-2.0815060138702393,0.12070030719041824,-0.7819172739982605,2.1599999999999997,-0.24,-0.5743661522865295,-1.718285322189331,0.010953521355986595,-0.020686089992523193,2.1599999999999997,-0.2227589190006256,-0.5900000000000001,-0.32917705178260803,-0.5273208022117615,0.08584155887365341,0.3848734200000763,0.3183547854423523,-0.06969590485095978,-0.22587928175926208,-0.03106599859893322,0.6281248927116394
1.573490858078003,-0.025580521672964096,0.34789544343948364,0.053782686591148376,-0.1457212120294571,0.13171368837356567,-0.9790424704551697,-2.096613883972168,0.10204042494297028,-0.7879606485366821,2.1599999999999997,-0.24,-0.5705406665802002,-1.729709267616272,0.0107603520154953,-0.016816355288028717,2.1599999999999997,-0.21362850069999695,-0.5900000000000001,-0.32262104749679565,-0.5804718732833862,0.07172306627035141,0.31168025732040405,0.26070335507392883,-0.04102478176355362,-0.17962811887264252,0.004392481409013271,0.6640896201133728
1.5736279487609863,-0.02358880080282688,0.3447068929672241,0.05575442686676979,-0.14695137739181519,0.12960921227931976,-0.9790291786193848,-2.109919786453247,0.08701236546039581,-0.7913210391998291,2.1599999999999997,-0.24,-0.5688655972480774,-1.741669774055481,0.009289320558309555,-0.01185158733278513,2.1599999999999997,-0.208682119846344,-0.5900000000000001,-0.31509560346603394,-0.6293529868125916,0.056057266891002655,0.24659623205661774,0.20609396696090698,-0.014190856367349625,-0.13652440905570984,0.031970977783203125,0.6893964409828186
1.5739091634750366,-0.02140616998076439,0.3414169251918793,0.057080745697021484,-0.14769107103347778,0.12806744873523712,-0.9790443181991577,-2.122427463531494,0.07484608143568039,-0.792309582233429,2.1599999999999997,-0.24,-0.5689657330513,-1.7544620037078857,0.006236698012799025,-0.006023135501891375,2.1599999999999997,-0.20584984123706818,-0.5900000000000001,-0.308697372674942,-0.6688864231109619,0.04137109965085983,0.19593219459056854,0.1603253036737442,0.00905229989439249,-0.09830412268638611,0.049809668213129044,0.7036721706390381
1.5743995904922485,-0.01874033734202385,0.3378254175186157,0.057392388582229614,-0.14816665649414062,0.12695997953414917,-0.979098379611969,-2.1341774463653564,0.06513871997594833,-0.7895655632019043,2.1599999999999997,-0.24,-0.5734922885894775,-1.7701002359390259,0.0016325420001521707,0.002183570060878992,2.1599999999999997,-0.201558455824852,-0.5900000000000001,-0.3035276234149933,-0.6947401762008667,0.03,0.16343553364276886,0.13117216527462006,0.018842261284589767,-0.08920513093471527,0.03395659849047661,0.6846281886100769
1.5751782655715942,-0.015926720574498177,0.33396461606025696,0.0576031357049942,-0.14746636152267456,0.1254773586988449,-0.9793828725814819,-2.1437149047851562,0.05693440139293671,-0.7863706946372986,2.1599999999999997,-0.24,-0.5786512494087219,-1.783839464187622,-0.007375361397862434,0.008813192136585712,2.1599999999999997,-0.1957930028438568,-0.5900000000000001,-0.30311983823776245,-0.702083945274353,0.03,0.15079365670681,0.12483939528465271,0.01991761475801468,-0.09324905276298523,0.005399134010076523,0.6592276096343994
1.5756847858428955,-0.013006825000047684,0.330155611038208,0.05802568420767784,-0.1466318666934967,0.1255633682012558,-0.979472279548645,-2.1546363830566406,0.05168953165411949,-0.7843706607818604,2.1599999999999997,-0.24,-0.5822558403015137,-1.7971224784851074,-0.016535315662622452,0.014657875522971153,2.1599999999999997,-0.18983732163906097,-0.5900000000000001,-0.30367985367774963,-0.6939902901649475,0.03,0.15709269046783447,0.14257749915122986,0.011221610009670258,-0.10507967323064804,-0.030911501497030258,0.6321749091148376
1.5762379169464111,-0.010215260088443756,0.32665741443634033,0.05887823924422264,-0.14550988376140594,0.12573963403701782,-0.9795660376548767,-2.164536476135254,0.046212125569581985,-0.7831550240516663,2.1599999999999997,-0.24,-0.5857886672019958,-1.8103135824203491,-0.027749689295887947,0.01666662096977234,2.1599999999999997,-0.19234934449195862,-0.5900000000000001,-0.3078148365020752,-0.67276930809021,0.03606201335787773,0.18038596212863922,0.18183614313602448,-0.006784909404814243,-0.12395388633012772,-0.07574551552534103,0.6047965884208679
1.57686448097229,-0.007659561466425657,0.32357147336006165,0.06023753434419632,-0.14431414008140564,0.12734965980052948,-0.9794523119926453,-2.175128936767578,0.04413355886936188,-0.7850738167762756,2.1599999999999997,-0.24,-0.5900000000000001,-1.819498062133789,-0.036798637360334396,0.014199944213032722,2.1599999999999997,-0.19268107414245605,-0.5900000000000001,-0.31234049797058105,-0.6436405181884766,0.05464761704206467,0.21894796192646027,0.23929724097251892,-0.034277912229299545,-0.1496182531118393,-0.12757505476474762,0.5773009061813354
1.5774481296539307,-0.00557097140699625,0.3213525116443634,0.062157850712537766,-0.14321333169937134,0.12999437749385834,-0.979146420955658,-2.185758590698242,0.04566923901438713,-0.7897960543632507,2.1599999999999997,-0.24,-0.5900000000000001,-1.8242405652999878,-0.04320729523897171,0.008263706229627132,2.1599999999999997,-0.19313941895961761,-0.5900000000000001,-0.3181317448616028,-0.6092005372047424,0.0796002671122551,0.2713909447193146,0.3099266290664673,-0.06894242763519287,-0.1806522011756897,-0.1824052780866623,0.547539234161377
1.5765174627304077,-0.004738572984933853,0.3222969174385071,0.06382829695940018,-0.14439165592193604,0.13036486506462097,-0.9788166284561157,-2.1919453144073486,0.04647025093436241,-0.7881315350532532,2.1599999999999997,-0.24,-0.5900000000000001,-1.8232649564743042,-0.04878608509898186,-0.002766837365925312,2.1599999999999997,-0.19479800760746002,-0.5900000000000001,-0.33045047521591187,-0.5721127390861511,0.10965900868177414,0.33312419056892395,0.38692933320999146,-0.10812834650278091,-0.21037255227565765,-0.23662236332893372,0.5141112804412842
1.5761736631393433,-0.0044082156382501125,0.3234969973564148,0.0665082335472107,-0.14320899546146393,0.13285845518112183,-0.9784765839576721,-2.1955089569091797,0.05430007353425026,-0.7943024635314941,2.1599999999999997,-0.2325732260942459,-0.5900000000000001,-1.8128832578659058,-0.048999566584825516,-0.014023883268237114,2.1599999999999997,-0.1980123072862625,-0.5900000000000001,-0.3386436402797699,-0.527929961681366,0.13587146997451782,0.3988282382488251,0.46539998054504395,-0.1400699019432068,-0.24339990317821503,-0.2859368622303009,0.4793272018432617
1.5762933492660522,-0.00429981853812933,0.32453516125679016,0.06967636942863464,-0.14051464200019836,0.13511137664318085,-0.9783381223678589,-2.1958563327789307,0.06233181059360504,-0.8035985827445984,2.1599999999999997,-0.22525177896022797,-0.5900000000000001,-1.7976726293563843,-0.048534639179706573,-0.023413723334670067,2.1599999999999997,-0.2013506293296814,-0.5900000000000001,-0.34727421402931213,-0.4833700656890869,0.1575879603624344,0.46341872215270996,0.5430012345314026,-0.16291998326778412,-0.27677640318870544,-0.3263765871524811,0.44742199778556824
1.576635479927063,-0.0041204700246453285,0.32555076479911804,0.0720304399728775,-0.13835187256336212,0.13575375080108643,-0.9783871173858643,-2.1948745250701904,0.06897198408842087,-0.8079785704612732,2.1599999999999997,-0.2194957584142685,-0.5900000000000001,-1.7845968008041382,-0.04939805343747139,-0.028845084831118584,2.1599999999999997,-0.20221467316150665,-0.5900000000000001,-0.36126619577407837,-0.45899248123168945,0.17770971357822418,0.5199508666992188,0.6132473349571228,-0.17828665673732758,-0.3072795271873474,-0.35354116559028625,0.42090171575546265
1.577412724494934,-0.0039286320097744465,0.32691800594329834,0.0737098902463913,-0.13549312949180603,0.13692671060562134,-0.9784985184669495,-2.1894469261169434,0.07994893938302994,-0.8100532293319702,2.1599999999999997,-0.22011901438236237,-0.5900000000000001,-1.7696253061294556,-0.04876166582107544,-0.03129609301686287,2.1599999999999997,-0.20210596919059753,-0.5900000000000001,-0.3760334849357605,-0.45224300026893616,0.19565077126026154,0.562057614326477,0.6598117351531982,-0.1848338395357132,-0.3331342935562134,-0.3687192499637604,0.40350228548049927
1.5782097578048706,-0.00377219682559371,0.32780346274375916,0.07609494030475616,-0.13287125527858734,0.13826927542686462,-0.9784867763519287,-2.18599009513855,0.08868667483329773,-0.8141311407089233,2.1599999999999997,-0.2289506047964096,-0.5900000000000001,-1.755170226097107,-0.04722161218523979,-0.035233259201049805,2.1599999999999997,-0.20124781131744385,-0.5900000000000001,-0.38905343413352966,-0.4450294077396393,0.21148446202278137,0.5952445864677429,0.6935062408447266,-0.18431472778320312,-0.3527877926826477,-0.374410480260849,0.4002217650413513
1.5789352655410767,-0.0034703612327575684,0.32814279198646545,0.0788256824016571,-0.13114650547504425,0.1393067091703415,-0.9783560633659363,-2.1861417293548584,0.09315726161003113,-0.8189712762832642,2.1599999999999997,-0.23833106458187103,-0.5900000000000001,-1.743985652923584,-0.046048302203416824,-0.039866071194410324,2.1599999999999997,-0.200260728597641,-0.5900000000000001,-0.4011886715888977,-0.44076991081237793,0.22457249462604523,0.6157373189926147,0.7115280628204346,-0.17752540111541748,-0.3642069399356842,-0.36898091435432434,0.41122037172317505
1.5794652700424194,-0.002980231773108244,0.3281341791152954,0.08170734345912933,-0.1305018663406372,0.13942097127437592,-0.9781895279884338,-2.188685417175293,0.09182333946228027,-0.8247472047805786,2.1599999999999997,-0.24,-0.5900000000000001,-1.7364517450332642,-0.04632168635725975,-0.04465188458561897,2.1599999999999997,-0.19954808056354523,-0.5900000000000001,-0.41299495100975037,-0.4431777596473694,0.2350928634405136,0.6183810234069824,0.7112147808074951,-0.16520273685455322,-0.3653274476528168,-0.35159918665885925,0.4372996389865875
1.579494595527649,-0.002564405556768179,0.32859310507774353,0.0845436230301857,-0.13081824779510498,0.13862843811511993,-0.9780189394950867,-2.1899166107177734,0.08624722808599472,-0.8302146196365356,2.1599999999999997,-0.24,-0.5900000000000001,-1.7299877405166626,-0.04677145928144455,-0.05060027167201042,2.1599999999999997,-0.19718018174171448,-0.5900000000000001,-0.42326295375823975,-0.4555893540382385,0.2406534105539322,0.6005160808563232,0.6936197280883789,-0.1480516642332077,-0.354981392621994,-0.32193249464035034,0.47706741094589233
1.5795912742614746,-0.002144239377230406,0.32893458008766174,0.08747217804193497,-0.13062462210655212,0.138553649187088,-0.97779780626297,-2.1890344619750977,0.08085606247186661,-0.8379390239715576,2.1599999999999997,-0.24,-0.5900000000000001,-1.7227942943572998,-0.04525081813335419,-0.05603436008095741,2.1599999999999997,-0.19313587248325348,-0.5900000000000001,-0.4281976521015167,-0.47808802127838135,0.23756346106529236,0.5640716552734375,0.6615029573440552,-0.12565340101718903,-0.33610543608665466,-0.2797480821609497,0.5268847346305847
1.579595923423767,-0.0017290888354182243,0.3293505609035492,0.09009269624948502,-0.13037924468517303,0.1386224329471588,-0.9775828123092651,-2.1855270862579346,0.07499825209379196,-0.8453173041343689,2.1599999999999997,-0.24,-0.5900000000000001,-1.7159889936447144,-0.04333736002445221,-0.060634102672338486,2.1599999999999997,-0.18725059926509857,-0.5900000000000001,-0.42908480763435364,-0.5121064782142639,0.22592779994010925,0.5128164291381836,0.6178076863288879,-0.09914140403270721,-0.3084150552749634,-0.22811466455459595,0.5819383859634399
1.5795913934707642,-0.0012520384043455124,0.3296663165092468,0.09226511418819427,-0.13022322952747345,0.1389426290988922,-0.9773555994033813,-2.1804609298706055,0.06897400319576263,-0.8520248532295227,2.1599999999999997,-0.24,-0.5900000000000001,-1.7105722427368164,-0.04256409779191017,-0.06433728337287903,2.1599999999999997,-0.18052470684051514,-0.5900000000000001,-0.4260028004646301,-0.5568796396255493,0.20743964612483978,0.4513394236564636,0.5661317706108093,-0.0692533627152443,-0.27291786670684814,-0.17170009016990662,0.6387292146682739
1.5795819759368896,-0.0007468461990356445,0.32995185256004333,0.09396744519472122,-0.1304016262292862,0.13969075679779053,-0.9770628213882446,-2.175283908843994,0.06379243731498718,-0.8578054308891296,2.1599999999999997,-0.24,-0.5900000000000001,-1.7067720890045166,-0.04403571039438248,-0.06811816990375519,2.1599999999999997,-0.17489084601402283,-0.5900000000000001,-0.41884860396385193,-0.6103004217147827,0.1841983199119568,0.38368332386016846,0.5090261101722717,-0.03711067885160446,-0.2310839593410492,-0.11451668292284012,0.695032000541687
1.5796066522598267,-0.00024017412215471268,0.33025410771369934,0.0952642485499382,-0.13095366954803467,0.14108724892139435,-0.9766626954078674,-2.1710753440856934,0.06054558977484703,-0.8628484606742859,2.1599999999999997,-0.24,-0.5900000000000001,-1.7040250301361084,-0.04881990700960159,-0.07216500490903854,2.1599999999999997,-0.1689225137233734,-0.5900000000000001,-0.40742436051368713,-0.6690077781677246,0.15724819898605347,0.312659353017807,0.4467608630657196,-0.003957340493798256,-0.1850781887769699,-0.05856906250119209,0.749014139175415
1.5796973705291748,0.0002769259735941887,0.3305138647556305,0.09619864076375961,-0.13177372515201569,0.14317171275615692,-0.9761573672294617,-2.1679675579071045,0.059446342289447784,-0.8674175143241882,2.1599999999999997,-0.24,-0.5900000000000001,-1.7016137838363647,-0.05767570063471794,-0.07616547495126724,2.1599999999999997,-0.15916678309440613,-0.5900000000000001,-0.39223071932792664,-0.7290288209915161,0.12763436138629913,0.24139025807380676,0.37987521290779114,0.029150813817977905,-0.1369466781616211,-0.006105179898440838,0.7973529100418091
1.579803466796875,0.000780847854912281,0.33074119687080383,0.09673923999071121,-0.1328679919242859,0.14544354379177094,-0.9756196737289429,-2.1652848720550537,0.059009190648794174,-0.8709388971328735,2.1599999999999997,-0.24,-0.5900000000000001,-1.699544072151184,-0.07151922583580017,-0.07982434332370758,2.1599999999999997,-0.1444741189479828,-0.5900000000000001,-0.3751470446586609,-0.7865258455276489,0.09707163274288177,0.17335619032382965,0.3106396496295929,0.060974203050136566,-0.08853592723608017,0.039851050823926926,0.8361977934837341
1.5799579620361328,0.0016574673354625702,0.33094826340675354,0.09591460973024368,-0.13520695269107819,0.14832724630832672,-0.9749453067779541,-2.162600517272949,0.06011418625712395,-0.869482696056366,2.1599999999999997,-0.24,-0.5900000000000001,-1.7050117254257202,-0.08765148371458054,-0.08320038765668869,2.1599999999999997,-0.13411879539489746,-0.5900000000000001,-0.3531823754310608,-0.8399566411972046,0.06393622606992722,0.11072437465190887,0.24175412952899933,0.07002635300159454,-0.08527223765850067,0.03774894028902054,0.8277029991149902
1.5801575183868408,0.002308873925358057,0.331060528755188,0.0953904241323471,-0.13650758564472198,0.14965660870075226,-0.974612295627594,-2.156341075897217,0.057688530534505844,-0.8686001300811768,2.1599999999999997,-0.24,-0.5900000000000001,-1.706072211265564,-0.10932798683643341,-0.08771806210279465,2.1599999999999997,-0.12046309560537338,-0.5900000000000001,-0.3365970551967621,-0.8814874291419983,0.03598397970199585,0.060021404176950455,0.17819303274154663,0.07840768247842789,-0.09116770327091217,0.028432441875338554,0.824141800403595
1.580337643623352,0.0026304228231310844,0.3310343623161316,0.09522302448749542,-0.1367870420217514,0.14982053637504578,-0.9745643138885498,-2.147655487060547,0.0526326447725296,-0.869587779045105,2.1599999999999997,-0.24,-0.5900000000000001,-1.7053053379058838,-0.13254061341285706,-0.09416509419679642,2.1599999999999997,-0.11213326454162598,-0.5900000000000001,-0.3253537118434906,-0.9103652238845825,0.03,0.024492422118782997,0.12631891667842865,0.08828414231538773,-0.0948561280965805,0.017523331567645073,0.8218928575515747
1.5802762508392334,0.0028438428416848183,0.33090734481811523,0.0948832705616951,-0.13610370457172394,0.14984144270420074,-0.9746899008750916,-2.136927366256714,0.04751136526465416,-0.8708773255348206,2.1599999999999997,-0.24,-0.5900000000000001,-1.702368140220642,-0.15373411774635315,-0.1005670428276062,2.1599999999999997,-0.11277047544717789,-0.5900000000000001,-0.3177507519721985,-0.9231124520301819,0.03,0.008621349930763245,0.09200848639011383,0.0917925238609314,-0.09524241834878922,0.000624774198513478,0.8134222626686096
1.5800296068191528,0.002912455704063177,0.330767959356308,0.09441033750772476,-0.1339954435825348,0.14963212609291077,-0.975059986114502,-2.1245899200439453,0.04403924196958542,-0.8720431327819824,2.1599999999999997,-0.24,-0.5900000000000001,-1.6978956460952759,-0.17101041972637177,-0.1043941006064415,2.1599999999999997,-0.11730871349573135,-0.5900000000000001,-0.3148971498012543,-0.9156466722488403,0.03,0.017440427094697952,0.0847044363617897,0.08368027955293655,-0.09554143249988556,-0.02767138183116913,0.796194851398468
1.5795937776565552,0.0028113732114434242,0.33071038126945496,0.09385707974433899,-0.13051138818264008,0.14922045171260834,-0.9756488800048828,-2.1124494075775146,0.04364947974681854,-0.8725293278694153,2.1599999999999997,-0.24,-0.5900000000000001,-1.691552996635437,-0.18354953825473785,-0.10737481713294983,2.1599999999999997,-0.12348280102014542,-0.5900000000000001,-0.3174077570438385,-0.8893090486526489,0.03,0.052054263651371,0.10964883118867874,0.0607551708817482,-0.10020283609628677,-0.06789377331733704,0.7700697183609009
1.5789631605148315,0.002493316773325205,0.33078745007514954,0.09326734393835068,-0.12628769874572754,0.14913159608840942,-0.9762747287750244,-2.1034488677978516,0.04763003811240196,-0.8725728392601013,2.1599999999999997,-0.24,-0.5900000000000001,-1.6846808195114136,-0.19021929800510406,-0.10930662602186203,2.1599999999999997,-0.12940648198127747,-0.5900000000000001,-0.3239797353744507,-0.8496730327606201,0.03,0.10779052972793579,0.16021527349948883,0.023720309138298035,-0.11143852025270462,-0.11661475151777267,0.7338373064994812
1.5781008005142212,0.001997203566133976,0.3311788737773895,0.09259016066789627,-0.1220036968588829,0.1490764170885086,-0.9768921732902527,-2.098085641860962,0.055039048194885254,-0.8710957765579224,2.1599999999999997,-0.24,-0.5900000000000001,-1.6773020029067993,-0.1938488483428955,-0.10989458113908768,2.1599999999999997,-0.1331414133310318,-0.5900000000000001,-0.33427315950393677,-0.8007972836494446,0.03922661766409874,0.17862823605537415,0.2257009893655777,-0.024355977773666382,-0.12944073975086212,-0.1703895479440689,0.6898974180221558
1.5772188901901245,0.0014959955587983131,0.3320344090461731,0.09210063517093658,-0.11762510240077972,0.1490534394979477,-0.9774787425994873,-2.094426155090332,0.0655459314584732,-0.8683932423591614,2.1599999999999997,-0.24,-0.5900000000000001,-1.6675217151641846,-0.19797107577323914,-0.11214915663003922,2.1599999999999997,-0.13779111206531525,-0.5900000000000001,-0.3460198938846588,-0.7451639175415039,0.07337572425603867,0.2577379047870636,0.30204230546951294,-0.07732958346605301,-0.1528342366218567,-0.2268023043870926,0.6413207650184631
1.5764020681381226,0.0009637875482439995,0.33338814973831177,0.09225112944841385,-0.1131659597158432,0.14976902306079865,-0.9778814315795898,-2.0918221473693848,0.07923735678195953,-0.867229700088501,2.1599999999999997,-0.24,-0.5900000000000001,-1.6540815830230713,-0.20127588510513306,-0.11756759136915207,2.1599999999999997,-0.14374780654907227,-0.5900000000000001,-0.3555741310119629,-0.6862592101097107,0.10963357985019684,0.33783969283103943,0.3868071138858795,-0.12822377681732178,-0.17861482501029968,-0.28184258937835693,0.5912461280822754
1.5756173133850098,0.0003714030608534813,0.3351355791091919,0.09303079545497894,-0.10904013365507126,0.15115565061569214,-0.9780631065368652,-2.0899722576141357,0.0941430926322937,-0.8682695031166077,2.1599999999999997,-0.24,-0.5900000000000001,-1.638487458229065,-0.20202621817588806,-0.12511475384235382,2.1599999999999997,-0.14866328239440918,-0.5900000000000001,-0.36197948455810547,-0.6283546686172485,0.14425870776176453,0.4126611649990082,0.47264376282691956,-0.17169007658958435,-0.2044469118118286,-0.3298518657684326,0.5433447957038879
1.5749201774597168,-0.00011042226105928421,0.3370964229106903,0.09407281875610352,-0.10555262863636017,0.15256471931934357,-0.9781271815299988,-2.0877912044525146,0.10796982795000076,-0.8695671558380127,2.1599999999999997,-0.24,-0.5900000000000001,-1.6231355667114258,-0.20093300938606262,-0.13242603838443756,2.1599999999999997,-0.15132208168506622,-0.5900000000000001,-0.3665967881679535,-0.574715256690979,0.17437760531902313,0.47907406091690063,0.5498983860015869,-0.20418080687522888,-0.2296127825975418,-0.3651566207408905,0.5001978874206543
1.5743589401245117,-0.00038813333958387375,0.3389543294906616,0.09517946094274521,-0.10286148637533188,0.15376511216163635,-0.9781189560890198,-2.0862653255462646,0.1197667345404625,-0.8704184889793396,2.1599999999999997,-0.24,-0.5900000000000001,-1.6101208925247192,-0.19787193834781647,-0.13764457404613495,2.1599999999999997,-0.15064330399036407,-0.5900000000000001,-0.37045860290527344,-0.5266386270523071,0.1983012557029724,0.5379771590232849,0.6118716597557068,-0.22431489825248718,-0.253940612077713,-0.3855936527252197,0.4629553258419037
1.5739905834197998,-0.00043207500129938126,0.3403201103210449,0.09635728597640991,-0.10102182626724243,0.15456533432006836,-0.9780691862106323,-2.087477684020996,0.1287916600704193,-0.8711124062538147,2.1599999999999997,-0.24,-0.5900000000000001,-1.6006689071655273,-0.1936824917793274,-0.140400230884552,2.1599999999999997,-0.1470016986131668,-0.5900000000000001,-0.37435483932495117,-0.484394907951355,0.21540775895118713,0.5898677706718445,0.6568360924720764,-0.2325289249420166,-0.27708932757377625,-0.392287015914917,0.434430867433548
1.5738173723220825,-0.00023233704268932343,0.34099268913269043,0.0976439043879509,-0.10007871687412262,0.15452940762043,-0.9780442714691162,-2.092291831970215,0.13382650911808014,-0.8715466856956482,2.1599999999999997,-0.24,-0.5900000000000001,-1.5949583053588867,-0.1904289424419403,-0.14148731529712677,2.1599999999999997,-0.1420777291059494,-0.5900000000000001,-0.3790207803249359,-0.4500352740287781,0.22624774277210236,0.6295514106750488,0.685793399810791,-0.2311478853225708,-0.29766616225242615,-0.3877933919429779,0.4209665060043335
1.5738704204559326,0.00021785683929920197,0.34102532267570496,0.09908723086118698,-0.09968829154968262,0.1535504162311554,-0.9780930876731873,-2.099142551422119,0.1348225474357605,-0.8717593550682068,2.1599999999999997,-0.24,-0.5900000000000001,-1.5916117429733276,-0.18950672447681427,-0.1417274922132492,2.1599999999999997,-0.137498140335083,-0.5900000000000001,-0.3837704360485077,-0.42688339948654175,0.23109441995620728,0.6476004123687744,0.6956918239593506,-0.22170168161392212,-0.3137311637401581,-0.37335821986198425,0.4274882674217224
1.5741723775863647,0.000885828398168087,0.34054094552993774,0.1007520854473114,-0.0993649810552597,0.15206444263458252,-0.9781880974769592,-2.106119155883789,0.13295133411884308,-0.8725818395614624,2.1599999999999997,-0.24,-0.5900000000000001,-1.5890960693359375,-0.1903686821460724,-0.14140479266643524,2.1599999999999997,-0.13363273441791534,-0.5900000000000001,-0.3870514929294586,-0.4180968105792999,0.23075075447559357,0.6383296847343445,0.6841785311698914,-0.20426993072032928,-0.3229277431964874,-0.34798169136047363,0.4544718265533447
1.574650526046753,0.0017201723530888557,0.33970269560813904,0.10257050395011902,-0.09905151277780533,0.15089698135852814,-0.9782117605209351,-2.112652063369751,0.12994255125522614,-0.8747386932373047,2.1599999999999997,-0.24,-0.5900000000000001,-1.5874594449996948,-0.19087764620780945,-0.1403636634349823,2.1599999999999997,-0.12991803884506226,-0.5900000000000001,-0.38769978284835815,-0.42348358035087585,0.22599703073501587,0.6045403480529785,0.6486719846725464,-0.17870594561100006,-0.32138463854789734,-0.31176894903182983,0.49458327889442444
1.5751843452453613,0.0027061887085437775,0.3386858105659485,0.10425499826669693,-0.09896638244390488,0.15028631687164307,-0.9781362414360046,-2.117774248123169,0.1260625720024109,-0.8774245977401733,2.1599999999999997,-0.24,-0.5900000000000001,-1.587579607963562,-0.19064626097679138,-0.1384260356426239,2.1599999999999997,-0.12672723829746246,-0.5900000000000001,-0.3862573206424713,-0.4404061436653137,0.2179029881954193,0.5534080862998962,0.5906738042831421,-0.14560739696025848,-0.30575379729270935,-0.26830774545669556,0.5364052653312683
1.5756679773330688,0.0038076373748481274,0.33761924505233765,0.1055428683757782,-0.09923351556062698,0.1501421183347702,-0.9779931306838989,-2.1199679374694824,0.12087308615446091,-0.8797215819358826,2.1599999999999997,-0.24,-0.5900000000000001,-1.589972972869873,-0.19029374420642853,-0.13569331169128418,2.1599999999999997,-0.1248316615819931,-0.5900000000000001,-0.3833872079849243,-0.46675655245780945,0.20824579894542694,0.4912593364715576,0.5189388990402222,-0.10730982571840286,-0.27632108330726624,-0.22225429117679596,0.5726212859153748
1.5759673118591309,0.004728231113404036,0.33660688996315,0.10649129748344421,-0.09973835945129395,0.15057231485843658,-0.9777727723121643,-2.119187355041504,0.11448399722576141,-0.8829697370529175,2.1599999999999997,-0.24,-0.5900000000000001,-1.594266414642334,-0.18806588649749756,-0.13242816925048828,2.1599999999999997,-0.12199614197015762,-0.5900000000000001,-0.378915011882782,-0.4998065233230591,0.1984674334526062,0.423164427280426,0.44225987792015076,-0.0674196258187294,-0.23605097830295563,-0.1771211475133896,0.602031946182251
1.576096534729004,0.005346478428691626,0.33574962615966797,0.10709259659051895,-0.10015686601400375,0.1511704921722412,-0.9775721430778503,-2.115215539932251,0.10730178654193878,-0.8868634700775146,2.1599999999999997,-0.24,-0.5900000000000001,-1.5983936786651611,-0.18541090190410614,-0.1296214610338211,2.1599999999999997,-0.11928223073482513,-0.5900000000000001,-0.3737471401691437,-0.5353822708129883,0.18802858889102936,0.3541610836982727,0.3662671148777008,-0.029271069914102554,-0.18913333117961884,-0.13550588488578796,0.6252403259277344
1.5757759809494019,0.005445041228085756,0.33567824959754944,0.10720313340425491,-0.10072757303714752,0.15129214525222778,-0.9774824380874634,-2.108076333999634,0.10028935223817825,-0.889123260974884,2.1599999999999997,-0.24,-0.5900000000000001,-1.6005244255065918,-0.18321189284324646,-0.12915606796741486,2.1599999999999997,-0.11673682928085327,-0.5900000000000001,-0.369096964597702,-0.5697709918022156,0.17640738189220428,0.2891210615634918,0.29550209641456604,0.004908125847578049,-0.13805730640888214,-0.10027360916137695,0.6404675841331482
1.575791358947754,0.005356712266802788,0.3353921175003052,0.10717793554067612,-0.10003507882356644,0.15181542932987213,-0.9774751663208008,-2.0995774269104004,0.09631113708019257,-0.8928490877151489,2.1599999999999997,-0.24,-0.5900000000000001,-1.6002134084701538,-0.18272918462753296,-0.12876974046230316,2.1599999999999997,-0.11713545769453049,-0.5900000000000001,-0.3637031316757202,-0.5975097417831421,0.16135448217391968,0.23357142508029938,0.23499245941638947,0.03467230126261711,-0.089197538793087,-0.07330329716205597,0.6465912461280823
1.5758002996444702,0.005071723833680153,0.3353118896484375,0.10682868957519531,-0.09886593371629715,0.15168820321559906,-0.9776521325111389,-2.0898489952087402,0.09335799515247345,-0.8948846459388733,2.1599999999999997,-0.24,-0.5900000000000001,-1.5981427431106567,-0.18438619375228882,-0.12873569130897522,2.1599999999999997,-0.11857316642999649,-0.5900000000000001,-0.36125072836875916,-0.6161112785339355,0.14507724344730377,0.1936393529176712,0.19261209666728973,0.05518565699458122,-0.04520048573613167,-0.05792336165904999,0.6447802782058716
1.5759769678115845,0.0048827314749360085,0.3352424204349518,0.10587175190448761,-0.09711943566799164,0.15111789107322693,-0.9780195355415344,-2.0786352157592773,0.09212831407785416,-0.8938355445861816,2.1599999999999997,-0.24,-0.5900000000000001,-1.5964173078536987,-0.18528924882411957,-0.12450244277715683,2.1599999999999997,-0.11674265563488007,-0.5900000000000001,-0.3625316023826599,-0.6219114661216736,0.12940840423107147,0.1751316636800766,0.17546263337135315,0.05869431421160698,-0.03304431959986687,-0.07657549530267715,0.6341927647590637
1.576156735420227,0.004615046549588442,0.33546239137649536,0.10527905076742172,-0.09476178884506226,0.1503615528345108,-0.9784312844276428,-2.0670714378356934,0.09238144010305405,-0.8931952118873596,2.1599999999999997,-0.24,-0.5900000000000001,-1.5912723541259766,-0.18665781617164612,-0.1217094287276268,2.1599999999999997,-0.1150117814540863,-0.5900000000000001,-0.3694572448730469,-0.6138878464698792,0.12037751823663712,0.1789504587650299,0.1873171478509903,0.05065169557929039,-0.0320669524371624,-0.10146091133356094,0.6138331890106201
1.5762677192687988,0.004359049256891012,0.336079478263855,0.10502637177705765,-0.09240450710058212,0.15004634857177734,-0.9787322282791138,-2.0573489665985107,0.09534623473882675,-0.8926696181297302,2.1599999999999997,-0.24,-0.5900000000000001,-1.584190011024475,-0.1876048445701599,-0.12095293402671814,2.1599999999999997,-0.11437986046075821,-0.5900000000000001,-0.38042500615119934,-0.5943042635917664,0.1203017458319664,0.20278139412403107,0.2236674726009369,0.031126001849770546,-0.03805113956332207,-0.12927015125751495,0.5853334665298462
1.5762158632278442,0.0040967632085084915,0.33736419677734375,0.10488291829824448,-0.090475894510746,0.14996623992919922,-0.9789400100708008,-2.0497987270355225,0.10125301778316498,-0.8905543684959412,2.1599999999999997,-0.24,-0.5900000000000001,-1.575816035270691,-0.18803770840168,-0.12210699170827866,2.1599999999999997,-0.11447916179895401,-0.5900000000000001,-0.3947752118110657,-0.5646524429321289,0.1289117932319641,0.24530014395713806,0.2771680951118469,0.00011117964459117502,-0.0514763705432415,-0.1616562008857727,0.5486279129981995
1.5760377645492554,0.00378017732873559,0.33956652879714966,0.10474761575460434,-0.08880850672721863,0.1493934988975525,-0.9791948795318604,-2.0426228046417236,0.10961411148309708,-0.8854439854621887,2.1599999999999997,-0.24,-0.5900000000000001,-1.5647352933883667,-0.1890958547592163,-0.12503933906555176,2.1599999999999997,-0.11478202044963837,-0.5900000000000001,-0.41245606541633606,-0.5260272026062012,0.14383065700531006,0.3036758303642273,0.34302979707717896,-0.040366191416978836,-0.07220015674829483,-0.19746245443820953,0.5041903257369995
1.5758423805236816,0.0033023934811353683,0.3428739607334137,0.10471827536821365,-0.08685123920440674,0.14784005284309387,-0.9796091318130493,-2.0333735942840576,0.12034647911787033,-0.8773889541625977,2.1599999999999997,-0.24,-0.5900000000000001,-1.5483723878860474,-0.19124171137809753,-0.1298375278711319,2.1599999999999997,-0.1143508106470108,-0.5900000000000001,-0.43233340978622437,-0.4802272617816925,0.16211116313934326,0.37085437774658203,0.4192313849925995,-0.08631499111652374,-0.09949381649494171,-0.23063813149929047,0.45355281233787537
1.575652837753296,0.0026045157574117184,0.34729093313217163,0.1048566922545433,-0.08463579416275024,0.14538313448429108,-0.980155885219574,-2.0218305587768555,0.13318242132663727,-0.8670530319213867,2.1599999999999997,-0.24,-0.5900000000000001,-1.5266846418380737,-0.19363662600517273,-0.13648256659507751,2.1599999999999997,-0.11234748363494873,-0.5900000000000001,-0.4515315294265747,-0.43221691250801086,0.18109706044197083,0.4368886947631836,0.5028708577156067,-0.13393479585647583,-0.13105742633342743,-0.25451192259788513,0.399362713098526
1.5754717588424683,0.0018060896545648575,0.3526160717010498,0.1050812304019928,-0.08270491659641266,0.1420178860425949,-0.9807897806167603,-2.009122848510742,0.14669062197208405,-0.8542116284370422,2.1599999999999997,-0.24,-0.5900000000000001,-1.5018421411514282,-0.1968800574541092,-0.1450003832578659,2.1599999999999997,-0.10987410694360733,-0.5900000000000001,-0.4677635431289673,-0.386959046125412,0.19854770600795746,0.49421370029449463,0.5861071944236755,-0.1806773990392685,-0.1634882241487503,-0.2656265199184418,0.3465372323989868
1.5753061771392822,0.0010124724358320236,0.35852670669555664,0.10551399737596512,-0.08142057806253433,0.1376897245645523,-0.9814676642417908,-1.9965593814849854,0.15903469920158386,-0.8396483063697815,2.1599999999999997,-0.24,-0.5900000000000001,-1.475515604019165,-0.2013528048992157,-0.15558089315891266,2.1416563987731934,-0.10747582465410233,-0.5900000000000001,-0.47986558079719543,-0.3469047546386719,0.21279841661453247,0.5393551588058472,0.6599400639533997,-0.22461624443531036,-0.19370056688785553,-0.26270654797554016,0.30231940746307373
1.5751553773880005,0.00027369894087314606,0.36466124653816223,0.10638351738452911,-0.0807824581861496,0.13206347823143005,-0.9821994304656982,-1.9845201969146729,0.16787099838256836,-0.8246669769287109,2.1599999999999997,-0.24,-0.5900000000000001,-1.448363184928894,-0.20691847801208496,-0.167960524559021,2.1197524070739746,-0.10404733568429947,-0.5900000000000001,-0.48788702487945557,-0.3142429292201996,0.22239844501018524,0.5695051550865173,0.7195605635643005,-0.263690710067749,-0.21984419226646423,-0.24546389281749725,0.2750697135925293
1.5749127864837646,-0.0001655910164117813,0.3708808720111847,0.10760284215211868,-0.08077431470155716,0.12523140013217926,-0.982961893081665,-1.9726637601852417,0.17265251278877258,-0.8087037801742554,2.1599999999999997,-0.24,-0.5900000000000001,-1.4220232963562012,-0.21325276792049408,-0.1808120161294937,2.097095012664795,-0.09897512197494507,-0.5900000000000001,-0.49144113063812256,-0.2926660478115082,0.22454607486724854,0.5808781981468201,0.7576586008071899,-0.2966059148311615,-0.24133291840553284,-0.21451692283153534,0.2699401080608368
1.5745398998260498,-0.00019458681344985962,0.37724894285202026,0.1090918779373169,-0.08077248185873032,0.11698945611715317,-0.9838131070137024,-1.9584437608718872,0.17339476943016052,-0.7912420630455017,2.1599999999999997,-0.24,-0.5900000000000001,-1.3952338695526123,-0.22101299464702606,-0.19370394945144653,2.0733249187469482,-0.09210696816444397,-0.5900000000000001,-0.4909330904483795,-0.28537216782569885,0.2185489386320114,0.5713047385215759,0.7749220728874207,-0.3216302990913391,-0.258106529712677,-0.17154256999492645,0.2878170609474182
1.5741121768951416,-2.3962929844856262e-05,0.38383883237838745,0.11080281436443329,-0.08005964756011963,0.10693325847387314,-0.9848239421844482,-1.9394320249557495,0.17004825174808502,-0.7730128169059753,2.1599999999999997,-0.24,-0.5900000000000001,-1.3656052350997925,-0.2305327206850052,-0.20687392354011536,2.0488100051879883,-0.0825381949543953,-0.5900000000000001,-0.4864022135734558,-0.2948116660118103,0.20519599318504333,0.5424632430076599,0.7773461937904358,-0.33695581555366516,-0.26947057247161865,-0.12028513103723526,0.32629382610321045
1.5735714435577393,0.00027038902044296265,0.39087623357772827,0.11248062551021576,-0.07837837934494019,0.09546609222888947,-0.985946774482727,-1.9144850969314575,0.16424256563186646,-0.753880500793457,2.145495653152466,-0.24,-0.5900000000000001,-1.332222819328308,-0.24211768805980682,-0.22129982709884644,2.0226633548736572,-0.07210331410169601,-0.5900000000000001,-0.47524672746658325,-0.32292988896369934,0.1854322999715805,0.49563345313072205,0.7694074511528015,-0.34189897775650024,-0.2741394639015198,-0.06436840444803238,0.38149258494377136
1.5730849504470825,0.0004436075687408447,0.3985494077205658,0.11381921917200089,-0.07535253465175629,0.08331585675477982,-0.9871298670768738,-1.885310173034668,0.15909036993980408,-0.7344744205474854,2.1150779724121094,-0.24,-0.5900000000000001,-1.293532133102417,-0.2558685541152954,-0.23793931305408478,1.9947587251663208,-0.06197543814778328,-0.5900000000000001,-0.454331636428833,-0.3689604699611664,0.15980742871761322,0.4330318868160248,0.7526072263717651,-0.33703288435935974,-0.2712240517139435,-0.005083688069134951,0.45135635137557983
1.5728566646575928,0.00013709813356399536,0.40681934356689453,0.11457609385251999,-0.07105404883623123,0.07110977172851562,-0.9883151650428772,-1.854526162147522,0.15996794402599335,-0.7131399512290955,2.082799196243286,-0.24,-0.5817655324935913,-1.2487908601760864,-0.27202391624450684,-0.2586573660373688,1.965299129486084,-0.054222431033849716,-0.5900000000000001,-0.42199039459228516,-0.4313410818576813,0.1295280009508133,0.358586847782135,0.7273034453392029,-0.3244890570640564,-0.25978270173072815,0.05783235281705856,0.5322813987731934
1.5725021362304688,-0.0003352062776684761,0.415859192609787,0.1140301525592804,-0.06690536439418793,0.05831896513700485,-0.9895046949386597,-1.8210422992706299,0.1625235676765442,-0.6865652203559875,2.046435832977295,-0.23953482508659363,-0.5703564882278442,-1.2028813362121582,-0.29251089692115784,-0.2830532491207123,1.9336209297180176,-0.05102822557091713,-0.5900000000000001,-0.37930262088775635,-0.509697675704956,0.09447218477725983,0.2760012447834015,0.6916193962097168,-0.3078293204307556,-0.23961621522903442,0.12360800802707672,0.6161481738090515
1.572180151939392,-0.0009380737319588661,0.425597220659256,0.11145834624767303,-0.06311684101819992,0.04451470077037811,-0.9907630681991577,-1.7821167707443237,0.16432002186775208,-0.653375506401062,2.005403995513916,-0.22558382153511047,-0.5567599534988403,-1.1566126346588135,-0.32026347517967224,-0.3093787133693695,1.9003511667251587,-0.04648289084434509,-0.5900000000000001,-0.32659459114074707,-0.5989363789558411,0.052585385739803314,0.1902698278427124,0.6427059173583984,-0.28863289952278137,-0.2132190316915512,0.1888556331396103,0.6941741108894348
1.5722178220748901,-0.0018260423094034195,0.4358214735984802,0.10653084516525269,-0.059430018067359924,0.030553145334124565,-0.9920612573623657,-1.736899733543396,0.16698814928531647,-0.6140613555908203,1.96073317527771,-0.21152356266975403,-0.5432309508323669,-1.1103038787841797,-0.3546387851238251,-0.3360745310783386,1.8669415712356567,-0.0367828868329525,-0.5900000000000001,-0.2614418864250183,-0.6924382448196411,0.03,0.10662803053855896,0.5803156495094299,-0.2691223919391632,-0.18374086916446686,0.24899525940418243,0.7646636962890625
1.5725852251052856,-0.0030102087184786797,0.4463997781276703,0.09912586957216263,-0.056070175021886826,0.017370237037539482,-0.9933419823646545,-1.686516523361206,0.17162424325942993,-0.5684451460838318,1.912582278251648,-0.19619864225387573,-0.5297259092330933,-1.0651991367340088,-0.3932560384273529,-0.36205995082855225,1.8331422805786133,-0.021679511293768883,-0.5900000000000001,-0.18286660313606262,-0.7836279273033142,0.03,0.029682666063308716,0.5059581398963928,-0.2530229985713959,-0.1538468897342682,0.30028000473976135,0.8302565813064575
1.5732851028442383,-0.004557943902909756,0.4572674334049225,0.08955812454223633,-0.05295203626155853,0.005102945491671562,-0.9945598244667053,-1.6313586235046387,0.17797133326530457,-0.5172059535980225,1.8607633113861084,-0.17827993631362915,-0.5156588554382324,-1.0226269960403442,-0.43451985716819763,-0.38601839542388916,1.7987114191055298,-0.0016115130856633186,-0.5900000000000001,-0.09211402386426926,-0.865786612033844,0.03,-0.03709293529391289,0.42330172657966614,-0.24201710522174835,-0.12571664154529572,0.3381153345108032,0.8905032277107239
1.574173092842102,-0.006338909268379211,0.4681563079357147,0.07812757045030594,-0.05018976703286171,-0.005975171457976103,-0.9956611394882202,-1.5724480152130127,0.18416087329387665,-0.4617474675178528,1.8062095642089844,-0.15970873832702637,-0.5008129477500916,-0.9839645624160767,-0.47604185342788696,-0.40632331371307373,1.7646745443344116,0.021176813170313835,-0.5900000000000001,0.009638730436563492,-0.9335693717002869,0.03,-0.09092189371585846,0.3374202251434326,-0.23576368391513824,-0.10201913118362427,0.3569525182247162,0.9397205114364624
1.5751911401748657,-0.008202006109058857,0.4785778522491455,0.06519660353660583,-0.04765011742711067,-0.01599890924990177,-0.9966055750846863,-1.5104775428771973,0.18696077167987823,-0.4050936996936798,1.750927448272705,-0.14214494824409485,-0.4857673943042755,-0.9521701335906982,-0.5164257287979126,-0.4222012758255005,1.734123945236206,0.03422233834862709,-0.5900000000000001,0.11672988533973694,-0.9809876084327698,0.03,-0.13299724459648132,0.252995103597641,-0.23200903832912445,-0.08520465344190598,0.35752198100090027,0.9720414280891418
1.5761526823043823,-0.009655176661908627,0.48773300647735596,0.0514552928507328,-0.04583209753036499,-0.024368293583393097,-0.9973253607749939,-1.4501408338546753,0.18353217840194702,-0.3526822328567505,1.6989091634750366,-0.1294727474451065,-0.471676766872406,-0.9327788352966309,-0.5507099032402039,-0.42612195014953613,1.709153175354004,0.045912183821201324,-0.5900000000000001,0.2284897416830063,-1.0065498352050781,0.03,-0.16024740040302277,0.18348808586597443,-0.22830058634281158,-0.07906529307365417,0.3428361117839813,0.9858188629150391
1.5770132541656494,-0.010327138006687164,0.4950982928276062,0.03769075870513916,-0.0452541783452034,-0.032850008457899094,-0.9977234601974487,-1.3967753648757935,0.17251622676849365,-0.31545567512512207,1.6499348878860474,-0.12284088134765625,-0.4564404785633087,-0.92739337682724,-0.5816304683685303,-0.4169254004955292,1.6913803815841675,0.05837276950478554,-0.5900000000000001,0.3406292200088501,-1.0095230340957642,0.03,-0.17186078429222107,0.13148736953735352,-0.22240741550922394,-0.08494818210601807,0.3158136308193207,0.9838415384292603
1.5779335498809814,-0.010288838297128677,0.50055330991745,0.024618813768029213,-0.04597296938300133,-0.04317778721451759,-0.9977052807807922,-1.3557183742523193,0.15468686819076538,-0.2960173785686493,1.612601637840271,-0.11735325306653976,-0.45485684275627136,-0.931286096572876,-0.6125286817550659,-0.40032169222831726,1.6809284687042236,0.07326924800872803,-0.5900000000000001,0.447296142578125,-0.9924453496932983,0.03,-0.16408462822437286,0.09566674381494522,-0.21394677460193634,-0.10023768246173859,0.2724594473838806,0.9740591645240784
1.5790103673934937,-0.010025105439126492,0.5041354298591614,0.012978161685168743,-0.04828527197241783,-0.05586913600564003,-0.9971853494644165,-1.3290326595306396,0.13205191493034363,-0.29087504744529724,1.5817114114761353,-0.11491147428750992,-0.4429226517677307,-0.9410909414291382,-0.6421158909797668,-0.3810221552848816,1.6774132251739502,0.09121166169643402,-0.5900000000000001,0.5446624159812927,-0.957512378692627,0.03,-0.12940837442874908,0.07052382081747055,-0.20555581152439117,-0.12042194604873657,0.21051830053329468,0.9634443521499634
1.5804563760757446,-0.009601163677871227,0.505698025226593,0.0024990637321025133,-0.051950447261333466,-0.0708308070898056,-0.9961314797401428,-1.311373233795166,0.10572927445173264,-0.29336118698120117,1.5519481897354126,-0.12015828490257263,-0.41400739550590515,-0.9552971720695496,-0.6740493178367615,-0.3609318137168884,1.6817563772201538,0.11158522218465805,-0.5900000000000001,0.6297022700309753,-0.9052966833114624,0.03,-0.061475373804569244,0.05615397170186043,-0.19787859916687012,-0.14350669085979462,0.13830852508544922,0.950021505355835
1.5822484493255615,-0.008603337220847607,0.5052559971809387,-0.007715154904872179,-0.05696425959467888,-0.08714427798986435,-0.9945356249809265,-1.2979902029037476,0.07308787107467651,-0.2930958569049835,1.533225178718567,-0.13395649194717407,-0.3962208330631256,-0.9801124334335327,-0.7081116437911987,-0.33141571283340454,1.694254994392395,0.1357412040233612,-0.5900000000000001,0.6999172568321228,-0.8341195583343506,0.037532757967710495,0.04213717207312584,0.05414804443717003,-0.19105137884616852,-0.1689913272857666,0.06907004117965698,0.9222620725631714
1.584326148033142,-0.006836140528321266,0.5032121539115906,-0.017465731129050255,-0.06275678426027298,-0.1025872454047203,-0.9925886392593384,-1.2856390476226807,0.03620108217000961,-0.28394490480422974,1.5286200046539307,-0.15476378798484802,-0.4069767892360687,-1.0178896188735962,-0.7393898963928223,-0.28670889139175415,1.7125924825668335,0.16498619318008423,-0.5900000000000001,0.7570805549621582,-0.7453280091285706,0.13158726692199707,0.1772971749305725,0.07415194809436798,-0.1875385195016861,-0.19529849290847778,0.015856916084885597,0.8673738837242126
1.5869871377944946,-0.004134419374167919,0.5006130337715149,-0.026469377800822258,-0.06777849048376083,-0.11464973539113998,-0.9907374978065491,-1.2795848846435547,-0.0011636801064014435,-0.27313220500946045,1.52647066116333,-0.18060316145420074,-0.40935564041137695,-1.0604279041290283,-0.7663720846176147,-0.23328931629657745,1.730993628501892,0.19155831634998322,-0.5900000000000001,0.8082818984985352,-0.6434481739997864,0.22001053392887115,0.32646632194519043,0.1281309425830841,-0.1896611750125885,-0.2192501276731491,-0.020931774750351906,0.7885603308677673
1.5897796154022217,-0.0013489611446857452,0.498141884803772,-0.03322644531726837,-0.07234940677881241,-0.12265165150165558,-0.9892512559890747,-1.2811365127563477,-0.027246838435530663,-0.26112160086631775,1.5338319540023804,-0.17885340750217438,-0.4163288176059723,-1.1008172035217285,-0.7832015156745911,-0.18100741505622864,1.7462886571884155,0.2156357765197754,-0.5900000000000001,0.8578867316246033,-0.5381879806518555,0.29535454511642456,0.46854445338249207,0.21329952776432037,-0.20263643562793732,-0.2382310926914215,-0.04430640488862991,0.6930593252182007
1.5924184322357178,0.0013223318383097649,0.49547505378723145,-0.03792211040854454,-0.0767507255077362,-0.12820376455783844,-0.9880460500717163,-1.2868105173110962,-0.0433109849691391,-0.2472163438796997,1.5433862209320068,-0.166573166847229,-0.42354676127433777,-1.1378284692764282,-0.7930569052696228,-0.13360998034477234,1.7601391077041626,0.23697946965694427,-0.5900000000000001,0.9046952724456787,-0.433787077665329,0.3514000475406647,0.5889887809753418,0.31263232231140137,-0.22490358352661133,-0.2518274486064911,-0.06035939231514931,0.5802003741264343
1.5948436260223389,0.004149656742811203,0.49226856231689453,-0.04159966856241226,-0.08064740151166916,-0.13259804248809814,-0.9870070815086365,-1.2949278354644775,-0.05797617882490158,-0.23702089488506317,1.5575803518295288,-0.16053327918052673,-0.4330153167247772,-1.1747512817382812,-0.7996107935905457,-0.08583647757768631,1.7750297784805298,0.24,-0.5900000000000001,0.9471691250801086,-0.3316713273525238,0.38534146547317505,0.6793827414512634,0.4160323143005371,-0.2526540756225586,-0.2605217695236206,-0.07867621630430222,0.45252612233161926
1.5971559286117554,0.007210335694253445,0.48821231722831726,-0.04471712186932564,-0.08369240164756775,-0.13651518523693085,-0.986082911491394,-1.3045248985290527,-0.06,-0.23043690621852875,1.5770765542984009,-0.15835309028625488,-0.44507402181625366,-1.2124229669570923,-0.8050079345703125,-0.035621367394924164,1.7927770614624023,0.24,-0.5900000000000001,0.9835087060928345,-0.23304328322410583,0.39840397238731384,0.7392334342002869,0.5172959566116333,-0.2830594480037689,-0.2669094204902649,-0.104586161673069,0.3163840174674988
1.5992153882980347,0.010570615530014038,0.4836645722389221,-0.04684791713953018,-0.08611082285642624,-0.1410595178604126,-0.9851356148719788,-1.3159587383270264,-0.06,-0.22825837135314941,1.6000183820724487,-0.1611429899930954,-0.457924485206604,-1.2520958185195923,-0.8123805522918701,0.015403044410049915,1.8149995803833008,0.24,-0.5900000000000001,1.010051965713501,-0.13937878608703613,0.3901841938495636,0.7751739025115967,0.6081995368003845,-0.3140987157821655,-0.2746242880821228,-0.13918665051460266,0.17785757780075073
1.600811243057251,0.013937236741185188,0.47886788845062256,-0.047133684158325195,-0.08846811205148697,-0.1458645910024643,-0.9842129945755005,-1.331170678138733,-0.06,-0.2310284674167633,1.6249641180038452,-0.16613751649856567,-0.469865083694458,-1.289406657218933,-0.8195481300354004,0.06012720987200737,1.8383389711380005,0.24,-0.5900000000000001,1.0257937908172607,-0.054684944450855255,0.3598368763923645,0.7956350445747375,0.682743489742279,-0.3443954288959503,-0.28368568420410156,-0.1802476942539215,0.039617184549570084
1.6018943786621094,0.016982242465019226,0.47336307168006897,-0.046036943793296814,-0.09122832119464874,-0.1504908800125122,-0.9833160638809204,-1.3518635034561157,-0.06,-0.2367212176322937,1.652575969696045,-0.17009590566158295,-0.4805397391319275,-1.3223326206207275,-0.8252503275871277,0.09584292769432068,1.860892415046692,0.24,-0.5900000000000001,1.0294417142868042,0.019094569608569145,0.3077865540981293,0.8083164095878601,0.7376114726066589,-0.3717062771320343,-0.29163146018981934,-0.21996010839939117,-0.09811589866876602
1.6026235818862915,0.019419103860855103,0.4674660861492157,-0.04296077787876129,-0.09425012767314911,-0.15436753630638123,-0.9825690388679504,-1.3774865865707397,-0.06,-0.2454199343919754,1.681699514389038,-0.16962134838104248,-0.4896392524242401,-1.3563873767852783,-0.8259730339050293,0.12962129712104797,1.8880187273025513,0.24,-0.5900000000000001,1.0215827226638794,0.08008222281932831,0.23752734065055847,0.8182671070098877,0.7712259888648987,-0.3948940336704254,-0.29569998383522034,-0.2527388334274292,-0.14999999999999997
1.6032074689865112,0.021248772740364075,0.4611760675907135,-0.03896258771419525,-0.09695244580507278,-0.15815234184265137,-0.9818705320358276,-1.4052683115005493,-0.06,-0.25450292229652405,1.711368441581726,-0.16259832680225372,-0.49713221192359924,-1.3919360637664795,-0.8241690397262573,0.1644669622182846,1.919919729232788,0.24,-0.5900000000000001,1.0015379190444946,0.12569481134414673,0.15967915952205658,0.8262333869934082,0.7892308235168457,-0.41097959876060486,-0.29496973752975464,-0.27580952644348145,-0.14999999999999997
1.6035979986190796,0.022435951977968216,0.45478805899620056,-0.035392750054597855,-0.09821947664022446,-0.16206054389476776,-0.981242299079895,-1.4307105541229248,-0.06,-0.2599988579750061,1.7393172979354858,-0.1463780403137207,-0.5026575326919556,-1.4263653755187988,-0.8223124146461487,0.20079314708709717,1.9542418718338013,0.24,-0.5900000000000001,0.9705370664596558,0.15433697402477264,0.08679933100938797,0.8305933475494385,0.7916693687438965,-0.4284075200557709,-0.29348286986351013,-0.2896491289138794,-0.14999999999999997
1.603681206703186,0.023563826456665993,0.44856011867523193,-0.032541368156671524,-0.10000354051589966,-0.16569489240646362,-0.9805536866188049,-1.457263708114624,-0.06,-0.2630971372127533,1.766257882118225,-0.13251043856143951,-0.5068430304527283,-1.4630903005599976,-0.8192844390869141,0.23878267407417297,1.985868215560913,0.24,-0.5900000000000001,0.9332596063613892,0.16603055596351624,0.03,0.8293816447257996,0.7779524326324463,-0.427715927362442,-0.27972647547721863,-0.30416345596313477,-0.14999999999999997
1.6031899452209473,0.024903252720832825,0.4425967335700989,-0.030231527984142303,-0.10291104018688202,-0.16782721877098083,-0.9799639582633972,-1.4843406677246094,-0.06,-0.26714026927948,1.791159749031067,-0.1293228268623352,-0.5100693106651306,-1.5016670227050781,-0.8115705251693726,0.2768748998641968,2.0122427940368652,0.24,-0.5900000000000001,0.892586886882782,0.16521844267845154,0.03,0.8266969919204712,0.7526758909225464,-0.4170803725719452,-0.25422403216362,-0.31765103340148926,-0.14999999999999997
1.6023850440979004,0.026202738285064697,0.4366368353366852,-0.02780849300324917,-0.10640539973974228,-0.16795623302459717,-0.9796402454376221,-1.5130099058151245,-0.06,-0.2705705165863037,1.8157973289489746,-0.12725770473480225,-0.5132400989532471,-1.5372490882873535,-0.7982802391052246,0.3105383515357971,2.035196542739868,0.24,-0.5900000000000001,0.8497810959815979,0.157058447599411,0.03,0.8260798454284668,0.724306046962738,-0.4046288728713989,-0.21873465180397034,-0.3304605484008789,-0.14999999999999997
1.6014903783798218,0.027376027777791023,0.4304952919483185,-0.02515467442572117,-0.10979419201612473,-0.16680805385112762,-0.9795342683792114,-1.5430495738983154,-0.06,-0.27356836199760437,1.8416547775268555,-0.12330976128578186,-0.5167906880378723,-1.5680854320526123,-0.7814894914627075,0.3394123613834381,2.056795597076416,0.24,-0.5900000000000001,0.8050041198730469,0.14718979597091675,0.03,0.8285728693008423,0.6965000629425049,-0.3919307589530945,-0.17569968104362488,-0.3470469117164612,-0.14999999999999997
1.6006178855895996,0.02841390296816826,0.4240071475505829,-0.022384831681847572,-0.11268540471792221,-0.16499239206314087,-0.9795807600021362,-1.5739392042160034,-0.06,-0.2765967845916748,1.8693547248840332,-0.11740542203187943,-0.5208338499069214,-1.5958200693130493,-0.7631762027740479,0.36594682931900024,2.078995704650879,0.24,-0.5900000000000001,0.7596825361251831,0.1407235711812973,0.03,0.8347024321556091,0.6682509183883667,-0.37730273604393005,-0.12791898846626282,-0.3727606236934662,-0.14999999999999997
1.5998245477676392,0.029320918023586273,0.4169761538505554,-0.01954951137304306,-0.11484149843454361,-0.16291064023971558,-0.9797393679618835,-1.605448603630066,-0.06,-0.2805383503437042,1.8994686603546143,-0.11081251502037048,-0.5254236459732056,-1.6218098402023315,-0.7457225322723389,0.39098501205444336,2.102755546569824,0.24,-0.5900000000000001,0.7158997654914856,0.14049741625785828,0.03,0.8448061943054199,0.6383326649665833,-0.36051952838897705,-0.07935722917318344,-0.4094507396221161,-0.14999999999999997
1.5991652011871338,0.030165331438183784,0.4092743992805481,-0.01682385243475437,-0.11591579020023346,-0.1604890525341034,-0.9800630807876587,-1.636614441871643,-0.06,-0.28588399291038513,1.9324913024902344,-0.10539508610963821,-0.531132698059082,-1.6448370218276978,-0.7310727834701538,0.4135267734527588,2.127084255218506,0.24,-0.5900000000000001,0.6763248443603516,0.1466788947582245,0.03,0.8590659499168396,0.6074486970901489,-0.34196242690086365,-0.03472485393285751,-0.4548550248146057,-0.104137122631073
1.5986112356185913,0.031113969162106514,0.4008790850639343,-0.014573507010936737,-0.11584837734699249,-0.15727785229682922,-0.9806274771690369,-1.6664304733276367,-0.06,-0.2921469509601593,1.9683325290679932,-0.10318770259618759,-0.5385406613349915,-1.6642576456069946,-0.7200767397880554,0.43380510807037354,2.1498420238494873,0.24,-0.5900000000000001,0.6433848142623901,0.15775007009506226,0.05195469409227371,0.8762018084526062,0.5773269534111023,-0.32184600830078125,-0.03,-0.5036048889160156,-0.02865314483642578
1.598158836364746,0.032174430787563324,0.39299777150154114,-0.011062818579375744,-0.11512576788663864,-0.15308821201324463,-0.9814211130142212,-1.6943200826644897,-0.06,-0.3032902479171753,2.003554105758667,-0.1048535630106926,-0.5466297268867493,-1.6910643577575684,-0.7050477862358093,0.46159589290618896,2.1599999999999997,0.24,-0.5900000000000001,0.6184866428375244,0.16858996450901031,0.09653852134943008,0.8931616544723511,0.5512643456459045,-0.3021824061870575,-0.03,-0.5508682727813721,0.05237827077507973
1.5974812507629395,0.03378451615571976,0.3852960169315338,-0.008481457829475403,-0.11418628692626953,-0.14792625606060028,-0.982347846031189,-1.7183139324188232,-0.06,-0.3134818375110626,2.036921501159668,-0.11433492600917816,-0.5554478764533997,-1.7168432474136353,-0.6940539479255676,0.4898728132247925,2.1599999999999997,0.24,-0.5900000000000001,0.6014243960380554,0.17787614464759827,0.1375550776720047,0.9040866494178772,0.5339553356170654,-0.28299206495285034,-0.03,-0.5908225178718567,0.13002578914165497
1.596551775932312,0.03598601743578911,0.3783729672431946,-0.006808369420468807,-0.11327356845140457,-0.1419612616300583,-0.983346164226532,-1.7366153001785278,-0.06,-0.322435587644577,2.066060781478882,-0.13271108269691467,-0.5647681355476379,-1.744367241859436,-0.686453104019165,0.5195398330688477,2.1599999999999997,0.24,-0.5900000000000001,0.5909811854362488,0.18446382880210876,0.16911087930202484,0.905540943145752,0.5275323987007141,-0.26802879571914673,-0.03,-0.6204708814620972,0.19668608903884888
1.5956114530563354,0.03844437003135681,0.37274688482284546,-0.0059341201558709145,-0.11226071417331696,-0.13453878462314606,-0.9845107793807983,-1.7515918016433716,-0.06,-0.32779407501220703,2.092839479446411,-0.1490069180727005,-0.575001060962677,-1.7714000940322876,-0.6802282333374023,0.5464755892753601,2.1599999999999997,0.24,-0.5900000000000001,0.58669513463974,0.18919213116168976,0.18811939656734467,0.8947622179985046,0.5341989398002625,-0.26192036271095276,-0.03,-0.6350385546684265,0.24542446434497833
1.5949777364730835,0.040361188352108,0.3684925436973572,-0.005712042562663555,-0.11091900616884232,-0.1267261952161789,-0.9857001304626465,-1.763081669807434,-0.06,-0.3272241950035095,2.114564895629883,-0.15079042315483093,-0.5854185223579407,-1.7958147525787354,-0.6781689524650574,0.5695712566375732,2.1599999999999997,0.24,-0.5900000000000001,0.584624707698822,0.19266925752162933,0.19381894171237946,0.8702315092086792,0.5539882779121399,-0.2686597406864166,-0.03,-0.6288007497787476,0.27318230271339417
1.5944678783416748,0.04178400710225105,0.3657521903514862,-0.006280138622969389,-0.10952188074588776,-0.1197289228439331,-0.9867269992828369,-1.7696505784988403,-0.06,-0.32216572761535645,2.1291468143463135,-0.1446254998445511,-0.5900000000000001,-1.8195288181304932,-0.6825405955314636,0.5882272124290466,2.1599999999999997,0.24,-0.5900000000000001,0.581609308719635,0.1944911628961563,0.18473485112190247,0.8341834545135498,0.5848309993743896,-0.28964293003082275,-0.03,-0.5996748208999634,0.28239133954048157
1.5939319133758545,0.04273224249482155,0.3645572066307068,-0.007367858663201332,-0.10835348814725876,-0.11368247121572495,-0.9875633120536804,-1.7719244956970215,-0.06,-0.31418800354003906,2.1364691257476807,-0.13398979604244232,-0.5900000000000001,-1.84205961227417,-0.6928472518920898,0.6013683080673218,2.1599999999999997,0.24,-0.5900000000000001,0.5777689814567566,0.19366583228111267,0.16281186044216156,0.7937352061271667,0.6241759061813354,-0.32319995760917664,-0.03,-0.5506702065467834,0.2796032130718231
1.5933005809783936,0.043248098343610764,0.36469486355781555,-0.008484371937811375,-0.10756924003362656,-0.10787571221590042,-0.9882912039756775,-1.7713677883148193,-0.06,-0.30521249771118164,2.1379287242889404,-0.12065425515174866,-0.5900000000000001,-1.8625909090042114,-0.7058944702148438,0.6072331666946411,2.1599999999999997,0.24,-0.5900000000000001,0.5754997730255127,0.1905551254749298,0.1335238516330719,0.7543335556983948,0.6691576838493347,-0.3653580844402313,-0.03,-0.48866409063339233,0.27016961574554443
1.5927796363830566,0.04307069256901741,0.3660118579864502,-0.008752930909395218,-0.10690398514270782,-0.10261224210262299,-0.9889214634895325,-1.768514633178711,-0.06,-0.29950958490371704,2.13464093208313,-0.10665164142847061,-0.5900000000000001,-1.8796359300613403,-0.7168605923652649,0.6055028438568115,2.1599999999999997,0.24,-0.5900000000000001,0.5743795037269592,0.18691164255142212,0.10442682355642319,0.7196391224861145,0.7165582180023193,-0.411281555891037,-0.03,-0.42087802290916443,0.2537926137447357
1.592288851737976,0.042715851217508316,0.3681359589099884,-0.009039148688316345,-0.10607374459505081,-0.09926071017980576,-0.9893501400947571,-1.7614612579345703,-0.06,-0.29788222908973694,2.128079414367676,-0.10425189882516861,-0.5900000000000001,-1.889845371246338,-0.7276012897491455,0.598983108997345,2.1599999999999997,0.24,-0.5900000000000001,0.5705298185348511,0.1860387623310089,0.07787348330020905,0.6930387616157532,0.7607834339141846,-0.45503339171409607,-0.03,-0.34984132647514343,0.22533541917800903
1.591742753982544,0.04238564893603325,0.37071263790130615,-0.009501039981842041,-0.1051868423819542,-0.09677474200725555,-0.989686906337738,-1.7509557008743286,-0.06,-0.2987658679485321,2.1191446781158447,-0.11094019562005997,-0.5900000000000001,-1.8931012153625488,-0.7341897487640381,0.5912970900535583,2.1599999999999997,0.24,-0.5900000000000001,0.5650091767311096,0.1878628432750702,0.055501967668533325,0.6758243441581726,0.7982037663459778,-0.4944789707660675,-0.03,-0.27608412504196167,0.1846432238817215
1.5913870334625244,0.041803132742643356,0.3730899691581726,-0.010356301441788673,-0.1042800322175026,-0.09512968361377716,-0.9899336099624634,-1.7409712076187134,-0.06,-0.2983335256576538,2.11039137840271,-0.11526579409837723,-0.5900000000000001,-1.889339804649353,-0.7388980984687805,0.5818521976470947,2.1599999999999997,0.24,-0.5900000000000001,0.5568546056747437,0.1910170465707779,0.038920894265174866,0.667621910572052,0.826404869556427,-0.5295803546905518,-0.03,-0.19976197183132172,0.1374530792236328
1.5911856889724731,0.040979333221912384,0.37501317262649536,-0.011383987963199615,-0.10376372188329697,-0.09501726925373077,-0.9899874925613403,-1.732908010482788,-0.06,-0.29762154817581177,2.1019651889801025,-0.11796891689300537,-0.5900000000000001,-1.8832066059112549,-0.7421417236328125,0.574049174785614,2.1599999999999997,0.24,-0.5900000000000001,0.5445349216461182,0.1936279982328415,0.03,0.6668526530265808,0.841565728187561,-0.5616470575332642,-0.03,-0.12339310348033905,0.08972600847482681
1.5911747217178345,0.03995003178715706,0.37642380595207214,-0.012388141825795174,-0.10334126651287079,-0.09650043398141861,-0.9898760914802551,-1.726212739944458,-0.06,-0.2984110116958618,2.094583034515381,-0.12195823341608047,-0.5900000000000001,-1.8743621110916138,-0.7450469732284546,0.5675824284553528,2.1599999999999997,0.24,-0.5900000000000001,0.5277453660964966,0.19530810415744781,0.03,0.6721628904342651,0.8413683176040649,-0.5901364684104919,-0.03,-0.050719428807497025,0.0463554672896862
1.5913958549499512,0.0387113019824028,0.3773706555366516,-0.013307283632457256,-0.10249434411525726,-0.09947096556425095,-0.9896582365036011,-1.719456672668457,-0.06,-0.3016528785228729,2.088503122329712,-0.12846198678016663,-0.5900000000000001,-1.8620110750198364,-0.7488267421722412,0.5619354844093323,2.1599999999999997,0.24,-0.5900000000000001,0.5063220858573914,0.19636717438697815,0.03,0.6832919120788574,0.8248274326324463,-0.6131181716918945,-0.03,0.013914793729782104,0.014101934619247913
1.5918164253234863,0.03724730759859085,0.3779178559780121,-0.01436692290008068,-0.10094492137432098,-0.1036822646856308,-0.9893702864646912,-1.7116047143936157,-0.06,-0.3069249093532562,2.0835390090942383,-0.13751529157161713,-0.5900000000000001,-1.847158432006836,-0.7539105415344238,0.5578434467315674,2.1599999999999997,0.24,-0.5900000000000001,0.48050400614738464,0.19726663827896118,0.03,0.6998144388198853,0.7918108105659485,-0.6289955973625183,-0.03,0.06629675626754761,0.002139850752428174
1.5922356843948364,0.03575112670660019,0.3785777986049652,-0.015502064488828182,-0.09870592504739761,-0.10823145508766174,-0.9890917539596558,-1.7015312910079956,-0.06,-0.3134162127971649,2.078317403793335,-0.14922787249088287,-0.5900000000000001,-1.8333016633987427,-0.7570068836212158,0.5585730671882629,2.1599999999999997,0.24,-0.5900000000000001,0.4519200026988983,0.19816116988658905,0.04069707542657852,0.7205749750137329,0.7437654733657837,-0.6370569467544556,-0.039468761533498764,0.10362197458744049,0.01701260916888714
1.5925321578979492,0.03441256284713745,0.37975695729255676,-0.017037779092788696,-0.09544095396995544,-0.11338555812835693,-0.9888094663619995,-1.6871505975723267,-0.06,-0.3192863166332245,2.0712783336639404,-0.16332565248012543,-0.5898661613464355,-1.816253423690796,-0.7619267106056213,0.5594609975814819,2.1599999999999997,0.24,-0.5900000000000001,0.4207756817340851,0.19832921028137207,0.057444773614406586,0.7414665818214417,0.6856470108032227,-0.6354981660842896,-0.05551723763346672,0.12357841432094574,0.06069302558898926
1.592625617980957,0.03315127640962601,0.3817753195762634,-0.0188889279961586,-0.0914408415555954,-0.11878930032253265,-0.9885194897651672,-1.6689000129699707,-0.06,-0.32376399636268616,2.0614144802093506,-0.17745591700077057,-0.5865607261657715,-1.7940442562103271,-0.7681783437728882,0.5569975972175598,2.1599999999999997,0.24,-0.5900000000000001,0.3892049491405487,0.1954188495874405,0.07810100167989731,0.7589793801307678,0.622650146484375,-0.6241551637649536,-0.06934371590614319,0.12564624845981598,0.12835365533828735
1.5924960374832153,0.031958360224962234,0.3848509192466736,-0.020799338817596436,-0.08708438277244568,-0.1238686740398407,-0.9882510304450989,-1.6474050283432007,-0.06,-0.3263361155986786,2.04744291305542,-0.18948675692081451,-0.5817349553108215,-1.765228271484375,-0.7754660248756409,0.5474088191986084,2.1599999999999997,0.24,-0.5900000000000001,0.3594896197319031,0.1889706701040268,0.10050249844789505,0.770402193069458,0.5585272312164307,-0.6040717363357544,-0.08174911141395569,0.11231911927461624,0.21095359325408936
1.5924110412597656,0.030767545104026794,0.3891352713108063,-0.022258490324020386,-0.08221624046564102,-0.1285659521818161,-0.9880363941192627,-1.622305154800415,-0.06,-0.32796263694763184,2.0296080112457275,-0.19737303256988525,-0.5768270492553711,-1.7321056127548218,-0.7890798449516296,0.5290974974632263,2.15720796585083,0.24,-0.5900000000000001,0.3326912224292755,0.1792183369398117,0.12312546372413635,0.7741732597351074,0.4961912930011749,-0.5758470892906189,-0.09310225397348404,0.0870436280965805,0.29974204301834106
1.5925230979919434,0.029637262225151062,0.3945486545562744,-0.02362172305583954,-0.07659522444009781,-0.1318354606628418,-0.9880256056785583,-1.5926485061645508,-0.06,-0.3271888196468353,2.0086710453033447,-0.19966572523117065,-0.5734850168228149,-1.6926751136779785,-0.806969404220581,0.5002659559249878,2.139147996902466,0.24,-0.5900000000000001,0.3113960921764374,0.16579096019268036,0.14398609101772308,0.7676021456718445,0.4405358135700226,-0.5417660474777222,-0.10361814498901367,0.054780423641204834,0.39065271615982056
1.5926787853240967,0.028668001294136047,0.4012090861797333,-0.025658132508397102,-0.07039624452590942,-0.13376320898532867,-0.988176703453064,-1.5577638149261475,-0.06,-0.32151228189468384,1.983349084854126,-0.19724442064762115,-0.5709303021430969,-1.6458897590637207,-0.8237423896789551,0.4652651250362396,2.115079164505005,0.24,-0.5900000000000001,0.2955947816371918,0.14678950607776642,0.1609039604663849,0.7462948560714722,0.3995383679866791,-0.505695104598999,-0.11305829882621765,0.020409636199474335,0.4797203838825226
1.5929131507873535,0.027812235057353973,0.40909212827682495,-0.028596868738532066,-0.06360410898923874,-0.1350419521331787,-0.9883825778961182,-1.5172843933105469,-0.06,-0.3104836046695709,1.952941656112671,-0.1904347985982895,-0.5681599974632263,-1.5922387838363647,-0.841037929058075,0.4247806668281555,2.0849761962890625,0.24,-0.5900000000000001,0.2837774455547333,0.12269522249698639,0.17159919440746307,0.7092055082321167,0.3729887306690216,-0.47085121273994446,-0.12041430920362473,-0.012642652727663517,0.5626232624053955
1.5931785106658936,0.02703247219324112,0.41805940866470337,-0.03240537643432617,-0.05633855238556862,-0.13597619533538818,-0.9885779619216919,-1.4717187881469727,-0.06,-0.294851690530777,1.9174121618270874,-0.18086661398410797,-0.5643237829208374,-1.5317027568817139,-0.8589766621589661,0.37854766845703125,2.0492286682128906,0.24,-0.5900000000000001,0.27473562955856323,0.0961531475186348,0.17468787729740143,0.6602422595024109,0.3554583191871643,-0.44011080265045166,-0.12500743567943573,-0.041532184928655624,0.637798547744751
1.5934468507766724,0.026249906048178673,0.42800357937812805,-0.036887262016534805,-0.04864904284477234,-0.13575893640518188,-0.9888589382171631,-1.4214141368865967,-0.06,-0.2755771577358246,1.8772120475769043,-0.17002712190151215,-0.5596358776092529,-1.463510513305664,-0.8753564357757568,0.32538551092147827,2.0079362392425537,0.24,-0.5900000000000001,0.2688993513584137,0.0705871656537056,0.17072750627994537,0.606360137462616,0.3444110155105591,-0.4160614311695099,-0.12589070200920105,-0.061477381736040115,0.7035380601882935
1.5936557054519653,0.025323865935206413,0.438919335603714,-0.04186717048287392,-0.04075010120868683,-0.1336084008216858,-0.9893104434013367,-1.3667737245559692,-0.06,-0.25348353385925293,1.8321759700775146,-0.15993370115756989,-0.5539189577102661,-1.3876707553863525,-0.8878525495529175,0.2645800709724426,1.9609410762786865,0.24,-0.5900000000000001,0.2662349045276642,0.04755301773548126,0.16135728359222412,0.5549662113189697,0.3418389558792114,-0.4028240442276001,-0.12175153195858002,-0.06625272333621979,0.7590711116790771
1.5939818620681763,0.02376360259950161,0.45119214057922363,-0.04652869328856468,-0.03231463581323624,-0.130016028881073,-0.9898922443389893,-1.3067001104354858,-0.06,-0.2319062203168869,1.7805145978927612,-0.15222184360027313,-0.5458454489707947,-1.3044276237487793,-0.8961297869682312,0.19703325629234314,1.9118931293487549,0.24,-0.5900000000000001,0.26500868797302246,0.027026081457734108,0.15057867765426636,0.51044100522995,0.3519170582294464,-0.40176787972450256,-0.10976879298686981,-0.05376991257071495,0.803318977355957
1.5947942733764648,0.021443095058202744,0.46482646465301514,-0.0511334203183651,-0.02282283827662468,-0.12568584084510803,-0.9904884696006775,-1.2389440536499023,-0.0540081225335598,-0.2110256552696228,1.7216213941574097,-0.1484208106994629,-0.5355300307273865,-1.2113150358200073,-0.9069294929504395,0.11805697530508041,1.8612008094787598,0.24,-0.5900000000000001,0.2641649842262268,0.010165341198444366,0.14109981060028076,0.4741910398006439,0.3759465217590332,-0.4122082591056824,-0.08883541822433472,-0.024729536846280098,0.83575439453125
1.5958739519119263,0.018513299524784088,0.4796639382839203,-0.05612174794077873,-0.013397368602454662,-0.11886146664619446,-0.9912329316139221,-1.1654345989227295,-0.028689172118902206,-0.18835991621017456,1.655439853668213,-0.1517876833677292,-0.5230205059051514,-1.1115086078643799,-0.9162672162055969,0.027686655521392822,1.8050378561019897,0.24,-0.5900000000000001,0.2680674195289612,-0.0030995153356343508,0.13415318727493286,0.44534268975257874,0.4107368290424347,-0.43604204058647156,-0.05980517715215683,0.018323587253689766,0.8593122959136963
1.5971040725708008,0.014994088560342789,0.4956102669239044,-0.06134862080216408,-0.004863944835960865,-0.10922801494598389,-0.9921098351478577,-1.0880309343338013,-0.0029998638201504946,-0.16397641599178314,1.5816148519515991,-0.16572077572345734,-0.5075764656066895,-1.0112971067428589,-0.9204294085502625,-0.0679008886218071,1.7435472011566162,0.24,-0.5900000000000001,0.27855348587036133,-0.013158115558326244,0.13194793462753296,0.42074868083000183,0.45199498534202576,-0.47271856665611267,-0.03,0.06997215747833252,0.8773465156555176
1.5983457565307617,0.011059622280299664,0.5122808218002319,-0.06680189073085785,0.0020872168242931366,-0.09756189584732056,-0.9929827451705933,-1.0093555450439453,0.020061425864696503,-0.1386779248714447,1.5009640455245972,-0.19351600110530853,-0.48865950107574463,-0.9167770147323608,-0.9181941747665405,-0.16118505597114563,1.6777623891830444,0.24,-0.5900000000000001,0.295566588640213,-0.020922815427184105,0.1343408226966858,0.3979351818561554,0.4939219355583191,-0.5177391171455383,-0.03,0.12273188680410385,0.8887212872505188
1.599462628364563,0.006973568350076675,0.5290306806564331,-0.07230043411254883,0.006952578667551279,-0.08546967059373856,-0.9936895966529846,-0.9327887296676636,0.037241753190755844,-0.11532067507505417,1.4151687622070312,-0.23329682648181915,-0.4660721719264984,-0.8325565457344055,-0.9102259874343872,-0.2462748885154724,1.609653115272522,0.24,-0.5900000000000001,0.31657472252845764,-0.02711806446313858,0.14001744985580444,0.37657272815704346,0.5305606722831726,-0.5650631189346313,-0.03,0.17000199854373932,0.8917362689971924
1.6004259586334229,0.0031089289113879204,0.5452022552490234,-0.07714054733514786,0.009696966037154198,-0.07423698902130127,-0.9942052364349365,-0.8605972528457642,0.046486109495162964,-0.10231004655361176,1.3220951557159424,-0.24,-0.4365270733833313,-0.7580538988113403,-0.8977310061454773,-0.32339027523994446,1.5409172773361206,0.24,-0.5900000000000001,0.3388238251209259,-0.03188597410917282,0.14864513278007507,0.35750606656074524,0.5601637959480286,-0.6086362600326538,-0.03,0.2088007628917694,0.8837955594062805
1.6014870405197144,-0.0001935986801981926,0.560286283493042,-0.08031392842531204,0.010816055350005627,-0.06399764865636826,-0.9946540594100952,-0.7980114221572876,0.04914776235818863,-0.10824894160032272,1.2258436679840088,-0.24,-0.3924965262413025,-0.6890614628791809,-0.8808364868164062,-0.39640143513679504,1.4724020957946777,0.24,-0.5900000000000001,0.3612312078475952,-0.03371204063296318,0.1601824313402176,0.34297478199005127,0.5833152532577515,-0.643943727016449,-0.03,0.2382250726222992,0.8622846007347107
1.6029646396636963,-0.0027289651334285736,0.5742167234420776,-0.081400066614151,0.011049834080040455,-0.05428501218557358,-0.9951406717300415,-0.748574435710907,0.04809807240962982,-0.13373316824436188,1.1411081552505493,-0.24,-0.35792672634124756,-0.6228787899017334,-0.8588855266571045,-0.46607649326324463,1.403682827949524,0.22545377910137177,-0.5900000000000001,0.3839924931526184,-0.030349699780344963,0.17298980057239532,0.33376774191856384,0.599937915802002,-0.6687002778053284,-0.03,0.26076486706733704,0.827215313911438
1.6048979759216309,-0.0044067599810659885,0.5872532725334167,-0.08092764019966125,0.010930635966360569,-0.044407881796360016,-0.9956701993942261,-0.7059446573257446,0.045834533870220184,-0.1693483144044876,1.0626630783081055,-0.24,-0.32794317603111267,-0.5613635182380676,-0.8323950171470642,-0.5289283394813538,1.3337775468826294,0.20294462144374847,-0.559674084186554,0.4092821180820465,-0.02295420691370964,0.18400856852531433,0.32566046714782715,0.6127839684486389,-0.6832759976387024,-0.03,0.28344953060150146,0.7817028164863586
1.6072101593017578,-0.00523781031370163,0.5994601845741272,-0.07952506095170975,0.010707521811127663,-0.03353194147348404,-0.9962111711502075,-0.6613878607749939,0.04445953667163849,-0.20542949438095093,0.9799387454986572,-0.24,-0.2875204384326935,-0.5081331729888916,-0.8023540377616882,-0.58050137758255,1.262905478477478,0.18104492127895355,-0.5272189378738403,0.4390377700328827,-0.014386387541890144,0.1917394995689392,0.3143334686756134,0.6231545209884644,-0.6908451318740845,-0.03,0.30841872096061707,0.7356829643249512
1.609849452972412,-0.005486520007252693,0.6107841730117798,-0.07725373655557632,0.010184782557189465,-0.021518953144550323,-0.9967271089553833,-0.6117681264877319,0.04441181570291519,-0.23639893531799316,0.8905074596405029,-0.24,-0.2437049001455307,-0.4658137261867523,-0.7682164907455444,-0.6163263916969299,1.192635178565979,0.16536647081375122,-0.4943546652793884,0.46934738755226135,-0.00590020464733243,0.19843222200870514,0.3009902536869049,0.6303735375404358,-0.6941065788269043,-0.03,0.3351663053035736,0.6973245143890381
1.6126503944396973,-0.005036318674683571,0.6210027933120728,-0.07474664598703384,0.00917399488389492,-0.00907783955335617,-0.9971189498901367,-0.5575912594795227,0.04171406105160713,-0.25752222537994385,0.7966737747192383,-0.24,-0.20052048563957214,-0.4349367618560791,-0.7334354519844055,-0.6361526250839233,1.1252423524856567,0.1577085554599762,-0.4619261920452118,0.49730193614959717,0.0020480577368289232,0.20443399250507355,0.289121150970459,0.628142237663269,-0.6913420557975769,-0.03,0.36125054955482483,0.6577102541923523
1.6154800653457642,-0.003671717830002308,0.6297807097434998,-0.07295306026935577,0.00725405290722847,0.004354206379503012,-0.9972994327545166,-0.500430703163147,0.03632199391722679,-0.26317715644836426,0.7038434147834778,-0.24,-0.18171198666095734,-0.4190483093261719,-0.7022490501403809,-0.6392849087715149,1.0636940002441406,0.15228363871574402,-0.429887592792511,0.5223492980003357,0.007368337828665972,0.20893073081970215,0.28229841589927673,0.6110711693763733,-0.6807600855827332,-0.03,0.3836338222026825,0.610471785068512
1.61807382106781,-0.0014660004526376724,0.6368534564971924,-0.07218482345342636,0.004219021648168564,0.018419712781906128,-0.9972121119499207,-0.4417837858200073,0.03405993431806564,-0.25450217723846436,0.6081417202949524,-0.24,-0.18667250871658325,-0.4191563129425049,-0.675743043422699,-0.6234650611877441,1.011067509651184,0.14941686391830444,-0.40019434690475464,0.5416691303253174,0.007393769919872284,0.2116464376449585,0.2803599536418915,0.579094648361206,-0.6635088324546814,-0.03,0.40164846181869507,0.5575581192970276
1.6202590465545654,0.001050662249326706,0.6426566243171692,-0.07305040210485458,0.0006228538695722818,0.03168831765651703,-0.9968245029449463,-0.3951006531715393,0.0382041372358799,-0.22859559953212738,0.5304390788078308,-0.24,-0.17476698756217957,-0.42934322357177734,-0.6527364253997803,-0.5875407457351685,0.9657243490219116,0.15088509023189545,-0.3747628927230835,0.5505965948104858,0.0013666200684383512,0.21348129212856293,0.2784261107444763,0.5347589254379272,-0.6394758224487305,-0.03,0.41447994112968445,0.5035800933837891
1.6221176385879517,0.0034041041508316994,0.6474859714508057,-0.07591894268989563,-0.002229714533314109,0.041968248784542084,-0.9962278604507446,-0.35838180780410767,0.04190059378743172,-0.18814225494861603,0.4680921733379364,-0.24,-0.15015780925750732,-0.44005879759788513,-0.6346766352653503,-0.5370290875434875,0.9272094964981079,0.15957613289356232,-0.35571539402008057,0.5438671708106995,-0.010230734944343567,0.214980810880661,0.27390503883361816,0.47903019189834595,-0.6084595322608948,-0.03,0.4211336076259613,0.4512271285057068
1.623565673828125,0.0054053207859396935,0.6511547565460205,-0.0792752206325531,-0.004524220712482929,0.04900642856955528,-0.9956371188163757,-0.32610663771629333,0.04080510139465332,-0.15384672582149506,0.4108320474624634,-0.23187246918678284,-0.12541019916534424,-0.45113953948020935,-0.6176929473876953,-0.4765039086341858,0.8973186016082764,0.17180036008358002,-0.344605416059494,0.5226203799247742,-0.028400981798768044,0.21598337590694427,0.26672759652137756,0.41186854243278503,-0.5743652582168579,-0.03,0.41751208901405334,0.4004383385181427
1.6246180534362793,0.006848666816949844,0.6537667512893677,-0.08185498416423798,-0.006664099637418985,0.053580913692712784,-0.9951805472373962,-0.30110853910446167,0.038799867033958435,-0.12904654443264008,0.3632381856441498,-0.22608408331871033,-0.10397802293300629,-0.46459758281707764,-0.5971013307571411,-0.41138529777526855,0.8766484260559082,0.18124781548976898,-0.34152063727378845,0.490116685628891,-0.050737034529447556,0.21626341342926025,0.2579582929611206,0.33370521664619446,-0.5409390330314636,-0.03,0.401736319065094,0.3481258749961853
1.6252480745315552,0.007691225036978722,0.6553555727005005,-0.08325248956680298,-0.009285307489335537,0.05656948313117027,-0.9948781728744507,-0.2875013053417206,0.037863876670598984,-0.11374073475599289,0.3314792513847351,-0.22279180586338043,-0.08920690417289734,-0.4833664000034332,-0.5713052153587341,-0.3420605957508087,0.865404486656189,0.18650655448436737,-0.34490862488746643,0.4494452178478241,-0.07385064661502838,0.21684950590133667,0.24630843102931976,0.24714820086956024,-0.5117497444152832,-0.03,0.37218207120895386,0.2900595963001251
1.6255255937576294,0.007977757602930069,0.6559931635856628,-0.0837845653295517,-0.012512228451669216,0.058902718126773834,-0.9946628212928772,-0.28610795736312866,0.03820018097758293,-0.10614128410816193,0.3182854652404785,-0.22157053649425507,-0.08302351087331772,-0.5089093446731567,-0.5403419137001038,-0.26698917150497437,0.8633231520652771,0.18845440447330475,-0.3529320955276489,0.4034092128276825,-0.09710217267274857,0.21999773383140564,0.22990109026432037,0.1611284464597702,-0.487713485956192,-0.03,0.33000555634498596,0.22548221051692963
1.6256366968154907,0.007758518680930138,0.6558239459991455,-0.08361440151929855,-0.015769867226481438,0.060938797891139984,-0.9945080280303955,-0.29453596472740173,0.03983065485954285,-0.10476728528738022,0.322883665561676,-0.22202637791633606,-0.08574563264846802,-0.5391615033149719,-0.5050468444824219,-0.18880118429660797,0.8684475421905518,0.18664750456809998,-0.3625895380973816,0.3523593842983246,-0.11974207311868668,0.22589227557182312,0.20821206271648407,0.08020177483558655,-0.4673103392124176,-0.03,0.27759456634521484,0.15757030248641968
1.625694990158081,0.0071642352268099785,0.6550334692001343,-0.08284086734056473,-0.01875024288892746,0.06389771401882172,-0.9943352937698364,-0.309278279542923,0.0431932732462883,-0.10606187582015991,0.34194719791412354,-0.22397421300411224,-0.09636590629816055,-0.5724393725395203,-0.46466299891471863,-0.1095164492726326,0.8815048336982727,0.1808316707611084,-0.372451514005661,0.2982040047645569,-0.14164544641971588,0.23194387555122375,0.18145501613616943,0.004927402827888727,-0.4479190707206726,-0.03,0.21972963213920593,0.09052504599094391
1.625800609588623,0.0063479384407401085,0.6537203788757324,-0.0818699523806572,-0.02116606943309307,0.06948419660329819,-0.9939925074577332,-0.3260698616504669,0.04836851358413696,-0.10512182116508484,0.37130847573280334,-0.226851686835289,-0.11380015313625336,-0.6050800085067749,-0.42005348205566406,-0.0294339656829834,0.8993556499481201,0.17291006445884705,-0.3821817636489868,0.24412311613559723,-0.1630905419588089,0.23559482395648956,0.15141281485557556,-0.06368560343980789,-0.42710205912590027,-0.03,0.16286979615688324,0.029940428212285042
1.6259913444519043,0.005421803332865238,0.6518978476524353,-0.08106677234172821,-0.022922903299331665,0.07859627157449722,-0.9933404326438904,-0.3422476649284363,0.05528112128376961,-0.09909158200025558,0.4078045189380646,-0.23044359683990479,-0.136946901679039,-0.6326490640640259,-0.37404152750968933,0.048639751970767975,0.9175918102264404,0.16795778274536133,-0.3934782147407532,0.19175250828266144,-0.18423593044281006,0.23526592552661896,0.12096784263849258,-0.12455013394355774,-0.4054177701473236,-0.03,0.11328276246786118,-0.018697313964366913
1.6262516975402832,0.004470204934477806,0.6495063304901123,-0.08053898811340332,-0.024364706128835678,0.09079156816005707,-0.9923087358474731,-0.3582289218902588,0.0636356920003891,-0.08867726475000381,0.45019423961639404,-0.23460887372493744,-0.16477982699871063,-0.6554318070411682,-0.3288632929325104,0.11848371475934982,0.9319972991943359,0.1621629297733307,-0.40646231174468994,0.13993573188781738,-0.20391547679901123,0.2308831512928009,0.09186399728059769,-0.14999999999999997,-0.3868710696697235,-0.03,0.07635761797428131,-0.054057877510786057
1.6266781091690063,0.0036335717886686325,0.6467530131340027,-0.0796021968126297,-0.025806216523051262,0.10521199554204941,-0.990922749042511,-0.37389275431632996,0.07445187121629715,-0.07552853226661682,0.49608007073402405,-0.23940707743167877,-0.195882186293602,-0.6800273060798645,-0.2894635796546936,0.17625099420547485,0.9526307582855225,0.15687216818332672,-0.4135967195034027,0.08716798573732376,-0.21931174397468567,0.2237977385520935,0.06271017342805862,-0.14999999999999997,-0.37528443336486816,-0.03,0.053591154515743256,-0.08170178532600403
1.627170205116272,0.0030276067554950714,0.6435447335243225,-0.07848198711872101,-0.027745414525270462,0.12214075028896332,-0.9890158176422119,-0.3901451826095581,0.0875038430094719,-0.05922915041446686,0.5452299118041992,-0.24,-0.2299516648054123,-0.705635130405426,-0.2545139491558075,0.2247428297996521,0.9735329747200012,0.15440867841243744,-0.41806572675704956,0.03506692498922348,-0.22926631569862366,0.21468940377235413,0.030649209395051003,-0.14999999999999997,-0.3724250793457031,-0.03,0.0420401357114315,-0.11069976538419724
1.6277682781219482,0.0027222493663430214,0.6400963664054871,-0.07750406861305237,-0.02984677068889141,0.14114020764827728,-0.9864997267723083,-0.4040784239768982,0.10197850316762924,-0.03880614787340164,0.5934450626373291,-0.24,-0.26471519470214844,-0.7317702770233154,-0.2233809232711792,0.2665984332561493,0.9938064813613892,0.1530657261610031,-0.4202178716659546,-0.016639724373817444,-0.2337437868118286,0.20486880838871002,-0.004395295400172472,-0.14999999999999997,-0.37798336148262024,-0.03,0.03724773973226547,-0.14324690401554108
1.6284784078598022,0.0026213843375444412,0.6368890404701233,-0.0767192393541336,-0.03106776997447014,0.16107937693595886,-0.9834644198417664,-0.4107155501842499,0.1170826330780983,-0.013791361823678017,0.6347397565841675,-0.24,-0.2968961000442505,-0.7536834478378296,-0.19218650460243225,0.30738794803619385,1.011553406715393,0.1534332036972046,-0.42070990800857544,-0.06965543329715729,-0.23613646626472473,0.19663943350315094,-0.03849327191710472,-0.14999999999999997,-0.3912215828895569,-0.03,0.03778838738799095,-0.14999999999999997
1.6294301748275757,0.002659860998392105,0.6343903541564941,-0.07617879658937454,-0.030745171010494232,0.18041692674160004,-0.9801535606384277,-0.4069706201553345,0.13105365633964539,0.0147210992872715,0.6646685004234314,-0.24,-0.32397064566612244,-0.7676360607147217,-0.1637371927499771,0.3446652889251709,1.0245208740234375,0.1546027511358261,-0.4198967218399048,-0.1249062567949295,-0.23394018411636353,0.19138017296791077,-0.0664830133318901,-0.14999999999999997,-0.4117508828639984,-0.03,0.044882625341415405,-0.14999999999999997
1.6305748224258423,0.002682863734662533,0.6329328417778015,-0.07556487619876862,-0.029285907745361328,0.19863180816173553,-0.9767177104949951,-0.39382416009902954,0.14302949607372284,0.04458460211753845,0.6817166209220886,-0.24,-0.34488141536712646,-0.773216187953949,-0.13867546617984772,0.3767260015010834,1.0304943323135376,0.15576884150505066,-0.41693130135536194,-0.1783606857061386,-0.23018307983875275,0.18944790959358215,-0.08933398872613907,-0.14999999999999997,-0.44048556685447693,-0.03,0.05916889011859894,-0.14999999999999997
1.6317882537841797,0.002564537338912487,0.6329153180122375,-0.07482142001390457,-0.027398323640227318,0.21592362225055695,-0.9731536507606506,-0.3754992187023163,0.1528104692697525,0.07338782399892807,0.6892138123512268,-0.24,-0.35542064905166626,-0.7712060809135437,-0.11692853271961212,0.40340760350227356,1.0266679525375366,0.15610474348068237,-0.4101898670196533,-0.2241562157869339,-0.23313383758068085,0.18985643982887268,-0.10786495357751846,-0.14999999999999997,-0.47822219133377075,-0.03,0.08009890466928482,-0.14999999999999997
1.633048176765442,0.0022725816816091537,0.634650707244873,-0.07428093999624252,-0.02544528804719448,0.23256708681583405,-0.9694056510925293,-0.35528385639190674,0.1604505032300949,0.10117771476507187,0.6915611028671265,-0.24,-0.35467529296875,-0.7622765898704529,-0.09914589673280716,0.4258497357368469,1.010880470275879,0.15572378039360046,-0.39800071716308594,-0.25859615206718445,-0.24999934434890747,0.190577894449234,-0.12257666885852814,-0.14999999999999997,-0.5253129005432129,-0.03,0.10702468454837799,-0.14999999999999997
1.6343891620635986,0.0018599014729261398,0.6381353139877319,-0.07399878650903702,-0.023353058844804764,0.24831925332546234,-0.9655652642250061,-0.33218464255332947,0.16473093628883362,0.1276676058769226,0.6859942674636841,-0.24,-0.34069156646728516,-0.746459424495697,-0.08636355400085449,0.44416216015815735,0.9828687906265259,0.15468905866146088,-0.38056570291519165,-0.2819695770740509,-0.2843358814716339,0.19020308554172516,-0.1341446191072464,-0.14999999999999997,-0.5816428065299988,-0.03,0.13837890326976776,-0.14999999999999997
1.6358119249343872,0.0014309873804450035,0.643168568611145,-0.07375375926494598,-0.021279236301779747,0.2630488872528076,-0.9617238640785217,-0.3046230673789978,0.16405758261680603,0.15014860033988953,0.6681106090545654,-0.24,-0.31745755672454834,-0.7243102788925171,-0.07863233983516693,0.45812827348709106,0.9427279829978943,0.15294377505779266,-0.35783785581588745,-0.2955923080444336,-0.3369332551956177,0.18843787908554077,-0.14419887959957123,-0.14999999999999997,-0.6472222208976746,-0.03,0.16700376570224762,-0.14999999999999997
1.6371623277664185,0.001130661927163601,0.6491459608078003,-0.07239775359630585,-0.020075583830475807,0.27682968974113464,-0.9579774141311646,-0.27250349521636963,0.1573772132396698,0.16430974006652832,0.6325211524963379,-0.24,-0.2983021140098572,-0.6974202394485474,-0.07300139963626862,0.466528981924057,0.8913416266441345,0.15004102885723114,-0.32972484827041626,-0.3009275794029236,-0.41021305322647095,0.1855248659849167,-0.15058453381061554,-0.14999999999999997,-0.7185982465744019,-0.03,0.18011826276779175,-0.14999999999999997
1.6382920742034912,0.0008843299001455307,0.6551999449729919,-0.06847501546144485,-0.020351825281977654,0.2894628345966339,-0.9545198082923889,-0.24139156937599182,0.14704477787017822,0.1654490828514099,0.5837454199790955,-0.24,-0.29795128107070923,-0.6668817400932312,-0.06556481868028641,0.46750491857528687,0.8315919041633606,0.14570468664169312,-0.2971954047679901,-0.30070120096206665,-0.5062796473503113,0.1816856414079666,-0.1503652185201645,-0.14999999999999997,-0.7915005087852478,-0.03,0.17174451053142548,-0.14999999999999997
1.6391721963882446,0.0005169329233467579,0.6604501008987427,-0.06176559627056122,-0.021859848871827126,0.30047258734703064,-0.9515373706817627,-0.21507391333580017,0.1373707801103592,0.15384601056575775,0.5324642658233643,-0.2317942976951599,-0.3223065733909607,-0.6345821619033813,-0.05456887558102608,0.46167218685150146,0.7699013948440552,0.1401124894618988,-0.26389971375465393,-0.2994702458381653,-0.6213074326515198,0.17729498445987701,-0.14150112867355347,-0.14999999999999997,-0.8668426871299744,-0.040446799248456955,0.15116094052791595,-0.14999999999999997
1.6398327350616455,-0.0001308722421526909,0.6642599105834961,-0.05278674513101578,-0.024097662419080734,0.30968716740608215,-0.9490661025047302,-0.19187143445014954,0.13102388381958008,0.13430875539779663,0.47464823722839355,-0.22372132539749146,-0.32026755809783936,-0.6032043099403381,-0.03928661718964577,0.45143234729766846,0.7134115099906921,0.13361914455890656,-0.2335159033536911,-0.3015362322330475,-0.7477476000785828,0.17216795682907104,-0.12395111471414566,-0.14999999999999997,-0.9471632242202759,-0.059958525002002716,0.1345607340335846,-0.14999999999999997
1.6402748823165894,-0.0010390207171440125,0.6670382618904114,-0.04307648539543152,-0.027077073231339455,0.3175013065338135,-0.946891725063324,-0.17041915655136108,0.13416753709316254,0.11480408161878586,0.42446374893188477,-0.2142324149608612,-0.3067190945148468,-0.5745676159858704,-0.021716458722949028,0.4400966465473175,0.6616653800010681,0.1267259567975998,-0.2055111825466156,-0.3093067407608032,-0.8781968951225281,0.16787467896938324,-0.09976837784051895,-0.14999999999999997,-1.0356173515319824,-0.07592246681451797,0.13028539717197418,-0.14999999999999997
1.6408371925354004,-0.002244669711217284,0.6703840494155884,-0.0361102819442749,-0.030350500717759132,0.322739839553833,-0.9453114867210388,-0.15153968334197998,0.14578422904014587,0.11301717162132263,0.3894728720188141,-0.2015581727027893,-0.2939760684967041,-0.5463176369667053,-0.012024858966469765,0.42816469073295593,0.6056594252586365,0.12095872312784195,-0.17680199444293976,-0.3245323896408081,-1.0070949792861938,0.16365079581737518,-0.07223594188690186,-0.14999999999999997,-1.1330252885818481,-0.08828788250684738,0.13364273309707642,-0.14999999999999997
1.64162015914917,-0.003565102582797408,0.673585057258606,-0.0313134491443634,-0.034084681421518326,0.3243785500526428,-0.9447942972183228,-0.1318889856338501,0.15455077588558197,0.11826322972774506,0.34643155336380005,-0.19337278604507446,-0.27428901195526123,-0.5213822722434998,-0.008525794371962547,0.4138994514942169,0.5530102252960205,0.11585575342178345,-0.15140242874622345,-0.34668418765068054,-1.130379319190979,0.15874770283699036,-0.04899280518293381,-0.14999999999999997,-1.2370578050613403,-0.10291548073291779,0.13059374690055847,-0.14999999999999997
1.6426513195037842,-0.005052450578659773,0.6763877868652344,-0.028335396200418472,-0.038196858018636703,0.3228417634963989,-0.9452571868896484,-0.11394848674535751,0.1614222675561905,0.12420517951250076,0.30079159140586853,-0.1937691569328308,-0.25173258781433105,-0.5008610486984253,-0.00926876999437809,0.3975149691104889,0.5074059367179871,0.11116008460521698,-0.13136212527751923,-0.3728221356868744,-1.2483021020889282,0.15283140540122986,-0.03485291451215744,-0.14999999999999997,-1.3442261219024658,-0.12370692193508148,0.11773020029067993,-0.14999999999999997
1.6437880992889404,-0.006847532466053963,0.6786691546440125,-0.02619761787354946,-0.0426943376660347,0.3195556104183197,-0.9462425708770752,-0.09831584990024567,0.16732971370220184,0.1277436465024948,0.29000000000000004,-0.1949324905872345,-0.2285790890455246,-0.4847855269908905,-0.010356602258980274,0.3800773322582245,0.470071405172348,0.10446193814277649,-0.11610960960388184,-0.3986343443393707,-1.3653756380081177,0.1454942375421524,-0.03180406615138054,-0.14999999999999997,-1.4492193460464478,-0.15001580119132996,0.09827351570129395,-0.14999999999999997
1.644997477531433,-0.009146937169134617,0.680431604385376,-0.023946916684508324,-0.04705851152539253,0.31596359610557556,-0.947300910949707,-0.08399142324924469,0.17419233918190002,0.12926404178142548,0.29000000000000004,-0.1970478892326355,-0.20810678601264954,-0.47183510661125183,-0.008650003932416439,0.3626602590084076,0.4420855939388275,0.09164081513881683,-0.10647886246442795,-0.42142611742019653,-1.4836387634277344,0.13637188076972961,-0.03659633547067642,-0.14999999999999997,-1.5473829507827759,-0.17905554175376892,0.07808871567249298,-0.14999999999999997
1.6462733745574951,-0.011995093896985054,0.6816667914390564,-0.02135460637509823,-0.05078709125518799,0.3125896155834198,-0.948289155960083,-0.06947837769985199,0.18279707431793213,0.13097992539405823,0.29000000000000004,-0.20055940747261047,-0.19112804532051086,-0.46169084310531616,-0.0037158511113375425,0.3465390205383301,0.4246939420700073,0.07565727084875107,-0.10198496282100677,-0.4418157637119293,-1.6011123657226562,0.12599830329418182,-0.0442059263586998,-0.14999999999999997,-1.6358784437179565,-0.20779205858707428,0.061424821615219116,-0.14999999999999997
1.6475509405136108,-0.015183145180344582,0.6823976039886475,-0.0189225897192955,-0.05372004210948944,0.30937379598617554,-0.94923335313797,-0.05578455701470375,0.1915273517370224,0.13298410177230835,0.29000000000000004,-0.20480361580848694,-0.17779485881328583,-0.45369237661361694,0.0022809647489339113,0.3322497010231018,0.41543760895729065,0.060711607336997986,-0.10252932459115982,-0.4615022540092468,-1.7136911153793335,0.11506184190511703,-0.050378330051898956,-0.14999999999999997,-1.7140326499938965,-0.23289304971694946,0.050086211413145065,-0.14999999999999997
1.6487548351287842,-0.018431730568408966,0.6826944351196289,-0.016861647367477417,-0.05590871721506119,0.3062672019004822,-0.9501526951789856,-0.04499756917357445,0.19971242547035217,0.13327893614768982,0.29000000000000004,-0.20904654264450073,-0.16897599399089813,-0.44761738181114197,0.007987878285348415,0.32005515694618225,0.4120525121688843,0.05120091885328293,-0.10606009513139725,-0.4808163642883301,-1.8174464702606201,0.10242249816656113,-0.05308718979358673,-0.14999999999999997,-1.7816472053527832,-0.2533477246761322,0.0437459871172905,-0.14999999999999997
1.6499121189117432,-0.021543653681874275,0.6826521754264832,-0.015264932997524738,-0.05728912726044655,0.30331432819366455,-0.9510442614555359,-0.03737190365791321,0.20682094991207123,0.13151222467422485,0.29000000000000004,-0.2130116969347,-0.16477835178375244,-0.44271719455718994,0.012520997785031796,0.3100895583629608,0.4127053916454315,0.048209547996520996,-0.11161992698907852,-0.49888402223587036,-1.9097129106521606,0.08632577955722809,-0.05124173313379288,-0.14999999999999997,-1.8391859531402588,-0.27097687125205994,0.04150693863630295,-0.14999999999999997
1.6510897874832153,-0.024428369477391243,0.6823848485946655,-0.014053752645850182,-0.057741422206163406,0.3009406328201294,-0.9517893195152283,-0.031165827065706253,0.21254654228687286,0.12933070957660675,0.29000000000000004,-0.21623405814170837,-0.16453391313552856,-0.43815022706985474,0.015906022861599922,0.3027854263782501,0.41612517833709717,0.05033773556351662,-0.1184612512588501,-0.5137603878974915,-1.988603115081787,0.06571070104837418,-0.04508771374821663,-0.14999999999999997,-1.8857043981552124,-0.2889460623264313,0.04125519469380379,-0.14999999999999997
1.6522921323776245,-0.027065105736255646,0.6820276975631714,-0.013062243349850178,-0.05736793577671051,0.2995286285877228,-0.9522713422775269,-0.02546851709485054,0.21704326570034027,0.12817659974098206,0.29000000000000004,-0.21733129024505615,-0.16761817038059235,-0.4333508014678955,0.018712125718593597,0.2981951832771301,0.42084646224975586,0.05467657744884491,-0.1256280243396759,-0.5241632461547852,-2.0530436038970947,0.04062523692846298,-0.0380500927567482,-0.14999999999999997,-1.9195679426193237,-0.31022539734840393,0.04042579233646393,-0.14999999999999997
1.6534571647644043,-0.02946539968252182,0.6816956996917725,-0.012168554589152336,-0.056492459028959274,0.29892659187316895,-0.9525246620178223,-0.021116863936185837,0.22075986862182617,0.1277402937412262,0.29000000000000004,-0.2151465117931366,-0.17344564199447632,-0.4282025396823883,0.02131928876042366,0.29539456963539124,0.42553094029426575,0.058646395802497864,-0.1323254406452179,-0.5306341648101807,-2.1034581661224365,0.03,-0.03445784002542496,-0.14999999999999997,-1.941316843032837,-0.33604323863983154,0.038492120802402496,-0.14999999999999997
1.6545089483261108,-0.03164983168244362,0.6814079284667969,-0.011290270835161209,-0.05540233850479126,0.2986038029193878,-0.9527007341384888,-0.018608780577778816,0.2241763025522232,0.1269710510969162,0.29000000000000004,-0.21051780879497528,-0.18097198009490967,-0.4229249358177185,0.023796727880835533,0.29309165477752686,0.42981287837028503,0.06155777722597122,-0.13841500878334045,-0.5347065925598145,-2.1414034366607666,0.03,-0.03622889518737793,-0.14999999999999997,-1.9534105062484741,-0.36571142077445984,0.03658946976065636,-0.14999999999999997
1.6554402112960815,-0.03362333029508591,0.681171715259552,-0.010389945469796658,-0.05406744405627251,0.29808783531188965,-0.9529492259025574,-0.016438638791441917,0.22740280628204346,0.12547539174556732,0.29000000000000004,-0.20655135810375214,-0.18960732221603394,-0.4175516963005066,0.02598620392382145,0.2902238070964813,0.4343947172164917,0.062311723828315735,-0.14464427530765533,-0.5376664996147156,-2.167123794555664,0.03,-0.04253491759300232,-0.1477758288383484,-1.9573731422424316,-0.3976283371448517,0.03551073744893074,-0.14999999999999997
1.6562637090682983,-0.03528793156147003,0.6809564828872681,-0.009454707615077496,-0.05242278426885605,0.2971988618373871,-0.953328549861908,-0.01287738885730505,0.23006752133369446,0.12409299612045288,0.29000000000000004,-0.20281356573104858,-0.1955578476190567,-0.41270753741264343,0.027823278680443764,0.2863041162490845,0.44076746702194214,0.059802256524562836,-0.15149840712547302,-0.5400514602661133,-2.179579019546509,0.03,-0.05172561854124069,-0.12901492416858673,-1.9533616304397583,-0.43035024404525757,0.0345156192779541,-0.14999999999999997
1.6570018529891968,-0.03656875714659691,0.6807513236999512,-0.008721266873180866,-0.05031764879822731,0.29590505361557007,-0.9538511633872986,-0.007308220490813255,0.23145487904548645,0.1228228509426117,0.29000000000000004,-0.20052021741867065,-0.1991417557001114,-0.40776365995407104,0.02826097421348095,0.2820824980735779,0.4477054476737976,0.058058518916368484,-0.1583963930606842,-0.5421316027641296,-2.1775481700897217,0.03,-0.06250091642141342,-0.1098557636141777,-1.9411481618881226,-0.46229732036590576,0.032663434743881226,-0.14999999999999997
1.6576261520385742,-0.03743230924010277,0.6805702447891235,-0.008079245686531067,-0.04765482246875763,0.2942909002304077,-0.9544926881790161,0.0007252509822137654,0.2317337989807129,0.12189126014709473,0.29000000000000004,-0.2001216560602188,-0.20026803016662598,-0.4022475481033325,0.02741975709795952,0.277527391910553,0.45471876859664917,0.056961312890052795,-0.165156751871109,-0.5439162254333496,-2.159804582595825,0.03,-0.07475094497203827,-0.09338341653347015,-1.9201797246932983,-0.49247318506240845,0.029134701937437057,-0.14999999999999997
1.6580955982208252,-0.03786730393767357,0.6803832650184631,-0.007360571995377541,-0.0443364754319191,0.29256051778793335,-0.955190122127533,0.011660934425890446,0.23129795491695404,0.12161120027303696,0.29000000000000004,-0.2028127759695053,-0.19910156726837158,-0.39588463306427,0.025725392624735832,0.2728646695613861,0.4617077112197876,0.05648644641041756,-0.1715753674507141,-0.545150637626648,-2.125365734100342,0.03,-0.0881657674908638,-0.08283641934394836,-1.8901010751724243,-0.5199939608573914,0.023880213499069214,-0.14999999999999997
1.6583995819091797,-0.03788818046450615,0.6801839470863342,-0.00639678817242384,-0.04025201126933098,0.29101669788360596,-0.9558493494987488,0.02575504407286644,0.2303466498851776,0.12172255665063858,0.29000000000000004,-0.20853544771671295,-0.19646430015563965,-0.38817745447158813,0.02362016774713993,0.268422931432724,0.4682508111000061,0.056543949991464615,-0.17736198008060455,-0.5454216003417969,-2.0743277072906494,0.03,-0.10123966634273529,-0.07918490469455719,-1.8505513668060303,-0.5433849096298218,0.017491145059466362,-0.14999999999999997
1.65855872631073,-0.037484679371118546,0.6800022125244141,-0.005223744083195925,-0.0354551263153553,0.29000693559646606,-0.9563532471656799,0.04202209413051605,0.2286083698272705,0.12171570956707001,0.29000000000000004,-0.2159321904182434,-0.1934231072664261,-0.3791152536869049,0.021228738129138947,0.2649177610874176,0.4737848937511444,0.05721551179885864,-0.18206681311130524,-0.5443696975708008,-2.008497476577759,0.03,-0.1116885095834732,-0.0809154286980629,-1.8025977611541748,-0.5608415007591248,0.011661805212497711,-0.14999999999999997
1.6586145162582397,-0.03661789000034332,0.67987459897995,-0.004077894147485495,-0.0301397405564785,0.2894625663757324,-0.9567059874534607,0.05915273353457451,0.22556070983409882,0.12134633213281631,0.29000000000000004,-0.22286979854106903,-0.19040527939796448,-0.3692847192287445,0.018098583444952965,0.262541264295578,0.47829633951187134,0.058636974543333054,-0.1856950968503952,-0.5425586700439453,-1.930319905281067,0.03,-0.118296779692173,-0.08406168967485428,-1.7460771799087524,-0.5715732574462891,0.007686451077461243,-0.14999999999999997
1.6586371660232544,-0.03527769073843956,0.6798149347305298,-0.0031816037371754646,-0.024485789239406586,0.2891046702861786,-0.9569788575172424,0.07641416043043137,0.22108887135982513,0.121757373213768,0.29000000000000004,-0.22806812822818756,-0.1870778650045395,-0.35932618379592896,0.01371745578944683,0.2610865831375122,0.4822976291179657,0.06089755892753601,-0.18870559334754944,-0.5410837531089783,-1.8418018817901611,0.03,-0.12179611623287201,-0.0824902206659317,-1.6823792457580566,-0.5765084624290466,0.0070153833366930485,-0.14999999999999997
1.6587042808532715,-0.0336417481303215,0.6799801588058472,-0.0028649468440562487,-0.018434593454003334,0.2885892689228058,-0.957271158695221,0.09315334260463715,0.21459774672985077,0.12675505876541138,0.29000000000000004,-0.22419746220111847,-0.18326987326145172,-0.3483189046382904,0.007109318859875202,0.25977855920791626,0.4845547080039978,0.06393706053495407,-0.1908031702041626,-0.5409948825836182,-1.7439132928848267,0.03,-0.12312953919172287,-0.07001885026693344,-1.613234519958496,-0.577240526676178,0.010692959651350975,-0.14999999999999997
1.6587380170822144,-0.03178180754184723,0.6801461577415466,-0.002673604991286993,-0.012322206050157547,0.28769177198410034,-0.9576399326324463,0.10963938385248184,0.20754186809062958,0.13089793920516968,0.29000000000000004,-0.2208649069070816,-0.1786452680826187,-0.3374478816986084,-0.0002604952023830265,0.2579980790615082,0.48694533109664917,0.0673023983836174,-0.19297878444194794,-0.5425781607627869,-1.6372840404510498,0.03,-0.12377022206783295,-0.04168670251965523,-1.5392414331436157,-0.5763234496116638,0.016151005402207375,-0.14999999999999997
1.6586819887161255,-0.02979142777621746,0.6803330779075623,-0.0026128129102289677,-0.006499553564935923,0.2866901457309723,-0.9579976201057434,0.12486397475004196,0.2003117948770523,0.1343754380941391,0.29000000000000004,-0.21730418503284454,-0.17359408736228943,-0.3271649181842804,-0.007855861447751522,0.25619715452194214,0.4886147379875183,0.07083066552877426,-0.19450253248214722,-0.5448057651519775,-1.5232999324798584,0.03,-0.12428472936153412,0.003358585527166724,-1.4615697860717773,-0.5755404233932495,0.02006598934531212,-0.14999999999999997
1.6584632396697998,-0.027731748297810555,0.6805422306060791,-0.002696806099265814,-0.0014063369017094374,0.285773366689682,-0.9582923650741577,0.13764327764511108,0.1933545023202896,0.13721393048763275,0.29000000000000004,-0.21375501155853271,-0.16830481588840485,-0.31838077306747437,-0.01512890961021185,0.25480616092681885,0.4891435205936432,0.07434847205877304,-0.19487100839614868,-0.5466678142547607,-1.40404212474823,0.03,-0.1258651614189148,0.06370620429515839,-1.380967140197754,-0.5755022764205933,0.019445529207587242,-0.14999999999999997
1.6580312252044678,-0.025666262954473495,0.6807776689529419,-0.002997410949319601,0.002589933108538389,0.284950852394104,-0.9585338830947876,0.14693450927734375,0.1869554966688156,0.13914084434509277,0.29000000000000004,-0.2103814035654068,-0.16278104484081268,-0.3119620978832245,-0.021817393600940704,0.25395718216896057,0.48844635486602783,0.07770901918411255,-0.1938815861940384,-0.5477045178413391,-1.2820851802825928,0.03,-0.1297687441110611,0.1360471546649933,-1.29855215549469,-0.575394332408905,0.013926881365478039,-0.14999999999999997
1.6573840379714966,-0.02368219941854477,0.681025505065918,-0.0035652588121593,0.005326542537659407,0.2841426730155945,-0.9587604999542236,0.15195384621620178,0.18134060502052307,0.13966426253318787,0.29000000000000004,-0.20731833577156067,-0.15739305317401886,-0.3084043860435486,-0.0277984831482172,0.25357720255851746,0.48692357540130615,0.08076854795217514,-0.1917843520641327,-0.5478238463401794,-1.1604145765304565,0.05573003366589546,-0.13668909668922424,0.21628820896148682,-1.215887427330017,-0.5736255645751953,0.005759136751294136,-0.11227443069219589
1.656567096710205,-0.021867763251066208,0.6812571287155151,-0.004405175801366568,0.006874745711684227,0.28334465622901917,-0.958983302116394,0.1528010070323944,0.17656560242176056,0.13873045146465302,0.29000000000000004,-0.20465821027755737,-0.1525663435459137,-0.3077377676963806,-0.03300255164504051,0.2536858916282654,0.48525065183639526,0.08344216644763947,-0.18905770778656006,-0.5466626882553101,-1.0426032543182373,0.08253617584705353,-0.14732852578163147,0.3006387948989868,-1.1345255374908447,-0.5687223672866821,-0.0008291316917166114,-0.04091012105345726
1.6556581258773804,-0.020291108638048172,0.6814354658126831,-0.005508868955075741,0.007518386002629995,0.2826807200908661,-0.9591687321662903,0.15083570778369904,0.17237289249897003,0.13706786930561066,0.29000000000000004,-0.20246285200119019,-0.14828015863895416,-0.30967646837234497,-0.03743230178952217,0.2545834481716156,0.484382688999176,0.08571606874465942,-0.18641208112239838,-0.5434631705284119,-0.9327600598335266,0.1040983498096466,-0.16242022812366486,0.3859633505344391,-1.0556190013885498,-0.559524655342102,6.755337381036952e-05,0.03852305933833122
1.6547614336013794,-0.018999245017766953,0.6815204620361328,-0.006829341407865286,0.007733219303190708,0.28230610489845276,-0.9592688083648682,0.14846016466617584,0.16831445693969727,0.13592815399169922,0.29000000000000004,-0.2006848305463791,-0.14410269260406494,-0.3135036826133728,-0.04118115082383156,0.2565588057041168,0.4853372871875763,0.08766742795705795,-0.18461862206459045,-0.5375378727912903,-0.8338248133659363,0.11960668116807938,-0.18154530227184296,0.46974581480026245,-0.9802626967430115,-0.5453247427940369,0.013011284172534943,0.12731444835662842
1.6539608240127563,-0.01802552491426468,0.6814882159233093,-0.008274578489363194,0.007973047904670238,0.2822425663471222,-0.959274172782898,0.14745725691318512,0.16416265070438385,0.13595962524414062,0.29000000000000004,-0.19932125508785248,-0.13989178836345673,-0.318285197019577,-0.04436139017343521,0.25950318574905396,0.4887407720088959,0.08930811285972595,-0.18429280817508698,-0.5289126634597778,-0.746425211429596,0.12984082102775574,-0.20255695283412933,0.5508487224578857,-0.9101331830024719,-0.5254760384559631,0.038520362228155136,0.22628559172153473
1.6532630920410156,-0.0173626858741045,0.6813353300094604,-0.00978435855358839,0.008375308476388454,0.282473623752594,-0.9591885209083557,0.14725032448768616,0.16005168855190277,0.13665205240249634,0.29000000000000004,-0.19831661880016327,-0.13661076128482819,-0.32365137338638306,-0.04697495326399803,0.2632995545864105,0.4945887327194214,0.09071160107851028,-0.18544284999370575,-0.5178775787353516,-0.6695716977119446,0.13659410178661346,-0.22303394973278046,0.6294495463371277,-0.8477206826210022,-0.49983543157577515,0.07391002774238586,0.3344065546989441
1.6526209115982056,-0.01697992905974388,0.6810851693153381,-0.011274376884102821,0.00884077325463295,0.2831322252750397,-0.9589738249778748,0.1463192254304886,0.15636877715587616,0.1374732106924057,0.29000000000000004,-0.1976746767759323,-0.13548417389392853,-0.32948631048202515,-0.04875792935490608,0.26800307631492615,0.5020380020141602,0.09164698421955109,-0.18757763504981995,-0.5042553544044495,-0.6012869477272034,0.14139319956302643,-0.2414945513010025,0.7059490084648132,-0.7952021360397339,-0.4688590168952942,0.11492908000946045,0.44779348373413086
1.6519988775253296,-0.01688222587108612,0.6807773113250732,-0.012509710155427456,0.00934468675404787,0.2842559814453125,-0.9586212635040283,0.14445190131664276,0.15372900664806366,0.13837909698486328,0.29000000000000004,-0.19761435687541962,-0.13683640956878662,-0.3350382447242737,-0.049304187297821045,0.27318626642227173,0.5097988247871399,0.09205210953950882,-0.18996301293373108,-0.4878171980381012,-0.5397359728813171,0.1448362022638321,-0.2576039135456085,0.7800437211990356,-0.7526179552078247,-0.43341919779777527,0.1572125107049942,0.5607500076293945
1.6513943672180176,-0.01706383191049099,0.680466890335083,-0.013281931169331074,0.009946880862116814,0.28565579652786255,-0.9581885933876038,0.14188718795776367,0.15257036685943604,0.13915199041366577,0.29000000000000004,-0.19802185893058777,-0.14040781557559967,-0.33922696113586426,-0.04855479672551155,0.2779264450073242,0.5165745615959167,0.09183361381292343,-0.19201457500457764,-0.46875444054603577,-0.48384812474250793,0.1469348520040512,-0.2714083790779114,0.8504760265350342,-0.7183719873428345,-0.39475083351135254,0.1984398066997528,0.6685755848884583
1.6507976055145264,-0.017457500100135803,0.680152177810669,-0.013566460460424423,0.010602026246488094,0.2871423661708832,-0.9577330946922302,0.13824842870235443,0.15296369791030884,0.13927051424980164,0.29000000000000004,-0.19892391562461853,-0.146248921751976,-0.34208834171295166,-0.046660542488098145,0.2818513512611389,0.5223079919815063,0.0910763368010521,-0.19370770454406738,-0.44752976298332214,-0.4330018162727356,0.1479521542787552,-0.2825491726398468,0.9156771302223206,-0.6907699108123779,-0.3541784882545471,0.2386111468076706,0.7689725160598755
1.6502110958099365,-0.01798807643353939,0.6798130869865417,-0.01357541885226965,0.011235799640417099,0.2886870503425598,-0.9572612643241882,0.13366232812404633,0.15433280169963837,0.1388315111398697,0.29000000000000004,-0.2002248615026474,-0.1536014974117279,-0.3444039523601532,-0.044018764048814774,0.28536102175712585,0.52769535779953,0.08997173607349396,-0.1953287422657013,-0.42458030581474304,-0.3864192068576813,0.1486387401819229,-0.29066038131713867,0.9740845561027527,-0.6687235236167908,-0.3127978444099426,0.2785011827945709,0.8615609407424927
1.649640440940857,-0.018589800223708153,0.6794255375862122,-0.013580668717622757,0.011779772117733955,0.29040953516960144,-0.9567335247993469,0.12880244851112366,0.15586787462234497,0.13855867087841034,0.29000000000000004,-0.20158891379833221,-0.16143573820590973,-0.3471466898918152,-0.0409964956343174,0.2892797589302063,0.533614456653595,0.08878009021282196,-0.19718343019485474,-0.4002605676651001,-0.34290313720703125,0.1499514877796173,-0.2955622971057892,1.024260401725769,-0.6516608595848083,-0.27119365334510803,0.3176371157169342,0.9465425610542297
1.6491014957427979,-0.01919928379356861,0.678968071937561,-0.013802309520542622,0.012181948870420456,0.2923925220966339,-0.9561210870742798,0.12402991205453873,0.156937837600708,0.1388780176639557,0.29000000000000004,-0.20300941169261932,-0.16911599040031433,-0.3510798215866089,-0.03791390359401703,0.29423987865448,0.5407716631889343,0.08771200478076935,-0.1995437741279602,-0.3751756548881531,-0.3011060953140259,0.1524723619222641,-0.2965535521507263,1.065396785736084,-0.6393927931785583,-0.2297402024269104,0.3547430634498596,1.0239923000335693
1.6486207246780396,-0.01975191757082939,0.6784294843673706,-0.01443716324865818,0.012440111488103867,0.2946183383464813,-0.9554248452186584,0.11929862946271896,0.15698406100273132,0.13979700207710266,0.29000000000000004,-0.20423626899719238,-0.1764308512210846,-0.3566901385784149,-0.035180188715457916,0.30060073733329773,0.5497137904167175,0.08698569983243942,-0.20267975330352783,-0.35020700097084045,-0.26013487577438354,0.1558406502008438,-0.2920922636985779,1.0978089570999146,-0.6319652199745178,-0.18902549147605896,0.3895000219345093,1.0934724807739258
1.6482210159301758,-0.020186303183436394,0.6778004169464111,-0.015594287775456905,0.012577611953020096,0.29698672890663147,-0.9546713829040527,0.1141071617603302,0.15571328997612,0.14087960124015808,0.29000000000000004,-0.2050725817680359,-0.18364252150058746,-0.36415740847587585,-0.03312645107507706,0.3084023892879486,0.560714066028595,0.08677135407924652,-0.2067616730928421,-0.3262338638305664,-0.21993783116340637,0.15907762944698334,-0.28105729818344116,1.123923420906067,-0.6293876767158508,-0.14992035925388336,0.4224928915500641,1.1538509130477905
1.6479170322418213,-0.020467553287744522,0.6770884394645691,-0.01722504384815693,0.012676496058702469,0.2994000315666199,-0.953887939453125,0.10819749534130096,0.15317444503307343,0.14178237318992615,0.29000000000000004,-0.2053738832473755,-0.19109894335269928,-0.3731001019477844,-0.03185634687542915,0.317380428314209,0.5735095739364624,0.08711374551057816,-0.2117341011762619,-0.3037838935852051,-0.18084841966629028,0.16133922338485718,-0.2631901502609253,1.147186517715454,-0.6313747763633728,-0.11318359524011612,0.45438578724861145,1.2047432661056519
1.647711992263794,-0.02059897594153881,0.676318883895874,-0.019186697900295258,0.012863501906394958,0.30181214213371277,-0.9530874490737915,0.10205524414777756,0.14957201480865479,0.1426580399274826,0.29000000000000004,-0.2049572467803955,-0.1987493932247162,-0.3827461302280426,-0.03130018711090088,0.3271336555480957,0.5874293446540833,0.0879543274641037,-0.21733444929122925,-0.28293389081954956,-0.1431410014629364,0.1624532788991928,-0.23863987624645233,1.1702886819839478,-0.6372277140617371,-0.07915761321783066,0.4855702519416809,1.2474333047866821
1.6475980281829834,-0.020602822303771973,0.6755208373069763,-0.021384410560131073,0.013234643265604973,0.30432063341140747,-0.952237606048584,0.0963546484708786,0.1449975073337555,0.1441069394350052,0.29000000000000004,-0.20336656272411346,-0.20647041499614716,-0.39255502820014954,-0.03130543231964111,0.33762821555137634,0.6019254326820374,0.08922948688268661,-0.22328120470046997,-0.26316022872924805,-0.10708131641149521,0.16291388869285583,-0.20789016783237457,1.1945775747299194,-0.6459057927131653,-0.04776240140199661,0.5156947374343872,1.2842578887939453
1.6475714445114136,-0.020503683015704155,0.6747009754180908,-0.023829009383916855,0.013843612745404243,0.30716872215270996,-0.9512558579444885,0.09129549562931061,0.1393488049507141,0.14723041653633118,0.29000000000000004,-0.20008933544158936,-0.2142934948205948,-0.4024741053581238,-0.031688544899225235,0.3493589162826538,0.616925060749054,0.09093546122312546,-0.2294583022594452,-0.24345307052135468,-0.07307415455579758,0.16348057985305786,-0.1718904674053192,1.2205357551574707,-0.656262218952179,-0.03,0.5438476204872131,1.3175055980682373
1.6476256847381592,-0.020319467410445213,0.6738196015357971,-0.026647020131349564,0.014652539044618607,0.310637503862381,-0.9500418305397034,0.08630602806806564,0.1323980838060379,0.1527511328458786,0.29000000000000004,-0.19480833411216736,-0.2227640151977539,-0.4131046235561371,-0.0322427898645401,0.36319786310195923,0.6329932808876038,0.0931021124124527,-0.23601225018501282,-0.2224932610988617,-0.042070213705301285,0.16494889557361603,-0.13284532725811005,1.2484290599822998,-0.6672978401184082,-0.03,0.5688575506210327,1.3482038974761963
1.6477380990982056,-0.020074615254998207,0.6727591156959534,-0.029974808916449547,0.01553797535598278,0.31490105390548706,-0.948523759841919,0.08017683774232864,0.123970165848732,0.16214819252490997,0.29000000000000004,-0.189678356051445,-0.2322971522808075,-0.42558062076568604,-0.0325729064643383,0.37999603152275085,0.6514468193054199,0.09582152217626572,-0.24345329403877258,-0.1988382786512375,-0.01593034714460373,0.16827253997325897,-0.09470862150192261,1.2787573337554932,-0.6779329180717468,-0.03,0.5904293656349182,1.375388503074646
1.6478971242904663,-0.019820069894194603,0.671369194984436,-0.03389444947242737,0.016474517062306404,0.3198532164096832,-0.9467172622680664,0.07220165431499481,0.11414632201194763,0.17579004168510437,0.29000000000000004,-0.18733718991279602,-0.24315056204795837,-0.44070595502853394,-0.032366570085287094,0.39996984601020813,0.6738904714584351,0.09910466521978378,-0.2526703476905823,-0.1714755892753601,0.003275607479736209,0.17438554763793945,-0.062126275151968,1.3109052181243896,-0.6866123676300049,-0.03,0.6098058819770813,1.3963570594787598
1.6481069326400757,-0.019635450094938278,0.6695256233215332,-0.03835665434598923,0.017564283683896065,0.325018972158432,-0.9447659850120544,0.06231118366122246,0.10341953486204147,0.19228395819664001,0.29000000000000004,-0.18993353843688965,-0.2553819417953491,-0.4583575427532196,-0.03158139809966087,0.4222252368927002,0.7013421654701233,0.10286891460418701,-0.264433354139328,-0.14054818451404572,0.014417864382266998,0.18375146389007568,-0.03812503442168236,1.342071294784546,-0.6923195719718933,-0.03,0.6284346580505371,1.4088935852050781
1.6483548879623413,-0.019598670303821564,0.6671905517578125,-0.043181758373975754,0.01886727474629879,0.32978683710098267,-0.9428785443305969,0.050551868975162506,0.09263110905885696,0.20901021361351013,0.29000000000000004,-0.19763799011707306,-0.2691178619861603,-0.47772958874702454,-0.030320201069116592,0.445120245218277,0.7335835695266724,0.10676706582307816,-0.27901798486709595,-0.10701511055231094,0.017225654795765877,0.19612090289592743,-0.023314371705055237,1.3684861660003662,-0.6950775384902954,-0.03,0.646689772605896,1.4115660190582275
1.6486527919769287,-0.019845671951770782,0.664684534072876,-0.048332203179597855,0.020557114854454994,0.33383309841156006,-0.9411678314208984,0.03726015239953995,0.0823802798986435,0.22038908302783966,0.30283334851264954,-0.19598548114299774,-0.2862101197242737,-0.4964958727359772,-0.029555793851614,0.4671470522880554,0.7673458456993103,0.11062367260456085,-0.2950536608695984,-0.07176001369953156,0.012154093012213707,0.21028949320316315,-0.01625945046544075,1.3873788118362427,-0.6950892806053162,-0.03,0.6653273105621338,1.4037953615188599
1.6488900184631348,-0.020443020388484,0.6619368195533752,-0.05304902791976929,0.022387802600860596,0.336540162563324,-0.9399069547653198,0.02342849411070347,0.07418520003557205,0.22808344662189484,0.33626362681388855,-0.19607742130756378,-0.30401331186294556,-0.5138633251190186,-0.02840660884976387,0.48569485545158386,0.8019267320632935,0.1137848049402237,-0.31224918365478516,-0.036999765783548355,7.4245166615583e-05,0.22585248947143555,-0.013930448330938816,1.397605538368225,-0.6928349137306213,-0.03,0.6843023896217346,1.385925531387329
1.6490552425384521,-0.02141338214278221,0.659135103225708,-0.05699070915579796,0.02435033954679966,0.33756890892982483,-0.939258337020874,0.009659528732299805,0.06885939836502075,0.2314303070306778,0.36956366896629333,-0.19749586284160614,-0.3211633861064911,-0.5283735990524292,-0.02735568769276142,0.4989510476589203,0.8351984024047852,0.11580046266317368,-0.3297293484210968,-0.004562302492558956,-0.017693549394607544,0.24181251227855682,-0.013353745453059673,1.4003405570983887,-0.6887375712394714,-0.03,0.7039252519607544,1.359787940979004
1.6491773128509521,-0.022673510015010834,0.6563928127288818,-0.06017123907804489,0.026445074006915092,0.33696964383125305,-0.9392185211181641,-0.0033032181672751904,0.0653851255774498,0.23032456636428833,0.40163251757621765,-0.1988983303308487,-0.33760860562324524,-0.5398251414299011,-0.026962364092469215,0.5068894028663635,0.8663834929466248,0.11663392931222916,-0.3472139239311218,0.02462034486234188,-0.03965749964118004,0.2570837736129761,-0.01237949077039957,1.398322582244873,-0.6839801669120789,-0.03,0.724396288394928,1.3284852504730225
1.6492834091186523,-0.024075236171483994,0.6537410616874695,-0.06280014663934708,0.028583619743585587,0.3352915942668915,-0.9395843148231506,-0.014644678682088852,0.06288360059261322,0.2249566912651062,0.43061941862106323,-0.2011493593454361,-0.35275691747665405,-0.5490028858184814,-0.027245203033089638,0.5111406445503235,0.8953739404678345,0.11676787585020065,-0.36422035098075867,0.05096858739852905,-0.06416862457990646,0.2706630825996399,-0.010036819614470005,1.3941632509231567,-0.6798767447471619,-0.03,0.7457036375999451,1.294954538345337
1.6494091749191284,-0.02546645887196064,0.6512131690979004,-0.06507817655801773,0.03071022965013981,0.3331016004085541,-0.940140962600708,-0.024513782933354378,0.060732390731573105,0.21711142361164093,0.45666608214378357,-0.2034873068332672,-0.36661407351493835,-0.5565698742866516,-0.02812403440475464,0.5133823752403259,0.9220755696296692,0.1166154071688652,-0.3803800344467163,0.07531238347291946,-0.08957591652870178,0.28192028403282166,-0.005844539031386375,1.389520287513733,-0.6772065758705139,-0.03,0.7673810720443726,1.2614030838012695
1.6495834589004517,-0.026695679873228073,0.6488388180732727,-0.06708171963691711,0.03275645524263382,0.33071961998939514,-0.940771758556366,-0.033331386744976044,0.05859846994280815,0.20846746861934662,0.4802786707878113,-0.20555797219276428,-0.3793069124221802,-0.5629338026046753,-0.029509810730814934,0.5146641731262207,0.9462867379188538,0.11658229678869247,-0.3953666388988495,0.09861837327480316,-0.11484313756227493,0.29104098677635193,-7.985441334312782e-05,1.3859217166900635,-0.6763354539871216,-0.03,0.7890229821205139,1.2284168004989624
1.6497349739074707,-0.027837488800287247,0.6466198563575745,-0.06875385344028473,0.03461886942386627,0.32847416400909424,-0.9413707852363586,-0.041285786777734756,0.05690903961658478,0.19998475909233093,0.5018606781959534,-0.20767468214035034,-0.39099955558776855,-0.5683828592300415,-0.030678002163767815,0.5153183937072754,0.9680473804473877,0.11638228595256805,-0.40893152356147766,0.12004145979881287,-0.13823918998241425,0.29917243123054504,0.00820156279951334,1.3835848569869995,-0.6781648993492126,-0.03,0.8102658987045288,1.2041592597961426
1.6498678922653198,-0.02887846529483795,0.6445621252059937,-0.07016643136739731,0.036210961639881134,0.32674264907836914,-0.9418091773986816,-0.048252709209918976,0.055593814700841904,0.19252149760723114,0.5212403535842896,-0.20987465977668762,-0.4017529785633087,-0.5733404755592346,-0.031182775273919106,0.5162714123725891,0.9874446392059326,0.11614495515823364,-0.42090168595314026,0.14040546119213104,-0.1592951864004135,0.306545227766037,0.01789424940943718,1.3819812536239624,-0.6814009547233582,-0.03,0.8310062885284424,1.1844302415847778
1.6499937772750854,-0.02980463206768036,0.6426738500595093,-0.0713655948638916,0.03749406337738037,0.3257969319820404,-0.9419963955879211,-0.05423907935619354,0.05465136095881462,0.1869322657585144,0.5385940074920654,-0.2118222415447235,-0.41168615221977234,-0.5780525207519531,-0.03071148507297039,0.5181772708892822,1.0045559406280518,0.11598064005374908,-0.43117794394493103,0.16023854911327362,-0.17834609746932983,0.3132937252521515,0.027807461097836494,1.3812717199325562,-0.6852269172668457,-0.03,0.8521061539649963,1.1649221181869507
1.650121808052063,-0.030609987676143646,0.64092618227005,-0.07234108448028564,0.038506414741277695,0.32555270195007324,-0.9419655799865723,-0.05952661484479904,0.054148148745298386,0.18310892581939697,0.5545328259468079,-0.21360591053962708,-0.4210619628429413,-0.5825507640838623,-0.029297994449734688,0.5209178328514099,1.0197309255599976,0.11589685082435608,-0.4399964213371277,0.17908237874507904,-0.1955300271511078,0.31958717107772827,0.03767919912934303,1.3813294172286987,-0.6896080374717712,-0.03,0.8743423819541931,1.143114686012268
1.6502360105514526,-0.031324028968811035,0.63926100730896,-0.07311723381280899,0.03927110508084297,0.3258044123649597,-0.9417871236801147,-0.0644492506980896,0.05406862497329712,0.18020951747894287,0.5694788098335266,-0.21594081819057465,-0.4301263391971588,-0.5870096683502197,-0.02705555595457554,0.5241766571998596,1.0335729122161865,0.1158350259065628,-0.4477458596229553,0.19626329839229584,-0.21112728118896484,0.32589760422706604,0.04721153527498245,1.3822237253189087,-0.694946825504303,-0.03,0.8973004817962646,1.1192047595977783
1.6503349542617798,-0.0319957360625267,0.6376457810401917,-0.07378988713026047,0.03984472528100014,0.3265126645565033,-0.9414653182029724,-0.06918364763259888,0.05421174690127373,0.17765435576438904,0.583959698677063,-0.21764475107192993,-0.4391845762729645,-0.5915561318397522,-0.02408006228506565,0.5280271768569946,1.0465586185455322,0.11577129364013672,-0.4547263979911804,0.2116611897945404,-0.22515811026096344,0.33267509937286377,0.05644850432872772,1.383501648902893,-0.7014368176460266,-0.03,0.920188307762146,1.094200849533081
1.650412678718567,-0.03265855088829994,0.636006772518158,-0.07438411563634872,0.04026177525520325,0.32752102613449097,-0.9410504102706909,-0.0739305168390274,0.05463174358010292,0.1754521131515503,0.598298966884613,-0.21998828649520874,-0.4483320713043213,-0.5963473916053772,-0.020432284101843834,0.5322789549827576,1.059330940246582,0.11569501459598541,-0.46135106682777405,0.2250065803527832,-0.2376876175403595,0.3402295410633087,0.06547509878873825,1.3850475549697876,-0.7090557217597961,-0.03,0.9424671530723572,1.0679068565368652
1.650473713874817,-0.033345114439725876,0.6343231797218323,-0.07490953058004379,0.04060816019773483,0.32859140634536743,-0.9406206011772156,-0.07899025082588196,0.05534883216023445,0.17330139875411987,0.6131851673126221,-0.22205717861652374,-0.4577208161354065,-0.6012158989906311,-0.01643165946006775,0.5364636182785034,1.0721532106399536,0.1155497208237648,-0.4679298400878906,0.2359439879655838,-0.24857385456562042,0.34858438372612,0.07469519227743149,1.3867547512054443,-0.7175385355949402,-0.03,0.9634857773780823,1.0396257638931274
1.6505210399627686,-0.0340537503361702,0.6325737237930298,-0.07534465193748474,0.04094657301902771,0.3295837938785553,-0.9402238130569458,-0.08439590781927109,0.05633387714624405,0.17079773545265198,0.6287863254547119,-0.22401151061058044,-0.46743470430374146,-0.606044590473175,-0.012257248163223267,0.5402917265892029,1.0851961374282837,0.11531245708465576,-0.4746420979499817,0.2444409877061844,-0.2576757073402405,0.3576655685901642,0.08475080132484436,1.3881648778915405,-0.7268475294113159,-0.03,0.9825466275215149,1.0095247030258179
1.6505377292633057,-0.03475479781627655,0.6307250261306763,-0.07571055740118027,0.04124675318598747,0.3303889334201813,-0.9398987889289856,-0.09045599400997162,0.05747625231742859,0.1673346608877182,0.645254909992218,-0.22646842896938324,-0.477539986371994,-0.6110612750053406,-0.007993189617991447,0.5436986684799194,1.0986745357513428,0.11504147201776505,-0.48157405853271484,0.2506922781467438,-0.2652391493320465,0.36736392974853516,0.09602739661931992,1.3888568878173828,-0.7372689247131348,-0.03,0.9988567233085632,0.9785410165786743
1.6505111455917358,-0.03541628271341324,0.6287674307823181,-0.0760774314403534,0.04148326814174652,0.33099880814552307,-0.9396440982818604,-0.09749785810709,0.05874749645590782,0.16354884207248688,0.6629061698913574,-0.22876249253749847,-0.4879843592643738,-0.61650550365448,-0.00371736753731966,0.5468711256980896,1.1126768589019775,0.11481040716171265,-0.4887176752090454,0.25527793169021606,-0.27175530791282654,0.3775101900100708,0.10833480954170227,1.388346791267395,-0.748960554599762,-0.03,1.0120282173156738,0.9480893611907959
1.6504461765289307,-0.03598950430750847,0.6267744302749634,-0.07655288279056549,0.04167989268898964,0.3315017819404602,-0.9394195079803467,-0.10582699626684189,0.059840455651283264,0.15915226936340332,0.6821976900100708,-0.23070557415485382,-0.49787452816963196,-0.6223363280296326,0.00035002766526304185,0.5502104759216309,1.1267943382263184,0.1147761419415474,-0.49580228328704834,0.2590971291065216,-0.2779160737991333,0.38771775364875793,0.12106887251138687,1.3864002227783203,-0.761703372001648,-0.03,1.0223623514175415,0.9187107682228088
1.6503623723983765,-0.03644849359989166,0.6249076724052429,-0.07724469155073166,0.041918035596609116,0.3320869505405426,-0.939145565032959,-0.11547945439815521,0.0605773851275444,0.1548250913619995,0.7034823298454285,-0.23134469985961914,-0.5055764317512512,-0.6281095147132874,0.003928537014871836,0.5541970729827881,1.1401000022888184,0.11509254574775696,-0.5023319721221924,0.2632755935192108,-0.28455355763435364,0.3975948691368103,0.13324657082557678,1.3830519914627075,-0.775189220905304,-0.03,1.0304648876190186,0.8905931115150452
1.6502366065979004,-0.036821283400058746,0.623279333114624,-0.07818465679883957,0.04219266399741173,0.33289462327957153,-0.9387694597244263,-0.12582892179489136,0.06084657460451126,0.15090586245059967,0.7257912158966064,-0.23183175921440125,-0.5118128657341003,-0.6336084604263306,0.007016739808022976,0.5589287281036377,1.1519285440444946,0.11561965942382812,-0.507888674736023,0.26815086603164673,-0.2924569845199585,0.4071832597255707,0.1444195806980133,1.3783955574035645,-0.7896643280982971,-0.03,1.0366451740264893,0.8666413426399231
1.6499888896942139,-0.03711019456386566,0.6218130588531494,-0.07923398911952972,0.04231083765625954,0.3338075876235962,-0.9383518099784851,-0.13598105311393738,0.061245255172252655,0.14889492094516754,0.7464316487312317,-0.2299739569425583,-0.5160901546478271,-0.6393264532089233,0.010068242438137531,0.5639520287513733,1.1625595092773438,0.11620128899812698,-0.5124315023422241,0.27372297644615173,-0.30269408226013184,0.41660410165786743,0.15390363335609436,1.3720887899398804,-0.8054555058479309,-0.03,1.0411280393600464,0.8465101718902588
1.649616003036499,-0.03735435754060745,0.6205271482467651,-0.08034432679414749,0.0423206202685833,0.33488285541534424,-0.9378736615180969,-0.146246999502182,0.06201377138495445,0.14859013259410858,0.7664414048194885,-0.22564402222633362,-0.5189570784568787,-0.6450312733650208,0.013174784369766712,0.5691549181938171,1.171891212463379,0.11670522391796112,-0.5159268379211426,0.28028443455696106,-0.3155936002731323,0.42572417855262756,0.16126827895641327,1.3640336990356445,-0.8222746253013611,-0.03,1.0445499420166016,0.8298612833023071
1.6491376161575317,-0.03759128600358963,0.6194177865982056,-0.08149000257253647,0.04231838509440422,0.3361682593822479,-0.9373149275779724,-0.15667365491390228,0.06317877024412155,0.14950180053710938,0.7864937782287598,-0.22013825178146362,-0.5200617909431458,-0.6504579782485962,0.016349514946341515,0.5744982957839966,1.1800132989883423,0.11706408858299255,-0.5185055732727051,0.2879881262779236,-0.3312588930130005,0.43442851305007935,0.16663922369480133,1.354591727256775,-0.8397873044013977,-0.03,1.0475248098373413,0.8160401582717896
1.648558497428894,-0.03785612806677818,0.6184594631195068,-0.08264791965484619,0.04234658181667328,0.33765697479248047,-0.9366769194602966,-0.16730450093746185,0.06473294645547867,0.15120753645896912,0.8068643808364868,-0.21422384679317474,-0.5194161534309387,-0.6555265784263611,0.019636603072285652,0.579875648021698,1.187126874923706,0.11719956248998642,-0.520310640335083,0.2967735230922699,-0.3497488796710968,0.4426531195640564,0.17056311666965485,1.3443729877471924,-0.857699453830719,-0.03,1.0504107475280762,0.8042801022529602
1.647868037223816,-0.03818930685520172,0.6176246404647827,-0.08375225216150284,0.042390353977680206,0.33930814266204834,-0.935979962348938,-0.1783062070608139,0.0668787881731987,0.15343685448169708,0.8278627991676331,-0.2085937112569809,-0.51700758934021,-0.6602165102958679,0.023154037073254585,0.5849946141242981,1.1933685541152954,0.11694705486297607,-0.521453857421875,0.30639004707336426,-0.37079426646232605,0.4504520297050476,0.17428503930568695,1.333775281906128,-0.8758278489112854,-0.03,1.053077220916748,0.7938539385795593
1.6470524072647095,-0.0386296883225441,0.6168887615203857,-0.08472239226102829,0.042410340160131454,0.34107381105422974,-0.9352496266365051,-0.18980644643306732,0.06989970803260803,0.15604844689369202,0.8496395945549011,-0.2033328413963318,-0.513012707233429,-0.6645457744598389,0.02704847976565361,0.5895066261291504,1.1988502740859985,0.1161455288529396,-0.5220394730567932,0.316518634557724,-0.39387428760528564,0.45795053243637085,0.17918641865253448,1.3231347799301147,-0.8942182660102844,-0.03,1.0552324056625366,0.7840952277183533
1.6461068391799927,-0.039211615920066833,0.6162227988243103,-0.08550325036048889,0.0423860177397728,0.34290066361427307,-0.9345114827156067,-0.20171862840652466,0.0739968940615654,0.1590791642665863,0.8720402717590332,-0.1985490322113037,-0.5076668858528137,-0.6685001850128174,0.03141767159104347,0.5931872725486755,1.2036899328231812,0.11476129293441772,-0.5220777988433838,0.3268805146217346,-0.418333500623703,0.4652661979198456,0.1861787587404251,1.3125451803207397,-0.9130535125732422,-0.03,1.056656837463379,0.7743152379989624
1.6450437307357788,-0.03995843976736069,0.6155936121940613,-0.0860835388302803,0.04232771694660187,0.34476131200790405,-0.9337760210037231,-0.21367764472961426,0.07918863743543625,0.16267725825309753,0.8945530652999878,-0.19450131058692932,-0.5012855529785156,-0.6721072793006897,0.036268845200538635,0.5959194302558899,1.2081290483474731,0.11269334703683853,-0.5217719674110413,0.3373694121837616,-0.44350749254226685,0.472443163394928,0.19554132223129272,1.3017739057540894,-0.93256676197052,-0.03,1.057326316833496,0.7638528347015381
1.643923044204712,-0.04097450524568558,0.6149583458900452,-0.08642127364873886,0.042360931634902954,0.34677478671073914,-0.9329973459243774,-0.22622160613536835,0.08712149411439896,0.17189383506774902,0.9166733622550964,-0.20537599921226501,-0.49087297916412354,-0.675026535987854,0.0417461134493351,0.597653329372406,1.2125661373138428,0.10970999300479889,-0.5214545726776123,0.34827256202697754,-0.4686797261238098,0.47964808344841003,0.20702926814556122,1.2903993129730225,-0.9528155326843262,-0.03,1.0571948289871216,0.7521334290504456
1.6427987813949585,-0.042211998254060745,0.6142282485961914,-0.08669040352106094,0.04253784194588661,0.3481965661048889,-0.9324346780776978,-0.23917745053768158,0.0974682942032814,0.1871756762266159,0.9375491142272949,-0.22602540254592896,-0.4777904450893402,-0.6774958968162537,0.046659890562295914,0.59784334897995,1.217707872390747,0.10642962157726288,-0.5220661759376526,0.35808065533638,-0.4932320713996887,0.4865816533565521,0.22128425538539886,1.2783877849578857,-0.9744821786880493,-0.03,1.055923342704773,0.7383437156677246
1.641663670539856,-0.04353557154536247,0.6133756637573242,-0.08712998032569885,0.04266521334648132,0.3485547602176666,-0.9322540163993835,-0.2517671585083008,0.10885637253522873,0.2056254744529724,0.9556630253791809,-0.24,-0.4652356803417206,-0.680497944355011,0.05029856786131859,0.596566379070282,1.2239100933074951,0.1032394990324974,-0.5236725211143494,0.3661196529865265,-0.5167481899261475,0.49267640709877014,0.23853640258312225,1.2655690908432007,-0.9985997676849365,-0.03,1.0531716346740723,0.7219721674919128
1.6405326128005981,-0.04485655203461647,0.6124216318130493,-0.08775997161865234,0.04264622926712036,0.3481123745441437,-0.9323611259460449,-0.2629348933696747,0.1203690767288208,0.22587864100933075,0.9700108766555786,-0.24,-0.4548991322517395,-0.6843928098678589,0.052833326160907745,0.5941787958145142,1.230955958366394,0.0997282862663269,-0.526055097579956,0.3733796179294586,-0.5391466021537781,0.49778419733047485,0.2572302520275116,1.2512792348861694,-1.0254545211791992,-0.03,1.0490968227386475,0.7034759521484375
1.6394245624542236,-0.04612833634018898,0.6113917827606201,-0.08847393840551376,0.042432013899087906,0.3474160134792328,-0.932563066482544,-0.2720794677734375,0.13154016435146332,0.2469295859336853,0.9806960821151733,-0.24,-0.44773250818252563,-0.6889768838882446,0.055184368044137955,0.5917345881462097,1.2383915185928345,0.0964585468173027,-0.5286815762519836,0.38128533959388733,-0.5608956217765808,0.5023172497749329,0.2758404314517975,1.2351539134979248,-1.0548025369644165,-0.03,1.0445733070373535,0.6837246417999268
1.638361930847168,-0.04730037599802017,0.6103097796440125,-0.0892220139503479,0.04201575368642807,0.34671345353126526,-0.9327720403671265,-0.27926260232925415,0.14177890121936798,0.26736417412757874,0.9883586764335632,-0.24,-0.44391679763793945,-0.6941812634468079,0.057609524577856064,0.5895448923110962,1.2459512948989868,0.09332075715065002,-0.53127521276474,0.3902915418148041,-0.5826127529144287,0.5069297552108765,0.29332154989242554,1.217408537864685,-1.0863308906555176,-0.03,1.0409964323043823,0.6632635593414307
1.6373682022094727,-0.04833554849028587,0.6091932654380798,-0.0899762362241745,0.041451118886470795,0.34605181217193604,-0.9329706430435181,-0.2851240932941437,0.1505550891160965,0.285370796918869,0.9941089153289795,-0.24,-0.44290462136268616,-0.6997928023338318,0.06,0.5877918601036072,1.2535103559494019,0.09053447842597961,-0.5338032245635986,0.4002431333065033,-0.6045069694519043,0.5120653510093689,0.30949318408966064,1.1983400583267212,-1.1195704936981201,-0.03,1.038928747177124,0.6423548460006714
1.6364688873291016,-0.04921209067106247,0.6080352663993835,-0.0906674787402153,0.040834490209817886,0.34551140666007996,-0.933131217956543,-0.290324330329895,0.15774714946746826,0.29961708188056946,0.9992457628250122,-0.24,-0.4436425268650055,-0.7055116891860962,0.06,0.5865760445594788,1.2610783576965332,0.08819938451051712,-0.5363075733184814,0.4109143316745758,-0.626477837562561,0.5180158019065857,0.32475000619888306,1.1784648895263672,-1.153920292854309,-0.03,1.0380313396453857,0.6211701035499573
1.6356921195983887,-0.04992092400789261,0.6068311333656311,-0.09121774137020111,0.04029387980699539,0.3451685905456543,-0.9332278966903687,-0.2953481674194336,0.1635674238204956,0.3095216453075409,1.0051440000534058,-0.24,-0.4455946385860443,-0.7109590768814087,0.06,0.5858926177024841,1.268665075302124,0.08630960434675217,-0.5388619303703308,0.42198652029037476,-0.6483076810836792,0.5249315500259399,0.3397957384586334,1.158275842666626,-1.1885658502578735,-0.03,1.0376442670822144,0.5999157428741455
1.6350551843643188,-0.050453197211027145,0.6055697202682495,-0.09156867116689682,0.03992214798927307,0.3450606167316437,-0.9332494735717773,-0.30066898465156555,0.16836346685886383,0.31503093242645264,1.0131151676177979,-0.24,-0.4480665922164917,-0.7158768177032471,0.06,0.5857372879981995,1.2763309478759766,0.0849037691950798,-0.5415368676185608,0.4330894351005554,-0.669941246509552,0.5327925086021423,0.3550427258014679,1.1380497217178345,-1.2227342128753662,-0.03,1.0373278856277466,0.5788974761962891
1.6345568895339966,-0.050799500197172165,0.6042673587799072,-0.09171931445598602,0.03976208344101906,0.3451501131057739,-0.9332084059715271,-0.30662164092063904,0.17235985398292542,0.3164867162704468,1.023862600326538,-0.24,-0.45021453499794006,-0.720140814781189,0.06,0.5860652923583984,1.2839964628219604,0.08401264995336533,-0.5443275570869446,0.4437919557094574,-0.6915039420127869,0.5413343906402588,0.37060508131980896,1.1177672147750854,-1.255876898765564,-0.03,1.0369529724121094,0.5583556294441223
1.6341782808303833,-0.050957128405570984,0.6029635667800903,-0.09171393513679504,0.03977940231561661,0.3454133868217468,-0.9331107139587402,-0.313423216342926,0.17578545212745667,0.3145384192466736,1.036768913269043,-0.24,-0.45196232199668884,-0.7238073348999023,0.06,0.5869057774543762,1.2914644479751587,0.08365552127361298,-0.5470977425575256,0.4538218080997467,-0.7132279872894287,0.5500893592834473,0.3864121735095978,1.0969973802566528,-1.287762999534607,-0.03,1.0367684364318848,0.5383647084236145
1.6338849067687988,-0.05092434212565422,0.6016413569450378,-0.09158485382795334,0.039856091141700745,0.3457779288291931,-0.9329851269721985,-0.3213779628276825,0.1789393424987793,0.3102111220359802,1.0516716241836548,-0.24,-0.45295071601867676,-0.7272481918334961,0.06,0.5881960391998291,1.2988054752349854,0.08380794525146484,-0.5497896671295166,0.4628550708293915,-0.7353987097740173,0.5586618185043335,0.4023842215538025,1.075088620185852,-1.3186346292495728,-0.03,1.0370765924453735,0.5187508463859558
1.6336479187011719,-0.05070333555340767,0.6002721786499023,-0.09137395024299622,0.03991794213652611,0.34614431858062744,-0.9328672289848328,-0.33067792654037476,0.18199117481708527,0.30431491136550903,1.0684401988983154,-0.24,-0.45325320959091187,-0.7307764887809753,0.06,0.5898662805557251,1.3061972856521606,0.08447591215372086,-0.552448034286499,0.4705568850040436,-0.7581173181533813,0.5666915774345398,0.41834890842437744,1.0514636039733887,-1.3488571643829346,-0.03,1.0380052328109741,0.4993322491645813
1.6334495544433594,-0.05030252784490585,0.5988249182701111,-0.09110601246356964,0.039939023554325104,0.3464733362197876,-0.9327704310417175,-0.34107542037963867,0.18492454290390015,0.29737359285354614,1.0865414142608643,-0.24,-0.45347803831100464,-0.7345703840255737,0.06,0.5919029712677002,1.3138269186019897,0.08564910292625427,-0.555141031742096,0.4768376648426056,-0.7813563346862793,0.5737399458885193,0.4339125454425812,1.0254137516021729,-1.3788440227508545,-0.03,1.0395179986953735,0.4801376163959503
1.6332799196243286,-0.049742475152015686,0.5972726345062256,-0.09078918397426605,0.03990735858678818,0.34676027297973633,-0.9326959848403931,-0.3520597219467163,0.18779821693897247,0.29034313559532166,1.1052607297897339,-0.24,-0.4541268050670624,-0.7387287020683289,0.06,0.5942699313163757,1.3218518495559692,0.08726443350315094,-0.5579320192337036,0.48176050186157227,-0.805109441280365,0.5794482231140137,0.4487787187099457,0.9964550137519836,-1.4091098308563232,-0.03,1.0414156913757324,0.4612390995025635
1.6331274509429932,-0.04904189705848694,0.5956056118011475,-0.09043172001838684,0.039801985025405884,0.3470419943332672,-0.9326304793357849,-0.3630934953689575,0.19057130813598633,0.28375568985939026,1.1237975358963013,-0.24,-0.4558820128440857,-0.7433110475540161,0.06,0.5970107913017273,1.3303184509277344,0.08929707109928131,-0.5608111619949341,0.4855464994907379,-0.8293724656105042,0.5835729241371155,0.46265411376953125,0.9644579887390137,-1.4402316808700562,-0.03,1.0435832738876343,0.44271859526634216
1.6329917907714844,-0.048221658915281296,0.5938279032707214,-0.09003528952598572,0.039620134979486465,0.347378671169281,-0.9325513243675232,-0.3737102150917053,0.19322562217712402,0.2779749631881714,1.141568899154663,-0.24,-0.4591914713382721,-0.7482856512069702,0.06,0.6001743078231812,1.3391931056976318,0.09171053022146225,-0.5637434124946594,0.48852163553237915,-0.8541018962860107,0.5859036445617676,0.47528186440467834,0.929477870464325,-1.4726454019546509,-0.03,1.0458484888076782,0.42466869950294495
1.632871150970459,-0.04729876667261124,0.5919530987739563,-0.08960948139429092,0.039349064230918884,0.347834050655365,-0.9324340224266052,-0.3836071789264679,0.1957414150238037,0.27321645617485046,1.158191442489624,-0.24,-0.46424350142478943,-0.7536273002624512,0.06,0.6038278937339783,1.3483881950378418,0.09446703642606735,-0.5666580200195312,0.4910430312156677,-0.8792631030082703,0.5862558484077454,0.4865166246891022,0.8917187452316284,-1.5067436695098877,-0.03,1.048040509223938,0.40722617506980896
1.6327664852142334,-0.04628496244549751,0.5900059938430786,-0.08917081356048584,0.038972385227680206,0.34844648838043213,-0.9322631359100342,-0.39259135723114014,0.19809141755104065,0.269611656665802,1.1733641624450684,-0.24,-0.47110819816589355,-0.7593053579330444,0.06,0.608025074005127,1.3577669858932495,0.09756247699260712,-0.5694765448570251,0.49340206384658813,-0.9047629833221436,0.5844520330429077,0.49633410573005676,0.8513699769973755,-1.5428533554077148,-0.03,1.0499587059020996,0.3905487358570099
1.6326826810836792,-0.04518826678395271,0.5880187153816223,-0.08873965591192245,0.03848543390631676,0.34923359751701355,-0.9320299625396729,-0.40053778886795044,0.20021703839302063,0.2672055959701538,1.1868802309036255,-0.24,-0.4796968400478363,-0.765250027179718,0.06,0.6127960681915283,1.367158055305481,0.10098721086978912,-0.5721234679222107,0.49582722783088684,-0.9304417371749878,0.5803900361061096,0.5047304630279541,0.8087893128395081,-1.5811514854431152,-0.03,1.051355004310608,0.3746952712535858
1.6326287984848022,-0.04401634261012077,0.5860326290130615,-0.08833508938550949,0.037904318422079086,0.35019439458847046,-0.9317317605018616,-0.4073333144187927,0.202042818069458,0.26599276065826416,1.1985859870910645,-0.24,-0.4897926151752472,-0.7713300585746765,0.06,0.6181390285491943,1.3763682842254639,0.10473482310771942,-0.5745415091514587,0.49848437309265137,-0.956031084060669,0.574028730392456,0.5117633938789368,0.7642810344696045,-1.6215994358062744,-0.03,1.0519733428955078,0.35952475666999817
1.6326173543930054,-0.04277485981583595,0.5840955972671509,-0.08797585964202881,0.03725602477788925,0.35132333636283875,-0.9313667416572571,-0.41284316778182983,0.20348073542118073,0.26599252223968506,1.2083096504211426,-0.24,-0.5011154413223267,-0.7773732542991638,0.06,0.6240527629852295,1.385170817375183,0.1088142991065979,-0.5766690969467163,0.5015413165092468,-0.981210470199585,0.5653100609779358,0.517474353313446,0.7179285287857056,-1.6640044450759888,-0.03,1.0516222715377808,0.3448781669139862
1.632657766342163,-0.04146531969308853,0.5822582244873047,-0.08768070489168167,0.03655968979001045,0.352622926235199,-0.9309309720993042,-0.41690874099731445,0.20444545149803162,0.2672874927520752,1.2158169746398926,-0.24,-0.5134294629096985,-0.7832244634628296,0.06,0.6305590867996216,1.3933240175247192,0.11323487758636475,-0.5784311294555664,0.5052151083946228,-1.0056871175765991,0.5541241765022278,0.5217940211296082,0.6696057319641113,-1.7080906629562378,-0.03,1.0501484870910645,0.3306412696838379
1.6327574253082275,-0.04008586332201958,0.5805757641792297,-0.08746073395013809,0.03583058714866638,0.3540897071361542,-0.9304230809211731,-0.4192781448364258,0.20482569932937622,0.2700157165527344,1.2206811904907227,-0.24,-0.5266168117523193,-0.7887309193611145,0.06,0.6376505494117737,1.4005554914474487,0.11799609661102295,-0.5797271132469177,0.509714663028717,-1.0292519330978394,0.5403823852539062,0.5245143175125122,0.6192119121551514,-1.7535115480422974,-0.03,1.0473963022232056,0.31674087047576904
1.6329153776168823,-0.03863140568137169,0.5791009664535522,-0.08731518685817719,0.03507402539253235,0.3556910753250122,-0.9298545718193054,-0.41962727904319763,0.20445983111858368,0.2743070721626282,1.2222445011138916,-0.24,-0.5407600998878479,-0.7937713861465454,0.06,0.6452488899230957,1.4065923690795898,0.12308193743228912,-0.5804473757743835,0.5151723623275757,-1.0518336296081543,0.5241082906723022,0.5253500938415527,0.5669131875038147,-1.7998950481414795,-0.03,1.0432173013687134,0.3031499981880188
1.633126974105835,-0.03709190711379051,0.5778798460960388,-0.08722875267267227,0.03428007289767265,0.35734257102012634,-0.9292589426040649,-0.4175729751586914,0.2031117081642151,0.28024667501449585,1.2195674180984497,-0.24,-0.5561779737472534,-0.7982742190361023,0.06,0.6531639099121094,1.4111796617507935,0.12846383452415466,-0.5805037021636963,0.5215672254562378,-1.0735397338867188,0.5055338740348816,0.5239946842193604,0.5134762525558472,-1.8468506336212158,-0.03,1.0375374555587769,0.2899140417575836
1.6333811283111572,-0.035453081130981445,0.5769508481025696,-0.08716537058353424,0.03343373164534569,0.3589228093624115,-0.9286864995956421,-0.41273462772369385,0.20055647194385529,0.28792300820350647,1.2115893363952637,-0.24,-0.5732882022857666,-0.8022057414054871,0.06,0.6610932946205139,1.4140955209732056,0.1340690553188324,-0.5798198580741882,0.5287526249885559,-1.0946122407913208,0.4850524365901947,0.5202105641365051,0.4603224992752075,-1.8939589262008667,-0.03,1.0303903818130493,0.2771091163158417
1.6336725950241089,-0.03369336575269699,0.5763509273529053,-0.08706890046596527,0.032530393451452255,0.3602912127971649,-0.9281977415084839,-0.4048197567462921,0.19660520553588867,0.2973359525203705,1.1972019672393799,-0.24,-0.5900000000000001,-0.8054943680763245,0.06,0.6686752438545227,1.41510009765625,0.13982541859149933,-0.5783357620239258,0.5365127325057983,-1.115309238433838,0.4631067216396332,0.5138720273971558,0.40927764773368835,-1.9407813549041748,-0.03,1.0218570232391357,0.2647469937801361
1.6340214014053345,-0.031826578080654144,0.5760897397994995,-0.08683505654335022,0.03160165250301361,0.3613431453704834,-0.9278427362442017,-0.3941819667816162,0.19245493412017822,0.309957355260849,1.1770707368850708,-0.24,-0.5900000000000001,-0.8079294562339783,0.06,0.6754686832427979,1.4141159057617188,0.14561036229133606,-0.5761444568634033,0.5445703864097595,-1.135730504989624,0.4402349591255188,0.5051955580711365,0.362015962600708,-1.986851692199707,-0.03,1.011772632598877,0.2527659833431244
1.6344101428985596,-0.0298654455691576,0.5761444568634033,-0.08634839951992035,0.030629904940724373,0.36164018511772156,-0.9278050065040588,-0.38032016158103943,0.18799665570259094,0.32606014609336853,1.1502434015274048,-0.24,-0.5900000000000001,-0.8096062541007996,0.06,0.6803871989250183,1.4112598896026611,0.15110254287719727,-0.5734913945198059,0.5521765947341919,-1.156003713607788,0.41631633043289185,0.49434706568717957,0.31925255060195923,-2.03175950050354,-0.03,1.0008928775787354,0.24164335429668427
1.6351377964019775,-0.02791680209338665,0.5771105885505676,-0.08599460124969482,0.030373863875865936,0.3622586131095886,-0.9276049733161926,-0.36821863055229187,0.18487349152565002,0.34264373779296875,1.1299176216125488,-0.24,-0.5900000000000001,-0.8077000379562378,0.06,0.6853477358818054,1.4040837287902832,0.15592871606349945,-0.5697715878486633,0.5617884397506714,-1.17406165599823,0.3907800316810608,0.4820897877216339,0.28163379430770874,-2.0725178718566895,-0.03,0.990837812423706,0.23096910119056702
1.6363478899002075,-0.02614160254597664,0.5795707702636719,-0.08604530245065689,0.031140102073550224,0.3636409640312195,-0.9270337224006653,-0.3566117584705353,0.18094079196453094,0.35722488164901733,1.1149489879608154,-0.238173708319664,-0.5900000000000001,-0.7999289631843567,0.06,0.6918058395385742,1.3899340629577637,0.1612376719713211,-0.5641880035400391,0.574062705039978,-1.1916167736053467,0.3639153242111206,0.4683172404766083,0.25102996826171875,-2.108619451522827,-0.03,0.9818262457847595,0.22149577736854553
1.6376692056655884,-0.024509930983185768,0.5830433368682861,-0.08581054955720901,0.031728170812129974,0.3652885854244232,-0.9263876080513,-0.34174972772598267,0.17634636163711548,0.3730235695838928,1.0935558080673218,-0.23204602301120758,-0.5900000000000001,-0.7898536920547485,0.06,0.6961732506752014,1.36985182762146,0.1647474616765976,-0.5558919310569763,0.5867992639541626,-1.2134065628051758,0.33715054392814636,0.45211654901504517,0.22643086314201355,-2.14196515083313,-0.03,0.9695040583610535,0.2123616635799408
1.6389884948730469,-0.023097403347492218,0.5873317718505859,-0.08516107499599457,0.03202863782644272,0.36668622493743896,-0.9258849024772644,-0.32486027479171753,0.1719348430633545,0.3896831274032593,1.0667037963867188,-0.22511667013168335,-0.5900000000000001,-0.7779533267021179,0.06,0.6974290609359741,1.3447191715240479,0.16656842827796936,-0.545363187789917,0.5977312922477722,-1.238401174545288,0.3108365535736084,0.43397119641304016,0.20518960058689117,-2.1714413166046143,-0.03,0.9513289332389832,0.203020840883255
1.6403261423110962,-0.021874576807022095,0.5922264456748962,-0.08437680453062057,0.03228478878736496,0.36760035157203674,-0.9255852699279785,-0.3062054514884949,0.16653990745544434,0.4061487019062042,1.0350736379623413,-0.2183147668838501,-0.5900000000000001,-0.7644909024238586,0.06,0.6961451172828674,1.3159010410308838,0.1671345978975296,-0.5334389805793762,0.605821430683136,-1.2638261318206787,0.28468209505081177,0.41409948468208313,0.18555259704589844,-2.1963887214660645,-0.03,0.9256762862205505,0.1941727250814438
1.6416951417922974,-0.02079310268163681,0.5974456071853638,-0.08383728563785553,0.03247929736971855,0.3680309057235718,-0.9254564642906189,-0.2865865230560303,0.1595338135957718,0.42244091629981995,0.9997259378433228,-0.21137188374996185,-0.5873285531997681,-0.750494122505188,0.06,0.6936478614807129,1.2851108312606812,0.167181134223938,-0.520885705947876,0.6113477945327759,-1.2884441614151,0.257975697517395,0.3931191861629486,0.16791664063930511,-2.2182095050811768,-0.03,0.8935452103614807,0.1862487494945526
1.6430245637893677,-0.019872741773724556,0.6027439832687378,-0.08399280905723572,0.03351427987217903,0.36793214082717896,-0.9254446625709534,-0.2642868459224701,0.1493832767009735,0.439105749130249,0.9605521559715271,-0.20431919395923615,-0.5684264302253723,-0.7354419231414795,0.06,0.6912161111831665,1.2546141147613525,0.16729623079299927,-0.5090534090995789,0.6156927347183228,-1.310950756072998,0.22919440269470215,0.3703343868255615,0.15468019247055054,-2.228487491607666,-0.03,0.8783655166625977,0.1965225636959076
1.644229769706726,-0.019147410988807678,0.6080309152603149,-0.08409666270017624,0.03427242115139961,0.36804842948913574,-0.9253612756729126,-0.24202363193035126,0.13919976353645325,0.455323189496994,0.9199044108390808,-0.19815608859062195,-0.5486714839935303,-0.7206173539161682,0.06,0.6880388855934143,1.223374605178833,0.16670064628124237,-0.49642181396484375,0.6175503134727478,-1.3339189291000366,0.20203936100006104,0.34506741166114807,0.14458522200584412,-2.2356536388397217,-0.03,0.8576017022132874,0.20545998215675354
1.6453804969787598,-0.018733367323875427,0.6134385466575623,-0.08383730798959732,0.035137079656124115,0.3686691224575043,-0.9251051545143127,-0.2175528109073639,0.1292121708393097,0.47211694717407227,0.8764356374740601,-0.1931692361831665,-0.5277392268180847,-0.7042532563209534,0.06,0.6837342381477356,1.1905548572540283,0.16511663794517517,-0.48285984992980957,0.6164841055870056,-1.357030987739563,0.17711229622364044,0.3166375160217285,0.13756996393203735,-2.2397499084472656,-0.03,0.8276435732841492,0.21148574352264404
1.6464570760726929,-0.018668681383132935,0.6190312504768372,-0.08317156881093979,0.03595015034079552,0.36948782205581665,-0.9248073101043701,-0.19121666252613068,0.11938490718603134,0.4890037178993225,0.8294830322265625,-0.18917548656463623,-0.5050362944602966,-0.6863449215888977,0.057486869394779205,0.6774911284446716,1.155579924583435,0.16228792071342468,-0.46816444396972656,0.6114954352378845,-1.380900502204895,0.15414117276668549,0.2859894931316376,0.1325812041759491,-2.242586612701416,-0.03,0.7891565561294556,0.21453924477100372
1.6473661661148071,-0.018927209079265594,0.6247308254241943,-0.08216920495033264,0.036312349140644073,0.3700838088989258,-0.9246445298194885,-0.16485117375850677,0.10995415598154068,0.504844069480896,0.7797187566757202,-0.1859256625175476,-0.48042869567871094,-0.6679345965385437,0.045382771641016006,0.6688634157180786,1.1186333894729614,0.15830057859420776,-0.45224812626838684,0.6017929315567017,-1.4062892198562622,0.13257262110710144,0.2547353506088257,0.1281716525554657,-2.2450103759765625,-0.03,0.7443894743919373,0.21304073929786682
1.6479907035827637,-0.01944120228290558,0.6303237080574036,-0.08080209046602249,0.035800639539957047,0.3700818121433258,-0.9247857928276062,-0.14101500809192657,0.1018739566206932,0.5181301832199097,0.729554295539856,-0.18324539065361023,-0.45468196272850037,-0.6503546833992004,0.0344574861228466,0.6575236916542053,1.0806173086166382,0.1533387005329132,-0.43529456853866577,0.5867398381233215,-1.4336153268814087,0.11220124363899231,0.22435279190540314,0.12320566922426224,-2.247436761856079,-0.03,0.6948801279067993,0.20458051562309265
1.6483373641967773,-0.02015177719295025,0.6356826424598694,-0.07896608114242554,0.03436576575040817,0.36925244331359863,-0.9253301024436951,-0.12064937502145767,0.09580414742231369,0.5280218124389648,0.6807374358177185,-0.1811857670545578,-0.42864659428596497,-0.6337628364562988,0.02490874193608761,0.6432496905326843,1.0421302318572998,0.1476394683122635,-0.4176841676235199,0.5656373500823975,-1.4622414112091064,0.09295214712619781,0.1952144354581833,0.11707396805286407,-2.2506091594696045,-0.03,0.6390461325645447,0.1860889047384262
1.6485105752944946,-0.02102225460112095,0.6407793760299683,-0.07664916664361954,0.03221121057868004,0.3675324618816376,-0.9262866973876953,-0.10323911160230637,0.09168750047683716,0.5346722602844238,0.6336051225662231,-0.17961491644382477,-0.4027143120765686,-0.617622435092926,0.016474852338433266,0.6261589527130127,1.0033988952636719,0.1413780301809311,-0.39982977509498596,0.5382503271102905,-1.4910478591918945,0.07441230863332748,0.16668356955051422,0.11002173274755478,-2.255643129348755,-0.03,0.5751985311508179,0.15662656724452972
1.6485848426818848,-0.02202729880809784,0.6455832123756409,-0.07394781708717346,0.02962236851453781,0.36495277285575867,-0.9276116490364075,-0.08800049126148224,0.08913233876228333,0.5385029911994934,0.5881406664848328,-0.17847898602485657,-0.37710440158843994,-0.6015083193778992,0.00886558834463358,0.6066992878913879,0.964863657951355,0.1347229778766632,-0.38218259811401367,0.505043089389801,-1.518645167350769,0.0559416264295578,0.1379440277814865,0.10222037881612778,-2.2625720500946045,-0.03,0.5054610371589661,0.1209394782781601
1.6485650539398193,-0.023159027099609375,0.6500780582427979,-0.07086199522018433,0.02674301154911518,0.3614799380302429,-0.9292984008789062,-0.074711874127388,0.08820419758558273,0.5395486354827881,0.5446498990058899,-0.1777353137731552,-0.35200753808021545,-0.5851611495018005,0.002035564975813031,0.5848864316940308,0.9267174005508423,0.1276836395263672,-0.3649260699748993,0.4660440683364868,-1.5433145761489868,0.03798357769846916,0.108619324862957,0.09202276170253754,-2.270453691482544,-0.03,0.4315946400165558,0.07962194085121155
1.6484452486038208,-0.02442508563399315,0.6542499661445618,-0.06740444153547287,0.023691967129707336,0.35686615109443665,-0.931419312953949,-0.063505157828331,0.08900120109319687,0.5372878909111023,0.5036221146583557,-0.17735396325588226,-0.32758861780166626,-0.5683872103691101,-0.004210423678159714,0.5604575276374817,0.889296293258667,0.1205277144908905,-0.348383367061615,0.42032045125961304,-1.5627208948135376,0.03,0.07955066859722137,0.07655022293329239,-2.2779524326324463,-0.03,0.35446035861968994,0.03159688040614128
1.6482466459274292,-0.025845861062407494,0.6581172347068787,-0.06365984678268433,0.0206277035176754,0.35100609064102173,-0.9339788556098938,-0.05394315347075462,0.09123197942972183,0.5317241549491882,0.4646947383880615,-0.17729851603507996,-0.30368316173553467,-0.5509127378463745,-0.010166465304791927,0.5332639217376709,0.8527269959449768,0.11305292695760727,-0.33278319239616394,0.36754781007766724,-1.5749449729919434,0.03,0.05209474638104439,0.05468307435512543,-2.2842540740966797,-0.03,0.2755802571773529,-0.022137979045510292
1.6479730606079102,-0.027443405240774155,0.6617270708084106,-0.05975189059972763,0.01763780042529106,0.34413942694664,-0.9368492960929871,-0.045176684856414795,0.09442656487226486,0.5236170291900635,0.42673540115356445,-0.17772316932678223,-0.2798738479614258,-0.532626748085022,-0.015754258260130882,0.5038632154464722,0.8168179988861084,0.10520460456609726,-0.31798267364501953,0.30900728702545166,-1.5795668363571167,0.03,0.02764137089252472,0.02780533954501152,-2.288764238357544,-0.03,0.19842006266117096,-0.07828091830015182
1.6476168632507324,-0.02920559048652649,0.6650672554969788,-0.055762678384780884,0.01482829824090004,0.33658096194267273,-0.9398849606513977,-0.03649032860994339,0.0982758104801178,0.5132179856300354,0.389029324054718,-0.17844131588935852,-0.25599029660224915,-0.5136486887931824,-0.020676743239164352,0.4731322228908539,0.7818567752838135,0.09721553325653076,-0.3039889931678772,0.24666571617126465,-1.577172040939331,0.03,0.007229635026305914,-0.0014188659843057394,-2.290034770965576,-0.03,0.12753497064113617,-0.13197334110736847
1.6471847295761108,-0.031062530353665352,0.668062686920166,-0.0516861230134964,0.01229605358093977,0.3287283778190613,-0.9429289102554321,-0.027638619765639305,0.10303834825754166,0.5000009536743164,0.3522331714630127,-0.1800137609243393,-0.23268431425094604,-0.4943307340145111,-0.024454450234770775,0.44211235642433167,0.7484957575798035,0.08932491391897202,-0.29094260931015015,0.18275408446788788,-1.5691643953323364,0.03,-0.008481835946440697,-0.031068403273820877,-2.285396099090576,-0.03,0.06626351177692413,-0.14999999999999997
1.6467058658599854,-0.03289427608251572,0.67067551612854,-0.04746024310588837,0.010044572874903679,0.32099127769470215,-0.9458388686180115,-0.018868159502744675,0.10911386460065842,0.4842388331890106,0.31762635707855225,-0.1824731081724167,-0.21104533970355988,-0.47503700852394104,-0.026687495410442352,0.4117978513240814,0.7169439196586609,0.08174564689397812,-0.2787315249443054,0.11930809915065765,-1.5577815771102905,0.03,-0.019440514966845512,-0.06052522361278534,-2.2715375423431396,-0.03,0.015331974253058434,-0.14999999999999997
1.6462172269821167,-0.034564848989248276,0.673015832901001,-0.04310286417603493,0.007971733808517456,0.313496857881546,-0.9485768675804138,-0.010960662737488747,0.11535602807998657,0.4658319354057312,0.29000000000000004,-0.18453028798103333,-0.19219769537448883,-0.45572629570961,-0.0276662427932024,0.3825278580188751,0.6860819458961487,0.07468752562999725,-0.2666785717010498,0.05723034217953682,-1.545351505279541,0.03,-0.026834458112716675,-0.09013792872428894,-2.24580979347229,-0.03,-0.026595257222652435,-0.14999999999999997
1.6457873582839966,-0.03598323091864586,0.6752497553825378,-0.038716111332178116,0.006017694715410471,0.30612078309059143,-0.9511860013008118,-0.004399474244564772,0.12115603685379028,0.44447916746139526,0.29000000000000004,-0.18552085757255554,-0.17460548877716064,-0.4359161853790283,-0.028155876323580742,0.3540947437286377,0.6543838381767273,0.0683896392583847,-0.2540823817253113,-0.0036338448990136385,-1.533294439315796,0.03,-0.032739486545324326,-0.12054276466369629,-2.206803560256958,-0.059102654457092285,-0.061040349304676056,-0.14999999999999997
1.6454675197601318,-0.037085339426994324,0.6774423122406006,-0.03438522294163704,0.00408027321100235,0.2985960841178894,-0.9537511467933655,0.00023565856099594384,0.1260855793952942,0.41968265175819397,0.29000000000000004,-0.18497002124786377,-0.15800905227661133,-0.4155037999153137,-0.028712555766105652,0.3260350525379181,0.6212021112442017,0.06302136182785034,-0.2407713681459427,-0.0640469640493393,-1.5222055912017822,0.03,-0.03947528824210167,-0.14999999999999997,-2.1549856662750244,-0.09599141031503677,-0.08867616206407547,-0.14999999999999997
1.645300030708313,-0.03781680017709732,0.6795517206192017,-0.030268367379903793,0.00208384171128273,0.2907758951187134,-0.9563099145889282,0.002516915090382099,0.13009370863437653,0.391662061214447,0.29000000000000004,-0.1829960197210312,-0.14268676936626434,-0.3950622081756592,-0.029688820242881775,0.2983728051185608,0.5871858596801758,0.05871379375457764,-0.22711357474327087,-0.12469034641981125,-1.5115039348602295,0.03,-0.04830414429306984,-0.14999999999999997,-2.092000722885132,-0.13286729156970978,-0.1098201721906662,-0.14999999999999997
1.645316243171692,-0.03812963142991066,0.6814546585083008,-0.026661882176995277,-2.9358668598433724e-06,0.2826836109161377,-0.9588425159454346,0.00236866669729352,0.13310839235782623,0.36133885383605957,0.29000000000000004,-0.18013162910938263,-0.12914347648620605,-0.376034140586853,-0.03142809867858887,0.27182650566101074,0.5545454025268555,0.05562591552734375,-0.21417959034442902,-0.1856687217950821,-1.4994876384735107,0.03,-0.059045951813459396,-0.14999999999999997,-2.020078420639038,-0.1694054901599884,-0.12371829897165298,-0.14999999999999997
1.6455446481704712,-0.03804966062307358,0.6830728054046631,-0.02366219274699688,-0.0020903674885630608,0.27456405758857727,-0.9612753391265869,0.0009452583035454154,0.1352737843990326,0.33032819628715515,0.29000000000000004,-0.17707106471061707,-0.11767911165952682,-0.35917139053344727,-0.033920902758836746,0.24708719551563263,0.5250175595283508,0.05376839637756348,-0.20282454788684845,-0.2461661696434021,-1.4841121435165405,0.03,-0.0713810995221138,-0.14999999999999997,-1.9412921667099,-0.20566219091415405,-0.1294279545545578,-0.14999999999999997
1.6460009813308716,-0.03767547011375427,0.684426486492157,-0.021087422966957092,-0.0041016265749931335,0.26681771874427795,-0.9635074138641357,-0.0003225760883651674,0.1370982676744461,0.3000810146331787,0.29000000000000004,-0.17437446117401123,-0.1081726923584938,-0.34409764409065247,-0.03666245937347412,0.22450296580791473,0.4984997510910034,0.05288607254624367,-0.19297507405281067,-0.3046787679195404,-1.4636768102645874,0.03,-0.08543661236763,-0.14999999999999997,-1.8585407733917236,-0.24155589938163757,-0.12744905054569244,-0.14999999999999997
1.646655797958374,-0.037101976573467255,0.6855324506759644,-0.01893450878560543,-0.006124987732619047,0.25988122820854187,-0.9654354453086853,-0.0010777595452964306,0.13885395228862762,0.27224716544151306,0.29000000000000004,-0.17248618602752686,-0.100029356777668,-0.3312281668186188,-0.03929244354367256,0.20487864315509796,0.47513794898986816,0.05280553176999092,-0.18445050716400146,-0.35928869247436523,-1.4376237392425537,0.03,-0.10076374560594559,-0.14999999999999997,-1.7758347988128662,-0.276620090007782,-0.11908530443906784,-0.14999999999999997
1.6474744081497192,-0.036427877843379974,0.6863924860954285,-0.017288140952587128,-0.008165929466485977,0.25394076108932495,-0.9670307040214539,-0.0014394179452210665,0.14041855931282043,0.2490089386701584,0.29000000000000004,-0.171146959066391,-0.0928107351064682,-0.32109177112579346,-0.04181988909840584,0.18867674469947815,0.45570582151412964,0.0533747635781765,-0.17761841416358948,-0.4087817668914795,-1.4053958654403687,0.03,-0.1166921928524971,-0.14999999999999997,-1.6952295303344727,-0.31028851866722107,-0.10749948769807816,-0.14999999999999997
1.6484333276748657,-0.035749293863773346,0.6870438456535339,-0.01616877131164074,-0.010101690888404846,0.24879218637943268,-0.9683692455291748,-0.0019432021072134376,0.14150011539459229,0.23029549419879913,0.29000000000000004,-0.17001992464065552,-0.08602726459503174,-0.3134368062019348,-0.0445101223886013,0.17532417178153992,0.4405336081981659,0.054238297045230865,-0.1729324907064438,-0.4532521963119507,-1.3665052652359009,0.03,-0.13305464386940002,-0.14999999999999997,-1.6170127391815186,-0.34155935049057007,-0.09651563316583633,-0.14999999999999997
1.6494818925857544,-0.03514137119054794,0.6875197887420654,-0.015494375489652157,-0.011840838938951492,0.244186133146286,-0.9695321917533875,-0.0031126546673476696,0.1419445127248764,0.21519820392131805,0.29000000000000004,-0.16895702481269836,-0.08064746111631393,-0.3077990412712097,-0.04741250351071358,0.16408851742744446,0.42943838238716125,0.05536570027470589,-0.17020690441131592,-0.49308645725250244,-1.3214573860168457,0.03,-0.14988525211811066,-0.14999999999999997,-1.540873646736145,-0.3692323565483093,-0.08908405900001526,-0.14999999999999997
1.6505217552185059,-0.03463909402489662,0.6878563165664673,-0.015149857848882675,-0.013450319878757,0.23986876010894775,-0.9705938100814819,-0.004802794195711613,0.14184722304344177,0.2026623785495758,0.29000000000000004,-0.16787518560886383,-0.07706873118877411,-0.3038630485534668,-0.05039435997605324,0.1541917324066162,0.4217008054256439,0.056509144604206085,-0.16909700632095337,-0.5287260413169861,-1.2712948322296143,0.03,-0.16702207922935486,-0.14999999999999997,-1.46652352809906,-0.39234811067581177,-0.08687535673379898,-0.14999999999999997
1.651501178741455,-0.034292466938495636,0.688133180141449,-0.01500896830111742,-0.014895875938236713,0.23565888404846191,-0.9716057181358337,-0.006163241341710091,0.14132440090179443,0.192449688911438,0.29000000000000004,-0.16677813231945038,-0.07308807969093323,-0.3006477355957031,-0.05336209759116173,0.14483648538589478,0.41587045788764954,0.05749521031975746,-0.16893047094345093,-0.5603786706924438,-1.216840147972107,0.03,-0.1837879717350006,-0.14999999999999997,-1.3938485383987427,-0.41072872281074524,-0.09012997150421143,-0.14999999999999997
1.6524074077606201,-0.03416547179222107,0.6883845925331116,-0.014829374849796295,-0.016051454469561577,0.23124486207962036,-0.9726500511169434,-0.00629474176093936,0.14087294042110443,0.18337929248809814,0.29000000000000004,-0.16596943140029907,-0.06815119087696075,-0.2968747913837433,-0.05607040971517563,0.13482694327831268,0.4108002781867981,0.05811520293354988,-0.16934937238693237,-0.5884072780609131,-1.1587588787078857,0.03,-0.19924066960811615,-0.14999999999999997,-1.3227956295013428,-0.42519113421440125,-0.09859411418437958,-0.12223004549741745
1.6532496213912964,-0.0343036875128746,0.6886252164840698,-0.014417784288525581,-0.016825957223773003,0.22639155387878418,-0.9737842082977295,-0.005334694404155016,0.1411696821451187,0.17433083057403564,0.29000000000000004,-0.16560493409633636,-0.06266552954912186,-0.2916286289691925,-0.05827793478965759,0.12327288836240768,0.4057634174823761,0.05822247639298439,-0.17019669711589813,-0.612888753414154,-1.0978187322616577,0.03,-0.21279413998126984,-0.14999999999999997,-1.2535898685455322,-0.43719497323036194,-0.11150938272476196,-0.09179307520389557
1.6540168523788452,-0.034692589193582535,0.6888532042503357,-0.013727799989283085,-0.017288457602262497,0.22103479504585266,-0.9750159382820129,-0.0041837249882519245,0.14250105619430542,0.16450440883636475,0.29000000000000004,-0.1657164990901947,-0.0573534294962883,-0.2848721742630005,-0.05986403301358223,0.10998694598674774,0.400434672832489,0.057820964604616165,-0.17127779126167297,-0.6335917711257935,-1.0353912115097046,0.03,-0.22474487125873566,-0.14999999999999997,-1.1871622800827026,-0.44824159145355225,-0.12769709527492523,-0.06297580152750015
1.6546752452850342,-0.03527214750647545,0.689069926738739,-0.012821889482438564,-0.017613209784030914,0.2151854932308197,-0.976330041885376,-0.0037906866054981947,0.1448327898979187,0.15328183770179749,0.29000000000000004,-0.16622062027454376,-0.05251172557473183,-0.2771436870098114,-0.06084992364048958,0.09517888724803925,0.39471104741096497,0.056982576847076416,-0.1723766326904297,-0.6503806710243225,-0.9731212854385376,0.03,-0.23556573688983917,-0.12993554770946503,-1.1246073246002197,-0.4590425193309784,-0.14636677503585815,-0.03543289378285408
1.6551918983459473,-0.03598088026046753,0.6892666816711426,-0.011782473884522915,-0.017914995551109314,0.20886585116386414,-0.9777091145515442,-0.004823741968721151,0.1479814648628235,0.1404566913843155,0.29000000000000004,-0.16714221239089966,-0.048275381326675415,-0.2690175473690033,-0.061340346932411194,0.07913518697023392,0.3887912333011627,0.055819038301706314,-0.17344196140766144,-0.6632290482521057,-0.9124418497085571,0.03,-0.2455012947320938,-0.09206495434045792,-1.0664623975753784,-0.46950384974479675,-0.1669243425130844,-0.008764944039285183
1.65556001663208,-0.03677795082330704,0.6894440054893494,-0.01066379714757204,-0.01816093921661377,0.20209158957004547,-0.979140043258667,-0.0074602821841835976,0.15171660482883453,0.1259622871875763,0.29000000000000004,-0.1683070808649063,-0.04476812481880188,-0.26062488555908203,-0.06148563325405121,0.06200852990150452,0.3828551173210144,0.05441916361451149,-0.17451979219913483,-0.6721320748329163,-0.8544543981552124,0.03,-0.2545980215072632,-0.05100215971469879,-1.012603521347046,-0.47912415862083435,-0.18837261199951172,0.017279909923672676
1.6557978391647339,-0.03763972595334053,0.689598798751831,-0.009473600424826145,-0.01823488436639309,0.19486388564109802,-0.9806149005889893,-0.011431277729570866,0.15586234629154205,0.10984419286251068,0.29000000000000004,-0.16970574855804443,-0.042033739387989044,-0.2517906427383423,-0.06139179691672325,0.04381287097930908,0.3770742416381836,0.05283176526427269,-0.17583873867988586,-0.6770111918449402,-0.7999613285064697,0.03,-0.2630171477794647,-0.007542967796325684,-0.9619775414466858,-0.4876910150051117,-0.20978166162967682,0.04236598685383797
1.655924677848816,-0.038537636399269104,0.6897256970405579,-0.008252901956439018,-0.018054498359560966,0.18721018731594086,-0.9821192026138306,-0.016470717266201973,0.16012705862522125,0.09246303886175156,0.29000000000000004,-0.17110419273376465,-0.040042903274297714,-0.24251410365104675,-0.06121363118290901,0.024681396782398224,0.37172091007232666,0.05117025226354599,-0.17748109996318817,-0.6776224374771118,-0.7496554255485535,0.03,-0.27099609375,0.03791588544845581,-0.9131070375442505,-0.4954862594604492,-0.23052208125591278,0.06627707183361053
1.6559473276138306,-0.039441511034965515,0.6898242831230164,-0.0070398724637925625,-0.017593448981642723,0.17921271920204163,-0.9836277961730957,-0.02232934720814228,0.16431941092014313,0.07397409528493881,0.29000000000000004,-0.17271658778190613,-0.03859809786081314,-0.2328646332025528,-0.06104370951652527,0.004846420604735613,0.3668708801269531,0.04951821640133858,-0.17944283783435822,-0.6736433506011963,-0.7039819955825806,0.03,-0.2786328196525574,0.08521680533885956,-0.8644972443580627,-0.50285404920578,-0.2501510977745056,0.08947902172803879
1.6558637619018555,-0.04034474864602089,0.6898906230926514,-0.005836079828441143,-0.016842983663082123,0.1709662228822708,-0.9851155877113342,-0.028674349188804626,0.1683611124753952,0.0546104870736599,0.29000000000000004,-0.17440146207809448,-0.03760043531656265,-0.22292333841323853,-0.060846056789159775,-0.015480398200452328,0.3625960946083069,0.047871023416519165,-0.1817101240158081,-0.6648351550102234,-0.6629722118377686,0.03,-0.2857932150363922,0.13363932073116302,-0.8147128224372864,-0.5099738836288452,-0.26816871762275696,0.11299247294664383
1.6556708812713623,-0.04125043749809265,0.6899255514144897,-0.004645449109375477,-0.01582351326942444,0.16251353919506073,-0.9865684509277344,-0.03527529537677765,0.17221282422542572,0.03458714112639427,0.29000000000000004,-0.17617851495742798,-0.03681221231818199,-0.21274684369564056,-0.060590438544750214,-0.036206766963005066,0.3588499426841736,0.04624158516526222,-0.18423141539096832,-0.6511679291725159,-0.626538872718811,0.03,-0.29225197434425354,0.18193815648555756,-0.76267409324646,-0.5169667601585388,-0.28365322947502136,0.1383858323097229
1.6553529500961304,-0.04214634373784065,0.6899264454841614,-0.0034982659853994846,-0.014630776830017567,0.15385068953037262,-0.987979531288147,-0.04231702536344528,0.1757960468530655,0.013878184370696545,0.29000000000000004,-0.17804232239723206,-0.03607397899031639,-0.20267021656036377,-0.06031080335378647,-0.05723448470234871,0.35573726892471313,0.04465080797672272,-0.18699131906032562,-0.6327278017997742,-0.5947782397270203,0.03,-0.298122763633728,0.22931012511253357,-0.7079123258590698,-0.5240925550460815,-0.2951969802379608,0.16790835559368134
1.6549040079116821,-0.04301328584551811,0.6898882985115051,-0.0024461376015096903,-0.013349100016057491,0.14498014748096466,-0.9893413782119751,-0.0498761348426342,0.1789572387933731,-0.007467568852007389,0.29000000000000004,-0.17994360625743866,-0.03518044948577881,-0.1930791139602661,-0.060132961720228195,-0.0784229040145874,0.35351991653442383,0.04314131289720535,-0.19006560742855072,-0.6095971465110779,-0.5676499009132385,0.03,-0.3038759231567383,0.2756398320198059,-0.6503717303276062,-0.5317708253860474,-0.3010200262069702,0.20394806563854218
1.654330849647522,-0.04383235052227974,0.6898092031478882,-0.001527950749732554,-0.012022010050714016,0.13593614101409912,-0.9906433820724487,-0.05782042816281319,0.18156009912490845,-0.02926570735871792,0.29000000000000004,-0.18184839189052582,-0.0339326336979866,-0.18420839309692383,-0.06018789857625961,-0.09961123764514923,0.3523986041545868,0.04176226630806923,-0.1935259997844696,-0.5818305611610413,-0.5447197556495667,0.03,-0.3101786673069,0.32124531269073486,-0.5900194048881531,-0.5401571989059448,-0.2997499704360962,0.24797295033931732
1.6536470651626587,-0.044581878930330276,0.6896923184394836,-0.000765799602959305,-0.010701188817620277,0.12676845490932465,-0.9918742775917053,-0.06601503491401672,0.18351806700229645,-0.05129237100481987,0.29000000000000004,-0.18370380997657776,-0.03216071054339409,-0.17621226608753204,-0.060572363436222076,-0.12064996361732483,0.352399617433548,0.04055427014827728,-0.1973477452993393,-0.5495678186416626,-0.5253328084945679,0.03,-0.3176525831222534,0.36655646562576294,-0.5270348787307739,-0.5487276911735535,-0.290568470954895,0.30003276467323303
1.6528669595718384,-0.04522896558046341,0.6895450353622437,-0.0001856530871009454,-0.009476615116000175,0.1175684779882431,-0.9930194616317749,-0.07428982853889465,0.18474861979484558,-0.07319609820842743,0.29000000000000004,-0.18543706834316254,-0.02962229773402214,-0.1693059206008911,-0.06138751283288002,-0.1412889063358307,0.35345572233200073,0.03956698998808861,-0.20142807066440582,-0.5130654573440552,-0.5089291930198669,0.03,-0.3267325162887573,0.41191112995147705,-0.4625106751918793,-0.5564420819282532,-0.27227675914764404,0.35937657952308655
1.6520179510116577,-0.04573708027601242,0.6893777847290039,0.00020419723296072334,-0.008427822962403297,0.10846525430679321,-0.994064450263977,-0.08252590149641037,0.18521429598331451,-0.0946069061756134,0.29000000000000004,-0.1869913935661316,-0.02624286524951458,-0.16361072659492493,-0.06269676238298416,-0.16124089062213898,0.35538920760154724,0.03881365805864334,-0.20561900734901428,-0.4727286398410797,-0.49494877457618713,0.03,-0.33762067556381226,0.45750197768211365,-0.39833852648735046,-0.5621070265769958,-0.2432669997215271,0.4246044158935547
1.6511574983596802,-0.04608684778213501,0.6892037987709045,0.00042993423994630575,-0.007559631019830704,0.09951020777225494,-0.9950076341629028,-0.09086427837610245,0.18483999371528625,-0.1149255707859993,0.29000000000000004,-0.18824590742588043,-0.022443847730755806,-0.15886802971363068,-0.06450845301151276,-0.18045924603939056,0.357866495847702,0.03845268860459328,-0.20979678630828857,-0.42941224575042725,-0.4825529158115387,0.03,-0.3500000834465027,0.5036605596542358,-0.3367317318916321,-0.5646016597747803,-0.20271161198616028,0.4932765066623688
1.6503556966781616,-0.046293843537569046,0.6890658140182495,0.0004925375105813146,-0.00683776568621397,0.09064926207065582,-0.9958592057228088,-0.09941960871219635,0.183197021484375,-0.13253630697727203,0.29000000000000004,-0.18875500559806824,-0.018478956073522568,-0.15437765419483185,-0.06680241972208023,-0.19927015900611877,0.3600510060787201,0.03846881166100502,-0.2136944681406021,-0.3844924569129944,-0.47061917185783386,0.03,-0.3628673255443573,0.5508134961128235,-0.2799447774887085,-0.5631902813911438,-0.1511693000793457,0.5621347427368164
1.6496797800064087,-0.046389058232307434,0.6889554262161255,0.00044246879406273365,-0.006254467647522688,0.08176670968532562,-0.9966317415237427,-0.10817337781190872,0.1807248294353485,-0.14333683252334595,0.29000000000000004,-0.1883789747953415,-0.0139126842841506,-0.1498086005449295,-0.0694580152630806,-0.21801157295703888,0.3618064224720001,0.038855355232954025,-0.21743406355381012,-0.33949702978134155,-0.45816725492477417,0.03,-0.37548860907554626,0.5994060635566711,-0.22979046404361725,-0.5578699707984924,-0.0899260863661766,0.6284055709838867
1.6491782665252686,-0.046383194625377655,0.6888205409049988,0.0003402339934837073,-0.005847287829965353,0.07267928868532181,-0.997338056564331,-0.11702381819486618,0.17844870686531067,-0.14496541023254395,0.29000000000000004,-0.1876302808523178,-0.00834745168685913,-0.1453486680984497,-0.07244262099266052,-0.2369728535413742,0.36381110548973083,0.039650145918130875,-0.22152172029018402,-0.29568278789520264,-0.4448598623275757,0.03,-0.38824471831321716,0.6500250697135925,-0.18715715408325195,-0.5492194294929504,-0.020260559394955635,0.6907264590263367
1.6488996744155884,-0.04628089442849159,0.6886081099510193,0.0002389145956840366,-0.005587990395724773,0.0632815733551979,-0.9979799389839172,-0.12556639313697815,0.17734253406524658,-0.1369108110666275,0.29000000000000004,-0.1871192902326584,-0.0010757212294265628,-0.14110417664051056,-0.0757615864276886,-0.2563066780567169,0.3667866289615631,0.0408797487616539,-0.2264624536037445,-0.25380533933639526,-0.4304628372192383,0.03,-0.4020839035511017,0.7028780579566956,-0.1519589126110077,-0.537843644618988,0.05667271092534065,0.748310923576355
1.6488860845565796,-0.04609261825680733,0.688279926776886,0.00027250341372564435,-0.005422114860266447,0.053551048040390015,-0.998550295829773,-0.13364474475383759,0.17839251458644867,-0.11980719119310379,0.29000000000000004,-0.1872473657131195,0.0072586131282150745,-0.13678449392318726,-0.07912520319223404,-0.276175856590271,0.3707353174686432,0.04252580925822258,-0.23237669467926025,-0.21433097124099731,-0.41452494263648987,0.03,-0.41749489307403564,0.7573538422584534,-0.12380889058113098,-0.5239366292953491,0.13937203586101532,0.8001903295516968
1.649122714996338,-0.045793864876031876,0.6878408789634705,0.0005322236102074385,-0.005474013276398182,0.043301284313201904,-0.9990469217300415,-0.14204607903957367,0.1817818582057953,-0.09627176821231842,0.29000000000000004,-0.18814530968666077,0.015291895717382431,-0.13225407898426056,-0.08229363709688187,-0.29704323410987854,0.37501755356788635,0.04460899904370308,-0.2389623075723648,-0.17784428596496582,-0.3966354727745056,0.03,-0.4332393705844879,0.8120012879371643,-0.10330650955438614,-0.5072949528694153,0.22576457262039185,0.8454751372337341
1.6495708227157593,-0.045322395861148834,0.6873339414596558,0.000966800726018846,-0.005925562232732773,0.032535750418901443,-0.999452531337738,-0.1513640582561493,0.18676060438156128,-0.06910620629787445,0.29000000000000004,-0.189352884888649,0.023123927414417267,-0.12781651318073273,-0.0853613093495369,-0.31879034638404846,0.37918612360954285,0.04718977212905884,-0.24595139920711517,-0.14409399032592773,-0.3763678967952728,0.03,-0.4465845823287964,0.8651277422904968,-0.09144745022058487,-0.4878193736076355,0.3123171925544739,0.8836206793785095
1.6501985788345337,-0.04461343586444855,0.686815083026886,0.0013442221097648144,-0.0068408772349357605,0.021497953683137894,-0.9997445344924927,-0.16117292642593384,0.19178545475006104,-0.04064968228340149,0.29000000000000004,-0.18995611369609833,0.030815912410616875,-0.12380409985780716,-0.08886390179395676,-0.34075796604156494,0.3830510675907135,0.050405122339725494,-0.25272712111473083,-0.11213173717260361,-0.3532867133617401,0.03640764579176903,-0.45454058051109314,0.9154555797576904,-0.08860823512077332,-0.46573805809020996,0.39455652236938477,0.914214015007019
1.6510080099105835,-0.04363824799656868,0.6863283514976501,0.0015477887354791164,-0.00812570471316576,0.01050326693803072,-0.9999105334281921,-0.17119163274765015,0.19584202766418457,-0.012433068826794624,0.29000000000000004,-0.18944208323955536,0.0381096750497818,-0.12008599936962128,-0.09302281588315964,-0.3623170256614685,0.3864516615867615,0.05428248643875122,-0.2591875195503235,-0.08091758191585541,-0.32714664936065674,0.0507744662463665,-0.45485326647758484,0.9623593091964722,-0.09408339112997055,-0.4408420920372009,0.46792900562286377,0.9374740123748779
1.6520092487335205,-0.04239863157272339,0.6859275102615356,0.0015849207993596792,-0.009635650552809238,-0.00025549728889018297,-0.9999522566795349,-0.18146522343158722,0.19833143055438995,0.01436704397201538,0.29000000000000004,-0.18745291233062744,0.04401027411222458,-0.11589127779006958,-0.09759902209043503,-0.383393794298172,0.3883761167526245,0.05875197798013687,-0.264832466840744,-0.04985642060637474,-0.2983437180519104,0.0682019591331482,-0.4459402859210968,1.0058186054229736,-0.10659560561180115,-0.41216611862182617,0.5289213061332703,0.9552130699157715
1.653198480606079,-0.040911220014095306,0.6856748461723328,0.0014951215125620365,-0.011228823103010654,-0.010773959569633007,-0.9998778104782104,-0.19145365059375763,0.19893047213554382,0.038920070976018906,0.29000000000000004,-0.18383465707302094,0.04857320711016655,-0.11025535315275192,-0.10220084339380264,-0.40436938405036926,0.3875632584095001,0.06380999088287354,-0.2690289318561554,-0.019167691469192505,-0.26784223318099976,0.08869757503271103,-0.426367849111557,1.0461466312408447,-0.12522974610328674,-0.3785450756549835,0.5775355100631714,0.9715450406074524
1.6545755863189697,-0.039206769317388535,0.6855981349945068,0.0012627373216673732,-0.012730536051094532,-0.021034471690654755,-0.9996967911720276,-0.19974854588508606,0.19757406413555145,0.06129307299852371,0.29000000000000004,-0.17878015339374542,0.052129629999399185,-0.10247153788805008,-0.10660450160503387,-0.42549794912338257,0.3833973705768585,0.06940508633852005,-0.27152055501937866,0.010509935207664967,-0.23641841113567352,0.11180673539638519,-0.3950982093811035,1.0834031105041504,-0.14950385689735413,-0.33913421630859375,0.6174300312995911,0.9915818572044373
1.6561403274536133,-0.037322502583265305,0.6856727600097656,0.0008104827720671892,-0.014016748405992985,-0.030781926587224007,-0.9994274377822876,-0.20523782074451447,0.1944383978843689,0.08207353204488754,0.29000000000000004,-0.17283093929290771,0.05534082278609276,-0.0927981287240982,-0.11093924939632416,-0.4462222158908844,0.3766607642173767,0.0753839835524559,-0.2725371718406677,0.03880319371819496,-0.20419856905937195,0.1367134153842926,-0.3521370589733124,1.1166291236877441,-0.17919914424419403,-0.29354149103164673,0.6532080769538879,1.0190601348876953
1.6578493118286133,-0.03527069464325905,0.6858018636703491,0.00013146433047950268,-0.015256471931934357,-0.03966118022799492,-0.999096691608429,-0.20882946252822876,0.1902441531419754,0.10116390883922577,0.29000000000000004,-0.16675297915935516,0.05775221064686775,-0.08285363763570786,-0.1155010461807251,-0.46526673436164856,0.3692115247249603,0.08178460597991943,-0.2727513909339905,0.06592616438865662,-0.17119792103767395,0.16242893040180206,-0.2991577386856079,1.1447582244873047,-0.2132478952407837,-0.24355445802211761,0.6869982481002808,1.0505590438842773
1.6596306562423706,-0.033025629818439484,0.6859022378921509,-0.0007701141876168549,-0.01673952117562294,-0.04751955345273018,-0.9987296462059021,-0.21240533888339996,0.1852208524942398,0.11700194329023361,0.29000000000000004,-0.16095580160617828,0.058825500309467316,-0.0744132548570633,-0.12075646221637726,-0.481760174036026,0.3628431558609009,0.08848781138658524,-0.2731107175350189,0.09210001677274704,-0.13760490715503693,0.18750379979610443,-0.23710346221923828,1.168015480041504,-0.25017067790031433,-0.19265322387218475,0.7189417481422424,1.0788283348083496
1.6614444255828857,-0.030542919412255287,0.6859325170516968,-0.0019351592054590583,-0.01854974590241909,-0.05446448549628258,-0.99834144115448,-0.21713152527809143,0.179043710231781,0.12754176557064056,0.29000000000000004,-0.1554049849510193,0.05811226740479469,-0.06828929483890533,-0.12729685008525848,-0.4956434667110443,0.35888585448265076,0.09521200507879257,-0.2741087079048157,0.11721771955490112,-0.10342477262020111,0.21051180362701416,-0.16622479259967804,1.1870802640914917,-0.2888413667678833,-0.14388446509838104,0.7480370998382568,1.098525047302246
1.6632999181747437,-0.027776796370744705,0.6859100461006165,-0.0034192155580967665,-0.020509302616119385,-0.06074950844049454,-0.9979363679885864,-0.22297096252441406,0.17103052139282227,0.1313711255788803,0.29000000000000004,-0.1497746706008911,0.05523863434791565,-0.06394295394420624,-0.1354800909757614,-0.5076537728309631,0.35764485597610474,0.10147062689065933,-0.27609339356422424,0.14104726910591125,-0.068619005382061,0.23037214577198029,-0.08772728592157364,1.202021598815918,-0.3283143639564514,-0.09884452074766159,0.7731572389602661,1.1079175472259521
1.6652183532714844,-0.024698276072740555,0.6858431696891785,-0.005255952011793852,-0.0223808903247118,-0.06661844998598099,-0.9975135922431946,-0.22954362630844116,0.16074104607105255,0.12755033373832703,0.29000000000000004,-0.1439691185951233,0.05026504024863243,-0.060290150344371796,-0.1453503966331482,-0.5186086297035217,0.35858163237571716,0.10714038461446762,-0.2789772152900696,0.16375502943992615,-0.03416668251156807,0.2464899867773056,-0.004600969608873129,1.213209629058838,-0.3672817349433899,-0.058109212666749954,0.7929219007492065,1.1075924634933472
1.6671911478042603,-0.021323496475815773,0.6857038736343384,-0.007352682761847973,-0.024090459570288658,-0.07231459766626358,-0.9970637559890747,-0.23693081736564636,0.14853812754154205,0.11624132096767426,0.29000000000000004,-0.13796328008174896,0.04306454211473465,-0.05661026015877724,-0.15654897689819336,-0.5290495157241821,0.360964298248291,0.11308665573596954,-0.28248652815818787,0.18591056764125824,-0.0025623554829508066,0.25938138365745544,0.07905566692352295,1.221961498260498,-0.404371052980423,-0.03,0.805854082107544,1.0987745523452759
1.6691842079162598,-0.017732178792357445,0.6854415535926819,-0.009486478753387928,-0.025746090337634087,-0.07822136580944061,-0.9965582489967346,-0.2462824285030365,0.1359340250492096,0.10213723033666611,0.29000000000000004,-0.13212554156780243,0.03372589126229286,-0.05314849317073822,-0.16858027875423431,-0.539772629737854,0.3652174770832062,0.11879042536020279,-0.2868543863296509,0.2079675942659378,0.023234553635120392,0.270747572183609,0.15946245193481445,1.2287017107009888,-0.43845686316490173,-0.03,0.8106305003166199,1.0818639993667603
1.6710882186889648,-0.014072206802666187,0.685019850730896,-0.011513987556099892,-0.02770298905670643,-0.08465873450040817,-0.9959582090377808,-0.2585837244987488,0.12311382591724396,0.08607017993927002,0.29000000000000004,-0.12627699971199036,0.022990120574831963,-0.05201837420463562,-0.18160155415534973,-0.5515628457069397,0.3740484118461609,0.12050563097000122,-0.29353001713752747,0.2306070327758789,0.04061419144272804,0.2822522521018982,0.23416106402873993,1.2313611507415771,-0.468860000371933,-0.03,0.806784987449646,1.055858850479126
1.6728533506393433,-0.010549873113632202,0.6845117211341858,-0.013173957355320454,-0.03008165769279003,-0.09146258980035782,-0.995266854763031,-0.27286627888679504,0.11078059673309326,0.06882105022668839,0.29000000000000004,-0.12052572518587112,0.012450766749680042,-0.0564240962266922,-0.19626230001449585,-0.5631818175315857,0.39278319478034973,0.11590157449245453,-0.3023746907711029,0.2549033463001251,0.04857427999377251,0.2949645519256592,0.30343127250671387,1.22675359249115,-0.495352566242218,-0.03,0.7944842576980591,1.02059805393219
1.6745223999023438,-0.007390832994133234,0.6841146349906921,-0.013875795528292656,-0.03272532671689987,-0.09828795492649078,-0.9945229291915894,-0.2875365614891052,0.1007251963019371,0.0513731949031353,0.29000000000000004,-0.1156843900680542,0.0032560243271291256,-0.06908920407295227,-0.21263661980628967,-0.5712690353393555,0.42656174302101135,0.10811180621385574,-0.30930083990097046,0.2815059423446655,0.04713290184736252,0.3096539080142975,0.368977814912796,1.212971806526184,-0.5186355113983154,-0.03,0.7733460664749146,0.9777634739875793
1.6762306690216064,-0.004735939204692841,0.6839967370033264,-0.012933019548654556,-0.03525683656334877,-0.10476140677928925,-0.9937880635261536,-0.3018965423107147,0.09506501257419586,0.03397378697991371,0.29000000000000004,-0.11212725192308426,-0.005163448862731457,-0.09165432304143906,-0.23010922968387604,-0.5720413327217102,0.47881147265434265,0.10078313946723938,-0.30865952372550964,0.31065675616264343,0.03687753155827522,0.32700881361961365,0.4324149489402771,1.188652515411377,-0.5402452945709229,-0.03,0.7426559925079346,0.929060161113739
1.6780798435211182,-0.0026114494539797306,0.6841192841529846,-0.010346048511564732,-0.037292081862688065,-0.11018269509077072,-0.9931576251983643,-0.3161051571369171,0.09448345750570297,0.017365416511893272,0.29000000000000004,-0.11022590845823288,-0.01485497783869505,-0.12321338802576065,-0.24804705381393433,-0.5656749606132507,0.5489102005958557,0.08887437731027603,-0.3016134202480316,0.3431357145309448,0.01888144016265869,0.3469621539115906,0.49559324979782104,1.1524674892425537,-0.5620688199996948,-0.03,0.7027075886726379,0.875002920627594
1.6801131963729858,-0.0009327058214694262,0.6843199133872986,-0.006848788820207119,-0.03862540051341057,-0.11391641944646835,-0.9927155375480652,-0.3294673264026642,0.09773456305265427,0.003075807588174939,0.29000000000000004,-0.10958971083164215,-0.0268727857619524,-0.1599971055984497,-0.26563209295272827,-0.55543452501297,0.6281413435935974,0.06443265080451965,-0.28855326771736145,0.37927648425102234,-0.006082471925765276,0.36887797713279724,0.5606630444526672,1.1042301654815674,-0.5862840414047241,-0.03,0.6570368409156799,0.8167012333869934
1.682310938835144,0.0004039329360239208,0.684393048286438,-0.0034994184970855713,-0.03946727141737938,-0.1165124922990799,-0.9923984408378601,-0.34153079986572266,0.10199999064207077,-0.009084511548280716,0.29457440972328186,-0.10972371697425842,-0.04027920216321945,-0.19791047275066376,-0.2841030955314636,-0.5473040342330933,0.7068349719047546,0.04280577600002289,-0.2673640549182892,0.41654303669929504,-0.0376640185713768,0.3926549553871155,0.6251550912857056,1.0430175065994263,-0.6161272525787354,-0.03,0.610813558101654,0.7571105360984802
1.684563398361206,0.0015476112021133304,0.6839815378189087,-0.0017589068738743663,-0.04015549644827843,-0.11957477033138275,-0.9920112490653992,-0.3530750870704651,0.10275772958993912,-0.02126201055943966,0.31631869077682495,-0.10995137691497803,-0.05405377596616745,-0.23271338641643524,-0.3031277358531952,-0.5439900159835815,0.777126133441925,0.025329865515232086,-0.2471630871295929,0.4499634802341461,-0.07559851557016373,0.4194307327270508,0.6827738881111145,0.9693170785903931,-0.6538123488426208,-0.03,0.5706681609153748,0.6954464912414551
1.686820149421692,0.002709408989176154,0.6828078031539917,-0.0025707692839205265,-0.04075242578983307,-0.12395384907722473,-0.9914473295211792,-0.36482754349708557,0.09699913114309311,-0.034464702010154724,0.34020155668258667,-0.10934662073850632,-0.06856244057416916,-0.26257991790771484,-0.3230385184288025,-0.5442693829536438,0.8347818851470947,0.017336225137114525,-0.24725086987018585,0.4766717255115509,-0.11818782240152359,0.44973379373550415,0.7312382459640503,0.8833526968955994,-0.6972599029541016,-0.03,0.5384743213653564,0.6277786493301392
1.6889692544937134,0.003968861419707537,0.6807445287704468,-0.005798923317342997,-0.04163020849227905,-0.12895667552947998,-0.9907589554786682,-0.3786667287349701,0.08501312136650085,-0.04785999283194542,0.36881983280181885,-0.10785689949989319,-0.08514424413442612,-0.29006290435791016,-0.34216806292533875,-0.543916642665863,0.8733327388763428,0.014298259280622005,-0.2429881989955902,0.49765825271606445,-0.163483127951622,0.48271578550338745,0.7739617824554443,0.7884731292724609,-0.7444520592689514,-0.03,0.5087443590164185,0.5537977814674377
1.690690040588379,0.005238267593085766,0.678007185459137,-0.010061806999146938,-0.043626636266708374,-0.13271552324295044,-0.9901423454284668,-0.3967995345592499,0.07050495594739914,-0.05904901772737503,0.4022069573402405,-0.1058741882443428,-0.10363538563251495,-0.3134819567203522,-0.36473268270492554,-0.5377753973007202,0.9098533987998962,0.018338339403271675,-0.2525174915790558,0.5170983672142029,-0.2106764167547226,0.5156441330909729,0.8134590983390808,0.6888447403907776,-0.7959171533584595,-0.03,0.47481638193130493,0.47702544927597046
1.6919307708740234,0.006355725694447756,0.6750873327255249,-0.013816225342452526,-0.047043394297361374,-0.1353401392698288,-0.989585280418396,-0.41884344816207886,0.056894052773714066,-0.06873098760843277,0.4359511435031891,-0.10407519340515137,-0.12140048295259476,-0.3332955837249756,-0.38503655791282654,-0.5288368463516235,0.9419561624526978,0.01861667074263096,-0.2651931047439575,0.5347721576690674,-0.2583427131175995,0.5475965738296509,0.8488685488700867,0.5920188426971436,-0.8515446782112122,-0.03,0.43530821800231934,0.40092864632606506
1.6929196119308472,0.0074323127046227455,0.6722872257232666,-0.016871992498636246,-0.05109892413020134,-0.13837672770023346,-0.9889165759086609,-0.44163578748703003,0.043921761214733124,-0.07895547151565552,0.46645694971084595,-0.10233206301927567,-0.1366274654865265,-0.35257330536842346,-0.40271103382110596,-0.5213067531585693,0.9693921208381653,0.02072107419371605,-0.2771036624908447,0.5480363368988037,-0.30488908290863037,0.5783527493476868,0.8755152821540833,0.5059228539466858,-0.9095191955566406,-0.03,0.39405369758605957,0.32844313979148865
1.6937743425369263,0.00850620772689581,0.6696596741676331,-0.019246738404035568,-0.05513293296098709,-0.14255240559577942,-0.9880630373954773,-0.4638541638851166,0.031269997358322144,-0.09096468985080719,0.49385866522789,-0.10067327320575714,-0.14949959516525269,-0.371861070394516,-0.41991016268730164,-0.515287458896637,0.9976210594177246,0.023630330339074135,-0.28472667932510376,0.5564001798629761,-0.35060256719589233,0.6089618802070618,0.8879591226577759,0.43550559878349304,-0.9678988456726074,-0.03,0.35535433888435364,0.2612653076648712
1.6944915056228638,0.009551730938255787,0.6671240329742432,-0.020830726251006126,-0.058933619409799576,-0.14801056683063507,-0.9870084524154663,-0.4861947000026703,0.01898295059800148,-0.10557103902101517,0.5201417207717896,-0.09917661547660828,-0.1609567552804947,-0.39217519760131836,-0.43778079748153687,-0.5112823247909546,1.0297068357467651,0.026092100888490677,-0.28632253408432007,0.5612387657165527,-0.39713940024375916,0.6386228203773499,0.8826516270637512,0.37664565443992615,-1.0247600078582764,-0.03,0.3204617202281952,0.1982724964618683
1.69501531124115,0.010560424998402596,0.6646293997764587,-0.021621782332658768,-0.062432270497083664,-0.15453419089317322,-0.9857756495475769,-0.5090633630752563,0.007041203789412975,-0.12254290282726288,0.5464534759521484,-0.09757757186889648,-0.17148199677467346,-0.4135936200618744,-0.4561455547809601,-0.5084044933319092,1.065332293510437,0.02826385200023651,-0.2818964123725891,0.5642358064651489,-0.44553786516189575,0.6648224592208862,0.8609157204627991,0.3204244077205658,-1.0783326625823975,-0.03,0.28821495175361633,0.13850905001163483
1.6953293085098267,0.011602133512496948,0.6621178388595581,-0.02197650447487831,-0.06546012312173843,-0.16185276210308075,-0.9843959808349609,-0.5314304232597351,-0.005139571614563465,-0.1408882886171341,0.5724235773086548,-0.09621939063072205,-0.18125753104686737,-0.4344502091407776,-0.47479307651519775,-0.5060439109802246,1.1020642518997192,0.03047003038227558,-0.27377450466156006,0.5662244558334351,-0.49573612213134766,0.6866452693939209,0.8267569541931152,0.26343345642089844,-1.1270101070404053,-0.03,0.2590407431125641,0.082961805164814
1.6954498291015625,0.012735836207866669,0.6595740914344788,-0.022381750866770744,-0.06787685304880142,-0.16987907886505127,-0.9828697443008423,-0.5520864725112915,-0.018423644825816154,-0.15961971879005432,0.5972854495048523,-0.09491173177957535,-0.19003921747207642,-0.45258665084838867,-0.493813693523407,-0.504386305809021,1.1372365951538086,0.03506018593907356,-0.2646034359931946,0.5671179890632629,-0.547819972038269,0.7047113180160522,0.7841514348983765,0.20833607017993927,-1.1702866554260254,-0.03,0.23547576367855072,0.03288646787405014
1.695374846458435,0.013940972276031971,0.6569898128509521,-0.0231416504830122,-0.0697852373123169,-0.1784488707780838,-0.9811984896659851,-0.5706858038902283,-0.03321610018610954,-0.17796841263771057,0.6205151677131653,-0.09346309304237366,-0.19758373498916626,-0.46760353446006775,-0.512870728969574,-0.5024884939193726,1.1697344779968262,0.04062502086162567,-0.25675350427627563,0.566737949848175,-0.6018478274345398,0.7198167443275452,0.7371715307235718,0.15890689194202423,-1.209524154663086,-0.03,0.22008676826953888,-0.010250529274344444
1.695091962814331,0.015144618228077888,0.6543309688568115,-0.024282796308398247,-0.07149940729141235,-0.18725845217704773,-0.9794041514396667,-0.5879724025726318,-0.04934671148657799,-0.19549967348575592,0.6423648595809937,-0.09185026586055756,-0.2040078490972519,-0.4811182916164398,-0.5315067172050476,-0.4988507032394409,1.199623465538025,0.04566696286201477,-0.2512964904308319,0.5653290152549744,-0.6571877598762512,0.7324958443641663,0.6897584795951843,0.11720521748065948,-1.2471407651901245,-0.03,0.2140931934118271,-0.04582809656858444
1.6946256160736084,0.016263410449028015,0.6515927314758301,-0.025586506351828575,-0.07321479916572571,-0.1960967481136322,-0.9775125980377197,-0.6047754883766174,-0.06,-0.21233393251895905,0.6633923053741455,-0.09028205275535583,-0.20959509909152985,-0.49451684951782227,-0.5489025712013245,-0.4922041594982147,1.2278807163238525,0.0486271008849144,-0.2479105144739151,0.5630749464035034,-0.7120500206947327,0.7426455616950989,0.6455042958259583,0.08132581412792206,-1.284927487373352,-0.03,0.21627511084079742,-0.07573329657316208
1.6940163373947144,0.017236001789569855,0.6487576961517334,-0.02681496925652027,-0.0750313326716423,-0.20479655265808105,-0.975555956363678,-0.6218523979187012,-0.06,-0.22867903113365173,0.68441241979599,-0.0888369083404541,-0.2147573083639145,-0.5082170367240906,-0.5642838478088379,-0.48269137740135193,1.254019856452942,0.049392953515052795,-0.24696160852909088,0.5600920915603638,-0.7645513415336609,0.7503597736358643,0.6065987944602966,0.04835742339491844,-1.3237996101379395,-0.03,0.22404134273529053,-0.10313534736633301
1.6933097839355469,0.018047049641609192,0.6458098888397217,-0.02781675197184086,-0.07694947719573975,-0.21343468129634857,-0.9735247492790222,-0.6394951939582825,-0.06,-0.24498312175273895,0.7058147192001343,-0.0877593457698822,-0.21975290775299072,-0.5224618911743164,-0.5770015716552734,-0.46983492374420166,1.2781585454940796,0.04291059449315071,-0.24962882697582245,0.5561529397964478,-0.8140907883644104,0.7560498714447021,0.5729913115501404,0.016167908906936646,-1.3642895221710205,-0.03,0.23471873998641968,-0.1298583745956421
1.6925458908081055,0.01875370182096958,0.6427425742149353,-0.02860286831855774,-0.07890383154153824,-0.22201573848724365,-0.9714241623878479,-0.6575219631195068,-0.06,-0.261192262172699,0.7277488708496094,-0.08698916435241699,-0.22477714717388153,-0.536899745464325,-0.5873701572418213,-0.453965961933136,1.3011151552200317,0.03441913053393364,-0.2542394697666168,0.5514218211174011,-0.8611190319061279,0.759928822517395,0.543350100517273,-0.016077566891908646,-1.406482219696045,-0.03,0.24616390466690063,-0.14999999999999997
1.6917736530303955,0.019418448209762573,0.6395688056945801,-0.029225924983620644,-0.08079593628644943,-0.23051415383815765,-0.9692682027816772,-0.6755090355873108,-0.06,-0.2771211564540863,0.7501530647277832,-0.0864340215921402,-0.22997476160526276,-0.5513195991516113,-0.5961045622825623,-0.4360249936580658,1.323421597480774,0.02688710391521454,-0.259707510471344,0.5462046265602112,-0.9066723585128784,0.7620134353637695,0.5159837603569031,-0.047749873250722885,-1.4500916004180908,-0.03,0.2570471167564392,-0.14999999999999997
1.691017985343933,0.020066557452082634,0.6363174319267273,-0.029638126492500305,-0.08264045417308807,-0.23888029158115387,-0.9670719504356384,-0.6934003829956055,-0.06,-0.2927253842353821,0.7729077935218811,-0.08606827259063721,-0.23536428809165955,-0.5658531188964844,-0.6036660671234131,-0.4170095920562744,1.3454782962799072,0.020632391795516014,-0.2649902403354645,0.5407522320747375,-0.9521496295928955,0.762120246887207,0.48993048071861267,-0.07795122265815735,-1.495291829109192,-0.03,0.26631391048431396,-0.14999999999999997
1.690291166305542,0.020700940862298012,0.6330307722091675,-0.02974625490605831,-0.08450691401958466,-0.24706420302391052,-0.9648486971855164,-0.7112895250320435,-0.06,-0.3080642521381378,0.7957789301872253,-0.08592825382947922,-0.24083690345287323,-0.5805875658988953,-0.6102645993232727,-0.3979640603065491,1.3673529624938965,0.015221296809613705,-0.2694587707519531,0.535130500793457,-0.9987157583236694,0.7600721716880798,0.4650350511074066,-0.10579530894756317,-1.5422143936157227,-0.03,0.27301305532455444,-0.14999999999999997
1.6896010637283325,0.02132239192724228,0.6297479271888733,-0.02950022555887699,-0.08640419691801071,-0.2550361156463623,-0.9626113176345825,-0.7291192412376404,-0.06,-0.32317987084388733,0.8185505270957947,-0.08602842688560486,-0.246314138174057,-0.5951410531997681,-0.6160891652107239,-0.3800467848777771,1.3888548612594604,0.01017746888101101,-0.2730136811733246,0.5292443633079529,-1.047188401222229,0.7558291554450989,0.4408864974975586,-0.1304604709148407,-1.5904515981674194,-0.03,0.27636033296585083,-0.14999999999999997
1.6889551877975464,0.021931912750005722,0.6265050172805786,-0.028891200199723244,-0.08830160647630692,-0.2627505362033844,-0.9603802561759949,-0.7467297911643982,-0.06,-0.33803290128707886,0.8410156965255737,-0.08635621517896652,-0.25174227356910706,-0.6091076135635376,-0.6213359832763672,-0.36411866545677185,1.409745693206787,0.005371286068111658,-0.27555885910987854,0.5229189395904541,-1.098111629486084,0.7495075464248657,0.41678372025489807,-0.14999999999999997,-1.6396028995513916,-0.03,0.2757198214530945,-0.14999999999999997
1.6883580684661865,0.022534091025590897,0.623344898223877,-0.027928143739700317,-0.09014974534511566,-0.2701215445995331,-0.9581896066665649,-0.7638915181159973,-0.06,-0.352498322725296,0.862949550151825,-0.08687934279441833,-0.2570904791355133,-0.6223701238632202,-0.6261119842529297,-0.35065701603889465,1.4297809600830078,0.0010626878356561065,-0.2771626114845276,0.5159963369369507,-1.151816487312317,0.7412543892860413,0.39206090569496155,-0.14999999999999997,-1.6895532608032227,-0.03,0.2705848217010498,-0.14999999999999997
1.6878048181533813,0.023128444328904152,0.6203358769416809,-0.026608174666762352,-0.09189707040786743,-0.2769526243209839,-0.956108808517456,-0.7803465127944946,-0.06,-0.366296648979187,0.8840370774269104,-0.08755211532115936,-0.26234596967697144,-0.6347621083259583,-0.6302949786186218,-0.3394862711429596,1.4487019777297974,-0.0031603765673935413,-0.27742746472358704,0.5085456371307373,-1.208501935005188,0.7311137914657593,0.36631929874420166,-0.14999999999999997,-1.7402889728546143,-0.03,0.26075810194015503,-0.14999999999999997
1.6872988939285278,0.02370709367096424,0.6175717115402222,-0.024925924837589264,-0.09349558502435684,-0.28307393193244934,-0.9542045593261719,-0.7957643866539001,-0.06,-0.37921661138534546,0.9037636518478394,-0.08833976835012436,-0.2673399746417999,-0.6459506154060364,-0.6335656642913818,-0.3306318521499634,1.465896725654602,-0.007208751980215311,-0.2763550579547882,0.5005679726600647,-1.2681273221969604,0.7191393375396729,0.3396335542201996,-0.14999999999999997,-1.7917346954345703,-0.03,0.2466820925474167,-0.14999999999999997
1.6868348121643066,0.0242562685161829,0.6151570677757263,-0.022914087399840355,-0.09492016583681107,-0.2883944511413574,-0.9525196552276611,-0.8097909688949585,-0.06,-0.39112183451652527,0.9214552640914917,-0.08920037746429443,-0.2718276083469391,-0.6553635001182556,-0.6356673240661621,-0.3242943584918976,1.4806092977523804,-0.010981425642967224,-0.2742152512073517,0.4918743371963501,-1.3302773237228394,0.7053613066673279,0.31254905462265015,-0.14999999999999997,-1.843732237815857,-0.03,0.22956697642803192,-0.14999999999999997
1.6863996982574463,0.024767033755779266,0.6131855845451355,-0.020693406462669373,-0.09615422785282135,-0.29298314452171326,-0.9510450959205627,-0.8219767212867737,-0.06,-0.40197181701660156,0.9362970590591431,-0.09005096554756165,-0.2753995358943939,-0.6622809171676636,-0.636551022529602,-0.32085976004600525,1.4920587539672852,-0.014555073343217373,-0.2719544470310211,0.481892853975296,-1.39418625831604,0.6897066831588745,0.28577038645744324,-0.14999999999999997,-1.8959875106811523,-0.03,0.21092575788497925,-0.14999999999999997
1.6862263679504395,0.02497164160013199,0.6120538115501404,-0.0174711961299181,-0.09673133492469788,-0.29506731033325195,-0.9504067897796631,-0.8317288756370544,-0.06,-0.4109751582145691,0.9482690691947937,-0.09154466539621353,-0.27940624952316284,-0.6660057306289673,-0.631547212600708,-0.31951096653938293,1.4978125095367432,-0.01884474605321884,-0.26835182309150696,0.47360631823539734,-1.4596781730651855,0.6723037362098694,0.25843343138694763,-0.14999999999999997,-1.9474140405654907,-0.03,0.19053322076797485,-0.14999999999999997
1.686096429824829,0.025063814595341682,0.6116343140602112,-0.01438969001173973,-0.09699679911136627,-0.29699790477752686,-0.9498298764228821,-0.8381227850914001,-0.06,-0.4191857576370239,0.9548647403717041,-0.09286034107208252,-0.28106197714805603,-0.6667207479476929,-0.6268516778945923,-0.32207420468330383,1.5005170106887817,-0.02353886514902115,-0.26227688789367676,0.4607295095920563,-1.5254842042922974,0.6536921262741089,0.23277336359024048,-0.14999999999999997,-1.9979093074798584,-0.03,0.17085829377174377,-0.14999999999999997
1.6858875751495361,0.025118447840213776,0.6118715405464172,-0.011712371371686459,-0.09712613373994827,-0.2992539405822754,-0.9491450190544128,-0.8411981463432312,-0.06,-0.42724621295928955,0.955664873123169,-0.09415308386087418,-0.27975189685821533,-0.664299488067627,-0.6227279305458069,-0.3275451064109802,1.4997676610946655,-0.027553636580705643,-0.25532296299934387,0.4424936771392822,-1.5920991897583008,0.6323969960212708,0.20782314240932465,-0.14999999999999997,-2.0463902950286865,-0.03,0.15217405557632446,-0.14999999999999997
1.6855387687683105,0.02516801282763481,0.612726628780365,-0.009507004171609879,-0.09713737666606903,-0.30191972851753235,-0.9483239650726318,-0.8411175608634949,-0.06,-0.4346778392791748,0.9507587552070618,-0.09489969909191132,-0.27542153000831604,-0.6587426662445068,-0.6189255714416504,-0.33506447076797485,1.4954109191894531,-0.030722564086318016,-0.24837933480739594,0.4190215766429901,-1.6599880456924438,0.607094407081604,0.1823969930410385,-0.14999999999999997,-2.0909504890441895,-0.03,0.13424673676490784,-0.14999999999999997
1.6850149631500244,0.025228627026081085,0.6141476035118103,-0.007629206869751215,-0.09709714353084564,-0.30500394105911255,-0.9473576545715332,-0.8383926153182983,-0.06,-0.44171953201293945,0.9405883550643921,-0.09512322396039963,-0.2682017385959625,-0.6503262519836426,-0.6149636507034302,-0.34430384635925293,1.4874135255813599,-0.03319878876209259,-0.24173866212368011,0.390495240688324,-1.7305541038513184,0.5769932866096497,0.15554043650627136,-0.14999999999999997,-2.1304280757904053,-0.03,0.1164519414305687,-0.14999999999999997
1.6843202114105225,0.025333423167467117,0.6161001324653625,-0.005894194822758436,-0.09698160737752914,-0.3083464503288269,-0.9462991952896118,-0.8333479762077332,-0.06,-0.44844698905944824,0.9257150888442993,-0.09490631520748138,-0.2584569454193115,-0.6391981840133667,-0.610152006149292,-0.35482296347618103,1.4757022857666016,-0.03498905152082443,-0.2354983389377594,0.35737016797065735,-1.8044602870941162,0.5415807366371155,0.1272258162498474,-0.14999999999999997,-2.1633498668670654,-0.03,0.09793061763048172,-0.14999999999999997
1.6834956407546997,0.02551586925983429,0.6186193227767944,-0.004154556430876255,-0.0965639129281044,-0.31181207299232483,-0.9452148675918579,-0.8256140947341919,-0.06,-0.4549509882926941,0.906348705291748,-0.09428104758262634,-0.2465009242296219,-0.6248051524162292,-0.6039174795150757,-0.36668720841407776,1.4600000381469727,-0.037191275507211685,-0.22884291410446167,0.3196468651294708,-1.8814294338226318,0.500741183757782,0.09699512273073196,-0.14999999999999997,-2.1872050762176514,-0.03,0.07725133746862411,-0.14999999999999997
1.682576298713684,0.02581273391842842,0.6217285990715027,-0.0023324706126004457,-0.09566240012645721,-0.3154771029949188,-0.944096028804779,-0.8147555589675903,-0.06,-0.46147653460502625,0.8824043869972229,-0.0932539850473404,-0.23238272964954376,-0.6067458391189575,-0.5960544943809509,-0.37999704480171204,1.4403144121170044,-0.039918042719364166,-0.22115768492221832,0.2766106426715851,-1.9601805210113525,0.4548186659812927,0.06465907394886017,-0.14999999999999997,-2.1999919414520264,-0.03,0.05375051870942116,-0.14999999999999997
1.6815884113311768,0.026234149932861328,0.6253637075424194,-0.0003281042445451021,-0.09419341385364532,-0.3193624019622803,-0.9429396390914917,-0.8008996248245239,-0.06,-0.46826839447021484,0.8543881177902222,-0.09191881865262985,-0.2164277285337448,-0.5846663117408752,-0.5860918164253235,-0.394713431596756,1.4164938926696777,-0.04323659837245941,-0.2127719521522522,0.2276446521282196,-2.0384740829467773,0.4044840633869171,0.030516980215907097,-0.14999999999999997,-2.2003979682922363,-0.03,0.027733035385608673,-0.14999999999999997
1.6805338859558105,0.026738639920949936,0.6293943524360657,0.002104890765622258,-0.09224682301282883,-0.3233371675014496,-0.9417744278907776,-0.7850474715232849,-0.06,-0.47561997175216675,0.8233838081359863,-0.09049948304891586,-0.19910360872745514,-0.559056282043457,-0.5731058716773987,-0.4103046953678131,1.3884671926498413,-0.047121819108724594,-0.20455507934093475,0.1727859079837799,-2.114264726638794,0.35036033391952515,-0.005067184567451477,-0.14999999999999997,-2.187814712524414,-0.03,0.00017528033640701324,-0.14999999999999997
1.6794096231460571,0.027262859046459198,0.6337333917617798,0.005179637111723423,-0.08997567743062973,-0.32715970277786255,-0.9406614303588867,-0.7681655287742615,-0.06,-0.4835321009159088,0.7901020646095276,-0.0892023965716362,-0.1807415634393692,-0.5306191444396973,-0.5561507344245911,-0.42615193128585815,1.355797290802002,-0.05185840278863907,-0.19756442308425903,0.1128387525677681,-2.185044050216675,0.2928667962551117,-0.0412740558385849,-0.14999999999999997,-2.161834478378296,-0.03,-0.027123134583234787,-0.14999999999999997
1.678219199180603,0.027783840894699097,0.6383562088012695,0.008874937891960144,-0.08749557286500931,-0.3306862711906433,-0.9396340847015381,-0.7504652738571167,-0.06,-0.49166133999824524,0.7543516755104065,-0.08806612342596054,-0.16125909984111786,-0.49965107440948486,-0.535068154335022,-0.4418594241142273,1.3179048299789429,-0.05729356408119202,-0.1923883706331253,0.04878043010830879,-2.2483723163604736,0.23243080079555511,-0.07758846133947372,-0.14999999999999997,-2.1226422786712646,-0.03263196721673012,-0.05224442481994629,-0.14999999999999997
1.6769983768463135,0.028331272304058075,0.64323890209198,0.012910273857414722,-0.08483760058879852,-0.33391261100769043,-0.9386895298957825,-0.7314310073852539,-0.06,-0.49939998984336853,0.7154794931411743,-0.08693718910217285,-0.14043129980564117,-0.46595528721809387,-0.5106734037399292,-0.45759665966033936,1.2743070125579834,-0.06242694333195686,-0.18931792676448822,-0.018265752121806145,-2.302211046218872,0.1700202077627182,-0.1134212389588356,-0.14999999999999997,-2.071056604385376,-0.054995205253362656,-0.0736200213432312,-0.14999999999999997
1.6758091449737549,0.028948113322257996,0.6483176946640015,0.016911832615733147,-0.08195719867944717,-0.33683571219444275,-0.9378371834754944,-0.7103444933891296,-0.06,-0.5060278177261353,0.6730895042419434,-0.08564344048500061,-0.11821873486042023,-0.4291769564151764,-0.48431673645973206,-0.4739508032798767,1.2250629663467407,-0.06587398797273636,-0.18800656497478485,-0.08680874109268188,-2.3450684547424316,0.10734323412179947,-0.14761722087860107,-0.14999999999999997,-2.008202075958252,-0.07679499685764313,-0.09040425717830658,-0.14999999999999997
1.6746931076049805,0.029634466394782066,0.6534852385520935,0.02061007171869278,-0.07892784476280212,-0.3392963707447052,-0.9371357560157776,-0.6870599389076233,-0.06,-0.5107972025871277,0.6272068619728088,-0.0841132178902626,-0.09480801969766617,-0.39049363136291504,-0.4572911858558655,-0.49060720205307007,1.171331763267517,-0.06786676496267319,-0.1873411238193512,-0.1548030972480774,-2.3771417140960693,0.046203989535570145,-0.1783326268196106,-0.14999999999999997,-1.935529351234436,-0.09672302007675171,-0.1026863381266594,-0.14999999999999997
1.6736308336257935,0.03035331517457962,0.6586182117462158,0.023790018633008003,-0.07600335031747818,-0.34093815088272095,-0.9367062449455261,-0.661891520023346,-0.06,-0.5127096772193909,0.5777522921562195,-0.08228057622909546,-0.06998714059591293,-0.3532245457172394,-0.4309641122817993,-0.5053303241729736,1.1158208847045898,-0.06993433088064194,-0.18559373915195465,-0.21987475454807281,-2.399529457092285,0.03,-0.20438480377197266,-0.14999999999999997,-1.855702519416809,-0.11404784023761749,-0.11088161170482635,-0.14999999999999997
1.6725505590438843,0.03104516491293907,0.6635697484016418,0.02623719349503517,-0.07345492392778397,-0.3412862718105316,-0.9367173910140991,-0.6352165937423706,-0.06,-0.5105863809585571,0.5247101783752441,-0.08018287271261215,-0.04380076378583908,-0.3209378123283386,-0.40680035948753357,-0.5152119398117065,1.0619218349456787,-0.07353582978248596,-0.1816626489162445,-0.2797169089317322,-2.4125707149505615,0.03,-0.22687529027462006,-0.14999999999999997,-1.7730599641799927,-0.1286325305700302,-0.11523731797933578,-0.14999999999999997
1.6714271306991577,0.03163347765803337,0.6681481599807739,0.027905432507395744,-0.0712086632847786,-0.340040385723114,-0.9372956156730652,-0.6076098084449768,-0.06,-0.5039555430412292,0.4698922634124756,-0.07768241316080093,-0.017025571316480637,-0.2952035069465637,-0.38585928082466125,-0.5192183256149292,1.0128813982009888,-0.07902894169092178,-0.17540869116783142,-0.3328290581703186,-2.4153664112091064,0.03,-0.24903571605682373,-0.14999999999999997,-1.6916191577911377,-0.1408068984746933,-0.11614057421684265,-0.14999999999999997
1.6703087091445923,0.03203063830733299,0.6721453070640564,0.029028993099927902,-0.06893015652894974,-0.3372136950492859,-0.9384522438049316,-0.5803921818733215,-0.06,-0.49357566237449646,0.41745203733444214,-0.07532764226198196,0.008195900358259678,-0.27524110674858093,-0.3681497275829315,-0.5189650654792786,0.9705736041069031,-0.08538185805082321,-0.16794010996818542,-0.37928086519241333,-2.4073867797851562,0.03,-0.27495747804641724,-0.14999999999999997,-1.6143277883529663,-0.15018247067928314,-0.11400143057107925,-0.12836623191833496
1.6692582368850708,0.032131128013134,0.675338625907898,0.029619047418236732,-0.06650018692016602,-0.33277246356010437,-0.9401929378509521,-0.5556134581565857,-0.06,-0.4800296127796173,0.3726557195186615,-0.07316087931394577,0.02910936065018177,-0.25941595435142517,-0.3536122739315033,-0.5169163346290588,0.934990644454956,-0.09071551263332367,-0.16246868669986725,-0.4191068708896637,-2.3928818702697754,0.03,-0.29497435688972473,-0.14999999999999997,-1.5438393354415894,-0.15602168440818787,-0.10811273008584976,-0.08214270323514938
1.6684154272079468,0.031835123896598816,0.6778057217597961,0.029947707429528236,-0.06317761540412903,-0.32652199268341064,-0.9426000714302063,-0.5342038869857788,-0.06,-0.46385902166366577,0.34074875712394714,-0.07180942595005035,0.042654335498809814,-0.24286863207817078,-0.3400423228740692,-0.5173836350440979,0.9021829962730408,-0.09362459182739258,-0.1608121544122696,-0.4516332447528839,-2.370316982269287,0.03,-0.3036094009876251,-0.14999999999999997,-1.479002833366394,-0.15822649002075195,-0.09931854903697968,-0.029257196933031082
1.6676583290100098,0.03108016774058342,0.679836094379425,0.031035736203193665,-0.058721691370010376,-0.3182814121246338,-0.9456665515899658,-0.517543613910675,-0.05966268479824066,-0.44615429639816284,0.32336920499801636,-0.07134200632572174,0.04803609848022461,-0.22348420321941376,-0.32360249757766724,-0.5225774049758911,0.8670557737350464,-0.09539026767015457,-0.16202431917190552,-0.4764629006385803,-2.330226421356201,0.03,-0.3253278136253357,-0.14999999999999997,-1.4194586277008057,-0.15738216042518616,-0.09154901653528214,0.030421588569879532
1.6667759418487549,0.029864169657230377,0.6813214421272278,0.032006122171878815,-0.05448996648192406,-0.30811819434165955,-0.9492467641830444,-0.5059660077095032,-0.04252516105771065,-0.4259642958641052,0.3163856863975525,-0.07150717079639435,0.04807340353727341,-0.2026156634092331,-0.30641576647758484,-0.5325405597686768,0.827491044998169,-0.09313489496707916,-0.16969603300094604,-0.4922274649143219,-2.2824642658233643,0.03,-0.33085697889328003,-0.14999999999999997,-1.368328332901001,-0.15508580207824707,-0.08789688348770142,0.09464271366596222
1.6657660007476807,0.028401050716638565,0.6825389266014099,0.03255479782819748,-0.04921863600611687,-0.29650551080703735,-0.9532061815261841,-0.49464914202690125,-0.025411363691091537,-0.4031202793121338,0.31633487343788147,-0.07202820479869843,0.04409381002187729,-0.1759389042854309,-0.28795763850212097,-0.5492920875549316,0.7812033891677856,-0.08520683646202087,-0.17999786138534546,-0.5011399984359741,-2.2134339809417725,0.03,-0.34384655952453613,-0.14999999999999997,-1.3205903768539429,-0.15135544538497925,-0.08936434239149094,0.1600557565689087
1.664466381072998,0.02683408372104168,0.6835677027702332,0.03207961469888687,-0.04337840527296066,-0.283687949180603,-0.9573976397514343,-0.48091429471969604,-0.009186645969748497,-0.3764938414096832,0.31660741567611694,-0.07225114107131958,0.039707813411951065,-0.1457744687795639,-0.2698351740837097,-0.56987464427948,0.7293369174003601,-0.07461278140544891,-0.19183921813964844,-0.5044999122619629,-2.1243977546691895,0.03,-0.3701989948749542,-0.14999999999999997,-1.2759571075439453,-0.14911305904388428,-0.09332901239395142,0.22404733300209045
1.6626967191696167,0.025213666260242462,0.6844014525413513,0.029979681596159935,-0.038110364228487015,-0.26965904235839844,-0.9617341756820679,-0.4637523293495178,0.004672723356634378,-0.3446855843067169,0.31088852882385254,-0.07176026701927185,0.03866026923060417,-0.11699100583791733,-0.254229336977005,-0.5902700424194336,0.6716340780258179,-0.06541991978883743,-0.20552504062652588,-0.5025451183319092,-2.022691249847412,0.03,-0.40401560068130493,-0.14999999999999997,-1.2358201742172241,-0.15136510133743286,-0.09652717411518097,0.28576481342315674
1.6604305505752563,0.023521602153778076,0.685052216053009,0.026167040690779686,-0.03391006961464882,-0.2542082369327545,-0.9662004113197327,-0.44305717945098877,0.01571136713027954,-0.30703869462013245,0.2969619333744049,-0.07036349177360535,0.042220719158649445,-0.09271924942731857,-0.2420724332332611,-0.6066828966140747,0.6102442145347595,-0.05859018862247467,-0.22051015496253967,-0.49491086602211,-1.9126310348510742,0.03,-0.4412078261375427,-0.14999999999999997,-1.19983971118927,-0.1599564552307129,-0.09637074917554855,0.3467121720314026
1.6577645540237427,0.02164352685213089,0.6855379343032837,0.02132347784936428,-0.030876146629452705,-0.2371787577867508,-0.9707409739494324,-0.42056965827941895,0.024858256801962852,-0.2645251452922821,0.29000000000000004,-0.06892003118991852,0.049336519092321396,-0.07335036247968674,-0.23173309862613678,-0.6153753995895386,0.548138439655304,-0.05036117881536484,-0.23821713030338287,-0.4818587601184845,-1.7965868711471558,0.03,-0.4815734922885895,-0.14999999999999997,-1.1669615507125854,-0.17445829510688782,-0.09157007187604904,0.410607248544693
1.6547722816467285,0.019475342705845833,0.6857123374938965,0.015946699306368828,-0.029134418815374374,-0.21925385296344757,-0.9751023650169373,-0.39945051074028015,0.03188297525048256,-0.2199499011039734,0.29000000000000004,-0.06779623031616211,0.05820596590638161,-0.05937181040644646,-0.2226659208536148,-0.6164765357971191,0.4847630262374878,-0.04109508544206619,-0.25214096903800964,-0.466266006231308,-1.6766784191131592,0.03,-0.5259029269218445,-0.14999999999999997,-1.1361662149429321,-0.19196896255016327,-0.08034772425889969,0.4797367453575134
1.651475429534912,0.016911420971155167,0.685429573059082,0.01020690705627203,-0.028738638386130333,-0.20134060084819794,-0.9790463447570801,-0.38231050968170166,0.036352336406707764,-0.17617908120155334,0.29000000000000004,-0.06736001372337341,0.06763063371181488,-0.05125731974840164,-0.21562311053276062,-0.6091176271438599,0.4242403209209442,-0.035988785326480865,-0.26478058099746704,-0.45141685009002686,-1.555276870727539,0.03,-0.5733376145362854,-0.10879073292016983,-1.1063334941864014,-0.20867925882339478,-0.060307152569293976,0.554774284362793
1.648048758506775,0.013906304724514484,0.6848178505897522,0.004419222008436918,-0.02924378216266632,-0.18406949937343597,-0.9824681282043457,-0.3696202337741852,0.039195578545331955,-0.135126993060112,0.29000000000000004,-0.06781700253486633,0.07675882428884506,-0.04864921420812607,-0.21084266901016235,-0.5935434103012085,0.3730984330177307,-0.03221407160162926,-0.2764333188533783,-0.4386594593524933,-1.433711290359497,0.032554905861616135,-0.6210178136825562,-0.0515485517680645,-1.0753381252288818,-0.22206580638885498,-0.031016582623124123,0.6349847912788391
1.6461912393569946,0.01067297998815775,0.6859536170959473,0.0030479873530566692,-0.026925375685095787,-0.1697932779788971,-0.9851071238517761,-0.3483762741088867,0.050325676798820496,-0.10772368311882019,0.29000000000000004,-0.07439597696065903,0.07987825572490692,-0.053219087421894073,-0.20410631597042084,-0.5543188452720642,0.35536399483680725,0.0012629757402464747,-0.25736895203590393,-0.4305545389652252,-1.3056203126907349,0.03451678529381752,-0.6689522862434387,0.015163729898631573,-1.0322304964065552,-0.2327927052974701,-0.0015030072536319494,0.7206171751022339
1.6450284719467163,0.0073167686350643635,0.6868915557861328,0.0035549169406294823,-0.024482011795043945,-0.15631058812141418,-0.9873980283737183,-0.3275086283683777,0.06440986692905426,-0.08583799004554749,0.29000000000000004,-0.0759788453578949,0.08110548555850983,-0.05704610422253609,-0.19387276470661163,-0.5185704827308655,0.3407513499259949,0.03058742731809616,-0.23801559209823608,-0.4204721748828888,-1.1811578273773193,0.03255869448184967,-0.7061375379562378,0.08178619295358658,-0.989453136920929,-0.2422894537448883,0.03000100515782833,0.8064349889755249
1.6441450119018555,0.004008411429822445,0.6876805424690247,0.004224014468491077,-0.02316182851791382,-0.14312121272087097,-0.9894250631332397,-0.3122124671936035,0.07891111075878143,-0.06122981011867523,0.29000000000000004,-0.08184517920017242,0.08632369339466095,-0.06082514673471451,-0.18241973221302032,-0.48858126997947693,0.3236936330795288,0.04125561937689781,-0.22477474808692932,-0.4062868356704712,-1.0635625123977661,0.03,-0.7288852334022522,0.1443069726228714,-0.9523281455039978,-0.2509872317314148,0.06529287248849869,0.8875722885131836
1.6436210870742798,0.0009540418977849185,0.6883119940757751,0.005044418852776289,-0.022477997466921806,-0.130606010556221,-0.9911666512489319,-0.299163818359375,0.09288627654314041,-0.03520969673991203,0.29000000000000004,-0.08714214712381363,0.0901738777756691,-0.0656234472990036,-0.17176109552383423,-0.4612194895744324,0.3095434904098511,0.048262082040309906,-0.21347230672836304,-0.3891316056251526,-0.9541237354278564,0.03,-0.7404553890228271,0.21068225800991058,-0.921099066734314,-0.25823280215263367,0.1076996698975563,0.9620676040649414
1.6434396505355835,-0.001878683571703732,0.6887536644935608,0.005683528259396553,-0.022121185436844826,-0.11925453692674637,-0.9926009178161621,-0.2884557545185089,0.1053670197725296,-0.01037684641778469,0.29000000000000004,-0.09234663099050522,0.09191608428955078,-0.06999371200799942,-0.1624698042869568,-0.43591976165771484,0.2976643443107605,0.05575045943260193,-0.20413047075271606,-0.37150856852531433,-0.8548522591590881,0.03,-0.7430022358894348,0.28323060274124146,-0.8930696845054626,-0.2621571123600006,0.15932072699069977,1.025130033493042
1.6435586214065552,-0.004674957133829594,0.6890484690666199,0.0062937065958976746,-0.021941907703876495,-0.10928422957658768,-0.9937483668327332,-0.280255526304245,0.11678607761859894,0.010919486172497272,0.29000000000000004,-0.09759581089019775,0.09180784970521927,-0.07282707840204239,-0.1535377949476242,-0.4139590561389923,0.28621646761894226,0.06433285027742386,-0.19600322842597961,-0.35475394129753113,-0.767503023147583,0.03,-0.7409010529518127,0.3577604293823242,-0.8630512356758118,-0.2609144449234009,0.21703028678894043,1.076720952987671
1.6438122987747192,-0.0075405053794384,0.6891899704933167,0.006594792008399963,-0.022074805572628975,-0.10062869638204575,-0.9946571588516235,-0.2733244001865387,0.12673765420913696,0.029521256685256958,0.29000000000000004,-0.10297323763370514,0.09193118661642075,-0.07470985502004623,-0.14525294303894043,-0.3965120017528534,0.274957537651062,0.06922884285449982,-0.19105930626392365,-0.33866381645202637,-0.6928750276565552,0.03,-0.7381702065467834,0.4314815104007721,-0.8283815383911133,-0.2540152072906494,0.2777646780014038,1.1218117475509644
1.6442711353302002,-0.010490208864212036,0.6893181800842285,0.0071008531376719475,-0.022137414664030075,-0.0931372195482254,-0.9953817129135132,-0.2652849853038788,0.13664376735687256,0.046393994241952896,0.29000000000000004,-0.10866152495145798,0.09331466257572174,-0.07718656212091446,-0.13748310506343842,-0.38003721833229065,0.2679951786994934,0.07705023884773254,-0.1859876960515976,-0.32292336225509644,-0.6289795637130737,0.03,-0.7368221282958984,0.5034698247909546,-0.7874594926834106,-0.24203285574913025,0.3384982943534851,1.1643019914627075
1.6448540687561035,-0.013460631482303143,0.6893690824508667,0.007478492800146341,-0.022201726213097572,-0.08686437457799911,-0.9959445595741272,-0.2574198842048645,0.14559894800186157,0.06104417145252228,0.29000000000000004,-0.11435247957706451,0.09521187096834183,-0.07961776107549667,-0.13070914149284363,-0.36557915806770325,0.26371899247169495,0.08740877360105515,-0.18176035583019257,-0.3078480064868927,-0.5745651721954346,0.03,-0.7356330752372742,0.5738519430160522,-0.7424867749214172,-0.22722601890563965,0.39745524525642395,1.204711675643921
1.645448923110962,-0.01638828217983246,0.6892232894897461,0.00730394059792161,-0.022420089691877365,-0.08162690699100494,-0.9963839054107666,-0.2512103319168091,0.1526571810245514,0.07339193671941757,0.29000000000000004,-0.11986095458269119,0.09665530174970627,-0.08102595061063766,-0.1252373307943344,-0.3537386655807495,0.2591186463832855,0.0968911349773407,-0.18060088157653809,-0.29340559244155884,-0.5283882021903992,0.03,-0.7333833575248718,0.6433544158935547,-0.6964132785797119,-0.21211828291416168,0.45298561453819275,1.2420183420181274
1.6461478471755981,-0.019217347726225853,0.6890357732772827,0.007295645773410797,-0.02254403568804264,-0.07724510133266449,-0.9967304468154907,-0.24590693414211273,0.15956392884254456,0.08362876623868942,0.29000000000000004,-0.12512801587581635,0.09736957401037216,-0.08205337822437286,-0.12007392197847366,-0.343008428812027,0.25597015023231506,0.10994994640350342,-0.17877806723117828,-0.27963393926620483,-0.48816028237342834,0.03,-0.7307499051094055,0.711574375629425,-0.6502512693405151,-0.19771620631217957,0.503272533416748,1.2749580144882202
1.646981120109558,-0.02187730371952057,0.6890018582344055,0.007806401699781418,-0.02245192974805832,-0.073397196829319,-0.9970194101333618,-0.24059629440307617,0.167047381401062,0.09313178807497025,0.29000000000000004,-0.13017058372497559,0.09760148078203201,-0.08359386771917343,-0.11383309215307236,-0.33527350425720215,0.25599101185798645,0.10894841700792313,-0.18014642596244812,-0.26597243547439575,-0.45179352164268494,0.03,-0.7283293604850769,0.776490330696106,-0.6045028567314148,-0.18407116830348969,0.5471733212471008,1.3023614883422852
1.647850513458252,-0.024203892797231674,0.6889928579330444,0.008464859798550606,-0.02236267924308777,-0.06958342343568802,-0.9972894191741943,-0.2357342392206192,0.1744399219751358,0.10176678746938705,0.29000000000000004,-0.13496601581573486,0.0970567837357521,-0.08579277992248535,-0.10791026055812836,-0.32781314849853516,0.2575932741165161,0.1046682596206665,-0.18178655207157135,-0.251297265291214,-0.4188630282878876,0.03,-0.7261157631874084,0.8363150954246521,-0.5605840086936951,-0.17115020751953125,0.5843052864074707,1.3247168064117432
1.6487265825271606,-0.026129107922315598,0.6889802813529968,0.008894070982933044,-0.022231590002775192,-0.06579519063234329,-0.9975457787513733,-0.23083613812923431,0.18062475323677063,0.11041005700826645,0.29000000000000004,-0.13909141719341278,0.09585206210613251,-0.08782979846000671,-0.10323455929756165,-0.32032060623168945,0.2595100402832031,0.10106653720140457,-0.18351198732852936,-0.23561693727970123,-0.388962060213089,0.03,-0.724071741104126,0.8922429084777832,-0.5188405513763428,-0.15874435007572174,0.6144437789916992,1.3430202007293701
1.6496292352676392,-0.027668187394738197,0.6889990568161011,0.009187955409288406,-0.021975770592689514,-0.062211014330387115,-0.9977787137031555,-0.2253166288137436,0.18573494255542755,0.11900772154331207,0.29000000000000004,-0.1425916850566864,0.09451953321695328,-0.08861871808767319,-0.09935363382101059,-0.3135133683681488,0.260214239358902,0.09823354333639145,-0.18466898798942566,-0.21958008408546448,-0.36163219809532166,0.03,-0.7216642498970032,0.9461796879768372,-0.4792698323726654,-0.1461743414402008,0.6366917490959167,1.3581815958023071
1.6504883766174316,-0.02888115681707859,0.6890627145767212,0.009458089247345924,-0.021851815283298492,-0.058863211423158646,-0.9979819655418396,-0.21950103342533112,0.18994154036045074,0.12752090394496918,0.29000000000000004,-0.1454574167728424,0.09385130554437637,-0.08860820531845093,-0.09586478769779205,-0.30744779109954834,0.25903084874153137,0.0959252417087555,-0.18471145629882812,-0.20370057225227356,-0.3366251587867737,0.03,-0.7169583439826965,0.9982098937034607,-0.4422878623008728,-0.13286012411117554,0.6490325331687927,1.371202826499939
1.6512529850006104,-0.02982931397855282,0.6891608238220215,0.009701944887638092,-0.022025473415851593,-0.055713336914777756,-0.9981566071510315,-0.21346595883369446,0.19324591755867004,0.13615013659000397,0.29000000000000004,-0.14781324565410614,0.09442751854658127,-0.08870449662208557,-0.09280110150575638,-0.3017725646495819,0.2566714286804199,0.0940311923623085,-0.18387460708618164,-0.1886354386806488,-0.31326305866241455,0.03,-0.7078766822814941,1.045871376991272,-0.40852272510528564,-0.11890984326601028,0.6495819687843323,1.383236050605774
1.6519122123718262,-0.03053976781666279,0.6892679929733276,0.009821224957704544,-0.022467996925115585,-0.05253765359520912,-0.9983177781105042,-0.2073369175195694,0.19559594988822937,0.14523102343082428,0.29000000000000004,-0.14966385066509247,0.09583583474159241,-0.08974765986204147,-0.0905226469039917,-0.29568180441856384,0.2546115815639496,0.09252313524484634,-0.18281450867652893,-0.17475493252277374,-0.29084527492523193,0.03,-0.6918370723724365,1.0881773233413696,-0.3784463703632355,-0.10567490011453629,0.6377585530281067,1.3944807052612305
1.6524760723114014,-0.031060542911291122,0.6893656253814697,0.00976285059005022,-0.023075684905052185,-0.04894455149769783,-0.9984871745109558,-0.20129422843456268,0.1972189098596573,0.15523962676525116,0.29000000000000004,-0.1510838270187378,0.0971510037779808,-0.09227066487073898,-0.0891437754034996,-0.28816238045692444,0.2539158761501312,0.09129983931779861,-0.1819913387298584,-0.16197963058948517,-0.2685350477695465,0.03192760422825813,-0.6673007011413574,1.1254973411560059,-0.3523295521736145,-0.0945681631565094,0.6149612665176392,1.4055900573730469
1.652942180633545,-0.03145856037735939,0.6894437074661255,0.00953852478414774,-0.023824797943234444,-0.04457027465105057,-0.998676598072052,-0.195530503988266,0.19845862686634064,0.16666735708713531,0.29000000000000004,-0.1522606760263443,0.09775996208190918,-0.0967060849070549,-0.08850479125976562,-0.27836930751800537,0.25502821803092957,0.09024331718683243,-0.18149498105049133,-0.15015442669391632,-0.24539339542388916,0.049701813608407974,-0.6336389780044556,1.1577064990997314,-0.3305075764656067,-0.08630944788455963,0.583785891532898,1.4181499481201172
1.6533074378967285,-0.03175908699631691,0.6894971132278442,0.009112942963838577,-0.024731719866394997,-0.039203450083732605,-0.9988834857940674,-0.18996448814868927,0.19934719800949097,0.1799495965242386,0.29000000000000004,-0.15324679017066956,0.09754016250371933,-0.10345962643623352,-0.08861257135868073,-0.26573893427848816,0.25835978984832764,0.08931580185890198,-0.18143817782402039,-0.13939794898033142,-0.2206019014120102,0.07128544896841049,-0.5904834866523743,1.1847158670425415,-0.3131847381591797,-0.08156783878803253,0.5469964742660522,1.4331717491149902
1.6535969972610474,-0.03193570673465729,0.6895255446434021,0.008420385420322418,-0.02576199173927307,-0.03282609209418297,-0.9990934133529663,-0.1842237263917923,0.19965970516204834,0.19531317055225372,0.29000000000000004,-0.15400563180446625,0.09660618752241135,-0.11248325556516647,-0.0895758643746376,-0.2502080798149109,0.26399046182632446,0.08856811374425888,-0.18189318478107452,-0.1305110603570938,-0.19331777095794678,0.09595689922571182,-0.5372896790504456,1.2069891691207886,-0.300239235162735,-0.08116953074932098,0.5071040391921997,1.4504200220108032
1.6538417339324951,-0.03194468840956688,0.6895359754562378,0.007447564043104649,-0.02688484825193882,-0.025608660653233528,-0.9992826581001282,-0.1780679076910019,0.19918124377727509,0.21254757046699524,0.29000000000000004,-0.1544816792011261,0.09519387781620026,-0.12329414486885071,-0.09135453402996063,-0.23225460946559906,0.27136844396591187,0.08810923993587494,-0.18269316852092743,-0.12484242767095566,-0.1629125475883484,0.12270313501358032,-0.47379210591316223,1.2249292135238647,-0.2912495732307434,-0.08562559634447098,0.4660503566265106,1.46
1.6540530920028687,-0.031760577112436295,0.6895378828048706,0.0062409862875938416,-0.028130026534199715,-0.017815420404076576,-0.9994259476661682,-0.17151078581809998,0.19780568778514862,0.23115605115890503,0.29000000000000004,-0.154641255736351,0.09368955343961716,-0.1353667676448822,-0.09374072402715683,-0.21259278059005737,0.27961230278015137,0.08798998594284058,-0.18350276350975037,-0.123555988073349,-0.12965035438537598,0.1502819061279297,-0.4014478623867035,1.2392096519470215,-0.2858295738697052,-0.09464478492736816,0.42539918422698975,1.46
1.6542325019836426,-0.03139086440205574,0.6895405054092407,0.004882302600890398,-0.029533525928854942,-0.009700718335807323,-0.9995047450065613,-0.16468584537506104,0.195571631193161,0.25065281987190247,0.29000000000000004,-0.1544976681470871,0.0924573540687561,-0.14819549024105072,-0.09642886370420456,-0.19194461405277252,0.2878212332725525,0.08819368481636047,-0.1839662492275238,-0.12718239426612854,-0.09450147300958633,0.17753301560878754,-0.32311365008354187,1.2507119178771973,-0.28377223014831543,-0.10708770155906677,0.3855615556240082,1.46
1.654388189315796,-0.03086940012872219,0.6895551085472107,0.0034826479386538267,-0.03106936253607273,-0.001446389127522707,-0.9995101094245911,-0.15778547525405884,0.19273731112480164,0.27055561542510986,0.29000000000000004,-0.15412570536136627,0.09153997153043747,-0.1611473113298416,-0.09904778748750687,-0.17092682421207428,0.29513171315193176,0.08875971287488937,-0.18374216556549072,-0.13567088544368744,-0.05819544568657875,0.20386813580989838,-0.24170945584774017,1.2598886489868164,-0.28472593426704407,-0.12158384919166565,0.3458760380744934,1.46
1.654538869857788,-0.030236979946494102,0.6895837783813477,0.0021104796323925257,-0.0326620414853096,0.0068641179241240025,-0.9994406700134277,-0.1509990096092224,0.18958377838134766,0.290526807308197,0.29000000000000004,-0.15362943708896637,0.09067285805940628,-0.17373192310333252,-0.10137289762496948,-0.14991502463817596,0.3011488616466522,0.0895615890622139,-0.1827608048915863,-0.14856593310832977,-0.02066008560359478,0.22930873930454254,-0.15920843183994293,1.2670471668243408,-0.288097620010376,-0.1373809278011322,0.30513015389442444,1.46
1.6547209024429321,-0.029532553628087044,0.689616322517395,0.0007508830749429762,-0.03415326774120331,0.015169709920883179,-0.9993011951446533,-0.14432378113269806,0.18625755608081818,0.31030336022377014,0.29000000000000004,-0.1531018316745758,0.08939933776855469,-0.18565262854099274,-0.10346735268831253,-0.1290978193283081,0.3062838017940521,0.09055344760417938,-0.1813795268535614,-0.1652122139930725,0.01884121261537075,0.25408637523651123,-0.07609310001134872,1.2724262475967407,-0.29285556077957153,-0.15454304218292236,0.261959433555603,1.46
1.654977798461914,-0.02880975604057312,0.6896346807479858,-0.0006148708052933216,-0.03534068912267685,0.023215387016534805,-0.9991053938865662,-0.13776038587093353,0.1828891932964325,0.329252153635025,0.29000000000000004,-0.15263986587524414,0.08732955902814865,-0.196491077542305,-0.1054733544588089,-0.10902922600507736,0.3111927807331085,0.09170806407928467,-0.18019764125347137,-0.18526005744934082,0.060987964272499084,0.2783287465572357,0.007775386795401573,1.2762264013290405,-0.29820716381073,-0.17309178411960602,0.21552205085754395,1.46
1.6553162336349487,-0.028133999556303024,0.6896339654922485,-0.0019124223617836833,-0.036167118698358536,0.03044479712843895,-0.9988799691200256,-0.13181853294372559,0.1797478049993515,0.3460472822189331,0.29000000000000004,-0.15228958427906036,0.084558866918087,-0.20566551387310028,-0.10735585540533066,-0.09102232754230499,0.3158504366874695,0.09290919452905655,-0.17950257658958435,-0.20896267890930176,0.10644754767417908,0.30203619599342346,0.0922754555940628,1.2768805027008057,-0.30466485023498535,-0.19232265651226044,0.16494174301624298,1.46
1.6557129621505737,-0.02754601277410984,0.6896178722381592,-0.003036667825654149,-0.036715928465127945,0.03618742153048515,-0.9986656904220581,-0.12723249197006226,0.17705969512462616,0.35915035009384155,0.29000000000000004,-0.15203170478343964,0.0814896821975708,-0.21275563538074493,-0.10908764600753784,-0.07661491632461548,0.3199681043624878,0.09408478438854218,-0.17943651974201202,-0.23688684403896332,0.15598605573177338,0.32458171248435974,0.17784351110458374,1.2717444896697998,-0.31397825479507446,-0.21104031801223755,0.10951095074415207,1.46
1.6561646461486816,-0.02706238627433777,0.6895873546600342,-0.003958201035857201,-0.03699127957224846,0.04002758115530014,-0.998505711555481,-0.12417786568403244,0.17485938966274261,0.36773383617401123,0.29000000000000004,-0.1518164426088333,0.0784534439444542,-0.21748027205467224,-0.11081145703792572,-0.06673107296228409,0.32358431816101074,0.09518706798553467,-0.18015022575855255,-0.2691490948200226,0.21005260944366455,0.3450165390968323,0.2651030421257019,1.259895920753479,-0.32825207710266113,-0.22806614637374878,0.04961119964718819,1.46
1.6567087173461914,-0.02667315863072872,0.6895450353622437,-0.004671532195061445,-0.036839909851551056,0.04206228256225586,-0.9984245300292969,-0.12229804694652557,0.17333300411701202,0.371643602848053,0.29000000000000004,-0.15178008377552032,0.07504455000162125,-0.21944233775138855,-0.11261383444070816,-0.06128045171499252,0.3267192542552948,0.09623132646083832,-0.1817246973514557,-0.3047997057437897,0.26826491951942444,0.36260586977005005,0.35417065024375916,1.24294912815094,-0.34889674186706543,-0.24261248111724854,-0.013233747333288193,1.46
1.6573811769485474,-0.026327257975935936,0.6894851922988892,-0.005128934513777494,-0.03611871600151062,0.042865727096796036,-0.9984145760536194,-0.1213720291852951,0.1731562316417694,0.37079522013664246,0.29000000000000004,-0.15215955674648285,0.06995170563459396,-0.21850845217704773,-0.11434232443571091,-0.05917397513985634,0.32921305298805237,0.09728501737117767,-0.18391390144824982,-0.34181439876556396,0.32935652136802673,0.3770410716533661,0.4441966712474823,1.2232416868209839,-0.37632307410240173,-0.25439682602882385,-0.0766770988702774,1.46
1.6582016944885254,-0.025915035977959633,0.6893914937973022,-0.005325224716216326,-0.034761760383844376,0.043061044067144394,-0.9984532594680786,-0.12110068649053574,0.1746617704629898,0.3633485734462738,0.29000000000000004,-0.15379273891448975,0.06161274015903473,-0.21493636071681976,-0.1159752905368805,-0.05906735360622406,0.3310982286930084,0.09848783165216446,-0.18650591373443604,-0.3780108094215393,0.3919060528278351,0.3879544138908386,0.5336445569992065,1.2010644674301147,-0.40994179248809814,-0.26375430822372437,-0.13861621916294098,1.46
1.659155249595642,-0.025300458073616028,0.6892573237419128,-0.005449621472507715,-0.032859012484550476,0.042971592396497726,-0.9985208511352539,-0.1211942508816719,0.1769397258758545,0.3472835421562195,0.29000000000000004,-0.1564604938030243,0.048630040138959885,-0.20970869064331055,-0.1180466040968895,-0.059830330312252045,0.3331611454486847,0.10014811158180237,-0.18961654603481293,-0.4118554890155792,0.4544427692890167,0.39489373564720154,0.6209403872489929,1.1750911474227905,-0.4487552046775818,-0.2713997960090637,-0.19845029711723328,1.46
1.6601678133010864,-0.024372348561882973,0.6890187859535217,-0.005696275737136602,-0.030704474076628685,0.04258869215846062,-0.9986044764518738,-0.12156322598457336,0.17897333204746246,0.3221280872821808,0.29000000000000004,-0.16001100838184357,0.03154507279396057,-0.20484592020511627,-0.12114997953176498,-0.0606214739382267,0.33743777871131897,0.1023155078291893,-0.19384509325027466,-0.4425000548362732,0.5153483152389526,0.3982115089893341,0.703855574131012,1.144222378730774,-0.4916280508041382,-0.27787286043167114,-0.2567175030708313,1.4150683879852295
1.6611498594284058,-0.02309766225516796,0.6886627078056335,-0.006193891167640686,-0.028628921136260033,0.04189026355743408,-0.9986926913261414,-0.12363508343696594,0.17967800796031952,0.2902669608592987,0.29000000000000004,-0.16330501437187195,0.012692999094724655,-0.2022789716720581,-0.12553513050079346,-0.06098635867238045,0.34568896889686584,0.1036020815372467,-0.20007547736167908,-0.46919381618499756,0.5729203820228577,0.3994065523147583,0.7794156074523926,1.109273910522461,-0.5371383428573608,-0.28317344188690186,-0.31473028659820557,1.3561787605285645
1.6620017290115356,-0.021509170532226562,0.6882085204124451,-0.006980255711823702,-0.026891831308603287,0.04076548293232918,-0.9987823367118835,-0.12901119887828827,0.1784174144268036,0.25488999485969543,0.29000000000000004,-0.16524182260036469,-0.007236472796648741,-0.203382670879364,-0.13116887211799622,-0.06107758730649948,0.359090119600296,0.10194874554872513,-0.20862621068954468,-0.49156567454338074,0.6258705854415894,0.4009614586830139,0.8451366424560547,1.0731735229492188,-0.5835338234901428,-0.28656965494155884,-0.37436044216156006,1.2936301231384277
1.6626707315444946,-0.01966244727373123,0.6876155138015747,-0.008156485855579376,-0.02554912306368351,0.03928615525364876,-0.9988679885864258,-0.13812196254730225,0.17504693567752838,0.2200513482093811,0.29000000000000004,-0.16556289792060852,-0.026646167039871216,-0.2086074948310852,-0.138193741440773,-0.06049872934818268,0.37789589166641235,0.09759244322776794,-0.21953293681144714,-0.5089332461357117,0.6738178730010986,0.4054757058620453,0.8996921181678772,1.0394483804702759,-0.629273533821106,-0.2876013219356537,-0.4364408552646637,1.2280346155166626
1.6631691455841064,-0.01763327792286873,0.6868650913238525,-0.009805642999708652,-0.02439361810684204,0.037452202290296555,-0.9989523887634277,-0.1501232087612152,0.16940972208976746,0.18931034207344055,0.29000000000000004,-0.1640983670949936,-0.045341938734054565,-0.21714389324188232,-0.14677685499191284,-0.059324152767658234,0.40154361724853516,0.09140008687973022,-0.2325771450996399,-0.5210944414138794,0.7173652052879333,0.4147929549217224,0.9431024193763733,1.0118787288665771,-0.6729629635810852,-0.2863055467605591,-0.5000468492507935,1.1612545251846313
1.6635288000106812,-0.015510776080191135,0.6859027743339539,-0.012006985023617744,-0.023169320076704025,0.03520943969488144,-0.9990391731262207,-0.16334658861160278,0.16193607449531555,0.16582487523555756,0.29000000000000004,-0.1611596792936325,-0.06281492114067078,-0.22714467346668243,-0.15701602399349213,-0.0586220882833004,0.428141713142395,0.08255635201931,-0.24846257269382477,-0.5287188291549683,0.7579776048660278,0.42939114570617676,0.9766557216644287,0.9936473965644836,-0.7139805555343628,-0.2829929292201996,-0.5634366273880005,1.0965632200241089
1.6637850999832153,-0.013370772823691368,0.6848488450050354,-0.014358364045619965,-0.021766571328043938,0.03256392106413841,-0.9991294741630554,-0.17539915442466736,0.15398921072483063,0.14967919886112213,0.29000000000000004,-0.15771876275539398,-0.07800091058015823,-0.23908469080924988,-0.16811539232730865,-0.056760214269161224,0.45875898003578186,0.07673245668411255,-0.2632673978805542,-0.5329268574714661,0.7975939512252808,0.44847244024276733,1.0027154684066772,0.9860653281211853,-0.7519478797912598,-0.27820855379104614,-0.6251974105834961,1.0382927656173706
1.6638505458831787,-0.011240098625421524,0.6836643218994141,-0.01745741441845894,-0.02054201066493988,0.030128058046102524,-0.999182403087616,-0.18655939400196075,0.14417462050914764,0.14005082845687866,0.29000000000000004,-0.15342380106449127,-0.09037084132432938,-0.2523517310619354,-0.18084952235221863,-0.054404739290475845,0.4897492825984955,0.068633072078228,-0.2796575725078583,-0.5338441133499146,0.8358274698257446,0.4698938727378845,1.022027850151062,0.9886369705200195,-0.7886244058609009,-0.2735652029514313,-0.6833311319351196,0.989535927772522
1.6637171506881714,-0.009189773350954056,0.6823931932449341,-0.021105945110321045,-0.019622571766376495,0.028638940304517746,-0.9991742968559265,-0.19601725041866302,0.13323330879211426,0.13406696915626526,0.29000000000000004,-0.14898201823234558,-0.10084708034992218,-0.2682589888572693,-0.19431625306606293,-0.049403127282857895,0.5215778946876526,0.05961179360747337,-0.29592421650886536,-0.5315674543380737,0.8735697865486145,0.49125397205352783,1.035988688468933,0.9979650378227234,-0.8239948749542236,-0.2695365250110626,-0.7375054359436035,0.9515834450721741
1.6633678674697876,-0.007296454161405563,0.6809983849525452,-0.025140982121229172,-0.019123565405607224,0.02824067883193493,-0.9991019368171692,-0.20524580776691437,0.1219601035118103,0.13088290393352509,0.2950942814350128,-0.14471720159053802,-0.1105642020702362,-0.2868160605430603,-0.20775026082992554,-0.04120355844497681,0.5533979535102844,0.050931841135025024,-0.31171634793281555,-0.5275974869728088,0.911271870136261,0.5108219385147095,1.0458863973617554,1.011709451675415,-0.857867419719696,-0.26518577337265015,-0.7870129942893982,0.9228419661521912
1.6628704071044922,-0.005617932416498661,0.6795448064804077,-0.02911062352359295,-0.018887612968683243,0.028438234701752663,-0.9989929795265198,-0.21460413932800293,0.1114017441868782,0.129073366522789,0.31342610716819763,-0.140888974070549,-0.11984137445688248,-0.30848148465156555,-0.22029735147953033,-0.03064710833132267,0.5871604084968567,0.044643599539995193,-0.32486310601234436,-0.5245167016983032,0.9494689702987671,0.5273249745368958,1.053104043006897,1.028023362159729,-0.8897289633750916,-0.259422242641449,-0.8302983641624451,0.9015260934829712
1.6622744798660278,-0.004176272079348564,0.6779137849807739,-0.03325694426894188,-0.018695713952183723,0.0291669312864542,-0.9988461136817932,-0.22430101037025452,0.10116574168205261,0.1283067762851715,0.3327109217643738,-0.13753123581409454,-0.12963955104351044,-0.33069872856140137,-0.23258662223815918,-0.02191740646958351,0.6198723912239075,0.036863889545202255,-0.33865129947662354,-0.5237792134284973,0.9881917834281921,0.5396848320960999,1.0583791732788086,1.0455753803253174,-0.9204333424568176,-0.2521364092826843,-0.8641510009765625,0.8859360218048096
1.6616935729980469,-0.0030263818334788084,0.6761698722839355,-0.037296656519174576,-0.018133539706468582,0.030161911621689796,-0.9986842274665833,-0.23323819041252136,0.09190095216035843,0.1281370222568512,0.35269075632095337,-0.13493332266807556,-0.13991758227348328,-0.35229212045669556,-0.2441377192735672,-0.01384008675813675,0.6522946953773499,0.02955588698387146,-0.3519488573074341,-0.5266452431678772,1.0284967422485352,0.5478846430778503,1.0631271600723267,1.0632829666137695,-0.9494367241859436,-0.24346274137496948,-0.8876906633377075,0.8747130632400513
1.6611659526824951,-0.0021983622573316097,0.674358069896698,-0.041078001260757446,-0.017051734030246735,0.031263288110494614,-0.998521089553833,-0.2409205287694931,0.0839017778635025,0.12828771770000458,0.37295156717300415,-0.13298405706882477,-0.15052370727062225,-0.37155279517173767,-0.25449931621551514,-0.004648513626307249,0.6830784678459167,0.02257768251001835,-0.3651460111141205,-0.5334917306900024,1.0708013772964478,0.5527212619781494,1.0683250427246094,1.0803123712539673,-0.9762515425682068,-0.23366042971611023,-0.9019542932510376,0.8657297492027283
1.6606892347335815,-0.001672184793278575,0.6725446581840515,-0.04452556371688843,-0.015536459162831306,0.032322678714990616,-0.998364269733429,-0.24728181958198547,0.0771782398223877,0.12850730121135712,0.3927191495895386,-0.13169871270656586,-0.1609603464603424,-0.3876291811466217,-0.26334673166275024,0.006503525655716658,0.710993766784668,0.01749027706682682,-0.3778730034828186,-0.5440865159034729,1.1143393516540527,0.5550072193145752,1.0746370553970337,1.0953164100646973,-1.0006407499313354,-0.22322897613048553,-0.9092954993247986,0.8569096326828003
1.6602801084518433,-0.0013876010198146105,0.6707856059074402,-0.04764781519770622,-0.013719833455979824,0.03336609527468681,-0.9982123970985413,-0.2522088289260864,0.07155228406190872,0.12894226610660553,0.41125544905662537,-0.13094612956047058,-0.17088447511196136,-0.400460809469223,-0.27064135670661926,0.018407050520181656,0.7351399660110474,0.01718844845890999,-0.38923051953315735,-0.5574410557746887,1.1574864387512207,0.5549962520599365,1.082649827003479,1.1061878204345703,-1.0225030183792114,-0.21258798241615295,-0.9122328162193298,0.8458871841430664
1.6599740982055664,-0.0012985272333025932,0.6691309213638306,-0.05044788122177124,-0.011693932116031647,0.03451211377978325,-0.9980616569519043,-0.2555163502693176,0.0669448971748352,0.1298828423023224,0.42805710434913635,-0.13067571818828583,-0.180137500166893,-0.41043829917907715,-0.27647432684898376,0.0305247250944376,0.7557721138000488,0.020699068903923035,-0.39918017387390137,-0.5723686218261719,1.1986826658248901,0.5528095364570618,1.092880368232727,1.111818790435791,-1.0420656204223633,-0.20184816420078278,-0.9123558402061462,0.8309245705604553
1.6597718000411987,-0.001355953048914671,0.6675987243652344,-0.05294106900691986,-0.009659303352236748,0.03574822098016739,-0.9979107975959778,-0.25766757130622864,0.06321132183074951,0.1312151849269867,0.4430773854255676,-0.13077357411384583,-0.18866074085235596,-0.4184033274650574,-0.28102487325668335,0.0424991101026535,0.7735252380371094,0.02634539268910885,-0.4079515337944031,-0.5881257653236389,1.2366909980773926,0.5485888719558716,1.1056698560714722,1.1123671531677246,-1.0602569580078125,-0.1912097930908203,-0.9101176857948303,0.8121601343154907
1.6596522331237793,-0.001501875463873148,0.6662003397941589,-0.05513817444443703,-0.007862522266805172,0.03691774979233742,-0.9977649450302124,-0.2593577802181244,0.06004845350980759,0.13170559704303741,0.45631325244903564,-0.13123279809951782,-0.19643592834472656,-0.425140380859375,-0.2845569849014282,0.05382286384701729,0.7888236045837402,0.03293858468532562,-0.41567379236221313,-0.6044297814369202,1.2707197666168213,0.5423827767372131,1.1215006113052368,1.1083729267120361,-1.0782408714294434,-0.18093204498291016,-0.904943585395813,0.79057776927948
1.6596170663833618,-0.0016877846792340279,0.6649767756462097,-0.05700163543224335,-0.006381481420248747,0.03783853352069855,-0.9976363182067871,-0.26052796840667725,0.05730785056948662,0.1301059126853943,0.4673128128051758,-0.132094606757164,-0.2033844292163849,-0.43060076236724854,-0.28730326890945435,0.06372424215078354,0.8015693426132202,0.03969496488571167,-0.42231014370918274,-0.6211686134338379,1.3002225160598755,0.5342440009117126,1.141098976135254,1.1006388664245605,-1.0966732501983643,-0.17122577130794525,-0.8955245018005371,0.7669354677200317
1.6596808433532715,-0.0018658027984201908,0.6639947295188904,-0.05850403010845184,-0.005203223787248135,0.03839024156332016,-0.9975351095199585,-0.2607508599758148,0.054791465401649475,0.12527146935462952,0.47519975900650024,-0.13363564014434814,-0.20919618010520935,-0.43438276648521423,-0.28951504826545715,0.07147084176540375,0.8113766312599182,0.045996956527233124,-0.4277174472808838,-0.6381222605705261,1.3245126008987427,0.5242494344711304,1.165418028831482,1.0899969339370728,-1.1158360242843628,-0.16224122047424316,-0.8807446360588074,0.7416302561759949
1.6598674058914185,-0.0020155394449830055,0.6633245944976807,-0.05960648134350777,-0.00427755992859602,0.03859354555606842,-0.9974664449691772,-0.26022857427597046,0.05279133841395378,0.11854206770658493,0.47928300499916077,-0.13565674424171448,-0.21268142759799957,-0.4360421597957611,-0.2912755310535431,0.0765865221619606,0.8177947402000427,0.0513007752597332,-0.4316949248313904,-0.6547224521636963,1.343324065208435,0.5125632882118225,1.1950076818466187,1.0769301652908325,-1.1357165575027466,-0.15410113334655762,-0.8600353598594666,0.7147596478462219
1.6601696014404297,-0.0021336027421057224,0.6629481315612793,-0.06018029525876045,-0.003551617031916976,0.03840428963303566,-0.9974421262741089,-0.2589646577835083,0.05126897990703583,0.10983318090438843,0.4808138310909271,-0.13769282400608063,-0.21508736908435822,-0.43534544110298157,-0.292423814535141,0.07872481644153595,0.8208712339401245,0.055535558611154556,-0.43428540229797363,-0.6705077886581421,1.357255220413208,0.4995577335357666,1.229388952255249,1.061678171157837,-1.1562471389770508,-0.14685803651809692,-0.8335164189338684,0.6864914298057556
1.66059410572052,-0.0022209486924111843,0.6628478169441223,-0.06014685332775116,-0.0029391618445515633,0.03791962191462517,-0.9974645972251892,-0.2569704055786133,0.05068211257457733,0.09928438067436218,0.4802189767360687,-0.1400507092475891,-0.2165684849023819,-0.43206754326820374,-0.2927420735359192,0.07799044996500015,0.8205821514129639,0.05890917778015137,-0.43548688292503357,-0.6847772002220154,1.3670251369476318,0.4856032133102417,1.2670453786849976,1.0443633794784546,-1.1773617267608643,-0.1404961347579956,-0.8013797998428345,0.6568624377250671
1.6611446142196655,-0.002289152704179287,0.6630075573921204,-0.059491612017154694,-0.0023791592102497816,0.03728770092129707,-0.997529149055481,-0.254136860370636,0.05140121281147003,0.08805728703737259,0.4777422547340393,-0.14270669221878052,-0.21719440817832947,-0.4262056052684784,-0.2920452356338501,0.07476411014795303,0.8169909119606018,0.06166525557637215,-0.4352973997592926,-0.6967648267745972,1.373093843460083,0.47102856636047363,1.3059327602386475,1.0251511335372925,-1.1990604400634766,-0.13499069213867188,-0.763850212097168,0.6255981922149658
1.661806344985962,-0.0023518833331763744,0.6634167432785034,-0.05828036367893219,-0.0018923238385468721,0.03661564737558365,-0.9976267218589783,-0.25037962198257446,0.05359053239226341,0.07775376737117767,0.4733540713787079,-0.14553608000278473,-0.21683679521083832,-0.4180392026901245,-0.2902838885784149,0.06957723200321198,0.8101614713668823,0.06416072696447372,-0.4336774945259094,-0.7059019804000854,1.375693917274475,0.4561019241809845,1.3442442417144775,1.0042558908462524,-1.2214945554733276,-0.1303332895040512,-0.7211767435073853,0.5921673774719238
1.6625531911849976,-0.0024391082115471363,0.6641055941581726,-0.056638047099113464,-0.0015417799586430192,0.03594406321644783,-0.9977463483810425,-0.24560746550559998,0.05677972361445427,0.07012877613306046,0.46679234504699707,-0.1478901356458664,-0.21524885296821594,-0.40776848793029785,-0.28752294182777405,0.06290172785520554,0.7998179197311401,0.06695353239774704,-0.43041327595710754,-0.711841344833374,1.375014066696167,0.4412161707878113,1.3806805610656738,0.982071042060852,-1.2446818351745605,-0.1266162246465683,-0.6736990213394165,0.5558759570121765
1.6633613109588623,-0.0026058966759592295,0.6651145815849304,-0.05465314909815788,-0.001385764218866825,0.03522658720612526,-0.9978827238082886,-0.2395993173122406,0.06073499098420143,0.06643201410770416,0.45731690526008606,-0.14945204555988312,-0.21187546849250793,-0.39530569314956665,-0.28377509117126465,0.0549299381673336,0.785414457321167,0.0707855299115181,-0.42521241307258606,-0.7144070863723755,1.3714377880096436,0.42683905363082886,1.4143633842468262,0.958790123462677,-1.2683804035186768,-0.12410140037536621,-0.6221723556518555,0.5161596536636353
1.664197564125061,-0.0028991312719881535,0.666459321975708,-0.05242462828755379,-0.0015143812634050846,0.03430181369185448,-0.9980343580245972,-0.23219437897205353,0.06517738848924637,0.06576483696699142,0.443804532289505,-0.1503443568944931,-0.2059832364320755,-0.3807273209095001,-0.2792098820209503,0.04553647339344025,0.7666731476783752,0.07594778388738632,-0.41794076561927795,-0.7136598825454712,1.3651939630508423,0.4132952392101288,1.4449266195297241,0.9342253804206848,-1.2923492193222046,-0.12317893654108047,-0.5673164129257202,0.4725373089313507
1.6650351285934448,-0.00335842277854681,0.6680992245674133,-0.0500042699277401,-0.001998503925278783,0.0331512950360775,-0.9981966614723206,-0.22330525517463684,0.07013923674821854,0.06630478799343109,0.4255278408527374,-0.151180237531662,-0.19734559953212738,-0.36451655626296997,-0.2738560140132904,0.03474083170294762,0.7439170479774475,0.08212728798389435,-0.40866583585739136,-0.7094472050666809,1.3564643859863281,0.40078306198120117,1.4725933074951172,0.9079706072807312,-1.3163018226623535,-0.1240885928273201,-0.5097528100013733,0.42460039258003235
1.6658413410186768,-0.00400773249566555,0.66988205909729,-0.04759702831506729,-0.0028876380529254675,0.03197008743882179,-0.9983506202697754,-0.21358922123908997,0.07529111206531525,0.06741694360971451,0.4036339819431305,-0.15229324996471405,-0.18655173480510712,-0.34664154052734375,-0.2681005597114563,0.021856550127267838,0.7165234088897705,0.08663629740476608,-0.39965659379959106,-0.7014492154121399,1.345351219177246,0.389530748128891,1.4978935718536377,0.8798806667327881,-1.3403021097183228,-0.1264796406030655,-0.44999071955680847,0.37219950556755066
1.6666810512542725,-0.004880059976130724,0.6718058586120605,-0.04490026831626892,-0.003947548568248749,0.030434133484959602,-0.998520016670227,-0.202505424618721,0.08123322576284409,0.06845699995756149,0.37795525789260864,-0.15382465720176697,-0.1738160401582718,-0.32956036925315857,-0.26145991683006287,0.008151179179549217,0.6901432275772095,0.09018557518720627,-0.38821858167648315,-0.6907058358192444,1.333044409751892,0.37965095043182373,1.522282600402832,0.8495349884033203,-1.3630181550979614,-0.12989331781864166,-0.3891200125217438,0.3161766529083252
1.6675238609313965,-0.005948424339294434,0.673703670501709,-0.04214410111308098,-0.005164974369108677,0.02857445925474167,-0.9986894130706787,-0.19125795364379883,0.08752739429473877,0.06926840543746948,0.3507973849773407,-0.15571151673793793,-0.1599932760000229,-0.3124130368232727,-0.2544373869895935,-0.007069895509630442,0.6633641719818115,0.09190767258405685,-0.3768875300884247,-0.6776151061058044,1.3196282386779785,0.3718418776988983,1.546593427658081,0.8174433708190918,-1.384243130683899,-0.1335640400648117,-0.3275088965892792,0.25711584091186523
1.6683449745178223,-0.007179297506809235,0.675470769405365,-0.039373237639665604,-0.006510067731142044,0.02632986009120941,-0.9988563060760498,-0.18057949841022491,0.09405911713838577,0.06934797018766403,0.3235270380973816,-0.15787068009376526,-0.14582619071006775,-0.2955811619758606,-0.24704444408416748,-0.02273370325565338,0.6368661522865295,0.09375292807817459,-0.36584556102752686,-0.6626153588294983,1.3051058053970337,0.36722636222839355,1.5709384679794312,0.7844669222831726,-1.4032068252563477,-0.13719378411769867,-0.2654845714569092,0.19593504071235657
1.6691304445266724,-0.008528324775397778,0.6770678162574768,-0.03658076375722885,-0.007914939895272255,0.023605337366461754,-0.9990203976631165,-0.17093609273433685,0.10079585015773773,0.0682806670665741,0.2971356213092804,-0.16021734476089478,-0.1317877322435379,-0.27979776263237,-0.23929254710674286,-0.03725362941622734,0.6120410561561584,0.09928073734045029,-0.35404151678085327,-0.6457534432411194,1.2888156175613403,0.3676617443561554,1.593904972076416,0.7522558569908142,-1.4191150665283203,-0.141115203499794,-0.20294201374053955,0.13372911512851715
1.6698168516159058,-0.009935816749930382,0.6783789396286011,-0.03411846607923508,-0.009431611746549606,0.020604386925697327,-0.999160885810852,-0.16321097314357758,0.10698659718036652,0.06617554277181625,0.29000000000000004,-0.16270238161087036,-0.11867180466651917,-0.26452919840812683,-0.23207522928714752,-0.051822494715452194,0.5874285101890564,0.10510337352752686,-0.3443411588668823,-0.6261853575706482,1.2693017721176147,0.37517884373664856,1.6131229400634766,0.7228876352310181,-1.4323166608810425,-0.1457473635673523,-0.13894407451152802,0.07176460325717926
1.6704025268554688,-0.011353089474141598,0.6794543266296387,-0.031976368278265,-0.010993728414177895,0.017342496663331985,-0.9992777109146118,-0.1572006642818451,0.11256088316440582,0.06310340762138367,0.29000000000000004,-0.1650901585817337,-0.10632835328578949,-0.25056320428848267,-0.22552335262298584,-0.06655577570199966,0.5646377205848694,0.10893011838197708,-0.33672812581062317,-0.6036146879196167,1.246021032333374,0.3905240595340729,1.6269707679748535,0.6972580552101135,-1.442969560623169,-0.15140892565250397,-0.07271109521389008,0.011964667588472366
1.670928716659546,-0.012683123350143433,0.6803606152534485,-0.02995391935110092,-0.0125082116574049,0.013859282247722149,-0.9993768930435181,-0.1523950845003128,0.11781035363674164,0.05921526253223419,0.29000000000000004,-0.16745387017726898,-0.09487564861774445,-0.238973006606102,-0.21944758296012878,-0.08048869669437408,0.5458731055259705,0.11212116479873657,-0.32959485054016113,-0.578010618686676,1.218896746635437,0.4129306972026825,1.6300000000000001,0.6750873923301697,-1.451322317123413,-0.15800784528255463,-0.003313070395961404,-0.04378031566739082
1.6713827848434448,-0.013796750456094742,0.681075394153595,-0.028243212029337883,-0.01405752170830965,0.01048186607658863,-0.999447226524353,-0.14941725134849548,0.12216593325138092,0.05491013079881668,0.29000000000000004,-0.16930493712425232,-0.08499502390623093,-0.22957497835159302,-0.2142997682094574,-0.09277892857789993,0.5299533009529114,0.11498986184597015,-0.3236546516418457,-0.5490157604217529,1.1870365142822266,0.4405161440372467,1.6300000000000001,0.6547600030899048,-1.458064317703247,-0.16477841138839722,0.07053785771131516,-0.09467655420303345
1.6717890501022339,-0.014585021883249283,0.6816136240959167,-0.026852691546082497,-0.015630969777703285,0.00736655481159687,-0.9994900822639465,-0.14849582314491272,0.12544821202754974,0.05030810087919235,0.29000000000000004,-0.1704997718334198,-0.07726000994443893,-0.22252827882766724,-0.21028761565685272,-0.10241268575191498,0.517012894153595,0.11966428905725479,-0.3182259202003479,-0.5166676640510559,1.149702787399292,0.47077706456184387,1.628229022026062,0.6324166655540466,-1.4624239206314087,-0.17098428308963776,0.14895683526992798,-0.14089924097061157
1.6721386909484863,-0.014974978752434254,0.6819376945495605,-0.025941357016563416,-0.01725710742175579,0.004669334273785353,-0.9995035529136658,-0.15015916526317596,0.12721706926822662,0.04533619433641434,0.29000000000000004,-0.1711936891078949,-0.07233299314975739,-0.21698831021785736,-0.2078305333852768,-0.10968615114688873,0.5053595900535583,0.12656378746032715,-0.31391504406929016,-0.48094624280929565,1.105754017829895,0.5015758275985718,1.61518394947052,0.6037290096282959,-1.4626305103302002,-0.17611683905124664,0.230902761220932,-0.14999999999999997
1.6724648475646973,-0.014937080442905426,0.6821192502975464,-0.02529265359044075,-0.018828099593520164,0.0022409663069993258,-0.9995002746582031,-0.15453177690505981,0.1278175413608551,0.039579685777425766,0.29000000000000004,-0.17094284296035767,-0.07050921022891998,-0.21251457929611206,-0.20659776031970978,-0.11500460654497147,0.49507197737693787,0.13531942665576935,-0.3100764751434326,-0.4424784481525421,1.0539474487304688,0.5311686396598816,1.5971170663833618,0.5639569163322449,-1.4542330503463745,-0.18059587478637695,0.3129395842552185,-0.14999999999999997
1.6728312969207764,-0.014389174059033394,0.6823009252548218,-0.024587998166680336,-0.020212143659591675,-0.0002993324014823884,-0.9994932413101196,-0.16117532551288605,0.127614825963974,0.03245092183351517,0.29000000000000004,-0.16864198446273804,-0.07149244099855423,-0.20943661034107208,-0.20635071396827698,-0.12197908759117126,0.4883832633495331,0.13614091277122498,-0.3078780770301819,-0.40249302983283997,0.9930416345596313,0.5587884187698364,1.5753812789916992,0.5110270977020264,-1.4325858354568481,-0.1857757419347763,0.3909918963909149,-0.14999999999999997
1.673166036605835,-0.013244247063994408,0.6823777556419373,-0.024145737290382385,-0.02165183797478676,-0.0030357399955391884,-0.9994693398475647,-0.17057345807552338,0.1257154792547226,0.023819418624043465,0.29000000000000004,-0.16537092626094818,-0.07481177151203156,-0.20726266503334045,-0.20779874920845032,-0.12809807062149048,0.48296380043029785,0.13853298127651215,-0.30596816539764404,-0.36164310574531555,0.9213079214096069,0.5849321484565735,1.5501666069030762,0.44749993085861206,-1.396921157836914,-0.19270038604736328,0.4628297984600067,-0.14999999999999997
1.6734055280685425,-0.011482837609946728,0.6823166012763977,-0.02417893521487713,-0.023388268426060677,-0.006442141719162464,-0.999413251876831,-0.18228724598884583,0.12140660732984543,0.013328063301742077,0.29000000000000004,-0.16198274493217468,-0.07883334159851074,-0.2070295512676239,-0.21170201897621155,-0.13400712609291077,0.48011353611946106,0.1418919712305069,-0.3051205575466156,-0.32102808356285095,0.8373652100563049,0.6106622815132141,1.5207085609436035,0.378057062625885,-1.3482213020324707,-0.20263144373893738,0.5258804559707642,-0.14999999999999997
1.6734509468078613,-0.009218243882060051,0.6821281313896179,-0.024654805660247803,-0.025281181558966637,-0.010794132016599178,-0.9993178844451904,-0.19490033388137817,0.11486485600471497,0.0011098041431978345,0.29000000000000004,-0.15971167385578156,-0.081986203789711,-0.20831702649593353,-0.21793769299983978,-0.14049631357192993,0.4799322485923767,0.14573021233081818,-0.30541959404945374,-0.2813936173915863,0.740464985370636,0.6381601691246033,1.4854670763015747,0.31169039011001587,-1.2906209230422974,-0.21221652626991272,0.576704740524292,-0.14999999999999997
1.673334002494812,-0.0065597957000136375,0.6819355487823486,-0.02536158263683319,-0.02740117534995079,-0.016060562804341316,-0.9991735816001892,-0.20834143459796906,0.10655321180820465,-0.01255266647785902,0.29000000000000004,-0.15640273690223694,-0.08400384336709976,-0.21133174002170563,-0.22588106989860535,-0.14902012050151825,0.4827329218387604,0.1450083702802658,-0.3070042133331299,-0.24169804155826569,0.6303064227104187,0.6694933772087097,1.442138671875,0.2565484941005707,-1.2208722829818726,-0.22691698372364044,0.6098671555519104,-0.14999999999999997
1.6730812788009644,-0.0036010637413710356,0.6817373633384705,-0.026423420757055283,-0.0296687800437212,-0.022424718365073204,-0.9989587664604187,-0.2224757969379425,0.09615667909383774,-0.02781822718679905,0.29000000000000004,-0.15069228410720825,-0.08489062637090683,-0.21670392155647278,-0.23596353828907013,-0.16057467460632324,0.490563303232193,0.13588537275791168,-0.3112518787384033,-0.20214153826236725,0.5079711675643921,0.7033528685569763,1.3889329433441162,0.21671561896800995,-1.1373281478881836,-0.24873752892017365,0.6232483983039856,-0.14999999999999997
1.6727427244186401,-0.00042974529787898064,0.6815242767333984,-0.027553992345929146,-0.03183639794588089,-0.030241429805755615,-0.998655378818512,-0.23640790581703186,0.08444169163703918,-0.045346133410930634,0.29000000000000004,-0.14456696808338165,-0.08439125865697861,-0.22643868625164032,-0.24818365275859833,-0.1728435605764389,0.5085040926933289,0.12338104844093323,-0.3157823979854584,-0.16395564377307892,0.37713706493377686,0.7360416054725647,1.3273169994354248,0.19280999898910522,-1.0390560626983643,-0.2778618633747101,0.6150790452957153,-0.14999999999999997
1.6724447011947632,0.00284402328543365,0.6814045310020447,-0.028376752510666847,-0.033491313457489014,-0.039639513939619064,-0.9982492327690125,-0.24885845184326172,0.07246015965938568,-0.06530938297510147,0.29000000000000004,-0.13844342529773712,-0.08240516483783722,-0.2407858669757843,-0.2621151804924011,-0.18375210464000702,0.5390377640724182,0.1130925714969635,-0.3165381848812103,-0.1289730668067932,0.24553459882736206,0.7630454897880554,1.2629210948944092,0.18551459908485413,-0.9275619387626648,-0.31314927339553833,0.5877606868743896,-0.14999999999999997
1.6723123788833618,0.006140467710793018,0.6814047694206238,-0.028775274753570557,-0.03418019041419029,-0.05033404007554054,-0.9977325201034546,-0.25827738642692566,0.060888539999723434,-0.08698252588510513,0.29000000000000004,-0.1326082944869995,-0.07950138300657272,-0.25690940022468567,-0.27716895937919617,-0.19316202402114868,0.5789995789527893,0.1069713607430458,-0.31167107820510864,-0.09832877665758133,0.1207244023680687,0.7816143035888672,1.2016786336898804,0.19473659992218018,-0.8086714744567871,-0.35181158781051636,0.5491262674331665,-0.14999999999999997
1.672321081161499,0.009507487528026104,0.6814365983009338,-0.029100576415657997,-0.034188248217105865,-0.0617106556892395,-0.9970837235450745,-0.26526913046836853,0.04911335930228233,-0.10926240682601929,0.29000000000000004,-0.12685032188892365,-0.07625363767147064,-0.2721787095069885,-0.2934283912181854,-0.20251919329166412,0.6219260692596436,0.10356133431196213,-0.30367380380630493,-0.0715278759598732,0.00719197653234005,0.7904102802276611,1.1466784477233887,0.21706050634384155,-0.6890808939933777,-0.3947066366672516,0.508354663848877,-0.14999999999999997
1.6722617149353027,0.013014032505452633,0.6813291907310486,-0.02986050397157669,-0.03439374640583992,-0.07281254231929779,-0.996304988861084,-0.27230650186538696,0.036003004759550095,-0.1306532323360443,0.29000000000000004,-0.12077292054891586,-0.07321710139513016,-0.2864389419555664,-0.31104764342308044,-0.21271993219852448,0.661867082118988,0.09319277852773666,-0.29788923263549805,-0.04699435085058212,-0.09229467064142227,0.7891610860824585,1.0981011390686035,0.24815528094768524,-0.5744093656539917,-0.4431644082069397,0.4723285436630249,-0.14999999999999997
1.672005295753479,0.01658763363957405,0.6810459494590759,-0.031085439026355743,-0.03529927134513855,-0.08313488215208054,-0.995427668094635,-0.2805370092391968,0.02163759060204029,-0.15041445195674896,0.29000000000000004,-0.11442995071411133,-0.07024959474802017,-0.30077680945396423,-0.3295905888080597,-0.2222646176815033,0.697207510471344,0.08166595548391342,-0.2924838960170746,-0.02413834258913994,-0.17657597362995148,0.779291570186615,1.0541397333145142,0.2845735549926758,-0.46678629517555237,-0.4960328936576843,0.4424903094768524,-0.14999999999999997
1.6715551614761353,0.02005518041551113,0.6806592345237732,-0.03236515820026398,-0.03698579594492912,-0.09286019206047058,-0.9944654107093811,-0.29019060730934143,0.007106591481715441,-0.16916464269161224,0.29000000000000004,-0.10830210894346237,-0.06696977466344833,-0.3158861994743347,-0.3485282063484192,-0.2332354187965393,0.7289298176765442,0.07889476418495178,-0.28501439094543457,-0.0036086232867091894,-0.24664774537086487,0.7635133266448975,1.011993646621704,0.3231661021709442,-0.36615148186683655,-0.5506162047386169,0.41552671790122986,-0.14999999999999997
1.670912742614746,0.023205377161502838,0.6802095770835876,-0.0332651287317276,-0.039488594979047775,-0.10243604332208633,-0.9933986663818359,-0.3021167814731598,-0.006626429036259651,-0.18831142783164978,0.29000000000000004,-0.10289553552865982,-0.06334783881902695,-0.33212199807167053,-0.36634841561317444,-0.24399912357330322,0.7581023573875427,0.07827012240886688,-0.2764202952384949,0.013728792779147625,-0.3052370548248291,0.7446996569633484,0.9693912863731384,0.36149194836616516,-0.2719358801841736,-0.6038327217102051,0.38579294085502625,-0.14999999999999997
1.6701112985610962,0.025971610099077225,0.6796951293945312,-0.033719439059495926,-0.04261040687561035,-0.11232773959636688,-0.9921842813491821,-0.3161333501338959,-0.019572436809539795,-0.20876391232013702,0.29000000000000004,-0.09838394820690155,-0.059309229254722595,-0.3491940200328827,-0.38303622603416443,-0.2544504702091217,0.7861778736114502,0.0790209099650383,-0.26693999767303467,0.02729913592338562,-0.3549448549747467,0.7242946028709412,0.9251754283905029,0.39791688323020935,-0.183059960603714,-0.653321385383606,0.3486957252025604,-0.14999999999999997
1.6692079305648804,0.0284064132720232,0.6791177988052368,-0.03396563604474068,-0.04601098597049713,-0.12248272448778152,-0.9908214211463928,-0.3307907283306122,-0.032147303223609924,-0.22991304099559784,0.29000000000000004,-0.09461705386638641,-0.05466204136610031,-0.3667885363101959,-0.39915579557418823,-0.2634927034378052,0.8140294551849365,0.081007219851017,-0.25681841373443604,0.03757663816213608,-0.39736291766166687,0.7023422718048096,0.8796667456626892,0.4314645230770111,-0.09885120391845703,-0.6982442736625671,0.30345383286476135,-0.14999999999999997
1.6682277917861938,0.03058961220085621,0.6784502863883972,-0.03430427983403206,-0.04951592907309532,-0.13245829939842224,-0.9893563985824585,-0.34518617391586304,-0.044790178537368774,-0.250516802072525,0.29000000000000004,-0.09135971963405609,-0.04966645687818527,-0.385078489780426,-0.4151323437690735,-0.2697886526584625,0.8417755365371704,0.08430909365415573,-0.24641039967536926,0.045704737305641174,-0.433782160282135,0.6787389516830444,0.8346903324127197,0.4614589512348175,-0.018929114565253258,-0.7386476993560791,0.2511783838272095,-0.14999999999999997
1.6671667098999023,0.03257707133889198,0.6776043772697449,-0.034898627549409866,-0.05321195721626282,-0.14180558919906616,-0.9878470301628113,-0.36004701256752014,-0.05790753290057182,-0.2698056399822235,0.29008749127388,-0.08839234709739685,-0.0452415756881237,-0.40495607256889343,-0.43117815256118774,-0.2726469337940216,0.8694735765457153,0.08860264718532562,-0.2366609424352646,0.052754368633031845,-0.46531158685684204,0.6537820100784302,0.7933381199836731,0.4860919117927551,0.05740141123533249,-0.7745985388755798,0.19228117167949677,-0.14999999999999997
1.6660467386245728,0.03437582775950432,0.6765214800834656,-0.03578338772058487,-0.057127393782138824,-0.15046854317188263,-0.9863138794898987,-0.3760182559490204,-0.06,-0.28780698776245117,0.2969856858253479,-0.08572453260421753,-0.04210171476006508,-0.4267677068710327,-0.4474859833717346,-0.272624671459198,0.8974468111991882,0.09225286543369293,-0.22815726697444916,0.05898383632302284,-0.49280911684036255,0.6288178563117981,0.7574807405471802,0.504399299621582,0.13163252174854279,-0.8059232831001282,0.12616722285747528,-0.14999999999999997
1.6649197340011597,0.03595024347305298,0.6752201914787292,-0.03690110892057419,-0.06119202822446823,-0.15867413580417633,-0.9847416281700134,-0.3928803503513336,-0.06,-0.30490246415138245,0.30601808428764343,-0.0834738165140152,-0.04016596078872681,-0.450321227312088,-0.46429818868637085,-0.2712711989879608,0.926211953163147,0.0942649096250534,-0.22063791751861572,0.06415287405252457,-0.5169609785079956,0.605499267578125,0.7270585894584656,0.5163090229034424,0.20565450191497803,-0.8319920897483826,0.052455224096775055,-0.14999999999999997
1.6638308763504028,0.037237174808979034,0.6737607717514038,-0.03811546415090561,-0.06538231670856476,-0.16657860577106476,-0.9831194281578064,-0.4102652966976166,-0.06,-0.32138121128082275,0.31628769636154175,-0.08178874850273132,-0.038955241441726685,-0.47531774640083313,-0.48138201236724854,-0.2693714499473572,0.9557313919067383,0.09401639550924301,-0.2136390209197998,0.06826033443212509,-0.5383346080780029,0.5848475694656372,0.7013775706291199,0.5216353535652161,0.2807701528072357,-0.8516619801521301,-0.027957402169704437,-0.14999999999999997
1.6628073453903198,0.03816423565149307,0.672203779220581,-0.03926115110516548,-0.06976225227117538,-0.1742517203092575,-0.9814417958259583,-0.42808791995048523,-0.06,-0.33748510479927063,0.32699984312057495,-0.08085017651319504,-0.0380624458193779,-0.501304030418396,-0.4981721341609955,-0.26744404435157776,0.985258162021637,0.09188464283943176,-0.20697198808193207,0.07153628766536713,-0.5577700138092041,0.5674133896827698,0.679513692855835,0.5208532214164734,0.3573094308376312,-0.8636364340782166,-0.11289941519498825,-0.14999999999999997
1.661867618560791,0.038680508732795715,0.6705828309059143,-0.04023841395974159,-0.07437580823898315,-0.18175725638866425,-0.9797006249427795,-0.4463635981082916,-0.06,-0.3534407615661621,0.337723046541214,-0.08078161627054214,-0.03725497052073479,-0.5274801254272461,-0.5141395330429077,-0.2659778892993927,1.0138148069381714,0.08857233077287674,-0.20107190310955048,0.0742020383477211,-0.5760541558265686,0.5534313321113586,0.6606451869010925,0.5154016613960266,0.4350270628929138,-0.8672043085098267,-0.19938944280147552,-0.14999999999999997
1.661035418510437,0.03876958042383194,0.6689244508743286,-0.04104756563901901,-0.07916270196437836,-0.1891041100025177,-0.9778997302055359,-0.46478408575057983,-0.06,-0.36924272775650024,0.348045289516449,-0.08160790801048279,-0.03638191148638725,-0.5531377792358398,-0.528951108455658,-0.26489391922950745,1.0408724546432495,0.08507464081048965,-0.19633308053016663,0.07663305103778839,-0.5937132239341736,0.5425758361816406,0.6443436741828918,0.50706946849823,0.5136811137199402,-0.8623484373092651,-0.28438660502433777,-0.14999999999999997
1.6603344678878784,0.038437843322753906,0.6672558188438416,-0.04173031821846962,-0.0840037390589714,-0.19620107114315033,-0.976067066192627,-0.4829069674015045,-0.06,-0.38465017080307007,0.35768628120422363,-0.08328572660684586,-0.03542449697852135,-0.578090250492096,-0.5424179434776306,-0.2635310888290405,1.0664786100387573,0.08226742595434189,-0.19269490242004395,0.07950355112552643,-0.611271321773529,0.534144937992096,0.6302859783172607,0.4976577162742615,0.5930081605911255,-0.8494476675987244,-0.3653014302253723,-0.14999999999999997
1.659774899482727,0.03770088776946068,0.6655819416046143,-0.04231840372085571,-0.08879068493843079,-0.2029421627521515,-0.9742379784584045,-0.5005801320075989,-0.06,-0.3994618356227875,0.36687707901000977,-0.08575574308633804,-0.03459662199020386,-0.6023797392845154,-0.5544393062591553,-0.2614021897315979,1.0909055471420288,0.08032770454883575,-0.19005510210990906,0.08362682908773422,-0.6295011043548584,0.5274132490158081,0.6177881956100464,0.48917022347450256,0.6725943684577942,-0.8289371728897095,-0.44007423520088196,-0.14999999999999997
1.6593457460403442,0.03658442199230194,0.6638786196708679,-0.04284893721342087,-0.09345801174640656,-0.20931042730808258,-0.9724291563034058,-0.5179318189620972,-0.06,-0.4136698544025421,0.3761492073535919,-0.08896426856517792,-0.03417465463280678,-0.6261761784553528,-0.5650151371955872,-0.25846391916275024,1.11443030834198,0.0767788216471672,-0.18897120654582977,0.08966026455163956,-0.6493117213249207,0.5214610695838928,0.6060861945152283,0.48353999853134155,0.7519656419754028,-0.8013455867767334,-0.5071846842765808,-0.14999999999999997
1.6590205430984497,0.03512564301490784,0.6621256470680237,-0.04334082081913948,-0.09796051681041718,-0.21527907252311707,-0.970659613609314,-0.5350998044013977,-0.06,-0.4272376298904419,0.3859352171421051,-0.09282339364290237,-0.034353215247392654,-0.6494543552398682,-0.5743763446807861,-0.2547086179256439,1.137324571609497,0.07347764819860458,-0.1890513300895691,0.0983240082859993,-0.6715599298477173,0.5149626731872559,0.5946584939956665,0.4819645285606384,0.8309151530265808,-0.767055869102478,-0.566112756729126,-0.14999999999999997
1.658789873123169,0.03334330394864082,0.6603383421897888,-0.04374932870268822,-0.10218741744756699,-0.2206486314535141,-0.9689982533454895,-0.5520521402359009,-0.06,-0.43987712264060974,0.3966405391693115,-0.09728594869375229,-0.03543341904878616,-0.6719579696655273,-0.5822259783744812,-0.2501857876777649,1.159314751625061,0.07149968296289444,-0.19011439383029938,0.11061553657054901,-0.6967684626579285,0.506660521030426,0.5827415585517883,0.4845912754535675,0.9091659784317017,-0.7264551520347595,-0.6165579557418823,-0.14999999999999997
1.6586600542068481,0.031264208257198334,0.6585105061531067,-0.04403845965862274,-0.10593915730714798,-0.22531060874462128,-0.9675084352493286,-0.5687400698661804,-0.06,-0.4514964818954468,0.40908607840538025,-0.10228607803583145,-0.0379318930208683,-0.6929734349250793,-0.5882730484008789,-0.24507936835289001,1.1802687644958496,0.07040119916200638,-0.19241291284561157,0.1270148903131485,-0.7248716354370117,0.49556535482406616,0.5698873996734619,0.4904191195964813,0.986494243144989,-0.6806751489639282,-0.6585841774940491,-0.14999999999999997
1.658621072769165,0.02892470173537731,0.6566069722175598,-0.044191960245370865,-0.1090860664844513,-0.22928069531917572,-0.966218113899231,-0.5853042006492615,-0.06,-0.4622405171394348,0.4241347014904022,-0.10778702795505524,-0.04228929802775383,-0.7120438814163208,-0.5925619602203369,-0.2397441416978836,1.2003108263015747,0.07053188979625702,-0.1960853636264801,0.14726996421813965,-0.7551482319831848,0.48118817806243896,0.556717574596405,0.4973248243331909,1.062410831451416,-0.6313223838806152,-0.6923395395278931,-0.14999999999999997
1.6586501598358154,0.026349224150180817,0.6545690298080444,-0.04418840631842613,-0.11160588264465332,-0.23265764117240906,-0.9651226997375488,-0.6020874381065369,-0.06,-0.472431480884552,0.4425015151500702,-0.11378880590200424,-0.04877607151865959,-0.7291057109832764,-0.5952613353729248,-0.23447667062282562,1.2197952270507812,0.07198032736778259,-0.2013162523508072,0.17055891454219818,-0.7864685654640198,0.4637537896633148,0.5442736744880676,0.5031618475914001,1.1361106634140015,-0.5800892114639282,-0.7183669209480286,-0.14999999999999997
1.65871000289917,0.02355821244418621,0.6523294448852539,-0.0440157875418663,-0.11356181651353836,-0.23553043603897095,-0.9642052054405212,-0.619493305683136,-0.06,-0.4823545217514038,0.4646030366420746,-0.12030813843011856,-0.057474177330732346,-0.7441774010658264,-0.5962905883789062,-0.22916799783706665,1.2388451099395752,0.0736895501613617,-0.20878881216049194,0.19599969685077667,-0.8179309368133545,0.4438415467739105,0.5331249237060547,0.5068915486335754,1.2070280313491821,-0.5283574461936951,-0.7378759384155273,-0.14999999999999997
1.6587682962417603,0.020590323954820633,0.6498275399208069,-0.0437164343893528,-0.1150561198592186,-0.23796118795871735,-0.9634445309638977,-0.6377295255661011,-0.06,-0.49214261770248413,0.49040496349334717,-0.1273084282875061,-0.06824749708175659,-0.7574774026870728,-0.5960913300514221,-0.22426114976406097,1.2574595212936401,0.0780784860253334,-0.21863314509391785,0.2228316217660904,-0.8486471772193909,0.42192208766937256,0.5235931277275085,0.5079582929611206,1.2748470306396484,-0.4769158363342285,-0.7522739768028259,-0.14999999999999997
1.658780813217163,0.017475277185440063,0.6470130085945129,-0.043345898389816284,-0.11622310429811478,-0.2400214821100235,-0.9628098607063293,-0.6569213271141052,-0.06,-0.5018976330757141,0.5195174813270569,-0.13476406037807465,-0.08076059073209763,-0.7691277265548706,-0.5949152112007141,-0.22007925808429718,1.2756115198135376,0.08372791856527328,-0.23179101943969727,0.25032997131347656,-0.8777976036071777,0.3984277546405792,0.5159074068069458,0.5061671733856201,1.339242696762085,-0.42628148198127747,-0.7627734541893005,-0.14999999999999997
1.6587004661560059,0.014265382662415504,0.6438534259796143,-0.04301955923438072,-0.11722008138895035,-0.24179993569850922,-0.962258517742157,-0.6770063638687134,-0.06,-0.5115749835968018,0.5511353015899658,-0.1425713747739792,-0.0944465845823288,-0.7792640328407288,-0.5933374166488647,-0.2171647548675537,1.2931442260742188,0.08987400680780411,-0.24898332357406616,0.2778305113315582,-0.9045342206954956,0.37367773056030273,0.5103167295455933,0.5013446807861328,1.399897575378418,-0.37678346037864685,-0.7700167894363403,-0.14999999999999997
1.6584910154342651,0.011032314039766788,0.6403417587280273,-0.04287102073431015,-0.11816541105508804,-0.24350430071353912,-0.9617195725440979,-0.6976999044418335,-0.06,-0.5212522745132446,0.584230899810791,-0.15060682594776154,-0.1086207777261734,-0.7882262468338013,-0.5921522378921509,-0.21602065861225128,1.3099130392074585,0.09441535919904709,-0.2707041800022125,0.30457839369773865,-0.9282113909721375,0.34790119528770447,0.5065455436706543,0.49361273646354675,1.4563432931900024,-0.32859471440315247,-0.7740297913551331,-0.14999999999999997
1.658126950263977,0.007842798717319965,0.6365300416946411,-0.042939476668834686,-0.1191142275929451,-0.2450992614030838,-0.9611941576004028,-0.7186954617500305,-0.06,-0.5306336879730225,0.6179668307304382,-0.15867850184440613,-0.1227974146604538,-0.7957528233528137,-0.5915588736534119,-0.216864675283432,1.3253785371780396,0.09790831059217453,-0.29680588841438293,0.33067575097084045,-0.9485368728637695,0.3210855722427368,0.5032816529273987,0.48370006680488586,1.508046269416809,-0.2816973328590393,-0.7741534113883972,-0.14999999999999997
1.6575877666473389,0.004763016477227211,0.6324470639228821,-0.0432579442858696,-0.12003481388092041,-0.24646763503551483,-0.9607152938842773,-0.7398378252983093,-0.06,-0.5386072397232056,0.6522178649902344,-0.16628497838974,-0.13690713047981262,-0.8009660243988037,-0.5915316939353943,-0.2204136699438095,1.338318943977356,0.10146209597587585,-0.32793882489204407,0.35656115412712097,-0.965269148349762,0.29300713539123535,0.4989907443523407,0.4727296233177185,1.554980754852295,-0.23603002727031708,-0.7692856788635254,-0.14999999999999997
1.6569312810897827,0.001644824049435556,0.6283100843429565,-0.04327240213751793,-0.12086839228868484,-0.24636319279670715,-0.9606369733810425,-0.7615346908569336,-0.06,-0.5422071814537048,0.686869740486145,-0.17388662695884705,-0.1513594090938568,-0.803164005279541,-0.5890688896179199,-0.22688159346580505,1.3471709489822388,0.10448606312274933,-0.36289286613464355,0.3848400115966797,-0.9783002138137817,0.263950914144516,0.49253466725349426,0.46118542551994324,1.596480369567871,-0.19228991866111755,-0.7573170065879822,-0.14999999999999997
1.6563172340393066,-0.0016846124781295657,0.6243002414703369,-0.04293465614318848,-0.12105298042297363,-0.24513714015483856,-0.9609425067901611,-0.7828628420829773,-0.06,-0.5396666526794434,0.7204487919807434,-0.1811278611421585,-0.16516505181789398,-0.8016055822372437,-0.5859672427177429,-0.23954814672470093,1.3541231155395508,0.1065978929400444,-0.39805933833122253,0.4136299788951874,-0.9862375855445862,0.23532380163669586,0.48360854387283325,0.4498123824596405,1.6349647045135498,-0.1508183628320694,-0.7372519969940186,-0.14999999999999997
1.6554948091506958,-0.004830693360418081,0.6199033856391907,-0.04340318962931633,-0.12108101695775986,-0.24479609727859497,-0.9610048532485962,-0.804885745048523,-0.06,-0.5308065414428711,0.7529925107955933,-0.1873851716518402,-0.17612215876579285,-0.7993494868278503,-0.5878451466560364,-0.25649625062942505,1.3626338243484497,0.10776117444038391,-0.43517404794692993,0.4386516809463501,-0.988584041595459,0.2068771868944168,0.4746097922325134,0.43738946318626404,1.6720733642578125,-0.11033425480127335,-0.7110661268234253,-0.14999999999999997
1.6544315814971924,-0.007815809920430183,0.6151539087295532,-0.04458298906683922,-0.12109429389238358,-0.2449101358652115,-0.9609201550483704,-0.8281606435775757,-0.06,-0.5156739950180054,0.7850404977798462,-0.19142337143421173,-0.18448755145072937,-0.7973699569702148,-0.592936098575592,-0.2749401330947876,1.371880054473877,0.10778111964464188,-0.4743886888027191,0.4605925679206848,-0.9850274920463562,0.17907685041427612,0.4673818051815033,0.4218108057975769,1.7070529460906982,-0.07255765050649643,-0.6803751587867737,-0.14999999999999997
1.6531132459640503,-0.010641280561685562,0.610110342502594,-0.04651210829615593,-0.12110086530447006,-0.24532201886177063,-0.960722804069519,-0.8518519997596741,-0.06,-0.4966423809528351,0.8161196112632751,-0.19412469863891602,-0.19085414707660675,-0.7961849570274353,-0.6000192165374756,-0.2921457290649414,1.3811330795288086,0.10742944478988647,-0.5158573985099792,0.4795263409614563,-0.9757699966430664,0.1530621498823166,0.4631572961807251,0.40403980016708374,1.7397557497024536,-0.038649361580610275,-0.6474509835243225,-0.14999999999999997
1.65151846408844,-0.01335964072495699,0.6050155162811279,-0.04925030097365379,-0.12117670476436615,-0.24559332430362701,-0.9605072736740112,-0.8742300271987915,-0.06,-0.4768129289150238,0.8445950746536255,-0.19642658531665802,-0.19577625393867493,-0.7959725260734558,-0.6070827841758728,-0.3052973449230194,1.387403964996338,0.10849427431821823,-0.5598276257514954,0.4960058033466339,-0.9613956809043884,0.13052688539028168,0.46355193853378296,0.3857290744781494,1.7702423334121704,-0.03,-0.613529622554779,-0.14999999999999997
1.6496121883392334,-0.016065038740634918,0.600078284740448,-0.052652738988399506,-0.12145362049341202,-0.24538017809391022,-0.9603463411331177,-0.8943465948104858,-0.06,-0.4587438702583313,0.869308590888977,-0.19942858815193176,-0.19962209463119507,-0.7964698076248169,-0.6120842099189758,-0.3135351538658142,1.387902855873108,0.11192506551742554,-0.5900000000000001,0.5102134346961975,-0.9436628222465515,0.11322122067213058,0.4693572223186493,0.36934080719947815,1.7974504232406616,-0.03,-0.5798161029815674,-0.14999999999999997
1.6473727226257324,-0.01884506270289421,0.59544837474823,-0.05650462582707405,-0.1220267191529274,-0.2442830353975296,-0.9603344798088074,-0.9124283194541931,-0.06,-0.44241032004356384,0.8899437189102173,-0.20265059173107147,-0.2019171267747879,-0.7968051433563232,-0.6131666898727417,-0.3176346719264984,1.380354881286621,0.11909771710634232,-0.5900000000000001,0.522942841053009,-0.924670398235321,0.10159394145011902,0.47990646958351135,0.3569123148918152,1.8199191093444824,-0.03,-0.5477139353752136,-0.14259853959083557
1.644790768623352,-0.021762557327747345,0.5911682844161987,-0.060775455087423325,-0.12287402153015137,-0.24239732325077057,-0.9604436159133911,-0.9286830425262451,-0.06,-0.42681044340133667,0.9060153961181641,-0.2060476541519165,-0.20217497646808624,-0.7957069277763367,-0.6114913821220398,-0.3180371820926666,1.3632872104644775,0.12874284386634827,-0.5900000000000001,0.5345892906188965,-0.9060999155044556,0.09465296566486359,0.4935266673564911,0.3489909768104553,1.8366349935531616,-0.03,-0.5182598233222961,-0.10781946033239365
1.6423033475875854,-0.02500808797776699,0.5878849029541016,-0.06457216292619705,-0.12315081059932709,-0.2418951541185379,-0.9602869153022766,-0.940044105052948,-0.06,-0.41591084003448486,0.9140718579292297,-0.20949338376522064,-0.19838851690292358,-0.801146388053894,-0.6097813844680786,-0.3110596239566803,1.358088493347168,0.13940998911857605,-0.5900000000000001,0.5420966148376465,-0.8897960186004639,0.09117109328508377,0.5057181119918823,0.34451571106910706,1.8450682163238525,-0.03,-0.48929667472839355,-0.06150936707854271
1.6406080722808838,-0.028493162244558334,0.5863035917282104,-0.06721482425928116,-0.12137535214424133,-0.24475398659706116,-0.9596070051193237,-0.9416409730911255,-0.06,-0.41161373257637024,0.9109519124031067,-0.21321864426136017,-0.18925265967845917,-0.8074992895126343,-0.6099774837493896,-0.30096226930618286,1.368544340133667,0.15284964442253113,-0.5900000000000001,0.5440542697906494,-0.8770027756690979,0.08896659314632416,0.5135452151298523,0.34421828389167786,1.845113754272461,-0.03,-0.46087750792503357,-0.008428225293755531
1.6391711235046387,-0.03189212828874588,0.585883617401123,-0.06976263225078583,-0.11886263638734818,-0.24817734956741333,-0.9588600397109985,-0.9370863437652588,-0.06,-0.40848496556282043,0.9003178477287292,-0.2154587209224701,-0.1772441864013672,-0.8052768707275391,-0.6083899140357971,-0.29543542861938477,1.3717337846755981,0.16999635100364685,-0.5900000000000001,0.5475055575370789,-0.8689348697662354,0.08502548933029175,0.5190644264221191,0.3455202877521515,1.8388475179672241,-0.03,-0.43933290243148804,0.04816881939768791
1.637863039970398,-0.03503129258751869,0.5865349769592285,-0.0725034549832344,-0.11626644432544708,-0.2518099844455719,-0.9580275416374207,-0.9267988204956055,-0.06,-0.40769946575164795,0.881339967250824,-0.21788285672664642,-0.1626690924167633,-0.7993925213813782,-0.6075692176818848,-0.29287970066070557,1.37079918384552,0.1858801692724228,-0.5900000000000001,0.5529249906539917,-0.8662585020065308,0.07887795567512512,0.523732602596283,0.3424018621444702,1.8280918598175049,-0.03,-0.42673245072364807,0.10462705045938492
1.636780023574829,-0.03739796206355095,0.5881629586219788,-0.07583966106176376,-0.11350357532501221,-0.2543348968029022,-0.9574335813522339,-0.9106966853141785,-0.06,-0.4056151211261749,0.8563276529312134,-0.21936172246932983,-0.1476709544658661,-0.7901579737663269,-0.613871157169342,-0.3003879487514496,1.3670092821121216,0.18515267968177795,-0.5900000000000001,0.5618388056755066,-0.8689542412757874,0.07083985209465027,0.5271834135055542,0.3297477662563324,1.8161264657974243,-0.03,-0.4244553744792938,0.16118544340133667
1.6358789205551147,-0.039078451693058014,0.5907192826271057,-0.07907506823539734,-0.11083497107028961,-0.25456658005714417,-0.9574227333068848,-0.8912405371665955,-0.06,-0.3989238440990448,0.8271934390068054,-0.21852606534957886,-0.1326119303703308,-0.7782696485519409,-0.620347797870636,-0.31204769015312195,1.3564709424972534,0.17519180476665497,-0.5900000000000001,0.5754437446594238,-0.8796770572662354,0.061598073691129684,0.5276354551315308,0.30734914541244507,1.803554892539978,-0.03,-0.43367573618888855,0.2209654301404953
1.6352698802947998,-0.04034695401787758,0.5942838788032532,-0.08135785907506943,-0.10809803754091263,-0.2526550590991974,-0.9580506682395935,-0.8687498569488525,-0.06,-0.3896061182022095,0.7939684391021729,-0.21664299070835114,-0.11746936291456223,-0.7629196047782898,-0.6217184662818909,-0.32469359040260315,1.338996171951294,0.1650705337524414,-0.5900000000000001,0.5926513671875,-0.8994038105010986,0.05323581025004387,0.5206732749938965,0.28078192472457886,1.7901304960250854,-0.03,-0.45310068130493164,0.28474631905555725
1.6350178718566895,-0.041422564536333084,0.5987978577613831,-0.08240193873643875,-0.10509230941534042,-0.2500052750110626,-0.9589904546737671,-0.842853844165802,-0.06,-0.38022053241729736,0.7555819749832153,-0.21448923647403717,-0.10102739185094833,-0.7416163682937622,-0.6168095469474792,-0.33886224031448364,1.3147321939468384,0.1601976603269577,-0.5900000000000001,0.6100944876670837,-0.9260708093643188,0.04751350358128548,0.5024026036262512,0.2546335458755493,1.7757104635238647,-0.03,-0.48105210065841675,0.3502807915210724
1.635151743888855,-0.04220746457576752,0.6040592789649963,-0.08232783526182175,-0.10188835114240646,-0.24727177619934082,-0.9600507616996765,-0.8138144016265869,-0.06,-0.3714749217033386,0.7123506665229797,-0.21213896572589874,-0.08315493911504745,-0.7128214240074158,-0.6092556118965149,-0.3605903387069702,1.2839962244033813,0.1537850797176361,-0.5900000000000001,0.6262872219085693,-0.9564534425735474,0.044065918773412704,0.4719204902648926,0.22870279848575592,1.7598624229431152,-0.03,-0.516291081905365,0.4165494441986084
1.635666012763977,-0.042777691036462784,0.610068678855896,-0.08105237036943436,-0.09838055819272995,-0.2448454201221466,-0.961146354675293,-0.7808953523635864,-0.06,-0.3647596538066864,0.6628637909889221,-0.21017025411128998,-0.06318873912096024,-0.6761590838432312,-0.5979450345039368,-0.38895636796951294,1.2463639974594116,0.14811310172080994,-0.5900000000000001,0.6402967572212219,-0.9882023334503174,0.041203245520591736,0.42995479702949524,0.19990940392017365,1.742059350013733,-0.03,-0.5577305555343628,0.4832315742969513
1.6365845203399658,-0.04310356825590134,0.6166338920593262,-0.07871776074171066,-0.0943346843123436,-0.2428542524576187,-0.9622505307197571,-0.7435482740402222,-0.06,-0.3615114390850067,0.6073194742202759,-0.20949125289916992,-0.04161187633872032,-0.6317901015281677,-0.5831940174102783,-0.42361220717430115,1.2024487257003784,0.14283612370491028,-0.5900000000000001,0.6521012783050537,-1.0199980735778809,0.03724246844649315,0.3780716359615326,0.16605110466480255,1.7232416868209839,-0.03,-0.6052547097206116,0.5482902526855469
1.6379183530807495,-0.04312916472554207,0.6234177350997925,-0.07534711062908173,-0.08969785273075104,-0.24097123742103577,-0.963436484336853,-0.7027909159660339,-0.06,-0.36295396089553833,0.5483955144882202,-0.21077749133110046,-0.020280206575989723,-0.5820650458335876,-0.5644431710243225,-0.46148622035980225,1.153721570968628,0.1384764313697815,-0.5900000000000001,0.6630184650421143,-1.0513559579849243,0.030995909124612808,0.3183786869049072,0.12585487961769104,1.7043861150741577,-0.03,-0.6582536697387695,0.6086992025375366
1.6396888494491577,-0.042760323733091354,0.6301301717758179,-0.07087807357311249,-0.0844736099243164,-0.23870272934436798,-0.9648115634918213,-0.6606491804122925,-0.06,-0.36894869804382324,0.4898912012577057,-0.21341359615325928,-0.001041256356984377,-0.5293759703636169,-0.5411508083343506,-0.4996233582496643,1.1013706922531128,0.13513730466365814,-0.5900000000000001,0.6748145818710327,-1.0820400714874268,0.03,0.2516244053840637,0.07908181101083755,1.68561589717865,-0.03,-0.7154102921485901,0.6614255309104919
1.641799807548523,-0.041843295097351074,0.6366376280784607,-0.06546978652477264,-0.07878615707159042,-0.23582331836223602,-0.9663817286491394,-0.618956446647644,-0.06,-0.3806190490722656,0.4392526149749756,-0.21515798568725586,0.01058821938931942,-0.475888192653656,-0.5138335824012756,-0.5355647802352905,1.0460224151611328,0.133107528090477,-0.5900000000000001,0.6884246468544006,-1.1116260290145874,0.03,0.17671044170856476,0.02717645652592182,1.6667770147323608,-0.03,-0.7754737734794617,0.7030190825462341
1.644095778465271,-0.0401851050555706,0.6429450511932373,-0.05958670377731323,-0.07283419370651245,-0.23210981488227844,-0.9681268930435181,-0.5788359045982361,-0.06,-0.3978583812713623,0.39930275082588196,-0.2126535177230835,0.013186810538172722,-0.4235256016254425,-0.4839633107185364,-0.5669586658477783,0.9879525303840637,0.13280035555362701,-0.5800724625587463,0.7036269307136536,-1.1389758586883545,0.03,0.09374935925006866,-0.026888525113463402,1.6475991010665894,-0.03,-0.8380012512207031,0.7327894568443298
1.6464052200317383,-0.037664491683244705,0.6490465402603149,-0.053632430732250214,-0.06698433309793472,-0.22712936997413635,-0.9700767397880554,-0.5408934354782104,-0.06,-0.41837844252586365,0.36878475546836853,-0.20494189858436584,0.008687645196914673,-0.3744167685508728,-0.45303696393966675,-0.5918059349060059,0.9275550246238708,0.13384823501110077,-0.5520107746124268,0.7196373343467712,-1.1631875038146973,0.03,0.004712671507149935,-0.08001093566417694,1.6275370121002197,-0.03,-0.9013288021087646,0.7522604465484619
1.6486101150512695,-0.034277115017175674,0.6549201011657715,-0.04776999354362488,-0.061526887118816376,-0.22053368389606476,-0.9722639322280884,-0.5051394104957581,-0.04960457980632782,-0.4394802153110504,0.34380900859832764,-0.1931067258119583,0.0010213187197223306,-0.3295697271823883,-0.42201465368270874,-0.6096203923225403,0.8650545477867126,0.1354093700647354,-0.5213188529014587,0.7354387044906616,-1.1846702098846436,0.03,-0.08864308893680573,-0.1274857521057129,1.6059767007827759,-0.03,-0.9627985954284668,0.7622989416122437
1.6506435871124268,-0.030111107975244522,0.6604943871498108,-0.042070046067237854,-0.05657610297203064,-0.2122950255870819,-0.9746589064598083,-0.4710082709789276,-0.03643619641661644,-0.45883312821388245,0.3198162019252777,-0.18036797642707825,-0.0056480229832232,-0.2890842854976654,-0.3915771543979645,-0.6205082535743713,0.8010107278823853,0.137614905834198,-0.488210529088974,0.7497045397758484,-1.203303575515747,0.03,-0.18514853715896606,-0.14999999999999997,1.5824679136276245,-0.03,-1.0198487043380737,0.7629492282867432
1.652428388595581,-0.025313276797533035,0.665620744228363,-0.03656525909900665,-0.05221731588244438,-0.2025713175535202,-0.9771903157234192,-0.4383743703365326,-0.02504013478755951,-0.4743945598602295,0.29493287205696106,-0.1710042804479599,-0.009392024017870426,-0.2530975341796875,-0.3625057637691498,-0.6251164674758911,0.736695408821106,0.1401703953742981,-0.4533868432044983,0.761273980140686,-1.219235897064209,0.03,-0.2836621403694153,-0.14999999999999997,1.5570687055587769,-0.03,-1.070754885673523,0.7550463676452637
1.653897762298584,-0.02004198357462883,0.6701120138168335,-0.031205590814352036,-0.04849211126565933,-0.19153018295764923,-0.9797912240028381,-0.40824082493782043,-0.014443352818489075,-0.4841247797012329,0.29000000000000004,-0.16735872626304626,-0.01183087844401598,-0.22200745344161987,-0.33540090918540955,-0.6238616108894348,0.6739786863327026,0.14291757345199585,-0.4179011881351471,0.7695426344871521,-1.2344468832015991,0.03,-0.38344553112983704,-0.14999999999999997,1.5307644605636597,-0.03,-1.1138197183609009,0.7388373613357544
1.655078411102295,-0.014407170005142689,0.673787534236908,-0.0259838979691267,-0.04515673220157623,-0.17929525673389435,-0.9824147820472717,-0.38204821944236755,-0.00356312352232635,-0.4845869839191437,0.29000000000000004,-0.16960746049880981,-0.015163338743150234,-0.19557315111160278,-0.3108675479888916,-0.6171203255653381,0.6150891780853271,0.14583982527256012,-0.3831656575202942,0.7739795446395874,-1.250811219215393,0.03,-0.4844297170639038,-0.14999999999999997,1.504833459854126,-0.03,-1.1473524570465088,0.7160138487815857
1.6560002565383911,-0.008431850001215935,0.6766135692596436,-0.021441495046019554,-0.04188089072704315,-0.16656234860420227,-0.9849076867103577,-0.3605947196483612,0.007087120786309242,-0.4712061285972595,0.29000000000000004,-0.1739104837179184,-0.02072152867913246,-0.17299115657806396,-0.29105815291404724,-0.6060561537742615,0.5627711415290833,0.14959633350372314,-0.3508441746234894,0.7724668383598328,-1.2671805620193481,0.03,-0.5847967863082886,-0.14999999999999997,1.4792693853378296,-0.03,-1.173630714416504,0.6918046474456787
1.6565797328948975,-0.0023839608766138554,0.6790339350700378,-0.01867968961596489,-0.03883286193013191,-0.15417735278606415,-0.9871029853820801,-0.344102144241333,0.012750552035868168,-0.4432608485221863,0.29000000000000004,-0.16101212799549103,-0.028367549180984497,-0.1531275063753128,-0.27786341309547424,-0.5923703908920288,0.5155765414237976,0.15460479259490967,-0.32046788930892944,0.7637500166893005,-1.2804807424545288,0.03,-0.6826235055923462,-0.14999999999999997,1.452796220779419,-0.03,-1.1970431804656982,0.6669222712516785
1.6570022106170654,0.003456012811511755,0.6809479594230652,-0.017100803554058075,-0.035881806164979935,-0.14135883748531342,-0.9891601204872131,-0.3285388648509979,0.015436925925314426,-0.41377195715904236,0.29000000000000004,-0.1491076797246933,-0.03692277893424034,-0.13723553717136383,-0.2697502672672272,-0.5753940939903259,0.4755435287952423,0.15979495644569397,-0.2932235300540924,0.7508580088615417,-1.2916828393936157,0.03,-0.7784292101860046,-0.14999999999999997,1.4218965768814087,-0.05341747775673866,-1.2185630798339844,0.6404164433479309
1.6573822498321533,0.008823967538774014,0.6825056076049805,-0.0163374412804842,-0.03314066678285599,-0.12768755853176117,-0.9911259412765503,-0.3129133880138397,0.017135145142674446,-0.3821117877960205,0.29000000000000004,-0.13774724304676056,-0.04544319584965706,-0.125654399394989,-0.26490646600723267,-0.5556143522262573,0.44160398840904236,0.16433079540729523,-0.268687903881073,0.7355886101722717,-1.301893949508667,0.03,-0.8707574009895325,-0.14999999999999997,1.3824409246444702,-0.1008898988366127,-1.2388436794281006,0.6110857129096985
1.6578037738800049,0.01357351802289486,0.6838366389274597,-0.016286607831716537,-0.030695220455527306,-0.11326449364423752,-0.9929569959640503,-0.2960767149925232,0.01870187744498253,-0.34807243943214417,0.29000000000000004,-0.1273151934146881,-0.052495453506708145,-0.11875969916582108,-0.262669175863266,-0.5353455543518066,0.4138534367084503,0.1674310714006424,-0.24661564826965332,0.7176399827003479,-1.3106563091278076,0.03,-0.9567432403564453,-0.14999999999999997,1.3310327529907227,-0.1518794149160385,-1.2580870389938354,0.5774750113487244
1.6583592891693115,0.017708400264382362,0.6849836707115173,-0.017103301361203194,-0.02848249301314354,-0.09795819222927094,-0.9946357607841492,-0.2767944931983948,0.019945068284869194,-0.31100785732269287,0.29000000000000004,-0.11762436479330063,-0.0575723797082901,-0.11705989390611649,-0.2633230686187744,-0.5149696469306946,0.3936915695667267,0.16898541152477264,-0.227633535861969,0.6971050500869751,-1.3152860403060913,0.03,-1.0330321788787842,-0.14999999999999997,1.26566743850708,-0.20394381880760193,-1.276129961013794,0.5358833074569702
1.6590629816055298,0.021259678527712822,0.685944139957428,-0.018588049337267876,-0.026492534205317497,-0.08196695148944855,-0.9961094260215759,-0.25575360655784607,0.020667454227805138,-0.27186349034309387,0.29000000000000004,-0.10887837409973145,-0.06129244714975357,-0.11961954832077026,-0.26584169268608093,-0.4933597147464752,0.3805519640445709,0.16939190030097961,-0.21267066895961761,0.6734851598739624,-1.3129432201385498,0.03,-1.0988965034484863,-0.14122839272022247,1.1849089860916138,-0.2549244165420532,-1.2893205881118774,0.48496678471565247
1.659858226776123,0.024271102622151375,0.6866806745529175,-0.020303819328546524,-0.024780958890914917,-0.06622982025146484,-0.9972898364067078,-0.23539146780967712,0.02070184424519539,-0.23353400826454163,0.29000000000000004,-0.10136918723583221,-0.06479448080062866,-0.1253841519355774,-0.26927822828292847,-0.4695533812046051,0.3725740313529968,0.16952866315841675,-0.20089730620384216,0.6445274353027344,-1.300779104232788,0.03,-1.1561362743377686,-0.12573598325252533,1.0880937576293945,-0.30379626154899597,-1.2934638261795044,0.426085501909256
1.660653829574585,0.02683437429368496,0.6871325373649597,-0.022159136831760406,-0.02336045540869236,-0.051447346806526184,-0.9981564283370972,-0.21767643094062805,0.019568046554923058,-0.19804440438747406,0.29000000000000004,-0.09499069303274155,-0.06903748959302902,-0.13394111394882202,-0.27370044589042664,-0.44305822253227234,0.3698275685310364,0.17002089321613312,-0.19262702763080597,0.6082603931427002,-1.2757716178894043,0.03,-1.2051572799682617,-0.11338089406490326,0.9759829044342041,-0.3505333960056305,-1.2858577966690063,0.36176925897598267
1.661413550376892,0.029036350548267365,0.687298595905304,-0.024258548393845558,-0.02207052707672119,-0.03770113363862038,-0.998750627040863,-0.2025601863861084,0.017110412940382957,-0.16548989713191986,0.29000000000000004,-0.08951013535261154,-0.07423444092273712,-0.14499680697917938,-0.27942827343940735,-0.4135946035385132,0.37242552638053894,0.17121712863445282,-0.18793968856334686,0.5641493201255798,-1.2354152202606201,0.03,-1.243238925933838,-0.10577287524938583,0.8503592014312744,-0.3950178027153015,-1.263931155204773,0.294965922832489
1.6621556282043457,0.03091488406062126,0.6872356534004211,-0.026726162061095238,-0.020689772441983223,-0.024480927735567093,-0.9991287589073181,-0.188412606716156,0.013558113016188145,-0.1343451291322708,0.29000000000000004,-0.08477244526147842,-0.07990613579750061,-0.15846765041351318,-0.2864072322845459,-0.3812814950942993,0.3801765739917755,0.17287039756774902,-0.186666339635849,0.5135549306869507,-1.1782828569412231,0.03664086386561394,-1.2664130926132202,-0.10178083926439285,0.7128305435180664,-0.4361514151096344,-1.2262067794799805,0.22948642075061798
1.6629213094711304,0.03244873881340027,0.6870367527008057,-0.02954746223986149,-0.01911405846476555,-0.010953986085951328,-0.9993205070495605,-0.17333287000656128,0.009473361074924469,-0.10243243724107742,0.29000000000000004,-0.08072540163993835,-0.08534908294677734,-0.17499390244483948,-0.2939699590206146,-0.3457499146461487,0.3929348587989807,0.17256268858909607,-0.1877656877040863,0.45890817046165466,-1.1035140752792358,0.08399305492639542,-1.2710069417953491,-0.09940297901630402,0.5633827447891235,-0.47205305099487305,-1.1724146604537964,0.1701640486717224
1.6637309789657593,0.03361647203564644,0.6867499947547913,-0.03264573961496353,-0.017455585300922394,0.00374372280202806,-0.9993075132369995,-0.15654906630516052,0.005254980176687241,-0.06788187474012375,0.29000000000000004,-0.07748052477836609,-0.09041891992092133,-0.1957246959209442,-0.30115172266960144,-0.3058398365974426,0.4105692505836487,0.16859926283359528,-0.1918186992406845,0.402631551027298,-1.011197566986084,0.1382761299610138,-1.255142092704773,-0.09598471969366074,0.4014461934566498,-0.4992249608039856,-1.1038113832473755,0.11938532441854477
1.6645493507385254,0.03440181165933609,0.6863630414009094,-0.03598974272608757,-0.01607738807797432,0.020417114719748497,-0.9990142583847046,-0.13884344696998596,0.0009506018250249326,-0.029348256066441536,0.29000000000000004,-0.0749940276145935,-0.0954894945025444,-0.22134347259998322,-0.3068590462207794,-0.2602463960647583,0.43076640367507935,0.16383621096611023,-0.19613029062747955,0.3470297157764435,-0.9038633108139038,0.19841115176677704,-1.221505880355835,-0.08840934932231903,0.22811929881572723,-0.5139569044113159,-1.023681879043579,0.0793982744216919
1.6654276847839355,0.03484158590435982,0.685850203037262,-0.03941396623849869,-0.014994047582149506,0.03934767469763756,-0.9983353018760681,-0.12083674967288971,-0.0033043045550584793,0.013462290167808533,0.29000000000000004,-0.07335581630468369,-0.10165668278932571,-0.2517828643321991,-0.3100508749485016,-0.20861001312732697,0.4531504809856415,0.1576749086380005,-0.2007972002029419,0.2935314178466797,-0.7854517698287964,0.2624611556529999,-1.1762079000473022,-0.07364218682050705,0.048473574221134186,-0.5131904482841492,-0.9380860328674316,0.05185779184103012
1.6664966344833374,0.035046130418777466,0.6851417422294617,-0.04286455735564232,-0.013837273232638836,0.060320451855659485,-0.9971621632575989,-0.10289090126752853,-0.007781020365655422,0.05990074947476387,0.29000000000000004,-0.07249732315540314,-0.11047341674566269,-0.2861345410346985,-0.31052494049072266,-0.15147748589515686,0.47867998480796814,0.1516735702753067,-0.20554335415363312,0.2426946461200714,-0.6597772240638733,0.32809293270111084,-1.1252938508987427,-0.05175003781914711,-0.12971797585487366,-0.49648046493530273,-0.8536660671234131,0.036834679543972015
1.6678162813186646,0.0351572185754776,0.6840860247612,-0.04669616371393204,-0.012464878149330616,0.08296813070774078,-0.9953795075416565,-0.08594643324613571,-0.0135688791051507,0.10903292149305344,0.29000000000000004,-0.07238147407770157,-0.12319298833608627,-0.3233442008495331,-0.3090100586414337,-0.09339334070682526,0.5065533518791199,0.14746174216270447,-0.21094714105129242,0.19482633471488953,-0.5300227403640747,0.3940385580062866,-1.073435664176941,-0.028333397582173347,-0.30056023597717285,-0.46698641777038574,-0.7737224102020264,0.03458614647388458
1.6693142652511597,0.03527571260929108,0.6826115846633911,-0.05114298313856125,-0.011102912947535515,0.10671257972717285,-0.9929115772247314,-0.071061871945858,-0.0212810430675745,0.15955939888954163,0.29000000000000004,-0.07249026745557785,-0.13915905356407166,-0.3631744682788849,-0.30671796202659607,-0.03475292772054672,0.536674439907074,0.145257830619812,-0.21744248270988464,0.14999540150165558,-0.3996135890483856,0.4588906168937683,-1.025377631187439,-0.007000253535807133,-0.4610353410243988,-0.4289149343967438,-0.6989722847938538,0.04638773575425148
1.6708604097366333,0.035461775958538055,0.6808054447174072,-0.056067511439323425,-0.01007137168198824,0.1302793025970459,-0.9898394346237183,-0.05909581109881401,-0.030601385980844498,0.20891842246055603,0.29000000000000004,-0.07285210490226746,-0.15667834877967834,-0.40639635920524597,-0.30345937609672546,0.02715892903506756,0.5700514316558838,0.1466798186302185,-0.22311943769454956,0.10697488486766815,-0.27349647879600525,0.5208168625831604,-0.9855780601501465,0.01385588850826025,-0.6082890033721924,-0.3853418231010437,-0.6298457384109497,0.07093198597431183
1.6723365783691406,0.035808272659778595,0.6786084175109863,-0.0618772991001606,-0.009662468917667866,0.15284599363803864,-0.986263632774353,-0.051685940474271774,-0.042127467691898346,0.25526127219200134,0.29000000000000004,-0.07338938117027283,-0.17527729272842407,-0.45211130380630493,-0.29867827892303467,0.08751858025789261,0.6048402786254883,0.15093190968036652,-0.23012956976890564,0.065364308655262,-0.1571134775876999,0.5788694620132446,-0.9563743472099304,0.03585720434784889,-0.7402796149253845,-0.3397912085056305,-0.564517617225647,0.10447611659765244
1.6735634803771973,0.036273516714572906,0.676010251045227,-0.06854896992444992,-0.010244536213576794,0.174088254570961,-0.9822877645492554,-0.05101659148931503,-0.05482260137796402,0.29755541682243347,0.29000000000000004,-0.07356064021587372,-0.1952570676803589,-0.500592052936554,-0.29368817806243896,0.14842593669891357,0.6409114003181458,0.1558474451303482,-0.23862788081169128,0.025246864184737206,-0.054811131209135056,0.6330471634864807,-0.93772953748703,0.06161823123693466,-0.8567124605178833,-0.29396331310272217,-0.5007182359695435,0.14322198927402496
1.6744440793991089,0.036759860813617706,0.6731271147727966,-0.07553564757108688,-0.011762784793972969,0.1934744268655777,-0.9781224131584167,-0.057431403547525406,-0.06,0.3346962332725525,0.29000000000000004,-0.07397286593914032,-0.21680857241153717,-0.5515750050544739,-0.2857043445110321,0.2118820697069168,0.6787630915641785,0.16062811017036438,-0.2467535436153412,-0.014275312423706055,0.03220975771546364,0.6829260587692261,-0.9275403022766113,0.09413142502307892,-0.9572122693061829,-0.24825865030288696,-0.4383373558521271,0.18403641879558563
1.675020694732666,0.03722874075174332,0.6699232459068298,-0.08272580057382584,-0.01373615488409996,0.2110549509525299,-0.9738703370094299,-0.06951184570789337,-0.06,0.36719924211502075,0.29000000000000004,-0.07437771558761597,-0.2402067631483078,-0.6017566919326782,-0.2751438617706299,0.274715781211853,0.716417133808136,0.16477654874324799,-0.25611791014671326,-0.05338793992996216,0.1052471324801445,0.7263690233230591,-0.922787606716156,0.13485927879810333,-1.041540503501892,-0.20287345349788666,-0.37774884700775146,0.2240218073129654
1.6753820180892944,0.03758811205625534,0.6664900183677673,-0.08968918025493622,-0.015564306639134884,0.22704792022705078,-0.969619870185852,-0.08405563235282898,-0.06,0.39618101716041565,0.3093375265598297,-0.07520658522844315,-0.26471230387687683,-0.6483747363090515,-0.2623235285282135,0.335507333278656,0.7530282139778137,0.17005819082260132,-0.2659185528755188,-0.09243305772542953,0.16612596809864044,0.7597793340682983,-0.9209965467453003,0.1840154081583023,-1.1091359853744507,-0.1577308475971222,-0.3204808235168457,0.26089876890182495
1.675613522529602,0.037772245705127716,0.663004457950592,-0.0961599126458168,-0.016868097707629204,0.24154384434223175,-0.9654662609100342,-0.09789471328258514,-0.06,0.4223332107067108,0.3423492908477783,-0.0765688493847847,-0.28852811455726624,-0.689153254032135,-0.24814121425151825,0.3912739157676697,0.7868366241455078,0.1778181791305542,-0.27528172731399536,-0.13158577680587769,0.2161974310874939,0.7802582383155823,-0.9206936359405518,0.239060178399086,-1.1598238945007324,-0.11429626494646072,-0.2684197425842285,0.29318472743034363
1.6757115125656128,0.03772551566362381,0.6597290635108948,-0.10204944014549255,-0.017736855894327164,0.25416669249534607,-0.9615979194641113,-0.10942723602056503,-0.06,0.44519105553627014,0.3711739480495453,-0.07844420522451401,-0.30921247601509094,-0.7230163812637329,-0.23398981988430023,0.4404328763484955,0.8160375952720642,0.18856719136238098,-0.28351855278015137,-0.1709495633840561,0.25622135400772095,0.7874225378036499,-0.921482264995575,0.29894930124282837,-1.195390224456787,-0.07541465014219284,-0.22248786687850952,0.32128340005874634
1.6756056547164917,0.037377044558525085,0.6568126082420349,-0.10744272917509079,-0.018644237890839577,0.2649417221546173,-0.9580783843994141,-0.11920508742332458,-0.06,0.46447673439979553,0.3944648504257202,-0.08075310289859772,-0.3260655403137207,-0.7507287859916687,-0.220396026968956,0.48348158597946167,0.8393715620040894,0.20380453765392303,-0.2899325489997864,-0.20900680124759674,0.2873368263244629,0.7833943963050842,-0.922261118888855,0.36342278122901917,-1.2195236682891846,-0.0433032289147377,-0.18214064836502075,0.34504860639572144
1.675257921218872,0.036759961396455765,0.6542906165122986,-0.11233269423246384,-0.020098498091101646,0.27450406551361084,-0.9547905325889587,-0.12953217327594757,-0.06,0.47892436385154724,0.4138663709163666,-0.08252812176942825,-0.3395824432373047,-0.7759793996810913,-0.20609988272190094,0.5205726027488708,0.8599764704704285,0.2126590609550476,-0.2950476109981537,-0.243502676486969,0.3118680715560913,0.770950198173523,-0.9214087724685669,0.43146175146102905,-1.2360032796859741,-0.03,-0.14585326611995697,0.3638859689235687
1.674696922302246,0.03611995652318001,0.6520692110061646,-0.11676006019115448,-0.02231850102543831,0.2844580411911011,-0.9512898325920105,-0.1430678367614746,-0.06,0.4858514070510864,0.4326055645942688,-0.0813940092921257,-0.3525362014770508,-0.8004153370857239,-0.1892557442188263,0.5551384687423706,0.8775712251663208,0.216311514377594,-0.2979431748390198,-0.2716294229030609,0.33182263374328613,0.7510952949523926,-0.9194163680076599,0.5033702254295349,-1.2475788593292236,-0.03,-0.11144224554300308,0.3779209554195404
1.674023151397705,0.035590894520282745,0.6501217484474182,-0.12103558331727982,-0.024967920035123825,0.2960177958011627,-0.9471538066864014,-0.1614910215139389,-0.06,0.48599252104759216,0.4561830461025238,-0.08020693063735962,-0.3644910156726837,-0.8224489688873291,-0.16878093779087067,0.5954347848892212,0.8895630836486816,0.22155983746051788,-0.2974187433719635,-0.2927439510822296,0.34859374165534973,0.7226345539093018,-0.9179673790931702,0.5817942023277283,-1.2556068897247314,-0.03,-0.07576502859592438,0.38871076703071594
1.6732457876205444,0.03514726832509041,0.6482866406440735,-0.12509314715862274,-0.02769368886947632,0.3092277944087982,-0.94231778383255,-0.18460945785045624,-0.06,0.481576532125473,0.4871472120285034,-0.0792524665594101,-0.37782755494117737,-0.8395442366600037,-0.14420436322689056,0.6470579504966736,0.8962425589561462,0.23086722195148468,-0.295697957277298,-0.30875587463378906,0.36364424228668213,0.6859039068222046,-0.9158328175544739,0.6673091053962708,-1.2603679895401,-0.03,-0.03836853802204132,0.3984421193599701
1.6723146438598633,0.034753940999507904,0.6465501189231873,-0.12885335087776184,-0.030374981462955475,0.32334619760513306,-0.9369744658470154,-0.21132245659828186,-0.06,0.47504517436027527,0.5253912210464478,-0.0834396705031395,-0.39065808057785034,-0.849406361579895,-0.11667781323194504,0.70866858959198,0.9000197649002075,0.24,-0.2970529794692993,-0.32239294052124023,0.3775636553764343,0.6432721614837646,-0.9110924005508423,0.7566208839416504,-1.2617729902267456,-0.03,0.0005649726372212172,0.40762725472450256
1.6712864637374878,0.0344218984246254,0.6448887586593628,-0.13247957825660706,-0.03305180370807648,0.33746421337127686,-0.9313831925392151,-0.239821657538414,-0.06,0.4694331884384155,0.5692717432975769,-0.09802579134702682,-0.4024485647678375,-0.8544872403144836,-0.08875948935747147,0.7762947678565979,0.9006779789924622,0.24,-0.29962262511253357,-0.3351169526576996,0.38964200019836426,0.5976259112358093,-0.9019107818603516,0.8457571268081665,-1.261831283569336,-0.03,0.040168967097997665,0.4145601689815521
1.6702375411987305,0.03421115130186081,0.6431789398193359,-0.1363205909729004,-0.035968076437711716,0.35179802775382996,-0.9253976941108704,-0.26898083090782166,-0.06,0.4697917401790619,0.6173393726348877,-0.1204669252038002,-0.41239598393440247,-0.8580630421638489,-0.06131706386804581,0.8466051816940308,0.8995400071144104,0.24,-0.3023683726787567,-0.3446381390094757,0.39934808015823364,0.5518822073936462,-0.8852502703666687,0.9308614134788513,-1.2628989219665527,-0.03,0.07831781357526779,0.41362565755844116
1.669310212135315,0.03414798155426979,0.6413688063621521,-0.14045903086662292,-0.03902503848075867,0.3668755292892456,-0.9187766313552856,-0.29719656705856323,-0.06,0.47910231351852417,0.6676444411277771,-0.1434095948934555,-0.41954106092453003,-0.8616029620170593,-0.03439859300851822,0.9169836640357971,0.897319495677948,0.24,-0.30451542139053345,-0.3483254909515381,0.4067842364311218,0.5080428719520569,-0.8604686260223389,1.0107499361038208,-1.2645355463027954,-0.03,0.11133014410734177,0.39963001012802124
1.668652057647705,0.03421871364116669,0.6394838094711304,-0.14463113248348236,-0.041777417063713074,0.3823980391025543,-0.9116513133049011,-0.3222520053386688,-0.06,0.4956600069999695,0.7170934081077576,-0.16193395853042603,-0.4236363470554352,-0.865039587020874,-0.008869558572769165,0.9833226799964905,0.8948477506637573,0.24,-0.3058691620826721,-0.3464205265045166,0.41247260570526123,0.4663591980934143,-0.8287490606307983,1.0887932777404785,-1.2658207416534424,-0.03,0.1361725777387619,0.3754279911518097
1.6685819625854492,0.034535687416791916,0.6376208066940308,-0.14850446581840515,-0.0438103973865509,0.3976549506187439,-0.9043769240379333,-0.34292981028556824,-0.06,0.5125366449356079,0.7614670991897583,-0.1676822155714035,-0.4242367744445801,-0.8680156469345093,0.013724583201110363,1.0417073965072632,0.8926722407341003,0.24,-0.30658426880836487,-0.3368675410747528,0.41705626249313354,0.42918434739112854,-0.7936993837356567,1.162138819694519,-1.266239047050476,-0.03,0.15679258108139038,0.34525084495544434
1.668879747390747,0.03494884818792343,0.6357372999191284,-0.15210111439228058,-0.044898852705955505,0.4125690460205078,-0.8970150947570801,-0.35854074358940125,-0.06,0.5278893113136292,0.7994040250778198,-0.16509447991847992,-0.42354461550712585,-0.871271550655365,0.03439746052026749,1.0904755592346191,0.8925884366035461,0.24,-0.3064053952693939,-0.3251223564147949,0.42353036999702454,0.3950730860233307,-0.7525524497032166,1.2281708717346191,-1.2671712636947632,-0.03,0.17086569964885712,0.32031452655792236
1.669418215751648,0.035460613667964935,0.6338499188423157,-0.15538303554058075,-0.045404355973005295,0.4270970821380615,-0.8895968198776245,-0.3702825605869293,-0.06,0.5413420796394348,0.8316773176193237,-0.1612585335969925,-0.4235083758831024,-0.8755538463592529,0.05408719554543495,1.1289764642715454,0.8942834734916687,0.24,-0.3045635521411896,-0.3118756413459778,0.4311619997024536,0.3644908368587494,-0.7062093019485474,1.2851357460021973,-1.268736720085144,-0.03,0.1823846846818924,0.29901188611984253
1.6700183153152466,0.036036111414432526,0.6320170164108276,-0.15832990407943726,-0.0456673689186573,0.44053134322166443,-0.8824841380119324,-0.38138559460639954,-0.05989053472876549,0.5498528480529785,0.8620043396949768,-0.15966136753559113,-0.4233105480670929,-0.879831850528717,0.06,1.1617193222045898,0.8964270949363708,0.24,-0.3020499348640442,-0.2992977499961853,0.43964728713035583,0.3374469578266144,-0.6540310978889465,1.3329849243164062,-1.270620584487915,-0.03,0.19274026155471802,0.27829208970069885
1.6705602407455444,0.03657323122024536,0.6301639080047607,-0.16081975400447845,-0.045669279992580414,0.45171570777893066,-0.8763584494590759,-0.39388978481292725,-0.05460144206881523,0.5498492121696472,0.8929967284202576,-0.1607929915189743,-0.422463059425354,-0.8830273151397705,0.06,1.1901098489761353,0.9002887606620789,0.24,-0.3013710677623749,-0.29074826836586,0.44927141070365906,0.31351667642593384,-0.5968461632728577,1.372761845588684,-1.2722442150115967,-0.03,0.20219910144805908,0.25746628642082214
1.6710232496261597,0.03698785975575447,0.6281689405441284,-0.16277354955673218,-0.04528806731104851,0.46036210656166077,-0.8715046048164368,-0.4077203869819641,-0.050031550228595734,0.5418614149093628,0.9251347184181213,-0.16320160031318665,-0.421347051858902,-0.8852056860923767,0.06,1.2136896848678589,0.9076515436172485,0.24,-0.3034447431564331,-0.2872079014778137,0.45972761511802673,0.2918422818183899,-0.5366511940956116,1.4072232246398926,-1.2733159065246582,-0.03,0.2104780077934265,0.2372967153787613
1.671397089958191,0.037247881293296814,0.6259896159172058,-0.16422241926193237,-0.04459935054183006,0.4670522212982178,-0.8677003383636475,-0.4219639003276825,-0.04580260440707207,0.5296764373779297,0.9576762318611145,-0.16514556109905243,-0.42040207982063293,-0.8864935636520386,0.06,1.2334247827529907,0.9184534549713135,0.24,-0.3079495429992676,-0.28707143664360046,0.4703570306301117,0.272446870803833,-0.47556641697883606,1.4379388093948364,-1.2732300758361816,-0.03,0.21741625666618347,0.21664097905158997
1.6717008352279663,0.03737899661064148,0.6236932277679443,-0.16529078781604767,-0.0436711311340332,0.4723755121231079,-0.8646578192710876,-0.4358474612236023,-0.041686370968818665,0.516635000705719,0.9898777604103088,-0.1661374866962433,-0.4193335771560669,-0.8869832754135132,0.06,1.2503823041915894,0.9315906763076782,0.24,-0.31410908699035645,-0.28860464692115784,0.48075851798057556,0.25598055124282837,-0.4150135815143585,1.46,-1.2708216905593872,-0.03,0.22327367961406708,0.19379323720932007
1.6719781160354614,0.03742764890193939,0.6214160919189453,-0.16610801219940186,-0.04245831444859505,0.4765760004520416,-0.8622532486915588,-0.4487868845462799,-0.03795221447944641,0.5041167736053467,1.020965337753296,-0.16692861914634705,-0.417461097240448,-0.8866339921951294,0.06,1.2650632858276367,0.9458569884300232,0.24,-0.3213227093219757,-0.2911079227924347,0.49079060554504395,0.24291165173053741,-0.3566921651363373,1.46,-1.2649857997894287,-0.03,0.22864778339862823,0.16834528744220734
1.6722525358200073,0.03743675351142883,0.6192920207977295,-0.16674163937568665,-0.04093782231211662,0.47971153259277344,-0.8604637980461121,-0.4604835510253906,-0.03499114513397217,0.4921412765979767,1.0501660108566284,-0.16833144426345825,-0.4142943322658539,-0.8854565024375916,0.06,1.2775077819824219,0.9602165818214417,0.24,-0.3290894627571106,-0.29449379444122314,0.5003193616867065,0.23335999250411987,-0.30242642760276794,1.46,-1.2553330659866333,-0.03,0.2341017872095108,0.1411450356245041
1.6725304126739502,0.037433918565511703,0.6174081563949585,-0.16719116270542145,-0.03914366662502289,0.48187440633773804,-0.8592506647109985,-0.47064903378486633,-0.033022068440914154,0.4805554151535034,1.076635479927063,-0.17061278223991394,-0.4099741578102112,-0.883516252040863,0.06,1.2876473665237427,0.9738922119140625,0.24,-0.3369382917881012,-0.29861581325531006,0.5092729926109314,0.22725258767604828,-0.25376009941101074,1.46,-1.2421116828918457,-0.03,0.240128755569458,0.1134435161948204
1.6728166341781616,0.03744517266750336,0.6158039569854736,-0.1674753725528717,-0.037132762372493744,0.4831833839416504,-0.8585492968559265,-0.479013592004776,-0.03217487782239914,0.4694836437702179,1.0996265411376953,-0.17330899834632874,-0.40494951605796814,-0.8809700608253479,0.06,1.2955801486968994,0.9864112734794617,0.24,-0.3445383310317993,-0.3032454252243042,0.5177172422409058,0.22430892288684845,-0.21177548170089722,1.46,-1.2261027097702026,-0.03,0.2471841275691986,0.08662306517362595
1.67312753200531,0.03749730437994003,0.6145015954971313,-0.1676563322544098,-0.03494153916835785,0.48368844389915466,-0.858321487903595,-0.48538246750831604,-0.032600998878479004,0.4591846764087677,1.1186329126358032,-0.17575863003730774,-0.39956098794937134,-0.8780118823051453,0.06,1.3014822006225586,0.997527539730072,0.24,-0.3517628610134125,-0.30833256244659424,0.5256972908973694,0.2239648997783661,-0.1768714040517807,1.46,-1.2083951234817505,-0.03,0.2555655539035797,0.06235528737306595
1.6734744310379028,0.03760988265275955,0.6135336756706238,-0.16780126094818115,-0.032593827694654465,0.48339083790779114,-0.8585531711578369,-0.4895245432853699,-0.03442235663533211,0.4500484764575958,1.1331697702407837,-0.17763562500476837,-0.39413943886756897,-0.8748120665550232,0.06,1.305440068244934,1.0070044994354248,0.24,-0.35849666595458984,-0.31393319368362427,0.5330479741096497,0.2255122810602188,-0.1489550918340683,1.46,-1.1901813745498657,-0.03,0.2651650309562683,0.04253494739532471
1.6738544702529907,0.037787847220897675,0.6129350066184998,-0.1679307520389557,-0.030126111581921577,0.4822741448879242,-0.8592458367347717,-0.49110838770866394,-0.03767529875040054,0.44239363074302673,1.142467737197876,-0.1783510446548462,-0.38926926255226135,-0.8714722990989685,0.06,1.3074004650115967,1.0146098136901855,0.24,-0.36462950706481934,-0.3200852572917938,0.5394524335861206,0.22836114466190338,-0.12759332358837128,1.46,-1.172667384147644,-0.03,0.2753021717071533,0.029114969074726105
1.6742453575134277,0.03801337629556656,0.6127236485481262,-0.16798105835914612,-0.027563078328967094,0.48029711842536926,-0.8604284524917603,-0.4897449016571045,-0.04226525500416756,0.436310350894928,1.1459189653396606,-0.1785660982131958,-0.38577255606651306,-0.8679674863815308,0.06,1.3070287704467773,1.0202620029449463,0.24,-0.37006697058677673,-0.32684847712516785,0.5447913408279419,0.2322232872247696,-0.1119799092411995,1.46,-1.1568106412887573,-0.03,0.284874826669693,0.023698920384049416
1.6746159791946411,0.03825684264302254,0.6129293441772461,-0.167827770113945,-0.02489423006772995,0.4773769676685333,-0.8621630668640137,-0.4850064814090729,-0.04823421686887741,0.4311084747314453,1.1428661346435547,-0.17652007937431335,-0.3840119242668152,-0.8641197681427002,0.06,1.303731918334961,1.023869514465332,0.24,-0.37469685077667236,-0.3343491852283478,0.5492289662361145,0.23711468279361725,-0.10101103037595749,1.46,-1.1431567668914795,-0.03,0.2925710082054138,0.027254577726125717
1.6749305725097656,0.038466788828372955,0.6135746836662292,-0.16728603839874268,-0.022061103954911232,0.4734790325164795,-0.864491879940033,-0.4761776626110077,-0.05551828816533089,0.42626529932022095,1.1324896812438965,-0.17263540625572205,-0.3847905993461609,-0.8594983220100403,0.06,1.2969181537628174,1.025407075881958,0.24,-0.37847596406936646,-0.3425436019897461,0.5531618595123291,0.24334806203842163,-0.09339839220046997,1.46,-1.1317346096038818,-0.03,0.2972092628479004,0.04008794203400612
1.6751534938812256,0.03860464692115784,0.6146562099456787,-0.16622686386108398,-0.019038518890738487,0.46860963106155396,-0.8674163818359375,-0.46268367767333984,-0.06,0.421468049287796,1.1141387224197388,-0.16821567714214325,-0.38875022530555725,-0.8537996411323547,0.06,1.2862027883529663,1.0249059200286865,0.24,-0.3813456594944,-0.35121652483940125,0.5567929148674011,0.2514273226261139,-0.08786320686340332,1.46,-1.1224162578582764,-0.03,0.29818716645240784,0.06192871183156967
1.6752402782440186,0.03866742551326752,0.6161316633224487,-0.16463221609592438,-0.015930788591504097,0.46280837059020996,-0.8708907961845398,-0.44461968541145325,-0.06,0.4161211848258972,1.0873785018920898,-0.1630026400089264,-0.3959869146347046,-0.8471248745918274,0.06,1.2715524435043335,1.0223796367645264,0.24,-0.38316771388053894,-0.3600330054759979,0.5600684881210327,0.2620091140270233,-0.08326650410890579,1.46,-1.1151485443115234,-0.03,0.29553014039993286,0.09182871878147125
1.6751347780227661,0.038677237927913666,0.6179274320602417,-0.16256263852119446,-0.012934863567352295,0.4560836851596832,-0.8748677968978882,-0.42252296209335327,-0.06,0.4099555015563965,1.0521948337554932,-0.1590035855770111,-0.40642473101615906,-0.8398939967155457,0.06,1.2531338930130005,1.017928957939148,0.24,-0.3838067650794983,-0.36880943179130554,0.5629104971885681,0.27573251724243164,-0.07846420258283615,1.46,-1.1099324226379395,-0.03,0.28961673378944397,0.12830524146556854
1.6748082637786865,0.038667529821395874,0.6199668645858765,-0.16003333032131195,-0.01019164826720953,0.4484311640262604,-0.8793150186538696,-0.3969190716743469,-0.06,0.40185844898223877,1.008280873298645,-0.15355417132377625,-0.4192046523094177,-0.8323478102684021,0.06,1.2311084270477295,1.0117143392562866,0.24,-0.3832457959651947,-0.3775849938392639,0.565543532371521,0.29298165440559387,-0.07254666090011597,1.46,-1.1065261363983154,-0.03,0.28084129095077515,0.16975077986717224
1.6742503643035889,0.03864823654294014,0.6221733093261719,-0.15694786608219147,-0.0077409944497048855,0.43986135721206665,-0.8842111825942993,-0.3678460419178009,-0.06,0.3914894461631775,0.9555794596672058,-0.1483064740896225,-0.4337455928325653,-0.8243536949157715,0.06,1.2054338455200195,1.0040019750595093,0.24,-0.3816038966178894,-0.3865694999694824,0.5686689615249634,0.31382450461387634,-0.06471098214387894,1.46,-1.1046150922775269,-0.03,0.2692877948284149,0.2148931920528412
1.6734539270401,0.03865347057580948,0.624453067779541,-0.15320909023284912,-0.005705514457076788,0.4303852617740631,-0.8895296454429626,-0.33564797043800354,-0.06,0.37868499755859375,0.894305408000946,-0.1441749781370163,-0.44929641485214233,-0.8159688115119934,0.04576385021209717,1.176107406616211,0.9950329661369324,0.24,-0.37895071506500244,-0.3958422839641571,0.5731859803199768,0.33813363313674927,-0.054125040769577026,1.46,-1.1043341159820557,-0.03,0.2545638978481293,0.26216360926628113
1.6724035739898682,0.038731690496206284,0.6266533136367798,-0.14871427416801453,-0.0043046437203884125,0.4200279116630554,-0.8952328562736511,-0.30130502581596375,-0.06,0.3626076877117157,0.8253539204597473,-0.14002035558223724,-0.46487557888031006,-0.8075191974639893,0.030151978135108948,1.1433032751083374,0.985319197177887,0.24,-0.3754512667655945,-0.4052695333957672,0.5798394680023193,0.36567777395248413,-0.04037024453282356,1.46,-1.1057863235473633,-0.03,0.23601491749286652,0.30946528911590576
1.6710596084594727,0.038915615528821945,0.6285273432731628,-0.14334772527217865,-0.003769001690670848,0.40880975127220154,-0.901283323764801,-0.2660318911075592,-0.06,0.3423342704772949,0.7500673532485962,-0.1364077925682068,-0.4805532693862915,-0.7995665669441223,0.016568299382925034,1.1073360443115234,0.9760971069335938,0.24,-0.3715653419494629,-0.4148024916648865,0.589250385761261,0.39598819613456726,-0.023241650313138962,1.46,-1.1085729598999023,-0.03,0.21287430822849274,0.3551528751850128
1.6693888902664185,0.03925306722521782,0.6298596858978271,-0.1370161771774292,-0.0043057953007519245,0.3967141807079315,-0.9076484441757202,-0.232657790184021,-0.06,0.3185082972049713,0.6710148453712463,-0.13553641736507416,-0.49633926153182983,-0.7928073406219482,0.005944354925304651,1.068525791168213,0.9684586524963379,0.24,-0.36771920323371887,-0.424591988325119,0.6016858816146851,0.42817142605781555,-0.0023227084893733263,1.46,-1.1118927001953125,-0.03,0.18431758880615234,0.39886799454689026
1.6680712699890137,0.039501823484897614,0.6324474811553955,-0.13173305988311768,-0.00449961656704545,0.3837372362613678,-0.9139868021011353,-0.21387337148189545,-0.06,0.30005648732185364,0.6233751177787781,-0.11988859623670578,-0.49232664704322815,-0.7834130525588989,-0.011442211456596851,1.028822898864746,0.9530267715454102,0.24,-0.3617047667503357,-0.4352523684501648,0.6147776246070862,0.4557664692401886,0.020847156643867493,1.46,-1.114388108253479,-0.03,0.154263436794281,0.44162094593048096
1.6673061847686768,0.039114706218242645,0.6365126967430115,-0.12763190269470215,-0.0035378560423851013,0.3699326813220978,-0.9202430248260498,-0.19892679154872894,-0.06,0.28322213888168335,0.5865061283111572,-0.09860946983098984,-0.46387046575546265,-0.7686842083930969,-0.036633726209402084,0.9867260456085205,0.9299636483192444,0.24,-0.3541988134384155,-0.44715598225593567,0.63042813539505,0.4785364270210266,0.04787850379943848,1.46,-1.1132596731185913,-0.03,0.12156783789396286,0.4840812385082245
1.6663674116134644,0.03813531622290611,0.6408113837242126,-0.12348096817731857,-0.0034540542401373386,0.3559616804122925,-0.926300048828125,-0.1845443695783615,-0.06,0.2613869309425354,0.547528088092804,-0.08637100458145142,-0.4347739815711975,-0.7527105212211609,-0.06009978801012039,0.9427281618118286,0.9045446515083313,0.24,-0.34536752104759216,-0.45886728167533875,0.650136411190033,0.5008990168571472,0.0794515609741211,1.46,-1.1088255643844604,-0.03,0.08379492908716202,0.5261920690536499
1.6650469303131104,0.036569561809301376,0.6450071930885315,-0.11890365928411484,-0.005077131558209658,0.34235072135925293,-0.9320043325424194,-0.17546336352825165,-0.06,0.23468017578125,0.5132661461830139,-0.08423633128404617,-0.4082806408405304,-0.7373368144035339,-0.07871171832084656,0.896755576133728,0.8775404691696167,0.24,-0.33447250723838806,-0.4700656831264496,0.675807774066925,0.5219022631645203,0.1165781319141388,1.46,-1.1026432514190674,-0.03,0.04361509904265404,0.5692747235298157
1.6634743213653564,0.034535884857177734,0.6489987969398499,-0.11395508795976639,-0.00808979943394661,0.3291640281677246,-0.9373364448547363,-0.17089377343654633,-0.06,0.205880805850029,0.4832109212875366,-0.08757784217596054,-0.38409215211868286,-0.722956120967865,-0.09344482421875,0.8496520519256592,0.8496078252792358,0.24,-0.3221273124217987,-0.4808419346809387,0.7067694664001465,0.5400152802467346,0.15869297087192535,1.46,-1.0958656072616577,-0.03,0.004693121183663607,0.6144901514053345
1.6619009971618652,0.03225941210985184,0.6527722477912903,-0.10894260555505753,-0.01163366250693798,0.31616878509521484,-0.942355215549469,-0.1672935038805008,-0.06,0.17804379761219025,0.45305904746055603,-0.08986808359622955,-0.3600417673587799,-0.708657443523407,-0.10616950690746307,0.8017886877059937,0.8218168616294861,0.24,-0.30959320068359375,-0.49173498153686523,0.7394755482673645,0.5545861721038818,0.20180530846118927,1.46,-1.0895347595214844,-0.03,-0.027902910485863686,0.6631717085838318
1.6603997945785522,0.029976695775985718,0.6563206911087036,-0.1040712520480156,-0.015320506878197193,0.30314868688583374,-0.9471194744110107,-0.16344963014125824,-0.06,0.1517455130815506,0.42115604877471924,-0.08931586146354675,-0.33520644903182983,-0.6939468383789062,-0.11786143481731415,0.7545132637023926,0.794336199760437,0.24,-0.29749658703804016,-0.5030812621116638,0.7715059518814087,0.5655766129493713,0.24288204312324524,1.46,-1.0836666822433472,-0.034416962414979935,-0.05269232392311096,0.7133415341377258
1.6590384244918823,0.02780410274863243,0.6597183346748352,-0.09949207305908203,-0.018857883289456367,0.290351003408432,-0.9515470862388611,-0.15950442850589752,-0.06,0.12462984770536423,0.3892136216163635,-0.09369450062513351,-0.3108821213245392,-0.6783878803253174,-0.12912335991859436,0.7086441516876221,0.7666082978248596,0.24,-0.28563570976257324,-0.5142031311988831,0.8031736016273499,0.572455644607544,0.2814326584339142,1.46,-1.0775437355041504,-0.05735262483358383,-0.07013847678899765,0.7609775066375732
1.6578947305679321,0.025736186653375626,0.6628276109695435,-0.09501467645168304,-0.02184094488620758,0.2779037356376648,-0.9556487202644348,-0.15405403077602386,-0.06,0.09927096217870712,0.35690250992774963,-0.09747852385044098,-0.28704556822776794,-0.6614589095115662,-0.13950328528881073,0.6644333004951477,0.7401430606842041,0.24,-0.2750292122364044,-0.5251088738441467,0.8367041945457458,0.5749576687812805,0.3212004005908966,1.46,-1.0708568096160889,-0.07573796808719635,-0.08153155446052551,0.8027527928352356
1.65707528591156,0.0237994734197855,0.6656227707862854,-0.09073913097381592,-0.02393544651567936,0.26544368267059326,-0.9595483541488647,-0.14653217792510986,-0.06,0.07482875138521194,0.32448816299438477,-0.101044662296772,-0.26394835114479065,-0.6428188681602478,-0.14982563257217407,0.6215242743492126,0.7159730792045593,0.23197051882743835,-0.2665918171405792,-0.5368809103965759,0.8724095225334167,0.5732378959655762,0.3654254972934723,1.46,-1.064041256904602,-0.08917001634836197,-0.0889829695224762,0.8360040783882141
1.6565768718719482,0.02205415442585945,0.6680853962898254,-0.08678976446390152,-0.025240441784262657,0.2527657747268677,-0.9632962942123413,-0.1375795304775238,-0.052358221262693405,0.05081620067358017,0.29245468974113464,-0.10415443032979965,-0.24161453545093536,-0.623106062412262,-0.1603996455669403,0.5798134207725525,0.6945679187774658,0.22288841009140015,-0.26053720712661743,-0.5498170256614685,0.9086891412734985,0.5685527920722961,0.41510018706321716,1.4496248960494995,-1.0581567287445068,-0.09821437299251556,-0.09569747000932693,0.8602092266082764
1.6562875509262085,0.020539570599794388,0.6701833009719849,-0.08315680176019669,-0.02618374116718769,0.24020200967788696,-0.9667999148368835,-0.12919294834136963,-0.04412247985601425,0.027288196608424187,0.29000000000000004,-0.10706288367509842,-0.22098219394683838,-0.6037184000015259,-0.17041800916194916,0.5400140881538391,0.6759327054023743,0.21506738662719727,-0.2564285397529602,-0.5626567602157593,0.9436433911323547,0.5623021125793457,0.46948546171188354,1.4162136316299438,-1.05411958694458,-0.10365106165409088,-0.10475979000329971,0.8762350082397461
1.656144142150879,0.019238784909248352,0.6719238758087158,-0.0798320323228836,-0.02696985751390457,0.22822970151901245,-0.9699538946151733,-0.12239492684602737,-0.0364164263010025,0.004833541344851255,0.29000000000000004,-0.1096549704670906,-0.2028479278087616,-0.5854638814926147,-0.1792861670255661,0.5029957890510559,0.6598237752914429,0.20843657851219177,-0.25355103611946106,-0.5737953782081604,0.9760989546775818,0.5551844835281372,0.5273969173431396,1.3773850202560425,-1.0521442890167236,-0.10653937608003616,-0.11732147634029388,0.8854832649230957
1.656158447265625,0.018125688657164574,0.6733235120773315,-0.07686955481767654,-0.027478205040097237,0.216999813914299,-0.9727522730827332,-0.1169254258275032,-0.029517048969864845,-0.016296904534101486,0.29000000000000004,-0.11191817373037338,-0.18751026690006256,-0.5684956908226013,-0.18714872002601624,0.469147264957428,0.6466769576072693,0.2028154879808426,-0.25201722979545593,-0.5824520587921143,1.0053337812423706,0.5478644967079163,0.5873963236808777,1.3346630334854126,-1.0518789291381836,-0.10823693871498108,-0.1327057182788849,0.8901082277297974
1.656333565711975,0.017219766974449158,0.6744282841682434,-0.07426569610834122,-0.027593180537223816,0.20639070868492126,-0.9752568602561951,-0.11261119693517685,-0.023652171716094017,-0.03643696755170822,0.29000000000000004,-0.11385234445333481,-0.17499180138111115,-0.552614688873291,-0.19444258511066437,0.43807077407836914,0.6365675926208496,0.1976068615913391,-0.25201866030693054,-0.5885636210441589,1.0310369729995728,0.5413278341293335,0.6478431820869446,1.2899760007858276,-1.0524123907089233,-0.10976798087358475,-0.15005706250667572,0.891690194606781
1.6566094160079956,0.016595875844359398,0.6753153800964355,-0.07194126397371292,-0.02743973210453987,0.1962742805480957,-0.9775213599205017,-0.10976843535900116,-0.018823698163032532,-0.05590251833200455,0.29000000000000004,-0.11521045118570328,-0.16484446823596954,-0.5380129814147949,-0.20136094093322754,0.40883252024650574,0.6291220188140869,0.19074895977973938,-0.25320199131965637,-0.59222412109375,1.0532219409942627,0.5363311767578125,0.7076743841171265,1.2449434995651245,-1.0527217388153076,-0.11147389560937881,-0.16934099793434143,0.8903535604476929
1.6569219827651978,0.0163272675126791,0.6760486364364624,-0.06991482526063919,-0.027185916900634766,0.1866621971130371,-0.9795560240745544,-0.10858138650655746,-0.015179906040430069,-0.07472724467515945,0.29000000000000004,-0.11597855389118195,-0.1566423773765564,-0.5251224040985107,-0.20808282494544983,0.3813207745552063,0.6238645315170288,0.18150559067726135,-0.25491786003112793,-0.5933465361595154,1.071990966796875,0.5329031348228455,0.7662965655326843,1.200184941291809,-1.052180528640747,-0.1133032888174057,-0.19094786047935486,0.885673999786377
1.6572535037994385,0.01643899828195572,0.6766721606254578,-0.06819484382867813,-0.026816802099347115,0.17753539979457855,-0.9813823103904724,-0.1082836389541626,-0.012818836607038975,-0.09271713346242905,0.29000000000000004,-0.11612561345100403,-0.14958810806274414,-0.5139228701591492,-0.2148333340883255,0.35608020424842834,0.6209340691566467,0.17239157855510712,-0.2587719261646271,-0.5919405817985535,1.0874422788619995,0.5310725569725037,0.8226683139801025,1.1559937000274658,-1.050085186958313,-0.1153063178062439,-0.2151528149843216,0.8775197267532349
1.6575950384140015,0.016892923042178154,0.6771592497825623,-0.0670052021741867,-0.026259446516633034,0.16875861585140228,-0.9830265045166016,-0.10835656523704529,-0.012219564989209175,-0.10993507504463196,0.29000000000000004,-0.11578752100467682,-0.14312241971492767,-0.5028599500656128,-0.22271203994750977,0.33337780833244324,0.6172523498535156,0.16715072095394135,-0.2613423764705658,-0.5881922245025635,1.0988523960113525,0.531241774559021,0.8757323622703552,1.1129587888717651,-1.0460460186004639,-0.11779221892356873,-0.24196787178516388,0.8658463954925537
1.6579265594482422,0.017601370811462402,0.6775422692298889,-0.06623542308807373,-0.02554633654654026,0.16032251715660095,-0.9845084547996521,-0.10857469588518143,-0.012990797869861126,-0.12639357149600983,0.29000000000000004,-0.11489343643188477,-0.13708189129829407,-0.4923376142978668,-0.23126517236232758,0.31276842951774597,0.6139278411865234,0.16483992338180542,-0.26382094621658325,-0.5818522572517395,1.1054399013519287,0.5340186357498169,0.9254791140556335,1.071256399154663,-1.0392242670059204,-0.12145993113517761,-0.27168843150138855,0.8503950834274292
1.6582481861114502,0.018472041934728622,0.677838921546936,-0.06574603170156479,-0.024716312065720558,0.1522926688194275,-0.985836386680603,-0.10892263054847717,-0.014675723388791084,-0.1420179307460785,0.29000000000000004,-0.11360572278499603,-0.13166241347789764,-0.4824651777744293,-0.2399885654449463,0.2938251793384552,0.6113578677177429,0.16340859234333038,-0.26644620299339294,-0.5725263357162476,1.1061683893203735,0.5395246148109436,0.9717644453048706,1.0303791761398315,-1.0287851095199585,-0.12714524567127228,-0.3042152523994446,0.8304687738418579
1.6585557460784912,0.01944083906710148,0.678066611289978,-0.06549668312072754,-0.023898260667920113,0.1447438895702362,-0.9870097041130066,-0.10949967801570892,-0.017016328871250153,-0.15671005845069885,0.29000000000000004,-0.1122201532125473,-0.12672217190265656,-0.4735639691352844,-0.24861253798007965,0.27647578716278076,0.6095805168151855,0.16212314367294312,-0.26918068528175354,-0.5599706768989563,1.0996456146240234,0.5473577976226807,1.014412522315979,0.9899852275848389,-1.0141891241073608,-0.13537298142910004,-0.3394881784915924,0.8057289719581604
1.6588441133499146,0.02044776640832424,0.678238034248352,-0.06546026468276978,-0.023211559280753136,0.13768987357616425,-0.9880371689796448,-0.11028321087360382,-0.019792020320892334,-0.1704171746969223,0.29000000000000004,-0.11077668517827988,-0.1220351830124855,-0.4658024311065674,-0.25697916746139526,0.26071688532829285,0.6084252595901489,0.161040797829628,-0.27190694212913513,-0.5442916750907898,1.084665298461914,0.5571199059486389,1.0529736280441284,0.9504560232162476,-0.9949322938919067,-0.14614175260066986,-0.3771611750125885,0.7762116193771362
1.659096121788025,0.021448837593197823,0.6783720254898071,-0.06558747589588165,-0.022747132927179337,0.13097624480724335,-0.9889519214630127,-0.11134379357099533,-0.022778533399105072,-0.18345268070697784,0.29000000000000004,-0.1093791052699089,-0.11728535592556,-0.45895907282829285,-0.26509329676628113,0.246200829744339,0.6073631644248962,0.1608331799507141,-0.2743929326534271,-0.5259141325950623,1.0601577758789062,0.5688581466674805,1.0865850448608398,0.9129413962364197,-0.9702858328819275,-0.15905584394931793,-0.4166034758090973,0.7416070103645325
1.6593068838119507,0.02240588515996933,0.6784966588020325,-0.06574727594852448,-0.022487366572022438,0.12442497164011002,-0.9897928833961487,-0.11255737394094467,-0.025629814714193344,-0.19616203010082245,0.29000000000000004,-0.10809614509344101,-0.11231372505426407,-0.45287808775901794,-0.2727467715740204,0.233173206448555,0.6065140962600708,0.1638813465833664,-0.27557113766670227,-0.5050918459892273,1.0256295204162598,0.5830854773521423,1.114466905593872,0.8788463473320007,-0.9391422867774963,-0.17353549599647522,-0.4574456512928009,0.7010101079940796
1.6595091819763184,0.02326919138431549,0.6785793304443359,-0.06600353121757507,-0.022263137623667717,0.11796218901872635,-0.9905718564987183,-0.11377909779548645,-0.028515880927443504,-0.20870578289031982,0.29000000000000004,-0.10698004812002182,-0.107449010014534,-0.44628846645355225,-0.2803936004638672,0.2198130041360855,0.6049122214317322,0.16644765436649323,-0.27759960293769836,-0.48188602924346924,0.9814882278442383,0.60017329454422,1.1358332633972168,0.8494234085083008,-0.9005879163742065,-0.18903480470180511,-0.4992530345916748,0.6535508036613464
1.659744143486023,0.024009812623262405,0.6786478757858276,-0.06618776172399521,-0.021947773173451424,0.11142699420452118,-0.9913230538368225,-0.11485132575035095,-0.031114641577005386,-0.22144697606563568,0.29000000000000004,-0.10608994215726852,-0.102944016456604,-0.43915972113609314,-0.28772932291030884,0.20586781203746796,0.6036126613616943,0.16861869394779205,-0.2799548804759979,-0.45669791102409363,0.9291951060295105,0.619732677936554,1.150995135307312,0.8245713114738464,-0.8538472652435303,-0.20513364672660828,-0.5424301028251648,0.5996684432029724
1.660023808479309,0.024628974497318268,0.6787228584289551,-0.06621197611093521,-0.021575825288891792,0.10470691323280334,-0.9920619130134583,-0.11597220599651337,-0.03326752036809921,-0.23467324674129486,0.29000000000000004,-0.10544753819704056,-0.09885218739509583,-0.4311387240886688,-0.2946712374687195,0.19083616137504578,0.6021943688392639,0.17032191157341003,-0.282482385635376,-0.4298475980758667,0.8699425458908081,0.6408218145370483,1.1605151891708374,0.8031429052352905,-0.7991209626197815,-0.22164814174175262,-0.5879923701286316,0.5405455827713013
1.6603214740753174,0.025155160576105118,0.6788172125816345,-0.0661061480641365,-0.021360618993639946,0.09781826287508011,-0.9927764534950256,-0.11736473441123962,-0.03496430441737175,-0.24833232164382935,0.29000000000000004,-0.1050538495182991,-0.09470164030790329,-0.4226631224155426,-0.30118441581726074,0.17493616044521332,0.6002529263496399,0.1719295233488083,-0.2848428189754486,-0.4012679159641266,0.8040595650672913,0.6626920700073242,1.164807915687561,0.7842718362808228,-0.7375190258026123,-0.2387855350971222,-0.6371734142303467,0.4779413044452667
1.6606050729751587,0.025612367317080498,0.6789405941963196,-0.06587626039981842,-0.02151050791144371,0.0908862054347992,-0.9934471845626831,-0.11938200891017914,-0.036163292825222015,-0.2622126638889313,0.29000000000000004,-0.10488918423652649,-0.0902661457657814,-0.41420236229896545,-0.3071090877056122,0.15861721336841583,0.5972896814346313,0.17399723827838898,-0.2866179049015045,-0.3705468773841858,0.7314842343330383,0.6850540041923523,1.1638031005859375,0.7674028277397156,-0.670038640499115,-0.2569054067134857,-0.6912027597427368,0.41390854120254517
1.6608788967132568,0.026010841131210327,0.6791119575500488,-0.06541480869054794,-0.022094888612627983,0.08407017588615417,-0.9940647482872009,-0.12231379747390747,-0.03667321428656578,-0.2761062979698181,0.29000000000000004,-0.10494625568389893,-0.08583465963602066,-0.40583211183547974,-0.31209415197372437,0.1419605016708374,0.5929623246192932,0.17618229985237122,-0.28753143548965454,-0.337196946144104,0.6522755026817322,0.7074703574180603,1.157163381576538,0.7514012455940247,-0.5969746708869934,-0.2762421667575836,-0.7511650323867798,0.35072752833366394
1.66116464138031,0.026375669986009598,0.679338276386261,-0.06472436338663101,-0.02310359664261341,0.07753780484199524,-0.9946178793907166,-0.1258556991815567,-0.03648446127772331,-0.2895946800708771,0.29000000000000004,-0.10514916479587555,-0.08130495250225067,-0.3977504074573517,-0.31606525182724,0.12529224157333374,0.5873404741287231,0.1780923306941986,-0.28755366802215576,-0.3010237216949463,0.5665301084518433,0.7286296486854553,1.1449838876724243,0.7348251342773438,-0.5185680985450745,-0.29696714878082275,-0.8171356320381165,0.2911421060562134
1.6615126132965088,0.026729725301265717,0.6796291470527649,-0.06384344398975372,-0.02437174692749977,0.07142829895019531,-0.9951018691062927,-0.12901534140110016,-0.035586778074502945,-0.302126407623291,0.29000000000000004,-0.10536453872919083,-0.0763554722070694,-0.3896335959434509,-0.3191406726837158,0.10882959514856339,0.5804052352905273,0.17967113852500916,-0.28674909472465515,-0.2621920108795166,0.474423885345459,0.7467385530471802,1.1277042627334595,0.7169331908226013,-0.4349076747894287,-0.3190222680568695,-0.8882346749305725,0.23809681832790375
1.6619504690170288,0.027071690186858177,0.6799916625022888,-0.06279871612787247,-0.025751035660505295,0.06598939001560211,-0.9955092072486877,-0.13087725639343262,-0.03385208919644356,-0.3129701316356659,0.29000000000000004,-0.1055210530757904,-0.07071316242218018,-0.38129541277885437,-0.3212752938270569,0.09306589514017105,0.5720706582069397,0.18102386593818665,-0.28506797552108765,-0.22065408527851105,0.3759865164756775,0.7603172063827515,1.1058541536331177,0.698548436164856,-0.3460882008075714,-0.3417750597000122,-0.9632623195648193,0.19372807443141937
1.6624525785446167,0.027367666363716125,0.6804170608520508,-0.061600878834724426,-0.02719269134104252,0.061404772102832794,-0.9958389401435852,-0.13126428425312042,-0.031161824241280556,-0.3217315077781677,0.29000000000000004,-0.10565769672393799,-0.06442785263061523,-0.3729526996612549,-0.3223159909248352,0.07847973704338074,0.5624788403511047,0.18215790390968323,-0.28249409794807434,-0.17645761370658875,0.27173662185668945,0.7685412168502808,1.0800272226333618,0.6821634769439697,-0.2524794936180115,-0.3638336658477783,-1.040777564048767,0.15887130796909332
1.6629741191864014,0.027557160705327988,0.6808873414993286,-0.06024068966507912,-0.028653789311647415,0.05763202905654907,-0.9961066246032715,-0.130417600274086,-0.027447307482361794,-0.32857775688171387,0.29000000000000004,-0.10589059442281723,-0.057712871581315994,-0.36468273401260376,-0.32217761874198914,0.0650777816772461,0.551880955696106,0.18313325941562653,-0.2791467607021332,-0.13003672659397125,0.16279920935630798,0.7712133526802063,1.0506932735443115,0.6711620688438416,-0.1546158641576767,-0.3834351599216461,-1.118889570236206,0.13325464725494385
1.6634495258331299,0.02757282555103302,0.6813762187957764,-0.05873047187924385,-0.030141716822981834,0.05449121072888374,-0.996329665184021,-0.12875057756900787,-0.02269773930311203,-0.33395788073539734,0.29000000000000004,-0.10641571134328842,-0.05063730850815773,-0.35658228397369385,-0.32087939977645874,0.052721790969371796,0.5404972434043884,0.1844162493944168,-0.2751546800136566,-0.0820230022072792,0.05046189948916435,0.7684234380722046,1.0180835723876953,0.6681997179985046,-0.053575869649648666,-0.3991035223007202,-1.1949384212493896,0.11609556525945663
1.6638230085372925,0.02734154276549816,0.6818622350692749,-0.0570664256811142,-0.031666893512010574,0.05176565423607826,-0.9965242743492126,-0.12665724754333496,-0.01686514914035797,-0.3383850157260895,0.29000000000000004,-0.10741987824440002,-0.04324101284146309,-0.34849268198013306,-0.31843048334121704,0.041121624410152435,0.5282348990440369,0.18682631850242615,-0.27054259181022644,-0.033160701394081116,-0.06390590220689774,0.7604198455810547,0.9828274250030518,0.6749621033668518,0.048974085599184036,-0.4098864793777466,-1.2659404277801514,0.10643763095140457
1.6640732288360596,0.026795636862516403,0.6823292374610901,-0.05526113510131836,-0.0331643782556057,0.04926963523030281,-0.9967038631439209,-0.12454874813556671,-0.010050276294350624,-0.3423519432544708,0.29000000000000004,-0.10898733139038086,-0.03586911782622337,-0.33977797627449036,-0.31491461396217346,0.02942751906812191,0.5146457552909851,0.19022436439990997,-0.26568830013275146,0.015858672559261322,-0.17859230935573578,0.7475542426109314,0.9460226893424988,0.6925229430198669,0.15119795501232147,-0.41545334458351135,-1.3295704126358032,0.10300309956073761
1.6642379760742188,0.025904953479766846,0.682781994342804,-0.05313532054424286,-0.034464310854673386,0.046895869076251984,-0.9968898296356201,-0.12275421619415283,-0.0020790346898138523,-0.3462793529033661,0.29000000000000004,-0.11132796853780746,-0.029588162899017334,-0.3304451107978821,-0.30997520685195923,0.018175410106778145,0.5007726550102234,0.19553597271442413,-0.2600744962692261,0.06451044231653214,-0.29098770022392273,0.7301911115646362,0.9092745780944824,0.7198508381843567,0.25133758783340454,-0.4157104790210724,-1.3843251466751099,0.10410695523023605
1.664351463317871,0.024691034108400345,0.6832308769226074,-0.05080591142177582,-0.035422828048467636,0.04458062723278999,-0.9970839619636536,-0.12179380655288696,0.0063970875926315784,-0.35052624344825745,0.29000000000000004,-0.11412402242422104,-0.025094205513596535,-0.32021236419677734,-0.30401110649108887,0.0064684501849114895,0.48694562911987305,0.20045936107635498,-0.25483500957489014,0.11208676546812057,-0.39793065190315247,0.7083519697189331,0.8750974535942078,0.7544429898262024,0.3472376763820648,-0.411265105009079,-1.4289534091949463,0.10738026350736618
1.6645034551620483,0.023293113335967064,0.6837197542190552,-0.04800000041723251,-0.03584612160921097,0.04226122424006462,-0.9973089098930359,-0.12142907828092575,0.015607083216309547,-0.35530439019203186,0.29000000000000004,-0.11733898520469666,-0.02320324443280697,-0.30998116731643677,-0.2966298758983612,-0.007455757819116116,0.4759962856769562,0.19596514105796814,-0.2508949041366577,0.15743519365787506,-0.49670204520225525,0.6832950115203857,0.8457332849502563,0.7937060594558716,0.43668803572654724,-0.4030371606349945,-1.4615211486816406,0.11216116696596146
1.66463041305542,0.021787656471133232,0.6842020750045776,-0.04512907564640045,-0.03587550297379494,0.03990095853805542,-0.9975389242172241,-0.12196797877550125,0.024532899260520935,-0.3606870174407959,0.29000000000000004,-0.12066761404275894,-0.023166432976722717,-0.29863986372947693,-0.2889094352722168,-0.021606191992759705,0.46477535367012024,0.19187620282173157,-0.24716275930404663,0.1992054283618927,-0.5855977535247803,0.656021237373352,0.8233304619789124,0.8352899551391602,0.5173671841621399,-0.3926236629486084,-1.4808810949325562,0.11818749457597733
1.6647319793701172,0.020233290269970894,0.6846731305122375,-0.042207151651382446,-0.03557055816054344,0.0375274196267128,-0.9977698922157288,-0.12308702617883682,0.033200476318597794,-0.36651259660720825,0.29000000000000004,-0.12408900260925293,-0.02456222102046013,-0.28643831610679626,-0.28091904520988464,-0.035922519862651825,0.45326992869377136,0.18777713179588318,-0.24340641498565674,0.23682191967964172,-0.6643723845481873,0.6279840469360352,0.8078039288520813,0.8768249154090881,0.5878747701644897,-0.38063883781433105,-1.4875656366348267,0.12646810710430145
1.6648318767547607,0.018676260486245155,0.6851269006729126,-0.039289046078920364,-0.0349874347448349,0.035409972071647644,-0.9979871511459351,-0.12467310577630997,0.04145033657550812,-0.3722230792045593,0.29000000000000004,-0.1275060921907425,-0.027442507445812225,-0.2738644480705261,-0.2727101743221283,-0.0496465340256691,0.4415770173072815,0.1837114691734314,-0.23953624069690704,0.2709089517593384,-0.7339206337928772,0.6004914045333862,0.7977257966995239,0.9177157878875732,0.6480030417442322,-0.36711397767066956,-1.483891487121582,0.13724131882190704
1.6649658679962158,0.01716017723083496,0.6855449080467224,-0.03646274283528328,-0.03415806591510773,0.03377147391438484,-0.9981798529624939,-0.1269390881061554,0.04889858886599541,-0.37751370668411255,0.29000000000000004,-0.1307753473520279,-0.0322960801422596,-0.2614223062992096,-0.2644750475883484,-0.06200718134641647,0.4300917088985443,0.1797991842031479,-0.2356899231672287,0.3020436465740204,-0.7949257493019104,0.5747738480567932,0.7921482920646667,0.9579887986183167,0.6982871294021606,-0.35252493619918823,-1.4728769063949585,0.15045027434825897
1.6651657819747925,0.01572585292160511,0.6859185695648193,-0.03376230597496033,-0.033132653683423996,0.032741572707891464,-0.9983437061309814,-0.12991835176944733,0.055379074066877365,-0.38218021392822266,0.29000000000000004,-0.1337660402059555,-0.03925708308815956,-0.24940147995948792,-0.2563380002975464,-0.07258885353803635,0.41898220777511597,0.1761353462934494,-0.23191942274570465,0.3304148316383362,-0.847518265247345,0.5518488883972168,0.7906520962715149,0.9969032406806946,0.7393717765808105,-0.3377860188484192,-1.4574847221374512,0.1653721183538437
1.6654448509216309,0.014424781315028667,0.6862465739250183,-0.031199861317873,-0.03199086710810661,0.03231695666909218,-0.9984781742095947,-0.13349026441574097,0.06080583855509758,-0.38567402958869934,0.29000000000000004,-0.13631677627563477,-0.048016540706157684,-0.2379274219274521,-0.24843962490558624,-0.08135348558425903,0.40818989276885986,0.17280173301696777,-0.22817328572273254,0.35589349269866943,-0.8916909694671631,0.5322967171669006,0.792804479598999,1.033039927482605,0.7723121643066406,-0.3240971267223358,-1.440645456314087,0.18058855831623077
1.6657968759536743,0.01331234723329544,0.6865267157554626,-0.028780074790120125,-0.0308656208217144,0.03229197487235069,-0.9985870122909546,-0.1375807374715805,0.06522566080093384,-0.3880968391895294,0.29000000000000004,-0.13832278549671173,-0.057846829295158386,-0.22714108228683472,-0.24097493290901184,-0.08865075558423996,0.39770835638046265,0.16993406414985657,-0.22444777190685272,0.3780045211315155,-0.9277927875518799,0.5164905786514282,0.7976629734039307,1.0654715299606323,0.7983027696609497,-0.31250259280204773,-1.4248683452606201,0.19433192908763885
1.6662111282348633,0.012413370423018932,0.6867637634277344,-0.02650645561516285,-0.02985130064189434,0.032374851405620575,-0.9986780881881714,-0.14192086458206177,0.06882841140031815,-0.38991621136665344,0.29000000000000004,-0.13987654447555542,-0.06780128926038742,-0.2169591337442398,-0.23410531878471375,-0.09513407200574875,0.38744667172431946,0.16755495965480804,-0.22075866162776947,0.3961494565010071,-0.9563265442848206,0.5047265291213989,0.8036635518074036,1.0940593481063843,0.818160891532898,-0.3035072088241577,-1.4112355709075928,0.2047697901725769
1.6666783094406128,0.011714852415025234,0.6869665384292603,-0.024392131716012955,-0.028988420963287354,0.03230462223291397,-0.9987596869468689,-0.1462765336036682,0.07173922657966614,-0.39163050055503845,0.29000000000000004,-0.14098946750164032,-0.07720980048179626,-0.20722119510173798,-0.22793234884738922,-0.10142765194177628,0.37736576795578003,0.1656222939491272,-0.21715527772903442,0.4099041819572449,-0.9775529503822327,0.49682262539863586,0.8097631335258484,1.118510365486145,0.8321029543876648,-0.2972196638584137,-1.3999757766723633,0.21054957807064056
1.6671849489212036,0.011180195957422256,0.6871265769004822,-0.022464502602815628,-0.02830953150987625,0.031989168375730515,-0.9988345503807068,-0.15060123801231384,0.07415207475423813,-0.39375585317611694,0.29000000000000004,-0.1418856382369995,-0.08577954024076462,-0.1981717348098755,-0.22250062227249146,-0.10760702192783356,0.3678987920284271,0.1640780121088028,-0.21388351917266846,0.4195623993873596,-0.9917846322059631,0.491809606552124,0.8152899742126465,1.1382237672805786,0.8402333855628967,-0.2935222089290619,-1.3912160396575928,0.2117331624031067
1.667716145515442,0.01076044887304306,0.6872273683547974,-0.020794225856661797,-0.02782360650599003,0.03150664269924164,-0.9988996386528015,-0.15485140681266785,0.07604555040597916,-0.39631831645965576,0.29000000000000004,-0.14270609617233276,-0.09353181719779968,-0.1903892606496811,-0.2179042398929596,-0.11322788149118423,0.35988613963127136,0.16286957263946533,-0.21132761240005493,0.4259668290615082,-0.9993491172790527,0.48832982778549194,0.8200653195381165,1.1527435779571533,0.8426491618156433,-0.2921469211578369,-1.385237693786621,0.2093723565340042
1.668259620666504,0.01040452066808939,0.6872566938400269,-0.019454849883913994,-0.027532685548067093,0.0309068001806736,-0.9989535808563232,-0.15899737179279327,0.07735560834407806,-0.3997889459133148,0.29000000000000004,-0.14348267018795013,-0.1004614531993866,-0.18439146876335144,-0.21426333487033844,-0.11792635172605515,0.3541792631149292,0.16191846132278442,-0.21000175178050995,0.4297732412815094,-1.0005193948745728,0.4851999580860138,0.8246487975120544,1.1617183685302734,0.8392031192779541,-0.29285892844200134,-1.3823851346969604,0.2048829197883606
1.6687971353530884,0.010044436901807785,0.6872149705886841,-0.018453029915690422,-0.027460262179374695,0.030139537528157234,-0.9989980459213257,-0.16321440041065216,0.07807030528783798,-0.4033859372138977,0.29000000000000004,-0.14438435435295105,-0.10650386661291122,-0.18041285872459412,-0.21152697503566742,-0.12173081189393997,0.3511662483215332,0.16114655137062073,-0.20996655523777008,0.43121737241744995,-0.9956740736961365,0.48171696066856384,0.8299824595451355,1.1647800207138062,0.8295497298240662,-0.295468270778656,-1.3828339576721191,0.19957365095615387
1.6693168878555298,0.009610617533326149,0.6871013641357422,-0.017739014700055122,-0.02760555036365986,0.029223687946796417,-0.99903404712677,-0.1676594614982605,0.07836595922708511,-0.40755900740623474,0.29000000000000004,-0.1450892984867096,-0.11207925528287888,-0.178435817360878,-0.20946894586086273,-0.12469138950109482,0.35084280371665955,0.16043612360954285,-0.21131016314029694,0.43048831820487976,-0.9853956699371338,0.4775884747505188,0.8368905186653137,1.161503791809082,0.8134523034095764,-0.29981884360313416,-1.386357069015503,0.19424448907375336
1.6698333024978638,0.009057190269231796,0.6869156956672668,-0.017232228070497513,-0.02789898030459881,0.028230730444192886,-0.9990634322166443,-0.17229634523391724,0.07845714688301086,-0.4120199978351593,0.29000000000000004,-0.14607425034046173,-0.11743255704641342,-0.17820391058921814,-0.20782499015331268,-0.12682563066482544,0.35308054089546204,0.15968625247478485,-0.21398960053920746,0.42773234844207764,-0.970296323299408,0.4726857542991638,0.8461152911186218,1.1512458324432373,0.7910919189453125,-0.30557653307914734,-1.3924185037612915,0.18877661228179932
1.6703627109527588,0.008369533345103264,0.6866616010665894,-0.0169100072234869,-0.028278883546590805,0.027199292555451393,-0.9990867972373962,-0.17702527344226837,0.07836265861988068,-0.4166112542152405,0.29000000000000004,-0.14723773300647736,-0.12276925146579742,-0.1794109344482422,-0.20651498436927795,-0.12821286916732788,0.3576371669769287,0.1588844358921051,-0.2179400771856308,0.42292729020118713,-0.9509721398353577,0.4669305086135864,0.8586920499801636,1.1332796812057495,0.7631703019142151,-0.3121602535247803,-1.400514841079712,0.18192732334136963
1.6709301471710205,0.007558093871921301,0.6863391995429993,-0.016788417473435402,-0.02867821231484413,0.02616812475025654,-0.9991049766540527,-0.1816210001707077,0.07803907990455627,-0.4211660921573639,0.29000000000000004,-0.1485326737165451,-0.1281403750181198,-0.18184903264045715,-0.20559771358966827,-0.12883403897285461,0.3644617795944214,0.15805019438266754,-0.22315804660320282,0.41589874029159546,-0.9279701709747314,0.4607553780078888,0.8753880262374878,1.1077971458435059,0.7304613590240479,-0.3190423250198364,-1.4099935293197632,0.1721142828464508
1.6715589761734009,0.006636154372245073,0.6859365701675415,-0.016917593777179718,-0.02902982383966446,0.025195688009262085,-0.9991176724433899,-0.18590155243873596,0.07734467089176178,-0.42548897862434387,0.29000000000000004,-0.14989279210567474,-0.1336839497089386,-0.18551713228225708,-0.2052249014377594,-0.12850786745548248,0.373819500207901,0.1572067141532898,-0.2297409623861313,0.406511127948761,-0.9017128348350525,0.45477578043937683,0.8965429663658142,1.075603723526001,0.6934040188789368,-0.32538771629333496,-1.4199776649475098,0.1573343724012375
1.6722737550735474,0.005594600923359394,0.6854307055473328,-0.01734081655740738,-0.029231179505586624,0.024263082072138786,-0.9991276264190674,-0.18979856371879578,0.07610445469617844,-0.42963895201683044,0.29000000000000004,-0.1513071060180664,-0.13970735669136047,-0.19034188985824585,-0.20552858710289001,-0.127232626080513,0.3862071931362152,0.1562516987323761,-0.2382809966802597,0.39465874433517456,-0.872169554233551,0.4489113986492157,0.9221556782722473,1.0363799333572388,0.6519284248352051,-0.32977724075317383,-1.4292974472045898,0.13537174463272095
1.6730951070785522,0.004428514279425144,0.684792160987854,-0.01806662231683731,-0.029161522164940834,0.023396870121359825,-0.9991374611854553,-0.1933455765247345,0.07415707409381866,-0.4336618483066559,0.29000000000000004,-0.1527479588985443,-0.14672154188156128,-0.19606895744800568,-0.20653779804706573,-0.12493988126516342,0.4017044007778168,0.15540538728237152,-0.24862578511238098,0.38051551580429077,-0.8387627601623535,0.44173091650009155,0.9520827531814575,0.9874700903892517,0.605315089225769,-0.3303954601287842,-1.436518669128418,0.10422001034021378
1.6740281581878662,0.0031639966182410717,0.6840016841888428,-0.018987730145454407,-0.02874956652522087,0.022697117179632187,-0.999148428440094,-0.1968972384929657,0.07147175818681717,-0.43762508034706116,0.29000000000000004,-0.15419679880142212,-0.1554405689239502,-0.20228999853134155,-0.20799002051353455,-0.12165389209985733,0.419811487197876,0.1546785831451416,-0.2605850398540497,0.36452940106391907,-0.8010919690132141,0.4307491183280945,0.9853063821792603,0.9247627854347229,0.552087664604187,-0.3248799443244934,-1.4395939111709595,0.06213643029332161
1.675075888633728,0.0018654502928256989,0.683071494102478,-0.019855480641126633,-0.02797231636941433,0.02220016159117222,-0.999164879322052,-0.2012377232313156,0.06806839257478714,-0.4407978057861328,0.29000000000000004,-0.15530751645565033,-0.1665762960910797,-0.2081337422132492,-0.20932184159755707,-0.11789502948522568,0.43908995389938354,0.15400058031082153,-0.27340322732925415,0.3469778299331665,-0.7594395875930786,0.4136977195739746,1.0200215578079224,0.8456115126609802,0.49074289202690125,-0.3112519681453705,-1.4356305599212646,0.009522859007120132
1.6762490272521973,0.0006256101187318563,0.6820352077484131,-0.02051963284611702,-0.026828886941075325,0.021785760298371315,-0.9991917610168457,-0.20650911331176758,0.06372793763875961,-0.4415852129459381,0.29000000000000004,-0.15607720613479614,-0.17984946072101593,-0.21276932954788208,-0.21031489968299866,-0.1144818440079689,0.45832398533821106,0.15308573842048645,-0.28665485978126526,0.3278888761997223,-0.7145311832427979,0.3899337649345398,1.0547709465026855,0.7526412606239319,0.421830415725708,-0.28876209259033203,-1.4232715368270874,-0.051214221864938736
1.6775453090667725,-0.00045884912833571434,0.6809467673301697,-0.021075794473290443,-0.02540387213230133,0.02129693515598774,-0.9992280602455139,-0.21220672130584717,0.058431655168533325,-0.43916669487953186,0.2968875765800476,-0.15582548081874847,-0.1939554661512375,-0.21577326953411102,-0.211343914270401,-0.11164095252752304,0.47644340991973877,0.1529495269060135,-0.2995181381702423,0.3075461983680725,-0.6673028469085693,0.36009231209754944,1.0883128643035889,0.6524375677108765,0.34869953989982605,-0.25805869698524475,-1.404194951057434,-0.11695888638496399
1.6789283752441406,-0.001310007181018591,0.6798645257949829,-0.021562617272138596,-0.023941323161125183,0.0205287616699934,-0.9992699027061462,-0.2179897427558899,0.05259023979306221,-0.43452316522598267,0.3214506506919861,-0.1546865552663803,-0.20765359699726105,-0.21736136078834534,-0.21262188255786896,-0.1098727211356163,0.4928364157676697,0.15332701802253723,-0.31159794330596924,0.28638485074043274,-0.6193416714668274,0.3254273533821106,1.1189560890197754,0.5515566468238831,0.27565106749534607,-0.22111405432224274,-1.3810220956802368,-0.14999999999999997
1.680349349975586,-0.0018891210202127695,0.6788429021835327,-0.021952979266643524,-0.022725213319063187,0.01939907670021057,-0.9993123412132263,-0.22403237223625183,0.04663917049765587,-0.4288637042045593,0.3447738289833069,-0.15292398631572723,-0.22007988393306732,-0.217988520860672,-0.21410463750362396,-0.1093522384762764,0.5069816708564758,0.15401284396648407,-0.3225816786289215,0.26511168479919434,-0.5728530883789062,0.28852328658103943,1.1454521417617798,0.45697328448295593,0.2066442221403122,-0.1815236210823059,-1.3556660413742065,-0.14999999999999997
1.6817601919174194,-0.002207085955888033,0.6779248118400574,-0.022230511531233788,-0.021968798711895943,0.01807066798210144,-0.9993481040000916,-0.23031385242938995,0.04100189730525017,-0.42288947105407715,0.3657979667186737,-0.15075597167015076,-0.23091468214988708,-0.21823784708976746,-0.21562030911445618,-0.10970939695835114,0.5185183882713318,0.15488478541374207,-0.33208897709846497,0.2446715384721756,-0.5301895141601562,0.2543865442276001,1.1679099798202515,0.3776029348373413,0.14515408873558044,-0.1443050354719162,-1.3297905921936035,-0.14999999999999997
1.683098554611206,-0.00230388343334198,0.6770685315132141,-0.02245057374238968,-0.021830962970852852,0.016867268830537796,-0.9993670582771301,-0.2372622936964035,0.03571827709674835,-0.4173455536365509,0.38488444685935974,-0.1484370231628418,-0.24060270190238953,-0.21955153346061707,-0.21712087094783783,-0.10959858447313309,0.5285484194755554,0.1560722291469574,-0.34026995301246643,0.22577621042728424,-0.4934771656990051,0.2295793890953064,1.187737226486206,0.32152435183525085,0.09393135458230972,-0.11533288657665253,-1.3056477308273315,-0.14999999999999997
1.6843290328979492,-0.0022318046540021896,0.6761731505393982,-0.022659918293356895,-0.022162651643157005,0.015781883150339127,-0.9993728995323181,-0.2451404333114624,0.030604833737015724,-0.4134489595890045,0.40328001976013184,-0.14638489484786987,-0.2499641478061676,-0.22254662215709686,-0.21873338520526886,-0.10853838175535202,0.5388060212135315,0.1575980931520462,-0.3481704294681549,0.2072732299566269,-0.46294838190078735,0.22012698650360107,1.2068874835968018,0.29151228070259094,0.053692903369665146,-0.10042580217123032,-1.2843022346496582,-0.14999999999999997
1.685483694076538,-0.0021204454824328423,0.6752999424934387,-0.02276277169585228,-0.022397629916667938,0.014208572916686535,-0.9993888735771179,-0.25210756063461304,0.026190083473920822,-0.4149129092693329,0.41955819725990295,-0.1450072079896927,-0.25874975323677063,-0.2271023839712143,-0.22056446969509125,-0.1072435975074768,0.5525438785552979,0.15950971841812134,-0.35495254397392273,0.18643081188201904,-0.4370562732219696,0.2301391214132309,1.2260798215866089,0.2865878939628601,0.022737115621566772,-0.10271557420492172,-1.2665624618530273,-0.14999999999999997
1.6866997480392456,-0.002211527666077018,0.674800455570221,-0.02232753485441208,-0.02177082560956478,0.010868767276406288,-0.9994544386863708,-0.254464328289032,0.024104783311486244,-0.42313992977142334,0.4287635087966919,-0.14573217928409576,-0.2645018398761749,-0.2360949069261551,-0.22265177965164185,-0.10709184408187866,0.5803369879722595,0.1578662246465683,-0.3580014109611511,0.16094626486301422,-0.4148698151111603,0.26019930839538574,1.2433125972747803,0.3033088743686676,-0.0005764411762356758,-0.12129869312047958,-1.2572410106658936,-0.14999999999999997
1.688072681427002,-0.002613305114209652,0.6748936772346497,-0.021251142024993896,-0.019880151376128197,0.0053615872748196125,-0.9995620846748352,-0.2512243092060089,0.024628490209579468,-0.4341434836387634,0.43031102418899536,-0.14612378180027008,-0.26618528366088867,-0.2518902122974396,-0.2255215048789978,-0.10774239152669907,0.6288871765136719,0.15229623019695282,-0.35566335916519165,0.13187097012996674,-0.396364688873291,0.3068249225616455,1.256678819656372,0.33773073554039,-0.01742955669760704,-0.1538616120815277,-1.2617723941802979,-0.14999999999999997
1.68964421749115,-0.0033393539488315582,0.6756695508956909,-0.019480884075164795,-0.016631215810775757,-0.0017499219393357635,-0.9996703267097473,-0.24088317155838013,0.028852932155132294,-0.44640621542930603,0.42201799154281616,-0.14746928215026855,-0.2631951868534088,-0.2744832932949066,-0.22827182710170746,-0.10150933265686035,0.696684718132019,0.16135431826114655,-0.3377654552459717,0.10237054526805878,-0.3813859224319458,0.3634180724620819,1.2663294076919556,0.38326403498649597,-0.02852696366608143,-0.19688372313976288,-1.282423734664917,-0.14999999999999997
1.6914405822753906,-0.00428579468280077,0.6769880056381226,-0.01730125956237316,-0.012165937572717667,-0.00912459846585989,-0.9997345209121704,-0.22391855716705322,0.036391887813806534,-0.456938773393631,0.4057686924934387,-0.14843548834323883,-0.2568221688270569,-0.30141502618789673,-0.23025880753993988,-0.08822578936815262,0.773981511592865,0.1777302771806717,-0.30518287420272827,0.07609370350837708,-0.3698202073574066,0.42213764786720276,1.2737170457839966,0.4329196512699127,-0.03457446023821831,-0.24621263146400452,-1.3149644136428833,-0.14999999999999997
1.6934036016464233,-0.005379919428378344,0.6782840490341187,-0.015575062483549118,-0.006956185679882765,-0.01591532863676548,-0.999727725982666,-0.20309124886989594,0.044633347541093826,-0.46509426832199097,0.38623344898223877,-0.1502639204263687,-0.24972444772720337,-0.33166375756263733,-0.23189334571361542,-0.06758829206228256,0.8553500771522522,0.18132387101650238,-0.2613447904586792,0.05431627854704857,-0.360137403011322,0.47948455810546875,1.2777817249298096,0.4860643744468689,-0.036604758352041245,-0.299134761095047,-1.3495700359344482,-0.13279658555984497
1.6953577995300293,-0.006849728524684906,0.6791651844978333,-0.01517621148377657,-0.0018909549107775092,-0.021552203223109245,-0.9996507167816162,-0.18209944665431976,0.05117154121398926,-0.4703448712825775,0.36716532707214355,-0.15192106366157532,-0.2433599978685379,-0.3651506006717682,-0.22879792749881744,-0.03363931551575661,0.9308672547340393,0.17798207700252533,-0.2373250424861908,0.03636579215526581,-0.34906312823295593,0.5328092575073242,1.2761119604110718,0.5381135940551758,-0.03590027242898941,-0.35235849022865295,-1.3744901418685913,-0.092874675989151
1.697214961051941,-0.00879218615591526,0.6797196865081787,-0.016471754759550095,0.002353471703827381,-0.02692500501871109,-0.9994989037513733,-0.16153103113174438,0.05559080094099045,-0.4741464853286743,0.34492677450180054,-0.1534956842660904,-0.23507986962795258,-0.3997146189212799,-0.2206723392009735,0.008658293634653091,0.9835090637207031,0.16943839192390442,-0.26758819818496704,0.018439922481775284,-0.3333558142185211,0.5784417986869812,1.266495704650879,0.5798498392105103,-0.03089761920273304,-0.3987917900085449,-1.38297700881958,-0.06043246388435364
1.698974609375,-0.011017906479537487,0.6796901822090149,-0.019373131915926933,0.005829277914017439,-0.03287535905838013,-0.9992546439170837,-0.1443384438753128,0.05622284486889839,-0.4796771705150604,0.3251565098762512,-0.15531742572784424,-0.22741197049617767,-0.4279510974884033,-0.2111901342868805,0.04745063930749893,0.9943639636039734,0.15450038015842438,-0.3025214970111847,-0.0013200361281633377,-0.3124006688594818,0.613990306854248,1.247565507888794,0.6082718372344971,-0.021446285769343376,-0.433514267206192,-1.3754903078079224,-0.038756586611270905
1.7006745338439941,-0.013461153954267502,0.6788097023963928,-0.023656364530324936,0.008807905949652195,-0.03896334394812584,-0.9989217519760132,-0.13291440904140472,0.051963984966278076,-0.4877052307128906,0.3152689039707184,-0.15765124559402466,-0.22458697855472565,-0.4460945725440979,-0.20297014713287354,0.07620776444673538,0.9703842997550964,0.13391374051570892,-0.3194359242916107,-0.01968259923160076,-0.2896607220172882,0.6365174055099487,1.2220815420150757,0.6216733455657959,-0.009646395221352577,-0.4561219811439514,-1.3580875396728516,-0.025906240567564964
1.7023168802261353,-0.016233736649155617,0.6770447492599487,-0.02914801426231861,0.011193670332431793,-0.04422074183821678,-0.9985336661338806,-0.12754309177398682,0.04322442412376404,-0.4968758225440979,0.3167766332626343,-0.16098065674304962,-0.22790426015853882,-0.45277702808380127,-0.19721545279026031,0.09255728870630264,0.9260026216506958,0.11375199258327484,-0.3286503553390503,-0.03189031779766083,-0.2700800895690918,0.6475766897201538,1.1965878009796143,0.6238566040992737,0.002623077481985092,-0.4670269787311554,-1.335645318031311,-0.01982893981039524
1.7038094997406006,-0.019346721470355988,0.6744473576545715,-0.03625014051795006,0.012451337650418282,-0.047585442662239075,-0.9981314539909363,-0.12755414843559265,0.029842035844922066,-0.5041101574897766,0.3267638087272644,-0.16442148387432098,-0.23581849038600922,-0.45073580741882324,-0.1959546059370041,0.1004696935415268,0.8706311583518982,0.1012648418545723,-0.33675190806388855,-0.035727303475141525,-0.25581032037734985,0.6541529297828674,1.1796258687973022,0.6285785436630249,0.012660878710448742,-0.46782776713371277,-1.3073437213897705,-0.016866669058799744
1.705032467842102,-0.022904153913259506,0.6710211038589478,-0.04511413350701332,0.011926728300750256,-0.04821879044175148,-0.9977460503578186,-0.1330331712961197,0.012347332201898098,-0.5074254274368286,0.3426760733127594,-0.1683882474899292,-0.24706707894802094,-0.4460207223892212,-0.19975517690181732,0.1074700579047203,0.8102865815162659,0.09659072011709213,-0.339701771736145,-0.03203968703746796,-0.2458755522966385,0.6621707081794739,1.1766533851623535,0.6428781151771545,0.017024898901581764,-0.4583546817302704,-1.2708375453948975,-0.0174723993986845
1.7060736417770386,-0.02708592265844345,0.6670883893966675,-0.05466684699058533,0.010097973980009556,-0.04664801433682442,-0.9973632097244263,-0.14328178763389587,-0.006466961000114679,-0.5078380107879639,0.364217072725296,-0.17247796058654785,-0.2609468102455139,-0.4429924190044403,-0.2073613852262497,0.11754567176103592,0.7629477381706238,0.10835039615631104,-0.33293238282203674,-0.024570466950535774,-0.23567380011081696,0.6693503856658936,1.1878571510314941,0.652859091758728,0.01475299522280693,-0.4390408992767334,-1.2252860069274902,-0.02042570151388645
1.707571268081665,-0.03170815110206604,0.6659703850746155,-0.05857858806848526,0.010385173372924328,-0.04723703861236572,-0.9971104264259338,-0.1530579775571823,-0.008676555939018726,-0.5017750859260559,0.38404059410095215,-0.17350254952907562,-0.2766376733779907,-0.4524124264717102,-0.20771238207817078,0.12164968997240067,0.786639928817749,0.10169070214033127,-0.34811529517173767,-0.02363055758178234,-0.21840552985668182,0.6714962124824524,1.2054474353790283,0.6398642659187317,0.00911233201622963,-0.4044499695301056,-1.1723670959472656,-0.018614159896969795
1.7090606689453125,-0.03588750958442688,0.665591835975647,-0.05990566685795784,0.010952727869153023,-0.04945937544107437,-0.9969177842140198,-0.17203405499458313,-0.006376647390425205,-0.49058571457862854,0.42164623737335205,-0.1765899658203125,-0.3116389811038971,-0.4516097605228424,-0.2060611993074417,0.11432039737701416,0.7968582510948181,0.09532675892114639,-0.3570152819156647,-0.028114857152104378,-0.20090587437152863,0.6615199446678162,1.2274953126907349,0.6061257719993591,-0.006243119947612286,-0.3640896677970886,-1.1184238195419312,-0.019781898707151413
1.7104448080062866,-0.0392426960170269,0.6656668782234192,-0.06014777347445488,0.011506450362503529,-0.0527484193444252,-0.9967283010482788,-0.1934896856546402,-0.0022030239924788475,-0.4732825458049774,0.4622344970703125,-0.183973029255867,-0.34075093269348145,-0.4460516571998596,-0.20484699308872223,0.10202964395284653,0.7998523116111755,0.08880725502967834,-0.36283236742019653,-0.03694164380431175,-0.18670609593391418,0.6392893195152283,1.2498128414154053,0.5633410811424255,-0.031548697501420975,-0.32490167021751404,-1.067444086074829,-0.019790897145867348
1.711794376373291,-0.041693199425935745,0.665334939956665,-0.06043127924203873,0.0123321283608675,-0.056200262159109116,-0.9965125918388367,-0.20925410091876984,0.002377207623794675,-0.45125675201416016,0.4935201108455658,-0.18939393758773804,-0.36403951048851013,-0.44147753715515137,-0.20504848659038544,0.09151345491409302,0.8056008815765381,0.084347665309906,-0.37015488743782043,-0.04812105372548103,-0.1758800894021988,0.6097292304039001,1.2694010734558105,0.5243895053863525,-0.06360914558172226,-0.28967681527137756,-1.0252912044525146,-0.021618317812681198
1.7131295204162598,-0.04322998970746994,0.6639347672462463,-0.061097461730241776,0.013500501401722431,-0.06027050316333771,-0.9962189793586731,-0.21951338648796082,0.005103524774312973,-0.43255695700645447,0.5174976587295532,-0.1861342340707779,-0.38522931933403015,-0.4410244822502136,-0.20753824710845947,0.08421691507101059,0.8206064701080322,0.08251891285181046,-0.3824611008167267,-0.06388818472623825,-0.1621827930212021,0.5720919966697693,1.2919336557388306,0.47921502590179443,-0.10185685753822327,-0.25674423575401306,-0.9923176765441895,-0.03341928869485855
1.71451735496521,-0.044066429138183594,0.6614914536476135,-0.06132877618074417,0.01505739800632,-0.06464584916830063,-0.9959080219268799,-0.22649720311164856,0.007144190836697817,-0.41949403285980225,0.5382234454154968,-0.1760517656803131,-0.4011063873767853,-0.44320017099380493,-0.2101915329694748,0.07867136597633362,0.8429359197616577,0.08225485682487488,-0.3988795280456543,-0.08402612805366516,-0.14202451705932617,0.5257766246795654,1.3206671476364136,0.41526082158088684,-0.14331868290901184,-0.22197937965393066,-0.9688920974731445,-0.0628708004951477
1.715936541557312,-0.04440426453948021,0.6582555174827576,-0.060388967394828796,0.016824202612042427,-0.06824076175689697,-0.9956973791122437,-0.2314416766166687,0.009872947819530964,-0.40832769870758057,0.5563088655471802,-0.1658114194869995,-0.4063684940338135,-0.44694754481315613,-0.2103365659713745,0.07490101456642151,0.8688889741897583,0.082613505423069,-0.4169834852218628,-0.10550419241189957,-0.11870638281106949,0.4743630886077881,1.352827548980713,0.33718645572662354,-0.18421469628810883,-0.18437886238098145,-0.9547021389007568,-0.10860465466976166
1.7174038887023926,-0.04431693255901337,0.6545571684837341,-0.058136969804763794,0.019006703048944473,-0.07049108296632767,-0.9956353306770325,-0.23400874435901642,0.013110199011862278,-0.3964988589286804,0.5711022615432739,-0.15949895977973938,-0.39935678243637085,-0.4503381550312042,-0.20721295475959778,0.07257437705993652,0.8953779935836792,0.08309697359800339,-0.435042142868042,-0.1270039975643158,-0.09483684599399567,0.42287513613700867,1.3859913349151611,0.2582298517227173,-0.22181956470012665,-0.14602264761924744,-0.9448398351669312,-0.14999999999999997
1.719081997871399,-0.04382672160863876,0.651269793510437,-0.05569596216082573,0.021851997822523117,-0.07043066620826721,-0.9957207441329956,-0.23707304894924164,0.014488483779132366,-0.3931504487991333,0.5916186571121216,-0.15566590428352356,-0.3732157051563263,-0.45048314332962036,-0.20244944095611572,0.07310627400875092,0.9170754551887512,0.08411482721567154,-0.4504465162754059,-0.14731106162071228,-0.07001323252916336,0.3743821680545807,1.421891212463379,0.19013912975788116,-0.2556137144565582,-0.11071193963289261,-0.9320858716964722,-0.14999999999999997
1.7208411693572998,-0.04306068271398544,0.648637592792511,-0.05348764359951019,0.02457984909415245,-0.0684107095003128,-0.9959189891815186,-0.23897527158260345,0.01540444791316986,-0.3947485387325287,0.6164752244949341,-0.15883170068264008,-0.3764645755290985,-0.44935986399650574,-0.19690828025341034,0.07674168795347214,0.9335255026817322,0.08528845757246017,-0.4623934030532837,-0.16723395884037018,-0.04539450258016586,0.331544429063797,1.4605213403701782,0.1353013515472412,-0.2860791087150574,-0.08203557878732681,-0.9138175249099731,-0.14999999999999997
1.7224388122558594,-0.04218184947967529,0.6470083594322205,-0.05167590081691742,0.026035979390144348,-0.06542761623859406,-0.996178150177002,-0.23990792036056519,0.016611408442258835,-0.3954381048679352,0.6362801194190979,-0.16728706657886505,-0.3920476734638214,-0.4487511217594147,-0.19147469103336334,0.08214182406663895,0.9427711367607117,0.08660854399204254,-0.46946942806243896,-0.18740013241767883,-0.023819398134946823,0.2940960228443146,1.498400330543518,0.08682672679424286,-0.3123725354671478,-0.06288935244083405,-0.8953640460968018,-0.14999999999999997
1.723724603652954,-0.041273560374975204,0.6461328268051147,-0.04985598847270012,0.025774803012609482,-0.06333442032337189,-0.9964128732681274,-0.24270781874656677,0.01809048466384411,-0.39628252387046814,0.6488806009292603,-0.17252543568611145,-0.40219026803970337,-0.4495415985584259,-0.18684367835521698,0.08574525266885757,0.9463333487510681,0.08776965737342834,-0.4728153347969055,-0.20983998477458954,-0.006096264347434044,0.268121600151062,1.5302977561950684,0.0467546172440052,-0.33611249923706055,-0.0558907613158226,-0.8838733434677124,-0.14999999999999997
1.7247949838638306,-0.04027656465768814,0.6458896994590759,-0.04851783439517021,0.02453693374991417,-0.063026063144207,-0.996529757976532,-0.24612493813037872,0.018345694988965988,-0.3984673023223877,0.6548445820808411,-0.17495927214622498,-0.40713751316070557,-0.4499939978122711,-0.18501706421375275,0.08631183952093124,0.9457646608352661,0.08926086127758026,-0.47408562898635864,-0.23510967195034027,0.011133799329400063,0.259972482919693,1.5543196201324463,0.024207651615142822,-0.36040619015693665,-0.061922572553157806,-0.8793721795082092,-0.14999999999999997
1.7258059978485107,-0.039099663496017456,0.6461194157600403,-0.04812218248844147,0.023138901218771935,-0.06372904032468796,-0.9965376853942871,-0.24785582721233368,0.016822103410959244,-0.39941468834877014,0.655246376991272,-0.1737045794725418,-0.4081761837005615,-0.4493401050567627,-0.18638111650943756,0.08596975356340408,0.9428777098655701,0.09159450232982635,-0.4744519889354706,-0.2600155770778656,0.030251938849687576,0.2685658037662506,1.5715521574020386,0.019011085852980614,-0.3865763247013092,-0.07878844439983368,-0.8783853054046631,-0.14999999999999997
1.7267568111419678,-0.03779882937669754,0.6464884877204895,-0.048429276794195175,0.021734725683927536,-0.06443013995885849,-0.996509313583374,-0.24894195795059204,0.01399941835552454,-0.39794817566871643,0.6542718410491943,-0.16840799152851105,-0.40803998708724976,-0.4490225911140442,-0.18935145437717438,0.0867948904633522,0.9399273991584778,0.09445071220397949,-0.4747609794139862,-0.28121307492256165,0.051192644983530045,0.2886323630809784,1.5843238830566406,0.023382991552352905,-0.41457539796829224,-0.10279634594917297,-0.8790463805198669,-0.14999999999999997
1.7276418209075928,-0.03650209680199623,0.6466694474220276,-0.04901287332177162,0.020585210993885994,-0.06500626355409622,-0.9964678287506104,-0.2504195272922516,0.010416927747428417,-0.3956240713596344,0.6554209589958191,-0.16122600436210632,-0.40891140699386597,-0.4493393003940582,-0.19267576932907104,0.08874452859163284,0.9387548565864563,0.09772797673940659,-0.47569969296455383,-0.2986770570278168,0.07487188279628754,0.31698670983314514,1.5952705144882202,0.035097409039735794,-0.44348397850990295,-0.13115884363651276,-0.8805955648422241,-0.14999999999999997
1.7284858226776123,-0.03531152009963989,0.6464514136314392,-0.04974149167537689,0.02001377008855343,-0.0656232163310051,-0.9964028596878052,-0.2521388828754425,0.006171201355755329,-0.39414331316947937,0.6599342226982117,-0.1550302654504776,-0.4117218852043152,-0.45001232624053955,-0.19612130522727966,0.09117893129587173,0.9408480525016785,0.10100502520799637,-0.47854214906692505,-0.3135315179824829,0.10211687535047531,0.3534269332885742,1.6053497791290283,0.05778249725699425,-0.4721379280090332,-0.16256794333457947,-0.8831422328948975,-0.14999999999999997
1.7292721271514893,-0.034308433532714844,0.6458101272583008,-0.050621096044778824,0.020070800557732582,-0.0662139505147934,-0.9963183403015137,-0.25357022881507874,0.0014641981106251478,-0.3940739631652832,0.6670061349868774,-0.1519329845905304,-0.41620081663131714,-0.4511003792285919,-0.19952434301376343,0.09412816166877747,0.9464020133018494,0.10407711565494537,-0.48326683044433594,-0.32605352997779846,0.132426455616951,0.39808276295661926,1.6131846904754639,0.09421896189451218,-0.49983519315719604,-0.19616667926311493,-0.8875187635421753,-0.14999999999999997
1.7299295663833618,-0.03354855999350548,0.6448501944541931,-0.051577091217041016,0.020556164905428886,-0.06656557321548462,-0.9962359070777893,-0.2546018064022064,-0.003227921901270747,-0.39521855115890503,0.6753067374229431,-0.15261681377887726,-0.42159974575042725,-0.45292946696281433,-0.20245517790317535,0.09778907895088196,0.9545427560806274,0.10672581940889359,-0.48912063241004944,-0.3358258903026581,0.1639946699142456,0.44960349798202515,1.6161967515945435,0.14346687495708466,-0.5268003344535828,-0.23111887276172638,-0.8938209414482117,-0.13455605506896973
1.7304096221923828,-0.03304532170295715,0.6436663269996643,-0.05250927060842514,0.021291017532348633,-0.06641990691423416,-0.9961815476417542,-0.25533929467201233,-0.007473323959857225,-0.3969932794570923,0.6841715574264526,-0.15673737227916718,-0.4275350272655487,-0.45578378438949585,-0.20444466173648834,0.1024651825428009,0.9644556641578674,0.10881708562374115,-0.49549081921577454,-0.34228864312171936,0.194785937666893,0.5049445033073425,1.6123615503311157,0.20195399224758148,-0.5534390211105347,-0.2667394280433655,-0.9008345007896423,-0.08284877985715866
1.730743169784546,-0.03276702016592026,0.6422834992408752,-0.0534239187836647,0.02231423370540142,-0.065619096159935,-0.9961637258529663,-0.25544843077659607,-0.011199972592294216,-0.39890605211257935,0.6934198141098022,-0.16397103667259216,-0.43405550718307495,-0.4594714045524597,-0.205388143658638,0.1084534078836441,0.9758563041687012,0.11050647497177124,-0.5020602941513062,-0.34547504782676697,0.22400176525115967,0.5599704384803772,1.6014755964279175,0.26576587557792664,-0.5794191360473633,-0.30214810371398926,-0.9065379500389099,-0.028968557715415955
1.7309750318527222,-0.03265761584043503,0.6406728029251099,-0.05441424995660782,0.023646680638194084,-0.064156673848629,-0.9961745142936707,-0.2548440396785736,-0.014719565398991108,-0.40076184272766113,0.7032567858695984,-0.17397964000701904,-0.4413629472255707,-0.4640386402606964,-0.20550324022769928,0.11602862924337387,0.989047646522522,0.11198283731937408,-0.5091313719749451,-0.3461915850639343,0.25202271342277527,0.6103106141090393,1.5855172872543335,0.3311271369457245,-0.6041156053543091,-0.33593517541885376,-0.9091935753822327,0.025157276540994644
1.7311010360717773,-0.03267533332109451,0.6388162970542908,-0.05554134026169777,0.025092609226703644,-0.062175292521715164,-0.9962025880813599,-0.25418612360954285,-0.01841496117413044,-0.4027213156223297,0.7139860391616821,-0.18615281581878662,-0.44946739077568054,-0.4699938893318176,-0.20503857731819153,0.12520787119865417,1.0041792392730713,0.11327583342790604,-0.5168108940124512,-0.34553322196006775,0.27900514006614685,0.6519842147827148,1.5673770904541016,0.39340266585350037,-0.6267790198326111,-0.36618706583976746,-0.9085131883621216,0.07736751437187195
1.731102705001831,-0.03281644359230995,0.636764645576477,-0.056733302772045135,0.026434116065502167,-0.06001130864024162,-0.9962335228919983,-0.2543140947818756,-0.022358771413564682,-0.4051617980003357,0.7257383465766907,-0.19946037232875824,-0.45812660455703735,-0.4773864150047302,-0.20412449538707733,0.1352587193250656,1.020729422569275,0.11439687758684158,-0.5248458385467529,-0.3446621298789978,0.30446547269821167,0.6824768781661987,1.5493518114089966,0.44815483689308167,-0.6463621258735657,-0.3912792205810547,-0.9049723148345947,0.1258637011051178
1.7309473752975464,-0.03310554847121239,0.6345940232276917,-0.057829100638628006,0.027456095442175865,-0.05809555575251579,-0.9962562918663025,-0.25622883439064026,-0.026441389694809914,-0.4087064564228058,0.7387667298316956,-0.21243150532245636,-0.46706581115722656,-0.4860366880893707,-0.20281562209129333,0.14499148726463318,1.037887454032898,0.11523329466581345,-0.5328524708747864,-0.3444656729698181,0.3268555998802185,0.7007335424423218,1.5321353673934937,0.49112460017204285,-0.6614525318145752,-0.40985047817230225,-0.8987404704093933,0.1688515543937683
1.7306134700775146,-0.033630914986133575,0.6324549913406372,-0.0587189607322216,0.02800174243748188,-0.05675423517823219,-0.9962664842605591,-0.2615526616573334,-0.030191335827112198,-0.41135960817337036,0.75458824634552,-0.21803255379199982,-0.4762052893638611,-0.4954991042613983,-0.20118314027786255,0.15317462384700775,1.0544981956481934,0.11547685414552689,-0.5402634143829346,-0.34535783529281616,0.3443923592567444,0.7077711820602417,1.5158771276474,0.5207921266555786,-0.6707146763801575,-0.42065179347991943,-0.889277994632721,0.20481964945793152
1.7300541400909424,-0.03447096049785614,0.6304701566696167,-0.05940227210521698,0.02793046087026596,-0.0565541572868824,-0.9962392449378967,-0.2699708044528961,-0.033568959683179855,-0.4148541986942291,0.770950973033905,-0.21894122660160065,-0.48400282859802246,-0.5054229497909546,-0.19982238113880157,0.1583469659090042,1.0697609186172485,0.11483096331357956,-0.5468025207519531,-0.3483819365501404,0.3564801812171936,0.7061231732368469,1.5016080141067505,0.5386042594909668,-0.6741268038749695,-0.42235371470451355,-0.8761885166168213,0.23151329159736633
1.7292605638504028,-0.03553425520658493,0.6286745071411133,-0.059929680079221725,0.027319293469190598,-0.05748976767063141,-0.9961710572242737,-0.2792429029941559,-0.036946821957826614,-0.4221891462802887,0.7842872738838196,-0.22337672114372253,-0.4896698296070099,-0.5155905485153198,-0.19903318583965302,0.16070489585399628,1.0834828615188599,0.11354605108499527,-0.5523535013198853,-0.3535424768924713,0.363176554441452,0.6976092457771301,1.4905673265457153,0.5453260540962219,-0.6721228361129761,-0.41419100761413574,-0.8590685129165649,0.24611502885818481
1.7283220291137695,-0.03674999624490738,0.6271424293518066,-0.06046914681792259,0.026444196701049805,-0.05924273654818535,-0.9960594773292542,-0.28891950845718384,-0.04025968909263611,-0.4304147958755493,0.7953592538833618,-0.226849764585495,-0.49322929978370667,-0.5252360701560974,-0.19904889166355133,0.1609298288822174,1.0953830480575562,0.11186728626489639,-0.5569563508033752,-0.3603520393371582,0.36485809087753296,0.6817047595977783,1.484269618988037,0.5393781065940857,-0.6652017831802368,-0.39627522230148315,-0.8378704190254211,0.24717319011688232
1.727317214012146,-0.03800776228308678,0.6258613467216492,-0.06113618239760399,0.025500241667032242,-0.06154751777648926,-0.995903491973877,-0.29792994260787964,-0.043723851442337036,-0.4391583800315857,0.8037170767784119,-0.2303556650876999,-0.4949693977832794,-0.5340321063995361,-0.20003557205200195,0.15976782143115997,1.1056411266326904,0.11002182215452194,-0.5608032941818237,-0.368341326713562,0.36179119348526,0.6570534706115723,1.4839593172073364,0.5177749395370483,-0.6539076566696167,-0.369515597820282,-0.8135579228401184,0.2348165065050125
1.7263414859771729,-0.039232879877090454,0.6248365044593811,-0.06193643435835838,0.02473456971347332,-0.06399810314178467,-0.9957189559936523,-0.3053266704082489,-0.04707985743880272,-0.4473227262496948,0.8094273209571838,-0.23360209167003632,-0.49534836411476135,-0.5413835644721985,-0.20172272622585297,0.15793476998806,1.114222764968872,0.10824543982744217,-0.5639736652374268,-0.37660008668899536,0.35377082228660583,0.6242324709892273,1.4895298480987549,0.4816819429397583,-0.6385157108306885,-0.335662841796875,-0.7869410514831543,0.21071849763393402
1.7254619598388672,-0.04037066549062729,0.6240696907043457,-0.06276369839906693,0.024282734841108322,-0.06617315858602524,-0.9955360889434814,-0.31075426936149597,-0.049846477806568146,-0.45382392406463623,0.8130307197570801,-0.23583310842514038,-0.4948994815349579,-0.5469440817832947,-0.20355719327926636,0.15596497058868408,1.1209840774536133,0.10657673329114914,-0.5664074420928955,-0.38411977887153625,0.34026777744293213,0.5851472616195679,1.4999815225601196,0.4349832534790039,-0.6195381879806519,-0.296908974647522,-0.7585166692733765,0.1777420938014984
1.7247142791748047,-0.041376978158950806,0.6235187649726868,-0.06346385180950165,0.024137195199728012,-0.0677371546626091,-0.9953900575637817,-0.3144879937171936,-0.051627907902002335,-0.4580155313014984,0.8154819011688232,-0.23646073043346405,-0.494296133518219,-0.5508583188056946,-0.20486880838871002,0.15440039336681366,1.1260229349136353,0.10513314604759216,-0.568084716796875,-0.39010506868362427,0.3209158182144165,0.5416033864021301,1.514572024345398,0.38080573081970215,-0.5973004698753357,-0.25454628467559814,-0.7293190360069275,0.1364310383796692
1.7241215705871582,-0.04221055284142494,0.6231103539466858,-0.06391609460115433,0.024167727679014206,-0.0685124322772026,-0.9953071475028992,-0.31715378165245056,-0.05234202742576599,-0.4599322974681854,0.8177620768547058,-0.23564934730529785,-0.4940778911113739,-0.553692638874054,-0.20525945723056793,0.1535155326128006,1.1297023296356201,0.10367107391357422,-0.5690674185752869,-0.39415889978408813,0.29592451453208923,0.4945763647556305,1.5335124731063843,0.3199130594730377,-0.572169840335846,-0.2090815156698227,-0.7008395791053772,0.08507541567087173
1.7236779928207397,-0.0428522564470768,0.6227660775184631,-0.06405141204595566,0.024095552042126656,-0.06858841329813004,-0.9952951073646545,-0.31963443756103516,-0.05221397802233696,-0.46044492721557617,0.8204060196876526,-0.2343093901872635,-0.4945726692676544,-0.5563367009162903,-0.20458845794200897,0.1534428745508194,1.132480263710022,0.1022513285279274,-0.5695425271987915,-0.3964610993862152,0.2659238576889038,0.4441537857055664,1.5575376749038696,0.2507452666759491,-0.545012891292572,-0.16101156175136566,-0.6747257113456726,0.02186601608991623
1.723375916481018,-0.04330403730273247,0.6224430203437805,-0.06384687125682831,0.023657750338315964,-0.06818249076604843,-0.9953466057777405,-0.32270172238349915,-0.0515357106924057,-0.46049773693084717,0.8235781788825989,-0.2332286685705185,-0.49574071168899536,-0.5594964623451233,-0.20292486250400543,0.15409210324287415,1.1346451044082642,0.10098031908273697,-0.5696398019790649,-0.39752545952796936,0.23200467228889465,0.3905482590198517,1.5870033502578735,0.1724693477153778,-0.5170267224311829,-0.11136800050735474,-0.6525354981422424,-0.05317842960357666
1.7232131958007812,-0.043587975203990936,0.6221125721931458,-0.0632811114192009,0.022763831540942192,-0.06753973662853241,-0.9954474568367004,-0.3268405497074127,-0.050486255437135696,-0.4606921374797821,0.8275881409645081,-0.2323882281780243,-0.49761080741882324,-0.5633184909820557,-0.20042245090007782,0.15506917238235474,1.1363780498504639,0.09985910356044769,-0.5695223212242126,-0.3981741666793823,0.19614753127098083,0.33538177609443665,1.621336579322815,0.0881112813949585,-0.48959025740623474,-0.062149424105882645,-0.6352319121360779,-0.1363612562417984
1.723184585571289,-0.04376805201172829,0.6217373609542847,-0.062287669628858566,0.021542465314269066,-0.06691568344831467,-0.9955793619155884,-0.3322107791900635,-0.04903744161128998,-0.4614686667919159,0.8330243825912476,-0.23128022253513336,-0.5003731846809387,-0.5673404932022095,-0.19719865918159485,0.1555744856595993,1.1378310918807983,0.09875503927469254,-0.5694378018379211,-0.39962053298950195,0.161616250872612,0.2822456359863281,1.6300000000000001,0.00527776638045907,-0.46436798572540283,-0.03,-0.6233338713645935,-0.14999999999999997
1.7232877016067505,-0.04395737126469612,0.6213050484657288,-0.060691431164741516,0.020285792648792267,-0.06647154688835144,-0.9957340955734253,-0.33859705924987793,-0.04671130329370499,-0.46307483315467834,0.840432345867157,-0.22924599051475525,-0.5042920112609863,-0.5705344080924988,-0.19306950271129608,0.1545049399137497,1.1388658285140991,0.09737114608287811,-0.5694869160652161,-0.4031403660774231,0.13338394463062286,0.23676669597625732,1.6300000000000001,-0.06498520076274872,-0.44408392906188965,-0.03,-0.6184898018836975,-0.14999999999999997
1.723508596420288,-0.044253092259168625,0.620888352394104,-0.05839661508798599,0.01927843876183033,-0.06619194149971008,-0.9959099292755127,-0.34518828988075256,-0.042918529361486435,-0.4653703272342682,0.8492375016212463,-0.22616896033287048,-0.5091416239738464,-0.5718322396278381,-0.18787863850593567,0.15110185742378235,1.138889193534851,0.09537340700626373,-0.5694411993026733,-0.4090138077735901,0.11577452719211578,0.20500992238521576,1.6300000000000001,-0.11356779932975769,-0.4316473603248596,-0.03,-0.623168408870697,-0.14999999999999997
1.7237694263458252,-0.04466972500085831,0.620453953742981,-0.05553654581308365,0.018514180555939674,-0.06591396033763885,-0.9961064457893372,-0.35193055868148804,-0.037829626351594925,-0.4681521952152252,0.8592352867126465,-0.2225245088338852,-0.5147834420204163,-0.5718256831169128,-0.18164673447608948,0.14602850377559662,1.1382821798324585,0.09271898120641708,-0.5692506432533264,-0.416136771440506,0.10879950225353241,0.19174006581306458,1.6300000000000001,-0.1388687789440155,-0.4290009140968323,-0.03,-0.637036919593811,-0.14999999999999997
1.7240432500839233,-0.045185793191194534,0.6198191046714783,-0.05284629017114639,0.01768479123711586,-0.06533528864383698,-0.9963060617446899,-0.35907110571861267,-0.03292437270283699,-0.4705991744995117,0.8702021241188049,-0.2190389335155487,-0.5211212038993835,-0.5730664730072021,-0.17514605820178986,0.1420835554599762,1.139243483543396,0.08997572213411331,-0.5697143077850342,-0.4211086332798004,0.10940247029066086,0.20002900063991547,1.6300000000000001,-0.14154306054115295,-0.4346167743206024,-0.03,-0.6597895622253418,-0.14999999999999997
1.7243506908416748,-0.04569138213992119,0.6189084053039551,-0.051056068390607834,0.016796598210930824,-0.06462125480175018,-0.9964612722396851,-0.3661319613456726,-0.029870852828025818,-0.47203269600868225,0.8815768361091614,-0.2154097706079483,-0.52772057056427,-0.5764225125312805,-0.16995498538017273,0.14076410233974457,1.1431649923324585,0.08781646937131882,-0.5716640949249268,-0.42232218384742737,0.11577215790748596,0.22969847917556763,1.6300000000000001,-0.1217760518193245,-0.44851329922676086,-0.03,-0.6892305016517639,-0.14999999999999997
1.724721908569336,-0.04608815163373947,0.6177555918693542,-0.05046245828270912,0.01613502949476242,-0.06413793563842773,-0.9965336322784424,-0.3726254105567932,-0.02933434583246708,-0.4715670645236969,0.8934217691421509,-0.20937171578407288,-0.5343179702758789,-0.5810123682022095,-0.1671733409166336,0.14196471869945526,1.1501408815383911,0.08684613555669785,-0.5755084753036499,-0.41997793316841125,0.127632737159729,0.27709364891052246,1.6300000000000001,-0.08076415956020355,-0.4706156849861145,-0.03,-0.721002995967865,-0.14999999999999997
1.7251479625701904,-0.04634392634034157,0.6163924336433411,-0.051072120666503906,0.015870073810219765,-0.06375374644994736,-0.99653160572052,-0.378140389919281,-0.031063979491591454,-0.4683838188648224,0.9056984782218933,-0.20016922056674957,-0.5409184694290161,-0.5863668322563171,-0.16672687232494354,0.14585399627685547,1.159910798072815,0.0871550589799881,-0.5810974836349487,-0.413522332906723,0.14421752095222473,0.33625832200050354,1.6300000000000001,-0.02231297269463539,-0.49925532937049866,-0.08443009108304977,-0.7521489262580872,-0.14999999999999997
1.7255462408065796,-0.04646703600883484,0.61484295129776,-0.05279410257935524,0.015830665826797485,-0.06315851956605911,-0.9964803457260132,-0.383201539516449,-0.03508310765028,-0.4632321000099182,0.9187859296798706,-0.18999069929122925,-0.5466240644454956,-0.5931114554405212,-0.16803757846355438,0.15290433168411255,1.1721405982971191,0.08848340064287186,-0.5878741145133972,-0.40267983078956604,0.16447655856609344,0.39975860714912415,1.6300000000000001,0.046219248324632645,-0.5312243103981018,-0.14470462501049042,-0.7817957401275635,-0.14999999999999997
1.7259000539779663,-0.046518679708242416,0.6131864190101624,-0.055444005876779556,0.01608859933912754,-0.06216707080602646,-0.9963945746421814,-0.3888491988182068,-0.041747674345970154,-0.4578211307525635,0.9351760149002075,-0.18151767551898956,-0.5488442778587341,-0.6007341742515564,-0.17051298916339874,0.16277824342250824,1.1860499382019043,0.09051520377397537,-0.5900000000000001,-0.38924455642700195,0.1893661469221115,0.4610656797885895,1.6300000000000001,0.1192842423915863,-0.5634543895721436,-0.2010740339756012,-0.8074354529380798,-0.1235882043838501
1.726267695426941,-0.046584293246269226,0.6115216016769409,-0.05878017842769623,0.016930652782320976,-0.06064250320196152,-0.9962833523750305,-0.39515697956085205,-0.05089057236909866,-0.45325127243995667,0.9565458297729492,-0.1756037175655365,-0.54583340883255,-0.6078594923019409,-0.1736907958984375,0.1744319349527359,1.2007077932357788,0.09252883493900299,-0.5900000000000001,-0.3757267892360687,0.22013114392757416,0.5156858563423157,1.6300000000000001,0.19344906508922577,-0.5946165919303894,-0.24849988520145416,-0.8261206746101379,-0.06681101769208908
1.7266916036605835,-0.04673045128583908,0.6098974943161011,-0.06250958144664764,0.018474943935871124,-0.05849286541342735,-0.9961575269699097,-0.4010999798774719,-0.06,-0.4494991600513458,0.9813840389251709,-0.17259091138839722,-0.5382428765296936,-0.6137728095054626,-0.177019402384758,0.18694856762886047,1.2155988216400146,0.09382835775613785,-0.5900000000000001,-0.36394909024238586,0.2567560374736786,0.561238706111908,1.6300000000000001,0.2657283842563629,-0.6245453357696533,-0.2854042947292328,-0.8370457291603088,-0.009129517711699009
1.7271007299423218,-0.04700913280248642,0.6082351803779602,-0.06623600423336029,0.020420027896761894,-0.0559375025331974,-0.9960254430770874,-0.4052109122276306,-0.06,-0.44501161575317383,1.0050493478775024,-0.17093807458877563,-0.5357915759086609,-0.6190174221992493,-0.17991748452186584,0.19932101666927338,1.2306195497512817,0.09410644322633743,-0.5900000000000001,-0.3552398085594177,0.29757773876190186,0.5974037647247314,1.6300000000000001,0.333220511674881,-0.6530565619468689,-0.31238996982574463,-0.8424414992332458,0.048317816108465195
1.7273796796798706,-0.0474306158721447,0.6064544320106506,-0.06961657106876373,0.022273359820246696,-0.05360252037644386,-0.995883584022522,-0.4083295166492462,-0.06,-0.44111549854278564,1.0250829458236694,-0.17047637701034546,-0.533833384513855,-0.6246541738510132,-0.18223652243614197,0.21045081317424774,1.2458847761154175,0.0935010015964508,-0.5900000000000001,-0.35074588656425476,0.33988285064697266,0.6249796748161316,1.6300000000000001,0.39376476407051086,-0.6794218420982361,-0.331318199634552,-0.8460290431976318,0.10463382303714752
1.7274905443191528,-0.047994714230298996,0.6046141982078552,-0.07248666137456894,0.023780515417456627,-0.05169334262609482,-0.9957448840141296,-0.4119769334793091,-0.06,-0.4391273558139801,1.0435398817062378,-0.17153817415237427,-0.5328406095504761,-0.6309224963188171,-0.18387319147586823,0.2197931408882141,1.2608318328857422,0.09207950532436371,-0.5900000000000001,-0.35011327266693115,0.3807480037212372,0.645176351070404,1.6300000000000001,0.44693732261657715,-0.7023555636405945,-0.34388267993927,-0.8497711420059204,0.15810903906822205
1.727420687675476,-0.04870874062180519,0.6028117537498474,-0.07478591799736023,0.024767104536294937,-0.05020354688167572,-0.9956269860267639,-0.41707515716552734,-0.06,-0.43897026777267456,1.061044454574585,-0.17335113883018494,-0.5319060683250427,-0.6379330158233643,-0.18467922508716583,0.2272685319185257,1.2748178243637085,0.08996549248695374,-0.5900000000000001,-0.3524813652038574,0.41728731989860535,0.6585281491279602,1.6300000000000001,0.49159306287765503,-0.7210932970046997,-0.3508325219154358,-0.8530359864234924,0.20626872777938843
1.7271722555160522,-0.049573130905628204,0.6011607050895691,-0.07654828578233719,0.02515880949795246,-0.04912886768579483,-0.9955369234085083,-0.4236025810241699,-0.06,-0.4402562081813812,1.0771867036819458,-0.17506814002990723,-0.5305502414703369,-0.6454945206642151,-0.18462905287742615,0.23305368423461914,1.287174940109253,0.08769096434116364,-0.5900000000000001,-0.35726478695869446,0.44780442118644714,0.6652550101280212,1.6300000000000001,0.526680052280426,-0.7352166175842285,-0.3528231084346771,-0.8536403775215149,0.24734622240066528
1.7267764806747437,-0.050599247217178345,0.5997745990753174,-0.07787053287029266,0.024991480633616447,-0.048448991030454636,-0.9954717755317688,-0.43173855543136597,-0.06,-0.441471129655838,1.0919965505599976,-0.1796523481607437,-0.5271741151809692,-0.6530481576919556,-0.18366581201553345,0.23760239779949188,1.2972147464752197,0.0863315537571907,-0.5900000000000001,-0.3640754520893097,0.4716978073120117,0.6652641892433167,1.6300000000000001,0.5509942173957825,-0.7442927360534668,-0.35043492913246155,-0.8497726321220398,0.28006306290626526
1.7262804508209229,-0.051779117435216904,0.5986918210983276,-0.07884780317544937,0.024372128769755363,-0.04815804585814476,-0.9954243898391724,-0.4410415291786194,-0.06,-0.4424467086791992,1.1054719686508179,-0.18421784043312073,-0.5218762755393982,-0.6600410342216492,-0.18176935613155365,0.24140150845050812,1.3047020435333252,0.08692306280136108,-0.5900000000000001,-0.37263229489326477,0.48910316824913025,0.6586303114891052,1.6300000000000001,0.5633544325828552,-0.7482655644416809,-0.3438204228878021,-0.8412392139434814,0.3033754825592041
1.7257256507873535,-0.05312614515423775,0.5978570580482483,-0.07948964089155197,0.02337990701198578,-0.04822232574224472,-0.9953939914703369,-0.4511887729167938,-0.06,-0.4434860646724701,1.1175127029418945,-0.18754024803638458,-0.515626847743988,-0.6663077473640442,-0.17879299819469452,0.24468956887722015,1.309938907623291,0.0898820161819458,-0.5900000000000001,-0.38249480724334717,0.5003493428230286,0.6460279226303101,1.61923086643219,0.5626322627067566,-0.7473375201225281,-0.3324366807937622,-0.8289068937301636,0.31588613986968994
1.7251710891723633,-0.05458538234233856,0.5972328186035156,-0.07983548939228058,0.022138381376862526,-0.04858209937810898,-0.995377242565155,-0.461909681558609,-0.06,-0.4449414610862732,1.1286150217056274,-0.18985781073570251,-0.508433997631073,-0.6724469065666199,-0.17594105005264282,0.2459626942873001,1.3141818046569824,0.09102757275104523,-0.5900000000000001,-0.39298537373542786,0.505222737789154,0.6274852156639099,1.6060919761657715,0.5463592410087585,-0.7411060333251953,-0.31528031826019287,-0.8133850693702698,0.3147455155849457
1.7246568202972412,-0.055991172790527344,0.5967267751693726,-0.08002877980470657,0.02063162997364998,-0.04856298118829727,-0.9953950643539429,-0.472738653421402,-0.06,-0.44584789872169495,1.1389797925949097,-0.19219617545604706,-0.5010409951210022,-0.6796202659606934,-0.1744396984577179,0.24426357448101044,1.3178613185882568,0.085689976811409,-0.5900000000000001,-0.40219420194625854,0.5028883814811707,0.6030076742172241,1.5991694927215576,0.5135085582733154,-0.7289264798164368,-0.2917560040950775,-0.7949955463409424,0.2976105213165283
1.724233627319336,-0.057452328503131866,0.5962671637535095,-0.08000676333904266,0.01903904788196087,-0.04815516248345375,-0.9954482913017273,-0.48276886343955994,-0.06,-0.4470219910144806,1.1481839418411255,-0.19571354985237122,-0.49437689781188965,-0.6864511370658875,-0.17123141884803772,0.24387724697589874,1.321179986000061,0.08242963254451752,-0.5900000000000001,-0.40988320112228394,0.49305254220962524,0.5741246938705444,1.5980000495910645,0.46806642413139343,-0.7107177972793579,-0.2626688480377197,-0.7735173106193542,0.2672824561595917
1.723981499671936,-0.05883243307471275,0.5957793593406677,-0.07993222028017044,0.017546139657497406,-0.047524742782115936,-0.9955120086669922,-0.49109652638435364,-0.06,-0.4485911428928375,1.1559109687805176,-0.20030660927295685,-0.48938313126564026,-0.6927812099456787,-0.1681269258260727,0.24318456649780273,1.324486255645752,0.07842611521482468,-0.5900000000000001,-0.41620776057243347,0.4756287932395935,0.5414566993713379,1.6016207933425903,0.41423189640045166,-0.687452495098114,-0.2300349622964859,-0.7493576407432556,0.22790344059467316
1.723933458328247,-0.06009499728679657,0.5952378511428833,-0.0798240453004837,0.01614605262875557,-0.046724751591682434,-0.9955823421478271,-0.49758559465408325,-0.06,-0.45073556900024414,1.1619795560836792,-0.2056029736995697,-0.48657625913619995,-0.6985328793525696,-0.1647781878709793,0.24302737414836884,1.3280268907546997,0.07512424141168594,-0.5900000000000001,-0.42101117968559265,0.45069262385368347,0.5049616694450378,1.6095198392868042,0.3533300757408142,-0.6600313782691956,-0.19502660632133484,-0.7242530584335327,0.18055996298789978
1.7240841388702393,-0.06116512417793274,0.5945867896080017,-0.07973376661539078,0.014676094986498356,-0.045796193182468414,-0.9956554174423218,-0.5030816793441772,-0.06,-0.45357459783554077,1.1674985885620117,-0.21181845664978027,-0.48556751012802124,-0.7043891549110413,-0.1614999771118164,0.24347762763500214,1.332108736038208,0.07206153869628906,-0.5900000000000001,-0.4240621328353882,0.41821378469467163,0.46301472187042236,1.6212841272354126,0.282463937997818,-0.6289379596710205,-0.1577286422252655,-0.699927568435669,0.12230601161718369
1.7244335412979126,-0.062007661908864975,0.5937708616256714,-0.07966502010822296,0.013033706694841385,-0.04477967694401741,-0.9957300424575806,-0.508440375328064,-0.06,-0.4571723937988281,1.1737816333770752,-0.21906021237373352,-0.4858635663986206,-0.7107436656951904,-0.1581161767244339,0.24501200020313263,1.3370938301086426,0.06985168904066086,-0.5900000000000001,-0.42537301778793335,0.37902358174324036,0.4141387939453125,1.6300000000000001,0.19940616190433502,-0.594719409942627,-0.11808184534311295,-0.6768563985824585,0.05156220495700836
1.7249743938446045,-0.06260756403207779,0.592775285243988,-0.07956021279096603,0.011207726784050465,-0.04374656826257706,-0.9958065748214722,-0.514491856098175,-0.06,-0.46165284514427185,1.1819853782653809,-0.22650761902332306,-0.4868150055408478,-0.7175979018211365,-0.1547277718782425,0.24727876484394073,1.3429644107818604,0.06818939745426178,-0.5900000000000001,-0.4253031015396118,0.33480966091156006,0.35896414518356323,1.6300000000000001,0.10676201432943344,-0.5583409070968628,-0.07670442759990692,-0.6544262170791626,-0.028959013521671295
1.7256746292114258,-0.06301769614219666,0.591652512550354,-0.07930663228034973,0.00926963984966278,-0.042750321328639984,-0.9958899617195129,-0.5216730833053589,-0.06,-0.46666836738586426,1.1926747560501099,-0.23383289575576782,-0.4875837564468384,-0.7245251536369324,-0.15129317343235016,0.24961596727371216,1.3492928743362427,0.06677103787660599,-0.5900000000000001,-0.42430901527404785,0.28792309761047363,0.30108898878097534,1.6300000000000001,0.013024818152189255,-0.5209971070289612,-0.034822188317775726,-0.6324474811553955,-0.11306416243314743
1.7264935970306396,-0.06335045397281647,0.5904766917228699,-0.07875434309244156,0.007373821455985308,-0.04164069890975952,-0.9959965944290161,-0.529437780380249,-0.06,-0.47125244140625,1.2050096988677979,-0.24,-0.48843175172805786,-0.7308754920959473,-0.14722876250743866,0.2517237067222595,1.355555772781372,0.06568913161754608,-0.5900000000000001,-0.42250534892082214,0.2417616844177246,0.2463100403547287,1.6300000000000001,-0.06963666528463364,-0.484264999628067,-0.03,-0.6120638847351074,-0.14999999999999997
1.727373480796814,-0.06367633491754532,0.5893373489379883,-0.07782775908708572,0.005621784366667271,-0.04035095497965813,-0.9961339831352234,-0.5370780825614929,-0.06,-0.47474363446235657,1.2176226377487183,-0.24,-0.4898661673069,-0.736229419708252,-0.14252184331417084,0.2529545724391937,1.3611491918563843,0.0642867460846901,-0.5900000000000001,-0.42009681463241577,0.19995132088661194,0.19928006827831268,1.6300000000000001,-0.13284476101398468,-0.45044830441474915,-0.03,-0.5953730940818787,-0.14999999999999997
1.7282986640930176,-0.06400369107723236,0.5883507132530212,-0.07659526914358139,0.004188233520835638,-0.0390629842877388,-0.9962879419326782,-0.5438392162322998,-0.06,-0.4771062135696411,1.2294166088104248,-0.24,-0.49182453751564026,-0.7398288249969482,-0.13766713440418243,0.2529275119304657,1.3655098676681519,0.06266706436872482,-0.5900000000000001,-0.41751572489738464,0.16537615656852722,0.1623113453388214,1.6300000000000001,-0.14999999999999997,-0.4221237897872925,-0.03,-0.58514004945755,-0.14999999999999997
1.7292941808700562,-0.06428593397140503,0.5875746011734009,-0.07525833696126938,0.0032494610641151667,-0.037944547832012177,-0.9964364171028137,-0.5491832494735718,-0.06,-0.4783283770084381,1.240140438079834,-0.24,-0.49342313408851624,-0.7411595582962036,-0.13337184488773346,0.25176557898521423,1.3685309886932373,0.06109847500920296,-0.5900000000000001,-0.41459450125694275,0.13938495516777039,0.1372956931591034,1.6300000000000001,-0.14999999999999997,-0.40184473991394043,-0.03,-0.5847957730293274,-0.14999999999999997
1.7303820848464966,-0.064460888504982,0.5870122909545898,-0.07410850375890732,0.00288874632678926,-0.037162136286497116,-0.9965533018112183,-0.55246502161026,-0.06,-0.4786761403083801,1.2492144107818604,-0.24,-0.49460622668266296,-0.7402156591415405,-0.13040530681610107,0.24996890127658844,1.370514154434204,0.059902019798755646,-0.5900000000000001,-0.4108375012874603,0.1215229481458664,0.1274448037147522,1.6300000000000001,-0.14999999999999997,-0.39120224118232727,-0.03,-0.5960801243782043,-0.14999999999999997
1.7315315008163452,-0.06448143720626831,0.5866574048995972,-0.07343897223472595,0.002933252602815628,-0.03686555474996567,-0.9966136813163757,-0.5540292263031006,-0.06,-0.4781795144081116,1.2563997507095337,-0.23843638598918915,-0.49510782957077026,-0.7377984523773193,-0.12931561470031738,0.24829551577568054,1.3718231916427612,0.05943041667342186,-0.5900000000000001,-0.40566161274909973,0.1106044128537178,0.1358490288257599,1.6300000000000001,-0.14999999999999997,-0.39058631658554077,-0.03,-0.6182443499565125,-0.14999999999999997
1.7326899766921997,-0.0643223449587822,0.5864922404289246,-0.07341162860393524,0.0030892451759427786,-0.03701025992631912,-0.9966099262237549,-0.5550649762153625,-0.06,-0.476445734500885,1.262368083000183,-0.23408815264701843,-0.4938993453979492,-0.7350201606750488,-0.13002042472362518,0.24767504632472992,1.3727504014968872,0.06006890535354614,-0.5900000000000001,-0.39855527877807617,0.10622905939817429,0.16403831541538239,1.6300000000000001,-0.14999999999999997,-0.39992132782936096,-0.03,-0.6484600305557251,-0.14999999999999997
1.7338298559188843,-0.06398478895425797,0.5864167213439941,-0.07399909198284149,0.0031364697497338057,-0.03740600124001503,-0.9965515732765198,-0.5566127300262451,-0.06,-0.4732845723628998,1.2681540250778198,-0.2281707227230072,-0.49102747440338135,-0.7328500747680664,-0.13207370042800903,0.24857556819915771,1.373811960220337,0.06166495010256767,-0.5900000000000001,-0.3894924819469452,0.10861030220985413,0.21064051985740662,1.6300000000000001,-0.10351669788360596,-0.41892582178115845,-0.03,-0.6830553412437439,-0.14999999999999997
1.734941005706787,-0.06348884850740433,0.5862662196159363,-0.0750947967171669,0.0029684375040233135,-0.03793545439839363,-0.9964500069618225,-0.5591386556625366,-0.06,-0.4691261649131775,1.2745600938796997,-0.22146166861057281,-0.4872468411922455,-0.7319989204406738,-0.13499240577220917,0.2511550188064575,1.375799536705017,0.06404322385787964,-0.5900000000000001,-0.3795507550239563,0.11805848032236099,0.2710008919239044,1.6300000000000001,-0.03983292356133461,-0.44726672768592834,-0.04793170467019081,-0.7176328301429749,-0.14999999999999997
1.736016869544983,-0.06286322325468063,0.585857629776001,-0.07657739520072937,0.0025562129449099302,-0.038341689854860306,-0.9963228106498718,-0.5628032684326172,-0.06,-0.46425026655197144,1.282344937324524,-0.21431930363178253,-0.48366427421569824,-0.7330353260040283,-0.13802529871463776,0.255820631980896,1.3795825242996216,0.067195363342762,-0.5900000000000001,-0.36965131759643555,0.13473080098628998,0.33790045976638794,1.6300000000000001,0.031032975763082504,-0.483652263879776,-0.1046883761882782,-0.7486957907676697,-0.10016252100467682
1.7370306253433228,-0.062163934111595154,0.5850187540054321,-0.07828830182552338,0.001910952851176262,-0.03841795027256012,-0.9961883425712585,-0.567901611328125,-0.06,-0.4591759741306305,1.2925136089324951,-0.20809955894947052,-0.4808748960494995,-0.7363979816436768,-0.14049530029296875,0.262604296207428,1.3859257698059082,0.07077991962432861,-0.5900000000000001,-0.36078616976737976,0.15894481539726257,0.40434494614601135,1.6300000000000001,0.1032656729221344,-0.5257953405380249,-0.15976582467556,-0.7744210958480835,-0.04643995314836502
1.7379521131515503,-0.0614750050008297,0.5836490392684937,-0.08006488531827927,0.001163590932264924,-0.038314007222652435,-0.9960522651672363,-0.5745174884796143,-0.06,-0.4551425576210022,1.3057851791381836,-0.20381267368793488,-0.4789762496948242,-0.7418345212936401,-0.14223980903625488,0.2707499861717224,1.3952003717422485,0.0745207816362381,-0.5900000000000001,-0.3547757565975189,0.19095884263515472,0.4656861424446106,1.6300000000000001,0.17394937574863434,-0.571195125579834,-0.20776815712451935,-0.7943254113197327,0.005975241772830486
1.738778829574585,-0.06087598204612732,0.5817452669143677,-0.08177217096090317,0.0005867108120582998,-0.0381934754550457,-0.9959186911582947,-0.5820332765579224,-0.06,-0.45304179191589355,1.3221080303192139,-0.20094993710517883,-0.4782074987888336,-0.7483760118484497,-0.14332802593708038,0.2792709767818451,1.407235026359558,0.07819020748138428,-0.5900000000000001,-0.3528306186199188,0.22976234555244446,0.5197527408599854,1.6300000000000001,0.24226586520671844,-0.6176057457923889,-0.24537408351898193,-0.8091898560523987,0.05778445303440094
1.7395333051681519,-0.06043945997953415,0.5793709754943848,-0.08328655362129211,0.0004542363458313048,-0.03801536187529564,-0.9958001375198364,-0.5894157886505127,-0.06,-0.4527462422847748,1.3408172130584717,-0.20165510475635529,-0.4785029888153076,-0.7549209594726562,-0.14364886283874512,0.2874346077442169,1.4215221405029297,0.08152106404304504,-0.5900000000000001,-0.35491928458213806,0.27304548025131226,0.5659669041633606,1.6300000000000001,0.3081592917442322,-0.6633830666542053,-0.2719169557094574,-0.820142388343811,0.10932601243257523
1.7402257919311523,-0.06021374091506004,0.5766154527664185,-0.08452213555574417,0.0008674979908391833,-0.037691399455070496,-0.9957080483436584,-0.5960143208503723,-0.06,-0.45392683148384094,1.3610891103744507,-0.20467208325862885,-0.48026204109191895,-0.7608672380447388,-0.1431153565645218,0.29472556710243225,1.4374520778656006,0.08416624367237091,-0.5900000000000001,-0.36040687561035156,0.31808626651763916,0.6042938828468323,1.6300000000000001,0.37100639939308167,-0.70746248960495,-0.2886829674243927,-0.8280113339424133,0.16069787740707397
1.740828275680542,-0.060236066579818726,0.5736052393913269,-0.08541320264339447,0.0016554452013224363,-0.03716958314180374,-0.995650589466095,-0.602015495300293,-0.06,-0.45619624853134155,1.3821680545806885,-0.20989713072776794,-0.48306939005851746,-0.7663280367851257,-0.14156371355056763,0.3009002208709717,1.4542865753173828,0.08593238145112991,-0.5900000000000001,-0.3683081865310669,0.36211809515953064,0.6346625685691833,1.6300000000000001,0.4288064241409302,-0.7486586570739746,-0.2980700433254242,-0.8335715532302856,0.21174511313438416
1.7412924766540527,-0.06052812933921814,0.5705292224884033,-0.08594012260437012,0.002483069198206067,-0.03648640587925911,-0.995628833770752,-0.6080591678619385,-0.06,-0.4593704342842102,1.403173565864563,-0.21595536172389984,-0.48622193932533264,-0.7717872262001038,-0.1390189677476883,0.3057468831539154,1.4710332155227661,0.0866035595536232,-0.5900000000000001,-0.37763574719429016,0.4026320278644562,0.6567248106002808,1.6300000000000001,0.4783385097980499,-0.785280168056488,-0.302804172039032,-0.8372427225112915,0.2619043290615082
1.7415615320205688,-0.06110314279794693,0.5675902366638184,-0.08614898473024368,0.0029949508607387543,-0.03576847165822983,-0.9956353306770325,-0.6148155927658081,-0.06,-0.46324750781059265,1.4230355024337769,-0.22223736345767975,-0.4887577295303345,-0.7778156995773315,-0.13570694625377655,0.3091405928134918,1.4867125749588013,0.08610406517982483,-0.5900000000000001,-0.3876854181289673,0.43737730383872986,0.6708147525787354,1.6300000000000001,0.5174283981323242,-0.8155742883682251,-0.3051248788833618,-0.8385905027389526,0.3101082742214203
1.741590142250061,-0.06196384131908417,0.564961850643158,-0.08615200966596603,0.00293187634088099,-0.03520869091153145,-0.9956552982330322,-0.6227309703826904,-0.06,-0.4675636291503906,1.4406962394714355,-0.22808334231376648,-0.4899800419807434,-0.7848396301269531,-0.1320694535970688,0.31102246046066284,1.5005757808685303,0.08445141464471817,-0.5900000000000001,-0.39826929569244385,0.4647201895713806,0.6778699159622192,1.6300000000000001,0.545778214931488,-0.8386041522026062,-0.3058147728443146,-0.8360324501991272,0.3542831242084503
1.7413722276687622,-0.06309998780488968,0.5627341866493225,-0.08605679869651794,0.0022316104732453823,-0.0349782295525074,-0.9956733584403992,-0.6320934295654297,-0.06,-0.4720621705055237,1.4558148384094238,-0.23300649225711823,-0.489155650138855,-0.7928896546363831,-0.12858252227306366,0.3113250136375427,1.512330412864685,0.0816797986626625,-0.5900000000000001,-0.40954017639160156,0.48440226912498474,0.6789388656616211,1.62848961353302,0.5644501447677612,-0.8543716669082642,-0.30423855781555176,-0.8279032111167908,0.39171311259269714
1.7409406900405884,-0.06448331475257874,0.5608798861503601,-0.08588884770870209,0.0009494174737483263,-0.03504728153347969,-0.9956875443458557,-0.6431983113288879,-0.06,-0.47646471858024597,1.4689933061599731,-0.23676519095897675,-0.4858950078487396,-0.8018618226051331,-0.12527193129062653,0.3102358281612396,1.5221318006515503,0.07793572545051575,-0.5900000000000001,-0.4213075041770935,0.4975161552429199,0.6754184365272522,1.606535792350769,0.575156033039093,-0.8638591170310974,-0.29955530166625977,-0.8146288394927979,0.4209171533584595
1.7403414249420166,-0.06604896485805511,0.5592852234840393,-0.08563708513975143,-0.0008348103147000074,-0.03528523072600365,-0.9957009553909302,-0.6562565565109253,-0.06,-0.48068588972091675,1.4812895059585571,-0.23926961421966553,-0.4802165925502777,-0.8117786645889282,-0.12199320644140244,0.30810585618019104,1.5305286645889282,0.07329671829938889,-0.5900000000000001,-0.43310999870300293,0.5054223537445068,0.6684603691101074,1.5897653102874756,0.5785036087036133,-0.8684910535812378,-0.29127752780914307,-0.7981622219085693,0.4411383271217346
1.7396306991577148,-0.06771165132522583,0.55782550573349,-0.0852881371974945,-0.0029872460290789604,-0.035614464432001114,-0.9957150816917419,-0.6709199547767639,-0.06,-0.48476094007492065,1.493584394454956,-0.24,-0.47251448035240173,-0.8224460482597351,-0.11859481781721115,0.3053664565086365,1.5381090641021729,0.06817334145307541,-0.5900000000000001,-0.4446861743927002,0.5093086957931519,0.6585038900375366,1.5790778398513794,0.5739829540252686,-0.8693450093269348,-0.2792128324508667,-0.7802129983901978,0.4520263075828552
1.73885178565979,-0.06937253475189209,0.556429386138916,-0.08483316749334335,-0.005363664124161005,-0.03592144325375557,-0.9957329630851746,-0.6863565444946289,-0.06,-0.48865586519241333,1.5057884454727173,-0.24,-0.46398743987083435,-0.8335890769958496,-0.11494234204292297,0.3024629056453705,1.545217752456665,0.06297746300697327,-0.5900000000000001,-0.4557049572467804,0.5095738172531128,0.645836591720581,1.5739858150482178,0.5616343021392822,-0.866692841053009,-0.26358556747436523,-0.7616896629333496,0.4538612961769104
1.7379672527313232,-0.07096022367477417,0.5551214218139648,-0.08423009514808655,-0.008007754571735859,-0.03598499298095703,-0.9957640171051025,-0.7023374438285828,-0.06,-0.49240806698799133,1.517375111579895,-0.24,-0.45518118143081665,-0.8453220129013062,-0.11042863130569458,0.30012670159339905,1.5516897439956665,0.05837181583046913,-0.5900000000000001,-0.46538692712783813,0.5051192045211792,0.6304327249526978,1.5729138851165771,0.5407493114471436,-0.8602202534675598,-0.24467751383781433,-0.7431847453117371,0.4468356668949127
1.7370476722717285,-0.07239510864019394,0.553895890712738,-0.08357398211956024,-0.010785788297653198,-0.03599802777171135,-0.9957926869392395,-0.7182313799858093,-0.06,-0.4963880777359009,1.528188943862915,-0.24,-0.4463280141353607,-0.8572812080383301,-0.10626111924648285,0.29759567975997925,1.557483434677124,0.05314940586686134,-0.5900000000000001,-0.4734896421432495,0.4942942261695862,0.6118849515914917,1.573709487915039,0.5102662444114685,-0.8492711782455444,-0.22333687543869019,-0.7244383692741394,0.4309307932853699
1.736182451248169,-0.07365447282791138,0.5527627468109131,-0.08288271725177765,-0.013494990766048431,-0.03597318381071091,-0.9958183765411377,-0.7332644462585449,-0.06,-0.5008078217506409,1.538218379020691,-0.24,-0.4375763237476349,-0.8687161207199097,-0.10278135538101196,0.2946246862411499,1.5625107288360596,0.04705201834440231,-0.5900000000000001,-0.4792921543121338,0.4758516252040863,0.5901656150817871,1.5746734142303467,0.46999669075012207,-0.8333484530448914,-0.20073410868644714,-0.70517498254776,0.4065396189689636
1.735411286354065,-0.07474386692047119,0.5517162084579468,-0.08208875358104706,-0.016064761206507683,-0.03572580963373184,-0.9958547949790955,-0.7472435235977173,-0.06,-0.5058509707450867,1.5479629039764404,-0.24,-0.4287676215171814,-0.8792403340339661,-0.0988958328962326,0.2921701967716217,1.5669846534729004,0.04193495586514473,-0.5900000000000001,-0.4819539487361908,0.4493928551673889,0.5655795931816101,1.5753099918365479,0.42074763774871826,-0.8127013444900513,-0.17780883610248566,-0.6854996681213379,0.37438496947288513
1.7347543239593506,-0.07563906908035278,0.5507075786590576,-0.08119885623455048,-0.01850457489490509,-0.03541504219174385,-0.995896577835083,-0.760450005531311,-0.06,-0.5120657682418823,1.5581142902374268,-0.24,-0.41959649324417114,-0.8888077735900879,-0.09453587234020233,0.29051676392555237,1.5711697340011597,0.038430750370025635,-0.5900000000000001,-0.48177647590637207,0.4152626395225525,0.5377213954925537,1.5763353109359741,0.36253800988197327,-0.7879141569137573,-0.15477503836154938,-0.6655184626579285,0.3342682719230652
1.734238862991333,-0.07625918090343475,0.5496630072593689,-0.08026230335235596,-0.02083544246852398,-0.035157445818185806,-0.9959356188774109,-0.7730220556259155,-0.06,-0.5192570686340332,1.5687897205352783,-0.24,-0.4108160138130188,-0.8977963328361511,-0.09067650884389877,0.28903472423553467,1.5753767490386963,0.035207349807024,-0.5900000000000001,-0.4793684184551239,0.3746379017829895,0.5054834485054016,1.579513669013977,0.29462820291519165,-0.7590062618255615,-0.13106565177440643,-0.6451677680015564,0.2847519516944885
1.7338836193084717,-0.07662296295166016,0.548511803150177,-0.07922425121068954,-0.023062177002429962,-0.03500849008560181,-0.9959747791290283,-0.7851982116699219,-0.06,-0.5269100666046143,1.5803529024124146,-0.24,-0.4027113616466522,-0.906164824962616,-0.08681181818246841,0.28810441493988037,1.5799835920333862,0.03318704292178154,-0.5900000000000001,-0.4754948019981384,0.3292730748653412,0.46810272336006165,1.5868877172470093,0.2168964147567749,-0.7253844141960144,-0.10548793524503708,-0.6244025826454163,0.22425179183483124
1.7336933612823486,-0.0767270028591156,0.5472040176391602,-0.07805610448122025,-0.025190982967615128,-0.03500710427761078,-0.9960155487060547,-0.7971860766410828,-0.06,-0.5341234803199768,1.5927698612213135,-0.24,-0.3959459364414215,-0.914055585861206,-0.083145871758461,0.287415087223053,1.5851948261260986,0.03193381801247597,-0.5900000000000001,-0.47089505195617676,0.28087615966796875,0.4256250262260437,1.5993047952651978,0.13095079362392426,-0.6865583658218384,-0.07727067172527313,-0.6029574275016785,0.15299318730831146
1.7336373329162598,-0.07660696655511856,0.5457274317741394,-0.07665429264307022,-0.02726651355624199,-0.03498946502804756,-0.9960703253746033,-0.8092781901359558,-0.06,-0.5399903059005737,1.6059094667434692,-0.24,-0.3912408947944641,-0.9216246604919434,-0.07917296141386032,0.28695887327194214,1.590965747833252,0.031380053609609604,-0.5900000000000001,-0.4657626450061798,0.23134170472621918,0.3800313174724579,1.6155730485916138,0.04228287562727928,-0.6428171396255493,-0.0464247390627861,-0.5806155800819397,0.07505441457033157
1.7335596084594727,-0.07633090764284134,0.5442265868186951,-0.07483837008476257,-0.029446391388773918,-0.03460422158241272,-0.9961598515510559,-0.8219343423843384,-0.06,-0.5442025661468506,1.619120717048645,-0.24,-0.3882734477519989,-0.9292364716529846,-0.07396701723337173,0.2866673171520233,1.596419334411621,0.031281765550374985,-0.5900000000000001,-0.4596872329711914,0.18305820226669312,0.33489689230918884,1.6300000000000001,-0.04006336256861687,-0.5960215926170349,-0.03,-0.5580199360847473,-0.0011927690356969833
1.7332457304000854,-0.07597008347511292,0.5429397821426392,-0.07246910035610199,-0.03174162283539772,-0.033737536519765854,-0.9962943196296692,-0.8350798487663269,-0.06,-0.5474317669868469,1.63127863407135,-0.24,-0.3860870599746704,-0.9366945624351501,-0.06733110547065735,0.2858915627002716,1.600105881690979,0.031008686870336533,-0.5900000000000001,-0.4526660442352295,0.13895416259765625,0.2939245104789734,1.6300000000000001,-0.10680752992630005,-0.5490931272506714,-0.03,-0.537214994430542,-0.06784940510988235
1.7328799962997437,-0.07551638782024384,0.5417640805244446,-0.06976563483476639,-0.033458683639764786,-0.033050891011953354,-0.996454119682312,-0.8466594815254211,-0.06,-0.5500419735908508,1.6422958374023438,-0.24,-0.3858124613761902,-0.9422282576560974,-0.06158093363046646,0.28325578570365906,1.6027637720108032,0.029706155881285667,-0.5900000000000001,-0.44607803225517273,0.10210615396499634,0.2592754662036896,1.6300000000000001,-0.14999999999999997,-0.5046740770339966,-0.03,-0.5211274027824402,-0.1215825229883194
1.7326254844665527,-0.07500822097063065,0.5405828356742859,-0.06687919795513153,-0.034276533871889114,-0.03262016922235489,-0.9966384172439575,-0.8555919528007507,-0.06,-0.5515391826629639,1.6523760557174683,-0.24,-0.38857439160346985,-0.9449065923690796,-0.05617022141814232,0.2799879312515259,1.6054242849349976,0.029586685821413994,-0.5900000000000001,-0.4397990107536316,0.07396331429481506,0.2322753369808197,1.6300000000000001,-0.14999999999999997,-0.4654727876186371,-0.03,-0.5134572386741638,-0.14999999999999997
1.732384204864502,-0.07437413930892944,0.5394235849380493,-0.06401567161083221,-0.03454876318573952,-0.032182205468416214,-0.9968312978744507,-0.862723708152771,-0.06,-0.5513876080513,1.661401391029358,-0.24,-0.3937183916568756,-0.9461897611618042,-0.051204271614551544,0.2768198847770691,1.6079944372177124,0.029824206605553627,-0.5900000000000001,-0.4330143630504608,0.05375051870942116,0.21367280185222626,1.6300000000000001,-0.14999999999999997,-0.43402987718582153,-0.03,-0.5162457823753357,-0.14999999999999997
1.7320401668548584,-0.07356692105531693,0.5383368730545044,-0.06133817136287689,-0.03447989746928215,-0.03175123780965805,-0.9970158338546753,-0.8685683012008667,-0.06,-0.549894392490387,1.6691666841506958,-0.24,-0.4002331793308258,-0.9469503164291382,-0.046900101006031036,0.2742624282836914,1.610325574874878,0.03027730993926525,-0.5900000000000001,-0.4258723258972168,0.04066729173064232,0.20380225777626038,1.6300000000000001,-0.14999999999999997,-0.41127273440361023,-0.03,-0.5279591083526611,-0.14999999999999997
1.7315568923950195,-0.07257658243179321,0.537360429763794,-0.05897779017686844,-0.03398137539625168,-0.031720250844955444,-0.9971763491630554,-0.8728080987930298,-0.06,-0.5477868318557739,1.6754374504089355,-0.24,-0.4074840247631073,-0.9469096064567566,-0.0437844954431057,0.27246952056884766,1.6124392747879028,0.03174697607755661,-0.5900000000000001,-0.4193713665008545,0.03442683443427086,0.203460231423378,1.6300000000000001,-0.14192841947078705,-0.3974197208881378,-0.03,-0.5452463626861572,-0.14999999999999997
1.7309088706970215,-0.07141026109457016,0.5365438461303711,-0.0570107139647007,-0.03300533443689346,-0.03230750933289528,-0.9973046183586121,-0.875274658203125,-0.06,-0.5454109907150269,1.6799606084823608,-0.24,-0.41497310996055603,-0.9458810091018677,-0.042219407856464386,0.2714122235774994,1.6142070293426514,0.03448844328522682,-0.5900000000000001,-0.41365429759025574,0.03497416898608208,0.2149524688720703,1.6300000000000001,-0.1036047637462616,-0.39307165145874023,-0.03,-0.5656506419181824,-0.14999999999999997
1.7300902605056763,-0.07007540762424469,0.535910964012146,-0.05544217303395271,-0.03161882236599922,-0.033415839076042175,-0.9974014163017273,-0.8763704299926758,-0.06,-0.5428504347801208,1.6831293106079102,-0.24,-0.4218180775642395,-0.9440298080444336,-0.04218381643295288,0.2710323929786682,1.6154732704162598,0.03814101591706276,-0.5900000000000001,-0.40783506631851196,0.04225177690386772,0.23982036113739014,1.6300000000000001,-0.05306364595890045,-0.3986871540546417,-0.03,-0.5879407525062561,-0.14999999999999997
1.729137897491455,-0.06861173361539841,0.5354153513908386,-0.05426643043756485,-0.029925184324383736,-0.03499160334467888,-0.9974642992019653,-0.8766457438468933,-0.06,-0.5404906868934631,1.68558669090271,-0.24,-0.42731744050979614,-0.9416122436523438,-0.043422896414995193,0.2714160978794098,1.6164653301239014,0.042740125209093094,-0.5900000000000001,-0.40134724974632263,0.05559356138110161,0.2773820459842682,1.6300000000000001,0.0068291365168988705,-0.41409239172935486,-0.03235078230500221,-0.6112006306648254,-0.14711877703666687
1.7280776500701904,-0.06708081066608429,0.5349752902984619,-0.053467825055122375,-0.028114525601267815,-0.03702060505747795,-0.99748694896698,-0.8769283890724182,-0.06,-0.5386804342269897,1.6879526376724243,-0.24,-0.4309249520301819,-0.9392279386520386,-0.045840371400117874,0.2723596692085266,1.6175496578216553,0.047893818467855453,-0.5900000000000001,-0.394338458776474,0.07405746728181839,0.32524704933166504,1.6300000000000001,0.07324038445949554,-0.4390171468257904,-0.08109679073095322,-0.6348457932472229,-0.1031293198466301
1.7268829345703125,-0.06555919349193573,0.534507691860199,-0.05305306240916252,-0.02644292637705803,-0.039428047835826874,-0.9974625110626221,-0.8777025938034058,-0.06,-0.5375596284866333,1.6901772022247314,-0.24,-0.4333150088787079,-0.9377856254577637,-0.048988960683345795,0.2740940451622009,1.6191259622573853,0.05354677513241768,-0.5900000000000001,-0.3874293565750122,0.09703215956687927,0.3799070119857788,1.6300000000000001,0.14419959485530853,-0.47288015484809875,-0.13169948756694794,-0.6586779356002808,-0.05528046935796738
1.7255297899246216,-0.06410288065671921,0.5339282751083374,-0.05305759608745575,-0.0250107329338789,-0.04213441535830498,-0.9973885416984558,-0.8787348866462708,-0.06,-0.5367860794067383,1.6917866468429565,-0.24,-0.4357588589191437,-0.9378975629806519,-0.052790962159633636,0.2766195237636566,1.621625304222107,0.059298016130924225,-0.5900000000000001,-0.3815845847129822,0.12457911670207977,0.4373336136341095,1.6300000000000001,0.21874260902404785,-0.5136221051216125,-0.17951184511184692,-0.6825377345085144,-0.005860926583409309
1.7240055799484253,-0.06277382373809814,0.5332019925117493,-0.053338710218667984,-0.023760387673974037,-0.04481949657201767,-0.9972870349884033,-0.8793509006500244,-0.06,-0.536067008972168,1.692298412322998,-0.24,-0.44002681970596313,-0.9394856691360474,-0.05648043006658554,0.27991586923599243,1.6250556707382202,0.06497948616743088,-0.5900000000000001,-0.37709254026412964,0.15638934075832367,0.4937100410461426,1.6300000000000001,0.29491564631462097,-0.5578755736351013,-0.22170200943946838,-0.7065727710723877,0.044032588601112366
1.7223421335220337,-0.06162165105342865,0.5323290228843689,-0.053670939058065414,-0.022494470700621605,-0.04726720228791237,-0.9971855878829956,-0.8787862062454224,-0.06,-0.5356255769729614,1.6915863752365112,-0.24,-0.44708213210105896,-0.9418702125549316,-0.059694938361644745,0.283271461725235,1.6291884183883667,0.07002980262041092,-0.5900000000000001,-0.3739798069000244,0.19102080166339874,0.546478807926178,1.6300000000000001,0.3704264163970947,-0.6020715236663818,-0.25752538442611694,-0.7311330437660217,0.09428174048662186
1.720607042312622,-0.060691069811582565,0.5313392281532288,-0.05386454984545708,-0.02094257064163685,-0.04946538805961609,-0.9971023201942444,-0.8764352202415466,-0.06,-0.5359442830085754,1.6898430585861206,-0.24,-0.4568953514099121,-0.9439697265625,-0.06244616582989693,0.2857903242111206,1.6337144374847412,0.07410964369773865,-0.5900000000000001,-0.3723691701889038,0.22643357515335083,0.594093382358551,1.6300000000000001,0.44346314668655396,-0.6432048082351685,-0.2872717082500458,-0.7558618783950806,0.14489740133285522
1.7188644409179688,-0.06000755727291107,0.530326247215271,-0.053813155740499496,-0.018908103927969933,-0.05144485831260681,-0.9970455765724182,-0.8722532987594604,-0.06,-0.5375842452049255,1.6874933242797852,-0.24,-0.46862226724624634,-0.9447964429855347,-0.06484147161245346,0.28685489296913147,1.6381194591522217,0.07713985443115234,-0.5900000000000001,-0.3723973035812378,0.26044148206710815,0.6342731714248657,1.6300000000000001,0.5105352401733398,-0.6788331270217896,-0.3109514117240906,-0.7792615294456482,0.19452150166034698
1.7171448469161987,-0.05958754941821098,0.5294061303138733,-0.05350596085190773,-0.016379809007048607,-0.053211603313684464,-0.9970141053199768,-0.8666219115257263,-0.06,-0.5398806929588318,1.6846401691436768,-0.24,-0.48036155104637146,-0.9439695477485657,-0.06706402450799942,0.2861231565475464,1.6418542861938477,0.07889635860919952,-0.5900000000000001,-0.37408390641212463,0.29077857732772827,0.6638545989990234,1.6300000000000001,0.5663567185401917,-0.7068890929222107,-0.3279478847980499,-0.7988179922103882,0.24012120068073273
1.715437412261963,-0.059392500668764114,0.5286918878555298,-0.053088653832674026,-0.013681272976100445,-0.054757893085479736,-0.9969934225082397,-0.860656201839447,-0.06,-0.5419221520423889,1.681077480316162,-0.24,-0.49106544256210327,-0.9422699213027954,-0.06926140189170837,0.284074991941452,1.644547700881958,0.0793333351612091,-0.5900000000000001,-0.37730613350868225,0.314704954624176,0.6795783042907715,1.614540934562683,0.6048021912574768,-0.7259820103645325,-0.337226539850235,-0.8114866018295288,0.2768571674823761
1.713670253753662,-0.059408217668533325,0.5282979607582092,-0.05264431983232498,-0.011331644840538502,-0.055922094732522964,-0.9969817996025085,-0.8557208776473999,-0.06,-0.5426163077354431,1.6761972904205322,-0.24,-0.5001296401023865,-0.9408833384513855,-0.07074515521526337,0.2817249596118927,1.6455868482589722,0.07919294387102127,-0.5900000000000001,-0.3814907371997833,0.3300732374191284,0.6804330348968506,1.5913043022155762,0.6218127608299255,-0.7357949614524841,-0.3380081057548523,-0.815475583076477,0.3004223704338074
1.711825966835022,-0.059608496725559235,0.5283017754554749,-0.052179720252752304,-0.009603183716535568,-0.056893330067396164,-0.9969694018363953,-0.8520859479904175,-0.06,-0.5420319437980652,1.6691819429397583,-0.24,-0.5078344345092773,-0.9402605295181274,-0.07148883491754532,0.2793155610561371,1.64467191696167,0.07903046160936356,-0.5900000000000001,-0.38651102781295776,0.3362862467765808,0.6684706211090088,1.5712826251983643,0.616541862487793,-0.7372142672538757,-0.33037394285202026,-0.8112698197364807,0.30861178040504456
1.7099601030349731,-0.05985208973288536,0.5287167429924011,-0.051736682653427124,-0.008407323621213436,-0.05832531303167343,-0.9969205260276794,-0.8491543531417847,-0.06,-0.5414221882820129,1.659912347793579,-0.24,-0.5138626098632812,-0.9400306344032288,-0.0735294371843338,0.275566965341568,1.6418472528457642,0.07764823734760284,-0.5900000000000001,-0.3930032551288605,0.3336995244026184,0.646983802318573,1.5574294328689575,0.5896419882774353,-0.7321110367774963,-0.3153499960899353,-0.7997058629989624,0.3017688989639282
1.708146572113037,-0.060040801763534546,0.5295232534408569,-0.05127692595124245,-0.007492799311876297,-0.06056530028581619,-0.9968180656433105,-0.8458570837974548,-0.06,-0.5419995188713074,1.6484063863754272,-0.23981055617332458,-0.5188602209091187,-0.9390388131141663,-0.07698986679315567,0.27072063088417053,1.6371724605560303,0.07659454643726349,-0.5900000000000001,-0.4008600413799286,0.32311221957206726,0.6195572018623352,1.5498161315917969,0.5428771376609802,-0.7222908735275269,-0.2940983474254608,-0.7811302542686462,0.28208327293395996
1.7064440250396729,-0.06004676967859268,0.530662477016449,-0.050886113196611404,-0.0066767530515789986,-0.06360319256782532,-0.9966546893119812,-0.841152012348175,-0.06,-0.5433299541473389,1.6343740224838257,-0.23696017265319824,-0.523925244808197,-0.9368788599967957,-0.08211461454629898,0.2652391195297241,1.6309829950332642,0.07620035856962204,-0.5900000000000001,-0.40943315625190735,0.30571597814559937,0.5881115198135376,1.5476471185684204,0.47975191473960876,-0.7087023854255676,-0.2676415741443634,-0.7557954788208008,0.2516762316226959
1.7049022912979126,-0.059785448014736176,0.5320442318916321,-0.05063384771347046,-0.005888288374990225,-0.06706390529870987,-0.9964456558227539,-0.8345750570297241,-0.06,-0.5445653796195984,1.6179624795913696,-0.23505446314811707,-0.5300931930541992,-0.93362957239151,-0.08833774924278259,0.26007986068725586,1.6237337589263916,0.07680005580186844,-0.5900000000000001,-0.41781118512153625,0.2831917405128479,0.5525751709938049,1.5504909753799438,0.4052756428718567,-0.6912850141525269,-0.23643513023853302,-0.7246036529541016,0.21221685409545898
1.7035621404647827,-0.059233833104372025,0.5335619449615479,-0.05051330476999283,-0.0051172212697565556,-0.07068781554698944,-0.9962055087089539,-0.8259333372116089,-0.06,-0.5456393957138062,1.5994815826416016,-0.23434270918369293,-0.5380924940109253,-0.9294940233230591,-0.09511198848485947,0.2557518482208252,1.6159213781356812,0.0785771980881691,-0.5900000000000001,-0.4256291091442108,0.2567892372608185,0.5116651654243469,1.5585441589355469,0.3236113488674164,-0.6694654226303101,-0.2004714459180832,-0.6891798377037048,0.16438697278499603
1.7024670839309692,-0.058409664779901505,0.5351229310035706,-0.050434816628694534,-0.004293560050427914,-0.07435903698205948,-0.9959459900856018,-0.8147451877593994,-0.06,-0.5471507906913757,1.5790191888809204,-0.23589543998241425,-0.5487399697303772,-0.924380362033844,-0.10215099155902863,0.2520896792411804,1.607908010482788,0.08137912303209305,-0.5900000000000001,-0.43302199244499207,0.2275894433259964,0.4644728899002075,1.572496771812439,0.23803113400936127,-0.6424558758735657,-0.15936017036437988,-0.6516252160072327,0.107588030397892
1.7016602754592896,-0.057358499616384506,0.5366717576980591,-0.050222571939229965,-0.0032674551475793123,-0.07774726301431656,-0.9957018494606018,-0.8005585670471191,-0.06,-0.5489285588264465,1.556618094444275,-0.24,-0.5629003047943115,-0.9178814888000488,-0.10873859375715256,0.24884864687919617,1.59978187084198,0.08498205244541168,-0.5900000000000001,-0.4397297501564026,0.19715113937854767,0.41218358278274536,1.5924030542373657,0.1529030203819275,-0.6099925637245178,-0.11369378864765167,-0.6142585277557373,0.0431697741150856
1.701116919517517,-0.056119076907634735,0.5382081270217896,-0.04972436651587486,-0.0020546840969473124,-0.0803861916065216,-0.9955204725265503,-0.7835864424705505,-0.06,-0.5496484637260437,1.5318773984909058,-0.24,-0.5812256932258606,-0.9101847410202026,-0.11409197002649307,0.24592649936676025,1.591329574584961,0.0887119323015213,-0.5900000000000001,-0.4447022080421448,0.16688816249370575,0.35840749740600586,1.616457462310791,0.07401308417320251,-0.5731701850891113,-0.06661344319581985,-0.5802863240242004,-0.023930490016937256
1.7007607221603394,-0.05474570766091347,0.5398148894309998,-0.04884110763669014,-0.0007360048475675285,-0.08226510137319565,-0.9954127073287964,-0.7641469240188599,-0.06,-0.5481363534927368,1.503652572631836,-0.24,-0.5900000000000001,-0.9014186859130859,-0.11810625344514847,0.24285870790481567,1.5820279121398926,0.09220308810472488,-0.5900000000000001,-0.4474586546421051,0.13853681087493896,0.3080655634403229,1.6300000000000001,0.007552227936685085,-0.5339395999908447,-0.03,-0.5531176328659058,-0.08739347755908966
1.7005339860916138,-0.05329196900129318,0.5416452884674072,-0.04754326492547989,0.0007422390626743436,-0.08397126942873001,-0.9953331351280212,-0.7420307397842407,-0.06,-0.544440746307373,1.4702056646347046,-0.24,-0.5900000000000001,-0.8908764719963074,-0.12158677726984024,0.238657608628273,1.5711342096328735,0.09570819139480591,-0.5900000000000001,-0.44898658990859985,0.11451347917318344,0.26503515243530273,1.6300000000000001,-0.04242059588432312,-0.495614230632782,-0.03,-0.5352681279182434,-0.14232252538204193
1.7004698514938354,-0.05174216628074646,0.5438480377197266,-0.04586848244071007,0.002680243458598852,-0.08616240322589874,-0.9952208995819092,-0.7163543105125427,-0.06,-0.5391743183135986,1.4289758205413818,-0.24,-0.5900000000000001,-0.8770402073860168,-0.12595251202583313,0.23196731507778168,1.5579193830490112,0.09908941388130188,-0.5900000000000001,-0.4504660964012146,0.09687723964452744,0.23049823939800262,1.6300000000000001,-0.07660510390996933,-0.46176210045814514,-0.03,-0.5275527834892273,-0.14999999999999997
1.7005423307418823,-0.05002986267209053,0.5464944839477539,-0.04382741451263428,0.005133318714797497,-0.08914549648761749,-0.9950405955314636,-0.6864138841629028,-0.06,-0.5325106978416443,1.3809564113616943,-0.24,-0.5900000000000001,-0.8593896627426147,-0.13151831924915314,0.22260349988937378,1.5419620275497437,0.1029277816414833,-0.5900000000000001,-0.4520949423313141,0.08586601912975311,0.20297667384147644,1.6300000000000001,-0.1019403263926506,-0.43485137820243835,-0.03,-0.5296563506126404,-0.14999999999999997
1.7012126445770264,-0.04802895709872246,0.5509138703346252,-0.04256151244044304,0.008706479333341122,-0.09033104032278061,-0.9949637055397034,-0.6641886234283447,-0.06,-0.5309986472129822,1.3559123277664185,-0.24,-0.5900000000000001,-0.8339982032775879,-0.13726595044136047,0.2142574042081833,1.517490267753601,0.10700332373380661,-0.5900000000000001,-0.4485982060432434,0.0812765508890152,0.1805165857076645,1.6300000000000001,-0.11897095292806625,-0.4143041968345642,-0.03,-0.5384216904640198,-0.14999999999999997
1.7021219730377197,-0.04601670801639557,0.5568039417266846,-0.04177483543753624,0.012441257014870644,-0.08967036753892899,-0.9950171113014221,-0.6379266381263733,-0.06,-0.5245954394340515,1.3242181539535522,-0.24,-0.5900000000000001,-0.8048844933509827,-0.14225636422634125,0.20642121136188507,1.4854966402053833,0.10970263183116913,-0.5900000000000001,-0.44144004583358765,0.07994499802589417,0.16951815783977509,1.6300000000000001,-0.12303168326616287,-0.40304720401763916,-0.03,-0.55194091796875,-0.14999999999999997
1.703000545501709,-0.04413860663771629,0.5637999773025513,-0.04128032177686691,0.015212112106382847,-0.08800579607486725,-0.9951479434967041,-0.6107149124145508,-0.06,-0.5141464471817017,1.2847299575805664,-0.24,-0.5900000000000001,-0.7759128212928772,-0.14646102488040924,0.19901207089424133,1.4474917650222778,0.11144654452800751,-0.5900000000000001,-0.43368688225746155,0.0820777490735054,0.1766676902770996,1.6300000000000001,-0.10635386407375336,-0.4043284058570862,-0.03,-0.5703824162483215,-0.14999999999999997
1.7038418054580688,-0.04233918711543083,0.5713695883750916,-0.04098314791917801,0.01694028079509735,-0.08614281564950943,-0.9952952861785889,-0.5846695899963379,-0.06,-0.5004914402961731,1.2407699823379517,-0.24,-0.5900000000000001,-0.7481120228767395,-0.15079981088638306,0.19137483835220337,1.4058818817138672,0.11224668473005295,-0.5900000000000001,-0.42743611335754395,0.09070642292499542,0.20409895479679108,1.6300000000000001,-0.06655068695545197,-0.41799432039260864,-0.03,-0.5941798686981201,-0.14999999999999997
1.704714059829712,-0.04050334170460701,0.5789967179298401,-0.04101761430501938,0.01789546199142933,-0.08472828567028046,-0.9953984618186951,-0.561384379863739,-0.06,-0.48312535881996155,1.1967748403549194,-0.24,-0.5900000000000001,-0.7217955589294434,-0.1561579555273056,0.18377219140529633,1.363506555557251,0.11289725452661514,-0.5900000000000001,-0.42355799674987793,0.10727671533823013,0.24911971390247345,1.6300000000000001,-0.008527153171598911,-0.44117623567581177,-0.038372017443180084,-0.6237985491752625,-0.14999999999999997
1.7056622505187988,-0.038567859679460526,0.5862798690795898,-0.04157596454024315,0.018466021865606308,-0.08421347290277481,-0.9954086542129517,-0.5404836535453796,-0.06,-0.46152254939079285,1.153954029083252,-0.24,-0.5900000000000001,-0.6967290043830872,-0.1633240282535553,0.17633497714996338,1.3225089311599731,0.11418090015649796,-0.5900000000000001,-0.42190033197402954,0.13208888471126556,0.3051985800266266,1.6300000000000001,0.06051996722817421,-0.4704231321811676,-0.09062927961349487,-0.6574822068214417,-0.14999999999999997
1.7065565586090088,-0.036349136382341385,0.5931122303009033,-0.04284846782684326,0.018729034811258316,-0.08417121320962906,-0.9953533411026001,-0.5190877318382263,-0.06,-0.442533940076828,1.1111781597137451,-0.24,-0.5785433053970337,-0.6737654209136963,-0.17206071317195892,0.17092274129390717,1.2836909294128418,0.1169670969247818,-0.5900000000000001,-0.4203346073627472,0.16344349086284637,0.3656318187713623,1.6300000000000001,0.1355820894241333,-0.5024244785308838,-0.14942492544651031,-0.6930009126663208,-0.1480567753314972
1.7073549032211304,-0.034032903611660004,0.5993542671203613,-0.04454201087355614,0.018796829506754875,-0.08370131999254227,-0.9953173398971558,-0.498765766620636,-0.06,-0.42224904894828796,1.0706899166107178,-0.23513111472129822,-0.5579659342765808,-0.6534252762794495,-0.18047648668289185,0.16836069524288177,1.2476402521133423,0.1211373507976532,-0.5900000000000001,-0.4168514907360077,0.19929641485214233,0.4275960922241211,1.6300000000000001,0.21663489937782288,-0.5347392559051514,-0.20961472392082214,-0.7269343733787537,-0.09288731962442398
1.7080093622207642,-0.03168478608131409,0.6049572825431824,-0.046561695635318756,0.01883942075073719,-0.08283934742212296,-0.9952961802482605,-0.4788587689399719,-0.06,-0.4027062952518463,1.0322413444519043,-0.22358694672584534,-0.5386972427368164,-0.6356773972511292,-0.18880493938922882,0.16783949732780457,1.2148832082748413,0.1254187375307083,-0.5838197469711304,-0.41230252385139465,0.23779813945293427,0.48822274804115295,1.6300000000000001,0.3030642569065094,-0.5664003491401672,-0.2664951682090759,-0.7553775906562805,-0.032237134873867035
1.708526372909546,-0.02940179407596588,0.6099792718887329,-0.04879248887300491,0.019114699214696884,-0.08192913234233856,-0.9952594637870789,-0.4593188762664795,-0.06,-0.38402917981147766,0.9960658550262451,-0.21282042562961578,-0.5205405354499817,-0.6197006106376648,-0.197723388671875,0.1673046201467514,1.1855254173278809,0.12771500647068024,-0.5698537230491638,-0.4083092510700226,0.27805012464523315,0.5443734526634216,1.6300000000000001,0.39179474115371704,-0.5961053967475891,-0.31596431136131287,-0.7773568630218506,0.030824152752757072
1.708920955657959,-0.027267135679721832,0.6145294904708862,-0.05109751969575882,0.019727764651179314,-0.08102327585220337,-0.9952059388160706,-0.43976497650146484,-0.06,-0.36662986874580383,0.9616018533706665,-0.2033228725194931,-0.5033081769943237,-0.6047481298446655,-0.20698586106300354,0.16600416600704193,1.1589734554290771,0.12771965563297272,-0.5570842027664185,-0.4054514765739441,0.31928592920303345,0.5921607613563538,1.6300000000000001,0.47682735323905945,-0.6220638751983643,-0.3552684783935547,-0.7945201396942139,0.0922606810927391
1.709177851676941,-0.025375790894031525,0.6187538504600525,-0.05327922850847244,0.020535310730338097,-0.07983043044805527,-0.9951716661453247,-0.42035233974456787,-0.06,-0.3499767482280731,0.928245484828949,-0.19478218257427216,-0.48669207096099854,-0.5906076431274414,-0.21547065675258636,0.16439707577228546,1.1340371370315552,0.12644575536251068,-0.54472815990448,-0.4032225012779236,0.35991227626800537,0.6284019947052002,1.6300000000000001,0.5520686507225037,-0.6429126858711243,-0.38328319787979126,-0.8085112571716309,0.14830981194972992
1.7092604637145996,-0.023805418983101845,0.6227529644966125,-0.05525285005569458,0.021271973848342896,-0.0781904086470604,-0.995178759098053,-0.4014342129230499,-0.06,-0.33397209644317627,0.8952734470367432,-0.18754804134368896,-0.470272958278656,-0.5776611566543579,-0.2224949598312378,0.16304585337638855,1.109932780265808,0.12467139959335327,-0.5321750640869141,-0.40104928612709045,0.3975951671600342,0.6525695323944092,1.6300000000000001,0.6151828765869141,-0.6588430404663086,-0.4007503092288971,-0.8197278380393982,0.19686149060726166
1.7091617584228516,-0.02260635793209076,0.626568078994751,-0.05707896873354912,0.021786175668239594,-0.07623470574617386,-0.9952162504196167,-0.3832664489746094,-0.05913921818137169,-0.31862860918045044,0.8622849583625793,-0.18142084777355194,-0.45369452238082886,-0.5661872625350952,-0.22820037603378296,0.16196881234645844,1.0865578651428223,0.12251800298690796,-0.5193976163864136,-0.39875122904777527,0.43013495206832886,0.6661791205406189,1.6300000000000001,0.6662997007369995,-0.6708059310913086,-0.4093291461467743,-0.8271635174751282,0.23666325211524963
1.7089015245437622,-0.02180103212594986,0.6302415132522583,-0.05884339287877083,0.02204323001205921,-0.07426013797521591,-0.9952571392059326,-0.365797758102417,-0.056809134781360626,-0.304227739572525,0.8288057446479797,-0.17626625299453735,-0.4365415573120117,-0.5562978982925415,-0.2328910529613495,0.16123731434345245,1.0642536878585815,0.12058401852846146,-0.5059480667114258,-0.3966017961502075,0.4557335376739502,0.6719747185707092,1.625494122505188,0.7063031792640686,-0.6791521906852722,-0.41061049699783325,-0.8289436101913452,0.2669479250907898
1.7084873914718628,-0.02137346938252449,0.6337382793426514,-0.06063469499349594,0.02197432890534401,-0.07245448231697083,-0.9952843189239502,-0.349277138710022,-0.05461544543504715,-0.29102054238319397,0.7949427962303162,-0.1720794141292572,-0.4187646210193634,-0.5471934676170349,-0.23683077096939087,0.16090849041938782,1.0418561697006226,0.1206844225525856,-0.4930275082588196,-0.3950285315513611,0.4735250473022461,0.6715487241744995,1.60560142993927,0.7330055236816406,-0.6832855939865112,-0.40549540519714355,-0.8240460753440857,0.286063015460968
1.7079930305480957,-0.021277835592627525,0.6370075941085815,-0.062390733510255814,0.021632902324199677,-0.07095189392566681,-0.9952914714813232,-0.3337998390197754,-0.05256948620080948,-0.27927350997924805,0.7613067626953125,-0.16874919831752777,-0.4008410573005676,-0.538756251335144,-0.23984377086162567,0.1615406572818756,1.0198674201965332,0.12441051006317139,-0.4803275763988495,-0.39452534914016724,0.4840810298919678,0.6642459630966187,1.5939841270446777,0.7402411103248596,-0.68222576379776,-0.3941214978694916,-0.8133271336555481,0.2910647988319397
1.707558035850525,-0.021450571715831757,0.6400409936904907,-0.06403443962335587,0.02128877118229866,-0.0695633739233017,-0.9952924847602844,-0.3185987174510956,-0.05034436658024788,-0.2685738503932953,0.7283226847648621,-0.1663309782743454,-0.38335511088371277,-0.5299021601676941,-0.24181002378463745,0.16313500702381134,0.9980049729347229,0.1322985738515854,-0.4681017994880676,-0.3946550190448761,0.4883219301700592,0.6486733555793762,1.591151475906372,0.7222901582717896,-0.6759895086288452,-0.37664610147476196,-0.7981827855110168,0.28039079904556274
1.707292914390564,-0.021860038861632347,0.6429023146629333,-0.06540144234895706,0.021120410412549973,-0.0682181864976883,-0.9953003525733948,-0.303017795085907,-0.047436606138944626,-0.2586750090122223,0.6958824992179871,-0.16467812657356262,-0.36655768752098083,-0.5202327370643616,-0.24293309450149536,0.16415084898471832,0.9767105579376221,0.14061814546585083,-0.4569002389907837,-0.3952256441116333,0.48616471886634827,0.6237503290176392,1.5965824127197266,0.6762856245040894,-0.6653565168380737,-0.35250842571258545,-0.7798812389373779,0.25395095348358154
1.7071982622146606,-0.022350961342453957,0.6457170844078064,-0.06635670363903046,0.020905064418911934,-0.06680615991353989,-0.9953373670578003,-0.28718504309654236,-0.04366696998476982,-0.24912378191947937,0.6633038520812988,-0.16347287595272064,-0.3500466048717499,-0.5120178461074829,-0.24489696323871613,0.15938030183315277,0.9578852653503418,0.13576842844486237,-0.4460923671722412,-0.39590123295783997,0.47576141357421875,0.5893604159355164,1.6090487241744995,0.6044625043869019,-0.6512795090675354,-0.32153406739234924,-0.7599719762802124,0.2129187285900116
1.7071740627288818,-0.02301694080233574,0.6484364867210388,-0.0667736679315567,0.020242637023329735,-0.06490488350391388,-0.9954490065574646,-0.2723756730556488,-0.03855220228433609,-0.23948419094085693,0.6312255263328552,-0.1628287434577942,-0.33409181237220764,-0.5042725801467896,-0.24438083171844482,0.15633144974708557,0.938200056552887,0.13387858867645264,-0.43498343229293823,-0.395670622587204,0.455685555934906,0.5468634963035583,1.627439022064209,0.5134258270263672,-0.634350061416626,-0.2844288945198059,-0.7393288612365723,0.15943336486816406
1.7072802782058716,-0.023761741816997528,0.6510335206985474,-0.06671693921089172,0.019340749830007553,-0.0624697171151638,-0.9956265091896057,-0.2580938935279846,-0.0323319211602211,-0.22939781844615936,0.6000434160232544,-0.1625755876302719,-0.31905508041381836,-0.49725016951560974,-0.24236762523651123,0.15314041078090668,0.9188282489776611,0.1302291303873062,-0.4239506721496582,-0.3939780294895172,0.4263068437576294,0.49792060256004333,1.6300000000000001,0.41052523255348206,-0.6139217615127563,-0.24336926639080048,-0.7184473276138306,0.0956195667386055
1.707578182220459,-0.024575814604759216,0.6534360647201538,-0.06618721783161163,0.01847747713327408,-0.05942186713218689,-0.9958648681640625,-0.2440301775932312,-0.025027448311448097,-0.21872083842754364,0.5708115696907043,-0.16273103654384613,-0.30568811297416687,-0.49017569422721863,-0.2385970801115036,0.1506396383047104,0.8999108672142029,0.1266213357448578,-0.4132872223854065,-0.38998207449913025,0.3891487717628479,0.4457677900791168,1.6300000000000001,0.3021795451641083,-0.5887764692306519,-0.1996469497680664,-0.6994286179542542,0.021910985931754112
1.7080692052841187,-0.025444306433200836,0.6555762887001038,-0.06514953076839447,0.017713554203510284,-0.05607634410262108,-0.9961410760879517,-0.2308356612920761,-0.016885343939065933,-0.20828065276145935,0.5448341369628906,-0.1633237898349762,-0.2945447564125061,-0.48295900225639343,-0.2333574891090393,0.1482323259115219,0.8820053935050964,0.12287941575050354,-0.4034361243247986,-0.38403892517089844,0.3463381230831146,0.3937312960624695,1.6300000000000001,0.19300366938114166,-0.5586804151535034,-0.15433694422245026,-0.6843447089195251,-0.05982668325304985
1.7087152004241943,-0.026341767981648445,0.6574835777282715,-0.06359656155109406,0.016997039318084717,-0.05286671966314316,-0.9964293241500854,-0.21900588274002075,-0.008144175633788109,-0.19894854724407196,0.5222563147544861,-0.16429907083511353,-0.2854042947292328,-0.4754004180431366,-0.22711725533008575,0.14504949748516083,0.8649076819419861,0.11892621219158173,-0.39438655972480774,-0.3775693476200104,0.3007461428642273,0.3448840379714966,1.6300000000000001,0.08817160874605179,-0.5254668593406677,-0.10948289185762405,-0.6740018725395203,-0.14314889907836914
1.7094873189926147,-0.027237379923462868,0.6592276692390442,-0.06157953292131424,0.01635827124118805,-0.05008643493056297,-0.9967104196548462,-0.20837561786174774,0.0010213415371254086,-0.1911219358444214,0.5024489760398865,-0.1655655801296234,-0.27775970101356506,-0.46702924370765686,-0.22033584117889404,0.14048196375370026,0.8481038212776184,0.11485138535499573,-0.38595762848854065,-0.37197524309158325,0.25535592436790466,0.30215349793434143,1.6300000000000001,-0.006781676318496466,-0.4916103482246399,-0.06755854189395905,-0.6676557064056396,-0.14999999999999997
1.7103908061981201,-0.028099067509174347,0.6608409285545349,-0.05914822593331337,0.015972454100847244,-0.047799352556467056,-0.9969761371612549,-0.19844651222229004,0.010541906580328941,-0.1847596913576126,0.4851713478565216,-0.16703900694847107,-0.27150434255599976,-0.45726293325424194,-0.21324525773525238,0.13435694575309753,0.8313606381416321,0.11077145487070084,-0.37812837958335876,-0.3677287995815277,0.21306265890598297,0.26779672503471375,1.6300000000000001,-0.08828484266996384,-0.45893219113349915,-0.03102758713066578,-0.6639346480369568,-0.14999999999999997
1.7114262580871582,-0.02890649065375328,0.6623440384864807,-0.05630936473608017,0.015991246327757835,-0.04598505422472954,-0.9972254633903503,-0.18883168697357178,0.020465292036533356,-0.1797313690185547,0.47037532925605774,-0.16866661608219147,-0.2666793763637543,-0.4456137716770172,-0.20587386190891266,0.1266385167837143,0.8144107460975647,0.10689102113246918,-0.3708075284957886,-0.36465397477149963,0.17646023631095886,0.24407453835010529,1.6300000000000001,-0.14999999999999997,-0.4285100996494293,-0.03,-0.6623781323432922,-0.14999999999999997
1.7124770879745483,-0.029557423666119576,0.6637814044952393,-0.05285661667585373,0.01676713116466999,-0.044610556215047836,-0.9974641799926758,-0.17921259999275208,0.031122349202632904,-0.1759997010231018,0.4586193859577179,-0.17030897736549377,-0.2634841799736023,-0.4308832287788391,-0.19797368347644806,0.11688217520713806,0.796255350112915,0.10339435189962387,-0.36336761713027954,-0.36113762855529785,0.1475592702627182,0.23462127149105072,1.6300000000000001,-0.14999999999999997,-0.4057809114456177,-0.03,-0.6655207276344299,-0.14999999999999997
1.713577151298523,-0.030208438634872437,0.6651538014411926,-0.04918433353304863,0.017604069784283638,-0.043915826827287674,-0.9976683855056763,-0.17048169672489166,0.04186910018324852,-0.1739133596420288,0.44827520847320557,-0.17205074429512024,-0.2608332633972168,-0.4151931405067444,-0.19006311893463135,0.10583905875682831,0.7776122093200684,0.10057134181261063,-0.3560924828052521,-0.3581848740577698,0.12797494232654572,0.2417137622833252,1.6300000000000001,-0.14999999999999997,-0.38490402698516846,-0.03,-0.6746177673339844,-0.14999999999999997
1.714598298072815,-0.030750945210456848,0.6665300130844116,-0.045482028275728226,0.018022621050477028,-0.043561987578868866,-0.9978520274162292,-0.16306856274604797,0.052281156182289124,-0.17254304885864258,0.4379578232765198,-0.17368453741073608,-0.25774985551834106,-0.40039193630218506,-0.18235956132411957,0.09453114122152328,0.7584604620933533,0.0973193347454071,-0.34838902950286865,-0.3551728129386902,0.11733707040548325,0.2632407248020172,1.6300000000000001,-0.14999999999999997,-0.369356632232666,-0.03,-0.689342200756073,-0.14999999999999997
1.7154513597488403,-0.031055068597197533,0.6679171323776245,-0.0421738475561142,0.017794962972402573,-0.04295568913221359,-0.9980276823043823,-0.1565120667219162,0.06148388609290123,-0.17010460793972015,0.42632821202278137,-0.17471526563167572,-0.2535642683506012,-0.388005793094635,-0.17534281313419342,0.08548905700445175,0.7391952276229858,0.09479771554470062,-0.3399576246738434,-0.3505397140979767,0.11522658169269562,0.2954743802547455,1.6300000000000001,-0.14999999999999997,-0.362684965133667,-0.03665710985660553,-0.707798957824707,-0.14999999999999997
1.7161656618118286,-0.03102138265967369,0.6693581342697144,-0.03962588310241699,0.017115289345383644,-0.04178579896688461,-0.9981937408447266,-0.1490374207496643,0.06876899302005768,-0.16510331630706787,0.4115501046180725,-0.17472517490386963,-0.24751496315002441,-0.37790369987487793,-0.16980397701263428,0.07967296242713928,0.720096230506897,0.09326694905757904,-0.3309352695941925,-0.34339243173599243,0.12058524042367935,0.336261510848999,1.6300000000000001,-0.14999999999999997,-0.3644160032272339,-0.07270105183124542,-0.7292597889900208,-0.14999999999999997
1.7168104648590088,-0.03060954250395298,0.6708669662475586,-0.03787330538034439,0.016292760148644447,-0.040121469646692276,-0.9983437657356262,-0.13939058780670166,0.07402410358190536,-0.1573198288679123,0.39284324645996094,-0.173679918050766,-0.23945826292037964,-0.3690482974052429,-0.16608116030693054,0.0765908807516098,0.7011275887489319,0.09273754805326462,-0.32157790660858154,-0.3339250087738037,0.13209138810634613,0.3835776150226593,1.6300000000000001,-0.11494316905736923,-0.37164121866226196,-0.11584056168794632,-0.7537499666213989,-0.14999999999999997
1.7174214124679565,-0.029812896624207497,0.672390878200531,-0.0367397740483284,0.015456813387572765,-0.03817601501941681,-0.9984757304191589,-0.12797805666923523,0.07741358876228333,-0.14761324226856232,0.3713870644569397,-0.17176276445388794,-0.23001377284526825,-0.36090394854545593,-0.16404879093170166,0.07545344531536102,0.6824620962142944,0.09320034086704254,-0.3121687173843384,-0.3227529227733612,0.14852994680404663,0.43380215764045715,1.6300000000000001,-0.045241303741931915,-0.38229984045028687,-0.1640375405550003,-0.7813606262207031,-0.14999999999999997
1.718018651008606,-0.028678303584456444,0.6738603115081787,-0.036055952310562134,0.014701408334076405,-0.03612503409385681,-0.9985882639884949,-0.11547373235225677,0.07918784767389297,-0.1368940770626068,0.34865638613700867,-0.1692192554473877,-0.21995359659194946,-0.35324975848197937,-0.16344204545021057,0.07560896128416061,0.6645470261573792,0.094486765563488,-0.30308276414871216,-0.31034693121910095,0.16873927414417267,0.4830314815044403,1.6300000000000001,0.029463723301887512,-0.39545273780822754,-0.21562689542770386,-0.8109424114227295,-0.14999999999999997
1.718613862991333,-0.02731911465525627,0.6752423048019409,-0.03570426255464554,0.014152479358017445,-0.034066423773765564,-0.9986812472343445,-0.10201744735240936,0.07971276342868805,-0.12565214931964874,0.32528847455978394,-0.16621112823486328,-0.20962150394916534,-0.34575146436691284,-0.1639387160539627,0.07649552822113037,0.6476172804832458,0.09634458273649216,-0.29454800486564636,-0.2973349392414093,0.1915694922208786,0.5284262895584106,1.6300000000000001,0.1053418442606926,-0.4104616343975067,-0.2681400179862976,-0.8395950794219971,-0.12141211330890656
1.7192014455795288,-0.02587691694498062,0.6765386462211609,-0.0355059988796711,0.013877257704734802,-0.03209255635738373,-0.9987576007843018,-0.0877179503440857,0.07958411425352097,-0.11432423442602158,0.30150628089904785,-0.16305963695049286,-0.19910620152950287,-0.33798515796661377,-0.1650228500366211,0.07743052393198013,0.6314277648925781,0.09844315052032471,-0.2864971458911896,-0.2846263647079468,0.21583062410354614,0.5683848857879639,1.6300000000000001,0.18068484961986542,-0.42654678225517273,-0.31816810369491577,-0.8642566800117493,-0.07251617312431335
1.7197471857070923,-0.024472076445817947,0.6777544617652893,-0.03524255380034447,0.013825398869812489,-0.030304644256830215,-0.9988234043121338,-0.07319289445877075,0.07943674921989441,-0.1034773588180542,0.29000000000000004,-0.16005685925483704,-0.18860167264938354,-0.32978445291519165,-0.16610276699066162,0.07777190953493118,0.6155826449394226,0.10044138133525848,-0.27869412302970886,-0.2730829119682312,0.24009564518928528,0.6017428040504456,1.6300000000000001,0.2534940838813782,-0.44280877709388733,-0.36213359236717224,-0.8830239772796631,-0.026296913623809814
1.7201887369155884,-0.023165034130215645,0.6788724064826965,-0.034824974834918976,0.013820027932524681,-0.028722506016492844,-0.9988849759101868,-0.0595129020512104,0.07952229678630829,-0.093553826212883,0.29000000000000004,-0.15732482075691223,-0.17842458188533783,-0.32169750332832336,-0.16685040295124054,0.07753834128379822,0.6001227498054504,0.10225348174571991,-0.2709938883781433,-0.26293131709098816,0.26230159401893616,0.627792239189148,1.6300000000000001,0.321704626083374,-0.4584019184112549,-0.39775118231773376,-0.8948437571525574,0.01699618063867092
1.720472812652588,-0.021953105926513672,0.6798591613769531,-0.034304648637771606,0.013669874519109726,-0.02717261016368866,-0.998948335647583,-0.047646865248680115,0.07971721142530441,-0.08452986925840378,0.29000000000000004,-0.15487514436244965,-0.1690501719713211,-0.3147623538970947,-0.16719713807106018,0.07749336212873459,0.585620105266571,0.10390294343233109,-0.2634454667568207,-0.2533908188343048,0.279807984828949,0.6460325717926025,1.6300000000000001,0.3825373649597168,-0.472124844789505,-0.424240380525589,-0.8987574577331543,0.058255620300769806
1.720592975616455,-0.020814059302210808,0.6806798577308655,-0.033832721412181854,0.013264072127640247,-0.025273572653532028,-0.9990198016166687,-0.037902168929576874,0.07969363033771515,-0.0757250264286995,0.29000000000000004,-0.1526212990283966,-0.16091030836105347,-0.31006309390068054,-0.16720308363437653,0.07895628362894058,0.5729498863220215,0.10546912252902985,-0.2562832236289978,-0.24312974512577057,0.2907874286174774,0.6563529968261719,1.6300000000000001,0.43329691886901855,-0.48311981558799744,-0.441385418176651,-0.8945558667182922,0.09760816395282745
1.7206109762191772,-0.019736792892217636,0.6813237071037292,-0.03352772817015648,0.012709635309875011,-0.022709617391228676,-0.9990988373756409,-0.02965751476585865,0.07923267781734467,-0.0663369670510292,0.29000000000000004,-0.1505005657672882,-0.1542496234178543,-0.30775147676467896,-0.16694675385951996,0.08275799453258514,0.5626424551010132,0.10702834278345108,-0.24979284405708313,-0.23128542304039001,0.29450586438179016,0.6586671471595764,1.6300000000000001,0.4706573188304901,-0.49008166790008545,-0.4481932818889618,-0.8824299573898315,0.1311299204826355
1.72061026096344,-0.01871802657842636,0.6818051338195801,-0.0333683006465435,0.012157599441707134,-0.01956460252404213,-0.9991775751113892,-0.022563155740499496,0.07838995009660721,-0.05648118630051613,0.29000000000000004,-0.1484973430633545,-0.14933308959007263,-0.3071695566177368,-0.16647253930568695,0.08851659297943115,0.554627537727356,0.1085546463727951,-0.24418634176254272,-0.2184004932641983,0.2912987470626831,0.6523607969284058,1.6032342910766602,0.48940062522888184,-0.49137431383132935,-0.442815363407135,-0.8635774850845337,0.15115061402320862
1.7206530570983887,-0.017781022936105728,0.6821362376213074,-0.03326711431145668,0.011592414230108261,-0.016493938863277435,-0.9992431402206421,-0.017491118982434273,0.07736387848854065,-0.04781297966837883,0.29000000000000004,-0.1467142403125763,-0.14644815027713776,-0.30762696266174316,-0.16597327589988708,0.09463872015476227,0.5487032532691956,0.10995891690254211,-0.2397478073835373,-0.20651862025260925,0.2825666069984436,0.6374967098236084,1.5720106363296509,0.4862430691719055,-0.48556360602378845,-0.42426797747612,-0.8410722613334656,0.15156055986881256
1.7208247184753418,-0.016980359330773354,0.6823785901069641,-0.03305221349000931,0.01107152458280325,-0.014150298200547695,-0.9992920756340027,-0.014395473524928093,0.07667149603366852,-0.04157793149352074,0.29000000000000004,-0.14527539908885956,-0.14527402818202972,-0.3077438175678253,-0.16545461118221283,0.09912758320569992,0.5438852310180664,0.111000195145607,-0.23644301295280457,-0.1973646581172943,0.2702518105506897,0.6150795221328735,1.5493550300598145,0.4615360200405121,-0.4717519283294678,-0.39345255494117737,-0.8188450336456299,0.1313115656375885
1.7211849689483643,-0.016340825706720352,0.6826070547103882,-0.03250548243522644,0.010627569630742073,-0.01282992772758007,-0.9993325471878052,-0.012882914394140244,0.07689765095710754,-0.038217827677726746,0.29000000000000004,-0.1442573219537735,-0.145391047000885,-0.3063000440597534,-0.16466255486011505,0.10064513981342316,0.5388149619102478,0.11135030537843704,-0.23382192850112915,-0.19162943959236145,0.2554784119129181,0.5860943794250488,1.5349342823028564,0.4176709055900574,-0.4507317841053009,-0.3527472913265228,-0.7997284531593323,0.09415857493877411
1.7217304706573486,-0.015822822228074074,0.6828656792640686,-0.031578801572322845,0.010116052813827991,-0.012398108839988708,-0.9993730783462524,-0.012701214291155338,0.07812722772359848,-0.037233058363199234,0.29000000000000004,-0.14359281957149506,-0.14629773795604706,-0.3035602569580078,-0.16343973577022552,0.09929285943508148,0.533134400844574,0.11013508588075638,-0.23160937428474426,-0.1889609545469284,0.23791737854480743,0.5516037344932556,1.5279179811477661,0.358749121427536,-0.42471572756767273,-0.3053862154483795,-0.7848923802375793,0.045886699110269547
1.7224326133728027,-0.015351365320384502,0.6831557750701904,-0.030351907014846802,0.00936680193990469,-0.012485580518841743,-0.9994173049926758,-0.013769992627203465,0.08007588237524033,-0.037775520235300064,0.29000000000000004,-0.14312708377838135,-0.14779111742973328,-0.3006907105445862,-0.1617467701435089,0.09599046409130096,0.5275359153747559,0.10612212866544724,-0.2298906445503235,-0.18835298717021942,0.21671362221240997,0.5126397013664246,1.5272760391235352,0.28833451867103577,-0.39558741450309753,-0.2549431324005127,-0.7745317220687866,-0.008623422123491764
1.7232640981674194,-0.01488061435520649,0.6834465861320496,-0.028912285342812538,0.008267938159406185,-0.01281927153468132,-0.9994654655456543,-0.016545282676815987,0.08245861530303955,-0.03946732357144356,0.29000000000000004,-0.14276011288166046,-0.15021729469299316,-0.29836711287498474,-0.15964266657829285,0.09178253263235092,0.5222192406654358,0.1001494750380516,-0.2285631000995636,-0.18892048299312592,0.19131411612033844,0.4704911708831787,1.5323655605316162,0.20856335759162903,-0.3643978536128998,-0.20452092587947845,-0.7687042355537415,-0.06688384711742401
1.7241941690444946,-0.014396240003407001,0.6837130784988403,-0.027320019900798798,0.00677836686372757,-0.013362975791096687,-0.9995144009590149,-0.021384073421359062,0.08509615808725357,-0.04236321896314621,0.29000000000000004,-0.1424519419670105,-0.1537463665008545,-0.2966861128807068,-0.1572704315185547,0.08714083582162857,0.5169677138328552,0.09366834163665771,-0.22742007672786713,-0.19008295238018036,0.1614859402179718,0.42739009857177734,1.5424569845199585,0.12197776138782501,-0.3317391574382782,-0.15667036175727844,-0.7679811716079712,-0.1278199702501297
1.7251754999160767,-0.013896382413804531,0.6839472651481628,-0.02561630867421627,0.0048980554565787315,-0.014271093532443047,-0.9995579123497009,-0.028343573212623596,0.08786536008119583,-0.04678049311041832,0.29000000000000004,-0.1421661674976349,-0.1581564098596573,-0.2954421937465668,-0.1548735350370407,0.08267935365438461,0.5112816095352173,0.09067877382040024,-0.225366473197937,-0.19140230119228363,0.12733350694179535,0.3865292966365814,1.5556421279907227,0.033151280134916306,-0.2982495427131653,-0.11419690400362015,-0.7734315991401672,-0.14999999999999997
1.726162314414978,-0.01339435763657093,0.6841369867324829,-0.02398633398115635,0.0026947318110615015,-0.01567082852125168,-0.9995856881141663,-0.03703220933675766,0.09035110473632812,-0.052747175097465515,0.29000000000000004,-0.14190055429935455,-0.16278380155563354,-0.293880432844162,-0.15295268595218658,0.07758384197950363,0.5042257308959961,0.08978425711393356,-0.2234548032283783,-0.19231358170509338,0.08987472206354141,0.35166025161743164,1.5691261291503906,-0.05051559954881668,-0.26469773054122925,-0.08041223138570786,-0.7861623167991638,-0.14999999999999997
1.727131724357605,-0.012895588763058186,0.684329092502594,-0.022471781820058823,0.0003606031241361052,-0.017666250467300415,-0.9995912909507751,-0.04594854265451431,0.09249227494001389,-0.05984342470765114,0.29000000000000004,-0.14159439504146576,-0.16653670370578766,-0.29186689853668213,-0.1516421139240265,0.07164761424064636,0.49638164043426514,0.09078127890825272,-0.2213677018880844,-0.19246844947338104,0.05173235386610031,0.3269422948360443,1.5811235904693604,-0.11988973617553711,-0.23157083988189697,-0.05858265981078148,-0.8070374727249146,-0.14999999999999997
1.7280687093734741,-0.012394252233207226,0.6845471858978271,-0.021211661398410797,-0.0019724504090845585,-0.020192550495266914,-0.9995690584182739,-0.053833428770303726,0.09402082860469818,-0.06736711412668228,0.29000000000000004,-0.1411760002374649,-0.1685481071472168,-0.28916046023368835,-0.1512315273284912,0.06505592167377472,0.4877181053161621,0.09384777396917343,-0.21907351911067963,-0.19165468215942383,0.016533000394701958,0.3156285881996155,1.5917634963989258,-0.14999999999999997,-0.19954903423786163,-0.05071622133255005,-0.8360275626182556,-0.14999999999999997
1.728954792022705,-0.011896028183400631,0.6847955584526062,-0.02028265781700611,-0.004284692462533712,-0.02304540015757084,-0.9995194673538208,-0.06016619876027107,0.09483207017183304,-0.07467439025640488,0.29000000000000004,-0.14063183963298798,-0.16853287816047668,-0.28567376732826233,-0.15178552269935608,0.05835853889584541,0.47781476378440857,0.09989883750677109,-0.2162599116563797,-0.1898375004529953,-0.011824505403637886,0.31990745663642883,1.602787733078003,-0.14999999999999997,-0.1706153005361557,-0.05768260359764099,-0.8727008700370789,-0.14999999999999997
1.7297799587249756,-0.011429562233388424,0.6850535273551941,-0.01972874626517296,-0.006600071210414171,-0.025841791182756424,-0.9994494915008545,-0.0648166686296463,0.0949404165148735,-0.08098425716161728,0.29000000000000004,-0.14000354707241058,-0.16670304536819458,-0.2816409766674042,-0.15316665172576904,0.05250530317425728,0.46645858883857727,0.10988796502351761,-0.2126505821943283,-0.1864909827709198,-0.03013753332197666,0.34136468172073364,1.6160922050476074,-0.14999999999999997,-0.14708083868026733,-0.07843397557735443,-0.9173134565353394,-0.14999999999999997
1.7305498123168945,-0.010946329683065414,0.6853550672531128,-0.019364461302757263,-0.008942065760493279,-0.028259899467229843,-0.9993729591369629,-0.0677151307463646,0.09473951905965805,-0.08565852791070938,0.29000000000000004,-0.13923074305057526,-0.16332320868968964,-0.2789857089519501,-0.1546291708946228,0.047116946429014206,0.4568012058734894,0.1161055788397789,-0.2097901701927185,-0.18113677203655243,-0.036259446293115616,0.37761467695236206,1.6300000000000001,-0.13702774047851562,-0.12970751523971558,-0.1092558354139328,-0.9709051251411438,-0.14999999999999997
1.731250524520874,-0.01024589128792286,0.68570476770401,-0.019242778420448303,-0.011300643905997276,-0.03035076893866062,-0.9992901086807251,-0.06899147480726242,0.09376119077205658,-0.08883002400398254,0.29000000000000004,-0.1379459649324417,-0.15846632421016693,-0.27841588854789734,-0.15658412873744965,0.04257955029606819,0.4500645101070404,0.11748701333999634,-0.20762230455875397,-0.17439478635787964,-0.02960541658103466,0.4228740930557251,1.6300000000000001,-0.0838775783777237,-0.11744419485330582,-0.14717663824558258,-1.0329766273498535,-0.14999999999999997
1.731835126876831,-0.009216079488396645,0.6860056519508362,-0.019777199253439903,-0.013766581192612648,-0.032626163214445114,-0.9991769790649414,-0.06946788728237152,0.09078144282102585,-0.09166505187749863,0.29000000000000004,-0.13589616119861603,-0.15205827355384827,-0.27958667278289795,-0.1605779081583023,0.03906470537185669,0.4456247389316559,0.11957600712776184,-0.2065853476524353,-0.16786780953407288,-0.011204270645976067,0.47137168049812317,1.6300000000000001,-0.019877823069691658,-0.10828382521867752,-0.19146715104579926,-1.1016201972961426,-0.14999999999999997
1.7322535514831543,-0.007898219861090183,0.6862360239028931,-0.020897451788187027,-0.016435230150818825,-0.03534683957695961,-0.9990213513374329,-0.07013213634490967,0.08594997227191925,-0.09510635584592819,0.29000000000000004,-0.13318230211734772,-0.14433623850345612,-0.282716304063797,-0.16652867197990417,0.03615902364253998,0.443637490272522,0.12244910001754761,-0.20660258829593658,-0.16238084435462952,0.016765132546424866,0.5191749930381775,1.6300000000000001,0.05160518363118172,-0.09977228939533234,-0.24086932837963104,-1.1748994588851929,-0.14999999999999997
1.7325186729431152,-0.006444083526730537,0.6864318251609802,-0.02228717878460884,-0.01915222778916359,-0.038372691720724106,-0.9988312125205994,-0.07054362446069717,0.08029355853796005,-0.09890709072351456,0.29000000000000004,-0.1301582157611847,-0.13545487821102142,-0.2866678833961487,-0.17345790565013885,0.03332410752773285,0.4427345395088196,0.12569484114646912,-0.20699946582317352,-0.1580430269241333,0.05231618508696556,0.5643161535263062,1.6300000000000001,0.1277623027563095,-0.08988014608621597,-0.2928793728351593,-1.2504864931106567,-0.14999999999999997
1.7326526641845703,-0.005016624927520752,0.6866216063499451,-0.023661691695451736,-0.021733364090323448,-0.041488055139780045,-0.9986222386360168,-0.07017908990383148,0.07480085641145706,-0.10265162587165833,0.29000000000000004,-0.12720876932144165,-0.125652015209198,-0.2904196083545685,-0.18038402497768402,0.030221540480852127,0.4418087899684906,0.12887737154960632,-0.20722359418869019,-0.15481287240982056,0.09331239014863968,0.6065126061439514,1.6300000000000001,0.2071164846420288,-0.07783164829015732,-0.3448069393634796,-1.3262550830841064,-0.14999999999999997
1.7326356172561646,-0.0037201489321887493,0.6867899894714355,-0.02486700937151909,-0.024143768474459648,-0.044735390692949295,-0.9983974099159241,-0.06994635611772537,0.06992232799530029,-0.10688565671443939,0.29000000000000004,-0.12456853687763214,-0.11576300859451294,-0.29382815957069397,-0.18681500852108002,0.0265330970287323,0.44082632660865784,0.13175036013126373,-0.20725595951080322,-0.1530228704214096,0.1370648592710495,0.6448986530303955,1.6300000000000001,0.2869202494621277,-0.0639171302318573,-0.3942958116531372,-1.3997071981430054,-0.14579027891159058
1.732456088066101,-0.002595415571704507,0.6869127154350281,-0.025860793888568878,-0.02630714327096939,-0.04823753982782364,-0.9981544017791748,-0.07087232172489166,0.06570851802825928,-0.1123153567314148,0.29000000000000004,-0.1223454475402832,-0.10682029277086258,-0.2968105375766754,-0.1926552951335907,0.02199411578476429,0.44015559554100037,0.13424786925315857,-0.20734302699565887,-0.15280592441558838,0.18013262748718262,0.6773287057876587,1.6300000000000001,0.3620763421058655,-0.04823971912264824,-0.44006747007369995,-1.4675078392028809,-0.12386511266231537
1.7321290969848633,-0.0016538802301511168,0.68697589635849,-0.026667611673474312,-0.028111524879932404,-0.05195987969636917,-0.9978971481323242,-0.07340075820684433,0.06204463914036751,-0.11909251660108566,0.29000000000000004,-0.12056060880422592,-0.0996556282043457,-0.2992810904979706,-0.19793057441711426,0.016717780381441116,0.4401645064353943,0.13637763261795044,-0.20772148668766022,-0.15353310108184814,0.21790637075901031,0.7013618350028992,1.6300000000000001,0.42592352628707886,-0.030149001628160477,-0.48165932297706604,-1.5254297256469727,-0.10250204056501389
1.7316620349884033,-0.0009322497062385082,0.6869801878929138,-0.027292173355817795,-0.029545756056904793,-0.05562685802578926,-0.9976410269737244,-0.07769573479890823,0.05893084779381752,-0.12673963606357574,0.29000000000000004,-0.11926231533288956,-0.09476025402545929,-0.3014724850654602,-0.20244133472442627,0.011298845522105694,0.44095632433891296,0.138035848736763,-0.2084265649318695,-0.15378794074058533,0.24516108632087708,0.7157678008079529,1.6300000000000001,0.4722822904586792,-0.008321554400026798,-0.5176939368247986,-1.5683367252349854,-0.07723615318536758
1.7311185598373413,-0.00048329634591937065,0.6869582533836365,-0.02762426994740963,-0.030481284484267235,-0.05885625258088112,-0.9974184632301331,-0.08305637538433075,0.05675038695335388,-0.13430403172969818,0.29000000000000004,-0.11853747069835663,-0.09235851466655731,-0.3027804493904114,-0.2056533843278885,0.006053140386939049,0.4417029619216919,0.13902278244495392,-0.20895050466060638,-0.15210925042629242,0.25951215624809265,0.7214486598968506,1.6300000000000001,0.4987857937812805,0.018655315041542053,-0.5455387234687805,-1.592801809310913,-0.046404141932725906
1.7305924892425537,-0.0002973964437842369,0.6869351863861084,-0.027611512690782547,-0.030712811276316643,-0.061405859887599945,-0.9972580075263977,-0.08836708217859268,0.055711448192596436,-0.14099058508872986,0.29000000000000004,-0.11836698651313782,-0.0924626812338829,-0.3023577928543091,-0.20733889937400818,0.0011101445415988564,0.4417773187160492,0.1394956260919571,-0.20901864767074585,-0.14803935587406158,0.262749046087265,0.7200536727905273,1.6228407621383667,0.5078091025352478,0.05047610029578209,-0.5629037618637085,-1.5980111360549927,-0.011998296715319157
1.730136513710022,-0.00029646349139511585,0.686894416809082,-0.027371445670723915,-0.03020312450826168,-0.06329844892024994,-0.9971619248390198,-0.09324248135089874,0.055455952882766724,-0.14670774340629578,0.29000000000000004,-0.1185760423541069,-0.09498533606529236,-0.3002983331680298,-0.20788325369358063,-0.0033580081071704626,0.4416947066783905,0.1395340859889984,-0.2091018706560135,-0.14206545054912567,0.2586272358894348,0.7135207056999207,1.5783450603485107,0.505750834941864,0.0847998782992363,-0.5698620676994324,-1.5855530500411987,0.022741125896573067
1.7297358512878418,-0.0003956921864300966,0.6867899298667908,-0.027138395234942436,-0.029112596064805984,-0.06467246264219284,-0.9971124529838562,-0.09779170155525208,0.05530409887433052,-0.15164817869663239,0.29000000000000004,-0.11895129829645157,-0.0994865819811821,-0.2977156639099121,-0.208016499876976,-0.0068437810987234116,0.4427783787250519,0.13942232728004456,-0.2098418027162552,-0.13467536866664886,0.2494550496339798,0.7041313052177429,1.5372645854949951,0.49993032217025757,0.11890525370836258,-0.5686111450195312,-1.5586234331130981,0.054913852363824844
1.729346513748169,-0.0005381384398788214,0.686592698097229,-0.027135485783219337,-0.027661753818392754,-0.06556717306375504,-0.9970954656600952,-0.1017703041434288,0.05471622198820114,-0.15561425685882568,0.29000000000000004,-0.11931605637073517,-0.10499127954244614,-0.2958535850048065,-0.20835478603839874,-0.008676350116729736,0.44607222080230713,0.13942623138427734,-0.21158966422080994,-0.1258343607187271,0.23504143953323364,0.6938279271125793,1.4997217655181885,0.49506792426109314,0.15118169784545898,-0.5616456866264343,-1.5205440521240234,0.08215630799531937
1.7289364337921143,-0.0006794030778110027,0.6862972378730774,-0.02751416526734829,-0.0260070338845253,-0.06592130661010742,-0.9971062541007996,-0.10476333647966385,0.053370457142591476,-0.1581825315952301,0.29000000000000004,-0.11953871697187424,-0.11064945161342621,-0.2954842746257782,-0.20927728712558746,-0.008324937894940376,0.45200610160827637,0.13954728841781616,-0.21455839276313782,-0.11525343358516693,0.21428242325782776,0.6840284466743469,1.4647846221923828,0.493404746055603,0.18138349056243896,-0.551218569278717,-1.4740750789642334,0.10390716046094894
1.728502631187439,-0.0007872309070080519,0.6859035491943359,-0.028328491374850273,-0.024207625538110733,-0.0656682476401329,-0.9971455335617065,-0.10663726180791855,0.05113998427987099,-0.15910853445529938,0.29000000000000004,-0.11954022198915482,-0.11624570190906525,-0.2968330383300781,-0.21091382205486298,-0.005517187062650919,0.46056628227233887,0.13992679119110107,-0.21860069036483765,-0.10277554392814636,0.18667492270469666,0.6760144233703613,1.4316825866699219,0.4967379570007324,0.2099328339099884,-0.5390853881835938,-1.4211456775665283,0.12133712321519852
1.7280482053756714,-0.0008552297949790955,0.6854027509689331,-0.029551919549703598,-0.022311493754386902,-0.06481311470270157,-0.9972100853919983,-0.10784637182950974,0.04803061485290527,-0.15857075154781342,0.29000000000000004,-0.11932632327079773,-0.12210902571678162,-0.29997050762176514,-0.21319091320037842,-0.0002499726542737335,0.4716686010360718,0.1405649036169052,-0.22367537021636963,-0.08843208849430084,0.15232960879802704,0.6710560321807861,1.399599552154541,0.5073755979537964,0.23707778751850128,-0.5261387825012207,-1.3623648881912231,0.13634619116783142
1.7275683879852295,-0.0008923388086259365,0.6847766637802124,-0.031141771003603935,-0.020402688533067703,-0.06342703104019165,-0.9972917437553406,-0.10913517326116562,0.04406863823533058,-0.15697352588176727,0.29000000000000004,-0.11894485354423523,-0.12864603102207184,-0.3050768971443176,-0.2159910351037979,0.007394906599074602,0.4853101074695587,0.14146162569522858,-0.2297709435224533,-0.07235246896743774,0.11184879392385483,0.669619619846344,1.367626428604126,0.5264715552330017,0.26211798191070557,-0.5125486254692078,-1.2967954874038696,0.15114308893680573
1.7270593643188477,-0.0009072578977793455,0.6840155720710754,-0.03309056907892227,-0.018558597192168236,-0.06155960261821747,-0.9973819851875305,-0.11076800525188446,0.03927140682935715,-0.15446744859218597,0.29000000000000004,-0.11842739582061768,-0.13583451509475708,-0.3122877776622772,-0.21924962103366852,0.017377179116010666,0.501396894454956,0.1426207423210144,-0.2368037849664688,-0.054682936519384384,0.06651489436626434,0.6707698106765747,1.3353843688964844,0.5525602698326111,0.283089816570282,-0.4977700710296631,-1.2224761247634888,0.16680628061294556
1.726521611213684,-0.000912336865440011,0.6831357479095459,-0.035410404205322266,-0.01684916578233242,-0.059155289083719254,-0.997478187084198,-0.11241652816534042,0.03371874615550041,-0.15076152980327606,0.29000000000000004,-0.11778359115123749,-0.1431966871023178,-0.3216482996940613,-0.22286401689052582,0.0297923032194376,0.5195524096488953,0.14400219917297363,-0.24457168579101562,-0.03533020243048668,0.017984334379434586,0.6728148460388184,1.3027737140655518,0.5830578207969666,0.2973473072052002,-0.4809436500072479,-1.1377919912338257,0.1833406239748001
1.7259594202041626,-0.0009406022727489471,0.682164192199707,-0.03807630389928818,-0.015332472510635853,-0.05607181042432785,-0.9975825548171997,-0.1137063279747963,0.02762416936457157,-0.14541484415531158,0.29000000000000004,-0.11706782132387161,-0.15032468736171722,-0.33311325311660767,-0.22655048966407776,0.04479319974780083,0.539182722568512,0.14551475644111633,-0.2526889741420746,-0.013988913036882877,-0.03197064623236656,0.6741454601287842,1.2698519229888916,0.6159302592277527,0.3026715815067291,-0.46098336577415466,-1.0422534942626953,0.1997668445110321
1.7253977060317993,-0.0010409082751721144,0.6811298727989197,-0.0410037636756897,-0.013994410634040833,-0.05214091017842293,-0.9976993799209595,-0.11429689824581146,0.021348195150494576,-0.13803401589393616,0.29000000000000004,-0.1163794994354248,-0.1571282297372818,-0.34635302424430847,-0.2298462837934494,0.062402911484241486,0.559607207775116,0.14702492952346802,-0.26078471541404724,0.009625942446291447,-0.08141186088323593,0.6734482049942017,1.2370198965072632,0.6498516201972961,0.29807281494140625,-0.4364197552204132,-0.9365444183349609,0.21413812041282654
1.7248839139938354,-0.001257017720490694,0.6800621151924133,-0.04407486692070961,-0.012740116566419601,-0.04716920852661133,-0.9978326559066772,-0.11376331001520157,0.015307307243347168,-0.1282116323709488,0.29000000000000004,-0.11583474278450012,-0.16375073790550232,-0.36077284812927246,-0.23221595585346222,0.08255413919687271,0.5801597237586975,0.14839017391204834,-0.2685571312904358,0.0356946736574173,-0.12821567058563232,0.669581949710846,1.205071210861206,0.6837189793586731,0.28357836604118347,-0.40588414669036865,-0.8220401406288147,0.22543635964393616
1.7244813442230225,-0.001606544479727745,0.6789696216583252,-0.0472259521484375,-0.01135212555527687,-0.0410606786608696,-0.9979752898216248,-0.11152613908052444,0.009718364104628563,-0.11571697890758514,0.29000000000000004,-0.11550099402666092,-0.170485720038414,-0.37556037306785583,-0.23337408900260925,0.10501843690872192,0.6005905270576477,0.1495462954044342,-0.2760229706764221,0.06407827138900757,-0.1705806851387024,0.6618291139602661,1.1742552518844604,0.7167831659317017,0.26021474599838257,-0.36884528398513794,-0.7008618116378784,0.2346641719341278
1.7242451906204224,-0.002102663740515709,0.6778303980827332,-0.0504278764128685,-0.00962592288851738,-0.03395764157176018,-0.9981038570404053,-0.1074393093585968,0.0045992289669811726,-0.10091347992420197,0.29000000000000004,-0.11543827503919601,-0.1777830868959427,-0.39000698924064636,-0.2332976907491684,0.12925051152706146,0.6211363673210144,0.15048670768737793,-0.2835428714752197,0.09399499744176865,-0.20792579650878906,0.6503403186798096,1.1443181037902832,0.7489558458328247,0.22980709373950958,-0.3256607949733734,-0.5755883455276489,0.2428167164325714
1.724180817604065,-0.002773761749267578,0.6766144633293152,-0.05361661687493324,-0.007542718201875687,-0.02607038989663124,-0.9981926083564758,-0.10206291824579239,6.185623988130828e-06,-0.0844772458076477,0.29000000000000004,-0.11575138568878174,-0.18605729937553406,-0.4039258062839508,-0.23190884292125702,0.15470251441001892,0.6420626640319824,0.1511702835559845,-0.2913561165332794,0.12433131039142609,-0.24060304462909698,0.6359981894493103,1.1151703596115112,0.7804887294769287,0.19400718808174133,-0.27721107006073,-0.4486585855484009,0.24969032406806946
1.7242660522460938,-0.0036468689795583487,0.6752999424934387,-0.05669854208827019,-0.005234755575656891,-0.017596913501620293,-0.9982224106788635,-0.09629692882299423,-0.003927208948880434,-0.06711964309215546,0.29000000000000004,-0.11655008792877197,-0.19559577107429504,-0.41746029257774353,-0.22905923426151276,0.18087798357009888,0.6634488701820374,0.15153515338897705,-0.29950395226478577,0.15395711362361908,-0.26902151107788086,0.6202448606491089,1.086764931678772,0.8121413588523865,0.15404216945171356,-0.22453883290290833,-0.3219127058982849,0.2541714906692505
1.7244901657104492,-0.004720855969935656,0.6738896369934082,-0.05956357717514038,-0.0027963132597506046,-0.008833481930196285,-0.9981814622879028,-0.09071733057498932,-0.0070351348258554935,-0.04961392283439636,0.29000000000000004,-0.11788719892501831,-0.2064230889081955,-0.430363267660141,-0.2247541844844818,0.2069185972213745,0.6850354671478271,0.15152643620967865,-0.30793115496635437,0.18142780661582947,-0.29267260432243347,0.6044512391090393,1.0599255561828613,0.8436685800552368,0.11117560416460037,-0.16877266764640808,-0.19659458100795746,0.2552200257778168
1.7248585224151611,-0.005969941150397062,0.6724210381507874,-0.062056347727775574,-0.0002721994533203542,-0.0002935572119895369,-0.9980725049972534,-0.08565839380025864,-0.00909876823425293,-0.03309927508234978,0.3008131980895996,-0.11974995583295822,-0.21829326450824738,-0.44184941053390503,-0.21924571692943573,0.23131126165390015,0.7061696648597717,0.1511051207780838,-0.3165239691734314,0.2045188695192337,-0.31016209721565247,0.59031742811203,1.036781668663025,0.8741523623466492,0.06682971864938736,-0.11090657860040665,-0.07471531629562378,0.251343697309494
1.7253235578536987,-0.007349157705903053,0.6709340810775757,-0.06406060606241226,0.002123048063367605,0.007430638186633587,-0.997916042804718,-0.08199678361415863,-0.010011793114244938,-0.018854821100831032,0.31529662013053894,-0.12208724766969681,-0.23079049587249756,-0.4517499506473541,-0.21297012269496918,0.2526889741420746,0.7262653708457947,0.1502692997455597,-0.32507333159446716,0.220535546541214,-0.3201245069503784,0.5799247026443481,1.019795536994934,0.9028280973434448,0.02120855636894703,-0.05231251195073128,0.04075971618294716,0.24100850522518158
1.7257851362228394,-0.008808944374322891,0.669462263584137,-0.06561417132616043,0.004054683726280928,0.013956553302705288,-0.9977391958236694,-0.08066795766353607,-0.009977399371564388,-0.0078092231415212154,0.3309321999549866,-0.12478773295879364,-0.24325041472911835,-0.46078741550445557,-0.2064332664012909,0.27060461044311523,0.7450591921806335,0.1490812450647354,-0.33330079913139343,0.22734060883522034,-0.3215736746788025,0.5750749707221985,1.0099685192108154,0.9294182062149048,-0.027737872675061226,-0.03,0.14631138741970062,0.22316059470176697
1.7261595726013184,-0.010280236601829529,0.6680628657341003,-0.06677284836769104,0.005394063424319029,0.018893562257289886,-0.9975746870040894,-0.08193331956863403,-0.009262097999453545,-0.0005826876149512827,0.3469043970108032,-0.12764281034469604,-0.25487205386161804,-0.46907609701156616,-0.2003079205751419,0.28445112705230713,0.7620995044708252,0.14764666557312012,-0.34094586968421936,0.22294823825359344,-0.31247860193252563,0.5767253637313843,1.0078730583190918,0.9538822174072266,-0.08412186801433563,-0.03,0.2370961606502533,0.1968316286802292
1.7263964414596558,-0.01166500709950924,0.6667846441268921,-0.06757235527038574,0.006172551307827234,0.021898942068219185,-0.9974548816680908,-0.08579573780298233,-0.008171995170414448,0.0022837622091174126,0.3627554476261139,-0.13041946291923523,-0.26517319679260254,-0.4763619899749756,-0.1952894926071167,0.29366976022720337,0.777001678943634,0.14612610638141632,-0.3478781580924988,0.20601040124893188,-0.2897627353668213,0.5845721960067749,1.0139439105987549,0.9761433601379395,-0.15234503149986267,-0.03,0.30727821588516235,0.15856008231639862
1.7264710664749146,-0.012865548022091389,0.6655977368354797,-0.06803061813116074,0.00638899952173233,0.02278401516377926,-0.9974024891853333,-0.09294091910123825,-0.0069930581375956535,0.00023925276764202863,0.3794856071472168,-0.13295100629329681,-0.2745376229286194,-0.4828791618347168,-0.19178563356399536,0.2982138693332672,0.7900646328926086,0.1446761190891266,-0.354290246963501,0.17658843100070953,-0.2518515884876251,0.5959601998329163,1.0278692245483398,0.992682158946991,-0.23508208990097046,-0.03,0.35505786538124084,0.10305652767419815
1.726493239402771,-0.013782953843474388,0.6645054221153259,-0.06822896748781204,0.0063800932839512825,0.021933792158961296,-0.9974080324172974,-0.10188906639814377,-0.006096504162997007,-0.005532308015972376,0.39650237560272217,-0.13500496745109558,-0.28308606147766113,-0.4880129098892212,-0.18997442722320557,0.2989174723625183,0.8014078140258789,0.1435389369726181,-0.3604181706905365,0.1365593820810318,-0.19839420914649963,0.607575535774231,1.0485079288482666,0.9998746514320374,-0.3318313658237457,-0.03,0.38382667303085327,0.029094422236084938
1.7266589403152466,-0.014352950267493725,0.663531482219696,-0.0682484433054924,0.0067240954376757145,0.02004445716738701,-0.9974442720413208,-0.10980308800935745,-0.0057008955627679825,-0.012904937379062176,0.4123775362968445,-0.13648821413516998,-0.29091793298721313,-0.49043160676956177,-0.1897878646850586,0.29692718386650085,0.8110334873199463,0.14295262098312378,-0.36654728651046753,0.08834970742464066,-0.12999533116817474,0.6178541779518127,1.07453453540802,0.999777615070343,-0.43893760442733765,-0.03,0.3982008695602417,-0.058218467980623245
1.7270264625549316,-0.014538534916937351,0.6626373529434204,-0.06827406585216522,0.0075937663204967976,0.017414702102541924,-0.9974856376647949,-0.11592881381511688,-0.006233074236661196,-0.021013256162405014,0.4270132780075073,-0.13722938299179077,-0.29827719926834106,-0.4902176856994629,-0.19135861098766327,0.29323938488960266,0.8195914626121521,0.14314399659633636,-0.3730623722076416,0.03342590853571892,-0.04958542063832283,0.6264969706535339,1.1034061908721924,0.9989298582077026,-0.5523048043251038,-0.03,0.40138664841651917,-0.14678139984607697
1.7274901866912842,-0.014326768927276134,0.6617419123649597,-0.06855181604623795,0.008653020486235619,0.01399361900985241,-0.9975118041038513,-0.12167687714099884,-0.008278382942080498,-0.030111636966466904,0.4412382245063782,-0.13708670437335968,-0.30525317788124084,-0.48907971382141113,-0.1949094533920288,0.28877368569374084,0.8281015753746033,0.14429129660129547,-0.38017287850379944,-0.026988940313458443,0.0376310758292675,0.6329072713851929,1.1311898231506348,1.003368854522705,-0.6681811213493347,-0.03,0.39484095573425293,-0.14999999999999997
1.7280181646347046,-0.013809645548462868,0.660860538482666,-0.06891818344593048,0.00974980928003788,0.009721371345221996,-0.9975272417068481,-0.1276034563779831,-0.011360659264028072,-0.04057575389742851,0.45532163977622986,-0.13633501529693604,-0.3118915557861328,-0.4870721995830536,-0.20000740885734558,0.28303641080856323,0.8362042903900146,0.14611786603927612,-0.38761088252067566,-0.09088422358036041,0.12676312029361725,0.6353618502616882,1.1555752754211426,1.0130103826522827,-0.7805025577545166,-0.03,0.3779652714729309,-0.14999999999999997
1.7286628484725952,-0.013193558901548386,0.660097599029541,-0.0688278004527092,0.010906938463449478,0.004481522366404533,-0.9975587725639343,-0.13360407948493958,-0.013981283642351627,-0.05302921310067177,0.4692057967185974,-0.13562576472759247,-0.3182184100151062,-0.4827031195163727,-0.20561371743679047,0.27401188015937805,0.8423764109611511,0.14777906239032745,-0.3947950303554535,-0.15619352459907532,0.21499940752983093,0.63193678855896,1.1782917976379395,1.0234167575836182,-0.881633460521698,-0.03,0.3498873710632324,-0.14999999999999997
1.7293765544891357,-0.012677639722824097,0.6595062017440796,-0.06794406473636627,0.011743148788809776,-0.0016661402769386768,-0.9976184964179993,-0.14074820280075073,-0.015111956745386124,-0.0678902119398117,0.483063668012619,-0.13540473580360413,-0.3241852819919586,-0.47638145089149475,-0.21059556305408478,0.2610388696193695,0.8458482623100281,0.14863960444927216,-0.4010871350765228,-0.220486581325531,0.2999776005744934,0.6221516728401184,1.202234148979187,1.0307892560958862,-0.9660794138908386,-0.03869372978806496,0.3104647099971771,-0.14999999999999997
1.730065941810608,-0.012350276112556458,0.6591190695762634,-0.06648045778274536,0.011974469758570194,-0.008511612191796303,-0.9976795315742493,-0.1492055058479309,-0.01505409087985754,-0.08465497195720673,0.49573156237602234,-0.13570649921894073,-0.3289589583873749,-0.46937933564186096,-0.2148427665233612,0.2450302392244339,0.8468104004859924,0.1486012190580368,-0.4059934914112091,-0.2812291979789734,0.3791050314903259,0.6075897812843323,1.2285715341567993,1.034531831741333,-1.0318784713745117,-0.08671039342880249,0.26049670577049255,-0.14999999999999997
1.730709433555603,-0.01218864880502224,0.6589474081993103,-0.06488063931465149,0.011753720231354237,-0.015961458906531334,-0.997696042060852,-0.1577310860157013,-0.014742545783519745,-0.10249222069978714,0.5054800510406494,-0.13620471954345703,-0.3317590653896332,-0.4620293378829956,-0.2191263884305954,0.22690944373607635,0.8459588885307312,0.14770476520061493,-0.4099418520927429,-0.33641812205314636,0.4491131603717804,0.5925620198249817,1.2547898292541504,1.0384600162506104,-1.0783002376556396,-0.1324942260980606,0.2016182392835617,-0.14999999999999997
1.7312546968460083,-0.012097841128706932,0.6589307188987732,-0.06350335478782654,0.011119600385427475,-0.023823104798793793,-0.9976353049278259,-0.16615627706050873,-0.015045310370624065,-0.12074467539787292,0.5122625827789307,-0.13666309416294098,-0.33251044154167175,-0.45511069893836975,-0.2240019142627716,0.20804676413536072,0.8441388607025146,0.14652906358242035,-0.4133176803588867,-0.38439029455184937,0.5069380402565002,0.5814477205276489,1.2779271602630615,1.0459916591644287,-1.1041663885116577,-0.17600442469120026,0.13368691504001617,-0.14999999999999997
1.731613039970398,-0.012007124722003937,0.6589429378509521,-0.06237639859318733,0.009977688081562519,-0.03201507031917572,-0.9974891543388367,-0.17569558322429657,-0.01624343916773796,-0.1396019458770752,0.5179102420806885,-0.13706667721271515,-0.3320257365703583,-0.4495217800140381,-0.22931250929832458,0.18964162468910217,0.842100203037262,0.14648085832595825,-0.4162020683288574,-0.42510533332824707,0.5532362461090088,0.574379026889801,1.298689842224121,1.0526565313339233,-1.1092957258224487,-0.21652112901210785,0.05663599818944931,-0.14999999999999997
1.7317436933517456,-0.011907920241355896,0.6589075922966003,-0.061400268226861954,0.008425874635577202,-0.04033219441771507,-0.9972622990608215,-0.18667010962963104,-0.018176544457674026,-0.15889815986156464,0.5236501097679138,-0.13754141330718994,-0.3310147225856781,-0.445565789937973,-0.23471258580684662,0.17202410101890564,0.8404897451400757,0.14713843166828156,-0.41879206895828247,-0.4587686061859131,0.5900179147720337,0.569275975227356,1.3185815811157227,1.0521053075790405,-1.0948938131332397,-0.2523340880870819,-0.026480691507458687,-0.14999999999999997
1.7316540479660034,-0.011821124702692032,0.6588622331619263,-0.060584601014852524,0.00668823579326272,-0.04812197387218475,-0.996979832649231,-0.19777972996234894,-0.02050049416720867,-0.17704308032989502,0.5286891460418701,-0.13808152079582214,-0.3294384181499481,-0.44326090812683105,-0.23982670903205872,0.15592160820960999,0.8394272327423096,0.1472022980451584,-0.4209126830101013,-0.484019935131073,0.6168249249458313,0.5651571154594421,1.3376587629318237,1.0419028997421265,-1.0627564191818237,-0.2823665738105774,-0.11011204123497009,-0.14999999999999997
1.7313426733016968,-0.011769415810704231,0.658888578414917,-0.059946998953819275,0.0048429351300001144,-0.054841142147779465,-0.9966820478439331,-0.20796659588813782,-0.02282404713332653,-0.19262148439884186,0.531826376914978,-0.13856136798858643,-0.32691460847854614,-0.44240865111351013,-0.244248628616333,0.14239048957824707,0.8380878567695618,0.14727143943309784,-0.4219430387020111,-0.4996805489063263,0.6323274374008179,0.5627949833869934,1.3556686639785767,1.0245800018310547,-1.0154647827148438,-0.3066430389881134,-0.1910897195339203,-0.14999999999999997
1.7308238744735718,-0.011800393462181091,0.6589961051940918,-0.05939384177327156,0.0029444326646625996,-0.06044803559780121,-0.9963982701301575,-0.21717973053455353,-0.024767054244875908,-0.20562714338302612,0.533218264579773,-0.1390163004398346,-0.3235987424850464,-0.4424401819705963,-0.24759550392627716,0.13175848126411438,0.8357746005058289,0.14896400272846222,-0.4216301441192627,-0.5062574744224548,0.6365172863006592,0.5638419389724731,1.3715932369232178,1.0064705610275269,-0.9561883807182312,-0.32602205872535706,-0.26805800199508667,-0.09122029691934586
1.7301868200302124,-0.011923674494028091,0.6591432690620422,-0.0588533878326416,0.0011918360833078623,-0.06520912796258926,-0.9961338043212891,-0.2253129780292511,-0.02621912769973278,-0.21674954891204834,0.5335687398910522,-0.13960838317871094,-0.3200029730796814,-0.44322115182876587,-0.2502601444721222,0.12215055525302887,0.833786129951477,0.14862880110740662,-0.420828253030777,-0.5053665041923523,0.6306271553039551,0.5679529309272766,1.3843210935592651,0.9912360906600952,-0.8878552913665771,-0.34207138419151306,-0.3380794823169708,-0.012533404864370823
1.7295130491256714,-0.012137405574321747,0.6592822670936584,-0.058472890406847,-0.0002774716995190829,-0.0692581757903099,-0.995883584022522,-0.23210400342941284,-0.027494071051478386,-0.22615578770637512,0.533204197883606,-0.14031094312667847,-0.3163340389728546,-0.4442099630832672,-0.25251004099845886,0.1141413152217865,0.8322624564170837,0.14835797250270844,-0.4199180006980896,-0.49835312366485596,0.6157984137535095,0.5727315545082092,1.3934040069580078,0.9782974720001221,-0.8133528828620911,-0.35609573125839233,-0.396244615316391,0.07788056880235672
1.728847622871399,-0.012473668903112411,0.6593918800354004,-0.05840808153152466,-0.001495799282565713,-0.07260794192552567,-0.9956476092338562,-0.2373485416173935,-0.028795918449759483,-0.23378068208694458,0.5317671895027161,-0.1412253975868225,-0.3125305473804474,-0.4456976354122162,-0.2546515464782715,0.10783741623163223,0.8316491842269897,0.14779601991176605,-0.41934025287628174,-0.48596352338790894,0.593052327632904,0.575970470905304,1.3987363576889038,0.9657044410705566,-0.7352861762046814,-0.3682020604610443,-0.4384995698928833,0.17737270891666412
1.728174090385437,-0.013045188970863819,0.6594701409339905,-0.05867573246359825,-0.0026711411774158478,-0.07501423358917236,-0.995451033115387,-0.24143055081367493,-0.029869070276618004,-0.23923367261886597,0.5291587710380554,-0.14233613014221191,-0.3085208237171173,-0.44860950112342834,-0.25627702474594116,0.10395818948745728,0.8321595191955566,0.14685918390750885,-0.41890278458595276,-0.4679267406463623,0.5630624890327454,0.5773201584815979,1.3995920419692993,0.9522390365600586,-0.6557151079177856,-0.3769969940185547,-0.4628685414791107,0.28098779916763306
1.7274693250656128,-0.013962343335151672,0.6595086455345154,-0.05922817811369896,-0.003933408763259649,-0.07612025737762451,-0.9953301548957825,-0.24456427991390228,-0.030266476795077324,-0.24199235439300537,0.5253663659095764,-0.1438935548067093,-0.30441150069236755,-0.45370790362358093,-0.25677576661109924,0.10320918262004852,0.8339345455169678,0.14526526629924774,-0.41841939091682434,-0.4434411823749542,0.5259567499160767,0.5776364207267761,1.3940372467041016,0.9367021322250366,-0.5757535696029663,-0.38015156984329224,-0.4678434431552887,0.38206586241722107
1.7267451286315918,-0.015266327187418938,0.6595043540000916,-0.06004461646080017,-0.005236722994595766,-0.07570169121026993,-0.995307207107544,-0.2465321123600006,-0.029730336740612984,-0.24162359535694122,0.5204043984413147,-0.14594684541225433,-0.3003581762313843,-0.4610103666782379,-0.25582215189933777,0.10591410100460052,0.8369683623313904,0.14291220903396606,-0.4178295135498047,-0.4122840166091919,0.48182088136672974,0.5776939392089844,1.3806052207946777,0.9178268313407898,-0.49640294909477234,-0.37568777799606323,-0.451546847820282,0.474384605884552
1.7260514497756958,-0.016920359805226326,0.6594205498695374,-0.06107768043875694,-0.006449532695114613,-0.07390053570270538,-0.9953725934028625,-0.24734064936637878,-0.02831406332552433,-0.23849104344844818,0.5149860978126526,-0.14848105609416962,-0.29679468274116516,-0.4699529707431793,-0.25346070528030396,0.11163266748189926,0.8413702249526978,0.13990437984466553,-0.41740086674690247,-0.3753139078617096,0.4310075640678406,0.5780675411224365,1.3593339920043945,0.8957246541976929,-0.41909119486808777,-0.3624661862850189,-0.413934588432312,0.5520754456520081
1.725470781326294,-0.018820110708475113,0.6592686772346497,-0.06231607124209404,-0.00734387431293726,-0.07088833302259445,-0.9955086708068848,-0.24638128280639648,-0.02617724984884262,-0.23275397717952728,0.5091986656188965,-0.15132570266723633,-0.2939063310623169,-0.47938111424446106,-0.24998310208320618,0.11973122507333755,0.8468201756477356,0.13647069036960602,-0.4172928035259247,-0.3336200416088104,0.37367263436317444,0.5788953900337219,1.3300272226333618,0.8746922016143799,-0.3458365499973297,-0.3402331471443176,-0.3558170795440674,0.6097277998924255
1.7250412702560425,-0.020850885659456253,0.6591053605079651,-0.06376920640468597,-0.007868490181863308,-0.06665090471506119,-0.9957053065299988,-0.24307690560817719,-0.02345406822860241,-0.2241067886352539,0.5024091601371765,-0.1542661488056183,-0.29143890738487244,-0.48869791626930237,-0.24557532370090485,0.1300700306892395,0.8526834845542908,0.13280081748962402,-0.4172719717025757,-0.28802815079689026,0.31011009216308594,0.5793603658676147,1.2920081615447998,0.8609415292739868,-0.2800111472606659,-0.30949002504348755,-0.2777375280857086,0.6460669636726379
1.7247726917266846,-0.022907979786396027,0.6589680314064026,-0.06549644470214844,-0.008111931383609772,-0.06137437745928764,-0.9959304332733154,-0.23732464015483856,-0.02054937742650509,-0.2126716822385788,0.49399781227111816,-0.1570764034986496,-0.2889820635318756,-0.497765451669693,-0.24066616594791412,0.1424006223678589,0.8586140275001526,0.12910057604312897,-0.4172353148460388,-0.23958434164524078,0.24226605892181396,0.5768113136291504,1.2469251155853271,0.8543647527694702,-0.22484323382377625,-0.27184098958969116,-0.18191076815128326,0.6650363206863403
1.7246798276901245,-0.02493760734796524,0.6588277816772461,-0.06755620241165161,-0.00816074013710022,-0.05541113764047623,-0.9961420297622681,-0.22953233122825623,-0.01796797476708889,-0.1991465985774994,0.48415407538414,-0.1596793383359909,-0.2864675223827362,-0.5066807866096497,-0.23572500050067902,0.15633153915405273,0.8649119734764099,0.12557019293308258,-0.4174909293651581,-0.18967324495315552,0.17367443442344666,0.5698014497756958,1.1991996765136719,0.852013885974884,-0.1825205236673355,-0.22903190553188324,-0.07379201799631119,0.6712058782577515
1.7247815132141113,-0.026956962421536446,0.6586406230926514,-0.06986559927463531,-0.008024786598980427,-0.04880838096141815,-0.9963292479515076,-0.2200920581817627,-0.015678800642490387,-0.18385463953018188,0.4736206531524658,-0.1621728092432022,-0.2842963933944702,-0.515465497970581,-0.23056018352508545,0.17171303927898407,0.8718304634094238,0.12219411879777908,-0.4182252883911133,-0.13903775811195374,0.10745358467102051,0.5595470666885376,1.1523470878601074,0.8521320819854736,-0.1538848727941513,-0.1824156641960144,0.03822116181254387,0.667016327381134
1.7250804901123047,-0.02901509404182434,0.6584336161613464,-0.07216063886880875,-0.00768293347209692,-0.041290268301963806,-0.9965082406997681,-0.2089797556400299,-0.013014067895710468,-0.1664968878030777,0.4626616835594177,-0.16475078463554382,-0.28275176882743835,-0.5237429141998291,-0.22433516383171082,0.18840990960597992,0.8787615895271301,0.11875109374523163,-0.4190267324447632,-0.08763682842254639,0.04463420808315277,0.5483095645904541,1.1061930656433105,0.8542886972427368,-0.13865017890930176,-0.13352982699871063,0.1463342159986496,0.6524270176887512
1.7255454063415527,-0.031127911061048508,0.6583083868026733,-0.07407781481742859,-0.007149372715502977,-0.0327841192483902,-0.9966877102851868,-0.19608262181282043,-0.009207814000546932,-0.14702799916267395,0.4508766531944275,-0.16750411689281464,-0.28160637617111206,-0.5306505560874939,-0.21635659039020538,0.20555336773395538,0.8843158483505249,0.11499219387769699,-0.4190983474254608,-0.0364883691072464,-0.01429117564111948,0.5378619432449341,1.0605064630508423,0.8585991263389587,-0.1368824690580368,-0.08429120481014252,0.24534600973129272,0.6245942115783691
1.7261197566986084,-0.03328005596995354,0.6583367586135864,-0.07531365007162094,-0.006469115149229765,-0.023765256628394127,-0.9968555569648743,-0.1818583905696869,-0.003925688099116087,-0.12653562426567078,0.438224196434021,-0.17053811252117157,-0.28049853444099426,-0.535319983959198,-0.20666798949241638,0.22148889303207397,0.8874458074569702,0.11077489703893661,-0.4179970622062683,0.011410790495574474,-0.06813967227935791,0.5293787121772766,1.0182652473449707,0.864926815032959,-0.1491609811782837,-0.03687812015414238,0.33218804001808167,0.5814271569252014
1.7267330884933472,-0.03546474874019623,0.6585057973861694,-0.07566158473491669,-0.005698543507605791,-0.015030190348625183,-0.9970038533210754,-0.1675785332918167,0.0028589866124093533,-0.10694538801908493,0.4258294999599457,-0.17393705248832703,-0.2795134484767914,-0.5373246669769287,-0.19575875997543335,0.23442228138446808,0.887994647026062,0.10603240877389908,-0.4158441424369812,0.05191632732748985,-0.11480001360177994,0.5240966081619263,0.9854714870452881,0.8726301789283752,-0.17586901783943176,-0.03,0.4053986668586731,0.5251506567001343
1.7273198366165161,-0.0376492515206337,0.65874183177948,-0.07506491988897324,-0.004929583054035902,-0.007226733956485987,-0.9971402287483215,-0.15485318005084991,0.010961735621094704,-0.0899830088019371,0.4154859483242035,-0.177705317735672,-0.2791350483894348,-0.5369465947151184,-0.18419910967350006,0.24337998032569885,0.8864540457725525,0.1008024513721466,-0.41300925612449646,0.081741102039814,-0.15178370475769043,0.5234067440032959,0.9677363038063049,0.8810750842094421,-0.21613870561122894,-0.03,0.46272170543670654,0.45949316024780273
1.7278406620025635,-0.03975066542625427,0.6590163111686707,-0.07365766167640686,-0.004211206920444965,-0.000555362377781421,-0.9972745180130005,-0.1442757248878479,0.01999976672232151,-0.0760922059416771,0.40777283906936646,-0.18166331946849823,-0.2794562578201294,-0.5346646904945374,-0.17252492904663086,0.248613178730011,0.8832022547721863,0.09536676853895187,-0.4096722900867462,0.10006748139858246,-0.17723532021045685,0.528606116771698,0.9663742184638977,0.8919520378112793,-0.2679307758808136,-0.03,0.501295804977417,0.3869849145412445
1.7282812595367432,-0.041694678366184235,0.6592986583709717,-0.07163920998573303,-0.0035663314629346132,0.004768610466271639,-0.9974127411842346,-0.13617850840091705,0.029473450034856796,-0.06571511924266815,0.40286895632743835,-0.1856723427772522,-0.2804619073867798,-0.5309401154518127,-0.16137686371803284,0.2504017651081085,0.8787394165992737,0.09000236541032791,-0.40615177154541016,0.10656562447547913,-0.18936483561992645,0.5395303964614868,0.9804554581642151,0.9056934714317322,-0.32974696159362793,-0.03,0.5227786302566528,0.30841487646102905
1.7286115884780884,-0.04346838966012001,0.6595187187194824,-0.06918808817863464,-0.0032145988661795855,0.008400247432291508,-0.9975630044937134,-0.13188548386096954,0.03895770013332367,-0.05989372357726097,0.40167155861854553,-0.18968938291072845,-0.282365083694458,-0.5268447995185852,-0.1512443721294403,0.2488437294960022,0.8739199042320251,0.0848480835556984,-0.4028860330581665,0.10060480982065201,-0.18643200397491455,0.5545562505722046,1.0086013078689575,0.9194353818893433,-0.4012278914451599,-0.03,0.532386839389801,0.2228228598833084
1.7288109064102173,-0.04508825019001961,0.6596140265464783,-0.0665535107254982,-0.003432657103985548,0.010185888968408108,-0.9977248907089233,-0.13247829675674438,0.04795192927122116,-0.059184830635786057,0.4045695662498474,-0.1935930848121643,-0.28516969084739685,-0.5237162709236145,-0.14248453080654144,0.24446052312850952,0.8696694374084473,0.08001724630594254,-0.40026894211769104,0.08239438384771347,-0.16813711822032928,0.5725192427635193,1.046824336051941,0.930934488773346,-0.4820897877216339,-0.03,0.5345718860626221,0.12953709065914154
1.7289707660675049,-0.04653708264231682,0.65955650806427,-0.06410703808069229,-0.0039156111888587475,0.01014017779380083,-0.9978837370872498,-0.13655313849449158,0.05566345155239105,-0.06307217478752136,0.4104291796684265,-0.19721965491771698,-0.28852251172065735,-0.521342933177948,-0.1358659416437149,0.23780712485313416,0.8669313788414001,0.07578086107969284,-0.39905959367752075,0.05269809812307358,-0.13484208285808563,0.5931040644645691,1.0886998176574707,0.9405607581138611,-0.5703664422035217,-0.03,0.5309808254241943,0.03132721781730652
1.729193091392517,-0.04776614159345627,0.65931236743927,-0.062200140208005905,-0.004078028257936239,0.00833046343177557,-0.9980205297470093,-0.14200223982334137,0.061241067945957184,-0.07075488567352295,0.41825035214424133,-0.20032933354377747,-0.2922903299331665,-0.5188332796096802,-0.1322086751461029,0.22946153581142426,0.8667417168617249,0.07269541919231415,-0.40015724301338196,0.012512516230344772,-0.08699686825275421,0.6151891350746155,1.1280652284622192,0.9485203623771667,-0.6631987690925598,-0.03,0.5204958319664001,-0.06487736850976944
1.7294576168060303,-0.04873640835285187,0.6588683128356934,-0.06109989807009697,-0.0037723472341895103,0.005150012671947479,-0.9981111884117126,-0.1478014439344406,0.06411343067884445,-0.08094444125890732,0.42722201347351074,-0.20271994173526764,-0.2962128520011902,-0.5164394974708557,-0.1317521184682846,0.22043941915035248,0.8695391416549683,0.07055649161338806,-0.4036061465740204,-0.03606615215539932,-0.02672559581696987,0.6369556784629822,1.1608933210372925,0.9564359188079834,-0.7587679028511047,-0.03,0.5011729598045349,-0.14947816729545593
1.7297016382217407,-0.04946665093302727,0.6582924723625183,-0.06088978052139282,-0.003143826499581337,0.0010506705148145556,-0.998138964176178,-0.15325142443180084,0.06427743285894394,-0.09229342639446259,0.43577930331230164,-0.20443108677864075,-0.2995240092277527,-0.5146133303642273,-0.13420483469963074,0.211598739027977,0.8747971653938293,0.06918260455131531,-0.4087817370891571,-0.09045561403036118,0.04263516515493393,0.6561148762702942,1.1862618923187256,0.9659340381622314,-0.8544766306877136,-0.03,0.4717120826244354,-0.14999999999999997
1.7299550771713257,-0.050097525119781494,0.6577567458152771,-0.061255477368831635,-0.002122877398505807,-0.003965705167502165,-0.99811190366745,-0.1571207046508789,0.0627727061510086,-0.10441087186336517,0.44192031025886536,-0.20572751760482788,-0.30125123262405396,-0.5118497014045715,-0.13902336359024048,0.20160511136054993,0.8805596828460693,0.06794806569814682,-0.41478171944618225,-0.149166077375412,0.11860278993844986,0.6711094379425049,1.2061885595321655,0.978326678276062,-0.9451974630355835,-0.03,0.4306991398334503,-0.14999999999999997
1.7302485704421997,-0.050834231078624725,0.6573908925056458,-0.06159020587801933,-0.0007029110565781593,-0.010171533562242985,-0.9980493783950806,-0.15941816568374634,0.0612654909491539,-0.11818185448646545,0.44526055455207825,-0.20718181133270264,-0.3011607527732849,-0.5064846277236938,-0.14511562883853912,0.1883564591407776,0.8848955035209656,0.06651164591312408,-0.4208095371723175,-0.21154634654521942,0.19918061792850494,0.6810937523841858,1.2223669290542603,0.9938348531723022,-1.0253791809082031,-0.03,0.3772084414958954,-0.14999999999999997
1.7305480241775513,-0.05180613696575165,0.657219409942627,-0.061394818127155304,0.0009327316074632108,-0.01762109063565731,-0.9979574680328369,-0.1613788902759552,0.06100205332040787,-0.13449466228485107,0.4469626843929291,-0.20920611917972565,-0.29973095655441284,-0.4981864094734192,-0.15126889944076538,0.17073999345302582,0.8868455290794373,0.06457541137933731,-0.4262946546077728,-0.2760219871997833,0.28138983249664307,0.685574471950531,1.2339493036270142,1.010574221611023,-1.090258002281189,-0.0480329804122448,0.31190401315689087,-0.14999999999999997
1.7307929992675781,-0.05301635339856148,0.6572253108024597,-0.0605449415743351,0.002504313364624977,-0.026100438088178635,-0.997821033000946,-0.16405358910560608,0.06224909797310829,-0.15331442654132843,0.4477200210094452,-0.21185946464538574,-0.2972451150417328,-0.48772093653678894,-0.1568184792995453,0.14908753335475922,0.8861844539642334,0.06185205653309822,-0.4308021366596222,-0.3399830758571625,0.3609538674354553,0.6854015588760376,1.2389634847640991,1.028010368347168,-1.1370841264724731,-0.09025786817073822,0.23658472299575806,-0.14999999999999997
1.7308950424194336,-0.05438534915447235,0.6573649048805237,-0.05915451422333717,0.0037083702627569437,-0.035096678882837296,-0.9976246953010559,-0.16824309527873993,0.06467323005199432,-0.17374563217163086,0.44803711771965027,-0.21494755148887634,-0.2939020097255707,-0.476671040058136,-0.16133780777454376,0.12515202164649963,0.8833736181259155,0.058576155453920364,-0.4340468645095825,-0.3996049761772156,0.4315100908279419,0.6823199391365051,1.2345463037490845,1.046161413192749,-1.163407802581787,-0.13422700762748718,0.15204694867134094,-0.14999999999999997
1.7307870388031006,-0.05583425611257553,0.6575933694839478,-0.05741779878735542,0.0043861414305865765,-0.04405532032251358,-0.9973680377006531,-0.17397445440292358,0.06783299148082733,-0.1945541650056839,0.447788268327713,-0.21829752624034882,-0.2898198664188385,-0.4664175808429718,-0.1646435707807541,0.10087835043668747,0.8790836334228516,0.05506550893187523,-0.4359332025051117,-0.4517267346382141,0.4884742796421051,0.6771584153175354,1.2201184034347534,1.0625649690628052,-1.1680370569229126,-0.17765772342681885,0.059970397502183914,-0.14999999999999997
1.730478048324585,-0.057339269667863846,0.6579177379608154,-0.055465321987867355,0.004648237023502588,-0.05256367102265358,-0.9970651268959045,-0.18043886125087738,0.07158330827951431,-0.21450906991958618,0.44652625918388367,-0.22156693041324615,-0.2849358022212982,-0.4571152329444885,-0.16669179499149323,0.07729487121105194,0.8734950423240662,0.05137839540839195,-0.4364284574985504,-0.49494221806526184,0.5317831635475159,0.6693909764289856,1.1991603374481201,1.073327898979187,-1.152727723121643,-0.21679894626140594,-0.03522250056266785,-0.14999999999999997
1.7300183773040771,-0.05890906602144241,0.6584023833274841,-0.05336785688996315,0.004735961556434631,-0.06021445244550705,-0.9967464804649353,-0.1861829310655594,0.07610423862934113,-0.23212285339832306,0.44330132007598877,-0.22388137876987457,-0.2791130840778351,-0.4481576681137085,-0.1673489660024643,0.05498853698372841,0.8662044405937195,0.047452412545681,-0.43533429503440857,-0.5283675789833069,0.5634338855743408,0.6591315865516663,1.1753445863723755,1.0774141550064087,-1.1209986209869385,-0.2493908405303955,-0.12783901393413544,-0.14999999999999997
1.7294267416000366,-0.06054273247718811,0.659114420413971,-0.05125127360224724,0.0047286138869822025,-0.06673958152532578,-0.9964419007301331,-0.19045798480510712,0.08135300129652023,-0.24611899256706238,0.43750184774398804,-0.22382503747940063,-0.2720029950141907,-0.43936148285865784,-0.1666712462902069,0.034561190754175186,0.8568453788757324,0.043338075280189514,-0.4324045777320862,-0.5516297221183777,0.5850595235824585,0.6478193402290344,1.1507381200790405,1.0778573751449585,-1.0769017934799194,-0.2752911448478699,-0.21412412822246552,-0.14999999999999997
1.7286580801010132,-0.06223521754145622,0.6600120067596436,-0.04923560842871666,0.004453112371265888,-0.0722060576081276,-0.9961637258529663,-0.1940748542547226,0.08692946285009384,-0.25671568512916565,0.42977356910705566,-0.22082382440567017,-0.26377397775650024,-0.43159571290016174,-0.16494561731815338,0.016429690644145012,0.8459882736206055,0.03914835676550865,-0.42781227827072144,-0.565613865852356,0.5976014733314514,0.6373336911201477,1.1261368989944458,1.079641580581665,-1.0242443084716797,-0.295083224773407,-0.29288798570632935,-0.1013224646449089
1.7276968955993652,-0.06399331241846085,0.6609727144241333,-0.04742598906159401,0.003863575868308544,-0.07684705406427383,-0.9959067702293396,-0.19769945740699768,0.09241090714931488,-0.2649092972278595,0.4209548830986023,-0.21581311523914337,-0.25481054186820984,-0.4255560636520386,-0.16261610388755798,0.0006201117648743093,0.8348641395568848,0.034936465322971344,-0.4222409725189209,-0.5721834897994995,0.6017268300056458,0.6286984086036682,1.100703477859497,1.087148666381836,-0.9663339853286743,-0.3090720474720001,-0.36313652992248535,-0.031001709401607513
1.7265949249267578,-0.06585182249546051,0.6618863940238953,-0.04584047943353653,0.0031072774436324835,-0.08071733266115189,-0.9956774711608887,-0.20133282244205475,0.09774725139141083,-0.2712935209274292,0.4119158387184143,-0.20985141396522522,-0.24575704336166382,-0.42123404145240784,-0.1598006784915924,-0.012948134914040565,0.8244385719299316,0.030644671991467476,-0.41635847091674805,-0.5731346011161804,0.598612904548645,0.6211721897125244,1.073868989944458,1.1009900569915771,-0.9059745669364929,-0.3169151544570923,-0.42350006103515625,0.046573661267757416
1.7254152297973633,-0.06786485761404037,0.6626664996147156,-0.044408783316612244,0.002286192262545228,-0.08356774598360062,-0.9955094456672668,-0.20500725507736206,0.10320919752120972,-0.27583128213882446,0.40377092361450195,-0.2036457508802414,-0.23747530579566956,-0.41872042417526245,-0.15614891052246094,-0.02398388460278511,0.8153572082519531,0.026021555066108704,-0.4105682373046875,-0.5693367123603821,0.5898449420928955,0.6132938861846924,1.0462770462036133,1.118640422821045,-0.8459450006484985,-0.31824764609336853,-0.472989946603775,0.130190908908844
1.7242143154144287,-0.07007952034473419,0.6632384061813354,-0.04304307699203491,0.0014657358406111598,-0.08521084487438202,-0.995431661605835,-0.20894134044647217,0.1090584471821785,-0.27860477566719055,0.39770379662513733,-0.19777926802635193,-0.23081494867801666,-0.4180745482444763,-0.15132004022598267,-0.03233680874109268,0.8081016540527344,0.020817063748836517,-0.40515661239624023,-0.5611872673034668,0.5771782994270325,0.6041427254676819,1.0193040370941162,1.1366533041000366,-0.7885740995407104,-0.3133564293384552,-0.5121150612831116,0.2182142734527588
1.7230480909347534,-0.07250327616930008,0.6635474562644958,-0.04169940575957298,0.0007656057714484632,-0.08571998029947281,-0.9954459071159363,-0.21332834661006927,0.11532282829284668,-0.2800660729408264,0.394754558801651,-0.19257095456123352,-0.22641368210315704,-0.41901251673698425,-0.14531059563159943,-0.03825005143880844,0.8030838966369629,0.015093757770955563,-0.40052682161331177,-0.5490800738334656,0.5622957348823547,0.5936750173568726,0.9944611191749573,1.1522231101989746,-0.7351494431495667,-0.3032880425453186,-0.5428651571273804,0.30968979001045227
1.7219765186309814,-0.07510417699813843,0.6635782718658447,-0.04042893648147583,0.00038728347863070667,-0.08522941917181015,-0.9955406785011292,-0.21779203414916992,0.12186430394649506,-0.28024986386299133,0.395239919424057,-0.1880587637424469,-0.22449564933776855,-0.4208933115005493,-0.13841712474822998,-0.04206264764070511,0.8005046248435974,0.009002466686069965,-0.3970152735710144,-0.53329998254776,0.546481192111969,0.5825682282447815,0.9725518822669983,1.164322018623352,-0.6860354542732239,-0.2894962728023529,-0.5670750737190247,0.40436434745788574
1.721032977104187,-0.07784298062324524,0.6633478403091431,-0.039351969957351685,0.000474744156235829,-0.0839393138885498,-0.9956933259963989,-0.22172963619232178,0.12838663160800934,-0.2794809937477112,0.39866653084754944,-0.1839015632867813,-0.22488240897655487,-0.4231822192668915,-0.13114167749881744,-0.0441594161093235,0.8004286289215088,0.0026955422945320606,-0.39483878016471863,-0.5143218040466309,0.530439019203186,0.5718039870262146,0.9534285664558411,1.173068642616272,-0.6408588290214539,-0.27319198846817017,-0.5852130055427551,0.501248836517334
1.7201951742172241,-0.0806933119893074,0.6628549695014954,-0.038579802960157394,0.000930206326302141,-0.08218753337860107,-0.9958693385124207,-0.22547513246536255,0.13449843227863312,-0.27809202671051025,0.4047185778617859,-0.18008823692798615,-0.22708886861801147,-0.42609092593193054,-0.12404684722423553,-0.044987235218286514,0.8030961751937866,-0.003734898753464222,-0.394183486700058,-0.4929998815059662,0.5141624808311462,0.5624528527259827,0.9361746907234192,1.1790008544921875,-0.5989740490913391,-0.25452473759651184,-0.5972816944122314,0.5971136689186096
1.7194018363952637,-0.08363135904073715,0.6620739698410034,-0.038175880908966064,0.0014692464610561728,-0.08039750158786774,-0.9960304498672485,-0.2302512377500534,0.13971130549907684,-0.2770051658153534,0.4135946035385132,-0.1764274686574936,-0.2307947725057602,-0.4304094612598419,-0.11764455586671829,-0.045009415596723557,0.8088859915733337,-0.010210216976702213,-0.39520585536956787,-0.4704238772392273,0.4971984922885895,0.5553345680236816,0.9194881319999695,1.1828283071517944,-0.560165286064148,-0.23298265039920807,-0.6033284664154053,0.6876633167266846
1.718612551689148,-0.08663738518953323,0.660984218120575,-0.03811078891158104,0.0018623914802446961,-0.0789983943104744,-0.9961441159248352,-0.23718127608299255,0.1437496393918991,-0.2773851752281189,0.42550602555274963,-0.17295315861701965,-0.2357892096042633,-0.43659794330596924,-0.112252376973629,-0.0449240617454052,0.81790691614151,-0.016717251390218735,-0.3979913294315338,-0.44763582944869995,0.4791359603404999,0.5506862998008728,0.9020236730575562,1.1851249933242798,-0.5246228575706482,-0.20827966928482056,-0.6029611825942993,0.7697077989578247
1.7178325653076172,-0.0897008404135704,0.6596035957336426,-0.03825047239661217,0.0020617786794900894,-0.078346848487854,-0.9961898922920227,-0.24666889011859894,0.1466723382472992,-0.28036731481552124,0.44032803177833557,-0.1697503924369812,-0.24189020693302155,-0.44428351521492004,-0.10791417211294174,-0.04568305239081383,0.8296480178833008,-0.023278528824448586,-0.4024374485015869,-0.4254037141799927,0.459800124168396,0.5479802489280701,0.8829965591430664,1.1859254837036133,-0.4927231967449188,-0.18065296113491058,-0.5953301787376404,0.8423137664794922
1.717086672782898,-0.0928223729133606,0.6579771041870117,-0.03839659318327904,0.0020734115969389677,-0.07862100005149841,-0.9961626529693604,-0.2586645483970642,0.14887212216854095,-0.285704642534256,0.45745623111724854,-0.16771847009658813,-0.24852430820465088,-0.452825665473938,-0.10439436882734299,-0.04807718098163605,0.8432496190071106,-0.029983432963490486,-0.4082435667514801,-0.40382376313209534,0.43892142176628113,0.5462612509727478,0.8624481558799744,1.1845276355743408,-0.4646798372268677,-0.15065445005893707,-0.5799392461776733,0.9051061272621155
1.7163931131362915,-0.09599284827709198,0.6561816930770874,-0.03840295970439911,0.0018480218714103103,-0.07973133027553558,-0.9960744976997375,-0.27274590730667114,0.15072926878929138,-0.2929035425186157,0.4758731424808502,-0.16733437776565552,-0.2551301121711731,-0.4618191421031952,-0.10133551806211472,-0.05223894491791725,0.8577013611793518,-0.03687357157468796,-0.41488608717918396,-0.3821117579936981,0.4158671796321869,0.5445890426635742,0.840793788433075,1.1801689863204956,-0.4403722286224365,-0.11908774822950363,-0.5570287108421326,0.9573364853858948
1.7157734632492065,-0.09917431324720383,0.6542832255363464,-0.03819424659013748,0.0013673529028892517,-0.08141380548477173,-0.9959472417831421,-0.28831788897514343,0.1527157425880432,-0.30084285140037537,0.49452072381973267,-0.1689843386411667,-0.26108551025390625,-0.4710143506526947,-0.09841320663690567,-0.057803232222795486,0.8722724318504333,-0.04390473663806915,-0.4219247102737427,-0.3590800166130066,0.3898421823978424,0.542438268661499,0.818260908126831,1.1732730865478516,-0.41938480734825134,-0.08704317361116409,-0.5274395942687988,0.9986382722854614
1.7152504920959473,-0.10231252014636993,0.6523450016975403,-0.0377638004720211,0.0006440571742132306,-0.08341185748577118,-0.9957991242408752,-0.30472779273986816,0.15495702624320984,-0.30876579880714417,0.5127258896827698,-0.17254070937633514,-0.26621013879776,-0.48019933700561523,-0.09546337276697159,-0.06429903954267502,0.8864370584487915,-0.05097512900829315,-0.4290273189544678,-0.33376839756965637,0.36026692390441895,0.539573609828949,0.7950079441070557,1.1654493808746338,-0.4013536870479584,-0.05574207007884979,-0.4920669198036194,1.0297152996063232
1.7148487567901611,-0.10536275804042816,0.6504356265068054,-0.037116970866918564,-0.00027114711701869965,-0.08553144335746765,-0.9956437349319458,-0.321303129196167,0.15744322538375854,-0.3164708912372589,0.530058741569519,-0.17744816839694977,-0.27063798904418945,-0.48904305696487427,-0.09236310422420502,-0.0713558942079544,0.8997109532356262,-0.05788048729300499,-0.435952752828598,-0.3055850863456726,0.3272520899772644,0.5358226299285889,0.7712132334709167,1.1582962274551392,-0.38582897186279297,-0.03,-0.4516209065914154,1.0522210597991943
1.7145825624465942,-0.10829424858093262,0.6485940217971802,-0.03623466566205025,-0.0013675602385774255,-0.08771923929452896,-0.9954850077629089,-0.33786457777023315,0.1601327657699585,-0.3241860270500183,0.5464577674865723,-0.18317116796970367,-0.27453866600990295,-0.4973650276660919,-0.08904772996902466,-0.07888086140155792,0.911801278591156,-0.06453071534633636,-0.442522794008255,-0.2744221091270447,0.29145699739456177,0.5310819745063782,0.7471621036529541,1.152304768562317,-0.3723737895488739,-0.03,-0.4066475033760071,1.068153738975525
1.7144465446472168,-0.11110703647136688,0.6468358635902405,-0.03503601998090744,-0.0027046287432312965,-0.09003274887800217,-0.995318591594696,-0.3546462953090668,0.1631181836128235,-0.3324173092842102,0.5619372129440308,-0.1896439790725708,-0.27797168493270874,-0.5052792429924011,-0.08532938361167908,-0.08682563155889511,0.9227020144462585,-0.0704052522778511,-0.448757141828537,-0.24058997631072998,0.2536197006702423,0.5255160927772522,0.7234224677085876,1.147085428237915,-0.3606482148170471,-0.03,-0.35757389664649963,1.0792039632797241
1.714425802230835,-0.11383576691150665,0.6451625227928162,-0.033440325409173965,-0.004362976644188166,-0.0925416573882103,-0.9951375126838684,-0.37178754806518555,0.16649016737937927,-0.34193021059036255,0.5764087438583374,-0.197028249502182,-0.28112852573394775,-0.5130926370620728,-0.08086855709552765,-0.09475253522396088,0.932579755783081,-0.07427509874105453,-0.45463234186172485,-0.2046693116426468,0.2144003063440323,0.5194065570831299,0.7009955048561096,1.1419991254806519,-0.35039475560188293,-0.03,-0.30451735854148865,1.0862928628921509
1.714517593383789,-0.11654084920883179,0.6435728073120117,-0.031438566744327545,-0.006364970002323389,-0.09527051448822021,-0.9949344396591187,-0.3890826404094696,0.1702829897403717,-0.35374510288238525,0.5894502401351929,-0.20535686612129211,-0.28415369987487793,-0.5211648344993591,-0.07531517744064331,-0.10181047022342682,0.941941499710083,-0.07427065819501877,-0.4603451192378998,-0.16738151013851166,0.1743384748697281,0.5130182504653931,0.681119978427887,1.136892557144165,-0.3414264917373657,-0.03,-0.2475605309009552,1.0894670486450195
1.7147310972213745,-0.11928222328424454,0.6420478224754333,-0.029094763100147247,-0.008650971576571465,-0.09818380326032639,-0.9947052597999573,-0.40613865852355957,0.17462533712387085,-0.36848026514053345,0.6005342602729797,-0.21446092426776886,-0.2870956063270569,-0.5295019745826721,-0.06868360936641693,-0.10798030346632004,0.9510155916213989,-0.0705263763666153,-0.4660644829273224,-0.1294708251953125,0.13387371599674225,0.506604015827179,0.6648726463317871,1.1319469213485718,-0.3337123692035675,-0.03,-0.1867942065000534,1.0884579420089722
1.7150827646255493,-0.12211243808269501,0.6405468583106995,-0.02653072401881218,-0.011111781001091003,-0.1012207642197609,-0.9944480061531067,-0.42274776101112366,0.17940890789031982,-0.38568633794784546,0.6099826693534851,-0.22387337684631348,-0.2901614308357239,-0.537948727607727,-0.06123151630163193,-0.1135977953672409,0.9599857926368713,-0.06419291347265244,-0.4719682037830353,-0.09171227365732193,0.09337995946407318,0.5005112886428833,0.6530054807662964,1.1273763179779053,-0.3274047374725342,-0.03,-0.12219312787055969,1.0830937623977661
1.7155983448028564,-0.12508410215377808,0.6390237808227539,-0.023864740505814552,-0.01361660473048687,-0.1042926087975502,-0.9941670894622803,-0.4388541579246521,0.1845463067293167,-0.40396973490715027,0.6184027791023254,-0.2337229698896408,-0.29332196712493896,-0.5462520122528076,-0.05322705954313278,-0.11909231543540955,0.9689866900444031,-0.056737128645181656,-0.47823598980903625,-0.05486864969134331,0.05334531515836716,0.49534788727760315,0.6459636688232422,1.1231608390808105,-0.32282841205596924,-0.03,-0.05347152799367905,1.073243260383606
1.7162988185882568,-0.12823861837387085,0.637457013130188,-0.0212108064442873,-0.016041703522205353,-0.10727619379758835,-0.9938735365867615,-0.4542507827281952,0.1899697631597519,-0.42254847288131714,0.6262302994728088,-0.24,-0.29677265882492065,-0.5541630983352661,-0.04489263519644737,-0.12475545704364777,0.9780707955360413,-0.04913884401321411,-0.4849547743797302,-0.019558852538466454,0.014294917695224285,0.49192705750465393,0.643796980381012,1.1192841529846191,-0.32043156027793884,-0.03,0.019530655816197395,1.0583914518356323
1.7171963453292847,-0.13160525262355804,0.6358140707015991,-0.01865767501294613,-0.018309200182557106,-0.11000926047563553,-0.9935866594314575,-0.46868985891342163,0.195808544754982,-0.4405524432659149,0.6336308121681213,-0.24,-0.3005388379096985,-0.5616242289543152,-0.0362623855471611,-0.13049158453941345,0.9874029159545898,-0.042089518159627914,-0.49219992756843567,0.013803037814795971,-0.02324940823018551,0.491030752658844,0.6464709639549255,1.1155133247375488,-0.3206994831562042,-0.03,0.09652668237686157,1.0373162031173706
1.7182748317718506,-0.13518619537353516,0.6340678334236145,-0.016296973451972008,-0.020439157262444496,-0.11238356679677963,-0.9933210015296936,-0.4822096824645996,0.20196513831615448,-0.45766299962997437,0.6408407688140869,-0.24,-0.3047277331352234,-0.5688546895980835,-0.027478469535708427,-0.13619638979434967,0.9971675276756287,-0.03613515943288803,-0.49997925758361816,0.04488295689225197,-0.05889276787638664,0.49300920963287354,0.654025673866272,1.1108778715133667,-0.32405808568000793,-0.03,0.17658789455890656,1.0085395574569702
1.7194935083389282,-0.13896708190441132,0.6321929097175598,-0.014201370999217033,-0.02255316637456417,-0.1144636943936348,-0.9930697679519653,-0.4953728914260864,0.20809945464134216,-0.4738965928554535,0.6482396721839905,-0.24,-0.3093298673629761,-0.5762420296669006,-0.018764469772577286,-0.14198124408721924,1.007457971572876,-0.032130032777786255,-0.5081899166107178,0.0731564313173294,-0.09243609756231308,0.4976844787597656,0.6666290760040283,1.1034973859786987,-0.330810546875,-0.03,0.25819602608680725,0.9706320762634277
1.7207781076431274,-0.14291678369045258,0.6301732659339905,-0.01241918746381998,-0.02485770918428898,-0.11654718965291977,-0.9927962422370911,-0.5092344880104065,0.2135889232158661,-0.4897264242172241,0.656215488910675,-0.24,-0.31411299109458923,-0.5843818187713623,-0.010708766989409924,-0.1483217179775238,1.0184563398361206,-0.030188806354999542,-0.5168999433517456,0.0977468490600586,-0.12376828491687775,0.5041566491127014,0.6850066781044006,1.089896321296692,-0.3411475419998169,-0.03,0.33895716071128845,0.9223954081535339
1.722044825553894,-0.14698871970176697,0.6280047297477722,-0.010999142192304134,-0.027522485703229904,-0.1190253272652626,-0.992448627948761,-0.5247626304626465,0.21770180761814117,-0.5057345032691956,0.6649712920188904,-0.24,-0.31869688630104065,-0.5936862826347351,-0.0040754941292107105,-0.15599273145198822,1.0301942825317383,-0.030852489173412323,-0.5260528922080994,0.1177089512348175,-0.15291471779346466,0.5111756920814514,0.7099592685699463,1.0661733150482178,-0.3550223708152771,-0.03,0.41593143343925476,0.8635945320129395
1.7232115268707275,-0.15113016963005066,0.6257163286209106,-0.009966515935957432,-0.030627615749835968,-0.12226563692092896,-0.9919746518135071,-0.5425850749015808,0.21982677280902863,-0.5222901105880737,0.674488365650177,-0.24,-0.32261502742767334,-0.6043002009391785,0.0005401184898801148,-0.16551291942596436,1.0425617694854736,-0.034122221171855927,-0.5355724692344666,0.132257878780365,-0.1803417056798935,0.5176095962524414,0.7416742444038391,1.0296577215194702,-0.37205010652542114,-0.03,0.486772358417511,0.7946174144744873
1.7241922616958618,-0.1552620530128479,0.623388946056366,-0.009318266063928604,-0.034154392778873444,-0.12661129236221313,-0.9913203716278076,-0.5631039142608643,0.219452902674675,-0.539205014705658,0.6847528219223022,-0.24,-0.32530084252357483,-0.6160091757774353,0.0026760322507470846,-0.1771545708179474,1.0551527738571167,-0.03941827639937401,-0.5452742576599121,0.14060240983963013,-0.20651617646217346,0.5221456289291382,0.7799452543258667,0.9779871106147766,-0.39172524213790894,-0.03,0.5501385927200317,0.7164068818092346
1.7249432802200317,-0.15927433967590332,0.6212491989135742,-0.008942189626395702,-0.03792855888605118,-0.13203805685043335,-0.9904782772064209,-0.5872822403907776,0.2161339819431305,-0.5562431216239929,0.6977124810218811,-0.24,-0.324190616607666,-0.6277608871459961,0.0025588024873286486,-0.1906883865594864,1.0665110349655151,-0.04584677889943123,-0.5543122291564941,0.14270226657390594,-0.23144234716892242,0.5230190753936768,0.823714554309845,0.9080012440681458,-0.41368958353996277,-0.03,0.6054502725601196,0.631420910358429
1.725532054901123,-0.16304276883602142,0.6197180151939392,-0.008298634551465511,-0.0418177954852581,-0.13766108453273773,-0.9895614385604858,-0.6206927299499512,0.20872952044010162,-0.5739684700965881,0.7236317992210388,-0.24,-0.3105369210243225,-0.6377174258232117,0.0025615610647946596,-0.20476163923740387,1.0732100009918213,-0.051872871816158295,-0.560705304145813,0.14089129865169525,-0.25560569763183594,0.5187225937843323,0.8694158792495728,0.8177734613418579,-0.4376220107078552,-0.03,0.6542829871177673,0.5433345437049866
1.7262662649154663,-0.16633456945419312,0.6190390586853027,-0.006811509374529123,-0.04538713023066521,-0.14229881763458252,-0.9887590408325195,-0.6669976115226746,0.19833150506019592,-0.5880135297775269,0.7681044340133667,-0.24,-0.2750396430492401,-0.6437090635299683,0.005620263051241636,-0.21700584888458252,1.0732759237289429,-0.05465241149067879,-0.5636118054389954,0.13829468190670013,-0.2797746956348419,0.5099669694900513,0.9137624502182007,0.7113176584243774,-0.4617137014865875,-0.03,0.7017897963523865,0.4555158019065857
1.7274624109268188,-0.168832466006279,0.618994951248169,-0.004957215860486031,-0.048160623759031296,-0.14638112485408783,-0.9880427122116089,-0.7232289910316467,0.1858944296836853,-0.5944620370864868,0.8212623596191406,-0.2353028506040573,-0.25933265686035156,-0.6451548933982849,0.009830785915255547,-0.22712548077106476,1.0694838762283325,-0.053300630301237106,-0.5653576850891113,0.13444288074970245,-0.3043425977230072,0.49966275691986084,0.9578372836112976,0.6007832288742065,-0.4842449724674225,-0.03,0.7536360025405884,0.3707849979400635
1.7291399240493774,-0.17048509418964386,0.6192952990531921,-0.0032795676961541176,-0.050222206860780716,-0.1507815718650818,-0.9872850775718689,-0.7850003838539124,0.172013521194458,-0.5937162041664124,0.8666061758995056,-0.23313108086585999,-0.26288893818855286,-0.6427171230316162,0.012153640389442444,-0.23795682191848755,1.0638834238052368,-0.05246126279234886,-0.5674844980239868,0.12896965444087982,-0.3283982574939728,0.48932328820228577,1.0034865140914917,0.49442702531814575,-0.5059754848480225,-0.05578772723674774,0.8068290948867798,0.28840172290802
1.731171727180481,-0.17141331732273102,0.6196102499961853,-0.0018429355695843697,-0.05177037790417671,-0.1548411250114441,-0.9865801930427551,-0.846788763999939,0.15713274478912354,-0.5864139795303345,0.8958057761192322,-0.23297233879566193,-0.25817039608955383,-0.638246476650238,0.013030550442636013,-0.24869957566261292,1.058390736579895,-0.05376005917787552,-0.5703762769699097,0.12550632655620575,-0.34980830550193787,0.4805857539176941,1.0475053787231445,0.40013062953948975,-0.5298154950141907,-0.08281240612268448,0.8489812612533569,0.206105574965477
1.7334256172180176,-0.17173641920089722,0.6196374297142029,-0.000713441229891032,-0.052857015281915665,-0.15736402571201324,-0.9861246943473816,-0.901573896408081,0.1413879692554474,-0.5728785395622253,0.9068465232849121,-0.23491328954696655,-0.2354864478111267,-0.634294867515564,0.014313194900751114,-0.25486457347869873,1.0560626983642578,-0.05269676446914673,-0.5746867656707764,0.12779821455478668,-0.36783719062805176,0.47542667388916016,1.0854090452194214,0.32631945610046387,-0.5594568848609924,-0.10600744187831879,0.8716437220573425,0.12662187218666077
1.7359102964401245,-0.1715884953737259,0.6191378831863403,0.0002927681780420244,-0.053153544664382935,-0.1579596847295761,-0.9860138297080994,-0.944144606590271,0.12545453011989594,-0.5561510920524597,0.9030168652534485,-0.2378002554178238,-0.20387904345989227,-0.6307775378227234,0.016853267326951027,-0.25622716546058655,1.0580921173095703,-0.04919184371829033,-0.5810186862945557,0.13627034425735474,-0.3842935562133789,0.4748193621635437,1.1169887781143188,0.2747318744659424,-0.5952916741371155,-0.12411961704492569,0.8771063685417175,0.053678493946790695
1.7386834621429443,-0.1709984391927719,0.6179265975952148,0.0014193968381732702,-0.05234024301171303,-0.15717746317386627,-0.9861813187599182,-0.9742329716682434,0.10906258970499039,-0.5407972931861877,0.8945068717002869,-0.23832640051841736,-0.1758437156677246,-0.626385509967804,0.019925111904740334,-0.25605684518814087,1.0644705295562744,-0.046815160661935806,-0.589949905872345,0.14769664406776428,-0.399697870016098,0.4768025875091553,1.1472567319869995,0.23505686223506927,-0.6337063312530518,-0.1378684788942337,0.8742882609367371,-0.012231484055519104
1.741607666015625,-0.16991612315177917,0.6159284710884094,0.00265882583335042,-0.050900816917419434,-0.15581093728542328,-0.9864708781242371,-0.9958369135856628,0.09041763842105865,-0.5292934775352478,0.8902512788772583,-0.23407034575939178,-0.15234678983688354,-0.6223800778388977,0.022279338911175728,-0.255786269903183,1.0756226778030396,-0.04660487920045853,-0.5900000000000001,0.15882092714309692,-0.4129689335823059,0.47957783937454224,1.1780095100402832,0.19896164536476135,-0.6713263988494873,-0.1498403549194336,0.8717206716537476,-0.07030943781137466
1.744436502456665,-0.1683317869901657,0.6131662726402283,0.00394706055521965,-0.04973359405994415,-0.1540941298007965,-0.9867958426475525,-1.013420820236206,0.06861300766468048,-0.5209055542945862,0.8931918740272522,-0.22733169794082642,-0.12860891222953796,-0.6215336918830872,0.02361205406486988,-0.2544296681880951,1.0918614864349365,-0.04738727584481239,-0.5900000000000001,0.16922134160995483,-0.4229281544685364,0.48174363374710083,1.2054353952407837,0.16581526398658752,-0.706602156162262,-0.16278637945652008,0.873416543006897,-0.1188306137919426
1.7471057176589966,-0.1663169115781784,0.6097689867019653,0.005341785028576851,-0.049100641161203384,-0.15201030671596527,-0.9871441125869751,-1.0283595323562622,0.044634860008955,-0.5132806897163391,0.901309609413147,-0.221021369099617,-0.10483507066965103,-0.6242150068283081,0.02440854161977768,-0.25152814388275146,1.1122394800186157,-0.04829142615199089,-0.5900000000000001,0.1788131594657898,-0.42785781621932983,0.482539564371109,1.226069450378418,0.1393589824438095,-0.7381610870361328,-0.17665952444076538,0.8806559443473816,-0.14999999999999997
1.749767780303955,-0.1640317142009735,0.6059039831161499,0.0071461135521531105,-0.048613641411066055,-0.14968928694725037,-0.9875113368034363,-1.0393930673599243,0.020539874210953712,-0.5049934387207031,0.909824550151825,-0.21457505226135254,-0.08471496403217316,-0.6282474994659424,0.02571171522140503,-0.24811139702796936,1.1347980499267578,-0.04894609749317169,-0.5900000000000001,0.18641644716262817,-0.4263782203197479,0.48343515396118164,1.238884687423706,0.1251029372215271,-0.7648617029190063,-0.18940512835979462,0.8937342166900635,-0.14999999999999997
1.7525869607925415,-0.161673441529274,0.6016217470169067,0.009893922135233879,-0.04794790595769882,-0.14718559384346008,-0.9878964424133301,-1.0456939935684204,-0.0018021261785179377,-0.49609819054603577,0.9151561260223389,-0.2055363655090332,-0.0650424063205719,-0.6317851543426514,0.029068011790513992,-0.24546054005622864,1.1579780578613281,-0.04922829568386078,-0.5900000000000001,0.19145804643630981,-0.41868746280670166,0.48604854941368103,1.244247317314148,0.1245153620839119,-0.7862082719802856,-0.20000576972961426,0.9117693901062012,-0.14999999999999997
1.7556495666503906,-0.15942254662513733,0.5968020558357239,0.01411137543618679,-0.047065626829862595,-0.14443324506282806,-0.9882937669754028,-1.0474517345428467,-0.021356631070375443,-0.487295001745224,0.9172831773757935,-0.19283108413219452,-0.04422519728541374,-0.6344479322433472,0.03594541922211647,-0.24438530206680298,1.1814489364624023,-0.04912629351019859,-0.5900000000000001,0.19417844712734222,-0.40579473972320557,0.4908985197544098,1.2442083358764648,0.13405971229076385,-0.8021534085273743,-0.2081736922264099,0.9339374899864197,-0.14999999999999997
1.759000301361084,-0.1574045717716217,0.5912678241729736,0.02007037028670311,-0.04597512632608414,-0.14126746356487274,-0.9886995553970337,-1.0431532859802246,-0.03668445721268654,-0.47901830077171326,0.914688229560852,-0.1811981052160263,-0.03183555603027344,-0.6366217136383057,0.047471269965171814,-0.24455775320529938,1.2058614492416382,-0.04774833098053932,-0.5900000000000001,0.19527098536491394,-0.3887244164943695,0.4988514482975006,1.2414188385009766,0.15173618495464325,-0.8122926950454712,-0.2146787941455841,0.9590786695480347,-0.14999999999999997
1.762270212173462,-0.1554631143808365,0.58566814661026,0.02650308422744274,-0.045327793806791306,-0.13880404829978943,-0.988926887512207,-1.0443402528762817,-0.04149114340543747,-0.48650383949279785,0.9241911172866821,-0.20242264866828918,-0.030363818630576134,-0.6395795345306396,0.05991479754447937,-0.24524201452732086,1.2296994924545288,-0.04438984394073486,-0.5900000000000001,0.19306251406669617,-0.36866137385368347,0.5080347657203674,1.2390635013580322,0.17900818586349487,-0.81620854139328,-0.22234871983528137,0.9866364002227783,-0.14999999999999997
1.7645291090011597,-0.15347205102443695,0.5821496844291687,0.03004947490990162,-0.046166133135557175,-0.1401084065437317,-0.9886026978492737,-1.0610727071762085,-0.04923662170767784,-0.5023258924484253,0.9569371342658997,-0.2192675769329071,-0.04849096015095711,-0.6437464356422424,0.06,-0.2458612620830536,1.2464154958724976,-0.03775021433830261,-0.5900000000000001,0.18256230652332306,-0.34809622168540955,0.5141168832778931,1.2384017705917358,0.2195778787136078,-0.8153812885284424,-0.2336365431547165,1.012519121170044,-0.14999999999999997
1.7663625478744507,-0.15183398127555847,0.5802704095840454,0.03214839845895767,-0.04661247134208679,-0.14239421486854553,-0.9881889820098877,-1.0704911947250366,-0.05753409117460251,-0.5122056603431702,0.9781535863876343,-0.22067788243293762,-0.059818390756845474,-0.6442088484764099,0.06,-0.24615855515003204,1.2554787397384644,-0.029685871675610542,-0.5900000000000001,0.17074300348758698,-0.32872694730758667,0.522076427936554,1.2336006164550781,0.26703065633773804,-0.8090752959251404,-0.24602961540222168,1.028499722480774,-0.1355421394109726
1.7680068016052246,-0.15060238540172577,0.5800299048423767,0.03294939175248146,-0.045885294675827026,-0.1450015902519226,-0.9878174662590027,-1.0697276592254639,-0.06,-0.5168114304542542,0.986159086227417,-0.22017237544059753,-0.06598050147294998,-0.638490617275238,0.06,-0.2468804270029068,1.2563257217407227,-0.021782685071229935,-0.5900000000000001,0.1591198891401291,-0.3110904395580292,0.5322840809822083,1.2217097282409668,0.31436479091644287,-0.7979433536529541,-0.25638702511787415,1.0359227657318115,-0.12172761559486389
1.769534707069397,-0.14975573122501373,0.5808530449867249,0.032888319343328476,-0.04423058405518532,-0.1470956802368164,-0.9875852465629578,-1.0623966455459595,-0.06,-0.5176693797111511,0.9862701892852783,-0.21905352175235748,-0.06932783871889114,-0.6285315155982971,0.06,-0.2473430037498474,1.251642107963562,-0.01479753665626049,-0.5900000000000001,0.1494845151901245,-0.2963552474975586,0.5426784157752991,1.2012120485305786,0.3526679277420044,-0.7837844491004944,-0.263764888048172,1.0393165349960327,-0.11145224422216415
1.7708684206008911,-0.14923419058322906,0.5819470882415771,0.03232318162918091,-0.04254269599914551,-0.14830335974693298,-0.9874975085258484,-1.0536506175994873,-0.06,-0.5163764357566833,0.9835866689682007,-0.2180453985929489,-0.0715498998761177,-0.6187252402305603,0.06,-0.2468835562467575,1.2458072900772095,-0.009388018399477005,-0.5900000000000001,0.14162372052669525,-0.28391194343566895,0.5507882237434387,1.1778041124343872,0.3767138719558716,-0.7704272866249084,-0.2691033184528351,1.0435712337493896,-0.10377022624015808
1.772055745124817,-0.1490401327610016,0.5829624533653259,0.031517259776592255,-0.041109077632427216,-0.14879438281059265,-0.9875103831291199,-1.0455430746078491,-0.06,-0.5142296552658081,0.9803885817527771,-0.2173875868320465,-0.07327333092689514,-0.6101036071777344,0.06,-0.2468784749507904,1.240250587463379,-0.007096584420651197,-0.5900000000000001,0.13460780680179596,-0.2731550335884094,0.5600341558456421,1.1544584035873413,0.39635980129241943,-0.7600431442260742,-0.27293285727500916,1.049482822418213,-0.09674214571714401
1.7732365131378174,-0.14913912117481232,0.583858847618103,0.03076624870300293,-0.039740100502967834,-0.14884479343891144,-0.9875825047492981,-1.0381592512130737,-0.06,-0.5124098062515259,0.9777305722236633,-0.2174699306488037,-0.075326107442379,-0.6014814376831055,0.06,-0.24902786314487457,1.234458088874817,-0.009069050662219524,-0.5900000000000001,0.12808266282081604,-0.26440510153770447,0.5716603994369507,1.1319317817687988,0.4176470637321472,-0.7523009777069092,-0.27406683564186096,1.0543328523635864,-0.0872468501329422
1.774492859840393,-0.1494147628545761,0.5846417546272278,0.03021448478102684,-0.038411300629377365,-0.14870505034923553,-0.9876731038093567,-1.0315231084823608,-0.058718618005514145,-0.511389970779419,0.9759974479675293,-0.21817314624786377,-0.0779128298163414,-0.5924094915390015,0.06,-0.25366753339767456,1.2281941175460815,-0.014930821023881435,-0.5900000000000001,0.12190297245979309,-0.2582578957080841,0.5835952758789062,1.1120786666870117,0.4397848844528198,-0.7461168169975281,-0.2720438838005066,1.0563812255859375,-0.07501400262117386
1.7758502960205078,-0.14969243109226227,0.5853325724601746,0.02982507273554802,-0.03724176064133644,-0.14843468368053436,-0.9877704977989197,-1.0256985425949097,-0.0560489222407341,-0.5108491778373718,0.9752640128135681,-0.21911871433258057,-0.08110810816287994,-0.583275556564331,0.05923288315534592,-0.2596641480922699,1.221724033355713,-0.02310725674033165,-0.5900000000000001,0.11615518480539322,-0.25470298528671265,0.5931961536407471,1.0973118543624878,0.4600085914134979,-0.740334153175354,-0.2683454751968384,1.0562776327133179,-0.06338218599557877
1.7773252725601196,-0.14982394874095917,0.586008608341217,0.029500998556613922,-0.036272261291742325,-0.14802250266075134,-0.987878143787384,-1.020348072052002,-0.05347142741084099,-0.5101879835128784,0.975225031375885,-0.21987538039684296,-0.08487541228532791,-0.5743480324745178,0.05786506459116936,-0.2653522491455078,1.2151985168457031,-0.03135330229997635,-0.5900000000000001,0.11085520684719086,-0.25341659784317017,0.5989381670951843,1.0888755321502686,0.47731003165245056,-0.734442949295044,-0.26459527015686035,1.056014895439148,-0.05497238412499428
1.7789688110351562,-0.14973582327365875,0.5868256092071533,0.029178496450185776,-0.03532998636364937,-0.14760267734527588,-0.9879847168922424,-1.0144507884979248,-0.050946857780218124,-0.5090609192848206,0.9750813245773315,-0.22013229131698608,-0.08900654315948486,-0.5648930072784424,0.05679725855588913,-0.2699669897556305,1.207992434501648,-0.037991397082805634,-0.5900000000000001,0.10559255629777908,-0.2540426254272461,0.6016640067100525,1.0863070487976074,0.4947100281715393,-0.728668749332428,-0.26102790236473083,1.056615948677063,-0.04926283657550812
1.7808349132537842,-0.14938196539878845,0.5879315137863159,0.028770625591278076,-0.03418802469968796,-0.1474314033985138,-0.98806232213974,-1.006845474243164,-0.04851005598902702,-0.5070838332176208,0.9738860130310059,-0.21962207555770874,-0.09321463108062744,-0.5538631677627563,0.05585016682744026,-0.27357250452041626,1.199344277381897,-0.0422586053609848,-0.5900000000000001,0.09974892437458038,-0.25575366616249084,0.6035133600234985,1.0881092548370361,0.5166593790054321,-0.7237818241119385,-0.2572689652442932,1.0574333667755127,-0.04444529488682747
1.7829445600509644,-0.1487051099538803,0.5894041061401367,0.028128573670983315,-0.03274644538760185,-0.14777137339115143,-0.9880789518356323,-0.996877908706665,-0.04643022641539574,-0.5035541653633118,0.9709206819534302,-0.21794423460960388,-0.0970471054315567,-0.5407509207725525,0.05448928475379944,-0.27637478709220886,1.1889739036560059,-0.043880611658096313,-0.5900000000000001,0.09282765537500381,-0.25709816813468933,0.6059714555740356,1.0925580263137817,0.5452011823654175,-0.7207356095314026,-0.2533905804157257,1.057355284690857,-0.03933125361800194
1.785266399383545,-0.14764396846294403,0.5912522673606873,0.027136826887726784,-0.03110302798449993,-0.14868174493312836,-0.9880231618881226,-0.9845334887504578,-0.045059602707624435,-0.4979912042617798,0.9658234715461731,-0.21477195620536804,-0.10019506514072418,-0.5258842706680298,0.052348461002111435,-0.27816638350486755,1.1770418882369995,-0.042659301310777664,-0.5900000000000001,0.08494607359170914,-0.25664347410202026,0.609168291091919,1.0975552797317505,0.5792009830474854,-0.7204137444496155,-0.2500479519367218,1.0557630062103271,-0.03358343988656998
1.7877442836761475,-0.1461721658706665,0.5934558510780334,0.02578996680676937,-0.029485704377293587,-0.1499391794204712,-0.9879187941551208,-0.970389187335968,-0.04427063465118408,-0.4899333715438843,0.9585587978363037,-0.2099030464887619,-0.10246175527572632,-0.5101029276847839,0.04953901469707489,-0.2783614695072174,1.1637754440307617,-0.038512952625751495,-0.5900000000000001,0.07693128287792206,-0.2535523474216461,0.6124461889266968,1.1004067659378052,0.6162166595458984,-0.7234494090080261,-0.24777249991893768,1.0525522232055664,-0.026903457939624786
1.7903094291687012,-0.1443043053150177,0.5960009694099426,0.024149330332875252,-0.028158118948340416,-0.15128129720687866,-0.9877943992614746,-0.9550613164901733,-0.04381773993372917,-0.47939133644104004,0.9489495754241943,-0.20346564054489136,-0.10372892767190933,-0.49425461888313293,0.046248652040958405,-0.2766805589199066,1.1491817235946655,-0.03183944523334503,-0.5900000000000001,0.0696382224559784,-0.24779120087623596,0.615123987197876,1.0985796451568604,0.654222309589386,-0.7299767732620239,-0.24632099270820618,1.0480372905731201,-0.01839030161499977
1.792898416519165,-0.14207257330417633,0.5988889336585999,0.022256918251514435,-0.027323538437485695,-0.152556374669075,-0.987666130065918,-0.9388790726661682,-0.04362777993083,-0.4666634798049927,0.9365948438644409,-0.19572196900844574,-0.10375531762838364,-0.47886210680007935,0.042429663240909576,-0.2733485698699951,1.133085012435913,-0.023472148925065994,-0.5900000000000001,0.06352540850639343,-0.2398526519536972,0.6170284748077393,1.0906157493591309,0.6922247409820557,-0.7394036650657654,-0.24483619630336761,1.0431286096572876,-0.006889137905091047
1.7954920530319214,-0.13948923349380493,0.6021004319190979,0.020123913884162903,-0.02704351581633091,-0.15367275476455688,-0.9875465631484985,-0.9219801425933838,-0.04365941882133484,-0.4517022967338562,0.9214182496070862,-0.18671000003814697,-0.10247243195772171,-0.4640327990055084,0.03789697587490082,-0.268762469291687,1.1154059171676636,-0.014248548075556755,-0.5900000000000001,0.05873550847172737,-0.23003055155277252,0.6185126900672913,1.0765070915222168,0.7295549511909485,-0.7503677606582642,-0.24270017445087433,1.039362907409668,0.007599960081279278
1.798120141029358,-0.1365281045436859,0.605551540851593,0.017763478681445122,-0.027262093499302864,-0.1545209437608719,-0.9874535202980042,-0.904602587223053,-0.043845437467098236,-0.4339973032474518,0.9041049480438232,-0.17618580162525177,-0.10019012540578842,-0.4496791362762451,0.03250304237008095,-0.26315414905548096,1.0964443683624268,-0.00473110843449831,-0.5900000000000001,0.0552995502948761,-0.21817347407341003,0.6201847791671753,1.057527780532837,0.765396237373352,-0.7613226175308228,-0.2399073988199234,1.0389052629470825,0.023871025070548058
1.8008406162261963,-0.1331375688314438,0.609110414981842,0.015204467810690403,-0.02788224071264267,-0.15501931309700012,-0.9874007701873779,-0.887100100517273,-0.04425164684653282,-0.4131612777709961,0.8858612775802612,-0.16395585238933563,-0.09753990918397903,-0.4356994926929474,0.0261364933103323,-0.25666478276252747,1.07680082321167,0.0047542680986225605,-0.5900000000000001,0.05312885344028473,-0.20400410890579224,0.6225315928459167,1.0358048677444458,0.7988837361335754,-0.7711151838302612,-0.23674114048480988,1.0441992282867432,0.04051679000258446
1.8037052154541016,-0.12926064431667328,0.6126463413238525,0.01248198188841343,-0.028807958588004112,-0.15513376891613007,-0.9873943328857422,-0.8697267770767212,-0.04511312395334244,-0.3894249200820923,0.8678647875785828,-0.15005072951316833,-0.0952649861574173,-0.4220327138900757,0.018717167899012566,-0.24936644732952118,1.0571162700653076,0.014102226123213768,-0.5900000000000001,0.05213819816708565,-0.18755590915679932,0.6255137324333191,1.0136888027191162,0.8291708827018738,-0.7790784239768982,-0.23333416879177094,1.0567290782928467,0.056420814245939255
1.8067842721939087,-0.12485311925411224,0.6160573959350586,0.00968068279325962,-0.029890358448028564,-0.15483438968658447,-0.9874405860900879,-0.8525769710540771,-0.04655447229743004,-0.3634887635707855,0.851260781288147,-0.13483671844005585,-0.0942293182015419,-0.4083205461502075,0.010341573506593704,-0.2414565235376358,1.0376918315887451,0.023193517699837685,-0.5900000000000001,0.052390147000551224,-0.16917888820171356,0.628903329372406,0.9928419589996338,0.8560546636581421,-0.7849065661430359,-0.22936712205410004,1.0758904218673706,0.07126445323228836
1.8101286888122559,-0.11988570541143417,0.61933434009552,0.006893193814903498,-0.031009241938591003,-0.1542617678642273,-0.9875191450119019,-0.8353914618492126,-0.04878705367445946,-0.33649638295173645,0.8362935781478882,-0.1187715157866478,-0.09482842683792114,-0.39392247796058655,0.0010395144345238805,-0.2336239218711853,1.0181183815002441,0.03175199404358864,-0.5900000000000001,0.053701870143413544,-0.149448424577713,0.632503867149353,0.9737917184829712,0.8803701996803284,-0.7886676788330078,-0.2244408279657364,1.099424958229065,0.08548159897327423
1.8137376308441162,-0.11433402448892593,0.6225549578666687,0.00415526470169425,-0.032153863459825516,-0.15364812314510345,-0.9875934720039368,-0.8176133632659912,-0.05219714716076851,-0.309845507144928,0.8220922350883484,-0.10243634879589081,-0.0968126431107521,-0.37832745909690857,-0.009278652258217335,-0.22656473517417908,0.9975318908691406,0.039655815809965134,-0.5900000000000001,0.05581492558121681,-0.12912575900554657,0.6358205080032349,0.9562817215919495,0.9027964472770691,-0.7905378341674805,-0.21851319074630737,1.1243475675582886,0.099494069814682
1.8175619840621948,-0.10817894339561462,0.6258113384246826,0.0014486800646409392,-0.033364828675985336,-0.15306374430656433,-0.9876518249511719,-0.7986654043197632,-0.05708951875567436,-0.28485238552093506,0.8075110912322998,-0.086451455950737,-0.09973455965518951,-0.361370325088501,-0.02064988762140274,-0.22042283415794373,0.9751977920532227,0.047167032957077026,-0.5900000000000001,0.05884603038430214,-0.10886812210083008,0.6383002996444702,0.939620852470398,0.9234577417373657,-0.7905323505401611,-0.21193711459636688,1.1477147340774536,0.11324474960565567
1.8215231895446777,-0.10142858326435089,0.6291359663009644,-0.0012406682362779975,-0.03471861407160759,-0.15231673419475555,-0.9877209067344666,-0.7784020304679871,-0.06,-0.26257529854774475,0.7919107675552368,-0.07140375673770905,-0.1033143475651741,-0.3433893024921417,-0.0329541340470314,-0.21474605798721313,0.9508576989173889,0.05443442612886429,-0.5900000000000001,0.06329488009214401,-0.08906334638595581,0.6396949291229248,0.9232689142227173,0.9422957301139832,-0.7885885238647461,-0.2053924947977066,1.1673846244812012,0.12581174075603485
1.8255118131637573,-0.09415480494499207,0.6324709057807922,-0.0038609651383012533,-0.0363314226269722,-0.1511075794696808,-0.9878418445587158,-0.7575011253356934,-0.06,-0.24285852909088135,0.7754344940185547,-0.057446323335170746,-0.10732471197843552,-0.32525143027305603,-0.04591803997755051,-0.20898544788360596,0.9248874187469482,0.06130712106823921,-0.5900000000000001,0.06948427110910416,-0.06998184323310852,0.6404300928115845,0.9072088003158569,0.9603202939033508,-0.7848426103591919,-0.19936522841453552,1.182376742362976,0.13597372174263
1.8294129371643066,-0.08651476353406906,0.6356750130653381,-0.006324032787233591,-0.03827208653092384,-0.14954131841659546,-0.9879941940307617,-0.7373101711273193,-0.06,-0.22335126996040344,0.758672297000885,-0.04310040920972824,-0.11123544722795486,-0.3078163266181946,-0.05927449092268944,-0.20322751998901367,0.8982217907905579,0.06782212108373642,-0.5900000000000001,0.07643168419599533,-0.05156918242573738,0.6414182782173157,0.8917481303215027,0.9796633124351501,-0.7797517776489258,-0.19361041486263275,1.1929874420166016,0.14345525205135345
1.8331637382507324,-0.0786745622754097,0.6386746168136597,-0.008488616906106472,-0.040354203432798386,-0.1481286585330963,-0.9881079792976379,-0.7181726098060608,-0.06,-0.20487694442272186,0.742017924785614,-0.028543269261717796,-0.114731065928936,-0.2930981516838074,-0.07308407872915268,-0.1976456344127655,0.8755855560302734,0.07465760409832001,-0.5900000000000001,0.082248255610466,-0.03321467712521553,0.6431537866592407,0.877312421798706,1.0015900135040283,-0.7735528945922852,-0.1880296766757965,1.2000746726989746,0.14829185605049133
1.8369320631027222,-0.0708172395825386,0.6416749358177185,-0.00987098179757595,-0.04186238721013069,-0.1472110152244568,-0.9881694912910461,-0.6985352039337158,-0.06,-0.18883071839809418,0.7252235412597656,-0.014459781348705292,-0.11799722164869308,-0.28409305214881897,-0.0870397761464119,-0.19245338439941406,0.8659424781799316,0.08082641661167145,-0.5900000000000001,0.08573219925165176,-0.013808650895953178,0.6459212303161621,0.8640331625938416,1.0253758430480957,-0.7655655145645142,-0.18277506530284882,1.2043191194534302,0.1508203148841858
1.8408854007720947,-0.06308940798044205,0.6448485851287842,-0.010012457147240639,-0.04223398491740227,-0.1463649719953537,-0.9882778525352478,-0.6773340106010437,-0.06,-0.1752152144908905,0.7088245153427124,-0.001356695662252605,-0.12189698219299316,-0.2795557677745819,-0.09885073453187943,-0.18600963056087494,0.8700087666511536,0.08664736151695251,-0.5900000000000001,0.08772702515125275,0.0067877378314733505,0.6496736407279968,0.8520554304122925,1.0494260787963867,-0.7554866671562195,-0.17863787710666656,1.206913948059082,0.15054748952388763
1.844955563545227,-0.05555956810712814,0.6481950879096985,-0.008863290771842003,-0.04172305390238762,-0.1452675461769104,-0.9884724617004395,-0.6552175879478455,-0.06,-0.16346772015094757,0.6928526759147644,0.010702435858547688,-0.12633734941482544,-0.2775759994983673,-0.10692784190177917,-0.17678533494472504,0.8820328116416931,0.09346321225166321,-0.5825664401054382,0.08906613290309906,0.027197711169719696,0.6535375714302063,0.8423439860343933,1.0719915628433228,-0.744209349155426,-0.1761857122182846,1.2090402841567993,0.14722131192684174
1.8491240739822388,-0.04827490448951721,0.6517277359962463,-0.006398426368832588,-0.0406472384929657,-0.14411459863185883,-0.9887051582336426,-0.632744312286377,-0.06,-0.1538456529378891,0.6768845915794373,0.021642576903104782,-0.1309037059545517,-0.278848797082901,-0.11227907240390778,-0.16477040946483612,0.9000317454338074,0.09734153747558594,-0.540810763835907,0.08972755819559097,0.04616802558302879,0.6569743156433105,0.8349339962005615,1.0918707847595215,-0.7327441573143005,-0.17523664236068726,1.2107998132705688,0.14191512763500214
1.853371500968933,-0.041273415088653564,0.6554087996482849,-0.002797146560624242,-0.03920580446720123,-0.14335060119628906,-0.9888910055160522,-0.6101350784301758,-0.06,-0.1467563509941101,0.6604592204093933,0.03146439418196678,-0.13500607013702393,-0.2841359078884125,-0.11500809341669083,-0.15010538697242737,0.9244018197059631,0.0959743782877922,-0.4900004267692566,0.08931335806846619,0.06267751753330231,0.6597275137901306,0.8283810615539551,1.1097685098648071,-0.7219805717468262,-0.17602834105491638,1.2117732763290405,0.1359061300754547
1.8576066493988037,-0.0345626100897789,0.659125566482544,0.0013677413808181882,-0.03761178255081177,-0.14325278997421265,-0.9889702200889587,-0.58738774061203,-0.06,-0.141820028424263,0.6428971290588379,0.040413957089185715,-0.13801074028015137,-0.29330867528915405,-0.11541043221950531,-0.1318201720714569,0.9541600346565247,0.0936877653002739,-0.43221133947372437,0.08784753084182739,0.07577715069055557,0.6609621644020081,0.8204735517501831,1.1269441843032837,-0.7125649452209473,-0.1786498725414276,1.2107031345367432,0.1313411295413971
1.8616222143173218,-0.028227180242538452,0.6626762747764587,0.005396816413849592,-0.036423210054636,-0.14375454187393188,-0.9889280796051025,-0.5655695796012878,-0.06,-0.1382737159729004,0.623823881149292,0.04865792393684387,-0.13921508193016052,-0.3080846667289734,-0.11400102078914642,-0.10814855992794037,0.9901565909385681,0.09361636638641357,-0.37108638882637024,0.08631988614797592,0.08381316810846329,0.6596546769142151,0.8087087273597717,1.1429542303085327,-0.7053080201148987,-0.18284396827220917,1.2053725719451904,0.13090668618679047
1.8652701377868652,-0.022272298112511635,0.6659550070762634,0.008692861534655094,-0.03598402068018913,-0.1444663256406784,-0.9888169169425964,-0.5449644923210144,-0.06,-0.1348278969526291,0.6026061773300171,0.056438859552145004,-0.13814233243465424,-0.3296802043914795,-0.11155640333890915,-0.08004038035869598,1.0397638082504272,0.09464185684919357,-0.3377181887626648,0.08632766455411911,0.08720993250608444,0.6541535258293152,0.7941453456878662,1.1519837379455566,-0.6992534399032593,-0.18893063068389893,1.1937503814697266,0.1363862156867981
1.8687465190887451,-0.016561852768063545,0.6689265370368958,0.01096476148813963,-0.03572067990899086,-0.1451670080423355,-0.9887012243270874,-0.5239458680152893,-0.06,-0.13049793243408203,0.5798675417900085,0.06407296657562256,-0.13581682741641998,-0.35238808393478394,-0.10948389768600464,-0.05253554508090019,1.0914652347564697,0.09827529639005661,-0.324699342250824,0.08812347054481506,0.0892929956316948,0.6450585126876831,0.779048502445221,1.151973843574524,-0.6923877596855164,-0.19730117917060852,1.178262710571289,0.14612315595149994
1.8722814321517944,-0.01090917270630598,0.6714223623275757,0.011979118920862675,-0.035065729171037674,-0.14566831290721893,-0.988639235496521,-0.5017589330673218,-0.06,-0.12441954761743546,0.5579730272293091,0.07201865315437317,-0.1341816633939743,-0.37031638622283936,-0.1097111776471138,-0.029661552980542183,1.1294761896133423,0.0998333990573883,-0.3082076907157898,0.09150196611881256,0.09155480563640594,0.6348889470100403,0.7633262872695923,1.1481001377105713,-0.6843332648277283,-0.20872196555137634,1.1640290021896362,0.15457910299301147
1.8758541345596313,-0.005219943821430206,0.6732757091522217,0.011614680290222168,-0.03425091132521629,-0.14572817087173462,-0.9886632561683655,-0.4796716868877411,-0.06,-0.11616095155477524,0.538578987121582,0.08053039014339447,-0.13410715758800507,-0.3847588896751404,-0.11342725157737732,-0.010879372246563435,1.1528091430664062,0.09784413874149323,-0.2849619686603546,0.09643497318029404,0.0933029055595398,0.6257317662239075,0.7463681697845459,1.1456377506256104,-0.6765918731689453,-0.2231227457523346,1.1537392139434814,0.15883813798427582
1.8793305158615112,0.0004540379159152508,0.6744146943092346,0.009943523444235325,-0.0337534062564373,-0.14524123072624207,-0.9887702465057373,-0.45948490500450134,-0.06,-0.10604234039783478,0.5224367380142212,0.08945310860872269,-0.13560298085212708,-0.40149199962615967,-0.12052939087152481,0.006842430680990219,1.1721574068069458,0.09634793549776077,-0.26494938135147095,0.10272000730037689,0.09426374733448029,0.618254542350769,0.7289698719978333,1.144840121269226,-0.6701541543006897,-0.2381187528371811,1.1462962627410889,0.1623445749282837
1.8826854228973389,0.006005009636282921,0.6748324036598206,0.007207026239484549,-0.03362579643726349,-0.1443302184343338,-0.9889317750930786,-0.442151814699173,-0.06,-0.09472661465406418,0.5105578899383545,0.09861461073160172,-0.13900981843471527,-0.42340153455734253,-0.1301017552614212,0.02425682172179222,1.193985104560852,0.09758708626031876,-0.24653631448745728,0.10940482467412949,0.09452283382415771,0.612959623336792,0.7120403051376343,1.145814061164856,-0.6651615500450134,-0.2515537440776825,1.1408640146255493,0.16851218044757843
1.886015772819519,0.011380781419575214,0.6746332049369812,0.0035630417987704277,-0.03340628370642662,-0.14322291314601898,-0.9891200661659241,-0.42657530307769775,-0.06,-0.08264309167861938,0.5028188824653625,0.10787425935268402,-0.14449414610862732,-0.4484955966472626,-0.14140684902668,0.03976620361208916,1.2178144454956055,0.09918174147605896,-0.22664843499660492,0.11525847017765045,0.09427864849567413,0.6099162101745605,0.6957299113273621,1.1500285863876343,-0.6609801650047302,-0.2626703679561615,1.137970209121704,0.17755937576293945
1.889358639717102,0.01656840741634369,0.6739739775657654,-0.0009462398011237383,-0.03280266374349594,-0.14215193688869476,-0.9893006682395935,-0.41128164529800415,-0.06,-0.07014220952987671,0.4975630044937134,0.11707908660173416,-0.1512286365032196,-0.47470006346702576,-0.15410640835762024,0.05259648337960243,1.242750883102417,0.09737668186426163,-0.20895950496196747,0.11937931180000305,0.09346876293420792,0.6082587838172913,0.6804486513137817,1.1578471660614014,-0.6572678089141846,-0.271651029586792,1.1382293701171875,0.18810665607452393
1.8926116228103638,0.0215113777667284,0.6729474067687988,-0.0061552622355520725,-0.03208112344145775,-0.14129988849163055,-0.9894276857376099,-0.39668530225753784,-0.06,-0.05792217329144478,0.49377623200416565,0.12608270347118378,-0.1584717333316803,-0.5029370188713074,-0.16734887659549713,0.0640798807144165,1.2701208591461182,0.09066788852214813,-0.19910728931427002,0.12135372310876846,0.0914749801158905,0.6070610880851746,0.6669702529907227,1.1676543951034546,-0.654417872428894,-0.27874597907066345,1.1409024000167847,0.19936655461788177
1.8956539630889893,0.026141181588172913,0.6716040968894958,-0.011804783716797829,-0.03161751851439476,-0.14080944657325745,-0.9894613027572632,-0.38391461968421936,-0.06,-0.046708669513463974,0.49125275015830994,0.13476073741912842,-0.1656060665845871,-0.53485506772995,-0.17982324957847595,0.07623574882745743,1.3006280660629272,0.08122521638870239,-0.1988404393196106,0.12108227610588074,0.08754158765077591,0.6061640381813049,0.6545769572257996,1.1777732372283936,-0.6526567339897156,-0.28412917256355286,1.1443756818771362,0.21145085990428925
1.8984402418136597,0.03046446293592453,0.670020341873169,-0.017792915925383568,-0.03149775043129921,-0.14079831540584564,-0.9893770217895508,-0.3728683888912201,-0.06,-0.036811936646699905,0.48921728134155273,0.14329132437705994,-0.17217563092708588,-0.5708740949630737,-0.1907622516155243,0.09062317758798599,1.3335583209991455,0.0731641873717308,-0.20703279972076416,0.11862356960773468,0.08149562031030655,0.6054835319519043,0.6417053937911987,1.1870228052139282,-0.6515166163444519,-0.288181871175766,1.1478976011276245,0.22476454079151154
1.901007890701294,0.03455999493598938,0.6682754755020142,-0.02416817843914032,-0.03156263381242752,-0.1412917971611023,-0.9891694188117981,-0.3625665307044983,-0.06,-0.02821136824786663,0.48673495650291443,0.15140962600708008,-0.17768599092960358,-0.6101449131965637,-0.20004375278949738,0.10818878561258316,1.3667153120040894,0.0695355236530304,-0.21947762370109558,0.11433154344558716,0.07369841635227203,0.6048919558525085,0.6276646256446838,1.1953336000442505,-0.6500998735427856,-0.2919895648956299,1.1517516374588013,0.23827949166297913
1.9034091234207153,0.03849870339035988,0.666371762752533,-0.030937323346734047,-0.03170167654752731,-0.14226609468460083,-0.9888367056846619,-0.3526289165019989,-0.06,-0.02073628455400467,0.4838685989379883,0.15934565663337708,-0.18240143358707428,-0.6514079570770264,-0.20770955085754395,0.12941955029964447,1.3971606492996216,0.0719568133354187,-0.23229458928108215,0.10875765979290009,0.0644020363688469,0.6043232083320618,0.6128212809562683,1.2036707401275635,-0.648046612739563,-0.29715844988822937,1.1569602489471436,0.2497951239347458
1.9056739807128906,0.04230430722236633,0.6642999649047852,-0.03801633417606354,-0.0319456122815609,-0.14365240931510925,-0.988381564617157,-0.3433326780796051,-0.06,-0.014270479790866375,0.4811684191226959,0.16714462637901306,-0.18667615950107574,-0.6937788724899292,-0.2137376368045807,0.15441469848155975,1.4230791330337524,0.08058212697505951,-0.24493162333965302,0.10260526835918427,0.05373486131429672,0.6035740375518799,0.5976169109344482,1.212753415107727,-0.6456491351127625,-0.3048469126224518,1.164480447769165,0.25796473026275635
1.9082649946212769,0.04480534791946411,0.6628532409667969,-0.04173455387353897,-0.03172406181693077,-0.14148998260498047,-0.9885505437850952,-0.33833980560302734,-0.06,-0.0026225335896015167,0.4864654242992401,0.1721624881029129,-0.19661855697631836,-0.7334030866622925,-0.2054811716079712,0.18174105882644653,1.441737413406372,0.09317510575056076,-0.255775511264801,0.10396762937307358,0.04247871786355972,0.6080814599990845,0.5829117298126221,1.2221120595932007,-0.641606330871582,-0.31033915281295776,1.1712876558303833,0.2639884352684021
1.9111841917037964,0.046079013496637344,0.6623913049697876,-0.04256996884942055,-0.030898569151759148,-0.13903893530368805,-0.9888888597488403,-0.3331091105937958,-0.06,0.00502865482121706,0.4918719530105591,0.17275451123714447,-0.20673461258411407,-0.7692389488220215,-0.19316627085208893,0.20486296713352203,1.4546836614608765,0.11022130399942398,-0.2597028613090515,0.10405062884092331,0.03307092934846878,0.6147271394729614,0.569872260093689,1.232620358467102,-0.6373921036720276,-0.31408900022506714,1.1807430982589722,0.2655068039894104
1.9141432046890259,0.04690305143594742,0.6621995568275452,-0.042988087981939316,-0.02998110093176365,-0.13892103731632233,-0.9889155030250549,-0.327207088470459,-0.06,0.007104086223989725,0.49557778239250183,0.17275193333625793,-0.21449074149131775,-0.8026617169380188,-0.1866302639245987,0.2247404158115387,1.4614949226379395,0.1285092681646347,-0.25295114517211914,0.0978628620505333,0.02657265029847622,0.6196131110191345,0.5591135025024414,1.2448394298553467,-0.6344561576843262,-0.31899091601371765,1.192449927330017,0.26159703731536865
1.9171957969665527,0.04739529639482498,0.6620105504989624,-0.0433395616710186,-0.02878788858652115,-0.14018161594867706,-0.9887577891349792,-0.3210670053958893,-0.06,0.0062979343347251415,0.49996206164360046,0.17233067750930786,-0.222334623336792,-0.8323749899864197,-0.1849329024553299,0.24304017424583435,1.4612243175506592,0.1428460031747818,-0.24202057719230652,0.08856935799121857,0.023424359038472176,0.6228440403938293,0.5480928421020508,1.256779670715332,-0.632564127445221,-0.325095534324646,1.2041972875595093,0.2545928657054901
1.920339584350586,0.04761213809251785,0.6617391705513,-0.043812308460474014,-0.02739044465124607,-0.1420348584651947,-0.9885120987892151,-0.31501659750938416,-0.06,0.004349233582615852,0.5055089592933655,0.1714053601026535,-0.23041781783103943,-0.85863196849823,-0.18699654936790466,0.2612666189670563,1.4536956548690796,0.15219181776046753,-0.23449814319610596,0.07881034165620804,0.022326258942484856,0.62449049949646,0.5354719758033752,1.266613245010376,-0.6316089630126953,-0.3323724865913391,1.2151988744735718,0.2469620555639267
1.9235588312149048,0.047577038407325745,0.6614139080047607,-0.04448141157627106,-0.02589930035173893,-0.14400753378868103,-0.9882369041442871,-0.3088628053665161,-0.06,0.0021105727646499872,0.5113871097564697,0.170139878988266,-0.2386332005262375,-0.8810216188430786,-0.19167062640190125,0.2797667980194092,1.4364607334136963,0.15873830020427704,-0.2268325835466385,0.07002821564674377,0.02219894900918007,0.6251137852668762,0.5214197039604187,1.2725242376327515,-0.6299923062324524,-0.33954280614852905,1.2227848768234253,0.24073760211467743
1.9267655611038208,0.04728931561112404,0.6610753536224365,-0.045382071286439896,-0.024790750816464424,-0.14552685618400574,-0.9880018830299377,-0.3032948076725006,-0.06,0.0004883314832113683,0.5166017413139343,0.16852480173110962,-0.2464638352394104,-0.900002658367157,-0.19731424748897552,0.2987602949142456,1.4084279537200928,0.16457074880599976,-0.2208300530910492,0.06331251561641693,0.02188633382320404,0.6246291995048523,0.5082021355628967,1.274687647819519,-0.627351701259613,-0.3445854187011719,1.2258429527282715,0.2377510964870453
1.9299265146255493,0.046775322407484055,0.6607162356376648,-0.046586886048316956,-0.02426294796168804,-0.14603041112422943,-0.9878845810890198,-0.2986001670360565,-0.06,0.0005558446864597499,0.5208384394645691,0.16658549010753632,-0.2539033889770508,-0.9151091575622559,-0.20327769219875336,0.3171280324459076,1.3683792352676392,0.16900107264518738,-0.21697162091732025,0.05946771055459976,0.021165572106838226,0.622381329536438,0.49712637066841125,1.2749251127243042,-0.623426616191864,-0.346084326505661,1.225081443786621,0.23833723366260529
1.9330635070800781,0.046055868268013,0.6602939963340759,-0.048174843192100525,-0.02420056425035,-0.14522895216941833,-0.9879280924797058,-0.2945930063724518,-0.06,0.0029999229591339827,0.5244348645210266,0.16434139013290405,-0.26134809851646423,-0.9255735278129578,-0.20942449569702148,0.33351197838783264,1.316774606704712,0.1705418825149536,-0.21347378194332123,0.05867025628685951,0.019934730604290962,0.6181260943412781,0.48791205883026123,1.2762868404388428,-0.6177511215209961,-0.3436598777770996,1.2219048738479614,0.24205578863620758
1.9361802339553833,0.04510718584060669,0.6597615480422974,-0.050156161189079285,-0.024509547278285027,-0.14318247139453888,-0.9881206750869751,-0.29137498140335083,-0.06,0.007768463343381882,0.528035581111908,0.1617802083492279,-0.269121915102005,-0.9315329194068909,-0.21543002128601074,0.34718888998031616,1.2565796375274658,0.16829530894756317,-0.21034187078475952,0.06047522649168968,0.017678111791610718,0.6121852993965149,0.47950559854507446,1.2812129259109497,-0.6098922491073608,-0.33804696798324585,1.21750009059906,0.24859130382537842
1.9392874240875244,0.04390283301472664,0.6590807437896729,-0.05252543091773987,-0.025009959936141968,-0.14013729989528656,-0.9884214401245117,-0.28882983326911926,-0.06,0.01450683455914259,0.5322281718254089,0.158979132771492,-0.2774740159511566,-0.933197021484375,-0.22099244594573975,0.35760262608528137,1.1915615797042847,0.16225774586200714,-0.20987793803215027,0.06418031454086304,0.01459488831460476,0.6050208806991577,0.47038325667381287,1.2903279066085815,-0.5992171168327332,-0.33090460300445557,1.2125812768936157,0.2574794292449951
1.9423991441726685,0.04242765158414841,0.6582348346710205,-0.05528196692466736,-0.025501010939478874,-0.1362551897764206,-0.9888012409210205,-0.28662291169166565,-0.06,0.022952020168304443,0.5373009443283081,0.15590830147266388,-0.2865532636642456,-0.9310541152954102,-0.2255813181400299,0.36450761556625366,1.1258189678192139,0.15346452593803406,-0.21389862895011902,0.06924571096897125,0.011561259627342224,0.5969934463500977,0.45843541622161865,1.3028641939163208,-0.5854886174201965,-0.3237204849720001,1.2074905633926392,0.269062340259552
1.94552481174469,0.04068101570010185,0.6572139859199524,-0.05844195559620857,-0.025866931304335594,-0.13155809044837952,-0.9892460107803345,-0.2844902276992798,-0.06,0.03305237367749214,0.5432976484298706,0.15244878828525543,-0.296336829662323,-0.9255855679512024,-0.22847415506839752,0.36814337968826294,1.0622092485427856,0.14429594576358795,-0.22118376195430756,0.07533173263072968,0.009447667747735977,0.5882198810577393,0.4421140253543854,1.3172123432159424,-0.5691767334938049,-0.3169235587120056,1.2019860744476318,0.28537285327911377
1.9486552476882935,0.03865096718072891,0.6559895277023315,-0.0619632750749588,-0.026145603507757187,-0.12606894969940186,-0.9897390604019165,-0.2827621400356293,-0.06,0.04473772272467613,0.5507277846336365,0.14848630130290985,-0.3071918785572052,-0.9165863990783691,-0.22907991707324982,0.3689574897289276,1.0009865760803223,0.1374538540840149,-0.2301921546459198,0.08206769824028015,0.00850612297654152,0.5787441730499268,0.42094942927360535,1.3316657543182373,-0.5514044165611267,-0.31047141551971436,1.195265531539917,0.30830633640289307
1.9517308473587036,0.036313630640506744,0.6544417142868042,-0.06573023647069931,-0.026684219017624855,-0.11980396509170532,-0.9902597665786743,-0.2831265330314636,-0.06,0.05782977119088173,0.5612200498580933,0.1440720111131668,-0.3197612762451172,-0.9033815264701843,-0.22689606249332428,0.3678051233291626,0.9400262236595154,0.13531693816184998,-0.24266168475151062,0.089149609208107,0.008256387896835804,0.5687296986579895,0.39531490206718445,1.3445833921432495,-0.5339744091033936,-0.30490338802337646,1.1867008209228516,0.3368092179298401
1.9546713829040527,0.033680763095617294,0.6524399518966675,-0.06974267959594727,-0.02792295441031456,-0.1129411831498146,-0.9907574653625488,-0.28726398944854736,-0.06,0.07193460315465927,0.5759744644165039,0.13934995234012604,-0.3342866599559784,-0.8854225277900696,-0.22217971086502075,0.3656100928783417,0.8770567774772644,0.13850879669189453,-0.2625046372413635,0.09598323702812195,0.008285141550004482,0.5580272078514099,0.3659506142139435,1.3544187545776367,-0.5186539888381958,-0.300815612077713,1.1758496761322021,0.36868253350257874
1.9573864936828613,0.03083561733365059,0.6500498652458191,-0.07420974969863892,-0.030165351927280426,-0.10568917542695999,-0.9911673665046692,-0.29506126046180725,-0.06,0.08671269565820694,0.5931996703147888,0.1346459984779358,-0.34932124614715576,-0.8638586401939392,-0.216961070895195,0.36565637588500977,0.8152682185173035,0.1476716846227646,-0.2802971601486206,0.10211934894323349,0.007847248576581478,0.5461409091949463,0.3334388732910156,1.3613942861557007,-0.5058781504631042,-0.29837650060653687,1.1613808870315552,0.4027947187423706
1.9597429037094116,0.027491111308336258,0.6490399837493896,-0.07642918825149536,-0.03291919827461243,-0.09907777607440948,-0.9915938973426819,-0.3008619546890259,-0.06,0.09714432805776596,0.6011432409286499,0.1285218596458435,-0.35845306515693665,-0.8579258322715759,-0.2098332792520523,0.375041127204895,0.786589503288269,0.17678017914295197,-0.20904326438903809,0.1050129160284996,0.006855911109596491,0.5350701212882996,0.30027246475219727,1.3668104410171509,-0.49441200494766235,-0.29434120655059814,1.1400995254516602,0.43906334042549133
1.962145209312439,0.024064596742391586,0.6489328742027283,-0.07750830799341202,-0.03489759564399719,-0.09308397769927979,-0.9920231699943542,-0.301866352558136,-0.06,0.1050097793340683,0.6023352146148682,0.1211506575345993,-0.363828182220459,-0.8542612195014954,-0.19988998770713806,0.37450551986694336,0.7707656621932983,0.16144762933254242,-0.16686300933361053,0.10466691851615906,0.006121876183897257,0.5239312052726746,0.2671608328819275,1.3756078481674194,-0.4828898310661316,-0.2878248989582062,1.1117911338806152,0.47952282428741455
1.964377999305725,0.02057909220457077,0.6492319107055664,-0.07777116447687149,-0.036765579134225845,-0.0868045836687088,-0.9925042390823364,-0.3019178807735443,-0.06,0.11258584260940552,0.6013098359107971,0.11331620812416077,-0.3676922619342804,-0.8487011194229126,-0.18904641270637512,0.3756853938102722,0.755118727684021,0.1684264987707138,-0.13988710939884186,0.10300852358341217,0.004999639466404915,0.5120289325714111,0.23588304221630096,1.3845112323760986,-0.4720286726951599,-0.2784731686115265,1.0774954557418823,0.5218924283981323
1.966362476348877,0.017137983813881874,0.649824321269989,-0.07741853594779968,-0.03878315910696983,-0.08072491735219955,-0.9929680228233337,-0.3018961548805237,-0.06,0.11919940263032913,0.5984959602355957,0.10520654171705246,-0.3701463043689728,-0.8447891473770142,-0.17625361680984497,0.3749203383922577,0.7416461110115051,0.1553065925836563,-0.10767505317926407,0.09822474420070648,0.004184008575975895,0.4988147020339966,0.21022357046604156,1.3898966312408447,-0.46201449632644653,-0.2657116949558258,1.0429006814956665,0.5657602548599243
1.9683321714401245,0.014051040634512901,0.6504780650138855,-0.07746078819036484,-0.04017714411020279,-0.07516816258430481,-0.9933454990386963,-0.29891347885131836,-0.06,0.12569193542003632,0.5929186940193176,0.09804008156061172,-0.37127119302749634,-0.8387504816055298,-0.16572032868862152,0.37292855978012085,0.728455662727356,0.13668633997440338,-0.08770538121461868,0.09067997336387634,0.0033706193789839745,0.4837425947189331,0.18911024928092957,1.3928191661834717,-0.4495987594127655,-0.25039270520210266,1.004172444343567,0.6125223636627197
1.9702166318893433,0.01118791289627552,0.6513881087303162,-0.07749200612306595,-0.04130272939801216,-0.06981609761714935,-0.9936873912811279,-0.2935800552368164,-0.06,0.13209637999534607,0.583672821521759,0.0912504494190216,-0.37047287821769714,-0.8323685526847839,-0.15690627694129944,0.3747815787792206,0.7145700454711914,0.1475096344947815,-0.06524960696697235,0.08284974843263626,-0.00020840427896473557,0.4681265652179718,0.1680544912815094,1.3959492444992065,-0.4350106716156006,-0.23343878984451294,0.9571054577827454,0.6619194746017456
1.9719431400299072,0.008539093658328056,0.652586042881012,-0.07734327763319016,-0.04258870705962181,-0.06419402360916138,-0.9940237402915955,-0.28706488013267517,-0.06,0.13919399678707123,0.5709488391876221,0.08485011011362076,-0.36765947937965393,-0.824717104434967,-0.14761982858181,0.37427595257759094,0.6985306143760681,0.13999684154987335,-0.049410294741392136,0.07563986629247665,-0.006483360193669796,0.45262032747268677,0.1458205282688141,1.4017093181610107,-0.42100486159324646,-0.2157888412475586,0.9043818116188049,0.7135611772537231
1.9735229015350342,0.006137905642390251,0.6540269255638123,-0.07703621685504913,-0.044032782316207886,-0.05836854502558708,-0.9943437576293945,-0.2793339490890503,-0.06,0.14690877497196198,0.5547524690628052,0.07892467826604843,-0.36301136016845703,-0.8150310516357422,-0.13890141248703003,0.3729793131351471,0.6774735450744629,0.12976036965847015,-0.030367080122232437,0.06851785629987717,-0.013340741395950317,0.43709391355514526,0.12320484220981598,1.409663438796997,-0.40846505761146545,-0.19828885793685913,0.846095621585846,0.7667094469070435
1.9748986959457397,0.003943992778658867,0.6556635499000549,-0.0764630138874054,-0.04583827778697014,-0.052707698196172714,-0.9946225881576538,-0.2715505063533783,-0.06,0.15442803502082825,0.5360811352729797,0.07344996184110641,-0.3566288352012634,-0.8046594262123108,-0.1306302547454834,0.3712098300457001,0.6533011794090271,0.11938413232564926,-0.01126819010823965,0.06046590954065323,-0.019182832911610603,0.42136794328689575,0.10133281350135803,1.4180574417114258,-0.3991434872150421,-0.18004469573497772,0.7821016311645508,0.8252159953117371
1.9760924577713013,0.0019884444773197174,0.6574158072471619,-0.0756596103310585,-0.04781797155737877,-0.047927238047122955,-0.9948325753211975,-0.2638072371482849,-0.06,0.1605476438999176,0.5157529711723328,0.06866657733917236,-0.34871283173561096,-0.7946363091468811,-0.12346623092889786,0.3688448667526245,0.629358172416687,0.11087348312139511,0.0042852116748690605,0.04948833957314491,-0.022121289744973183,0.4049290716648102,0.08268143981695175,1.4255375862121582,-0.3931907117366791,-0.16180406510829926,0.7120996713638306,0.8888726830482483
1.977084994316101,0.0003583701327443123,0.6592394709587097,-0.07472449541091919,-0.04984327405691147,-0.04415591061115265,-0.9949783682823181,-0.25592541694641113,-0.06,0.1651078164577484,0.49390333890914917,0.06456232815980911,-0.3393424451351166,-0.7853235602378845,-0.1177619993686676,0.3659621775150299,0.606698751449585,0.10452542454004288,0.015623613260686398,0.0350845530629158,-0.02202274277806282,0.3870818614959717,0.06822816282510757,1.433480978012085,-0.39052945375442505,-0.14547452330589294,0.6368613243103027,0.9555771946907043
1.977906584739685,-0.0008998550474643707,0.6609817743301392,-0.0738430917263031,-0.05192191153764725,-0.04096410796046257,-0.9950743913650513,-0.24832403659820557,-0.06,0.16907402873039246,0.4717407524585724,0.061318539083004,-0.3294338881969452,-0.7767425775527954,-0.11350013315677643,0.3633019030094147,0.5843623876571655,0.10126824676990509,0.026741530746221542,0.01833987608551979,-0.019304750487208366,0.36750292778015137,0.05709243565797806,1.4426649808883667,-0.390995591878891,-0.13243000209331512,0.557966411113739,1.0230189561843872
1.9785864353179932,-0.001777689903974533,0.6625628471374512,-0.07308332622051239,-0.054038140922784805,-0.03809932619333267,-0.9951316118240356,-0.24126209318637848,-0.06,0.17295195162296295,0.45010310411453247,0.05904005840420723,-0.3195594251155853,-0.7693391442298889,-0.11029631644487381,0.36140176653862,0.563151478767395,0.10025244951248169,0.03733600676059723,-9.861647413345054e-05,-0.013966490514576435,0.34635335206985474,0.04795246198773384,1.4519983530044556,-0.39370301365852356,-0.12323945015668869,0.47674357891082764,1.088410496711731
1.9791275262832642,-0.0022676298394799232,0.6639491319656372,-0.07249728590250015,-0.05617265775799751,-0.035784486681222916,-0.9951422810554504,-0.2350444793701172,-0.06,0.1761939376592636,0.4296247065067291,0.05752725154161453,-0.3100583553314209,-0.7633594870567322,-0.1083919033408165,0.36000221967697144,0.5437378287315369,0.10064695030450821,0.04713575169444084,-0.02092581056058407,-0.00604456989094615,0.32413530349731445,0.04010019823908806,1.46,-0.3974958062171936,-0.11805803328752518,0.3945467472076416,1.1486057043075562
1.9795455932617188,-0.0023604221642017365,0.6651286482810974,-0.07214843481779099,-0.058208923786878586,-0.03436257690191269,-0.995100736618042,-0.2294796258211136,-0.06,0.17817166447639465,0.41034042835235596,0.05692845582962036,-0.30081090331077576,-0.7590136528015137,-0.10822319239377975,0.35872986912727356,0.5272901654243469,0.10252220183610916,0.055248163640499115,-0.04523852467536926,0.0039489660412073135,0.3015504479408264,0.03356973081827164,1.46,-0.4009981155395508,-0.11648842692375183,0.31214219331741333,1.200384259223938
1.979879379272461,-0.0020568505860865116,0.6661118268966675,-0.07208199799060822,-0.05997756868600845,-0.03381749615073204,-0.9950191378593445,-0.22398121654987335,-0.06,0.17893332242965698,0.39198994636535645,0.05720830336213112,-0.29180988669395447,-0.7561563849449158,-0.10983242094516754,0.35760948061943054,0.5144248008728027,0.10592634230852127,0.061289314180612564,-0.073123998939991,0.014984924346208572,0.2792540192604065,0.028459670022130013,1.46,-0.4030524790287018,-0.11750604212284088,0.2299063354730606,1.2416468858718872
1.9801667928695679,-0.0013698418624699116,0.6669418811798096,-0.07230796664953232,-0.061324167996644974,-0.033822253346443176,-0.9949204921722412,-0.2176956683397293,-0.06,0.17912687361240387,0.37381693720817566,0.05829419195652008,-0.28290969133377075,-0.7541690468788147,-0.11293560266494751,0.35690951347351074,0.5046713352203369,0.11040520668029785,0.0655004233121872,-0.10364338755607605,0.025843381881713867,0.25789394974708557,0.02447059378027916,1.46,-0.402986079454422,-0.11994735151529312,0.14832614362239838,1.2715129852294922
1.9804224967956543,-0.00031665805727243423,0.6676731705665588,-0.07282274961471558,-0.06218179687857628,-0.034099724143743515,-0.994820237159729,-0.2099408209323883,-0.06,0.17928199470043182,0.3548849821090698,0.06022154539823532,-0.27375510334968567,-0.7524634003639221,-0.11731688678264618,0.3568008542060852,0.4971548020839691,0.11561053991317749,0.06837516278028488,-0.13574163615703583,0.03532888740301132,0.23813997209072113,0.020984211936593056,1.46,-0.40094560384750366,-0.12300551682710648,0.06765387952327728,1.290387749671936
1.980626106262207,0.0010733501985669136,0.668312132358551,-0.07356284558773041,-0.06260265409946442,-0.034591030329465866,-0.9947224855422974,-0.20078043639659882,-0.06,0.17928838729858398,0.33501172065734863,0.06259612739086151,-0.26424145698547363,-0.7509270310401917,-0.12277552485466003,0.35719555616378784,0.4914141297340393,0.1213037371635437,0.07021929323673248,-0.16883930563926697,0.04278545826673508,0.22061949968338013,0.017429234459996223,1.46,-0.3977953791618347,-0.1262282282114029,-0.01219767052680254,1.2996422052383423
1.9807578325271606,0.002766474150121212,0.6688358187675476,-0.0744665190577507,-0.06268364191055298,-0.03539014607667923,-0.994621992111206,-0.19089756906032562,-0.06,0.17887040972709656,0.3150259554386139,0.0654868558049202,-0.25467440485954285,-0.7497968077659607,-0.1291836053133011,0.3579222559928894,0.48754042387008667,0.1272953450679779,0.07102528214454651,-0.20277263224124908,0.04798085242509842,0.2056378275156021,0.013474109582602978,1.4582080841064453,-0.39429759979248047,-0.12927766144275665,-0.09146291017532349,1.3001420497894287
1.980813980102539,0.004724211059510708,0.6692104935646057,-0.07548923790454865,-0.06249586120247841,-0.036559853702783585,-0.9945144653320312,-0.18097837269306183,-0.06,0.17780478298664093,0.29598137736320496,0.06880749017000198,-0.24550913274288177,-0.7493183016777039,-0.1363695114850998,0.35891425609588623,0.4857901930809021,0.13326404988765717,0.07069708406925201,-0.23731379210948944,0.050841137766838074,0.19313080608844757,0.00888899527490139,1.4440678358078003,-0.39066651463508606,-0.13164184987545013,-0.17034706473350525,1.2917357683181763
1.9808143377304077,0.006906184367835522,0.6694196462631226,-0.07663500308990479,-0.062107328325510025,-0.038010962307453156,-0.9943966865539551,-0.17146871984004974,-0.06,0.1762724071741104,0.29000000000000004,0.07268118113279343,-0.23714900016784668,-0.7496654987335205,-0.14379465579986572,0.3598572909832001,0.4863148033618927,0.1344999372959137,0.0703628733754158,-0.2718265652656555,0.05130859091877937,0.18282543122768402,0.003710335586220026,1.426337480545044,-0.3867550194263458,-0.13264602422714233,-0.24906842410564423,1.273784875869751
1.9808131456375122,0.009268407709896564,0.6694104075431824,-0.07801783829927444,-0.061591241508722305,-0.03955895081162453,-0.994260847568512,-0.16270756721496582,-0.06,0.17459680140018463,0.29000000000000004,0.07689789682626724,-0.2300712615251541,-0.7504131197929382,-0.151802197098732,0.361524760723114,0.4880828857421875,0.13456085324287415,0.06816883385181427,-0.3054674565792084,0.04934520646929741,0.17450059950351715,-0.0017251042881980538,1.4052053689956665,-0.38238897919654846,-0.1317185014486313,-0.32782378792762756,1.2459477186203003
1.9807920455932617,0.011738637462258339,0.669221043586731,-0.07951492816209793,-0.06114150583744049,-0.04098500683903694,-0.9941122531890869,-0.15529392659664154,-0.06,0.17314475774765015,0.29000000000000004,0.08140314370393753,-0.22441808879375458,-0.7524566650390625,-0.1596255600452423,0.3639397919178009,0.4915830194950104,0.13367964327335358,0.06527198851108551,-0.33756470680236816,0.04484134539961815,0.16845493018627167,-0.006849269848316908,1.3803229331970215,-0.37768206000328064,-0.12854473292827606,-0.40590590238571167,1.2088814973831177
1.9807662963867188,0.01426678616553545,0.6688390970230103,-0.08114299178123474,-0.06084277108311653,-0.04220544546842575,-0.9939480423927307,-0.14969097077846527,-0.06,0.1720852255821228,0.29000000000000004,0.086069755256176,-0.220521479845047,-0.7561867833137512,-0.16702991724014282,0.3676007091999054,0.4970637261867523,0.13238538801670074,0.06160184368491173,-0.36815762519836426,0.03800816833972931,0.16496972739696503,-0.011111092753708363,1.3508180379867554,-0.3729839324951172,-0.12380651384592056,-0.48190513253211975,1.1641755104064941
1.980769157409668,0.01683763414621353,0.6682571172714233,-0.08293744176626205,-0.06066194921731949,-0.04302680492401123,-0.9937756657600403,-0.14585988223552704,-0.06,0.17188924551010132,0.29000000000000004,0.09086716175079346,-0.2186816781759262,-0.7620141506195068,-0.17375214397907257,0.3721213638782501,0.5052860975265503,0.13129907846450806,0.05690754950046539,-0.3974601924419403,0.029464872553944588,0.16420811414718628,-0.014045157469809055,1.3160405158996582,-0.3688480257987976,-0.11892667412757874,-0.5545310378074646,1.1147493124008179
1.9810796976089478,0.01883048191666603,0.667775571346283,-0.08334957808256149,-0.06015801429748535,-0.04233592376112938,-0.993801474571228,-0.14534804224967957,-0.06,0.17440496385097504,0.29000000000000004,0.09415283054113388,-0.2224985659122467,-0.7666470408439636,-0.17582973837852478,0.3731745779514313,0.5140870809555054,0.13606508076190948,0.051493268460035324,-0.42393356561660767,0.02130746841430664,0.16822557151317596,-0.01624535396695137,1.2771879434585571,-0.3641494810581207,-0.11365892738103867,-0.6228352189064026,1.064996361732483
1.9819221496582031,0.020122284069657326,0.667420506477356,-0.0829075425863266,-0.05949915200471878,-0.04040170833468437,-0.9939586520195007,-0.14534378051757812,-0.06,0.17959731817245483,0.29000000000000004,0.09561968594789505,-0.2293371707201004,-0.7703216075897217,-0.1754770129919052,0.3663337230682373,0.5221121311187744,0.14316947758197784,0.04957728087902069,-0.44925057888031006,0.012527727521955967,0.17565546929836273,-0.01902032271027565,1.236478567123413,-0.3612612187862396,-0.11024878174066544,-0.6833098530769348,1.0186678171157837
1.9832301139831543,0.021013032644987106,0.6669791340827942,-0.08283357322216034,-0.059072110801935196,-0.03731284663081169,-0.9941110014915466,-0.14465421438217163,-0.06,0.1866668313741684,0.29000000000000004,0.09633472561836243,-0.23691807687282562,-0.7772704362869263,-0.17428292334079742,0.35800427198410034,0.5316126346588135,0.15201418101787567,0.04794798418879509,-0.4738946259021759,0.0021212887950241566,0.18475891649723053,-0.024453001096844673,1.1930187940597534,-0.36126163601875305,-0.1093582734465599,-0.7335309386253357,0.9731221199035645
1.9850599765777588,0.02146855928003788,0.6663236021995544,-0.08326786756515503,-0.058586955070495605,-0.033140942454338074,-0.9942513108253479,-0.1435401290655136,-0.06,0.1959119439125061,0.29000000000000004,0.09615699201822281,-0.2464059740304947,-0.7867510914802551,-0.17213010787963867,0.35246893763542175,0.5428881645202637,0.15902401506900787,0.044132478535175323,-0.49824875593185425,-0.008839195594191551,0.19528266787528992,-0.03399040922522545,1.1439439058303833,-0.3632996678352356,-0.10939660668373108,-0.7722978591918945,0.9254995584487915
1.9873591661453247,0.021469485014677048,0.665361225605011,-0.08427305519580841,-0.05792539194226265,-0.028484433889389038,-0.9943496584892273,-0.14269588887691498,-0.06,0.20625442266464233,0.29000000000000004,0.09506349265575409,-0.25850915908813477,-0.7976162433624268,-0.16991277039051056,0.3526107668876648,0.5570740103721619,0.16270232200622559,0.036778029054403305,-0.5234141945838928,-0.019866492599248886,0.20746101438999176,-0.04769120737910271,1.0875370502471924,-0.36625176668167114,-0.10835661739110947,-0.800067663192749,0.8723136782646179
1.9900155067443848,0.0209906417876482,0.6640490889549255,-0.08585721999406815,-0.05732598900794983,-0.023891014978289604,-0.9943698644638062,-0.14329174160957336,-0.06,0.21648795902729034,0.29000000000000004,0.09305941313505173,-0.27320292592048645,-0.8093265891075134,-0.16741281747817993,0.3586454391479492,0.5761056542396545,0.16215884685516357,0.026943672448396683,-0.5493489503860474,-0.03138461336493492,0.2226790487766266,-0.06702374666929245,1.0237337350845337,-0.3692738711833954,-0.10523217171430588,-0.8190262317657471,0.8097696900367737
1.99285888671875,0.02006620168685913,0.6623669266700745,-0.08797448128461838,-0.05732652544975281,-0.01940685510635376,-0.9942823052406311,-0.14688868820667267,-0.06,0.226358562707901,0.30742567777633667,0.09045007079839706,-0.29005613923072815,-0.8217290639877319,-0.16251641511917114,0.36969390511512756,0.599800705909729,0.15709130465984344,0.019182948395609856,-0.5745464563369751,-0.044225480407476425,0.24180278182029724,-0.09320184588432312,0.9508202075958252,-0.37357297539711,-0.10116589814424515,-0.8319047689437866,0.7390390634536743
1.9957382678985596,0.018825069069862366,0.6603819131851196,-0.09046899527311325,-0.058220237493515015,-0.014969057403504848,-0.9940832257270813,-0.1537621170282364,-0.06,0.23585759103298187,0.3301326334476471,0.08753933757543564,-0.30813366174697876,-0.8356708884239197,-0.1536535620689392,0.3858495056629181,0.6262345910072327,0.1445990949869156,0.008658881299197674,-0.5973993539810181,-0.05952996015548706,0.2648451030254364,-0.12891574203968048,0.8672614693641663,-0.38017407059669495,-0.09868223965167999,-0.8404388427734375,0.6642353534698486
1.9985301494598389,0.01752513274550438,0.6581504940986633,-0.09314446151256561,-0.05987873673439026,-0.010267328470945358,-0.9937973022460938,-0.16326981782913208,-0.06,0.245668426156044,0.3547581732273102,0.08476102352142334,-0.3269105553627014,-0.8515745997428894,-0.1430850774049759,0.40277767181396484,0.6536948084831238,0.12367969006299973,-0.006567581556737423,-0.6162886619567871,-0.0781688243150711,0.2908748686313629,-0.1753789782524109,0.7723729014396667,-0.3889271020889282,-0.10027936846017838,-0.8451299071311951,0.5883980393409729
2.0011324882507324,0.01635698229074478,0.6557203531265259,-0.09587163478136063,-0.06220440939068794,-0.004964524880051613,-0.9934356808662415,-0.17496901750564575,-0.06,0.25653964281082153,0.3806164264678955,0.08232904970645905,-0.3464369475841522,-0.87082439661026,-0.13133636116981506,0.4217028319835663,0.6829059720039368,0.11281643807888031,-0.02152315340936184,-0.6300867199897766,-0.10113416612148285,0.31873029470443726,-0.23251469433307648,0.6667878031730652,-0.3988133370876312,-0.10686597973108292,-0.8451167345046997,0.5118145942687988
2.0035400390625,0.01536563504487276,0.6531091928482056,-0.09861921519041061,-0.06484346836805344,0.0005019574891775846,-0.9930101037025452,-0.18801385164260864,-0.06,0.26768094301223755,0.4074494540691376,0.08009491860866547,-0.36626991629600525,-0.8926783204078674,-0.11881013214588165,0.4425995349884033,0.7145856618881226,0.11315936595201492,-0.03706549480557442,-0.6396464705467224,-0.12857194244861603,0.347637802362442,-0.30028966069221497,0.551898717880249,-0.4080643951892853,-0.1175956279039383,-0.8381756544113159,0.4318688213825226
2.005918025970459,0.014487294480204582,0.6502142548561096,-0.10145290195941925,-0.06730572879314423,0.005518318619579077,-0.9925456047058105,-0.20164017379283905,-0.06,0.2781490981578827,0.4364696741104126,0.07814164459705353,-0.38718581199645996,-0.9147281050682068,-0.10640280693769455,0.4631555378437042,0.7479273676872253,0.1142275407910347,-0.053452618420124054,-0.6461576819419861,-0.15942417085170746,0.37616217136383057,-0.3767658472061157,0.42972254753112793,-0.4148799180984497,-0.13160814344882965,-0.8255065083503723,0.3463206887245178
2.00836181640625,0.013654603622853756,0.6470431089401245,-0.10435712337493896,-0.06932459771633148,0.009653760120272636,-0.9920738339424133,-0.21495011448860168,-0.06,0.28711166977882385,0.4672611951828003,0.07628002762794495,-0.40897536277770996,-0.9363282918930054,-0.0947323590517044,0.4826239347457886,0.7835281491279602,0.11565233767032623,-0.07144193351268768,-0.650262713432312,-0.19137677550315857,0.4026656150817871,-0.45751261711120605,0.30196473002433777,-0.41756555438041687,-0.1488180309534073,-0.8128097057342529,0.2555043697357178
2.0108816623687744,0.012791518121957779,0.6436288952827454,-0.10731042176485062,-0.07097334414720535,0.012747717089951038,-0.991607129573822,-0.22787019610404968,-0.06,0.2941522002220154,0.4992825388908386,0.07441239804029465,-0.43125075101852417,-0.9574245810508728,-0.08398883789777756,0.5006491541862488,0.8210543394088745,0.11723463982343674,-0.09097398072481155,-0.6521562933921814,-0.22298763692378998,0.4264523386955261,-0.5388874411582947,0.17032179236412048,-0.415432333946228,-0.16959285736083984,-0.8048450350761414,0.16193726658821106
2.01343035697937,0.01181393675506115,0.6400296688079834,-0.11028958112001419,-0.07242793589830399,0.014724703505635262,-0.9911475777626038,-0.24063345789909363,-0.06,0.29891225695610046,0.5319129228591919,0.07234987616539001,-0.45347869396209717,-0.977918803691864,-0.07407189905643463,0.5177196264266968,0.8595487475395203,0.11916744709014893,-0.11151506006717682,-0.6519869565963745,-0.25437846779823303,0.4472512900829315,-0.6202577948570251,0.03854859992861748,-0.4078190326690674,-0.19333377480506897,-0.8030383586883545,0.06659059226512909
2.01598858833313,0.010687372647225857,0.6363785862922668,-0.11321894824504852,-0.07362738251686096,0.015644676983356476,-0.9907147288322449,-0.2527279555797577,-0.06,0.30112090706825256,0.5642008781433105,0.06926418840885162,-0.4752429723739624,-0.9970876574516296,-0.06527048349380493,0.5333077311515808,0.8977959752082825,0.12117235362529755,-0.13248099386692047,-0.6502197980880737,-0.2843838036060333,0.46354174613952637,-0.6996147632598877,-0.08656623959541321,-0.3946893811225891,-0.21939031779766083,-0.8061985373497009,-0.02698737569153309
2.018538475036621,0.009424610063433647,0.6328045129776001,-0.11599644273519516,-0.0744691863656044,0.015761174261569977,-0.9903285503387451,-0.26362621784210205,-0.06,0.30060482025146484,0.5952821969985962,0.0639399066567421,-0.49569928646087646,-1.0139062404632568,-0.057355329394340515,0.5483178496360779,0.9344542026519775,0.12368148565292358,-0.15330347418785095,-0.6473197937011719,-0.31083399057388306,0.4737822413444519,-0.7733376026153564,-0.14999999999999997,-0.3772237300872803,-0.24698056280612946,-0.8127932548522949,-0.11308367550373077
2.0210750102996826,0.00807434506714344,0.6293895244598389,-0.11856327950954437,-0.07493001967668533,0.015412072651088238,-0.9899952411651611,-0.27265384793281555,-0.06,0.2987022399902344,0.6238960027694702,0.05808606743812561,-0.514685869216919,-1.0279179811477661,-0.05000627785921097,0.5633205771446228,0.9687020778656006,0.12698081135749817,-0.17351411283016205,-0.6436538696289062,-0.33216845989227295,0.47784578800201416,-0.8383662700653076,-0.14999999999999997,-0.3577350974082947,-0.27506622672080994,-0.8212801218032837,-0.14999999999999997
2.0235707759857178,0.0066700102761387825,0.6262094974517822,-0.12091684341430664,-0.07506489008665085,0.014871773310005665,-0.9897085428237915,-0.27942749857902527,-0.06,0.29672807455062866,0.6489643454551697,0.05340379849076271,-0.5318101644515991,-1.0383943319320679,-0.04257708415389061,0.579389750957489,1.0008819103240967,0.13116015493869781,-0.19397792220115662,-0.6398040652275085,-0.34807780385017395,0.4763171374797821,-0.8929621577262878,-0.14999999999999997,-0.33906832337379456,-0.3021964430809021,-0.8293066620826721,-0.14999999999999997
2.026022434234619,0.005141114816069603,0.6233195066452026,-0.12242037802934647,-0.07468423992395401,0.014665686525404453,-0.9895555377006531,-0.2837296724319458,-0.06,0.2965177595615387,0.6713101863861084,0.05175447091460228,-0.5480036735534668,-1.0438672304153442,-0.03371274471282959,0.5958954095840454,1.0292421579360962,0.13643553853034973,-0.21348042786121368,-0.6360490322113037,-0.3597448766231537,0.46575409173965454,-0.9355586767196655,-0.14999999999999997,-0.32221370935440063,-0.32530251145362854,-0.8338557481765747,-0.14999999999999997
2.0283772945404053,0.0032882606610655785,0.6206187009811401,-0.12307792901992798,-0.07423926144838333,0.014873246662318707,-0.9895044565200806,-0.2871769070625305,-0.06,0.2987196445465088,0.692234992980957,0.05419129133224487,-0.5636929869651794,-1.0459718704223633,-0.022707950323820114,0.6120593547821045,1.0544513463974,0.14178714156150818,-0.23167093098163605,-0.6331393718719482,-0.3619615137577057,0.4653374254703522,-0.9654965996742249,-0.14999999999999997,-0.30884572863578796,-0.3423803448677063,-0.8331400752067566,-0.14999999999999997
2.030702590942383,0.0012666350230574608,0.6183157563209534,-0.12317266315221786,-0.07348345220088959,0.01567070744931698,-0.9895367622375488,-0.2894916534423828,-0.06,0.29885584115982056,0.7119407057762146,0.050903718918561935,-0.5783320665359497,-1.0441975593566895,-0.010653099045157433,0.6277432441711426,1.0757226943969727,0.1470944881439209,-0.2483576089143753,-0.6309645175933838,-0.35764697194099426,0.47308626770973206,-0.9860775470733643,-0.14999999999999997,-0.2991273105144501,-0.3532951772212982,-0.8254982233047485,-0.14999999999999997
2.0330042839050293,-0.0008303681388497353,0.6163621544837952,-0.12273745983839035,-0.07226397842168808,0.01743767224252224,-0.989651083946228,-0.2894183099269867,-0.06,0.29919371008872986,0.7288950681686401,0.04528140649199486,-0.5900000000000001,-1.0389827489852905,0.0024592478293925524,0.6422666907310486,1.0934804677963257,0.1517515331506729,-0.2632305920124054,-0.62923264503479,-0.34926071763038635,0.48529377579689026,-0.998790979385376,-0.14999999999999997,-0.2925224304199219,-0.3578280508518219,-0.8099402785301208,-0.14999999999999997
2.035248279571533,-0.002975509501993656,0.6144899129867554,-0.12198460847139359,-0.07084433734416962,0.019767634570598602,-0.9898029565811157,-0.28862762451171875,-0.06,0.30066874623298645,0.745517373085022,0.04016103595495224,-0.5900000000000001,-1.032822847366333,0.016002289950847626,0.6555909514427185,1.1092890501022339,0.1560191810131073,-0.2764124870300293,-0.6287713050842285,-0.3379058539867401,0.4999210238456726,-1.0053819417953491,-0.14999999999999997,-0.2888902425765991,-0.3570629358291626,-0.7879419922828674,-0.14999999999999997
2.0373260974884033,-0.005101747810840607,0.6124647259712219,-0.12129752337932587,-0.06978026777505875,0.022282039746642113,-0.9899094700813293,-0.28909021615982056,-0.06,0.30161428451538086,0.7626829147338867,0.03392935171723366,-0.5900000000000001,-1.0277498960494995,0.030413491651415825,0.6684290170669556,1.125701665878296,0.15923312306404114,-0.28946343064308167,-0.6296210289001465,-0.3248238265514374,0.5155672430992126,-1.0081721544265747,-0.14999999999999997,-0.28808245062828064,-0.3528963625431061,-0.7633677124977112,-0.14999999999999997
2.03920578956604,-0.007164953742176294,0.6103084683418274,-0.12106019258499146,-0.06934712082147598,0.024373473599553108,-0.9899197816848755,-0.2913881540298462,-0.06,0.30227530002593994,0.7799744009971619,0.028776969760656357,-0.5900000000000001,-1.0251660346984863,0.04421753063797951,0.6815032362937927,1.1425838470458984,0.16265995800495148,-0.3020293712615967,-0.6321306824684143,-0.3109607994556427,0.53007972240448,-1.0086902379989624,-0.14999999999999997,-0.2899240553379059,-0.34658485651016235,-0.7392910718917847,-0.14999999999999997
2.0409469604492188,-0.009163876995444298,0.6081294417381287,-0.12132202833890915,-0.0693877637386322,0.025925571098923683,-0.9898454546928406,-0.2946433424949646,-0.06,0.3018779158592224,0.7961459159851074,0.023683063685894012,-0.5900000000000001,-1.0245304107666016,0.05676722899079323,0.6943046450614929,1.1596041917800903,0.16594946384429932,-0.3141981363296509,-0.6357812881469727,-0.29623937606811523,0.5421766638755798,-1.0073789358139038,-0.14999999999999997,-0.29335084557533264,-0.33879438042640686,-0.7163620591163635,-0.14999999999999997
2.0426182746887207,-0.01113445870578289,0.606023371219635,-0.12192302942276001,-0.06960878521203995,0.026893161237239838,-0.9897302389144897,-0.2978774309158325,-0.06,0.3005673885345459,0.8107173442840576,0.01893014647066593,-0.5900000000000001,-1.0248173475265503,0.06,0.7058976888656616,1.1763688325881958,0.1687532514333725,-0.3260575234889984,-0.6400712728500366,-0.28045016527175903,0.5514489412307739,-1.004838228225708,-0.14999999999999997,-0.29715150594711304,-0.32988741993904114,-0.6939164400100708,-0.141193687915802
2.044236660003662,-0.013118196278810501,0.6040185689926147,-0.12263516336679459,-0.06974413990974426,0.02699270285665989,-0.9896299839019775,-0.30081745982170105,-0.06,0.2975577116012573,0.8242077231407166,0.014198384247720242,-0.5900000000000001,-1.025303602218628,0.06,0.7151666879653931,1.192848801612854,0.17074711620807648,-0.3378413915634155,-0.6451668739318848,-0.2634858191013336,0.5582324862480164,-1.001359462738037,-0.14999999999999997,-0.3003086745738983,-0.3197820484638214,-0.6711293458938599,-0.10284716635942459
2.045768976211548,-0.015164216049015522,0.60209059715271,-0.12321139872074127,-0.0696294903755188,0.025818994268774986,-0.9895979166030884,-0.30378469824790955,-0.06,0.29202213883399963,0.8377230167388916,0.009559337049722672,-0.5900000000000001,-1.025716781616211,0.06,0.721000611782074,1.2092115879058838,0.17168603837490082,-0.3497339189052582,-0.6515817046165466,-0.2453969568014145,0.5631197094917297,-0.9966321587562561,-0.10681028664112091,-0.3021199703216553,-0.30821388959884644,-0.6479725241661072,-0.0653286725282669
2.0471935272216797,-0.017295455560088158,0.6002441644668579,-0.12346279621124268,-0.06909410655498505,0.023177525028586388,-0.9896693825721741,-0.3072163760662079,-0.06,0.2833833694458008,0.8527279496192932,0.004798045847564936,-0.5900000000000001,-1.0256555080413818,0.06,0.7226133942604065,1.2253872156143188,0.1713033765554428,-0.3618304133415222,-0.6594977378845215,-0.22650973498821259,0.5660661458969116,-0.9898694753646851,-0.05817528814077377,-0.30217811465263367,-0.29559624195098877,-0.6248806715011597,-0.029262950643897057
2.048537254333496,-0.019500166177749634,0.5985929369926453,-0.12335910648107529,-0.0680389404296875,0.019284699112176895,-0.9898389577865601,-0.31196466088294983,-0.06,0.27233290672302246,0.871491551399231,0.0005146061885170639,-0.5900000000000001,-1.0246118307113647,0.06,0.7198393940925598,1.2406333684921265,0.16936162114143372,-0.37380847334861755,-0.6682222485542297,-0.20751848816871643,0.5664507746696472,-0.9798403382301331,-0.00267662457190454,-0.30028924345970154,-0.2831571400165558,-0.6026179790496826,0.004940300714224577
2.049852132797241,-0.02174028381705284,0.5972896814346313,-0.12296406179666519,-0.06649521738290787,0.014613333158195019,-0.990073025226593,-0.3184812366962433,-0.06,0.2583976686000824,0.8947089314460754,-0.005526079796254635,-0.5900000000000001,-1.0223073959350586,0.06,0.712900698184967,1.253963589668274,0.16575750708580017,-0.3850756883621216,-0.676512598991394,-0.18928350508213043,0.5641123652458191,-0.965281069278717,0.06120620667934418,-0.2964112162590027,-0.2721853256225586,-0.5820598006248474,0.037512972950935364
2.051161766052246,-0.023972872644662857,0.5963715314865112,-0.12219840288162231,-0.06460525095462799,0.009999128989875317,-0.9903502464294434,-0.32584646344184875,-0.06,0.2409789264202118,0.9202305674552917,-0.01633775606751442,-0.5900000000000001,-1.0187252759933472,0.06,0.7025498151779175,1.26460862159729,0.1608239710330963,-0.39486339688301086,-0.6824727654457092,-0.17294944822788239,0.5598244071006775,-0.9458107352256775,0.1332327425479889,-0.29045554995536804,-0.26327165961265564,-0.5632154941558838,0.06978015601634979
2.0524728298187256,-0.02629183419048786,0.5957887172698975,-0.12103628367185593,-0.0626155361533165,0.0053916871547698975,-0.9906564950942993,-0.3331443667411804,-0.06,0.22575677931308746,0.9456421136856079,-0.022707819938659668,-0.5900000000000001,-1.0147531032562256,0.06,0.6881131529808044,1.2728196382522583,0.1535325050354004,-0.40298229455947876,-0.6860028505325317,-0.15971164405345917,0.5548286437988281,-0.9215375185012817,0.2116159200668335,-0.28250160813331604,-0.2559445798397064,-0.5458447337150574,0.1033300906419754
2.0537753105163574,-0.028739988803863525,0.5954250693321228,-0.11954844743013382,-0.06078549847006798,0.0005696856533177197,-0.9909656047821045,-0.3407222628593445,-0.06,0.21020832657814026,0.9701080918312073,-0.027828657999634743,-0.5900000000000001,-1.01055908203125,0.06,0.6713413000106812,1.2793322801589966,0.14524006843566895,-0.41023746132850647,-0.6871541738510132,-0.15074396133422852,0.54973304271698,-0.8921732902526855,0.2949722707271576,-0.272720605134964,-0.249494269490242,-0.5303190350532532,0.13953907787799835
2.0550920963287354,-0.03133534640073776,0.5951890349388123,-0.11778610944747925,-0.0591924749314785,-0.004612607881426811,-0.9912625551223755,-0.34856942296028137,-0.06,0.19276289641857147,0.9930923581123352,-0.03356843814253807,-0.5900000000000001,-1.0064043998718262,0.06,0.6531198024749756,1.2852416038513184,0.13663062453269958,-0.4187442362308502,-0.6856675148010254,-0.1472020149230957,0.5446944236755371,-0.8569374680519104,0.38249900937080383,-0.260856568813324,-0.24358463287353516,-0.5172519683837891,0.17896918952465057
2.0564451217651367,-0.03409753367304802,0.5950581431388855,-0.11567633599042892,-0.057801686227321625,-0.009965130127966404,-0.991553544998169,-0.3565495014190674,-0.06,0.1733015775680542,1.014686107635498,-0.04063959792256355,-0.5900000000000001,-1.002081036567688,0.06,0.6336840987205505,1.2907130718231201,0.1281396746635437,-0.4289068281650543,-0.6804776787757874,-0.1499972939491272,0.5400843024253845,-0.8148468732833862,0.4723920524120331,-0.2459905594587326,-0.23838616907596588,-0.5076293349266052,0.22188472747802734
2.057878255844116,-0.036964911967515945,0.5950350761413574,-0.11322282254695892,-0.05651390552520752,-0.015310105867683887,-0.9918428659439087,-0.36477425694465637,-0.06,0.15038220584392548,1.0347763299942017,-0.04375118017196655,-0.5900000000000001,-0.9970728754997253,0.06,0.6121280193328857,1.293799877166748,0.11744827777147293,-0.43477296829223633,-0.6702527403831482,-0.1605888158082962,0.5364915728569031,-0.7659634351730347,0.5598505735397339,-0.22677916288375854,-0.23468700051307678,-0.5037438273429871,0.26859235763549805
2.059438705444336,-0.039867103099823,0.5951362252235413,-0.11041964590549469,-0.055214229971170425,-0.020277176052331924,-0.9921428561210632,-0.37371447682380676,-0.06,0.12198811024427414,1.0554903745651245,-0.04977932572364807,-0.5900000000000001,-0.9907755255699158,0.05879344791173935,0.588716983795166,1.2937928438186646,0.10412667691707611,-0.43463268876075745,-0.6536035537719727,-0.1803799569606781,0.5341318845748901,-0.7098724246025085,0.6400548219680786,-0.20192335546016693,-0.23283639550209045,-0.5076189637184143,0.31806081533432007
2.061135768890381,-0.042858172208070755,0.5954058766365051,-0.10705962032079697,-0.05387517064809799,-0.02460785210132599,-0.992486834526062,-0.38289403915405273,-0.06,0.09030080586671829,1.076785683631897,-0.060861583799123764,-0.5900000000000001,-0.9831113219261169,0.05616848170757294,0.565344512462616,1.2937192916870117,0.09266909211874008,-0.4392818212509155,-0.6297679543495178,-0.21062873303890228,0.5333607792854309,-0.6468880772590637,0.7077617049217224,-0.17103567719459534,-0.23303209245204926,-0.5182948708534241,0.3696756064891815
2.0629751682281494,-0.04595676437020302,0.595824122428894,-0.10321620851755142,-0.05256108194589615,-0.028620030730962753,-0.9928566813468933,-0.3921574056148529,-0.06,0.056940846145153046,1.0980719327926636,-0.06987354159355164,-0.5900000000000001,-0.9742668271064758,0.0541982538998127,0.5403063893318176,1.291930913925171,0.07978510856628418,-0.4432462453842163,-0.5997410416603088,-0.2522118091583252,0.5326933264732361,-0.5765342712402344,0.7620685696601868,-0.13526052236557007,-0.23584870994091034,-0.5328720808029175,0.4228319227695465
2.0649497509002686,-0.04918849095702171,0.596398651599884,-0.09907679259777069,-0.05138849467039108,-0.03249816969037056,-0.993220329284668,-0.4006752669811249,-0.06,0.022848987951874733,1.1176632642745972,-0.08143981546163559,-0.5900000000000001,-0.9645187854766846,0.052906621247529984,0.51456618309021,1.2886826992034912,0.06701553612947464,-0.446764200925827,-0.5646374225616455,-0.3044528067111969,0.5306798815727234,-0.499735027551651,0.8021203279495239,-0.09668081253767014,-0.2411302775144577,-0.5485869646072388,0.47569864988327026
2.0670340061187744,-0.05252531170845032,0.5971420407295227,-0.09488753229379654,-0.05050081014633179,-0.03643152117729187,-0.9935384392738342,-0.40881291031837463,-0.06,-0.010869871824979782,1.1354615688323975,-0.09256631880998611,-0.5900000000000001,-0.9544901847839355,0.05159996077418327,0.4882009029388428,1.2840301990509033,0.05369028076529503,-0.44979795813560486,-0.5253678560256958,-0.3675163686275482,0.5250263810157776,-0.4205549359321594,0.831482470035553,-0.05738920345902443,-0.2481473833322525,-0.563264787197113,0.5268593430519104
2.069209098815918,-0.055962540209293365,0.5980221629142761,-0.09073122590780258,-0.049947936087846756,-0.04050682112574577,-0.9937967658042908,-0.41745349764823914,-0.06,-0.04392310604453087,1.152769684791565,-0.10398058593273163,-0.5900000000000001,-0.9444264769554138,0.05031813681125641,0.4616617262363434,1.2782646417617798,0.040424760431051254,-0.452489972114563,-0.4825799763202667,-0.44060182571411133,0.5144794583320618,-0.3435564637184143,0.8530591726303101,-0.018354693427681923,-0.25520241260528564,-0.5751619935035706,0.5742071866989136
2.0714662075042725,-0.05946938693523407,0.5989535450935364,-0.08670614659786224,-0.049717873334884644,-0.044947344809770584,-0.9939767718315125,-0.42667728662490845,-0.06,-0.07632666826248169,1.1697391271591187,-0.11585353314876556,-0.5900000000000001,-0.9346933364868164,0.04862110689282417,0.4348367154598236,1.271993637084961,0.02696705237030983,-0.45519694685935974,-0.4373696744441986,-0.5223575234413147,0.49853837490081787,-0.27191129326820374,0.8685028553009033,0.019689053297042847,-0.2608286738395691,-0.582550585269928,0.6164664626121521
2.0737905502319336,-0.06305661052465439,0.5998353958129883,-0.08278229832649231,-0.0498126856982708,-0.049928486347198486,-0.9940688014030457,-0.4360557198524475,-0.06,-0.10831090062856674,1.1855008602142334,-0.1279965043067932,-0.580702543258667,-0.9255881309509277,0.046582240611314774,0.40772631764411926,1.265889286994934,0.013862499967217445,-0.4582675099372864,-0.39065679907798767,-0.611027181148529,0.4772178530693054,-0.206308513879776,0.8783184289932251,0.05627178028225899,-0.26390719413757324,-0.5846014022827148,0.6539918184280396
2.076160430908203,-0.06675884127616882,0.600585401058197,-0.07882372289896011,-0.05024166405200958,-0.05550264194607735,-0.9940734505653381,-0.4449288845062256,-0.06,-0.1402340978384018,1.1989506483078003,-0.14035914838314056,-0.5692484974861145,-0.9173128604888916,0.04456394910812378,0.3801642060279846,1.2603733539581299,0.0016020971816033125,-0.4618399739265442,-0.3430038392543793,-0.7047017812728882,0.4509960114955902,-0.14686764776706696,0.8820887804031372,0.09066377580165863,-0.2640509605407715,-0.5806578993797302,0.6887746453285217
2.078555107116699,-0.07060831785202026,0.6011183261871338,-0.07465851306915283,-0.050972096621990204,-0.061642564833164215,-0.9939959645271301,-0.45265474915504456,-0.06,-0.17243576049804688,1.2092654705047607,-0.15358799695968628,-0.5614479184150696,-0.9099133610725403,0.04321419447660446,0.3523055911064148,1.255821704864502,-0.00888296589255333,-0.4660506248474121,-0.29482531547546387,-0.801666259765625,0.4204567074775696,-0.09393966943025589,0.8795534372329712,0.1217166930437088,-0.26146185398101807,-0.5697087645530701,0.7232574224472046
2.0809578895568848,-0.07460467517375946,0.6013824343681335,-0.07010374218225479,-0.05189758539199829,-0.06821909546852112,-0.9938501119613647,-0.45902010798454285,-0.06,-0.20482052862644196,1.2165409326553345,-0.16702869534492493,-0.5583388805389404,-0.9032074213027954,0.04293133318424225,0.32387375831604004,1.252267837524414,-0.017779504880309105,-0.4708259403705597,-0.24648189544677734,-0.9005271792411804,0.3863814175128937,-0.04876542091369629,0.8713724613189697,0.14808876812458038,-0.25671467185020447,-0.5500794649124146,0.759515643119812
2.083364486694336,-0.07870195060968399,0.6013741493225098,-0.06502425670623779,-0.05286692827939987,-0.07511700689792633,-0.9936469793319702,-0.46414119005203247,-0.06,-0.23742789030075073,1.2215021848678589,-0.18116547167301178,-0.5597465634346008,-0.8967766165733337,0.04379962757229805,0.29450657963752747,1.249441385269165,-0.02564838156104088,-0.4760553240776062,-0.19848278164863586,-1.0001766681671143,0.34965118765830994,-0.012945820577442646,0.8581329584121704,0.16847530007362366,-0.2508479952812195,-0.5202264785766602,0.7993138432502747
2.0857815742492676,-0.08281858265399933,0.6011043787002563,-0.059422630816698074,-0.053747497498989105,-0.08226504176855087,-0.9933843612670898,-0.4687012732028961,-0.06,-0.2701822519302368,1.2257797718048096,-0.19531308114528656,-0.5644228458404541,-0.8902830481529236,0.0455845408141613,0.26408326625823975,1.2471346855163574,-0.03310619667172432,-0.48172980546951294,-0.15123361349105835,-1.0998831987380981,0.3106800615787506,0.012180650606751442,0.840196967124939,0.18231411278247833,-0.24493137001991272,-0.4802698791027069,0.843069314956665
2.0882198810577393,-0.08684463053941727,0.6006240248680115,-0.053401656448841095,-0.054427675902843475,-0.0895785465836525,-0.99305659532547,-0.4736340641975403,-0.06,-0.30299144983291626,1.2313308715820312,-0.2094547003507614,-0.5702251195907593,-0.8833474516868591,0.04770100861787796,0.2323974072933197,1.2449151277542114,-0.04147917404770851,-0.4877506196498871,-0.10492552071809769,-1.1992855072021484,0.26943954825401306,0.025319641456007957,0.8187143206596375,0.18989689648151398,-0.23989306390285492,-0.4315231740474701,0.8898449540138245
2.090672016143799,-0.09066366404294968,0.6000097393989563,-0.04712165892124176,-0.054872065782547,-0.09695494174957275,-0.9926571846008301,-0.47976675629615784,-0.06,-0.3357836604118347,1.2396849393844604,-0.22240318357944489,-0.5752356052398682,-0.8757226467132568,0.049530353397130966,0.1994151920080185,1.2422564029693604,-0.052045147866010666,-0.4939027428627014,-0.059788595885038376,-1.2977999448776245,0.22609169781208038,0.025790642946958542,0.7944826483726501,0.19199787080287933,-0.23635904490947723,-0.3763628602027893,0.9375813007354736
2.093132734298706,-0.0942147821187973,0.599370002746582,-0.04075607657432556,-0.05510401353240013,-0.10449419915676117,-0.992160975933075,-0.48780882358551025,-0.05845819413661957,-0.36820101737976074,1.251609206199646,-0.23299004137516022,-0.5777631402015686,-0.8671854734420776,0.05035462975502014,0.16499543190002441,1.2386223077774048,-0.06554794311523438,-0.5000312924385071,-0.016671661287546158,-1.394376516342163,0.18140171468257904,0.013592589646577835,0.7671188116073608,0.18925879895687103,-0.23453190922737122,-0.31793174147605896,0.9842023253440857
2.0956108570098877,-0.09751343727111816,0.5988202095031738,-0.03439745306968689,-0.05515794828534126,-0.11262108385562897,-0.9915093183517456,-0.4982241988182068,-0.05053213611245155,-0.3998908996582031,1.2667746543884277,-0.23993855714797974,-0.576550304889679,-0.8573782444000244,0.04943583533167839,0.1285838484764099,1.2335416078567505,-0.08196380734443665,-0.5061813592910767,0.02289312146604061,-1.4884103536605835,0.13613072037696838,-0.010899784974753857,0.7355955243110657,0.1815265417098999,-0.2341291904449463,-0.25915706157684326,1.029440999031067
2.0981454849243164,-0.10061116516590118,0.5984635353088379,-0.028027260676026344,-0.055035628378391266,-0.12153095006942749,-0.9906642436981201,-0.5106212496757507,-0.042703721672296524,-0.4302278161048889,1.2836847305297852,-0.24,-0.5719455480575562,-0.845820963382721,0.04692094027996063,0.09014760702848434,1.226590871810913,-0.10022479295730591,-0.5123270750045776,0.057936426252126694,-1.580261468887329,0.09088289737701416,-0.04671522602438927,0.6989186406135559,0.16856135427951813,-0.2344898134469986,-0.20128391683101654,1.0734641551971436
2.100778579711914,-0.10356472432613373,0.598361611366272,-0.02160140872001648,-0.054762277752161026,-0.13115498423576355,-0.989612340927124,-0.5243700742721558,-0.03425408899784088,-0.45845645666122437,1.3006629943847656,-0.23892997205257416,-0.5648054480552673,-0.832233190536499,0.043512310832738876,0.05007938668131828,1.2174681425094604,-0.11916838586330414,-0.5183146595954895,0.08800362795591354,-1.6710580587387085,0.046706825494766235,-0.09263845533132553,0.6568283438682556,0.15040458738803864,-0.2348039150238037,-0.14414460957050323,1.1152371168136597
2.103532552719116,-0.1063947007060051,0.598540186882019,-0.01517259981483221,-0.05436690151691437,-0.14142948389053345,-0.9883377552032471,-0.5391872525215149,-0.025086162611842155,-0.4843170642852783,1.3167906999588013,-0.2311186045408249,-0.5554565191268921,-0.8165565729141235,0.0395224392414093,0.008602994494140148,1.206034541130066,-0.1385653167963028,-0.5240448713302612,0.1127217561006546,-1.7618401050567627,0.03,-0.1469355970621109,0.6103505492210388,0.12761011719703674,-0.23444847762584686,-0.08738696575164795,1.1519817113876343
2.1064043045043945,-0.10908187925815582,0.5990133285522461,-0.00887464638799429,-0.053822316229343414,-0.15229129791259766,-0.9868291020393372,-0.5555847883224487,-0.015880392864346504,-0.5081336498260498,1.3328324556350708,-0.21968048810958862,-0.5429218411445618,-0.7986867427825928,0.034921690821647644,-0.034199491143226624,1.1921988725662231,-0.15881632268428802,-0.5294189453125,0.13205355405807495,-1.8529627323150635,0.03,-0.2075103372335434,0.5620681047439575,0.1010817363858223,-0.23284724354743958,-0.031139809638261795,1.1802765130996704
2.109437942504883,-0.11177067458629608,0.5997487306594849,-0.0025969604030251503,-0.05305776372551918,-0.16379773616790771,-0.9850625991821289,-0.5749686360359192,-0.007101697381585836,-0.530707597732544,1.351137399673462,-0.20647253096103668,-0.5242409706115723,-0.7799542546272278,0.03296952322125435,-0.07284250855445862,1.1784381866455078,-0.16769540309906006,-0.5349220037460327,0.14642654359340668,-1.944492220878601,0.03,-0.2723861634731293,0.5158677697181702,0.07221269607543945,-0.2286936193704605,0.023018110543489456,1.1973114013671875
2.112558603286743,-0.11434303969144821,0.6006711721420288,0.0036250436678528786,-0.05197017267346382,-0.17557750642299652,-0.9830861687660217,-0.5990142822265625,0.0008060005493462086,-0.5514229536056519,1.372920036315918,-0.19379496574401855,-0.4978299140930176,-0.7592675685882568,0.03130810707807541,-0.11244890838861465,1.1628222465515137,-0.17689339816570282,-0.5400664806365967,0.15824107825756073,-2.035231113433838,0.03,-0.3368406891822815,0.4752313494682312,0.043490976095199585,-0.22197934985160828,0.07184277474880219,1.2023259401321411
2.1156506538391113,-0.11678481101989746,0.6016337871551514,0.009901785291731358,-0.050598762929439545,-0.1873674839735031,-0.98093581199646,-0.6293675899505615,0.007924485951662064,-0.5689553022384644,1.3997458219528198,-0.18421073257923126,-0.4619332551956177,-0.7377949953079224,0.03124472312629223,-0.15095503628253937,1.1463758945465088,-0.18400372564792633,-0.5446230173110962,0.1700209677219391,-2.122042179107666,0.03,-0.39504265785217285,0.4402127265930176,0.01709587313234806,-0.21302805840969086,0.11208600550889969,1.1963392496109009
2.1185061931610107,-0.11891938745975494,0.6025738716125488,0.015762493014335632,-0.04901568964123726,-0.19951725006103516,-0.9785405993461609,-0.6672554016113281,0.01198017317801714,-0.5838236808776855,1.4363428354263306,-0.17724177241325378,-0.43297141790390015,-0.7165132164955139,0.030725065618753433,-0.18855057656764984,1.1302955150604248,-0.189963236451149,-0.5490886569023132,0.1825520545244217,-2.199798583984375,0.03,-0.4398479461669922,0.41070327162742615,-0.005204635672271252,-0.20350340008735657,0.1413898915052414,1.1800310611724854
2.1210036277770996,-0.12073353677988052,0.6035493612289429,0.020260728895664215,-0.047434981912374496,-0.21216228604316711,-0.9758721590042114,-0.711560070514679,0.010089067742228508,-0.5963220596313477,1.4834684133529663,-0.17050383985042572,-0.41216522455215454,-0.696746826171875,0.027632122859358788,-0.22365371882915497,1.1160871982574463,-0.1941612958908081,-0.5538651943206787,0.1952553391456604,-2.263942003250122,0.03,-0.46851852536201477,0.381745845079422,-0.022864315658807755,-0.19514450430870056,0.16057303547859192,1.1555957794189453
2.1229586601257324,-0.12219365686178207,0.6046096086502075,0.023498211055994034,-0.046111613512039185,-0.22452569007873535,-0.9730928540229797,-0.7595740556716919,0.0025906574446707964,-0.6061474680900574,1.5361089706420898,-0.16429515182971954,-0.38274088501930237,-0.6794509291648865,0.022761976346373558,-0.25488463044166565,1.1034332513809204,-0.19663573801517487,-0.5579355955123901,0.21289417147636414,-2.313422918319702,0.03,-0.4776221811771393,0.3600413203239441,-0.03408285230398178,-0.189087375998497,0.167497456073761,1.1236099004745483
2.1242778301239014,-0.12319288402795792,0.6058065295219421,0.025518644601106644,-0.04487231746315956,-0.23656988143920898,-0.9702420830726624,-0.806317150592804,-0.01007384154945612,-0.6123248338699341,1.5860661268234253,-0.1594880372285843,-0.33918073773384094,-0.6641426682472229,0.015805527567863464,-0.2822323143482208,1.092221975326538,-0.1971837282180786,-0.5611453056335449,0.23801417648792267,-2.345191717147827,0.03,-0.4707416892051697,0.3448173701763153,-0.03654047101736069,-0.1862327754497528,0.1635875403881073,1.0839390754699707
2.125096559524536,-0.1237630695104599,0.6072928309440613,0.026271557435393333,-0.0435410812497139,-0.24872003495693207,-0.967239499092102,-0.8470357060432434,-0.026067834347486496,-0.6126800179481506,1.626205325126648,-0.15322178602218628,-0.29748648405075073,-0.6493799090385437,0.006163057405501604,-0.306893527507782,1.0816117525100708,-0.19592033326625824,-0.5636180639266968,0.2689109742641449,-2.358574628829956,0.03,-0.452193021774292,0.3309651017189026,-0.030164571478962898,-0.18557177484035492,0.1510109305381775,1.0400453805923462
2.1256520748138428,-0.12404463440179825,0.6092113852500916,0.02617531642317772,-0.042176809161901474,-0.26127737760543823,-0.9639864563941956,-0.8800631165504456,-0.042008813470602036,-0.6059821248054504,1.6530847549438477,-0.1415778398513794,-0.2708952724933624,-0.6338447332382202,-0.005250744055956602,-0.33054405450820923,1.0697885751724243,-0.1932094544172287,-0.5649911761283875,0.30264347791671753,-2.357729911804199,0.03,-0.42618316411972046,0.31752586364746094,-0.01741524413228035,-0.1857585459947586,0.13405880331993103,0.9951471090316772
2.1260263919830322,-0.12414520233869553,0.6115386486053467,0.02557864971458912,-0.04129277542233467,-0.2745589315891266,-0.9603425860404968,-0.9069272875785828,-0.05677765607833862,-0.5928245186805725,1.6667025089263916,-0.12504921853542328,-0.2569342255592346,-0.6183167695999146,-0.017982536926865578,-0.3541637063026428,1.0563304424285889,-0.18925824761390686,-0.5651834607124329,0.33633100986480713,-2.3475165367126465,0.03,-0.3953823149204254,0.3060705363750458,-0.0014288484817370772,-0.18745504319667816,0.11596157401800156,0.9483869671821594
2.126152753829956,-0.12408975511789322,0.6141514182090759,0.024591315537691116,-0.04138803482055664,-0.2888668477535248,-0.9561579823493958,-0.9294089078903198,-0.06,-0.5751743316650391,1.6698870658874512,-0.10916491597890854,-0.2456073760986328,-0.6043403148651123,-0.032481949776411057,-0.3781263530254364,1.042120099067688,-0.1841452717781067,-0.5644782185554504,0.36794859170913696,-2.3296782970428467,0.03,-0.36099910736083984,0.29724738001823425,0.015929503366351128,-0.19260092079639435,0.09652792662382126,0.89626145362854
2.126023054122925,-0.12388433516025543,0.6169278621673584,0.023379113525152206,-0.04248877614736557,-0.30374518036842346,-0.951518177986145,-0.9480483531951904,-0.06,-0.5543566346168518,1.6651451587677002,-0.09727361798286438,-0.23430472612380981,-0.5924156308174133,-0.048166461288928986,-0.40192553400993347,1.0276923179626465,-0.1781293749809265,-0.5629220604896545,0.3982231616973877,-2.302987575531006,0.03,-0.3231543004512787,0.28841710090637207,0.034518491476774216,-0.20208443701267242,0.07171038538217545,0.8362372517585754
2.1257946491241455,-0.12351320683956146,0.6198370456695557,0.021978167816996574,-0.04391981661319733,-0.31853556632995605,-0.9466376304626465,-0.9617443680763245,-0.06,-0.5304665565490723,1.6507090330123901,-0.0867677852511406,-0.2234129160642624,-0.5807111859321594,-0.06407240033149719,-0.42538702487945557,1.012771487236023,-0.17165711522102356,-0.5606662034988403,0.4290250241756439,-2.2630109786987305,0.03,-0.28213122487068176,0.2740533649921417,0.05758659914135933,-0.21519896388053894,0.03757336735725403,0.7648046612739563
2.1256587505340576,-0.12295497208833694,0.6229811906814575,0.020312100648880005,-0.044955506920814514,-0.33295854926109314,-0.9416500926017761,-0.9688913226127625,-0.06,-0.5041664838790894,1.6218912601470947,-0.07582291215658188,-0.21325986087322235,-0.5667104125022888,-0.07940409332513809,-0.44870060682296753,0.9962731599807739,-0.164561465382576,-0.5576332211494446,0.4613822102546692,-2.2061660289764404,0.03,-0.23946648836135864,0.2530381381511688,0.08893995732069016,-0.23002959787845612,-0.005451260134577751,0.6827206611633301
2.1256892681121826,-0.12222646176815033,0.6265259981155396,0.01857682690024376,-0.04554111510515213,-0.34685012698173523,-0.9366299510002136,-0.9693064093589783,-0.06,-0.47737136483192444,1.5752748250961304,-0.06751894950866699,-0.2035861313343048,-0.5495318174362183,-0.0929633304476738,-0.47201815247535706,0.9763580560684204,-0.1567748337984085,-0.5529344081878662,0.4953266978263855,-2.133817672729492,0.03,-0.19748304784297943,0.22986100614070892,0.12974266707897186,-0.2442253679037094,-0.053870994597673416,0.596121609210968
2.125847816467285,-0.12132023274898529,0.63054358959198,0.0170077383518219,-0.04605814069509506,-0.3602699041366577,-0.9315550923347473,-0.9636221528053284,-0.06,-0.4513619542121887,1.510406494140625,-0.06449224799871445,-0.1936224102973938,-0.5298243165016174,-0.10419641435146332,-0.49553534388542175,0.9519799947738647,-0.14839179813861847,-0.5458882451057434,0.5296267867088318,-2.0500967502593994,0.03,-0.15873830020427704,0.2091911882162094,0.17967912554740906,-0.2561649680137634,-0.1044318675994873,0.5102695226669312
2.1260697841644287,-0.12014055252075195,0.634978175163269,0.015579954721033573,-0.04679058864712715,-0.3733576834201813,-0.9263756275177002,-0.9528197050094604,-0.06,-0.4263729155063629,1.4314759969711304,-0.0669841393828392,-0.18372583389282227,-0.5084895491600037,-0.11361164599657059,-0.5191875100135803,0.9235932230949402,-0.13938459753990173,-0.536580502986908,0.5627896785736084,-1.9574623107910156,0.03,-0.12506970763206482,0.19112953543663025,0.23871520161628723,-0.265318900346756,-0.15543372929096222,0.4251781702041626
2.1264193058013916,-0.11849889159202576,0.6397873759269714,0.01411912590265274,-0.04741335287690163,-0.3859868049621582,-0.9211767911911011,-0.9367940425872803,-0.06,-0.4023773670196533,1.3450220823287964,-0.07397012412548065,-0.1753900796175003,-0.48457077145576477,-0.12135742604732513,-0.5427781939506531,0.891359806060791,-0.12943972647190094,-0.5253318548202515,0.5943979620933533,-1.856372356414795,0.03,-0.0976957455277443,0.17237482964992523,0.30776962637901306,-0.27066776156425476,-0.20575463771820068,0.33684200048446655
2.1270101070404053,-0.11625362932682037,0.6449548602104187,0.012767544947564602,-0.047582246363162994,-0.3976595997810364,-0.91620934009552,-0.9151885509490967,-0.06,-0.37852147221565247,1.2547472715377808,-0.08337724208831787,-0.1672039031982422,-0.4569539427757263,-0.12618133425712585,-0.5658949017524719,0.8543087244033813,-0.11855926364660263,-0.5118318200111389,0.6253333687782288,-1.7496652603149414,0.03,-0.0768749862909317,0.1497558057308197,0.3870421350002289,-0.2705175578594208,-0.253763884305954,0.24394378066062927
2.1278984546661377,-0.11334166675806046,0.6504092812538147,0.011798817664384842,-0.04716956242918968,-0.4080063998699188,-0.9116832613945007,-0.887029230594635,-0.06,-0.35234102606773376,1.1594663858413696,-0.09334129840135574,-0.15286444127559662,-0.4253275990486145,-0.12678708136081696,-0.5882706046104431,0.8115221261978149,-0.10699876397848129,-0.4956902265548706,0.6564708352088928,-1.6422934532165527,0.03,-0.06159866973757744,0.12198027968406677,0.4758784770965576,-0.2634231448173523,-0.2978557050228119,0.1496882438659668
2.1290624141693115,-0.10969091951847076,0.6559712290763855,0.011260810308158398,-0.04610380157828331,-0.41708219051361084,-0.9076287150382996,-0.8503617644309998,-0.06,-0.32116439938545227,1.0576926469802856,-0.10242899507284164,-0.13497383892536163,-0.38988178968429565,-0.12318526953458786,-0.6099286079406738,0.7634740471839905,-0.09477727115154266,-0.47721925377845764,0.6878503561019897,-1.539034128189087,0.03,-0.049988921731710434,0.08833495527505875,0.5734769701957703,-0.24870961904525757,-0.3361469805240631,0.058901723474264145
2.130431652069092,-0.105269655585289,0.6613235473632812,0.011195934377610683,-0.044386472553014755,-0.4251237213611603,-0.9039768576622009,-0.803341805934906,-0.051113758236169815,-0.2841762900352478,0.9488463401794434,-0.11076601594686508,-0.11742663383483887,-0.35154855251312256,-0.11603046208620071,-0.6309788227081299,0.7120910286903381,-0.08190790563821793,-0.4574398696422577,0.7192900776863098,-1.4449878931045532,0.03,-0.039840031415224075,0.04944843426346779,0.6784183979034424,-0.22610005736351013,-0.3666546046733856,-0.024017948657274246
2.1319422721862793,-0.10015507787466049,0.6659310460090637,0.011798964813351631,-0.04207606241106987,-0.4323629140853882,-0.9006400108337402,-0.744614839553833,-0.0377572700381279,-0.24210770428180695,0.8317708373069763,-0.11943891644477844,-0.09669896215200424,-0.31256574392318726,-0.10631254315376282,-0.6514068245887756,0.6617333292961121,-0.06876668334007263,-0.4386166036128998,0.7506992816925049,-1.3648688793182373,0.03,-0.029845332726836205,0.007094264961779118,0.7890183925628662,-0.19488994777202606,-0.38878190517425537,-0.09791726619005203
2.133573532104492,-0.09464626759290695,0.6690263152122498,0.013936573639512062,-0.03943464159965515,-0.4388546645641327,-0.897584080696106,-0.6768209338188171,-0.022722193971276283,-0.200822114944458,0.7068276405334473,-0.12902364134788513,-0.06366527080535889,-0.2776455283164978,-0.09429828077554703,-0.6699634790420532,0.6195881366729736,-0.05488905683159828,-0.424468994140625,0.7817977666854858,-1.302190899848938,0.03,-0.0207511093467474,-0.03844297304749489,0.9019142389297485,-0.15559469163417816,-0.40359947085380554,-0.14999999999999997
2.135082483291626,-0.08916608989238739,0.6701936721801758,0.018193427473306656,-0.03732342645525932,-0.4442406892776489,-0.8949446678161621,-0.6076965928077698,-0.007098895963281393,-0.17092712223529816,0.5866994857788086,-0.1327562779188156,-0.03773947060108185,-0.2538805305957794,-0.08123113214969635,-0.678993284702301,0.5934981107711792,-0.03780560567975044,-0.4181888997554779,0.8110771179199219,-1.2540079355239868,0.03,-0.011210029944777489,-0.09147021919488907,1.0118725299835205,-0.11333432793617249,-0.4136308431625366,-0.14999999999999997
2.1355583667755127,-0.08431020379066467,0.6719769835472107,0.021357396617531776,-0.038097213953733444,-0.4491017162799835,-0.8924124240875244,-0.5567682981491089,-0.005795982666313648,-0.16214583814144135,0.49991342425346375,-0.0821274071931839,-0.05091973766684532,-0.24494530260562897,-0.07238917052745819,-0.6631190776824951,0.5753608345985413,-0.025861285626888275,-0.40509647130966187,0.8345374464988708,-1.208606243133545,0.03,0.004032611381262541,-0.14768803119659424,1.1148464679718018,-0.0757410079240799,-0.4240594506263733,-0.14999999999999997
2.1359801292419434,-0.08003469556570053,0.6753261089324951,0.02227773517370224,-0.039005547761917114,-0.45185649394989014,-0.8909589648246765,-0.5184163451194763,-0.008611089549958706,-0.151691272854805,0.4342624843120575,-0.025881314650177956,-0.024530991911888123,-0.2383669763803482,-0.06277718394994736,-0.6201576590538025,0.5539905428886414,-0.01708337664604187,-0.38306260108947754,0.8574512600898743,-1.1678102016448975,0.03,0.020393995568156242,-0.14999999999999997,1.2079018354415894,-0.04185309261083603,-0.4295903444290161,-0.14999999999999997
2.136587142944336,-0.07632716000080109,0.6791716814041138,0.02190038189291954,-0.03934460133314133,-0.45275449752807617,-0.8904975056648254,-0.48395222425460815,-0.008270609192550182,-0.14270129799842834,0.37994951009750366,-0.026542194187641144,-0.0031364872120320797,-0.23089833557605743,-0.0515032522380352,-0.5607916116714478,0.5315088033676147,-0.010564648546278477,-0.35806649923324585,0.8820636868476868,-1.1355807781219482,0.03,0.04208585247397423,-0.14999999999999997,1.2872834205627441,-0.03,-0.4326377809047699,-0.14999999999999997
2.137441396713257,-0.07330130785703659,0.6821912527084351,0.02140163816511631,-0.03958024084568024,-0.4518047571182251,-0.8909813165664673,-0.4510536193847656,-0.006407813169062138,-0.13060933351516724,0.329029381275177,-0.021577641367912292,0.016039403155446053,-0.2268240600824356,-0.04040173068642616,-0.49459612369537354,0.5212327241897583,-0.01144658587872982,-0.3385807275772095,0.9102659821510315,-1.1121361255645752,0.03,0.07926461845636368,-0.14999999999999997,1.353112816810608,-0.03,-0.43709319829940796,-0.14999999999999997
2.1383917331695557,-0.07089188694953918,0.6845493912696838,0.02039661444723606,-0.04037810489535332,-0.45019423961639404,-0.8917839527130127,-0.4210638403892517,-0.0054228585213422775,-0.1178264394402504,0.29000000000000004,-0.019736984744668007,0.034397970885038376,-0.22380468249320984,-0.03100317344069481,-0.4304385781288147,0.5127240419387817,-0.016915958374738693,-0.33365803956985474,0.9388614296913147,-1.0932157039642334,0.03,0.13245072960853577,-0.14999999999999997,1.408096194267273,-0.03,-0.44156864285469055,-0.14999999999999997
2.139225482940674,-0.06892568618059158,0.6860325932502747,0.018812479451298714,-0.041758425533771515,-0.4490145146846771,-0.8923497796058655,-0.3958704471588135,-0.007181413471698761,-0.10691895335912704,0.29000000000000004,-0.01764114387333393,0.050854768604040146,-0.2179419845342636,-0.023138869553804398,-0.37088441848754883,0.48901471495628357,-0.022133583202958107,-0.3356425166130066,0.9631736874580383,-1.0806635618209839,0.03,0.19387750327587128,-0.14999999999999997,1.4530824422836304,-0.03,-0.44556134939193726,-0.14999999999999997
2.1397292613983154,-0.06735201925039291,0.686489462852478,0.016631940379738808,-0.04366197809576988,-0.4491417706012726,-0.8922379016876221,-0.38002437353134155,-0.01279731746762991,-0.10080017894506454,0.29000000000000004,-0.01575883850455284,0.06176520884037018,-0.21131648123264313,-0.019112884998321533,-0.31967657804489136,0.45424357056617737,-0.026881160214543343,-0.32858216762542725,0.9802453517913818,-1.07935631275177,0.03,0.25491204857826233,-0.14999999999999997,1.486762523651123,-0.03,-0.4509727656841278,-0.14999999999999997
2.1399550437927246,-0.06614768505096436,0.6859650015830994,0.01373815443366766,-0.045467305928468704,-0.45080825686454773,-0.8913560509681702,-0.3752008080482483,-0.02190582826733589,-0.10056374222040176,0.29000000000000004,-0.013860847800970078,0.06393390893936157,-0.20538096129894257,-0.019867565482854843,-0.28349483013153076,0.4209364950656891,-0.029779765754938126,-0.31764739751815796,0.9911851286888123,-1.090685486793518,0.03,0.3057325780391693,-0.14999999999999997,1.5084731578826904,-0.03,-0.45706868171691895,-0.14999999999999997
2.1405580043792725,-0.06548760086297989,0.6857066750526428,0.013141263276338577,-0.04562518000602722,-0.4524805545806885,-0.8905092477798462,-0.3770357072353363,-0.024164332076907158,-0.10250270366668701,0.29000000000000004,-0.013815837912261486,0.059739116579294205,-0.20179978013038635,-0.019942985847592354,-0.2762192487716675,0.41400671005249023,-0.02142069675028324,-0.3165157735347748,1.0015212297439575,-1.1161137819290161,0.03,0.33726662397384644,-0.14999999999999997,1.5128178596496582,-0.03,-0.4605220556259155,-0.14999999999999997
2.1412594318389893,-0.06523353606462479,0.68550044298172,0.013825603760778904,-0.04544106498360634,-0.4532916843891144,-0.8900957703590393,-0.3835388422012329,-0.02317764237523079,-0.10637300461530685,0.29000000000000004,-0.014434317126870155,0.05251914635300636,-0.19837656617164612,-0.01733315736055374,-0.2809232175350189,0.40973514318466187,-0.027158480137586594,-0.31604334712028503,1.01266348361969,-1.1497743129730225,0.03,0.35355567932128906,-0.14999999999999997,1.507616400718689,-0.03,-0.4663418233394623,-0.14999999999999997
2.1417737007141113,-0.06538830697536469,0.6852138638496399,0.015346379019320011,-0.046013910323381424,-0.4543546438217163,-0.8894992470741272,-0.3938588798046112,-0.021724630147218704,-0.11221581697463989,0.29000000000000004,-0.015673691406846046,0.04632912576198578,-0.1995805948972702,-0.014051275327801704,-0.28392672538757324,0.4085637629032135,-0.02869895100593567,-0.31627824902534485,1.0201613903045654,-1.1900619268417358,0.03,0.3597559928894043,-0.14999999999999997,1.494516372680664,-0.03,-0.4765508472919464,-0.14999999999999997
2.1419973373413086,-0.06580071151256561,0.6847870349884033,0.01730741187930107,-0.04737050458788872,-0.4562987983226776,-0.888396143913269,-0.4068199098110199,-0.02133812941610813,-0.12060833722352982,0.29000000000000004,-0.016852812841534615,0.04211905598640442,-0.2046569585800171,-0.011424899101257324,-0.28785935044288635,0.4104456305503845,-0.02988477610051632,-0.31761327385902405,1.0219252109527588,-1.2363530397415161,0.03,0.35846737027168274,-0.14999999999999997,1.4738532304763794,-0.03,-0.4894958436489105,-0.14692294597625732
2.1420295238494873,-0.06624121218919754,0.6842327117919922,0.019216123968362808,-0.04883182793855667,-0.45885708928108215,-0.8869590163230896,-0.4205845594406128,-0.022101180627942085,-0.1303759217262268,0.29000000000000004,-0.017790133133530617,0.038326848298311234,-0.21121761202812195,-0.009857427328824997,-0.2926947772502899,0.4151369631290436,-0.0308062843978405,-0.32035303115844727,1.0197851657867432,-1.2874255180358887,0.03,0.35072314739227295,-0.14999999999999997,1.4459091424942017,-0.03,-0.5004388093948364,-0.11785396933555603
2.142029047012329,-0.0665222629904747,0.683551013469696,0.02073059044778347,-0.04964065924286842,-0.4615943431854248,-0.8854583501815796,-0.4340640604496002,-0.023503487929701805,-0.14036384224891663,0.29000000000000004,-0.01854105107486248,0.032576970756053925,-0.2167607694864273,-0.009121260605752468,-0.2980496883392334,0.42208269238471985,-0.0313311442732811,-0.3246772289276123,1.0159600973129272,-1.3413608074188232,0.03,0.337049275636673,-0.14999999999999997,1.4121712446212769,-0.03,-0.5049634575843811,-0.0847194641828537
2.141977548599243,-0.06664267927408218,0.6827172040939331,0.021884357556700706,-0.04988308250904083,-0.46444275975227356,-0.8839261531829834,-0.4474645256996155,-0.02559211105108261,-0.15046213567256927,0.30003878474235535,-0.01902173087000847,0.024868186563253403,-0.22173582017421722,-0.009295771829783916,-0.3036218285560608,0.43166419863700867,-0.03142642602324486,-0.3306938409805298,1.0103464126586914,-1.3963431119918823,0.03,0.31897619366645813,-0.14999999999999997,1.374045491218567,-0.03,-0.5033009052276611,-0.05083169415593147
2.141784191131592,-0.06668435037136078,0.6817123293876648,0.023005645722150803,-0.04993363469839096,-0.46762576699256897,-0.882215142250061,-0.46185430884361267,-0.02849634736776352,-0.16058358550071716,0.32200780510902405,-0.018962590023875237,0.015990952029824257,-0.2272682785987854,-0.010159866884350777,-0.3097184896469116,0.443667471408844,-0.03120989166200161,-0.3380666971206665,1.0013489723205566,-1.4512550830841064,0.03,0.29671207070350647,-0.14999999999999997,1.3314491510391235,-0.03,-0.49654653668403625,-0.015645338222384453
2.1414244174957275,-0.06665249168872833,0.6805343627929688,0.024194680154323578,-0.04981342330574989,-0.471459299325943,-0.8801472783088684,-0.4772564470767975,-0.03250904381275177,-0.17037270963191986,0.34613698720932007,-0.017875296995043755,0.0064024971798062325,-0.23311789333820343,-0.011629117652773857,-0.31711679697036743,0.45759621262550354,-0.030656497925519943,-0.3466440737247467,0.987866997718811,-1.5062459707260132,0.03,0.2692016065120697,-0.14999999999999997,1.2839494943618774,-0.03,-0.4839780628681183,0.025064241141080856
2.1409101486206055,-0.0664806216955185,0.6791879534721375,0.025302516296505928,-0.04936142638325691,-0.4760214686393738,-0.8776825666427612,-0.492794930934906,-0.03775731101632118,-0.17971117794513702,0.37194639444351196,-0.015715332701802254,-0.0038188667967915535,-0.23855292797088623,-0.013954863883554935,-0.3260730504989624,0.4733312726020813,-0.029605189338326454,-0.3565339148044586,0.9704414010047913,-1.5617038011550903,0.03,0.23649775981903076,-0.14999999999999997,1.2319334745407104,-0.03,-0.464213103055954,0.07589854300022125
2.140249013900757,-0.06612720340490341,0.6776760816574097,0.026222549378871918,-0.04856804385781288,-0.4810194671154022,-0.8749707341194153,-0.5079876184463501,-0.0440603606402874,-0.18875877559185028,0.3984231650829315,-0.013063500635325909,-0.01399462204426527,-0.243547722697258,-0.017302703112363815,-0.3358395993709564,0.4909798800945282,-0.027975667268037796,-0.36771485209465027,0.9509904384613037,-1.6175552606582642,0.03,0.2002059519290924,-0.14999999999999997,1.176745057106018,-0.03284628689289093,-0.4369179606437683,0.13879917562007904
2.139437198638916,-0.06563253700733185,0.6760424375534058,0.02701381966471672,-0.04762973263859749,-0.48601481318473816,-0.872233510017395,-0.5226931571960449,-0.050975628197193146,-0.19786237180233002,0.4250316023826599,-0.010041283443570137,-0.024266591295599937,-0.2485690712928772,-0.021444790065288544,-0.3453196585178375,0.5099342465400696,-0.02589545212686062,-0.3795742690563202,0.9315639734268188,-1.6732876300811768,0.03,0.1622505933046341,-0.14999999999999997,1.1199861764907837,-0.049234788864851,-0.4035220742225647,0.2134857326745987
2.1384894847869873,-0.06506578624248505,0.6743824481964111,0.02781873196363449,-0.04672878980636597,-0.4906981587409973,-0.8696308732032776,-0.5367704033851624,-0.057874895632267,-0.20728206634521484,0.45055967569351196,-0.007277723867446184,-0.03409261256456375,-0.2536974251270294,-0.025815654546022415,-0.35393187403678894,0.5286776423454285,-0.023664407432079315,-0.3910624384880066,0.9132758378982544,-1.728379487991333,0.03,0.12354057282209396,-0.14999999999999997,1.0629076957702637,-0.0642208606004715,-0.3659864068031311,0.29972633719444275
2.1374363899230957,-0.06445485353469849,0.6727811694145203,0.028677837923169136,-0.04587960243225098,-0.49499189853668213,-0.8672112822532654,-0.549777626991272,-0.06,-0.21706807613372803,0.4742065668106079,-0.004970180336385965,-0.043156515806913376,-0.25857633352279663,-0.030038513243198395,-0.3615318834781647,0.5461428761482239,-0.021141771227121353,-0.4015759527683258,0.8959546089172363,-1.7819708585739136,0.03,0.08381576091051102,-0.14999999999999997,1.0070194005966187,-0.07899436354637146,-0.3254605531692505,0.3958660960197449
2.1363048553466797,-0.06380301713943481,0.6712928414344788,0.02949557639658451,-0.045053549110889435,-0.4988866150379181,-0.8649925589561462,-0.5611903667449951,-0.06,-0.22708624601364136,0.4954240620136261,-0.003117046784609556,-0.0512775182723999,-0.2628477215766907,-0.0341373048722744,-0.36824074387550354,0.5619019269943237,-0.01847567968070507,-0.4109390079975128,0.878908097743988,-1.8328315019607544,0.03,0.0426785834133625,-0.14999999999999997,0.9538735151290894,-0.09499093890190125,-0.2828916907310486,0.4971698522567749
2.135120153427124,-0.06313053518533707,0.6699339151382446,0.03016490675508976,-0.04421257600188255,-0.502495288848877,-0.8629216551780701,-0.5707734227180481,-0.06,-0.23613567650318146,0.5138887166976929,-0.0011604081373661757,-0.0582132562994957,-0.26633575558662415,-0.038278233259916306,-0.3743201494216919,0.5760905742645264,-0.015654731541872025,-0.4192942976951599,0.8610873222351074,-1.879733681678772,0.03,-0.0005223831394687295,-0.14999999999999997,0.9040778875350952,-0.11318400502204895,-0.23961851000785828,0.5965933203697205
2.133906364440918,-0.06245766952633858,0.6687174439430237,0.03053673729300499,-0.043223362416028976,-0.5060603618621826,-0.8608728647232056,-0.5780878067016602,-0.06,-0.24430657923221588,0.5294223427772522,0.0009168211836367846,-0.06379455327987671,-0.2684905230998993,-0.042672108858823776,-0.38042256236076355,0.5887696146965027,-0.012661278247833252,-0.42685186862945557,0.8411756753921509,-1.9210195541381836,0.03,-0.04677032679319382,-0.14999999999999997,0.8568238615989685,-0.13399985432624817,-0.19763661921024323,0.685869574546814
2.1326966285705566,-0.06182138994336128,0.6676382422447205,0.030482962727546692,-0.04189283028244972,-0.5097384452819824,-0.8587679862976074,-0.5828125476837158,-0.06,-0.25186407566070557,0.5422900915145874,0.0030413668137043715,-0.06814040243625641,-0.2687452733516693,-0.04737483710050583,-0.38704913854599,0.6000828742980957,-0.009492888115346432,-0.43382012844085693,0.8179477453231812,-1.9538878202438354,0.03,-0.09659688174724579,-0.12143134325742722,0.8091474771499634,-0.1579955667257309,-0.15963655710220337,0.7579777836799622
2.1315295696258545,-0.06130142882466316,0.6666638851165771,0.0300541240721941,-0.040122296661138535,-0.5134618282318115,-0.8566468358039856,-0.5853980183601379,-0.06,-0.2589699625968933,0.5534032583236694,0.005029267631471157,-0.0716642513871193,-0.2671109735965729,-0.05203365162014961,-0.3942229151725769,0.610160768032074,-0.006436423398554325,-0.4402555227279663,0.7908431887626648,-1.9745643138885498,0.03,-0.14962057769298553,-0.06280697882175446,0.7568967938423157,-0.18588495254516602,-0.12807565927505493,0.8086835145950317
2.1303930282592773,-0.06099708378314972,0.6657578349113464,0.029380643740296364,-0.03811877220869064,-0.5170450210571289,-0.8546040058135986,-0.586739182472229,-0.06,-0.2655368745326996,0.5631006956100464,0.006790109910070896,-0.07439006865024567,-0.2647462487220764,-0.056549347937107086,-0.4013516306877136,0.6196133494377136,-0.0036706668324768543,-0.4461866319179535,0.7601982951164246,-1.9799822568893433,0.03,-0.20255020260810852,-0.003060142742469907,0.6961153149604797,-0.21732500195503235,-0.10493749380111694,0.8377636075019836
2.1292455196380615,-0.06092677265405655,0.6649260520935059,0.028373342007398605,-0.03616964817047119,-0.5205153822898865,-0.8526138663291931,-0.5868605971336365,-0.06,-0.2714026868343353,0.570466935634613,0.008419527672231197,-0.0757073163986206,-0.2625485956668854,-0.061578813940286636,-0.40814852714538574,0.6291083097457886,-0.0011704708449542522,-0.45181208848953247,0.7264132499694824,-1.9687260389328003,0.03,-0.24975238740444183,0.05736725777387619,0.6243456602096558,-0.2500637173652649,-0.09242665767669678,0.8476917147636414
2.12807297706604,-0.061013054102659225,0.66417396068573,0.026774216443300247,-0.0343874953687191,-0.5239431858062744,-0.8506373763084412,-0.585140585899353,-0.06,-0.27622705698013306,0.5747814774513245,0.010107881389558315,-0.07535669207572937,-0.2606315314769745,-0.06799107789993286,-0.4144717752933502,0.6393072605133057,0.0013113681925460696,-0.4575352072715759,0.6899034380912781,-1.9401782751083374,0.03,-0.28643548488616943,0.11816981434822083,0.5409362316131592,-0.28038591146469116,-0.09291476756334305,0.8411692976951599
2.1269078254699707,-0.06115003302693367,0.6635092496871948,0.024357233196496964,-0.032664623111486435,-0.5274285674095154,-0.8486217260360718,-0.5808296799659729,-0.06,-0.27989694476127625,0.575935423374176,0.011965821497142315,-0.07349099218845367,-0.2582625448703766,-0.07621163129806519,-0.4205472469329834,0.65028977394104,0.004000306129455566,-0.463650643825531,0.6507114768028259,-1.8936036825180054,0.03,-0.30912140011787415,0.17828524112701416,0.4465031325817108,-0.30420833826065063,-0.10764655470848083,0.8187731504440308
2.125833749771118,-0.061286911368370056,0.662888765335083,0.021136412397027016,-0.030865490436553955,-0.5311141610145569,-0.8464739322662354,-0.5741323232650757,-0.06,-0.2820567488670349,0.5748423337936401,0.014129262417554855,-0.07066929340362549,-0.2548374831676483,-0.0860406830906868,-0.42690274119377136,0.6620230674743652,0.0069135199300944805,-0.47043147683143616,0.607819139957428,-1.8285865783691406,0.03,-0.3150874972343445,0.23681943118572235,0.34107762575149536,-0.3185211718082428,-0.13413864374160767,0.7804062366485596
2.124939203262329,-0.061407070606946945,0.6622108817100525,0.01715705171227455,-0.02898431196808815,-0.5348025560379028,-0.8443053960800171,-0.5658481121063232,-0.06,-0.2820866107940674,0.5730817317962646,0.016765054315328598,-0.06779055297374725,-0.25073760747909546,-0.09731997549533844,-0.4330524504184723,0.6752933263778687,0.009906446561217308,-0.47836336493492126,0.5599775910377502,-1.744558334350586,0.03,-0.3015846312046051,0.29307886958122253,0.22199180722236633,-0.3207646608352661,-0.16474078595638275,0.727286159992218
2.1242587566375732,-0.06149033457040787,0.6614359617233276,0.012496826238930225,-0.027182267978787422,-0.5377143621444702,-0.8425960540771484,-0.5566844940185547,-0.06,-0.27879440784454346,0.5717313289642334,0.019904203712940216,-0.06585830450057983,-0.24717143177986145,-0.1097569614648819,-0.43689751625061035,0.6906419992446899,0.012845544144511223,-0.4873957633972168,0.5074676275253296,-1.6432465314865112,0.03,-0.2678512632846832,0.34982138872146606,0.08538834005594254,-0.30746299028396606,-0.1918175220489502,0.6627367734909058
2.123772144317627,-0.06145401671528816,0.6605629324913025,0.007407916244119406,-0.025565220043063164,-0.5389728546142578,-0.8419024348258972,-0.5475446581840515,-0.06,-0.27140292525291443,0.5721973776817322,0.02340862900018692,-0.06608379632234573,-0.2451787292957306,-0.12258908897638321,-0.43626442551612854,0.7078141570091248,0.015508563257753849,-0.49711692333221436,0.45251035690307617,-1.5295188426971436,0.03,-0.21755903959274292,0.41289234161376953,-0.06918835639953613,-0.27483299374580383,-0.21314522624015808,0.5904603004455566
2.1234993934631348,-0.06109464541077614,0.6595433354377747,0.002258229535073042,-0.023900289088487625,-0.5380783677101135,-0.8425528407096863,-0.539483904838562,-0.06,-0.2599065899848938,0.5771832466125488,0.027134058997035027,-0.07040779292583466,-0.24449323117733002,-0.134524866938591,-0.43024513125419617,0.7260231971740723,0.017875317484140396,-0.5070948600769043,0.3981626033782959,-1.4080533981323242,0.03,-0.15835998952388763,0.4851633906364441,-0.2366795837879181,-0.22158914804458618,-0.23111502826213837,0.5135353803634644
2.1234865188598633,-0.06020485237240791,0.6581970453262329,-0.0024125012569129467,-0.021950505673885345,-0.535004734992981,-0.8445603847503662,-0.534541130065918,-0.06,-0.24503760039806366,0.5908128619194031,0.030841462314128876,-0.0811534970998764,-0.2450249195098877,-0.1442728489637375,-0.4189702868461609,0.7454246878623962,0.0200791135430336,-0.5177942514419556,0.34695887565612793,-1.2822932004928589,0.03501341491937637,-0.09886889904737473,0.563640832901001,-0.41017216444015503,-0.15188077092170715,-0.24651311337947845,0.4368396997451782
2.1237189769744873,-0.05869070068001747,0.6563248634338379,-0.0060592093504965305,-0.019875576719641685,-0.530319333076477,-0.8475433588027954,-0.5347896814346313,-0.06,-0.22901542484760284,0.615253210067749,0.03428883105516434,-0.09907214343547821,-0.2476942241191864,-0.1515357345342636,-0.40393736958503723,0.767175555229187,0.02152041159570217,-0.5298608541488647,0.2998772859573364,-1.15543532371521,0.07303418219089508,-0.046803068369627,0.642287015914917,-0.5854439735412598,-0.07541633397340775,-0.2563267648220062,0.37117016315460205
2.1241283416748047,-0.05650383234024048,0.6538490653038025,-0.008513472974300385,-0.017945853993296623,-0.5246686339378357,-0.8510746955871582,-0.5404474139213562,-0.06,-0.2133164256811142,0.6492509841918945,0.03763755410909653,-0.12303705513477325,-0.25297704339027405,-0.15705232322216034,-0.38744619488716125,0.7920399308204651,0.020290419459342957,-0.5441354513168335,0.25776389241218567,-1.0303497314453125,0.10813747346401215,-0.00783343892544508,0.7168344855308533,-0.7597194314002991,-0.03,-0.25636744499206543,0.3277502655982971
2.124628782272339,-0.05360475555062294,0.6508379578590393,-0.010218954645097256,-0.016366977244615555,-0.5184617042541504,-0.8548830151557922,-0.5495222210884094,-0.06,-0.19753076136112213,0.6891412734985352,0.04127943143248558,-0.15103675425052643,-0.2606038749217987,-0.16238225996494293,-0.37040212750434875,0.820256769657135,0.01627444475889206,-0.5606516003608704,0.22165735065937042,-0.9099908471107483,0.13811266422271729,0.01676647737622261,0.7871943116188049,-0.930034339427948,-0.03,-0.24157780408859253,0.3099999725818634
2.1252310276031494,-0.04999563843011856,0.6473848819732666,-0.011761197820305824,-0.015153947286307812,-0.5118368268013,-0.8588683605194092,-0.5596233606338501,-0.06,-0.18037152290344238,0.7317911982536316,0.04572311043739319,-0.18169769644737244,-0.2698652148246765,-0.16827812790870667,-0.35136857628822327,0.8517552614212036,0.01287104282528162,-0.5811139941215515,0.19212529063224792,-0.7971473932266235,0.16167226433753967,0.029501138255000114,0.8542607426643372,-1.0935347080230713,-0.03,-0.20736278593540192,0.31344330310821533
2.125978469848633,-0.04579825699329376,0.6435292959213257,-0.013542084023356438,-0.014371547847986221,-0.5049265027046204,-0.86293625831604,-0.5695188045501709,-0.06,-0.1616228073835373,0.7752545475959778,0.05089433863759041,-0.2139538824558258,-0.28005337715148926,-0.17493225634098053,-0.32964181900024414,0.8847837448120117,0.01204975601285696,-0.5900000000000001,0.16836825013160706,-0.6938914060592651,0.17909668385982513,0.03501805663108826,0.9182295203208923,-1.2484604120254517,-0.03,-0.15185761451721191,0.3298655152320862
2.126908779144287,-0.041264500468969345,0.6393637657165527,-0.015669608488678932,-0.014135507866740227,-0.4981144666671753,-0.8668544292449951,-0.5788012742996216,-0.06,-0.1420673131942749,0.8177494406700134,0.05645833909511566,-0.24641697108745575,-0.29136157035827637,-0.18313607573509216,-0.3076922595500946,0.9199144244194031,0.010497620329260826,-0.5900000000000001,0.14823827147483826,-0.6019814610481262,0.19189049303531647,0.03723200410604477,0.9800268411636353,-1.3933273553848267,-0.03,-0.0778651013970375,0.35000601410865784
2.128141403198242,-0.03669436275959015,0.635159432888031,-0.01776699535548687,-0.014153862372040749,-0.49246951937675476,-0.8700331449508667,-0.5870742797851562,-0.06,-0.12480350583791733,0.8575824499130249,0.061705462634563446,-0.27742648124694824,-0.3059892952442169,-0.19307206571102142,-0.28759264945983887,0.9622570276260376,0.007833593524992466,-0.5900000000000001,0.12825657427310944,-0.5218895077705383,0.20158201456069946,0.0360034741461277,1.0392305850982666,-1.5263731479644775,-0.03,0.007666370831429958,0.36772215366363525
2.1297922134399414,-0.03227170556783676,0.6311541795730591,-0.01936175487935543,-0.013630513101816177,-0.4887857139110565,-0.8720824718475342,-0.5937185287475586,-0.06,-0.1126650869846344,0.8947598934173584,0.06586672365665436,-0.3065362572669983,-0.3226447105407715,-0.20288333296775818,-0.2710963487625122,1.0121501684188843,0.007400065194815397,-0.5900000000000001,0.10717619955539703,-0.4522709250450134,0.20788930356502533,0.028520414605736732,1.0932106971740723,-1.644727349281311,-0.03,0.098259337246418,0.37798330187797546
2.131757974624634,-0.028105616569519043,0.6273600459098816,-0.020309587940573692,-0.01242124941200018,-0.48678815364837646,-0.8731955289840698,-0.599190354347229,-0.06,-0.10543845593929291,0.929953932762146,0.06889786571264267,-0.33392056822776794,-0.3384891450405121,-0.21113133430480957,-0.25881731510162354,1.064232349395752,0.009082142263650894,-0.5900000000000001,0.08656980842351913,-0.3904472589492798,0.20970235764980316,0.01575588434934616,1.137342095375061,-1.7471071481704712,-0.03,0.18885326385498047,0.3777342736721039
2.1338651180267334,-0.024243080988526344,0.6237221360206604,-0.02099592611193657,-0.011060724034905434,-0.48554688692092896,-0.873888373374939,-0.6038856506347656,-0.06,-0.10051026195287704,0.9627531170845032,0.07122736424207687,-0.3595197796821594,-0.35087141394615173,-0.21769343316555023,-0.24997195601463318,1.1105607748031616,0.012585778720676899,-0.5900000000000001,0.06671009957790375,-0.33426201343536377,0.20784598588943481,0.0021910700015723705,1.170597791671753,-1.8343409299850464,-0.03,0.27620866894721985,0.3692420423030853
2.1358492374420166,-0.020620940253138542,0.6202702522277832,-0.022025661543011665,-0.009954709559679031,-0.48474621772766113,-0.8743207454681396,-0.6071937680244446,-0.06,-0.09586808830499649,0.9917469024658203,0.07357735931873322,-0.3826010525226593,-0.3581831157207489,-0.2235690802335739,-0.24416972696781158,1.1471843719482422,0.02138230949640274,-0.5900000000000001,0.04778240993618965,-0.2832598388195038,0.2027931660413742,-0.01017762441188097,1.193422794342041,-1.907516360282898,-0.03,0.3605059087276459,0.35562050342559814
2.1375794410705566,-0.01719406060874462,0.617011547088623,-0.023733314126729965,-0.009451563470065594,-0.4844491183757782,-0.8744463324546814,-0.6091230511665344,-0.06,-0.09079643338918686,1.0162651538848877,0.07632388919591904,-0.40265947580337524,-0.3598117530345917,-0.23023919761180878,-0.24300427734851837,1.1722097396850586,0.03790535032749176,-0.5900000000000001,0.028863394632935524,-0.23772065341472626,0.19546714425086975,-0.019794922322034836,1.2069215774536133,-1.969802975654602,-0.03,0.44065651297569275,0.3421390950679779
2.1391139030456543,-0.013941740617156029,0.6140646934509277,-0.02599583938717842,-0.0096493661403656,-0.48471856117248535,-0.8742304444313049,-0.6097991466522217,-0.06,-0.08566241711378098,1.0359724760055542,0.07926628738641739,-0.4195100963115692,-0.3563809394836426,-0.23854196071624756,-0.2490537464618683,1.185572624206543,0.061904892325401306,-0.5900000000000001,0.008693604730069637,-0.1971014142036438,0.18769484758377075,-0.02634088322520256,1.2121838331222534,-2.025099277496338,-0.03,0.5150620341300964,0.33079200983047485
2.14058780670166,-0.01093185506761074,0.6116275191307068,-0.02840030938386917,-0.01052827201783657,-0.4853414297103882,-0.8737998008728027,-0.6095011234283447,-0.06,-0.0810120701789856,1.0505650043487549,0.08190754055976868,-0.4330984652042389,-0.3493538200855255,-0.24750861525535583,-0.26015153527259827,1.190364956855774,0.08326107263565063,-0.5900000000000001,-0.01328598614782095,-0.1601659059524536,0.18137672543525696,-0.029728861525654793,1.2110120058059692,-2.0764284133911133,-0.03,0.5808599591255188,0.32029202580451965
2.1421008110046387,-0.008159428834915161,0.6098783016204834,-0.03048555925488472,-0.011700822040438652,-0.4863935708999634,-0.8731294870376587,-0.6080372929573059,-0.06,-0.07795155048370361,1.0601732730865479,0.08392945677042007,-0.44355493783950806,-0.34061819314956665,-0.2558211386203766,-0.2723665237426758,1.1917389631271362,0.0943702682852745,-0.5900000000000001,-0.036966800689697266,-0.12548145651817322,0.17744608223438263,-0.031153760850429535,1.2037513256072998,-2.1249890327453613,-0.03,0.6363041400909424,0.3053039610385895
2.143857002258301,-0.0055719842202961445,0.608944296836853,-0.03226321563124657,-0.012686661444604397,-0.48839718103408813,-0.8719324469566345,-0.6041848659515381,-0.06,-0.07796963304281235,1.064623236656189,0.0848441794514656,-0.4509454071521759,-0.3325343132019043,-0.2631140351295471,-0.2795884609222412,1.1947513818740845,0.09270546585321426,-0.5900000000000001,-0.06434691697359085,-0.09158971905708313,0.17607145011425018,-0.030074751004576683,1.1896553039550781,-2.171330451965332,-0.03,0.6780490279197693,0.2883387804031372
2.1459500789642334,-0.003040984272956848,0.6088795065879822,-0.03388577699661255,-0.013061212375760078,-0.4912724196910858,-0.8702484965324402,-0.5965957641601562,-0.06,-0.08086661249399185,1.0639188289642334,0.08462000638246536,-0.45576316118240356,-0.32660970091819763,-0.26824766397476196,-0.28220832347869873,1.2032849788665771,0.09890231490135193,-0.5900000000000001,-0.09518954157829285,-0.058093998581171036,0.17701081931591034,-0.02644789032638073,1.1688796281814575,-2.2152652740478516,-0.03,0.7041972875595093,0.2709348201751709
2.1484923362731934,-0.0005331477150321007,0.6098135709762573,-0.03535730019211769,-0.01258857548236847,-0.4942169189453125,-0.8685279488563538,-0.5842481255531311,-0.06,-0.08537781983613968,1.0575956106185913,0.08298756927251816,-0.4584586024284363,-0.3250110447406769,-0.2706887722015381,-0.27830320596694946,1.2194794416427612,0.11617295444011688,-0.5900000000000001,-0.12722483277320862,-0.025872917845845222,0.18087628483772278,-0.021328503265976906,1.1441763639450073,-2.2559361457824707,-0.03,0.712247908115387,0.25396913290023804
2.151552677154541,0.0018793803174048662,0.6118324398994446,-0.03675013780593872,-0.010881242342293262,-0.49602875113487244,-0.8674597144126892,-0.5660030841827393,-0.06,-0.0893714502453804,1.0453664064407349,0.07967812567949295,-0.4595937430858612,-0.3292902708053589,-0.27067553997039795,-0.2647034525871277,1.246716856956482,0.13291966915130615,-0.5900000000000001,-0.15696759521961212,0.004052573349326849,0.18897858262062073,-0.01659899577498436,1.1190522909164429,-2.287154197692871,-0.03,0.7052875757217407,0.24098409712314606
2.1548619270324707,0.0038222179282456636,0.6146516799926758,-0.03802637755870819,-0.008559100329875946,-0.496242493391037,-0.8673085570335388,-0.544456422328949,-0.06,-0.09152756631374359,1.0281438827514648,0.07498746365308762,-0.4588179886341095,-0.34391888976097107,-0.26825588941574097,-0.23893477022647858,1.2850478887557983,0.15074411034584045,-0.5900000000000001,-0.1829424947500229,0.030393892899155617,0.20272287726402283,-0.010042320936918259,1.0900216102600098,-2.29982590675354,-0.03,0.694068193435669,0.24215228855609894
2.1584463119506836,0.005218671169131994,0.6182130575180054,-0.03899763524532318,-0.008196435868740082,-0.4959404468536377,-0.8674415946006775,-0.5241489410400391,-0.06,-0.09361722320318222,1.003749966621399,0.06899427622556686,-0.4534270465373993,-0.3737545609474182,-0.26507270336151123,-0.20094409584999084,1.330644130706787,0.1639118492603302,-0.5900000000000001,-0.21131545305252075,0.05529108643531799,0.2227618396282196,0.001828701002523303,1.0502532720565796,-2.310063362121582,-0.03,0.6548285484313965,0.2368747591972351
2.1625211238861084,0.006389237008988857,0.6228640079498291,-0.04078902304172516,-0.008422019891440868,-0.49626147747039795,-0.867173433303833,-0.4987031817436218,-0.06,-0.09639812260866165,0.9685359597206116,0.06218281388282776,-0.44233912229537964,-0.4117395281791687,-0.26314303278923035,-0.1552630066871643,1.377586841583252,0.17558912932872772,-0.5900000000000001,-0.24539653956890106,0.08574702590703964,0.2477102130651474,0.02117403969168663,0.9966042041778564,-2.310818910598755,-0.03,0.5917880535125732,0.22204791009426117
2.1670446395874023,0.0072573330253362656,0.6285194754600525,-0.043199047446250916,-0.008944143541157246,-0.49841997027397156,-0.8658124804496765,-0.4683440625667572,-0.06,-0.10287471860647202,0.9225447773933411,0.05409605801105499,-0.4247901141643524,-0.4533023238182068,-0.26348361372947693,-0.1069658175110817,1.4108635187149048,0.18474379181861877,-0.5798435211181641,-0.2863813638687134,0.1191498264670372,0.2766634523868561,0.04649278521537781,0.9347454309463501,-2.299813985824585,-0.03,0.5156775116920471,0.20528490841388702
2.1719589233398438,0.007673843763768673,0.6346428990364075,-0.04510849714279175,-0.009377513080835342,-0.5027292966842651,-0.8632152080535889,-0.4368576109409332,-0.06,-0.11481672525405884,0.8711451888084412,0.045390784740448,-0.40272703766822815,-0.49347859621047974,-0.26344549655914307,-0.060574404895305634,1.4199624061584473,0.18311668932437897,-0.5669628977775574,-0.33331263065338135,0.1539640873670578,0.3083136975765228,0.08056657016277313,0.865398645401001,-2.2722151279449463,-0.03,0.4357829689979553,0.18542206287384033
2.177300214767456,0.007491358555853367,0.6405829191207886,-0.04592179134488106,-0.009912828914821148,-0.5083622336387634,-0.859860897064209,-0.4083174765110016,-0.06,-0.13151006400585175,0.8201950788497925,0.03521949425339699,-0.3793131113052368,-0.5313896536827087,-0.2607942223548889,-0.015398730523884296,1.404136061668396,0.1676628589630127,-0.5595911741256714,-0.3855084180831909,0.19311653077602386,0.3395204544067383,0.13137942552566528,0.7846836447715759,-2.2279932498931885,-0.03,0.3530442714691162,0.16600441932678223
2.1831750869750977,0.006850271485745907,0.6458672881126404,-0.04533780738711357,-0.010099727660417557,-0.514751136302948,-0.8560804128646851,-0.384553998708725,-0.06,-0.1520204246044159,0.7752434015274048,0.023526862263679504,-0.35842955112457275,-0.5615919232368469,-0.2546752095222473,0.02492455020546913,1.361982822418213,0.14321571588516235,-0.5476217865943909,-0.4413076639175415,0.23940826952457428,0.36572933197021484,0.20184394717216492,0.6900972723960876,-2.168247938156128,-0.03,0.26895204186439514,0.14147576689720154
2.1897518634796143,0.006068887189030647,0.6501554250717163,-0.043571557849645615,-0.009057695046067238,-0.5219766497612,-0.8517979979515076,-0.3654513359069824,-0.06,-0.1762923300266266,0.7410767674446106,0.010394437238574028,-0.3432534337043762,-0.5733984708786011,-0.24574795365333557,0.05247890576720238,1.2927615642547607,0.11933396011590958,-0.5329563021659851,-0.49937713146209717,0.29373207688331604,0.38185128569602966,0.28749343752861023,0.5768399238586426,-2.094970703125,-0.03,0.1886463761329651,0.1049942746758461
2.1969661712646484,0.005343093536794186,0.6532062292098999,-0.041076596826314926,-0.007053329609334469,-0.529895007610321,-0.8470383882522583,-0.35197409987449646,-0.06,-0.2034650444984436,0.7200876474380493,-0.0033789065200835466,-0.3353085517883301,-0.5602905750274658,-0.23520195484161377,0.06072506681084633,1.1955012083053589,0.09853412955999374,-0.5201579332351685,-0.5562872886657715,0.35175538063049316,0.38446739315986633,0.3744039237499237,0.4417969286441803,-2.0149078369140625,-0.03,0.12169425189495087,0.054386552423238754
2.204483985900879,0.004644979257136583,0.6549307703971863,-0.03852338343858719,-0.005606494843959808,-0.5374392867088318,-0.8424034118652344,-0.3453220725059509,-0.06,-0.23061110079288483,0.7104042172431946,-0.01758251152932644,-0.3334548771381378,-0.526820957660675,-0.22307631373405457,0.05122240632772446,1.0760563611984253,0.07896345853805542,-0.5016834735870361,-0.6067086458206177,0.4052056074142456,0.372969388961792,0.44670557975769043,0.29359498620033264,-1.936011552810669,-0.03,0.07334079593420029,-0.011155998334288597
2.21195125579834,0.0038404343649744987,0.6554777026176453,-0.03671439364552498,-0.0062420908361673355,-0.5435076951980591,-0.8385775089263916,-0.34484991431236267,-0.06,-0.254277765750885,0.7068738341331482,-0.03185858204960823,-0.3348645269870758,-0.4847382605075836,-0.209193617105484,0.03165276721119881,0.9487841129302979,0.06114984676241875,-0.4777034521102905,-0.6480132341384888,0.4521644711494446,0.3507862985134125,0.4986269474029541,0.14944371581077576,-1.8625718355178833,-0.03,0.041302554309368134,-0.0905240923166275
2.2193641662597656,0.0029062642715871334,0.6557211875915527,-0.03538278490304947,-0.008104175329208374,-0.5475064516067505,-0.836013674736023,-0.3459160625934601,-0.06,-0.27212396264076233,0.7031655311584473,-0.04468622803688049,-0.3365705609321594,-0.4420315623283386,-0.1950189769268036,0.010188473388552666,0.8449617624282837,0.06861087679862976,-0.4021805226802826,-0.6808198094367981,0.5016970634460449,0.3220042884349823,0.5319247245788574,0.018051695078611374,-1.7909051179885864,-0.03,0.016719361767172813,-0.14999999999999997
2.2273221015930176,0.002052255440503359,0.6591454148292542,-0.030467526987195015,-0.006108880043029785,-0.5510450601577759,-0.8338966369628906,-0.3353557288646698,-0.06,-0.2848997414112091,0.6797494292259216,-0.05410619080066681,-0.32958483695983887,-0.4105515480041504,-0.17332026362419128,-0.011861051432788372,0.8072746396064758,0.09134481102228165,-0.3922979235649109,-0.7107940316200256,0.5644157528877258,0.29067716002464294,0.5509399175643921,-0.09492281079292297,-1.7047033309936523,-0.03,-0.01827208139002323,-0.14999999999999997
2.2345504760742188,0.0012787010055035353,0.6642752289772034,-0.023537836968898773,-0.004080082755535841,-0.5524275302886963,-0.833218514919281,-0.3202025890350342,-0.05750712752342224,-0.2874709665775299,0.6404629945755005,-0.06194610893726349,-0.31403249502182007,-0.37251007556915283,-0.1500055342912674,-0.05511077120900154,0.746645987033844,0.059994690120220184,-0.3681379556655884,-0.7343554496765137,0.6336426138877869,0.25545617938041687,0.5630372762680054,-0.14999999999999997,-1.615286946296692,-0.03,-0.06678605824708939,-0.14999999999999997
2.2407004833221436,0.000308844493702054,0.6704619526863098,-0.015308446250855923,-0.0038575923535972834,-0.5525676608085632,-0.8333185315132141,-0.30345767736434937,-0.025684792548418045,-0.28411608934402466,0.5844622850418091,-0.07051528245210648,-0.2876925468444824,-0.3360622823238373,-0.12250825762748718,-0.08551865071058273,0.6714457273483276,0.0457843653857708,-0.33388012647628784,-0.7540207505226135,0.7038050889968872,0.21658749878406525,0.571190357208252,-0.14999999999999997,-1.5268827676773071,-0.03,-0.12434335798025131,-0.14999999999999997
2.2455928325653076,-0.0006177414325065911,0.676602840423584,-0.007789249066263437,-0.005416092462837696,-0.5524216294288635,-0.8335107564926147,-0.28331121802330017,0.002214984968304634,-0.27722111344337463,0.5165628790855408,-0.08137780427932739,-0.25372540950775146,-0.3020850419998169,-0.09818752855062485,-0.11013571172952652,0.590142548084259,0.03396094590425491,-0.29488125443458557,-0.7723081707954407,0.7696362137794495,0.18025462329387665,0.5754201412200928,-0.14999999999999997,-1.4461477994918823,-0.03,-0.17985619604587555,-0.14999999999999997
2.2495405673980713,-0.0014015651540830731,0.6818423867225647,-0.0016365326009690762,-0.008041882887482643,-0.5525245070457458,-0.8334561586380005,-0.2624779939651489,0.0248323455452919,-0.2721966803073883,0.44712528586387634,-0.09560762345790863,-0.21767447888851166,-0.2721446752548218,-0.07839788496494293,-0.12944316864013672,0.5127072930335999,0.024509422481060028,-0.25706538558006287,-0.7902345657348633,0.8309148550033569,0.15059006214141846,0.5784223079681396,-0.14999999999999997,-1.371244192123413,-0.03,-0.227459117770195,-0.14999999999999997
2.2527453899383545,-0.0019404450431466103,0.6859456896781921,0.0034764979500323534,-0.01133813802152872,-0.5528178811073303,-0.8332176208496094,-0.24414169788360596,0.04277399927377701,-0.2696908116340637,0.38399800658226013,-0.10610342770814896,-0.18663528561592102,-0.24761076271533966,-0.06256713718175888,-0.1440582275390625,0.4440521001815796,0.017418697476387024,-0.2233264148235321,-0.8060232400894165,0.8942331671714783,0.11943988502025604,0.5783159732818604,-0.14999999999999997,-1.302943229675293,-0.03,-0.26492998003959656,-0.14999999999999997
2.255289316177368,-0.002241677138954401,0.6890618205070496,0.00741333793848753,-0.014874851331114769,-0.5524469614028931,-0.8333823680877686,-0.22638894617557526,0.056725725531578064,-0.264988511800766,0.3256840705871582,-0.11644859611988068,-0.15867979824543,-0.2283790111541748,-0.05038968101143837,-0.15296600759029388,0.3856630325317383,0.012264029122889042,-0.1942405253648758,-0.8162606358528137,0.9565601348876953,0.08920767158269882,0.5716503262519836,-0.14999999999999997,-1.2426689863204956,-0.03,-0.2903347611427307,-0.14999999999999997
2.2571167945861816,-0.0023054711055010557,0.6913150548934937,0.00990338996052742,-0.018598778173327446,-0.5513535737991333,-0.8340054750442505,-0.20854631066322327,0.06650108844041824,-0.2564285397529602,0.29000000000000004,-0.12549978494644165,-0.13302168250083923,-0.21582257747650146,-0.0430598184466362,-0.15620918571949005,0.34138768911361694,0.008951845578849316,-0.171662375330925,-0.821036159992218,1.01320219039917,0.06119738891720772,0.5606083869934082,-0.14999999999999997,-1.1900449991226196,-0.03,-0.301349937915802,-0.14999999999999997
2.2584125995635986,-0.0020421333611011505,0.6928893327713013,0.010975928045809269,-0.02170613780617714,-0.5505093932151794,-0.8344745635986328,-0.19076672196388245,0.07229097187519073,-0.24597369134426117,0.29000000000000004,-0.13239192962646484,-0.1102101281285286,-0.20714111626148224,-0.040021322667598724,-0.15758593380451202,0.3110220432281494,0.007223849184811115,-0.15653201937675476,-0.8241930603981018,1.0624066591262817,0.03843222185969353,0.5503790974617004,-0.14999999999999997,-1.1423507928848267,-0.03,-0.2993317246437073,-0.14999999999999997
2.2593023777008057,-0.001421042950823903,0.6940033435821533,0.010907003656029701,-0.023764686658978462,-0.5500915050506592,-0.8346948027610779,-0.17320583760738373,0.07396868616342545,-0.2337855100631714,0.29000000000000004,-0.13701210916042328,-0.09180497378110886,-0.1997329294681549,-0.039904072880744934,-0.1587866246700287,0.29115596413612366,0.006726861000061035,-0.1474667340517044,-0.8265238404273987,1.1029949188232422,0.03,0.5416987538337708,-0.14999999999999997,-1.0987064838409424,-0.03,-0.2871587574481964,-0.14999999999999997
2.259793281555176,-0.0005201115272939205,0.6948453783988953,0.010008683428168297,-0.024991074576973915,-0.5497421622276306,-0.8349003791809082,-0.15641473233699799,0.07216782122850418,-0.219508096575737,0.29000000000000004,-0.1397869884967804,-0.076766237616539,-0.19304786622524261,-0.04186616092920303,-0.15943998098373413,0.2784227132797241,0.007247283589094877,-0.14237698912620544,-0.8265560865402222,1.133676528930664,0.03,0.5316228270530701,-0.14999999999999997,-1.05936861038208,-0.03,-0.2657485604286194,-0.14999999999999997
2.2598934173583984,0.0005619492148980498,0.6954770684242249,0.008591007441282272,-0.02567768655717373,-0.5493406653404236,-0.8351596593856812,-0.14157678186893463,0.06786365807056427,-0.2051531821489334,0.29000000000000004,-0.14168231189250946,-0.06468459963798523,-0.18761931359767914,-0.04540794715285301,-0.15926453471183777,0.271496444940567,0.008648431859910488,-0.14026936888694763,-0.8230973482131958,1.1522047519683838,0.03,0.5174975991249084,-0.14999999999999997,-1.024661660194397,-0.03,-0.2341323047876358,-0.14999999999999997
2.25962495803833,0.0017183119198307395,0.6958844065666199,0.006809548940509558,-0.026133261620998383,-0.5491031408309937,-0.8353180289268494,-0.1309206187725067,0.06245182827115059,-0.1944379210472107,0.29000000000000004,-0.14309437572956085,-0.05620603635907173,-0.1848142445087433,-0.050626352429389954,-0.15840807557106018,0.27137139439582825,0.010757209733128548,-0.1415293961763382,-0.8152850270271301,1.1532893180847168,0.03142845258116722,0.49741536378860474,-0.14999999999999997,-0.9949309825897217,-0.03,-0.18969491124153137,-0.14999999999999997
2.2589972019195557,0.002824814058840275,0.6960532665252686,0.004643165040761232,-0.026717374101281166,-0.5491011142730713,-0.8353157639503479,-0.1247316226363182,0.0562857985496521,-0.18996547162532806,0.29000000000000004,-0.14101986587047577,-0.05024637281894684,-0.18629592657089233,-0.058004532009363174,-0.1564071923494339,0.2795575261116028,0.013525865972042084,-0.14669355750083923,-0.8024905323982239,1.1326472759246826,0.054504409432411194,0.4709830582141876,-0.14999999999999997,-0.9702631831169128,-0.03,-0.1304442435503006,-0.14999999999999997
2.2580714225769043,0.003743591485545039,0.6959651708602905,0.0022246092557907104,-0.02760450355708599,-0.5489294528961182,-0.8354097604751587,-0.12245924025774002,0.0481351874768734,-0.18788063526153564,0.29000000000000004,-0.13332928717136383,-0.04624258726835251,-0.19285954535007477,-0.06706579029560089,-0.15205857157707214,0.2956487834453583,0.016663437709212303,-0.1551664173603058,-0.7841864824295044,1.091217041015625,0.08708258718252182,0.43994957208633423,-0.14999999999999997,-0.9502887725830078,-0.03,-0.05704319477081299,-0.14999999999999997
2.2569282054901123,0.004393432755023241,0.6955887675285339,-0.00035095561179332435,-0.028600193560123444,-0.5482192635536194,-0.8358453512191772,-0.12362976372241974,0.0385383777320385,-0.18565279245376587,0.29000000000000004,-0.12026428431272507,-0.04492558166384697,-0.20385515689849854,-0.07688795775175095,-0.14468657970428467,0.3181982934474945,0.019917462021112442,-0.16602823138237,-0.7605464458465576,1.0332697629928589,0.12664179503917694,0.40522581338882446,-0.14999999999999997,-0.9341273307800293,-0.03,0.030002526938915253,-0.14999999999999997
2.255619764328003,0.0048240008763968945,0.6948858499526978,-0.0033978524152189493,-0.02927464060485363,-0.5467277765274048,-0.8367915153503418,-0.12621432542800903,0.02777124010026455,-0.18198895454406738,0.29000000000000004,-0.10267028212547302,-0.046752337366342545,-0.21795089542865753,-0.08729345351457596,-0.13393400609493256,0.34687337279319763,0.023275425657629967,-0.1792735755443573,-0.7317803502082825,0.9620028138160706,0.17232771217823029,0.36634546518325806,-0.14999999999999997,-0.9212295413017273,-0.03,0.12962906062602997,-0.14999999999999997
2.2541396617889404,0.0051475041545927525,0.6937300562858582,-0.007374881766736507,-0.02918759174644947,-0.5444579124450684,-0.8382475972175598,-0.1270677000284195,0.016295989975333214,-0.17609067261219025,0.29000000000000004,-0.08768138289451599,-0.05609234422445297,-0.23439930379390717,-0.09870390594005585,-0.11965107172727585,0.3832506239414215,0.026963865384459496,-0.19605186581611633,-0.6980947256088257,0.878468930721283,0.22505834698677063,0.32201921939849854,-0.14999999999999997,-0.9123594760894775,-0.03949085623025894,0.23666644096374512,-0.14999999999999997
2.2524118423461914,0.0054346127435564995,0.691973090171814,-0.01257714070379734,-0.028242669999599457,-0.5417512059211731,-0.8399699926376343,-0.12545005977153778,0.003557237097993493,-0.1683848351240158,0.29000000000000004,-0.07558165490627289,-0.06976490467786789,-0.25311070680618286,-0.111787348985672,-0.10215450823307037,0.42852306365966797,0.03139562904834747,-0.21722599864006042,-0.6604946255683899,0.7821540236473083,0.28396767377853394,0.27087199687957764,-0.14999999999999997,-0.9082610607147217,-0.04941504821181297,0.34272468090057373,-0.14999999999999997
2.250394344329834,0.0056510684080421925,0.6895206570625305,-0.01887444406747818,-0.02657204493880272,-0.5389691591262817,-0.8416945934295654,-0.12270744144916534,-0.010760107077658176,-0.15986691415309906,0.29000000000000004,-0.06391508877277374,-0.08847206085920334,-0.2737887501716614,-0.12634924054145813,-0.08213848620653152,0.4813411235809326,0.03658374026417732,-0.24217285215854645,-0.6197947263717651,0.6727227568626404,0.3450215756893158,0.21085225045681,-0.14999999999999997,-0.9083256125450134,-0.05651824176311493,0.43981143832206726,-0.14999999999999997
2.248025417327881,0.005618824157863855,0.6866433024406433,-0.02600972168147564,-0.025067923590540886,-0.5365383625030518,-0.8431023359298706,-0.12391125410795212,-0.027295244857668877,-0.1536269634962082,0.29000000000000004,-0.05965553596615791,-0.1105647161602974,-0.2971498966217041,-0.1426953673362732,-0.060143597424030304,0.5382744669914246,0.04246818274259567,-0.2677399814128876,-0.5769220590591431,0.5484864711761475,0.4005971848964691,0.13974641263484955,-0.14999999999999997,-0.9125234484672546,-0.061939116567373276,0.5229464173316956,-0.14999999999999997
2.245518684387207,0.005210187751799822,0.6839106678962708,-0.03388141840696335,-0.024331556633114815,-0.5343428254127502,-0.8442378640174866,-0.13400106132030487,-0.047259725630283356,-0.1492425501346588,0.29000000000000004,-0.05338209494948387,-0.13045115768909454,-0.3237447738647461,-0.16058023273944855,-0.036303892731666565,0.5966101288795471,0.047370824962854385,-0.2891029417514801,-0.5318637490272522,0.41056933999061584,0.4423012137413025,0.05977986007928848,-0.14999999999999997,-0.9186747074127197,-0.0664103552699089,0.5906614065170288,-0.0991034135222435
2.2432053089141846,0.004331895150244236,0.6804590821266174,-0.04117197543382645,-0.023590296506881714,-0.5317258238792419,-0.8455860614776611,-0.15161165595054626,-0.06,-0.14550717175006866,0.3047026991844177,-0.049434587359428406,-0.1566169112920761,-0.354695200920105,-0.17539414763450623,-0.009841766208410263,0.6588277816772461,0.050319574773311615,-0.31115782260894775,-0.4832691252231598,0.26291975378990173,0.4669245481491089,-0.024041250348091125,-0.10774403065443039,-0.9243758916854858,-0.0685344710946083,0.6413424611091614,-0.00953461043536663
2.2411394119262695,0.002967678476125002,0.6760866641998291,-0.04775618389248848,-0.023281650617718697,-0.52777498960495,-0.8477209806442261,-0.1764199286699295,-0.06,-0.13977937400341034,0.36903733015060425,-0.046429432928562164,-0.18826331198215485,-0.38889461755752563,-0.18603742122650146,0.02109358087182045,0.7199621200561523,0.0537986122071743,-0.3335839807987213,-0.42954128980636597,0.10859835147857666,0.4723651707172394,-0.10522668063640594,-0.01270328089594841,-0.9313929677009583,-0.06603164225816727,0.6759417653083801,0.09185668081045151
2.239351987838745,0.0010576529894024134,0.6706762909889221,-0.05346153303980827,-0.023835884407162666,-0.5226893424987793,-0.8505111932754517,-0.2082250714302063,-0.06,-0.13241946697235107,0.4411916732788086,-0.04457880184054375,-0.22351300716400146,-0.42513689398765564,-0.19198448956012726,0.05661289766430855,0.7767178416252136,0.06463237851858139,-0.35823768377304077,-0.3728385865688324,-0.0469505712389946,0.45928943157196045,-0.17654897272586823,0.09950672835111618,-0.9431898593902588,-0.05638691782951355,0.6974545121192932,0.2029104381799698
2.237917184829712,-0.0013809404335916042,0.6642492413520813,-0.058229587972164154,-0.025168323889374733,-0.5177346467971802,-0.8531861305236816,-0.24591243267059326,-0.06,-0.1262829750776291,0.5181710124015808,-0.04404311254620552,-0.26027318835258484,-0.4623468518257141,-0.19419711828231812,0.09180766344070435,0.8305878043174744,0.07427694648504257,-0.3905752897262573,-0.318275511264801,-0.19721432030200958,0.43076351284980774,-0.23435603082180023,0.22528329491615295,-0.9625275135040283,-0.03891923651099205,0.7101303339004517,0.3230307996273041
2.2370526790618896,-0.004016956314444542,0.6573630571365356,-0.061784666031599045,-0.025718895718455315,-0.514590322971344,-0.8548204898834229,-0.2841769754886627,-0.06,-0.12509669363498688,0.5948483347892761,-0.045141514390707016,-0.296110600233078,-0.502939760684967,-0.19325067102909088,0.12035428732633591,0.8929035067558289,0.07294248044490814,-0.4154692590236664,-0.2711469829082489,-0.33608877658843994,0.39180654287338257,-0.27977776527404785,0.35931405425071716,-0.9858244061470032,-0.03,0.7145414352416992,0.4473523497581482
2.2368111610412598,-0.006716830190271139,0.6498464345932007,-0.06438599526882172,-0.025258978828787804,-0.5132223963737488,-0.8554642200469971,-0.32273808121681213,-0.06,-0.1292376071214676,0.6729832887649536,-0.04801619052886963,-0.3324925899505615,-0.539724588394165,-0.1895688772201538,0.142811119556427,0.9551151394844055,0.0733669176697731,-0.4418906271457672,-0.23180696368217468,-0.46183058619499207,0.34762704372406006,-0.31553328037261963,0.49330005049705505,-1.0107508897781372,-0.03,0.7111504077911377,0.5692288279533386
2.23711895942688,-0.00939602218568325,0.641857922077179,-0.06583309173583984,-0.02390870451927185,-0.5135679244995117,-0.8551854491233826,-0.3612001836299896,-0.06,-0.13890524208545685,0.7510750889778137,-0.05240773782134056,-0.36851978302001953,-0.5724282264709473,-0.18332991003990173,0.15956342220306396,1.0161916017532349,0.07711970061063766,-0.46953803300857544,-0.19973893463611603,-0.5752640962600708,0.30105382204055786,-0.3449243903160095,0.6204185485839844,-1.0361385345458984,-0.03,0.701835572719574,0.6830812692642212
2.2378087043762207,-0.012001138180494308,0.6336201429367065,-0.06594674289226532,-0.02209816873073578,-0.5151898860931396,-0.8542492985725403,-0.39943358302116394,-0.06,-0.1534159779548645,0.8270166516304016,-0.05842588469386101,-0.4032164514064789,-0.602161169052124,-0.1751294881105423,0.17053768038749695,1.0748690366744995,0.08117900788784027,-0.4963327646255493,-0.17296607792377472,-0.677321195602417,0.25267672538757324,-0.36955899000167847,0.7365095019340515,-1.0618759393692017,-0.03,0.6890137791633606,0.7833351492881775
2.238823890686035,-0.014423677697777748,0.6252946853637695,-0.06503970175981522,-0.01991293393075466,-0.5173513889312744,-0.8530654907226562,-0.4362012445926666,-0.06,-0.17086198925971985,0.899610161781311,-0.06566818058490753,-0.43640217185020447,-0.6282567977905273,-0.1660633683204651,0.17554596066474915,1.1291996240615845,0.08197475224733353,-0.5223148465156555,-0.14928896725177765,-0.7663335800170898,0.20375315845012665,-0.3890683352947235,0.837456464767456,-1.087181806564331,-0.03,0.6749395728111267,0.8676537275314331
2.2402243614196777,-0.016537657007575035,0.6170732975006104,-0.06362497061491013,-0.017121316865086555,-0.5194562673568726,-0.8519529700279236,-0.4693154990673065,-0.06,-0.189355731010437,0.9676935076713562,-0.07359074801206589,-0.46825405955314636,-0.6501356959342957,-0.15639126300811768,0.1762390434741974,1.1796050071716309,0.08045731484889984,-0.5472010970115662,-0.12775206565856934,-0.8397393822669983,0.15766572952270508,-0.4025328457355499,0.9170569181442261,-1.1102885007858276,-0.03,0.6603574752807617,0.9365012049674988
2.241978168487549,-0.018305163830518723,0.6091549396514893,-0.062095873057842255,-0.013823127374053001,-0.5211562514305115,-0.8510870337486267,-0.4975024461746216,-0.06,-0.20798514783382416,1.0298333168029785,-0.08280425518751144,-0.49847927689552307,-0.6678056716918945,-0.14615754783153534,0.17484915256500244,1.2260408401489258,0.07882960140705109,-0.571069061756134,-0.10833480209112167,-0.8965891599655151,0.11800449341535568,-0.40866315364837646,0.9712011218070984,-1.130273699760437,-0.03,0.6447389125823975,0.9918495416641235
2.2439146041870117,-0.019771531224250793,0.60179603099823,-0.06066989526152611,-0.010500899516046047,-0.522591233253479,-0.8503571152687073,-0.5208776593208313,-0.06,-0.22637547552585602,1.084518313407898,-0.09305710345506668,-0.5259707570075989,-0.6821784377098083,-0.13612227141857147,0.17276310920715332,1.2679706811904907,0.07835756242275238,-0.5900000000000001,-0.09169981628656387,-0.9381011128425598,0.08606448024511337,-0.40701013803482056,1.0039254426956177,-1.147494912147522,-0.03,0.6272076368331909,1.037097454071045
2.2458224296569824,-0.021013541147112846,0.595259428024292,-0.0594453364610672,-0.007763449102640152,-0.5242911577224731,-0.8494260311126709,-0.5406169295310974,-0.06,-0.24402876198291779,1.1307905912399292,-0.10251618921756744,-0.5491854548454285,-0.694376528263092,-0.12812943756580353,0.1695631593465805,1.3044496774673462,0.07789532840251923,-0.5900000000000001,-0.07880707830190659,-0.9669191241264343,0.0615881085395813,-0.3982451856136322,1.0230947732925415,-1.162825107574463,-0.03,0.6093294024467468,1.0740031003952026
2.247434139251709,-0.0220046304166317,0.5897918343544006,-0.05839870870113373,-0.005813956260681152,-0.526064932346344,-0.8484169840812683,-0.5569105744361877,-0.06,-0.2597915828227997,1.1678861379623413,-0.11084562540054321,-0.5676025748252869,-0.7048417925834656,-0.12240555882453918,0.16617150604724884,1.334410309791565,0.07729054987430573,-0.5900000000000001,-0.06604169309139252,-0.986720860004425,0.04194158688187599,-0.3852621018886566,1.037330985069275,-1.1749454736709595,-0.03,0.5933936834335327,1.0961077213287354
2.2489068508148193,-0.022799678146839142,0.5855362415313721,-0.057577088475227356,-0.004573192913085222,-0.5272489786148071,-0.8477454781532288,-0.5692658424377441,-0.06,-0.2721429467201233,1.195677638053894,-0.11791569739580154,-0.5816980600357056,-0.7134116888046265,-0.11755196750164032,0.1638021469116211,1.3575927019119263,0.07687167078256607,-0.5900000000000001,-0.055389873683452606,-0.999512791633606,0.0323258601129055,-0.36699047684669495,1.0502715110778809,-1.1848925352096558,-0.03,0.5773140788078308,1.1183384656906128
2.2503042221069336,-0.023341769352555275,0.582626461982727,-0.05701550096273422,-0.0037037786096334457,-0.5272985696792603,-0.8477568626403809,-0.5766904354095459,-0.06,-0.2799937427043915,1.214198350906372,-0.12375536561012268,-0.5900000000000001,-0.7190399169921875,-0.11272262036800385,0.16262519359588623,1.3733837604522705,0.07607337832450867,-0.5900000000000001,-0.04620455205440521,-1.0068438053131104,0.03399331122636795,-0.34373587369918823,1.0636589527130127,-1.1908798217773438,-0.03,0.5594702959060669,1.1379246711730957
2.251640558242798,-0.0236064326018095,0.5812472105026245,-0.056784991174936295,-0.0030629306565970182,-0.5260965824127197,-0.8485211730003357,-0.5784270167350769,-0.06,-0.2828235924243927,1.2227386236190796,-0.12821897864341736,-0.5900000000000001,-0.7208598256111145,-0.10788580775260925,0.1625080108642578,1.3809465169906616,0.07473117858171463,-0.5900000000000001,-0.03819981589913368,-1.0091784000396729,0.04588251933455467,-0.3153834640979767,1.077170729637146,-1.1930547952651978,-0.03,0.536191463470459,1.15407133102417
2.252927780151367,-0.023633714765310287,0.5815749764442444,-0.05686979368329048,-0.0027013348881155252,-0.5238334536552429,-0.8499158620834351,-0.5743333697319031,-0.06,-0.28060218691825867,1.2203415632247925,-0.13091737031936646,-0.5900000000000001,-0.7185189723968506,-0.10328522324562073,0.16315914690494537,1.3794994354248047,0.07311957329511642,-0.5900000000000001,-0.03180825337767601,-1.0069972276687622,0.06652512401342392,-0.2823735773563385,1.0889277458190918,-1.19254732131958,-0.03,0.5046906471252441,1.1673427820205688
2.2542080879211426,-0.023489896208047867,0.583660900592804,-0.05719415470957756,-0.0025810778606683016,-0.5210443139076233,-0.8516072630882263,-0.5645542144775391,-0.06,-0.27469250559806824,1.2067201137542725,-0.1323067992925644,-0.5900000000000001,-0.7115620970726013,-0.09950114786624908,0.16350069642066956,1.3686999082565308,0.07150349766016006,-0.5900000000000001,-0.028364917263388634,-1.0006979703903198,0.09509993344545364,-0.24595367908477783,1.0956100225448608,-1.1904761791229248,-0.03,0.46425238251686096,1.1787505149841309
2.2555344104766846,-0.02327485755085945,0.5873696804046631,-0.057565122842788696,-0.00267679407261312,-0.5182374715805054,-0.8532930016517639,-0.5499453544616699,-0.06,-0.2665315866470337,1.182550311088562,-0.13256682455539703,-0.5886999368667603,-0.7001628279685974,-0.09664216637611389,0.16267526149749756,1.3490298986434937,0.07047393918037415,-0.5900000000000001,-0.028814366087317467,-0.9907186627388,0.1310804784297943,-0.20702533423900604,1.09447181224823,-1.187744379043579,-0.03,0.4157091975212097,1.188639760017395
2.2568986415863037,-0.023061731830239296,0.5924699902534485,-0.05782760679721832,-0.0030174863059073687,-0.5156239867210388,-0.8548558950424194,-0.5314414501190186,-0.06,-0.2570441961288452,1.1488761901855469,-0.13216958940029144,-0.5750605463981628,-0.6850413084030151,-0.09444261342287064,0.16069993376731873,1.3214163780212402,0.07062280923128128,-0.5900000000000001,-0.03319988772273064,-0.9768829941749573,0.17410284280776978,-0.16423654556274414,1.08400297164917,-1.1844853162765503,-0.03,0.3597220480442047,1.1962097883224487
2.2582781314849854,-0.022874094545841217,0.5987159609794617,-0.05791951343417168,-0.0036467586178332567,-0.5132582187652588,-0.8562697172164917,-0.5097571611404419,-0.06,-0.24630650877952576,1.106662392616272,-0.13083219528198242,-0.5565982460975647,-0.6669387817382812,-0.09280194342136383,0.1577446460723877,1.2868194580078125,0.07202931493520737,-0.5900000000000001,-0.04163341969251633,-0.9583479166030884,0.22408783435821533,-0.11438646912574768,1.0638904571533203,-1.1801602840423584,-0.03,0.29702073335647583,1.2002594470977783
2.2596535682678223,-0.022704921662807465,0.6058380603790283,-0.05771450698375702,-0.004576553124934435,-0.5112603306770325,-0.8574735522270203,-0.48560860753059387,-0.06,-0.23512090742588043,1.0570605993270874,-0.12917469441890717,-0.5338855981826782,-0.6464791297912598,-0.0917920470237732,0.1533905416727066,1.2461609840393066,0.0743478387594223,-0.5900000000000001,-0.05478201434016228,-0.9341304302215576,0.2808684706687927,-0.054454926401376724,1.0339133739471436,-1.1737021207809448,-0.03,0.22940683364868164,1.198676347732544
2.261049747467041,-0.022524511441588402,0.6135532855987549,-0.05703873559832573,-0.005689559504389763,-0.5099315047264099,-0.8583030104637146,-0.4597178101539612,-0.06,-0.2246260941028595,1.001502275466919,-0.1274845451116562,-0.5075917840003967,-0.6237769722938538,-0.09147647768259048,0.14653699100017548,1.2002880573272705,0.0768926590681076,-0.570485532283783,-0.07402025908231735,-0.9029879570007324,0.34355437755584717,0.0182686485350132,0.9931893348693848,-1.1639816761016846,-0.03,0.15886551141738892,1.189440369606018
2.2625036239624023,-0.022275742143392563,0.6216611862182617,-0.05579809099435806,-0.006763860583305359,-0.509577751159668,-0.8585867881774902,-0.4322241246700287,-0.06,-0.21581223607063293,0.9409016966819763,-0.1260148286819458,-0.47823649644851685,-0.5982595682144165,-0.09197574108839035,0.1357669234275818,1.149514079093933,0.07876472920179367,-0.5466738343238831,-0.10011742264032364,-0.8638088703155518,0.409279465675354,0.10479613393545151,0.9413440823554993,-1.1503180265426636,-0.03,0.08645958453416824,1.1706777811050415
2.2640678882598877,-0.021895237267017365,0.630075216293335,-0.05399393290281296,-0.007509575225412846,-0.510302722454071,-0.8582652807235718,-0.4024662375450134,-0.056822892278432846,-0.20891399681568146,0.8752296566963196,-0.12488169223070145,-0.4460107684135437,-0.568739116191864,-0.09329428523778915,0.11950301378965378,1.0932503938674927,0.07815641164779663,-0.520916759967804,-0.13219475746154785,-0.816264808177948,0.47363242506980896,0.20341956615447998,0.8790857791900635,-1.1326866149902344,-0.03,0.012900568544864655,1.1411290168762207
2.2657556533813477,-0.021385198459029198,0.6386113166809082,-0.05161038786172867,-0.007936133071780205,-0.5119438767433167,-0.8574303388595581,-0.3706192672252655,-0.0452272929251194,-0.2035549283027649,0.8048690557479858,-0.12412984669208527,-0.41121771931648254,-0.5353745222091675,-0.09483121335506439,0.09751366823911667,1.0315802097320557,0.07351958751678467,-0.49307364225387573,-0.16790145635604858,-0.7620264291763306,0.5325512886047363,0.31002387404441833,0.8089345097541809,-1.1126933097839355,-0.03,-0.061203617602586746,1.1016606092453003
2.2674829959869385,-0.020840993151068687,0.6467920541763306,-0.048580098897218704,-0.00852194707840681,-0.5140166282653809,-0.856360912322998,-0.3391391932964325,-0.03293733671307564,-0.19917422533035278,0.7327463626861572,-0.12408431619405746,-0.37523630261421204,-0.5013054609298706,-0.09539720416069031,0.07219395041465759,0.9672104716300964,0.06455877423286438,-0.4638158977031708,-0.2039264738559723,-0.7041950225830078,0.5834466814994812,0.4193992018699646,0.7347502708435059,-1.093273639678955,-0.03,-0.13398948311805725,1.0544617176055908
2.2691380977630615,-0.020297061651945114,0.6540741920471191,-0.0451396144926548,-0.009599020704627037,-0.5159107446670532,-0.8553983569145203,-0.3107115626335144,-0.020931478589773178,-0.1960032433271408,0.6640156507492065,-0.12799496948719025,-0.3406972885131836,-0.4698651432991028,-0.09450910240411758,0.046751704066991806,0.9043660163879395,0.051101721823215485,-0.4347558617591858,-0.23725423216819763,-0.6441277861595154,0.6248147487640381,0.5282233953475952,0.6603090167045593,-1.0759682655334473,-0.03,-0.20178340375423431,1.000824213027954
2.270637035369873,-0.019689278677105904,0.660186231136322,-0.04173322021961212,-0.011050012893974781,-0.5172355771064758,-0.8547535538673401,-0.2861069142818451,-0.009946235455572605,-0.1934923231601715,0.6023916006088257,-0.13666896522045135,-0.3097769618034363,-0.44208791851997375,-0.0925941914319992,0.022960476577281952,0.8459200263023376,0.03257831186056137,-0.4073634445667267,-0.2664656937122345,-0.5814670324325562,0.6571120023727417,0.6349690556526184,0.5904346108436584,-1.0602799654006958,-0.03,-0.2609553337097168,0.941762387752533
2.2719202041625977,-0.018931275233626366,0.6652087569236755,-0.03863810375332832,-0.01256469078361988,-0.517889678478241,-0.8544818758964539,-0.264556348323822,-0.00013408265658654273,-0.18940173089504242,0.5487686395645142,-0.1440814882516861,-0.2846828103065491,-0.4170621931552887,-0.09007960557937622,0.0012624444207176566,0.79207843542099,0.009358677081763744,-0.38203394412994385,-0.29151996970176697,-0.5145206451416016,0.682012677192688,0.7403191328048706,0.5283903479576111,-1.0446158647537231,-0.06533314287662506,-0.3110523819923401,0.877885639667511
2.2729103565216064,-0.017987292259931564,0.6692732572555542,-0.03571515157818794,-0.013963146135210991,-0.5179107189178467,-0.8545745611190796,-0.2443287968635559,0.00841727014631033,-0.18340808153152466,0.4996863603591919,-0.14518208801746368,-0.26145103573799133,-0.39432117342948914,-0.08676020056009293,-0.017994975671172142,0.7424890398979187,-0.017006199806928635,-0.3587207496166229,-0.3126702606678009,-0.4413045346736908,0.7014991044998169,0.8462287783622742,0.47519373893737793,-1.0270912647247314,-0.10666662454605103,-0.3550553321838379,0.8085789084434509
2.273690700531006,-0.01690082997083664,0.6728150248527527,-0.03253287449479103,-0.01495911180973053,-0.5175516605377197,-0.8549023270606995,-0.22487694025039673,0.016198940575122833,-0.17766173183918,0.45354023575782776,-0.1393904983997345,-0.23961108922958374,-0.37511375546455383,-0.0808236375451088,-0.027711259201169014,0.7001450061798096,-0.023973733186721802,-0.338875412940979,-0.3300805389881134,-0.3606491982936859,0.7165510654449463,0.9523122310638428,0.4312697947025299,-1.0051286220550537,-0.1511175036430359,-0.39727118611335754,0.7332056760787964
2.2741663455963135,-0.015681706368923187,0.6758207082748413,-0.029253710061311722,-0.015744971111416817,-0.5169670581817627,-0.8553602695465088,-0.20669019222259521,0.022855963557958603,-0.1730434149503708,0.411003053188324,-0.1293153017759323,-0.21983374655246735,-0.3584398925304413,-0.0744723379611969,-0.03405554220080376,0.6626688241958618,-0.024976713582873344,-0.32133588194847107,-0.3426934480667114,-0.27446725964546204,0.7266743779182434,1.054580569267273,0.3986867368221283,-0.9790554642677307,-0.19937875866889954,-0.4380868077278137,0.653260350227356
2.2742559909820557,-0.014372995123267174,0.6782198548316956,-0.02626427449285984,-0.016765661537647247,-0.5159449577331543,-0.8560548424720764,-0.19087354838848114,0.027978094294667244,-0.16729673743247986,0.3734378516674042,-0.11799191683530807,-0.20255577564239502,-0.3457657992839813,-0.06909464299678802,-0.036711230874061584,0.6311883926391602,-0.02416326478123665,-0.30620741844177246,-0.3489123582839966,-0.18507109582424164,0.730927050113678,1.1501970291137695,0.37776947021484375,-0.9494582414627075,-0.25046995282173157,-0.47842952609062195,0.5705212354660034
2.274029016494751,-0.013016598299145699,0.6802243590354919,-0.023855160921812057,-0.018016761168837547,-0.5148395299911499,-0.8567651510238647,-0.17781339585781097,0.03253939747810364,-0.1592583954334259,0.341948926448822,-0.11552098393440247,-0.18815240263938904,-0.33582139015197754,-0.06559573858976364,-0.03755423054099083,0.6044366359710693,-0.022819191217422485,-0.2931827902793884,-0.3495653569698334,-0.0938800647854805,0.7287245988845825,1.238304615020752,0.3660658895969391,-0.9167831540107727,-0.3028621971607208,-0.5188262462615967,0.49124419689178467
2.273646831512451,-0.011670603416860104,0.6819736361503601,-0.02179635502398014,-0.019101619720458984,-0.5140220522880554,-0.8572871088981628,-0.16533459722995758,0.036036837846040726,-0.15162624418735504,0.3126271665096283,-0.11326949298381805,-0.17462258040905,-0.32651129364967346,-0.0631333515048027,-0.03849027678370476,0.5802386403083801,-0.02117466926574707,-0.2815118134021759,-0.3463441729545593,-0.002862839261069894,0.7207520008087158,1.3200178146362305,0.3580065369606018,-0.8811959624290466,-0.35418909788131714,-0.5599938631057739,0.42150840163230896
2.2732362747192383,-0.010478501208126545,0.6835339665412903,-0.019766170531511307,-0.020111912861466408,-0.5133791565895081,-0.857698380947113,-0.15381449460983276,0.039346322417259216,-0.14481399953365326,0.29000000000000004,-0.11132461577653885,-0.16157329082489014,-0.31786924600601196,-0.06073206290602684,-0.03966642916202545,0.5573293566703796,-0.019665798172354698,-0.27033793926239014,-0.34011512994766235,0.08373809605836868,0.7096949219703674,1.397340178489685,0.35096868872642517,-0.843756377696991,-0.4019642472267151,-0.6011342406272888,0.36432647705078125
2.2728824615478516,-0.009517034515738487,0.6849102973937988,-0.017638009041547775,-0.02110103890299797,-0.5126649141311646,-0.8581480383872986,-0.14375266432762146,0.042900435626506805,-0.1385098546743393,0.29000000000000004,-0.10983212292194366,-0.1493442803621292,-0.3101762533187866,-0.057815153151750565,-0.04068221524357796,0.5354632139205933,-0.01871217042207718,-0.25949612259864807,-0.33111757040023804,0.16363590955734253,0.6978038549423218,1.4714748859405518,0.34301355481147766,-0.805023729801178,-0.44481518864631653,-0.6406069397926331,0.3194095492362976
2.272653341293335,-0.008757153525948524,0.6860654950141907,-0.015481923706829548,-0.021787287667393684,-0.5118660926818848,-0.8586493134498596,-0.1354796141386032,0.04687937721610069,-0.13294647634029388,0.29000000000000004,-0.10883541405200958,-0.13929125666618347,-0.30287766456604004,-0.05418214946985245,-0.04165373370051384,0.515112578868866,-0.018154209479689598,-0.24928466975688934,-0.3200629651546478,0.23628655076026917,0.6862767338752747,1.5419188737869263,0.3328494429588318,-0.7649880647659302,-0.4818154275417328,-0.6769974827766418,0.28438249230384827
2.2725820541381836,-0.008137531578540802,0.6869745850563049,-0.013559544458985329,-0.021921109408140182,-0.5112294554710388,-0.8590576648712158,-0.12886399030685425,0.050973907113075256,-0.12873470783233643,0.29000000000000004,-0.10832015424966812,-0.13218288123607635,-0.29534146189689636,-0.050304654985666275,-0.04320487007498741,0.49715402722358704,-0.01791956089437008,-0.24043846130371094,-0.30832523107528687,0.30113860964775085,0.6757188439369202,1.6062030792236328,0.32030192017555237,-0.7240696549415588,-0.5129185914993286,-0.7090029120445251,0.25735586881637573
2.272645950317383,-0.007669441401958466,0.6876214146614075,-0.012082245200872421,-0.0216282457113266,-0.5110349655151367,-0.8592027425765991,-0.12416653335094452,0.05455934256315231,-0.12652640044689178,0.29000000000000004,-0.10815881192684174,-0.1278630942106247,-0.2882414758205414,-0.04694601148366928,-0.04558154568076134,0.4830057621002197,-0.017896350473165512,-0.23379240930080414,-0.2971206605434418,0.35674452781677246,0.6668267846107483,1.6300000000000001,0.3061588704586029,-0.6835873126983643,-0.5387206077575684,-0.7358245849609375,0.23701532185077667
2.2728183269500732,-0.0074102315120399,0.6879924535751343,-0.011163581162691116,-0.021153362467885017,-0.5114229917526245,-0.8589960336685181,-0.12164200842380524,0.057164568454027176,-0.12664057314395905,0.29000000000000004,-0.10844156891107559,-0.12578654289245605,-0.2827063798904419,-0.04466228559613228,-0.04868621379137039,0.4739769399166107,-0.018124613910913467,-0.22996976971626282,-0.28699779510498047,0.4016733467578888,0.6605281233787537,1.6300000000000001,0.2922326922416687,-0.6450510025024414,-0.5597766637802124,-0.7566502690315247,0.2209773063659668
2.2730917930603027,-0.007387995719909668,0.6881020665168762,-0.010914482176303864,-0.02064075507223606,-0.5122268795967102,-0.8585326671600342,-0.12073231488466263,0.05853714793920517,-0.1283981204032898,0.29000000000000004,-0.10900770872831345,-0.12529617547988892,-0.27940991520881653,-0.043714504688978195,-0.05188574269413948,0.4707263112068176,-0.018576601520180702,-0.22914350032806396,-0.2775833010673523,0.43568024039268494,0.6573905348777771,1.6300000000000001,0.2808559834957123,-0.6095943450927734,-0.5769971013069153,-0.7705208659172058,0.2062787264585495
2.273472547531128,-0.0075920745730400085,0.6879655718803406,-0.011386225931346416,-0.02012651227414608,-0.5130785703659058,-0.8580300807952881,-0.12067420035600662,0.05868074297904968,-0.1306668221950531,0.29000000000000004,-0.10980188101530075,-0.12611421942710876,-0.27857473492622375,-0.04403306543827057,-0.05426034331321716,0.4733054041862488,-0.019218357279896736,-0.23115448653697968,-0.2680659592151642,0.4594230353832245,0.6573682427406311,1.6300000000000001,0.27354878187179565,-0.5780255794525146,-0.5917459726333618,-0.7768219709396362,0.19133731722831726
2.2739615440368652,-0.008006703108549118,0.6875931024551392,-0.012535403482615948,-0.019655128940939903,-0.5136936902999878,-0.8576568365097046,-0.12122313678264618,0.05769836902618408,-0.13270126283168793,0.29000000000000004,-0.11078429222106934,-0.12823626399040222,-0.2803162932395935,-0.04542391002178192,-0.05512285232543945,0.48140066862106323,-0.019953923299908638,-0.23561787605285645,-0.25808098912239075,0.47378164529800415,0.6598402857780457,1.6300000000000001,0.2706279456615448,-0.550994336605072,-0.6051713228225708,-0.7755409479141235,0.1763582080602646
2.274566173553467,-0.008615830913186073,0.6869959831237793,-0.014300568029284477,-0.01927620731294155,-0.5139925479888916,-0.8574587106704712,-0.12231392413377762,0.05568445473909378,-0.13427726924419403,0.29000000000000004,-0.11196771264076233,-0.1315469741821289,-0.2845313251018524,-0.047749653458595276,-0.054408829659223557,0.4944840967655182,-0.021049121394753456,-0.2424800843000412,-0.24798043072223663,0.4797893464565277,0.6639648675918579,1.6300000000000001,0.27192240953445435,-0.5287055373191833,-0.6175515055656433,-0.7674439549446106,0.16181114315986633
2.2753207683563232,-0.009412642568349838,0.6861793994903564,-0.01658281683921814,-0.019016841426491737,-0.513983964920044,-0.8574285507202148,-0.12405204027891159,0.05284765362739563,-0.13546748459339142,0.29000000000000004,-0.11343341320753098,-0.13603025674819946,-0.29098257422447205,-0.050774458795785904,-0.05223224684596062,0.5118374824523926,-0.02244959957897663,-0.25127366185188293,-0.23831753432750702,0.4785357415676117,0.6691256165504456,1.6300000000000001,0.2772581875324249,-0.5110834836959839,-0.6284382343292236,-0.7538941502571106,0.14797544479370117
2.2762746810913086,-0.010409459471702576,0.6851442456245422,-0.019226321950554848,-0.01889955997467041,-0.5136340260505676,-0.8575856685638428,-0.12681296467781067,0.04954187572002411,-0.13637089729309082,0.29000000000000004,-0.11532169580459595,-0.14187327027320862,-0.29944953322410583,-0.054052937775850296,-0.04871238395571709,0.5326235890388489,-0.024309344589710236,-0.2615663707256317,-0.22939731180667877,0.4711245000362396,0.6749558448791504,1.6300000000000001,0.2862827777862549,-0.49803802371025085,-0.6370426416397095,-0.7364293336868286,0.13511072099208832
2.277493476867676,-0.011620641686022282,0.6838937401771545,-0.02205449715256691,-0.01888139359652996,-0.5128812789916992,-0.8579683899879456,-0.1308595836162567,0.04626697301864624,-0.13705912232398987,0.29000000000000004,-0.11780679225921631,-0.1493522673845291,-0.3095095455646515,-0.05698930472135544,-0.04402448609471321,0.5558487176895142,-0.026802100241184235,-0.2728683352470398,-0.2213514745235443,0.4588128328323364,0.6812475323677063,1.6300000000000001,0.2983814477920532,-0.4894324243068695,-0.6425353288650513,-0.7161911725997925,0.12359653413295746
2.2790274620056152,-0.01305568590760231,0.6824252605438232,-0.02488935925066471,-0.018903611227869987,-0.5117009878158569,-0.8585949540138245,-0.13650640845298767,0.0435054786503315,-0.1376636028289795,0.29000000000000004,-0.12105213105678558,-0.15873734652996063,-0.3207840621471405,-0.05902153626084328,-0.0384318009018898,0.5807276964187622,-0.030050063505768776,-0.2848038971424103,-0.2143169790506363,0.44276079535484314,0.68794846534729,1.6300000000000001,0.3130112588405609,-0.48516932129859924,-0.6444154977798462,-0.6936761736869812,0.11392175406217575
2.2808918952941895,-0.014716626144945621,0.6807206869125366,-0.027561090886592865,-0.01895996741950512,-0.5101639628410339,-0.8594262599945068,-0.14424575865268707,0.04156835749745369,-0.13864608108997345,0.29343849420547485,-0.1251581907272339,-0.1702660322189331,-0.3331216275691986,-0.059795524924993515,-0.032373812049627304,0.6067894697189331,-0.03422380983829498,-0.2971654534339905,-0.2085626721382141,0.4238358438014984,0.6949724555015564,1.6255340576171875,0.32958170771598816,-0.48513802886009216,-0.6426703333854675,-0.6690681576728821,0.106363944709301
2.283057689666748,-0.016588350757956505,0.6787398457527161,-0.02994314208626747,-0.019115041941404343,-0.5084428191184998,-0.8603626489639282,-0.15472710132598877,0.0404718741774559,-0.1406724452972412,0.3193027079105377,-0.1301422268152237,-0.18407605588436127,-0.34670090675354004,-0.0592883825302124,-0.026327431201934814,0.6340650320053101,-0.03939349204301834,-0.3100016117095947,-0.2045203000307083,0.40271759033203125,0.7019152641296387,1.5927424430847168,0.3470472991466522,-0.4891257584095001,-0.637688934803009,-0.6425517797470093,0.1004462018609047
2.285480499267578,-0.018626326695084572,0.6764454245567322,-0.031930822879076004,-0.019352886825799942,-0.5067171454429626,-0.8613033890724182,-0.16828341782093048,0.040228139609098434,-0.1443690061569214,0.349822074174881,-0.1359873116016388,-0.20026017725467682,-0.36145806312561035,-0.05751163139939308,-0.020792057737708092,0.6625761985778809,-0.045426689088344574,-0.32341891527175903,-0.20252355933189392,0.3802854120731354,0.7079561352729797,1.5581145286560059,0.36339789628982544,-0.4964204728603363,-0.6299047470092773,-0.6142498850822449,0.09458503872156143
2.288092613220215,-0.020765095949172974,0.6738281846046448,-0.03335786610841751,-0.01958323083817959,-0.505152702331543,-0.8621625304222107,-0.1850677877664566,0.040970634669065475,-0.15031114220619202,0.38510632514953613,-0.14258140325546265,-0.218810573220253,-0.3769785463809967,-0.0543501190841198,-0.01636684685945511,0.6918589472770691,-0.052124083042144775,-0.33730989694595337,-0.20276500284671783,0.35751938819885254,0.7114254832267761,1.5221772193908691,0.3748186528682709,-0.5058833956718445,-0.6194329261779785,-0.5844665765762329,0.08619770407676697
2.2907838821411133,-0.022930040955543518,0.6709175109863281,-0.033816173672676086,-0.019602622836828232,-0.5040767192840576,-0.8627738356590271,-0.2058684080839157,0.043143585324287415,-0.15962089598178864,0.4260558485984802,-0.149087592959404,-0.23997962474822998,-0.39228057861328125,-0.049335770308971405,-0.014354296028614044,0.7204710245132446,-0.059406355023384094,-0.3510880172252655,-0.20560841262340546,0.3353794813156128,0.7099364399909973,1.485853672027588,0.37604138255119324,-0.5157634615898132,-0.6057888865470886,-0.5543205738067627,0.07231897860765457
2.2933731079101562,-0.02497129701077938,0.6680635213851929,-0.03310622274875641,-0.019250093027949333,-0.5036814212799072,-0.8630401492118835,-0.2330423891544342,0.044516224414110184,-0.17598482966423035,0.474032461643219,-0.1530485898256302,-0.26734718680381775,-0.40514644980430603,-0.042529139667749405,-0.015686172991991043,0.7446739673614502,-0.06680502742528915,-0.3630117177963257,-0.21087276935577393,0.31506186723709106,0.6996086835861206,1.4509159326553345,0.3620550334453583,-0.5232053995132446,-0.5884034037590027,-0.5247753858566284,0.05056183040142059
2.295687437057495,-0.026654815301299095,0.6657658815383911,-0.031453121453523636,-0.018414422869682312,-0.5032268762588501,-0.8633852005004883,-0.26750415563583374,0.04260681942105293,-0.19968192279338837,0.525436520576477,-0.1566968560218811,-0.29399603605270386,-0.41330185532569885,-0.03402889892458916,-0.018702693283557892,0.7605956792831421,-0.0735422819852829,-0.371023565530777,-0.21603606641292572,0.2978626787662506,0.6767822504043579,1.4200338125228882,0.32981160283088684,-0.5247350931167603,-0.5671424865722656,-0.49664273858070374,0.02000568062067032
2.2975988388061523,-0.027826476842164993,0.6643000245094299,-0.02913711778819561,-0.017226263880729675,-0.5017467141151428,-0.8643520474433899,-0.30786699056625366,0.037088822573423386,-0.2276015728712082,0.5754286050796509,-0.16185112297534943,-0.31594976782798767,-0.4164867699146271,-0.023839225992560387,-0.02074938453733921,0.7669475674629211,-0.07936648279428482,-0.3739718794822693,-0.21804942190647125,0.283011257648468,0.6422159671783447,1.395983099937439,0.2825866639614105,-0.5182870030403137,-0.5430896878242493,-0.4710671305656433,-0.017159437760710716
2.2990429401397705,-0.028421251103281975,0.6635758280754089,-0.026363419368863106,-0.015853436663746834,-0.49909526109695435,-0.8660008311271667,-0.35088640451431274,0.029007025063037872,-0.256180077791214,0.6182727217674255,-0.16688811779022217,-0.3297947645187378,-0.4158238172531128,-0.012478172779083252,-0.02060665935277939,0.7655095458030701,-0.08381005376577377,-0.3727131187915802,-0.21613961458206177,0.2676643133163452,0.5995773077011108,1.3803966045379639,0.22599834203720093,-0.5032439231872559,-0.5181039571762085,-0.448548823595047,-0.05685947835445404
2.299994707107544,-0.028329983353614807,0.663244903087616,-0.023617349565029144,-0.014236829243600368,-0.4958890676498413,-0.8679478168487549,-0.39201366901397705,0.01869463175535202,-0.2829779386520386,0.6498740911483765,-0.16866137087345123,-0.3327700197696686,-0.4125310778617859,-0.0016346408519893885,-0.018792878836393356,0.7606455087661743,-0.08658662438392639,-0.36998429894447327,-0.21173283457756042,0.2491617500782013,0.5518171787261963,1.3722225427627563,0.16350120306015015,-0.48021432757377625,-0.4944927394390106,-0.42849451303482056,-0.09513191878795624
2.30049729347229,-0.027493411675095558,0.6628183126449585,-0.021350501105189323,-0.012160263955593109,-0.4927770793437958,-0.8698084950447083,-0.4261849522590637,0.006436926778405905,-0.3069511651992798,0.6684208512306213,-0.16579826176166534,-0.32351842522621155,-0.40804558992385864,0.0072702146135270596,-0.016278350725769997,0.7577436566352844,-0.08771814405918121,-0.36911359429359436,-0.206542506814003,0.2263159304857254,0.5011237263679504,1.3681620359420776,0.0976792499423027,-0.451182097196579,-0.47365710139274597,-0.4103846549987793,-0.1294214427471161
2.3006904125213623,-0.02605995535850525,0.6618471145629883,-0.01945466548204422,-0.009473207406699657,-0.4898732304573059,-0.8715249300003052,-0.44976285099983215,-0.006119115278124809,-0.32797855138778687,0.6741204857826233,-0.16062034666538239,-0.3040916919708252,-0.4041081368923187,0.014713853597640991,-0.01357282791286707,0.7605711221694946,-0.08785814791917801,-0.37202417850494385,-0.20125092566013336,0.1997743397951126,0.45043134689331055,1.3653677701950073,0.032750874757766724,-0.4195215702056885,-0.4543001651763916,-0.39411836862564087,-0.14999999999999997
2.300739288330078,-0.0243380106985569,0.6600520014762878,-0.017300285398960114,-0.006203717552125454,-0.48685166239738464,-0.8732911944389343,-0.4619150757789612,-0.016563711687922478,-0.3457576334476471,0.6696570515632629,-0.15536613762378693,-0.28579434752464294,-0.4023258686065674,0.02272171340882778,-0.01054894458502531,0.7701445817947388,-0.08770512789487839,-0.37873005867004395,-0.19615577161312103,0.17198395729064941,0.40381088852882385,1.3632853031158447,-0.025098003447055817,-0.3892157971858978,-0.43317288160324097,-0.37922126054763794,-0.14999999999999997
2.300598382949829,-0.02267233282327652,0.6576976180076599,-0.014633221551775932,-0.002989320084452629,-0.4837591350078583,-0.8750737309455872,-0.4654046893119812,-0.021339399740099907,-0.3618863523006439,0.6744813323020935,-0.14443640410900116,-0.2615187168121338,-0.40357330441474915,0.03155088052153587,-0.007087441626936197,0.7838385105133057,-0.08747127652168274,-0.38708171248435974,-0.1926429718732834,0.145044207572937,0.3642469048500061,1.3621199131011963,-0.06841280311346054,-0.36413705348968506,-0.40834668278694153,-0.364905446767807,-0.14999999999999997
2.3003926277160645,-0.021023079752922058,0.655383825302124,-0.012033051811158657,-6.665405817329884e-05,-0.4802570641040802,-0.877045214176178,-0.4667690694332123,-0.01897604949772358,-0.36896955966949463,0.6872864961624146,-0.14370757341384888,-0.24091753363609314,-0.4056165814399719,0.04033079743385315,-0.002377270720899105,0.7975354790687561,-0.08706031739711761,-0.39500558376312256,-0.190537691116333,0.12229149788618088,0.3330782651901245,1.3610517978668213,-0.09186212718486786,-0.3450620174407959,-0.38087448477745056,-0.350292444229126,-0.14999999999999997
2.3000333309173584,-0.01929250918328762,0.654063880443573,-0.01088785007596016,0.001990864984691143,-0.4772690534591675,-0.8786875605583191,-0.47155800461769104,-0.017288189381361008,-0.36659833788871765,0.7102442979812622,-0.14228199422359467,-0.25569483637809753,-0.4052443206310272,0.04491659626364708,0.0030830937903374434,0.8057964444160461,-0.08535251021385193,-0.40032318234443665,-0.19167934358119965,0.1055329293012619,0.3063390254974365,1.3589694499969482,-0.10152671486139297,-0.33057865500450134,-0.3536345660686493,-0.3368193209171295,-0.14999999999999997
2.2995007038116455,-0.017383815720677376,0.6532092690467834,-0.010720097459852695,0.0034870558883994818,-0.474613219499588,-0.880122184753418,-0.4721149504184723,-0.017020607367157936,-0.36151471734046936,0.7250087261199951,-0.13958565890789032,-0.26663023233413696,-0.4042345881462097,0.04648112133145332,0.009279151447117329,0.8126175403594971,-0.08274442702531815,-0.40513119101524353,-0.19499582052230835,0.09579216688871384,0.28238219022750854,1.3555934429168701,-0.10786024481058121,-0.31962060928344727,-0.3277154862880707,-0.3280090391635895,-0.14999999999999997
2.298818588256836,-0.015367107465863228,0.652708888053894,-0.011200137436389923,0.004435754381120205,-0.4717302918434143,-0.8816605806350708,-0.4701184332370758,-0.017494147643446922,-0.3536587953567505,0.7343736886978149,-0.13593429327011108,-0.27484604716300964,-0.4032653868198395,0.046306926757097244,0.017191875725984573,0.8181737661361694,-0.07944938540458679,-0.40910524129867554,-0.198741614818573,0.09195312857627869,0.2592311203479767,1.3498499393463135,-0.11613978445529938,-0.31233176589012146,-0.3032253384590149,-0.32397231459617615,-0.14999999999999997
2.298098087310791,-0.013277938589453697,0.6524953842163086,-0.012050514109432697,0.005327086430042982,-0.4684617519378662,-0.8833854794502258,-0.46577754616737366,-0.017706269398331642,-0.3436395525932312,0.7401979565620422,-0.13180801272392273,-0.28157293796539307,-0.4012683629989624,0.04560816287994385,0.026275798678398132,0.8219588994979858,-0.07579830288887024,-0.4120904207229614,-0.20230259001255035,0.09343919903039932,0.2347169667482376,1.341603398323059,-0.12908165156841278,-0.30721932649612427,-0.2790438234806061,-0.3224707841873169,-0.14999999999999997
2.2973835468292236,-0.01120026782155037,0.6525646448135376,-0.012860891409218311,0.00637625390663743,-0.46500810980796814,-0.8851900100708008,-0.4598308801651001,-0.017026569694280624,-0.3327464461326599,0.7433673143386841,-0.12760236859321594,-0.28712281584739685,-0.3976718485355377,0.045257773250341415,0.035458341240882874,0.8229743838310242,-0.0720333531498909,-0.4135966897010803,-0.20600196719169617,0.09834865480661392,0.20852944254875183,1.332258939743042,-0.14693377912044525,-0.3026331663131714,-0.25427088141441345,-0.32128429412841797,-0.14999999999999997
2.296586275100708,-0.009178061038255692,0.6528740525245667,-0.01337277702987194,0.007403593044728041,-0.46153128147125244,-0.8869922161102295,-0.4534997045993805,-0.01563967950642109,-0.32176369428634644,0.7445014119148254,-0.12336763739585876,-0.29145100712776184,-0.39326977729797363,0.04539835825562477,0.04450514167547226,0.8213139772415161,-0.06810156255960464,-0.4135035276412964,-0.21003881096839905,0.10474584251642227,0.1822100579738617,1.3236634731292725,-0.14999999999999997,-0.29805809259414673,-0.22909042239189148,-0.32017645239830017,-0.14999999999999997
2.295600414276123,-0.007132764905691147,0.6533223390579224,-0.013633716851472855,0.008347283117473125,-0.4580499529838562,-0.8887826204299927,-0.4473775327205658,-0.014141504652798176,-0.31089362502098083,0.7447464466094971,-0.11952739953994751,-0.29507768154144287,-0.3887169063091278,0.04566158354282379,0.05368360877037048,0.8180802464485168,-0.06383311748504639,-0.4123614430427551,-0.2142341434955597,0.11190441250801086,0.15705770254135132,1.31689453125,-0.14999999999999997,-0.29332202672958374,-0.20433259010314941,-0.3195744454860687,-0.14999999999999997
2.29437518119812,-0.004923725966364145,0.6538500189781189,-0.013863647356629372,0.009393585845828056,-0.454557865858078,-0.890559732913971,-0.4411298632621765,-0.013166319578886032,-0.30077072978019714,0.7452061176300049,-0.11795610189437866,-0.29884475469589233,-0.38364601135253906,0.04557367414236069,0.06315324455499649,0.8140522837638855,-0.058964092284440994,-0.41081473231315613,-0.21846641600131989,0.11965978890657425,0.13344289362430573,1.3122711181640625,-0.14999999999999997,-0.2882075607776642,-0.18060429394245148,-0.3195132613182068,-0.14999999999999997
2.2929234504699707,-0.002466096542775631,0.6544202566146851,-0.014152622781693935,0.01073664054274559,-0.45106586813926697,-0.8923137187957764,-0.4342474043369293,-0.013015695847570896,-0.29155468940734863,0.7462161183357239,-0.11800531297922134,-0.30313628911972046,-0.3775509297847748,0.0450017936527729,0.0727604478597641,0.8095073699951172,-0.05347643420100212,-0.40923622250556946,-0.22285671532154083,0.12753883004188538,0.11139032244682312,1.3103270530700684,-0.14999999999999997,-0.28282076120376587,-0.1577823907136917,-0.319950670003891,-0.14999999999999997
2.2912604808807373,0.000236262334510684,0.6549836993217468,-0.014429864473640919,0.012323757633566856,-0.44755542278289795,-0.8940547704696655,-0.42693251371383667,-0.013934473507106304,-0.28323760628700256,0.7478126287460327,-0.11751548945903778,-0.30784934759140015,-0.37076303362846375,0.044077079743146896,0.0825270563364029,0.8047394752502441,-0.047448914498090744,-0.4077517092227936,-0.22754287719726562,0.1346682757139206,0.0911301001906395,1.312035083770752,-0.14999999999999997,-0.2776871621608734,-0.13546136021614075,-0.3209039568901062,-0.14999999999999997
2.2893900871276855,0.0031545038800686598,0.6554529070854187,-0.014610882848501205,0.014007029123604298,-0.4439546465873718,-0.8958206176757812,-0.41979390382766724,-0.015975279733538628,-0.2757427990436554,0.7502968907356262,-0.11510097235441208,-0.31302979588508606,-0.3641210198402405,0.042979296296834946,0.09274124354124069,0.8004742860794067,-0.04092909395694733,-0.40660813450813293,-0.23245780169963837,0.140451580286026,0.07300247997045517,1.3181370496749878,-0.14999999999999997,-0.2732642889022827,-0.11349297314882278,-0.3222951292991638,-0.14999999999999997
2.2873244285583496,0.00628763297572732,0.6557312607765198,-0.014715470373630524,0.01572236604988575,-0.44016844034194946,-0.8976567983627319,-0.4132796823978424,-0.019125554710626602,-0.2687378525733948,0.7543553709983826,-0.1106221079826355,-0.3190109133720398,-0.35825636982917786,0.041769858449697495,0.10377921164035797,0.7976665496826172,-0.03389744833111763,-0.40623441338539124,-0.2373640388250351,0.1450634002685547,0.05692035332322121,1.3288716077804565,-0.14999999999999997,-0.2695770263671875,-0.09192795306444168,-0.3240134119987488,-0.14999999999999997
2.2850663661956787,0.009663251228630543,0.6557575464248657,-0.014866119250655174,0.017476528882980347,-0.43611007928848267,-0.8996008038520813,-0.4073925316333771,-0.023309554904699326,-0.26153719425201416,0.7603702545166016,-0.10448728501796722,-0.3260584771633148,-0.35342976450920105,0.04032087326049805,0.11603277176618576,0.7970895767211914,-0.026230474933981895,-0.4070473313331604,-0.24200287461280823,0.14915728569030762,0.04236946254968643,1.3441224098205566,-0.14999999999999997,-0.26622873544692993,-0.07086701691150665,-0.3261250853538513,-0.14999999999999997
2.2826170921325684,0.013303902000188828,0.6555344462394714,-0.015199864283204079,0.019284747540950775,-0.431791752576828,-0.901638925075531,-0.40183305740356445,-0.028253421187400818,-0.25316062569618225,0.7680366039276123,-0.09712833911180496,-0.33405643701553345,-0.34953832626342773,0.0383775569498539,0.12959179282188416,0.7989097833633423,-0.01787736639380455,-0.4092186689376831,-0.24627821147441864,0.15309487283229828,0.03,1.3633114099502563,-0.14999999999999997,-0.26247552037239075,-0.05042830482125282,-0.3290006220340729,-0.14999999999999997
2.279975175857544,0.017202163115143776,0.655109167098999,-0.01582278497517109,0.021088242530822754,-0.4272959232330322,-0.9037272334098816,-0.3963061571121216,-0.033470142632722855,-0.24231381714344025,0.776462733745575,-0.08862534910440445,-0.3425140082836151,-0.3464886248111725,0.035645078867673874,0.14441879093647003,0.8028717041015625,-0.008788546547293663,-0.4126530885696411,-0.25009632110595703,0.15652529895305634,0.03,1.3850359916687012,-0.14999999999999997,-0.2573748528957367,-0.030853424221277237,-0.3332247734069824,-0.14999999999999997
